Running as unit: transparent-full-burst-881e4e67e21c40a292677e9948b1f305.service

running 1 test
2026-09-09T20:48:39.170447Z DEBUG transparent_shard_server::runtime: runtime stage key=("5b7ee9849d47f5ee67d04eb6ca4588beacf42dce75e5a1b481dfd02607b1fb20", Directory, 0) seconds=4.117e-6 stage="restore_slot"
2026-09-09T20:48:39.170507Z DEBUG transparent_shard_server::runtime: runtime stage key=("1f5d7213a380745d83cc554ad16bdf9e039a0304d0de0b71376828e1838d0ea4", Directory, 0) seconds=2.899e-6 stage="restore_slot"
2026-09-09T20:48:39.170447Z DEBUG transparent_shard_server::runtime: runtime stage key=("5b7ee9849d47f5ee67d04eb6ca4588beacf42dce75e5a1b481dfd02607b1fb20", Pages, 0) seconds=4.765e-6 stage="restore_slot"
2026-09-09T20:48:39.170686Z DEBUG transparent_shard_server::runtime: runtime stage key=("1f5d7213a380745d83cc554ad16bdf9e039a0304d0de0b71376828e1838d0ea4", Pages, 0) seconds=5.52e-7 stage="restore_slot"
2026-09-09T20:48:39.170849Z DEBUG transparent_shard_server::runtime: runtime stage key=("5b7ee9849d47f5ee67d04eb6ca4588beacf42dce75e5a1b481dfd02607b1fb20", Directory, 0) seconds=4.4617e-5 hit=false stage="disk_restore"
2026-09-09T20:48:39.170882Z DEBUG transparent_shard_server::runtime: runtime stage key=("5b7ee9849d47f5ee67d04eb6ca4588beacf42dce75e5a1b481dfd02607b1fb20", Directory, 0) seconds=1.162e-6 stage="build_slot"
2026-09-09T20:48:39.170925Z DEBUG transparent_shard_server::memory: cold build admission wait seconds=3.5674e-5 admitted=true
2026-09-09T20:48:39.170937Z DEBUG transparent_shard_server::runtime: runtime stage key=("5b7ee9849d47f5ee67d04eb6ca4588beacf42dce75e5a1b481dfd02607b1fb20", Pages, 0) seconds=3.1023e-5 hit=false stage="disk_restore"
2026-09-09T20:48:39.170961Z DEBUG transparent_shard_server::runtime: runtime stage key=("5b7ee9849d47f5ee67d04eb6ca4588beacf42dce75e5a1b481dfd02607b1fb20", Pages, 0) seconds=5.66e-7 stage="build_slot"
2026-09-09T20:48:39.171002Z DEBUG transparent_shard_server::memory: cold build admission wait seconds=3.3123e-5 admitted=true
2026-09-09T20:48:39.171092Z DEBUG transparent_shard_server::runtime: runtime stage key=("1f5d7213a380745d83cc554ad16bdf9e039a0304d0de0b71376828e1838d0ea4", Pages, 0) seconds=2.368e-5 hit=false stage="disk_restore"
2026-09-09T20:48:39.171197Z DEBUG transparent_shard_server::runtime: runtime stage key=("1f5d7213a380745d83cc554ad16bdf9e039a0304d0de0b71376828e1838d0ea4", Directory, 0) seconds=1.1692e-5 hit=false stage="disk_restore"
2026-09-09T20:48:39.318038Z DEBUG transparent_shard_server::runtime: runtime stage key=("5b7ee9849d47f5ee67d04eb6ca4588beacf42dce75e5a1b481dfd02607b1fb20", Pages, 0) seconds=0.146927849 stage="source_load"
2026-09-09T20:48:39.321333Z DEBUG transparent_shard_server::runtime: runtime stage key=("5b7ee9849d47f5ee67d04eb6ca4588beacf42dce75e5a1b481dfd02607b1fb20", Directory, 0) seconds=0.150224919 stage="source_load"
2026-09-09T20:48:39.617937Z DEBUG transparent_shard_server::runtime: construction stage geometry="recent-8k" table="pages" seconds=0.299859249 stage="encode_database"
2026-09-09T20:48:39.618039Z DEBUG transparent_shard_server::runtime: construction stage geometry="recent-8k" table="pages" seconds=5.7817e-5 stage="public_setup"
2026-09-09T20:48:39.620224Z DEBUG transparent_shard_server::runtime: construction stage geometry="recent-8k" table="directory" seconds=0.298854226 stage="encode_database"
2026-09-09T20:48:39.620313Z DEBUG transparent_shard_server::runtime: construction stage geometry="recent-8k" table="directory" seconds=6.1775e-5 stage="public_setup"
2026-09-09T20:48:40.655436Z DEBUG transparent_shard_server::runtime: construction stage geometry="recent-8k" table="directory" seconds=1.035117441 stage="hint_columns"
2026-09-09T20:48:40.665250Z DEBUG transparent_shard_server::runtime: construction stage geometry="recent-8k" table="pages" seconds=1.047203791 stage="hint_columns"
2026-09-09T20:48:42.904100Z DEBUG transparent_shard_server::runtime: construction stage geometry="recent-8k" table="pages" seconds=2.23878864 stage="pack_preprocessing"
2026-09-09T20:48:42.904410Z DEBUG transparent_shard_server::runtime: construction stage geometry="recent-8k" table="pages" seconds=0.000270237 stage="publish_parameters"
2026-09-09T20:48:42.904909Z DEBUG transparent_shard_server::runtime: runtime stage key=("5b7ee9849d47f5ee67d04eb6ca4588beacf42dce75e5a1b481dfd02607b1fb20", Pages, 0) seconds=3.586832119 stage="runtime_build"
2026-09-09T20:48:42.907208Z DEBUG transparent_shard_server::runtime: runtime stage key=("1f5d7213a380745d83cc554ad16bdf9e039a0304d0de0b71376828e1838d0ea4", Pages, 0) seconds=3.73609497 stage="build_slot"
2026-09-09T20:48:42.907221Z DEBUG transparent_shard_server::runtime: runtime stage key=("ca7afe810c988a8b4b561668f3456a9f38d1fdbb0776614e07ddfeb1a2132000", Directory, 0) seconds=1.257e-6 stage="restore_slot"
2026-09-09T20:48:42.907303Z DEBUG transparent_shard_server::memory: cold build admission wait seconds=6.8568e-5 admitted=true
2026-09-09T20:48:42.910290Z DEBUG transparent_shard_server::runtime: runtime stage key=("ca7afe810c988a8b4b561668f3456a9f38d1fdbb0776614e07ddfeb1a2132000", Directory, 0) seconds=3.8696e-5 hit=false stage="disk_restore"
2026-09-09T20:48:42.913481Z DEBUG transparent_shard_server::runtime: construction stage geometry="recent-8k" table="directory" seconds=2.2580040710000002 stage="pack_preprocessing"
2026-09-09T20:48:42.913760Z DEBUG transparent_shard_server::runtime: construction stage geometry="recent-8k" table="directory" seconds=0.000258871 stage="publish_parameters"
2026-09-09T20:48:42.914231Z DEBUG transparent_shard_server::runtime: runtime stage key=("5b7ee9849d47f5ee67d04eb6ca4588beacf42dce75e5a1b481dfd02607b1fb20", Directory, 0) seconds=3.592862906 stage="runtime_build"
2026-09-09T20:48:42.915596Z DEBUG transparent_shard_server::runtime: runtime stage key=("1f5d7213a380745d83cc554ad16bdf9e039a0304d0de0b71376828e1838d0ea4", Directory, 0) seconds=3.744376891 stage="build_slot"
2026-09-09T20:48:42.915678Z DEBUG transparent_shard_server::memory: cold build admission wait seconds=6.9764e-5 admitted=true
2026-09-09T20:48:42.917222Z DEBUG transparent_shard_server::runtime: runtime stage key=("ca7afe810c988a8b4b561668f3456a9f38d1fdbb0776614e07ddfeb1a2132000", Pages, 0) seconds=8.53e-7 stage="restore_slot"
2026-09-09T20:48:42.917389Z DEBUG transparent_shard_server::runtime: runtime stage key=("ca7afe810c988a8b4b561668f3456a9f38d1fdbb0776614e07ddfeb1a2132000", Pages, 0) seconds=2.5249e-5 hit=false stage="disk_restore"
2026-09-09T20:48:43.053799Z DEBUG transparent_shard_server::runtime: runtime stage key=("1f5d7213a380745d83cc554ad16bdf9e039a0304d0de0b71376828e1838d0ea4", Directory, 0) seconds=0.136603022 stage="source_load"
2026-09-09T20:48:43.060799Z DEBUG transparent_shard_server::runtime: runtime stage key=("1f5d7213a380745d83cc554ad16bdf9e039a0304d0de0b71376828e1838d0ea4", Pages, 0) seconds=0.150525121 stage="source_load"
2026-09-09T20:48:43.354103Z DEBUG transparent_shard_server::runtime: construction stage geometry="recent-8k" table="directory" seconds=0.300270899 stage="encode_database"
2026-09-09T20:48:43.354213Z DEBUG transparent_shard_server::runtime: construction stage geometry="recent-8k" table="directory" seconds=7.97e-5 stage="public_setup"
2026-09-09T20:48:43.371222Z DEBUG transparent_shard_server::runtime: construction stage geometry="recent-8k" table="pages" seconds=0.310392949 stage="encode_database"
2026-09-09T20:48:43.371309Z DEBUG transparent_shard_server::runtime: construction stage geometry="recent-8k" table="pages" seconds=5.8747e-5 stage="public_setup"
2026-09-09T20:48:43.638258Z DEBUG transparent_shard_server::runtime: runtime stage key=("5b7ee9849d47f5ee67d04eb6ca4588beacf42dce75e5a1b481dfd02607b1fb20", Pages, 0) seconds=0.731840999 stage="disk_save"
2026-09-09T20:48:44.599252Z DEBUG transparent_shard_server::runtime: construction stage geometry="recent-8k" table="pages" seconds=1.2279366569999999 stage="hint_columns"
2026-09-09T20:48:44.614286Z DEBUG transparent_shard_server::runtime: construction stage geometry="recent-8k" table="directory" seconds=1.2600655029999999 stage="hint_columns"
2026-09-09T20:48:44.823705Z DEBUG transparent_shard_server::runtime: runtime stage key=("5b7ee9849d47f5ee67d04eb6ca4588beacf42dce75e5a1b481dfd02607b1fb20", Directory, 0) seconds=1.9064880560000002 stage="disk_save"
2026-09-09T20:48:46.684095Z DEBUG transparent_shard_server::runtime: construction stage geometry="recent-8k" table="pages" seconds=2.084812308 stage="pack_preprocessing"
2026-09-09T20:48:46.684409Z DEBUG transparent_shard_server::runtime: construction stage geometry="recent-8k" table="pages" seconds=0.000274443 stage="publish_parameters"
2026-09-09T20:48:46.684932Z DEBUG transparent_shard_server::runtime: runtime stage key=("1f5d7213a380745d83cc554ad16bdf9e039a0304d0de0b71376828e1838d0ea4", Pages, 0) seconds=3.624104605 stage="runtime_build"
2026-09-09T20:48:46.684974Z DEBUG transparent_shard_server::runtime: runtime stage key=("ca7afe810c988a8b4b561668f3456a9f38d1fdbb0776614e07ddfeb1a2132000", Directory, 0) seconds=3.774647457 stage="build_slot"
2026-09-09T20:48:46.685009Z DEBUG transparent_shard_server::runtime: runtime stage key=("95df7205357fe2d9c962d2b41daded841e05afa7b6fc8d06dfec46ad04e15335", Directory, 0) seconds=1.188e-6 stage="restore_slot"
2026-09-09T20:48:46.685059Z DEBUG transparent_shard_server::memory: cold build admission wait seconds=8.0211e-5 admitted=true
2026-09-09T20:48:46.685212Z DEBUG transparent_shard_server::runtime: runtime stage key=("95df7205357fe2d9c962d2b41daded841e05afa7b6fc8d06dfec46ad04e15335", Directory, 0) seconds=5.0308e-5 hit=false stage="disk_restore"
2026-09-09T20:48:46.829566Z DEBUG transparent_shard_server::runtime: runtime stage key=("ca7afe810c988a8b4b561668f3456a9f38d1fdbb0776614e07ddfeb1a2132000", Directory, 0) seconds=0.14440881 stage="source_load"
2026-09-09T20:48:46.883581Z DEBUG transparent_shard_server::runtime: construction stage geometry="recent-8k" table="directory" seconds=2.269266955 stage="pack_preprocessing"
2026-09-09T20:48:46.883892Z DEBUG transparent_shard_server::runtime: construction stage geometry="recent-8k" table="directory" seconds=0.000282776 stage="publish_parameters"
2026-09-09T20:48:46.884456Z DEBUG transparent_shard_server::runtime: runtime stage key=("1f5d7213a380745d83cc554ad16bdf9e039a0304d0de0b71376828e1838d0ea4", Directory, 0) seconds=3.830626048 stage="runtime_build"
2026-09-09T20:48:46.884507Z DEBUG transparent_shard_server::runtime: runtime stage key=("ca7afe810c988a8b4b561668f3456a9f38d1fdbb0776614e07ddfeb1a2132000", Pages, 0) seconds=3.967099713 stage="build_slot"
2026-09-09T20:48:46.884535Z DEBUG transparent_shard_server::runtime: runtime stage key=("95df7205357fe2d9c962d2b41daded841e05afa7b6fc8d06dfec46ad04e15335", Pages, 0) seconds=1.036e-6 stage="restore_slot"
2026-09-09T20:48:46.884597Z DEBUG transparent_shard_server::memory: cold build admission wait seconds=7.3921e-5 admitted=true
2026-09-09T20:48:46.885248Z DEBUG transparent_shard_server::runtime: runtime stage key=("95df7205357fe2d9c962d2b41daded841e05afa7b6fc8d06dfec46ad04e15335", Pages, 0) seconds=3.5712e-5 hit=false stage="disk_restore"
2026-09-09T20:48:47.033479Z DEBUG transparent_shard_server::runtime: runtime stage key=("ca7afe810c988a8b4b561668f3456a9f38d1fdbb0776614e07ddfeb1a2132000", Pages, 0) seconds=0.144185084 stage="source_load"
2026-09-09T20:48:47.130841Z DEBUG transparent_shard_server::runtime: construction stage geometry="recent-8k" table="directory" seconds=0.301245047 stage="encode_database"
2026-09-09T20:48:47.130952Z DEBUG transparent_shard_server::runtime: construction stage geometry="recent-8k" table="directory" seconds=5.6582e-5 stage="public_setup"
2026-09-09T20:48:47.534148Z DEBUG transparent_shard_server::runtime: construction stage geometry="recent-8k" table="pages" seconds=0.500640894 stage="encode_database"
2026-09-09T20:48:47.537266Z DEBUG transparent_shard_server::runtime: construction stage geometry="recent-8k" table="pages" seconds=7.3595e-5 stage="public_setup"
2026-09-09T20:48:47.571349Z DEBUG transparent_shard_server::runtime: runtime stage key=("1f5d7213a380745d83cc554ad16bdf9e039a0304d0de0b71376828e1838d0ea4", Pages, 0) seconds=0.886243533 stage="disk_save"
2026-09-09T20:48:48.394223Z DEBUG transparent_shard_server::runtime: construction stage geometry="recent-8k" table="directory" seconds=1.2632640290000001 stage="hint_columns"
2026-09-09T20:48:48.397198Z DEBUG transparent_shard_server::runtime: construction stage geometry="recent-8k" table="pages" seconds=0.859923646 stage="hint_columns"
2026-09-09T20:48:48.695696Z DEBUG transparent_shard_server::runtime: runtime stage key=("1f5d7213a380745d83cc554ad16bdf9e039a0304d0de0b71376828e1838d0ea4", Directory, 0) seconds=1.8111743169999999 stage="disk_save"
2026-09-09T20:48:50.517096Z DEBUG transparent_shard_server::runtime: construction stage geometry="recent-8k" table="directory" seconds=2.12283221 stage="pack_preprocessing"
2026-09-09T20:48:50.517458Z DEBUG transparent_shard_server::runtime: construction stage geometry="recent-8k" table="directory" seconds=0.000316764 stage="publish_parameters"
2026-09-09T20:48:50.518081Z DEBUG transparent_shard_server::runtime: runtime stage key=("ca7afe810c988a8b4b561668f3456a9f38d1fdbb0776614e07ddfeb1a2132000", Directory, 0) seconds=3.68848647 stage="runtime_build"
2026-09-09T20:48:50.518141Z DEBUG transparent_shard_server::runtime: runtime stage key=("95df7205357fe2d9c962d2b41daded841e05afa7b6fc8d06dfec46ad04e15335", Directory, 0) seconds=3.830947075 stage="build_slot"
2026-09-09T20:48:50.518250Z DEBUG transparent_shard_server::memory: cold build admission wait seconds=7.7954e-5 admitted=true
2026-09-09T20:48:50.518280Z DEBUG transparent_shard_server::runtime: runtime stage key=("73d46a59d0d03d7616f9a47e53b50448d4c5a3504e6e296600d8884c8c4403b8", Directory, 0) seconds=6.85e-7 stage="restore_slot"
2026-09-09T20:48:50.521257Z DEBUG transparent_shard_server::runtime: runtime stage key=("73d46a59d0d03d7616f9a47e53b50448d4c5a3504e6e296600d8884c8c4403b8", Directory, 0) seconds=4.7315e-5 hit=false stage="disk_restore"
2026-09-09T20:48:50.713547Z DEBUG transparent_shard_server::runtime: runtime stage key=("95df7205357fe2d9c962d2b41daded841e05afa7b6fc8d06dfec46ad04e15335", Directory, 0) seconds=0.195224147 stage="source_load"
2026-09-09T20:48:51.021396Z DEBUG transparent_shard_server::runtime: construction stage geometry="recent-8k" table="directory" seconds=0.307813632 stage="encode_database"
2026-09-09T20:48:51.021494Z DEBUG transparent_shard_server::runtime: construction stage geometry="recent-8k" table="directory" seconds=6.6651e-5 stage="public_setup"
2026-09-09T20:48:51.267206Z DEBUG transparent_shard_server::runtime: runtime stage key=("ca7afe810c988a8b4b561668f3456a9f38d1fdbb0776614e07ddfeb1a2132000", Directory, 0) seconds=0.749079064 stage="disk_save"
2026-09-09T20:48:51.889061Z DEBUG transparent_shard_server::runtime: construction stage geometry="recent-8k" table="directory" seconds=0.867558537 stage="hint_columns"
2026-09-09T20:48:51.891781Z DEBUG transparent_shard_server::runtime: construction stage geometry="recent-8k" table="pages" seconds=3.494564379 stage="pack_preprocessing"
2026-09-09T20:48:51.892119Z DEBUG transparent_shard_server::runtime: construction stage geometry="recent-8k" table="pages" seconds=0.000304599 stage="publish_parameters"
2026-09-09T20:48:51.892626Z DEBUG transparent_shard_server::runtime: runtime stage key=("ca7afe810c988a8b4b561668f3456a9f38d1fdbb0776614e07ddfeb1a2132000", Pages, 0) seconds=4.859120311 stage="runtime_build"
2026-09-09T20:48:51.895248Z DEBUG transparent_shard_server::runtime: runtime stage key=("95df7205357fe2d9c962d2b41daded841e05afa7b6fc8d06dfec46ad04e15335", Pages, 0) seconds=5.009968767 stage="build_slot"
2026-09-09T20:48:51.895295Z DEBUG transparent_shard_server::runtime: runtime stage key=("73d46a59d0d03d7616f9a47e53b50448d4c5a3504e6e296600d8884c8c4403b8", Pages, 0) seconds=1.286e-6 stage="restore_slot"
2026-09-09T20:48:51.895357Z DEBUG transparent_shard_server::memory: cold build admission wait seconds=8.4753e-5 admitted=true
2026-09-09T20:48:51.895512Z DEBUG transparent_shard_server::runtime: runtime stage key=("73d46a59d0d03d7616f9a47e53b50448d4c5a3504e6e296600d8884c8c4403b8", Pages, 0) seconds=3.6537e-5 hit=false stage="disk_restore"
2026-09-09T20:48:52.031246Z DEBUG transparent_shard_server::runtime: runtime stage key=("95df7205357fe2d9c962d2b41daded841e05afa7b6fc8d06dfec46ad04e15335", Pages, 0) seconds=0.135839599 stage="source_load"
2026-09-09T20:48:52.321433Z DEBUG transparent_shard_server::runtime: construction stage geometry="recent-8k" table="pages" seconds=0.290136939 stage="encode_database"
2026-09-09T20:48:52.321547Z DEBUG transparent_shard_server::runtime: construction stage geometry="recent-8k" table="pages" seconds=7.888e-5 stage="public_setup"
2026-09-09T20:48:52.617196Z DEBUG transparent_shard_server::runtime: runtime stage key=("ca7afe810c988a8b4b561668f3456a9f38d1fdbb0776614e07ddfeb1a2132000", Pages, 0) seconds=0.724518517 stage="disk_save"
2026-09-09T20:48:53.115281Z DEBUG transparent_shard_server::runtime: construction stage geometry="recent-8k" table="pages" seconds=0.79372417 stage="hint_columns"
2026-09-09T20:48:54.287678Z DEBUG transparent_shard_server::runtime: construction stage geometry="recent-8k" table="directory" seconds=2.398573665 stage="pack_preprocessing"
2026-09-09T20:48:54.287993Z DEBUG transparent_shard_server::runtime: construction stage geometry="recent-8k" table="directory" seconds=0.00027757 stage="publish_parameters"
2026-09-09T20:48:54.291587Z DEBUG transparent_shard_server::runtime: runtime stage key=("95df7205357fe2d9c962d2b41daded841e05afa7b6fc8d06dfec46ad04e15335", Directory, 0) seconds=3.578005944 stage="runtime_build"
2026-09-09T20:48:54.295202Z DEBUG transparent_shard_server::runtime: runtime stage key=("73d46a59d0d03d7616f9a47e53b50448d4c5a3504e6e296600d8884c8c4403b8", Directory, 0) seconds=3.770980592 stage="build_slot"
2026-09-09T20:48:54.295290Z DEBUG transparent_shard_server::memory: cold build admission wait seconds=6.6641e-5 admitted=true
2026-09-09T20:48:54.295308Z DEBUG transparent_shard_server::runtime: runtime stage key=("b16be2933ab920bc4745ea8917e5167a7a685c211e0b4febe88b4d3018f970bc", Directory, 0) seconds=5.76e-7 stage="restore_slot"
2026-09-09T20:48:54.295406Z DEBUG transparent_shard_server::runtime: runtime stage key=("b16be2933ab920bc4745ea8917e5167a7a685c211e0b4febe88b4d3018f970bc", Directory, 0) seconds=3.3652e-5 hit=false stage="disk_restore"
2026-09-09T20:48:54.476193Z DEBUG transparent_shard_server::runtime: runtime stage key=("73d46a59d0d03d7616f9a47e53b50448d4c5a3504e6e296600d8884c8c4403b8", Directory, 0) seconds=0.180867352 stage="source_load"
2026-09-09T20:48:54.764992Z DEBUG transparent_shard_server::runtime: construction stage geometry="recent-8k" table="directory" seconds=0.288768489 stage="encode_database"
2026-09-09T20:48:54.765091Z DEBUG transparent_shard_server::runtime: construction stage geometry="recent-8k" table="directory" seconds=7.1185e-5 stage="public_setup"
2026-09-09T20:48:55.235211Z DEBUG transparent_shard_server::runtime: runtime stage key=("95df7205357fe2d9c962d2b41daded841e05afa7b6fc8d06dfec46ad04e15335", Directory, 0) seconds=0.943562487 stage="disk_save"
2026-09-09T20:48:55.329601Z DEBUG transparent_shard_server::runtime: construction stage geometry="recent-8k" table="pages" seconds=2.214276934 stage="pack_preprocessing"
2026-09-09T20:48:55.329903Z DEBUG transparent_shard_server::runtime: construction stage geometry="recent-8k" table="pages" seconds=0.000262433 stage="publish_parameters"
2026-09-09T20:48:55.333522Z DEBUG transparent_shard_server::runtime: runtime stage key=("95df7205357fe2d9c962d2b41daded841e05afa7b6fc8d06dfec46ad04e15335", Pages, 0) seconds=3.302226719 stage="runtime_build"
2026-09-09T20:48:55.336199Z DEBUG transparent_shard_server::runtime: runtime stage key=("73d46a59d0d03d7616f9a47e53b50448d4c5a3504e6e296600d8884c8c4403b8", Pages, 0) seconds=3.440653066 stage="build_slot"
2026-09-09T20:48:55.336225Z DEBUG transparent_shard_server::runtime: runtime stage key=("b16be2933ab920bc4745ea8917e5167a7a685c211e0b4febe88b4d3018f970bc", Pages, 0) seconds=1.038e-6 stage="restore_slot"
2026-09-09T20:48:55.336292Z DEBUG transparent_shard_server::memory: cold build admission wait seconds=7.1363e-5 admitted=true
2026-09-09T20:48:55.336335Z DEBUG transparent_shard_server::runtime: runtime stage key=("b16be2933ab920bc4745ea8917e5167a7a685c211e0b4febe88b4d3018f970bc", Pages, 0) seconds=3.0798e-5 hit=false stage="disk_restore"
2026-09-09T20:48:55.658215Z DEBUG transparent_shard_server::runtime: construction stage geometry="recent-8k" table="directory" seconds=0.893117476 stage="hint_columns"
2026-09-09T20:48:55.680168Z DEBUG transparent_shard_server::runtime: runtime stage key=("73d46a59d0d03d7616f9a47e53b50448d4c5a3504e6e296600d8884c8c4403b8", Pages, 0) seconds=0.339993755 stage="source_load"
2026-09-09T20:48:55.968010Z DEBUG transparent_shard_server::runtime: construction stage geometry="recent-8k" table="pages" seconds=0.287805716 stage="encode_database"
2026-09-09T20:48:55.968116Z DEBUG transparent_shard_server::runtime: construction stage geometry="recent-8k" table="pages" seconds=7.1942e-5 stage="public_setup"
2026-09-09T20:48:56.256550Z DEBUG transparent_shard_server::runtime: runtime stage key=("95df7205357fe2d9c962d2b41daded841e05afa7b6fc8d06dfec46ad04e15335", Pages, 0) seconds=0.922970881 stage="disk_save"
2026-09-09T20:48:56.778255Z DEBUG transparent_shard_server::runtime: construction stage geometry="recent-8k" table="pages" seconds=0.810132456 stage="hint_columns"
2026-09-09T20:48:57.934434Z DEBUG transparent_shard_server::runtime: construction stage geometry="recent-8k" table="directory" seconds=2.276186293 stage="pack_preprocessing"
2026-09-09T20:48:57.934746Z DEBUG transparent_shard_server::runtime: construction stage geometry="recent-8k" table="directory" seconds=0.000274678 stage="publish_parameters"
2026-09-09T20:48:57.935326Z DEBUG transparent_shard_server::runtime: runtime stage key=("73d46a59d0d03d7616f9a47e53b50448d4c5a3504e6e296600d8884c8c4403b8", Directory, 0) seconds=3.459105773 stage="runtime_build"
2026-09-09T20:48:57.935389Z DEBUG transparent_shard_server::runtime: runtime stage key=("b16be2933ab920bc4745ea8917e5167a7a685c211e0b4febe88b4d3018f970bc", Directory, 0) seconds=3.639939859 stage="build_slot"
2026-09-09T20:48:57.935497Z DEBUG transparent_shard_server::memory: cold build admission wait seconds=8.2081e-5 admitted=true
2026-09-09T20:48:57.938321Z DEBUG transparent_shard_server::runtime: runtime stage key=("16b8227360ce35dd2e111156f5e31fd5eb500ff877879a212fef6cf8471de8a5", Directory, 0) seconds=1.215e-6 stage="restore_slot"
2026-09-09T20:48:57.938434Z DEBUG transparent_shard_server::runtime: runtime stage key=("16b8227360ce35dd2e111156f5e31fd5eb500ff877879a212fef6cf8471de8a5", Directory, 0) seconds=3.3461e-5 hit=false stage="disk_restore"
2026-09-09T20:48:58.138402Z DEBUG transparent_shard_server::runtime: runtime stage key=("b16be2933ab920bc4745ea8917e5167a7a685c211e0b4febe88b4d3018f970bc", Directory, 0) seconds=0.202882312 stage="source_load"
2026-09-09T20:48:58.430369Z DEBUG transparent_shard_server::runtime: construction stage geometry="recent-8k" table="directory" seconds=0.291934757 stage="encode_database"
2026-09-09T20:48:58.430466Z DEBUG transparent_shard_server::runtime: construction stage geometry="recent-8k" table="directory" seconds=6.7712e-5 stage="public_setup"
2026-09-09T20:48:58.883329Z DEBUG transparent_shard_server::runtime: runtime stage key=("73d46a59d0d03d7616f9a47e53b50448d4c5a3504e6e296600d8884c8c4403b8", Directory, 0) seconds=0.947962108 stage="disk_save"
2026-09-09T20:48:58.994656Z DEBUG transparent_shard_server::runtime: construction stage geometry="recent-8k" table="pages" seconds=2.21635864 stage="pack_preprocessing"
2026-09-09T20:48:58.994931Z DEBUG transparent_shard_server::runtime: construction stage geometry="recent-8k" table="pages" seconds=0.000237213 stage="publish_parameters"
2026-09-09T20:48:58.998553Z DEBUG transparent_shard_server::runtime: runtime stage key=("73d46a59d0d03d7616f9a47e53b50448d4c5a3504e6e296600d8884c8c4403b8", Pages, 0) seconds=3.318350442 stage="runtime_build"
2026-09-09T20:48:58.998619Z DEBUG transparent_shard_server::runtime: runtime stage key=("b16be2933ab920bc4745ea8917e5167a7a685c211e0b4febe88b4d3018f970bc", Pages, 0) seconds=3.662253858 stage="build_slot"
2026-09-09T20:48:58.998702Z DEBUG transparent_shard_server::memory: cold build admission wait seconds=7.7114e-5 admitted=true
2026-09-09T20:48:59.001200Z DEBUG transparent_shard_server::runtime: runtime stage key=("16b8227360ce35dd2e111156f5e31fd5eb500ff877879a212fef6cf8471de8a5", Pages, 0) seconds=1.685e-6 stage="restore_slot"
2026-09-09T20:48:59.004201Z DEBUG transparent_shard_server::runtime: runtime stage key=("16b8227360ce35dd2e111156f5e31fd5eb500ff877879a212fef6cf8471de8a5", Pages, 0) seconds=2.9938e-5 hit=false stage="disk_restore"
2026-09-09T20:48:59.285285Z DEBUG transparent_shard_server::runtime: runtime stage key=("b16be2933ab920bc4745ea8917e5167a7a685c211e0b4febe88b4d3018f970bc", Pages, 0) seconds=0.286548678 stage="source_load"
2026-09-09T20:48:59.378991Z DEBUG transparent_shard_server::runtime: construction stage geometry="recent-8k" table="directory" seconds=0.948517445 stage="hint_columns"
2026-09-09T20:48:59.636704Z DEBUG transparent_shard_server::runtime: construction stage geometry="recent-8k" table="pages" seconds=0.351390105 stage="encode_database"
2026-09-09T20:48:59.636802Z DEBUG transparent_shard_server::runtime: construction stage geometry="recent-8k" table="pages" seconds=7.0854e-5 stage="public_setup"
2026-09-09T20:48:59.897189Z DEBUG transparent_shard_server::runtime: runtime stage key=("73d46a59d0d03d7616f9a47e53b50448d4c5a3504e6e296600d8884c8c4403b8", Pages, 0) seconds=0.898446913 stage="disk_save"
2026-09-09T20:49:00.458200Z DEBUG transparent_shard_server::runtime: construction stage geometry="recent-8k" table="pages" seconds=0.821392052 stage="hint_columns"
2026-09-09T20:49:01.612447Z DEBUG transparent_shard_server::runtime: construction stage geometry="recent-8k" table="directory" seconds=2.233427127 stage="pack_preprocessing"
2026-09-09T20:49:01.612756Z DEBUG transparent_shard_server::runtime: construction stage geometry="recent-8k" table="directory" seconds=0.000264346 stage="publish_parameters"
2026-09-09T20:49:01.613450Z DEBUG transparent_shard_server::runtime: runtime stage key=("b16be2933ab920bc4745ea8917e5167a7a685c211e0b4febe88b4d3018f970bc", Directory, 0) seconds=3.475018016 stage="runtime_build"
2026-09-09T20:49:01.613515Z DEBUG transparent_shard_server::runtime: runtime stage key=("16b8227360ce35dd2e111156f5e31fd5eb500ff877879a212fef6cf8471de8a5", Directory, 0) seconds=3.675038981 stage="build_slot"
2026-09-09T20:49:01.613554Z DEBUG transparent_shard_server::runtime: runtime stage key=("1cd27964911287b2a127c1f8df5e6b0c19f5b4db309391c5adb2db3072bfec6e", Directory, 0) seconds=1.27e-6 stage="restore_slot"
2026-09-09T20:49:01.613618Z DEBUG transparent_shard_server::memory: cold build admission wait seconds=7.5503e-5 admitted=true
2026-09-09T20:49:01.613667Z DEBUG transparent_shard_server::runtime: runtime stage key=("1cd27964911287b2a127c1f8df5e6b0c19f5b4db309391c5adb2db3072bfec6e", Directory, 0) seconds=2.3676e-5 hit=false stage="disk_restore"
2026-09-09T20:49:01.831620Z DEBUG transparent_shard_server::runtime: runtime stage key=("16b8227360ce35dd2e111156f5e31fd5eb500ff877879a212fef6cf8471de8a5", Directory, 0) seconds=0.217980199 stage="source_load"
2026-09-09T20:49:02.126347Z DEBUG transparent_shard_server::runtime: construction stage geometry="recent-8k" table="directory" seconds=0.2946901 stage="encode_database"
2026-09-09T20:49:02.126448Z DEBUG transparent_shard_server::runtime: construction stage geometry="recent-8k" table="directory" seconds=6.9626e-5 stage="public_setup"
2026-09-09T20:49:02.425320Z DEBUG transparent_shard_server::runtime: runtime stage key=("b16be2933ab920bc4745ea8917e5167a7a685c211e0b4febe88b4d3018f970bc", Directory, 0) seconds=0.811802954 stage="disk_save"
2026-09-09T20:49:02.987813Z DEBUG transparent_shard_server::runtime: construction stage geometry="recent-8k" table="directory" seconds=0.861357262 stage="hint_columns"
2026-09-09T20:49:02.990273Z DEBUG transparent_shard_server::runtime: construction stage geometry="recent-8k" table="pages" seconds=2.532029467 stage="pack_preprocessing"
2026-09-09T20:49:02.990562Z DEBUG transparent_shard_server::runtime: construction stage geometry="recent-8k" table="pages" seconds=0.000258175 stage="publish_parameters"
2026-09-09T20:49:02.991105Z DEBUG transparent_shard_server::runtime: runtime stage key=("b16be2933ab920bc4745ea8917e5167a7a685c211e0b4febe88b4d3018f970bc", Pages, 0) seconds=3.705793612 stage="runtime_build"
2026-09-09T20:49:02.994218Z DEBUG transparent_shard_server::runtime: runtime stage key=("16b8227360ce35dd2e111156f5e31fd5eb500ff877879a212fef6cf8471de8a5", Pages, 0) seconds=3.989979649 stage="build_slot"
2026-09-09T20:49:02.994248Z DEBUG transparent_shard_server::runtime: runtime stage key=("1cd27964911287b2a127c1f8df5e6b0c19f5b4db309391c5adb2db3072bfec6e", Pages, 0) seconds=2.001e-6 stage="restore_slot"
2026-09-09T20:49:02.994306Z DEBUG transparent_shard_server::memory: cold build admission wait seconds=7.0094e-5 admitted=true
2026-09-09T20:49:02.997239Z DEBUG transparent_shard_server::runtime: runtime stage key=("1cd27964911287b2a127c1f8df5e6b0c19f5b4db309391c5adb2db3072bfec6e", Pages, 0) seconds=2.7529e-5 hit=false stage="disk_restore"
2026-09-09T20:49:03.134242Z DEBUG transparent_shard_server::runtime: runtime stage key=("16b8227360ce35dd2e111156f5e31fd5eb500ff877879a212fef6cf8471de8a5", Pages, 0) seconds=0.137043732 stage="source_load"
2026-09-09T20:49:03.426788Z DEBUG transparent_shard_server::runtime: construction stage geometry="recent-8k" table="pages" seconds=0.292512133 stage="encode_database"
2026-09-09T20:49:03.426894Z DEBUG transparent_shard_server::runtime: construction stage geometry="recent-8k" table="pages" seconds=7.4272e-5 stage="public_setup"
2026-09-09T20:49:03.903665Z DEBUG transparent_shard_server::runtime: runtime stage key=("b16be2933ab920bc4745ea8917e5167a7a685c211e0b4febe88b4d3018f970bc", Pages, 0) seconds=0.912414587 stage="disk_save"
2026-09-09T20:49:04.196927Z DEBUG transparent_shard_server::runtime: construction stage geometry="recent-8k" table="pages" seconds=0.770026395 stage="hint_columns"
2026-09-09T20:49:05.361674Z DEBUG transparent_shard_server::runtime: construction stage geometry="recent-8k" table="directory" seconds=2.373820255 stage="pack_preprocessing"
2026-09-09T20:49:05.361985Z DEBUG transparent_shard_server::runtime: construction stage geometry="recent-8k" table="directory" seconds=0.000267325 stage="publish_parameters"
2026-09-09T20:49:05.362571Z DEBUG transparent_shard_server::runtime: runtime stage key=("16b8227360ce35dd2e111156f5e31fd5eb500ff877879a212fef6cf8471de8a5", Directory, 0) seconds=3.5309147210000003 stage="runtime_build"
2026-09-09T20:49:05.364213Z DEBUG transparent_shard_server::runtime: runtime stage key=("1cd27964911287b2a127c1f8df5e6b0c19f5b4db309391c5adb2db3072bfec6e", Directory, 0) seconds=3.750522162 stage="build_slot"
2026-09-09T20:49:05.364272Z DEBUG transparent_shard_server::runtime: runtime stage key=("27f56c565263ecffb8c7736d4e811665d81bf4ed71c7978431fcc4f45b645ee1", Directory, 0) seconds=1.309e-6 stage="restore_slot"
2026-09-09T20:49:05.364312Z DEBUG transparent_shard_server::memory: cold build admission wait seconds=7.4043e-5 admitted=true
2026-09-09T20:49:05.364385Z DEBUG transparent_shard_server::runtime: runtime stage key=("27f56c565263ecffb8c7736d4e811665d81bf4ed71c7978431fcc4f45b645ee1", Directory, 0) seconds=2.4837e-5 hit=false stage="disk_restore"
2026-09-09T20:49:05.512220Z DEBUG transparent_shard_server::runtime: runtime stage key=("1cd27964911287b2a127c1f8df5e6b0c19f5b4db309391c5adb2db3072bfec6e", Directory, 0) seconds=0.147884898 stage="source_load"
2026-09-09T20:49:05.806340Z DEBUG transparent_shard_server::runtime: construction stage geometry="recent-8k" table="directory" seconds=0.29409017 stage="encode_database"
2026-09-09T20:49:05.806446Z DEBUG transparent_shard_server::runtime: construction stage geometry="recent-8k" table="directory" seconds=7.7521e-5 stage="public_setup"
2026-09-09T20:49:06.160364Z DEBUG transparent_shard_server::runtime: runtime stage key=("16b8227360ce35dd2e111156f5e31fd5eb500ff877879a212fef6cf8471de8a5", Directory, 0) seconds=0.797643965 stage="disk_save"
2026-09-09T20:49:06.598863Z DEBUG transparent_shard_server::runtime: construction stage geometry="recent-8k" table="pages" seconds=2.401891943 stage="pack_preprocessing"
2026-09-09T20:49:06.602197Z DEBUG transparent_shard_server::runtime: construction stage geometry="recent-8k" table="pages" seconds=0.000263789 stage="publish_parameters"
2026-09-09T20:49:06.602755Z DEBUG transparent_shard_server::runtime: runtime stage key=("16b8227360ce35dd2e111156f5e31fd5eb500ff877879a212fef6cf8471de8a5", Pages, 0) seconds=3.468481306 stage="runtime_build"
2026-09-09T20:49:06.602807Z DEBUG transparent_shard_server::runtime: runtime stage key=("1cd27964911287b2a127c1f8df5e6b0c19f5b4db309391c5adb2db3072bfec6e", Pages, 0) seconds=3.605547841 stage="build_slot"
2026-09-09T20:49:06.602954Z DEBUG transparent_shard_server::runtime: runtime stage key=("27f56c565263ecffb8c7736d4e811665d81bf4ed71c7978431fcc4f45b645ee1", Pages, 0) seconds=9.88e-7 stage="restore_slot"
2026-09-09T20:49:06.602968Z DEBUG transparent_shard_server::memory: cold build admission wait seconds=0.000142596 admitted=true
2026-09-09T20:49:06.607220Z DEBUG transparent_shard_server::runtime: runtime stage key=("27f56c565263ecffb8c7736d4e811665d81bf4ed71c7978431fcc4f45b645ee1", Pages, 0) seconds=3.5543e-5 hit=false stage="disk_restore"
2026-09-09T20:49:06.737353Z DEBUG transparent_shard_server::runtime: construction stage geometry="recent-8k" table="directory" seconds=0.930900799 stage="hint_columns"
2026-09-09T20:49:06.799546Z DEBUG transparent_shard_server::runtime: runtime stage key=("1cd27964911287b2a127c1f8df5e6b0c19f5b4db309391c5adb2db3072bfec6e", Pages, 0) seconds=0.195353811 stage="source_load"
2026-09-09T20:49:07.090405Z DEBUG transparent_shard_server::runtime: construction stage geometry="recent-8k" table="pages" seconds=0.290820462 stage="encode_database"
2026-09-09T20:49:07.090518Z DEBUG transparent_shard_server::runtime: construction stage geometry="recent-8k" table="pages" seconds=7.3065e-5 stage="public_setup"
2026-09-09T20:49:07.395624Z DEBUG transparent_shard_server::runtime: runtime stage key=("16b8227360ce35dd2e111156f5e31fd5eb500ff877879a212fef6cf8471de8a5", Pages, 0) seconds=0.792822286 stage="disk_save"
2026-09-09T20:49:07.914212Z DEBUG transparent_shard_server::runtime: construction stage geometry="recent-8k" table="pages" seconds=0.823685545 stage="hint_columns"
2026-09-09T20:49:09.093752Z DEBUG transparent_shard_server::runtime: construction stage geometry="recent-8k" table="directory" seconds=2.3563624069999998 stage="pack_preprocessing"
2026-09-09T20:49:09.094057Z DEBUG transparent_shard_server::runtime: construction stage geometry="recent-8k" table="directory" seconds=0.000265732 stage="publish_parameters"
2026-09-09T20:49:09.094737Z DEBUG transparent_shard_server::runtime: runtime stage key=("1cd27964911287b2a127c1f8df5e6b0c19f5b4db309391c5adb2db3072bfec6e", Directory, 0) seconds=3.582488384 stage="runtime_build"
2026-09-09T20:49:09.094781Z DEBUG transparent_shard_server::runtime: runtime stage key=("27f56c565263ecffb8c7736d4e811665d81bf4ed71c7978431fcc4f45b645ee1", Directory, 0) seconds=3.730381985 stage="build_slot"
2026-09-09T20:49:09.094869Z DEBUG transparent_shard_server::memory: cold build admission wait seconds=8.2595e-5 admitted=true
2026-09-09T20:49:09.098238Z DEBUG transparent_shard_server::runtime: runtime stage key=("ced665ae1f1140944bcd0c9aa2b83c1019df768df87fa513f9509106fc5b88c1", Directory, 0) seconds=2.245e-6 stage="restore_slot"
2026-09-09T20:49:09.098382Z DEBUG transparent_shard_server::runtime: runtime stage key=("ced665ae1f1140944bcd0c9aa2b83c1019df768df87fa513f9509106fc5b88c1", Directory, 0) seconds=3.9287e-5 hit=false stage="disk_restore"
2026-09-09T20:49:09.284228Z DEBUG transparent_shard_server::runtime: runtime stage key=("27f56c565263ecffb8c7736d4e811665d81bf4ed71c7978431fcc4f45b645ee1", Directory, 0) seconds=0.189319862 stage="source_load"
2026-09-09T20:49:09.575810Z DEBUG transparent_shard_server::runtime: construction stage geometry="recent-8k" table="directory" seconds=0.291545567 stage="encode_database"
2026-09-09T20:49:09.575922Z DEBUG transparent_shard_server::runtime: construction stage geometry="recent-8k" table="directory" seconds=7.7751e-5 stage="public_setup"
2026-09-09T20:49:09.866586Z DEBUG transparent_shard_server::runtime: runtime stage key=("1cd27964911287b2a127c1f8df5e6b0c19f5b4db309391c5adb2db3072bfec6e", Directory, 0) seconds=0.771674046 stage="disk_save"
2026-09-09T20:49:10.438417Z DEBUG transparent_shard_server::runtime: construction stage geometry="recent-8k" table="directory" seconds=0.862464601 stage="hint_columns"
2026-09-09T20:49:10.440824Z DEBUG transparent_shard_server::runtime: construction stage geometry="recent-8k" table="pages" seconds=2.5265692189999998 stage="pack_preprocessing"
2026-09-09T20:49:10.441115Z DEBUG transparent_shard_server::runtime: construction stage geometry="recent-8k" table="pages" seconds=0.000265381 stage="publish_parameters"
2026-09-09T20:49:10.441662Z DEBUG transparent_shard_server::runtime: runtime stage key=("1cd27964911287b2a127c1f8df5e6b0c19f5b4db309391c5adb2db3072bfec6e", Pages, 0) seconds=3.6420803360000003 stage="runtime_build"
2026-09-09T20:49:10.445191Z DEBUG transparent_shard_server::runtime: runtime stage key=("27f56c565263ecffb8c7736d4e811665d81bf4ed71c7978431fcc4f45b645ee1", Pages, 0) seconds=3.83793925 stage="build_slot"
2026-09-09T20:49:10.445233Z DEBUG transparent_shard_server::runtime: runtime stage key=("ced665ae1f1140944bcd0c9aa2b83c1019df768df87fa513f9509106fc5b88c1", Pages, 0) seconds=1.305e-6 stage="restore_slot"
2026-09-09T20:49:10.445300Z DEBUG transparent_shard_server::memory: cold build admission wait seconds=8.9012e-5 admitted=true
2026-09-09T20:49:10.448211Z DEBUG transparent_shard_server::runtime: runtime stage key=("ced665ae1f1140944bcd0c9aa2b83c1019df768df87fa513f9509106fc5b88c1", Pages, 0) seconds=3.6176e-5 hit=false stage="disk_restore"
2026-09-09T20:49:10.583291Z DEBUG transparent_shard_server::runtime: runtime stage key=("27f56c565263ecffb8c7736d4e811665d81bf4ed71c7978431fcc4f45b645ee1", Pages, 0) seconds=0.13796959 stage="source_load"
2026-09-09T20:49:10.878139Z DEBUG transparent_shard_server::runtime: construction stage geometry="recent-8k" table="pages" seconds=0.294814259 stage="encode_database"
2026-09-09T20:49:10.878253Z DEBUG transparent_shard_server::runtime: construction stage geometry="recent-8k" table="pages" seconds=8.1767e-5 stage="public_setup"
2026-09-09T20:49:11.172780Z DEBUG transparent_shard_server::runtime: runtime stage key=("1cd27964911287b2a127c1f8df5e6b0c19f5b4db309391c5adb2db3072bfec6e", Pages, 0) seconds=0.730972602 stage="disk_save"
2026-09-09T20:49:11.665202Z DEBUG transparent_shard_server::runtime: construction stage geometry="recent-8k" table="pages" seconds=0.786940088 stage="hint_columns"
2026-09-09T20:49:12.820930Z DEBUG transparent_shard_server::runtime: construction stage geometry="recent-8k" table="directory" seconds=2.382465153 stage="pack_preprocessing"
2026-09-09T20:49:12.821238Z DEBUG transparent_shard_server::runtime: construction stage geometry="recent-8k" table="directory" seconds=0.00026702 stage="publish_parameters"
2026-09-09T20:49:12.821776Z DEBUG transparent_shard_server::runtime: runtime stage key=("27f56c565263ecffb8c7736d4e811665d81bf4ed71c7978431fcc4f45b645ee1", Directory, 0) seconds=3.5375133979999998 stage="runtime_build"
2026-09-09T20:49:12.825187Z DEBUG transparent_shard_server::runtime: runtime stage key=("ced665ae1f1140944bcd0c9aa2b83c1019df768df87fa513f9509106fc5b88c1", Directory, 0) seconds=3.726765907 stage="build_slot"
2026-09-09T20:49:12.825218Z DEBUG transparent_shard_server::runtime: runtime stage key=("2d4497bf9e8bafc6139ee4e57114238a7ecfa0782702939922bf2a79b1fe05bf", Directory, 0) seconds=1.446e-6 stage="restore_slot"
2026-09-09T20:49:12.825284Z DEBUG transparent_shard_server::memory: cold build admission wait seconds=7.854e-5 admitted=true
2026-09-09T20:49:12.825443Z DEBUG transparent_shard_server::runtime: runtime stage key=("2d4497bf9e8bafc6139ee4e57114238a7ecfa0782702939922bf2a79b1fe05bf", Directory, 0) seconds=2.9737e-5 hit=false stage="disk_restore"
2026-09-09T20:49:13.009315Z DEBUG transparent_shard_server::runtime: runtime stage key=("ced665ae1f1140944bcd0c9aa2b83c1019df768df87fa513f9509106fc5b88c1", Directory, 0) seconds=0.183915246 stage="source_load"
2026-09-09T20:49:13.305303Z DEBUG transparent_shard_server::runtime: construction stage geometry="recent-8k" table="directory" seconds=0.295948879 stage="encode_database"
2026-09-09T20:49:13.305400Z DEBUG transparent_shard_server::runtime: construction stage geometry="recent-8k" table="directory" seconds=7.0464e-5 stage="public_setup"
2026-09-09T20:49:13.597193Z DEBUG transparent_shard_server::runtime: runtime stage key=("27f56c565263ecffb8c7736d4e811665d81bf4ed71c7978431fcc4f45b645ee1", Directory, 0) seconds=0.775292468 stage="disk_save"
2026-09-09T20:49:13.977615Z DEBUG transparent_shard_server::runtime: construction stage geometry="recent-8k" table="pages" seconds=2.31236715 stage="pack_preprocessing"
2026-09-09T20:49:13.978016Z DEBUG transparent_shard_server::runtime: construction stage geometry="recent-8k" table="pages" seconds=0.000367783 stage="publish_parameters"
2026-09-09T20:49:13.981583Z DEBUG transparent_shard_server::runtime: runtime stage key=("27f56c565263ecffb8c7736d4e811665d81bf4ed71c7978431fcc4f45b645ee1", Pages, 0) seconds=3.398258662 stage="runtime_build"
2026-09-09T20:49:13.981637Z DEBUG transparent_shard_server::runtime: runtime stage key=("ced665ae1f1140944bcd0c9aa2b83c1019df768df87fa513f9509106fc5b88c1", Pages, 0) seconds=3.530440393 stage="build_slot"
2026-09-09T20:49:13.981723Z DEBUG transparent_shard_server::memory: cold build admission wait seconds=6.7057e-5 admitted=true
2026-09-09T20:49:13.981746Z DEBUG transparent_shard_server::runtime: runtime stage key=("2d4497bf9e8bafc6139ee4e57114238a7ecfa0782702939922bf2a79b1fe05bf", Pages, 0) seconds=5.82e-7 stage="restore_slot"
2026-09-09T20:49:13.984215Z DEBUG transparent_shard_server::runtime: runtime stage key=("2d4497bf9e8bafc6139ee4e57114238a7ecfa0782702939922bf2a79b1fe05bf", Pages, 0) seconds=3.4683e-5 hit=false stage="disk_restore"
2026-09-09T20:49:14.217222Z DEBUG transparent_shard_server::runtime: construction stage geometry="recent-8k" table="directory" seconds=0.911816598 stage="hint_columns"
2026-09-09T20:49:14.222518Z DEBUG transparent_shard_server::runtime: runtime stage key=("ced665ae1f1140944bcd0c9aa2b83c1019df768df87fa513f9509106fc5b88c1", Pages, 0) seconds=0.240722044 stage="source_load"
2026-09-09T20:49:14.512509Z DEBUG transparent_shard_server::runtime: construction stage geometry="recent-8k" table="pages" seconds=0.28996483 stage="encode_database"
2026-09-09T20:49:14.512612Z DEBUG transparent_shard_server::runtime: construction stage geometry="recent-8k" table="pages" seconds=7.2832e-5 stage="public_setup"
2026-09-09T20:49:14.800643Z DEBUG transparent_shard_server::runtime: runtime stage key=("27f56c565263ecffb8c7736d4e811665d81bf4ed71c7978431fcc4f45b645ee1", Pages, 0) seconds=0.819011052 stage="disk_save"
2026-09-09T20:49:15.340214Z DEBUG transparent_shard_server::runtime: construction stage geometry="recent-8k" table="pages" seconds=0.827595564 stage="hint_columns"
2026-09-09T20:49:16.461809Z DEBUG transparent_shard_server::runtime: construction stage geometry="recent-8k" table="directory" seconds=2.244558415 stage="pack_preprocessing"
2026-09-09T20:49:16.462101Z DEBUG transparent_shard_server::runtime: construction stage geometry="recent-8k" table="directory" seconds=0.00025492 stage="publish_parameters"
2026-09-09T20:49:16.462733Z DEBUG transparent_shard_server::runtime: runtime stage key=("ced665ae1f1140944bcd0c9aa2b83c1019df768df87fa513f9509106fc5b88c1", Directory, 0) seconds=3.453381969 stage="runtime_build"
2026-09-09T20:49:16.462801Z DEBUG transparent_shard_server::runtime: runtime stage key=("2d4497bf9e8bafc6139ee4e57114238a7ecfa0782702939922bf2a79b1fe05bf", Directory, 0) seconds=3.637323677 stage="build_slot"
2026-09-09T20:49:16.462831Z DEBUG transparent_shard_server::runtime: runtime stage key=("a4bd72b37c0aafb265c77bb09cbc402cf69b65a87a1fabc8a0f12614b35469be", Directory, 0) seconds=1.422e-6 stage="restore_slot"
2026-09-09T20:49:16.462912Z DEBUG transparent_shard_server::memory: cold build admission wait seconds=9.0893e-5 admitted=true
2026-09-09T20:49:16.466230Z DEBUG transparent_shard_server::runtime: runtime stage key=("a4bd72b37c0aafb265c77bb09cbc402cf69b65a87a1fabc8a0f12614b35469be", Directory, 0) seconds=2.6341e-5 hit=false stage="disk_restore"
2026-09-09T20:49:16.631049Z DEBUG transparent_shard_server::runtime: runtime stage key=("2d4497bf9e8bafc6139ee4e57114238a7ecfa0782702939922bf2a79b1fe05bf", Directory, 0) seconds=0.163849394 stage="source_load"
2026-09-09T20:49:16.920558Z DEBUG transparent_shard_server::runtime: construction stage geometry="recent-8k" table="directory" seconds=0.289479006 stage="encode_database"
2026-09-09T20:49:16.920658Z DEBUG transparent_shard_server::runtime: construction stage geometry="recent-8k" table="directory" seconds=7.1796e-5 stage="public_setup"
2026-09-09T20:49:17.287226Z DEBUG transparent_shard_server::runtime: runtime stage key=("ced665ae1f1140944bcd0c9aa2b83c1019df768df87fa513f9509106fc5b88c1", Directory, 0) seconds=0.824297749 stage="disk_save"
2026-09-09T20:49:17.838640Z DEBUG transparent_shard_server::runtime: construction stage geometry="recent-8k" table="directory" seconds=0.917976087 stage="hint_columns"
2026-09-09T20:49:17.841115Z DEBUG transparent_shard_server::runtime: construction stage geometry="recent-8k" table="pages" seconds=2.50086207 stage="pack_preprocessing"
2026-09-09T20:49:17.841463Z DEBUG transparent_shard_server::runtime: construction stage geometry="recent-8k" table="pages" seconds=0.00032132 stage="publish_parameters"
2026-09-09T20:49:17.842057Z DEBUG transparent_shard_server::runtime: runtime stage key=("ced665ae1f1140944bcd0c9aa2b83c1019df768df87fa513f9509106fc5b88c1", Pages, 0) seconds=3.619515715 stage="runtime_build"
2026-09-09T20:49:17.842100Z DEBUG transparent_shard_server::runtime: runtime stage key=("2d4497bf9e8bafc6139ee4e57114238a7ecfa0782702939922bf2a79b1fe05bf", Pages, 0) seconds=3.857848939 stage="build_slot"
2026-09-09T20:49:17.842190Z DEBUG transparent_shard_server::memory: cold build admission wait seconds=8.511e-5 admitted=true
2026-09-09T20:49:17.845226Z DEBUG transparent_shard_server::runtime: runtime stage key=("a4bd72b37c0aafb265c77bb09cbc402cf69b65a87a1fabc8a0f12614b35469be", Pages, 0) seconds=6.62e-7 stage="restore_slot"
2026-09-09T20:49:17.845310Z DEBUG transparent_shard_server::runtime: runtime stage key=("a4bd72b37c0aafb265c77bb09cbc402cf69b65a87a1fabc8a0f12614b35469be", Pages, 0) seconds=2.2824e-5 hit=false stage="disk_restore"
2026-09-09T20:49:17.992701Z DEBUG transparent_shard_server::runtime: runtime stage key=("2d4497bf9e8bafc6139ee4e57114238a7ecfa0782702939922bf2a79b1fe05bf", Pages, 0) seconds=0.147520062 stage="source_load"
2026-09-09T20:49:18.280752Z DEBUG transparent_shard_server::runtime: construction stage geometry="recent-8k" table="pages" seconds=0.288015713 stage="encode_database"
2026-09-09T20:49:18.280857Z DEBUG transparent_shard_server::runtime: construction stage geometry="recent-8k" table="pages" seconds=7.1446e-5 stage="public_setup"
2026-09-09T20:49:18.746807Z DEBUG transparent_shard_server::runtime: runtime stage key=("ced665ae1f1140944bcd0c9aa2b83c1019df768df87fa513f9509106fc5b88c1", Pages, 0) seconds=0.901564153 stage="disk_save"
2026-09-09T20:49:19.065158Z DEBUG transparent_shard_server::runtime: construction stage geometry="recent-8k" table="pages" seconds=0.78429376 stage="hint_columns"
2026-09-09T20:49:20.198087Z DEBUG transparent_shard_server::runtime: construction stage geometry="recent-8k" table="directory" seconds=2.359403858 stage="pack_preprocessing"
2026-09-09T20:49:20.198412Z DEBUG transparent_shard_server::runtime: construction stage geometry="recent-8k" table="directory" seconds=0.000274068 stage="publish_parameters"
2026-09-09T20:49:20.199099Z DEBUG transparent_shard_server::runtime: runtime stage key=("2d4497bf9e8bafc6139ee4e57114238a7ecfa0782702939922bf2a79b1fe05bf", Directory, 0) seconds=3.568021867 stage="runtime_build"
2026-09-09T20:49:20.199167Z DEBUG transparent_shard_server::runtime: runtime stage key=("a4bd72b37c0aafb265c77bb09cbc402cf69b65a87a1fabc8a0f12614b35469be", Directory, 0) seconds=3.732894958 stage="build_slot"
2026-09-09T20:49:20.199270Z DEBUG transparent_shard_server::memory: cold build admission wait seconds=7.7527e-5 admitted=true
2026-09-09T20:49:20.199306Z DEBUG transparent_shard_server::runtime: runtime stage key=("c907a0aa45b2551520863990845279fd25135889865e088c2dad6ea0d32b8fde", Directory, 0) seconds=5.16e-7 stage="restore_slot"
2026-09-09T20:49:20.202262Z DEBUG transparent_shard_server::runtime: runtime stage key=("c907a0aa45b2551520863990845279fd25135889865e088c2dad6ea0d32b8fde", Directory, 0) seconds=4.2672e-5 hit=false stage="disk_restore"
2026-09-09T20:49:20.382076Z DEBUG transparent_shard_server::runtime: runtime stage key=("a4bd72b37c0aafb265c77bb09cbc402cf69b65a87a1fabc8a0f12614b35469be", Directory, 0) seconds=0.179894197 stage="source_load"
2026-09-09T20:49:20.681776Z DEBUG transparent_shard_server::runtime: construction stage geometry="recent-8k" table="directory" seconds=0.299667577 stage="encode_database"
2026-09-09T20:49:20.681883Z DEBUG transparent_shard_server::runtime: construction stage geometry="recent-8k" table="directory" seconds=7.0062e-5 stage="public_setup"
2026-09-09T20:49:21.162879Z DEBUG transparent_shard_server::runtime: runtime stage key=("2d4497bf9e8bafc6139ee4e57114238a7ecfa0782702939922bf2a79b1fe05bf", Directory, 0) seconds=0.963729859 stage="disk_save"
2026-09-09T20:49:21.523420Z DEBUG transparent_shard_server::runtime: construction stage geometry="recent-8k" table="directory" seconds=0.841530601 stage="hint_columns"
2026-09-09T20:49:21.525821Z DEBUG transparent_shard_server::runtime: construction stage geometry="recent-8k" table="pages" seconds=2.4606128800000002 stage="pack_preprocessing"
2026-09-09T20:49:21.526136Z DEBUG transparent_shard_server::runtime: construction stage geometry="recent-8k" table="pages" seconds=0.000287409 stage="publish_parameters"
2026-09-09T20:49:21.526766Z DEBUG transparent_shard_server::runtime: runtime stage key=("2d4497bf9e8bafc6139ee4e57114238a7ecfa0782702939922bf2a79b1fe05bf", Pages, 0) seconds=3.534031922 stage="runtime_build"
2026-09-09T20:49:21.526813Z DEBUG transparent_shard_server::runtime: runtime stage key=("a4bd72b37c0aafb265c77bb09cbc402cf69b65a87a1fabc8a0f12614b35469be", Pages, 0) seconds=3.681490019 stage="build_slot"
2026-09-09T20:49:21.526893Z DEBUG transparent_shard_server::memory: cold build admission wait seconds=7.5231e-5 admitted=true
2026-09-09T20:49:21.530212Z DEBUG transparent_shard_server::runtime: runtime stage key=("c907a0aa45b2551520863990845279fd25135889865e088c2dad6ea0d32b8fde", Pages, 0) seconds=1.729e-6 stage="restore_slot"
2026-09-09T20:49:21.530352Z DEBUG transparent_shard_server::runtime: runtime stage key=("c907a0aa45b2551520863990845279fd25135889865e088c2dad6ea0d32b8fde", Pages, 0) seconds=3.9431e-5 hit=false stage="disk_restore"
2026-09-09T20:49:21.662963Z DEBUG transparent_shard_server::runtime: runtime stage key=("a4bd72b37c0aafb265c77bb09cbc402cf69b65a87a1fabc8a0f12614b35469be", Pages, 0) seconds=0.136041842 stage="source_load"
2026-09-09T20:49:21.965581Z DEBUG transparent_shard_server::runtime: construction stage geometry="recent-8k" table="pages" seconds=0.302585034 stage="encode_database"
2026-09-09T20:49:21.965694Z DEBUG transparent_shard_server::runtime: construction stage geometry="recent-8k" table="pages" seconds=8.3595e-5 stage="public_setup"
2026-09-09T20:49:22.244293Z DEBUG transparent_shard_server::runtime: runtime stage key=("2d4497bf9e8bafc6139ee4e57114238a7ecfa0782702939922bf2a79b1fe05bf", Pages, 0) seconds=0.717367433 stage="disk_save"
2026-09-09T20:49:22.755375Z DEBUG transparent_shard_server::runtime: construction stage geometry="recent-8k" table="pages" seconds=0.789673597 stage="hint_columns"
2026-09-09T20:49:23.884968Z DEBUG transparent_shard_server::runtime: construction stage geometry="recent-8k" table="directory" seconds=2.36150591 stage="pack_preprocessing"
2026-09-09T20:49:23.885312Z DEBUG transparent_shard_server::runtime: construction stage geometry="recent-8k" table="directory" seconds=0.000287677 stage="publish_parameters"
2026-09-09T20:49:23.885935Z DEBUG transparent_shard_server::runtime: runtime stage key=("a4bd72b37c0aafb265c77bb09cbc402cf69b65a87a1fabc8a0f12614b35469be", Directory, 0) seconds=3.503828614 stage="runtime_build"
2026-09-09T20:49:23.886211Z DEBUG transparent_shard_server::runtime: runtime stage key=("c907a0aa45b2551520863990845279fd25135889865e088c2dad6ea0d32b8fde", Directory, 0) seconds=3.683903253 stage="build_slot"
2026-09-09T20:49:23.886264Z DEBUG transparent_shard_server::runtime: runtime stage key=("67574e8d4c7f7c258f8c7488f73e80a9476f8074c3db3540325133ff25020c2b", Directory, 0) seconds=1.496e-6 stage="restore_slot"
2026-09-09T20:49:23.886324Z DEBUG transparent_shard_server::memory: cold build admission wait seconds=7.9413e-5 admitted=true
2026-09-09T20:49:23.890223Z DEBUG transparent_shard_server::runtime: runtime stage key=("67574e8d4c7f7c258f8c7488f73e80a9476f8074c3db3540325133ff25020c2b", Directory, 0) seconds=2.7218e-5 hit=false stage="disk_restore"
2026-09-09T20:49:24.087761Z DEBUG transparent_shard_server::runtime: runtime stage key=("c907a0aa45b2551520863990845279fd25135889865e088c2dad6ea0d32b8fde", Directory, 0) seconds=0.201394866 stage="source_load"
2026-09-09T20:49:24.386648Z DEBUG transparent_shard_server::runtime: construction stage geometry="recent-8k" table="directory" seconds=0.298857527 stage="encode_database"
2026-09-09T20:49:24.386742Z DEBUG transparent_shard_server::runtime: construction stage geometry="recent-8k" table="directory" seconds=6.695e-5 stage="public_setup"
2026-09-09T20:49:24.605194Z DEBUG transparent_shard_server::runtime: runtime stage key=("a4bd72b37c0aafb265c77bb09cbc402cf69b65a87a1fabc8a0f12614b35469be", Directory, 0) seconds=0.719200559 stage="disk_save"
2026-09-09T20:49:25.219656Z DEBUG transparent_shard_server::runtime: construction stage geometry="recent-8k" table="directory" seconds=0.832908152 stage="hint_columns"
2026-09-09T20:49:25.221824Z DEBUG transparent_shard_server::runtime: construction stage geometry="recent-8k" table="pages" seconds=2.466406387 stage="pack_preprocessing"
2026-09-09T20:49:25.222126Z DEBUG transparent_shard_server::runtime: construction stage geometry="recent-8k" table="pages" seconds=0.000273394 stage="publish_parameters"
2026-09-09T20:49:25.222804Z DEBUG transparent_shard_server::runtime: runtime stage key=("a4bd72b37c0aafb265c77bb09cbc402cf69b65a87a1fabc8a0f12614b35469be", Pages, 0) seconds=3.559809554 stage="runtime_build"
2026-09-09T20:49:25.222861Z DEBUG transparent_shard_server::runtime: runtime stage key=("c907a0aa45b2551520863990845279fd25135889865e088c2dad6ea0d32b8fde", Pages, 0) seconds=3.692478065 stage="build_slot"
2026-09-09T20:49:25.222949Z DEBUG transparent_shard_server::memory: cold build admission wait seconds=7.3478e-5 admitted=true
2026-09-09T20:49:25.222972Z DEBUG transparent_shard_server::runtime: runtime stage key=("67574e8d4c7f7c258f8c7488f73e80a9476f8074c3db3540325133ff25020c2b", Pages, 0) seconds=4.73e-7 stage="restore_slot"
2026-09-09T20:49:25.226204Z DEBUG transparent_shard_server::runtime: runtime stage key=("67574e8d4c7f7c258f8c7488f73e80a9476f8074c3db3540325133ff25020c2b", Pages, 0) seconds=0.003193306 hit=false stage="disk_restore"
2026-09-09T20:49:25.357180Z DEBUG transparent_shard_server::runtime: runtime stage key=("c907a0aa45b2551520863990845279fd25135889865e088c2dad6ea0d32b8fde", Pages, 0) seconds=0.134203813 stage="source_load"
2026-09-09T20:49:25.658545Z DEBUG transparent_shard_server::runtime: construction stage geometry="recent-8k" table="pages" seconds=0.301330869 stage="encode_database"
2026-09-09T20:49:25.658647Z DEBUG transparent_shard_server::runtime: construction stage geometry="recent-8k" table="pages" seconds=7.0638e-5 stage="public_setup"
2026-09-09T20:49:26.116893Z DEBUG transparent_shard_server::runtime: runtime stage key=("a4bd72b37c0aafb265c77bb09cbc402cf69b65a87a1fabc8a0f12614b35469be", Pages, 0) seconds=0.894024512 stage="disk_save"
2026-09-09T20:49:26.439144Z DEBUG transparent_shard_server::runtime: construction stage geometry="recent-8k" table="pages" seconds=0.780489785 stage="hint_columns"
2026-09-09T20:49:27.583577Z DEBUG transparent_shard_server::runtime: construction stage geometry="recent-8k" table="directory" seconds=2.363880422 stage="pack_preprocessing"
2026-09-09T20:49:27.583879Z DEBUG transparent_shard_server::runtime: construction stage geometry="recent-8k" table="directory" seconds=0.000252206 stage="publish_parameters"
2026-09-09T20:49:27.588601Z DEBUG transparent_shard_server::runtime: runtime stage key=("c907a0aa45b2551520863990845279fd25135889865e088c2dad6ea0d32b8fde", Directory, 0) seconds=3.5008095900000002 stage="runtime_build"
2026-09-09T20:49:27.588670Z DEBUG transparent_shard_server::runtime: runtime stage key=("67574e8d4c7f7c258f8c7488f73e80a9476f8074c3db3540325133ff25020c2b", Directory, 0) seconds=3.698415047 stage="build_slot"
2026-09-09T20:49:27.588760Z DEBUG transparent_shard_server::memory: cold build admission wait seconds=8.569e-5 admitted=true
2026-09-09T20:49:27.789605Z DEBUG transparent_shard_server::runtime: runtime stage key=("67574e8d4c7f7c258f8c7488f73e80a9476f8074c3db3540325133ff25020c2b", Directory, 0) seconds=0.200817361 stage="source_load"
2026-09-09T20:49:28.092394Z DEBUG transparent_shard_server::runtime: construction stage geometry="recent-8k" table="directory" seconds=0.302749457 stage="encode_database"
2026-09-09T20:49:28.092501Z DEBUG transparent_shard_server::runtime: construction stage geometry="recent-8k" table="directory" seconds=7.7104e-5 stage="public_setup"
2026-09-09T20:49:28.313867Z DEBUG transparent_shard_server::runtime: runtime stage key=("c907a0aa45b2551520863990845279fd25135889865e088c2dad6ea0d32b8fde", Directory, 0) seconds=0.723828794 stage="disk_save"
2026-09-09T20:49:28.921361Z DEBUG transparent_shard_server::runtime: construction stage geometry="recent-8k" table="directory" seconds=0.828853025 stage="hint_columns"
2026-09-09T20:49:28.923670Z DEBUG transparent_shard_server::runtime: construction stage geometry="recent-8k" table="pages" seconds=2.484469794 stage="pack_preprocessing"
2026-09-09T20:49:28.923948Z DEBUG transparent_shard_server::runtime: construction stage geometry="recent-8k" table="pages" seconds=0.000250397 stage="publish_parameters"
2026-09-09T20:49:28.924605Z DEBUG transparent_shard_server::runtime: runtime stage key=("c907a0aa45b2551520863990845279fd25135889865e088c2dad6ea0d32b8fde", Pages, 0) seconds=3.567394385 stage="runtime_build"
2026-09-09T20:49:28.931207Z DEBUG transparent_shard_server::runtime: runtime stage key=("67574e8d4c7f7c258f8c7488f73e80a9476f8074c3db3540325133ff25020c2b", Pages, 0) seconds=3.704957131 stage="build_slot"
2026-09-09T20:49:28.931305Z DEBUG transparent_shard_server::memory: cold build admission wait seconds=7.9525e-5 admitted=true
2026-09-09T20:49:29.082395Z DEBUG transparent_shard_server::runtime: runtime stage key=("67574e8d4c7f7c258f8c7488f73e80a9476f8074c3db3540325133ff25020c2b", Pages, 0) seconds=0.151062217 stage="source_load"
2026-09-09T20:49:29.371561Z DEBUG transparent_shard_server::runtime: construction stage geometry="recent-8k" table="pages" seconds=0.289133425 stage="encode_database"
2026-09-09T20:49:29.371670Z DEBUG transparent_shard_server::runtime: construction stage geometry="recent-8k" table="pages" seconds=7.0843e-5 stage="public_setup"
2026-09-09T20:49:29.824138Z DEBUG transparent_shard_server::runtime: runtime stage key=("c907a0aa45b2551520863990845279fd25135889865e088c2dad6ea0d32b8fde", Pages, 0) seconds=0.899482728 stage="disk_save"
2026-09-09T20:49:30.150383Z DEBUG transparent_shard_server::runtime: construction stage geometry="recent-8k" table="pages" seconds=0.778704758 stage="hint_columns"
2026-09-09T20:49:31.256829Z DEBUG transparent_shard_server::runtime: construction stage geometry="recent-8k" table="directory" seconds=2.335424974 stage="pack_preprocessing"
2026-09-09T20:49:31.257132Z DEBUG transparent_shard_server::runtime: construction stage geometry="recent-8k" table="directory" seconds=0.000263802 stage="publish_parameters"
2026-09-09T20:49:31.257735Z DEBUG transparent_shard_server::runtime: runtime stage key=("67574e8d4c7f7c258f8c7488f73e80a9476f8074c3db3540325133ff25020c2b", Directory, 0) seconds=3.468093344 stage="runtime_build"
2026-09-09T20:49:31.929384Z DEBUG transparent_shard_server::runtime: runtime stage key=("67574e8d4c7f7c258f8c7488f73e80a9476f8074c3db3540325133ff25020c2b", Directory, 0) seconds=0.671607153 stage="disk_save"
2026-09-09T20:49:32.318409Z DEBUG transparent_shard_server::runtime: construction stage geometry="recent-8k" table="pages" seconds=2.167980973 stage="pack_preprocessing"
2026-09-09T20:49:32.318725Z DEBUG transparent_shard_server::runtime: construction stage geometry="recent-8k" table="pages" seconds=0.00027749 stage="publish_parameters"
2026-09-09T20:49:32.319382Z DEBUG transparent_shard_server::runtime: runtime stage key=("67574e8d4c7f7c258f8c7488f73e80a9476f8074c3db3540325133ff25020c2b", Pages, 0) seconds=3.236956449 stage="runtime_build"
2026-09-09T20:49:32.319534Z  INFO transparent_shard_server::service: prewarm finished warm=28 target=28 failed=0 seconds=53.149154578
2026-09-09T20:49:32.974425Z DEBUG transparent_shard_server::runtime: runtime stage key=("67574e8d4c7f7c258f8c7488f73e80a9476f8074c3db3540325133ff25020c2b", Pages, 0) seconds=0.654999929 stage="disk_save"
2026-09-09T20:49:33.174492Z DEBUG transparent_shard_server::service: query stage revision=5b7ee9849d47f5ee67d04eb6ca4588beacf42dce75e5a1b481dfd02607b1fb20 table="directory" seconds=4.907e-6 stage="query_admission"
2026-09-09T20:49:33.174531Z DEBUG transparent_shard_server::service: query stage revision=5b7ee9849d47f5ee67d04eb6ca4588beacf42dce75e5a1b481dfd02607b1fb20 table="directory" seconds=4.75e-6 stage="query_runtime"
2026-09-09T20:49:33.174604Z DEBUG transparent_shard_server::service: query stage revision=5b7ee9849d47f5ee67d04eb6ca4588beacf42dce75e5a1b481dfd02607b1fb20 table="directory" seconds=6.878e-5 admitted=true stage="query_memory_admission"
2026-09-09T20:49:33.174606Z DEBUG transparent_shard_server::service: query stage revision=5b7ee9849d47f5ee67d04eb6ca4588beacf42dce75e5a1b481dfd02607b1fb20 table="directory" seconds=1.911e-6 stage="query_admission"
2026-09-09T20:49:33.174635Z DEBUG transparent_shard_server::service: query stage revision=5b7ee9849d47f5ee67d04eb6ca4588beacf42dce75e5a1b481dfd02607b1fb20 table="directory" seconds=4.66e-6 stage="query_runtime"
2026-09-09T20:49:33.174648Z DEBUG transparent_shard_server::service: query stage revision=5b7ee9849d47f5ee67d04eb6ca4588beacf42dce75e5a1b481dfd02607b1fb20 table="directory" seconds=3.7842e-5 stage="query_dispatch"
2026-09-09T20:49:33.174712Z DEBUG transparent_shard_server::service: query stage revision=5b7ee9849d47f5ee67d04eb6ca4588beacf42dce75e5a1b481dfd02607b1fb20 table="directory" seconds=7.1262e-5 admitted=true stage="query_memory_admission"
2026-09-09T20:49:33.175064Z DEBUG transparent_shard_server::service: query stage revision=5b7ee9849d47f5ee67d04eb6ca4588beacf42dce75e5a1b481dfd02607b1fb20 table="directory" seconds=0.000344293 stage="query_dispatch"
2026-09-09T20:49:33.198177Z DEBUG transparent_shard_server::service: query stage revision=5b7ee9849d47f5ee67d04eb6ca4588beacf42dce75e5a1b481dfd02607b1fb20 table="directory" seconds=0.023513805 stage="query_evaluate"
2026-09-09T20:49:33.198765Z DEBUG transparent_shard_server::service: query stage revision=5b7ee9849d47f5ee67d04eb6ca4588beacf42dce75e5a1b481dfd02607b1fb20 table="directory" seconds=0.023692788 stage="query_evaluate"
2026-09-09T20:49:33.375412Z DEBUG transparent_shard_server::service: query stage revision=5b7ee9849d47f5ee67d04eb6ca4588beacf42dce75e5a1b481dfd02607b1fb20 table="pages" seconds=2.943e-6 stage="query_admission"
2026-09-09T20:49:33.375452Z DEBUG transparent_shard_server::service: query stage revision=5b7ee9849d47f5ee67d04eb6ca4588beacf42dce75e5a1b481dfd02607b1fb20 table="pages" seconds=5.384e-6 stage="query_runtime"
2026-09-09T20:49:33.375531Z DEBUG transparent_shard_server::service: query stage revision=5b7ee9849d47f5ee67d04eb6ca4588beacf42dce75e5a1b481dfd02607b1fb20 table="pages" seconds=7.5135e-5 admitted=true stage="query_memory_admission"
2026-09-09T20:49:33.375575Z DEBUG transparent_shard_server::service: query stage revision=5b7ee9849d47f5ee67d04eb6ca4588beacf42dce75e5a1b481dfd02607b1fb20 table="pages" seconds=3.8534e-5 stage="query_dispatch"
2026-09-09T20:49:33.375593Z DEBUG transparent_shard_server::service: query stage revision=5b7ee9849d47f5ee67d04eb6ca4588beacf42dce75e5a1b481dfd02607b1fb20 table="pages" seconds=2.217e-6 stage="query_admission"
2026-09-09T20:49:33.375612Z DEBUG transparent_shard_server::service: query stage revision=5b7ee9849d47f5ee67d04eb6ca4588beacf42dce75e5a1b481dfd02607b1fb20 table="pages" seconds=3.772e-6 stage="query_runtime"
2026-09-09T20:49:33.375674Z DEBUG transparent_shard_server::service: query stage revision=5b7ee9849d47f5ee67d04eb6ca4588beacf42dce75e5a1b481dfd02607b1fb20 table="pages" seconds=5.8389e-5 admitted=true stage="query_memory_admission"
2026-09-09T20:49:33.375705Z DEBUG transparent_shard_server::service: query stage revision=5b7ee9849d47f5ee67d04eb6ca4588beacf42dce75e5a1b481dfd02607b1fb20 table="pages" seconds=2.6744e-5 stage="query_dispatch"
2026-09-09T20:49:33.390768Z DEBUG transparent_shard_server::service: query stage revision=5b7ee9849d47f5ee67d04eb6ca4588beacf42dce75e5a1b481dfd02607b1fb20 table="pages" seconds=0.015174016 stage="query_evaluate"
2026-09-09T20:49:33.390768Z DEBUG transparent_shard_server::service: query stage revision=5b7ee9849d47f5ee67d04eb6ca4588beacf42dce75e5a1b481dfd02607b1fb20 table="pages" seconds=0.015044589 stage="query_evaluate"
2026-09-09T20:49:33.465533Z  INFO transparent_shard_server::runtime: retired runtime memory reclaimed rss_before=5107453952 rss_after=4443455488
2026-09-09T20:49:33.546558Z DEBUG transparent_shard_server::service: query stage revision=5b7ee9849d47f5ee67d04eb6ca4588beacf42dce75e5a1b481dfd02607b1fb20 table="directory" seconds=2.956e-6 stage="query_admission"
2026-09-09T20:49:33.546592Z DEBUG transparent_shard_server::service: query stage revision=5b7ee9849d47f5ee67d04eb6ca4588beacf42dce75e5a1b481dfd02607b1fb20 table="directory" seconds=4.387e-6 stage="query_runtime"
2026-09-09T20:49:33.546662Z DEBUG transparent_shard_server::service: query stage revision=5b7ee9849d47f5ee67d04eb6ca4588beacf42dce75e5a1b481dfd02607b1fb20 table="directory" seconds=6.6583e-5 admitted=true stage="query_memory_admission"
2026-09-09T20:49:33.546688Z DEBUG transparent_shard_server::service: query stage revision=5b7ee9849d47f5ee67d04eb6ca4588beacf42dce75e5a1b481dfd02607b1fb20 table="directory" seconds=1.9458e-5 stage="query_dispatch"
2026-09-09T20:49:33.546869Z DEBUG transparent_shard_server::service: query stage revision=5b7ee9849d47f5ee67d04eb6ca4588beacf42dce75e5a1b481dfd02607b1fb20 table="directory" seconds=8.97e-7 stage="query_admission"
2026-09-09T20:49:33.546877Z DEBUG transparent_shard_server::service: query stage revision=5b7ee9849d47f5ee67d04eb6ca4588beacf42dce75e5a1b481dfd02607b1fb20 table="directory" seconds=1.865e-6 stage="query_runtime"
2026-09-09T20:49:33.546912Z DEBUG transparent_shard_server::service: query stage revision=5b7ee9849d47f5ee67d04eb6ca4588beacf42dce75e5a1b481dfd02607b1fb20 table="directory" seconds=3.2617e-5 admitted=true stage="query_memory_admission"
2026-09-09T20:49:33.546940Z DEBUG transparent_shard_server::service: query stage revision=5b7ee9849d47f5ee67d04eb6ca4588beacf42dce75e5a1b481dfd02607b1fb20 table="directory" seconds=2.4246e-5 stage="query_dispatch"
2026-09-09T20:49:33.569183Z DEBUG transparent_shard_server::service: query stage revision=5b7ee9849d47f5ee67d04eb6ca4588beacf42dce75e5a1b481dfd02607b1fb20 table="directory" seconds=0.022237388 stage="query_evaluate"
2026-09-09T20:49:33.569229Z DEBUG transparent_shard_server::service: query stage revision=5b7ee9849d47f5ee67d04eb6ca4588beacf42dce75e5a1b481dfd02607b1fb20 table="directory" seconds=0.022521347 stage="query_evaluate"
2026-09-09T20:49:33.724250Z DEBUG transparent_shard_server::service: query stage revision=5b7ee9849d47f5ee67d04eb6ca4588beacf42dce75e5a1b481dfd02607b1fb20 table="pages" seconds=2.416e-6 stage="query_admission"
2026-09-09T20:49:33.724285Z DEBUG transparent_shard_server::service: query stage revision=5b7ee9849d47f5ee67d04eb6ca4588beacf42dce75e5a1b481dfd02607b1fb20 table="pages" seconds=5.162e-6 stage="query_runtime"
2026-09-09T20:49:33.724296Z DEBUG transparent_shard_server::service: query stage revision=5b7ee9849d47f5ee67d04eb6ca4588beacf42dce75e5a1b481dfd02607b1fb20 table="pages" seconds=2.068e-6 stage="query_admission"
2026-09-09T20:49:33.724326Z DEBUG transparent_shard_server::service: query stage revision=5b7ee9849d47f5ee67d04eb6ca4588beacf42dce75e5a1b481dfd02607b1fb20 table="pages" seconds=4.149e-6 stage="query_runtime"
2026-09-09T20:49:33.724349Z DEBUG transparent_shard_server::service: query stage revision=5b7ee9849d47f5ee67d04eb6ca4588beacf42dce75e5a1b481dfd02607b1fb20 table="pages" seconds=6.044e-5 admitted=true stage="query_memory_admission"
2026-09-09T20:49:33.724384Z DEBUG transparent_shard_server::service: query stage revision=5b7ee9849d47f5ee67d04eb6ca4588beacf42dce75e5a1b481dfd02607b1fb20 table="pages" seconds=5.48e-5 admitted=true stage="query_memory_admission"
2026-09-09T20:49:33.724398Z DEBUG transparent_shard_server::service: query stage revision=5b7ee9849d47f5ee67d04eb6ca4588beacf42dce75e5a1b481dfd02607b1fb20 table="pages" seconds=4.2978e-5 stage="query_dispatch"
2026-09-09T20:49:33.727200Z DEBUG transparent_shard_server::service: query stage revision=5b7ee9849d47f5ee67d04eb6ca4588beacf42dce75e5a1b481dfd02607b1fb20 table="pages" seconds=0.00281182 stage="query_dispatch"
2026-09-09T20:49:33.746507Z DEBUG transparent_shard_server::service: query stage revision=5b7ee9849d47f5ee67d04eb6ca4588beacf42dce75e5a1b481dfd02607b1fb20 table="pages" seconds=0.019286385 stage="query_evaluate"
2026-09-09T20:49:33.746545Z DEBUG transparent_shard_server::service: query stage revision=5b7ee9849d47f5ee67d04eb6ca4588beacf42dce75e5a1b481dfd02607b1fb20 table="pages" seconds=0.022122387 stage="query_evaluate"
2026-09-09T20:49:33.899268Z DEBUG transparent_shard_server::service: query stage revision=5b7ee9849d47f5ee67d04eb6ca4588beacf42dce75e5a1b481dfd02607b1fb20 table="directory" seconds=2.85e-6 stage="query_admission"
2026-09-09T20:49:33.899305Z DEBUG transparent_shard_server::service: query stage revision=5b7ee9849d47f5ee67d04eb6ca4588beacf42dce75e5a1b481dfd02607b1fb20 table="directory" seconds=5.106e-6 stage="query_runtime"
2026-09-09T20:49:33.899383Z DEBUG transparent_shard_server::service: query stage revision=5b7ee9849d47f5ee67d04eb6ca4588beacf42dce75e5a1b481dfd02607b1fb20 table="directory" seconds=7.4449e-5 admitted=true stage="query_memory_admission"
2026-09-09T20:49:33.899423Z DEBUG transparent_shard_server::service: query stage revision=5b7ee9849d47f5ee67d04eb6ca4588beacf42dce75e5a1b481dfd02607b1fb20 table="directory" seconds=3.4011e-5 stage="query_dispatch"
2026-09-09T20:49:33.899516Z DEBUG transparent_shard_server::service: query stage revision=5b7ee9849d47f5ee67d04eb6ca4588beacf42dce75e5a1b481dfd02607b1fb20 table="directory" seconds=2.382e-6 stage="query_admission"
2026-09-09T20:49:33.899533Z DEBUG transparent_shard_server::service: query stage revision=5b7ee9849d47f5ee67d04eb6ca4588beacf42dce75e5a1b481dfd02607b1fb20 table="directory" seconds=3.879e-6 stage="query_runtime"
2026-09-09T20:49:33.899598Z DEBUG transparent_shard_server::service: query stage revision=5b7ee9849d47f5ee67d04eb6ca4588beacf42dce75e5a1b481dfd02607b1fb20 table="directory" seconds=6.2406e-5 admitted=true stage="query_memory_admission"
2026-09-09T20:49:33.899614Z DEBUG transparent_shard_server::service: query stage revision=5b7ee9849d47f5ee67d04eb6ca4588beacf42dce75e5a1b481dfd02607b1fb20 table="directory" seconds=1.2096e-5 stage="query_dispatch"
2026-09-09T20:49:33.922655Z DEBUG transparent_shard_server::service: query stage revision=5b7ee9849d47f5ee67d04eb6ca4588beacf42dce75e5a1b481dfd02607b1fb20 table="directory" seconds=0.023206077 stage="query_evaluate"
2026-09-09T20:49:33.923301Z DEBUG transparent_shard_server::service: query stage revision=5b7ee9849d47f5ee67d04eb6ca4588beacf42dce75e5a1b481dfd02607b1fb20 table="directory" seconds=0.023679562 stage="query_evaluate"
2026-09-09T20:49:34.026699Z DEBUG transparent_shard_server::runtime: runtime stage key=("be059aab39ac34125e0452548d6fbcfb1e7cdb7237a597bd59ee86011ed4882b", Directory, 0) seconds=1.801e-6 stage="restore_slot"
2026-09-09T20:49:34.026702Z DEBUG transparent_shard_server::runtime: runtime stage key=("be059aab39ac34125e0452548d6fbcfb1e7cdb7237a597bd59ee86011ed4882b", Pages, 0) seconds=1.318e-6 stage="restore_slot"
2026-09-09T20:49:34.026843Z DEBUG transparent_shard_server::runtime: runtime stage key=("be059aab39ac34125e0452548d6fbcfb1e7cdb7237a597bd59ee86011ed4882b", Directory, 0) seconds=3.7378e-5 hit=false stage="disk_restore"
2026-09-09T20:49:34.026870Z DEBUG transparent_shard_server::runtime: runtime stage key=("be059aab39ac34125e0452548d6fbcfb1e7cdb7237a597bd59ee86011ed4882b", Directory, 0) seconds=4.34e-7 stage="build_slot"
2026-09-09T20:49:34.026875Z DEBUG transparent_shard_server::runtime: runtime stage key=("be059aab39ac34125e0452548d6fbcfb1e7cdb7237a597bd59ee86011ed4882b", Pages, 0) seconds=1.2826e-5 hit=false stage="disk_restore"
2026-09-09T20:49:34.026889Z DEBUG transparent_shard_server::runtime: runtime stage key=("be059aab39ac34125e0452548d6fbcfb1e7cdb7237a597bd59ee86011ed4882b", Pages, 0) seconds=4.8e-7 stage="build_slot"
2026-09-09T20:49:34.026901Z DEBUG transparent_shard_server::memory: cold build admission wait seconds=2.3348e-5 admitted=true
2026-09-09T20:49:34.026941Z DEBUG transparent_shard_server::memory: cold build admission wait seconds=4.6406e-5 admitted=true
2026-09-09T20:49:34.082319Z DEBUG transparent_shard_server::service: query stage revision=5b7ee9849d47f5ee67d04eb6ca4588beacf42dce75e5a1b481dfd02607b1fb20 table="pages" seconds=3.368e-6 stage="query_admission"
2026-09-09T20:49:34.082352Z DEBUG transparent_shard_server::service: query stage revision=5b7ee9849d47f5ee67d04eb6ca4588beacf42dce75e5a1b481dfd02607b1fb20 table="pages" seconds=6.553e-6 stage="query_runtime"
2026-09-09T20:49:34.082423Z DEBUG transparent_shard_server::service: query stage revision=5b7ee9849d47f5ee67d04eb6ca4588beacf42dce75e5a1b481dfd02607b1fb20 table="pages" seconds=6.8599e-5 admitted=true stage="query_memory_admission"
2026-09-09T20:49:34.082453Z DEBUG transparent_shard_server::service: query stage revision=5b7ee9849d47f5ee67d04eb6ca4588beacf42dce75e5a1b481dfd02607b1fb20 table="pages" seconds=2.5564e-5 stage="query_dispatch"
2026-09-09T20:49:34.086464Z DEBUG transparent_shard_server::service: query stage revision=5b7ee9849d47f5ee67d04eb6ca4588beacf42dce75e5a1b481dfd02607b1fb20 table="pages" seconds=2.706e-6 stage="query_admission"
2026-09-09T20:49:34.086492Z DEBUG transparent_shard_server::service: query stage revision=5b7ee9849d47f5ee67d04eb6ca4588beacf42dce75e5a1b481dfd02607b1fb20 table="pages" seconds=5.403e-6 stage="query_runtime"
2026-09-09T20:49:34.086552Z DEBUG transparent_shard_server::service: query stage revision=5b7ee9849d47f5ee67d04eb6ca4588beacf42dce75e5a1b481dfd02607b1fb20 table="pages" seconds=5.6956e-5 admitted=true stage="query_memory_admission"
2026-09-09T20:49:34.087175Z DEBUG transparent_shard_server::service: query stage revision=5b7ee9849d47f5ee67d04eb6ca4588beacf42dce75e5a1b481dfd02607b1fb20 table="pages" seconds=0.000618515 stage="query_dispatch"
2026-09-09T20:49:34.099656Z DEBUG transparent_shard_server::service: query stage revision=5b7ee9849d47f5ee67d04eb6ca4588beacf42dce75e5a1b481dfd02607b1fb20 table="pages" seconds=0.017196789 stage="query_evaluate"
test burst::publication_burst_under_exact_load has been running for over 60 seconds
2026-09-09T20:49:34.107679Z DEBUG transparent_shard_server::service: query stage revision=5b7ee9849d47f5ee67d04eb6ca4588beacf42dce75e5a1b481dfd02607b1fb20 table="pages" seconds=0.020479267 stage="query_evaluate"
2026-09-09T20:49:34.174741Z DEBUG transparent_shard_server::runtime: runtime stage key=("be059aab39ac34125e0452548d6fbcfb1e7cdb7237a597bd59ee86011ed4882b", Pages, 0) seconds=0.147760606 stage="source_load"
2026-09-09T20:49:34.190055Z DEBUG transparent_shard_server::runtime: runtime stage key=("be059aab39ac34125e0452548d6fbcfb1e7cdb7237a597bd59ee86011ed4882b", Directory, 0) seconds=0.163135305 stage="source_load"
2026-09-09T20:49:34.260501Z DEBUG transparent_shard_server::service: query stage revision=5b7ee9849d47f5ee67d04eb6ca4588beacf42dce75e5a1b481dfd02607b1fb20 table="directory" seconds=3.051e-6 stage="query_admission"
2026-09-09T20:49:34.260550Z DEBUG transparent_shard_server::service: query stage revision=5b7ee9849d47f5ee67d04eb6ca4588beacf42dce75e5a1b481dfd02607b1fb20 table="directory" seconds=7.022e-6 stage="query_runtime"
2026-09-09T20:49:34.260625Z DEBUG transparent_shard_server::service: query stage revision=5b7ee9849d47f5ee67d04eb6ca4588beacf42dce75e5a1b481dfd02607b1fb20 table="directory" seconds=7.1709e-5 admitted=true stage="query_memory_admission"
2026-09-09T20:49:34.260645Z DEBUG transparent_shard_server::service: query stage revision=5b7ee9849d47f5ee67d04eb6ca4588beacf42dce75e5a1b481dfd02607b1fb20 table="directory" seconds=1.5006e-5 stage="query_dispatch"
2026-09-09T20:49:34.264906Z DEBUG transparent_shard_server::service: query stage revision=5b7ee9849d47f5ee67d04eb6ca4588beacf42dce75e5a1b481dfd02607b1fb20 table="directory" seconds=2.244e-6 stage="query_admission"
2026-09-09T20:49:34.264938Z DEBUG transparent_shard_server::service: query stage revision=5b7ee9849d47f5ee67d04eb6ca4588beacf42dce75e5a1b481dfd02607b1fb20 table="directory" seconds=4.701e-6 stage="query_runtime"
2026-09-09T20:49:34.265011Z DEBUG transparent_shard_server::service: query stage revision=5b7ee9849d47f5ee67d04eb6ca4588beacf42dce75e5a1b481dfd02607b1fb20 table="directory" seconds=6.9562e-5 admitted=true stage="query_memory_admission"
2026-09-09T20:49:34.265034Z DEBUG transparent_shard_server::service: query stage revision=5b7ee9849d47f5ee67d04eb6ca4588beacf42dce75e5a1b481dfd02607b1fb20 table="directory" seconds=1.7644e-5 stage="query_dispatch"
2026-09-09T20:49:34.277074Z DEBUG transparent_shard_server::service: query stage revision=5b7ee9849d47f5ee67d04eb6ca4588beacf42dce75e5a1b481dfd02607b1fb20 table="directory" seconds=0.016407702 stage="query_evaluate"
2026-09-09T20:49:34.286266Z DEBUG transparent_shard_server::service: query stage revision=5b7ee9849d47f5ee67d04eb6ca4588beacf42dce75e5a1b481dfd02607b1fb20 table="directory" seconds=0.021213785 stage="query_evaluate"
2026-09-09T20:49:34.435085Z DEBUG transparent_shard_server::service: query stage revision=5b7ee9849d47f5ee67d04eb6ca4588beacf42dce75e5a1b481dfd02607b1fb20 table="pages" seconds=2.916e-6 stage="query_admission"
2026-09-09T20:49:34.435120Z DEBUG transparent_shard_server::service: query stage revision=5b7ee9849d47f5ee67d04eb6ca4588beacf42dce75e5a1b481dfd02607b1fb20 table="pages" seconds=5.369e-6 stage="query_runtime"
2026-09-09T20:49:34.435187Z DEBUG transparent_shard_server::service: query stage revision=5b7ee9849d47f5ee67d04eb6ca4588beacf42dce75e5a1b481dfd02607b1fb20 table="pages" seconds=6.3127e-5 admitted=true stage="query_memory_admission"
2026-09-09T20:49:34.435210Z DEBUG transparent_shard_server::service: query stage revision=5b7ee9849d47f5ee67d04eb6ca4588beacf42dce75e5a1b481dfd02607b1fb20 table="pages" seconds=1.6038e-5 stage="query_dispatch"
2026-09-09T20:49:34.442441Z DEBUG transparent_shard_server::service: query stage revision=5b7ee9849d47f5ee67d04eb6ca4588beacf42dce75e5a1b481dfd02607b1fb20 table="pages" seconds=2.348e-6 stage="query_admission"
2026-09-09T20:49:34.442480Z DEBUG transparent_shard_server::service: query stage revision=5b7ee9849d47f5ee67d04eb6ca4588beacf42dce75e5a1b481dfd02607b1fb20 table="pages" seconds=4.499e-6 stage="query_runtime"
2026-09-09T20:49:34.442570Z DEBUG transparent_shard_server::service: query stage revision=5b7ee9849d47f5ee67d04eb6ca4588beacf42dce75e5a1b481dfd02607b1fb20 table="pages" seconds=8.7036e-5 admitted=true stage="query_memory_admission"
2026-09-09T20:49:34.445190Z DEBUG transparent_shard_server::service: query stage revision=5b7ee9849d47f5ee67d04eb6ca4588beacf42dce75e5a1b481dfd02607b1fb20 table="pages" seconds=0.002613525 stage="query_dispatch"
2026-09-09T20:49:34.458586Z DEBUG transparent_shard_server::service: query stage revision=5b7ee9849d47f5ee67d04eb6ca4588beacf42dce75e5a1b481dfd02607b1fb20 table="pages" seconds=0.023353921 stage="query_evaluate"
2026-09-09T20:49:34.459524Z DEBUG transparent_shard_server::service: query stage revision=5b7ee9849d47f5ee67d04eb6ca4588beacf42dce75e5a1b481dfd02607b1fb20 table="pages" seconds=0.014296057 stage="query_evaluate"
2026-09-09T20:49:34.479580Z DEBUG transparent_shard_server::runtime: construction stage geometry="recent-8k" table="pages" seconds=0.304801499 stage="encode_database"
2026-09-09T20:49:34.479687Z DEBUG transparent_shard_server::runtime: construction stage geometry="recent-8k" table="pages" seconds=7.3529e-5 stage="public_setup"
2026-09-09T20:49:34.498582Z DEBUG transparent_shard_server::runtime: construction stage geometry="recent-8k" table="directory" seconds=0.308489278 stage="encode_database"
2026-09-09T20:49:34.498717Z DEBUG transparent_shard_server::runtime: construction stage geometry="recent-8k" table="directory" seconds=9.4456e-5 stage="public_setup"
2026-09-09T20:49:34.613658Z DEBUG transparent_shard_server::service: query stage revision=5b7ee9849d47f5ee67d04eb6ca4588beacf42dce75e5a1b481dfd02607b1fb20 table="directory" seconds=2.472e-6 stage="query_admission"
2026-09-09T20:49:34.613697Z DEBUG transparent_shard_server::service: query stage revision=5b7ee9849d47f5ee67d04eb6ca4588beacf42dce75e5a1b481dfd02607b1fb20 table="directory" seconds=4.321e-6 stage="query_runtime"
2026-09-09T20:49:34.613776Z DEBUG transparent_shard_server::service: query stage revision=5b7ee9849d47f5ee67d04eb6ca4588beacf42dce75e5a1b481dfd02607b1fb20 table="directory" seconds=7.5932e-5 admitted=true stage="query_memory_admission"
2026-09-09T20:49:34.613827Z DEBUG transparent_shard_server::service: query stage revision=5b7ee9849d47f5ee67d04eb6ca4588beacf42dce75e5a1b481dfd02607b1fb20 table="directory" seconds=1.918e-6 stage="query_admission"
2026-09-09T20:49:34.613846Z DEBUG transparent_shard_server::service: query stage revision=5b7ee9849d47f5ee67d04eb6ca4588beacf42dce75e5a1b481dfd02607b1fb20 table="directory" seconds=3.355e-6 stage="query_runtime"
2026-09-09T20:49:34.613913Z DEBUG transparent_shard_server::service: query stage revision=5b7ee9849d47f5ee67d04eb6ca4588beacf42dce75e5a1b481dfd02607b1fb20 table="directory" seconds=6.3914e-5 admitted=true stage="query_memory_admission"
2026-09-09T20:49:34.616188Z DEBUG transparent_shard_server::service: query stage revision=5b7ee9849d47f5ee67d04eb6ca4588beacf42dce75e5a1b481dfd02607b1fb20 table="directory" seconds=0.002406738 stage="query_dispatch"
2026-09-09T20:49:34.616621Z DEBUG transparent_shard_server::service: query stage revision=5b7ee9849d47f5ee67d04eb6ca4588beacf42dce75e5a1b481dfd02607b1fb20 table="directory" seconds=0.002703062 stage="query_dispatch"
2026-09-09T20:49:35.517055Z DEBUG transparent_shard_server::service: query stage revision=5b7ee9849d47f5ee67d04eb6ca4588beacf42dce75e5a1b481dfd02607b1fb20 table="directory" seconds=0.900420486 stage="query_evaluate"
2026-09-09T20:49:35.526594Z DEBUG transparent_shard_server::service: query stage revision=5b7ee9849d47f5ee67d04eb6ca4588beacf42dce75e5a1b481dfd02607b1fb20 table="directory" seconds=0.910384303 stage="query_evaluate"
2026-09-09T20:49:35.553642Z DEBUG transparent_shard_server::runtime: construction stage geometry="recent-8k" table="directory" seconds=1.054918556 stage="hint_columns"
2026-09-09T20:49:35.553732Z DEBUG transparent_shard_server::runtime: construction stage geometry="recent-8k" table="pages" seconds=1.074038671 stage="hint_columns"
2026-09-09T20:49:35.672214Z DEBUG transparent_shard_server::service: query stage revision=5b7ee9849d47f5ee67d04eb6ca4588beacf42dce75e5a1b481dfd02607b1fb20 table="pages" seconds=2.696e-6 stage="query_admission"
2026-09-09T20:49:35.672253Z DEBUG transparent_shard_server::service: query stage revision=5b7ee9849d47f5ee67d04eb6ca4588beacf42dce75e5a1b481dfd02607b1fb20 table="pages" seconds=5.041e-6 stage="query_runtime"
2026-09-09T20:49:35.672333Z DEBUG transparent_shard_server::service: query stage revision=5b7ee9849d47f5ee67d04eb6ca4588beacf42dce75e5a1b481dfd02607b1fb20 table="pages" seconds=7.6307e-5 admitted=true stage="query_memory_admission"
2026-09-09T20:49:35.672349Z DEBUG transparent_shard_server::service: query stage revision=5b7ee9849d47f5ee67d04eb6ca4588beacf42dce75e5a1b481dfd02607b1fb20 table="pages" seconds=1.2378e-5 stage="query_dispatch"
2026-09-09T20:49:35.681541Z DEBUG transparent_shard_server::service: query stage revision=5b7ee9849d47f5ee67d04eb6ca4588beacf42dce75e5a1b481dfd02607b1fb20 table="pages" seconds=2.995e-6 stage="query_admission"
2026-09-09T20:49:35.681578Z DEBUG transparent_shard_server::service: query stage revision=5b7ee9849d47f5ee67d04eb6ca4588beacf42dce75e5a1b481dfd02607b1fb20 table="pages" seconds=5.081e-6 stage="query_runtime"
2026-09-09T20:49:35.681625Z DEBUG transparent_shard_server::service: query stage revision=5b7ee9849d47f5ee67d04eb6ca4588beacf42dce75e5a1b481dfd02607b1fb20 table="pages" seconds=4.3432e-5 admitted=true stage="query_memory_admission"
2026-09-09T20:49:35.681646Z DEBUG transparent_shard_server::service: query stage revision=5b7ee9849d47f5ee67d04eb6ca4588beacf42dce75e5a1b481dfd02607b1fb20 table="pages" seconds=1.551e-5 stage="query_dispatch"
2026-09-09T20:49:35.690089Z DEBUG transparent_shard_server::service: query stage revision=5b7ee9849d47f5ee67d04eb6ca4588beacf42dce75e5a1b481dfd02607b1fb20 table="pages" seconds=0.017723346 stage="query_evaluate"
2026-09-09T20:49:35.697725Z DEBUG transparent_shard_server::service: query stage revision=5b7ee9849d47f5ee67d04eb6ca4588beacf42dce75e5a1b481dfd02607b1fb20 table="pages" seconds=0.016059718 stage="query_evaluate"
2026-09-09T20:49:35.850350Z DEBUG transparent_shard_server::service: query stage revision=5b7ee9849d47f5ee67d04eb6ca4588beacf42dce75e5a1b481dfd02607b1fb20 table="directory" seconds=3.26e-6 stage="query_admission"
2026-09-09T20:49:35.850388Z DEBUG transparent_shard_server::service: query stage revision=5b7ee9849d47f5ee67d04eb6ca4588beacf42dce75e5a1b481dfd02607b1fb20 table="directory" seconds=5.958e-6 stage="query_runtime"
2026-09-09T20:49:35.850464Z DEBUG transparent_shard_server::service: query stage revision=5b7ee9849d47f5ee67d04eb6ca4588beacf42dce75e5a1b481dfd02607b1fb20 table="directory" seconds=7.3449e-5 admitted=true stage="query_memory_admission"
2026-09-09T20:49:35.850511Z DEBUG transparent_shard_server::service: query stage revision=5b7ee9849d47f5ee67d04eb6ca4588beacf42dce75e5a1b481dfd02607b1fb20 table="directory" seconds=2.4179e-5 stage="query_dispatch"
2026-09-09T20:49:35.854090Z DEBUG transparent_shard_server::service: query stage revision=5b7ee9849d47f5ee67d04eb6ca4588beacf42dce75e5a1b481dfd02607b1fb20 table="directory" seconds=2.35e-6 stage="query_admission"
2026-09-09T20:49:35.854121Z DEBUG transparent_shard_server::service: query stage revision=5b7ee9849d47f5ee67d04eb6ca4588beacf42dce75e5a1b481dfd02607b1fb20 table="directory" seconds=5.157e-6 stage="query_runtime"
2026-09-09T20:49:35.854212Z DEBUG transparent_shard_server::service: query stage revision=5b7ee9849d47f5ee67d04eb6ca4588beacf42dce75e5a1b481dfd02607b1fb20 table="directory" seconds=8.6828e-5 admitted=true stage="query_memory_admission"
2026-09-09T20:49:35.854237Z DEBUG transparent_shard_server::service: query stage revision=5b7ee9849d47f5ee67d04eb6ca4588beacf42dce75e5a1b481dfd02607b1fb20 table="directory" seconds=1.7425e-5 stage="query_dispatch"
2026-09-09T20:49:35.867532Z DEBUG transparent_shard_server::service: query stage revision=5b7ee9849d47f5ee67d04eb6ca4588beacf42dce75e5a1b481dfd02607b1fb20 table="directory" seconds=0.016997203 stage="query_evaluate"
2026-09-09T20:49:35.879679Z DEBUG transparent_shard_server::service: query stage revision=5b7ee9849d47f5ee67d04eb6ca4588beacf42dce75e5a1b481dfd02607b1fb20 table="directory" seconds=0.025423837 stage="query_evaluate"
2026-09-09T20:49:36.028708Z DEBUG transparent_shard_server::service: query stage revision=5b7ee9849d47f5ee67d04eb6ca4588beacf42dce75e5a1b481dfd02607b1fb20 table="pages" seconds=3.422e-6 stage="query_admission"
2026-09-09T20:49:36.028752Z DEBUG transparent_shard_server::service: query stage revision=5b7ee9849d47f5ee67d04eb6ca4588beacf42dce75e5a1b481dfd02607b1fb20 table="pages" seconds=5.592e-6 stage="query_runtime"
2026-09-09T20:49:36.028847Z DEBUG transparent_shard_server::service: query stage revision=5b7ee9849d47f5ee67d04eb6ca4588beacf42dce75e5a1b481dfd02607b1fb20 table="pages" seconds=8.9634e-5 admitted=true stage="query_memory_admission"
2026-09-09T20:49:36.028881Z DEBUG transparent_shard_server::service: query stage revision=5b7ee9849d47f5ee67d04eb6ca4588beacf42dce75e5a1b481dfd02607b1fb20 table="pages" seconds=1.4851e-5 stage="query_dispatch"
2026-09-09T20:49:36.042510Z DEBUG transparent_shard_server::service: query stage revision=5b7ee9849d47f5ee67d04eb6ca4588beacf42dce75e5a1b481dfd02607b1fb20 table="pages" seconds=2.685e-6 stage="query_admission"
2026-09-09T20:49:36.042546Z DEBUG transparent_shard_server::service: query stage revision=5b7ee9849d47f5ee67d04eb6ca4588beacf42dce75e5a1b481dfd02607b1fb20 table="pages" seconds=6.546e-6 stage="query_runtime"
2026-09-09T20:49:36.042619Z DEBUG transparent_shard_server::service: query stage revision=5b7ee9849d47f5ee67d04eb6ca4588beacf42dce75e5a1b481dfd02607b1fb20 table="pages" seconds=7.0522e-5 admitted=true stage="query_memory_admission"
2026-09-09T20:49:36.042640Z DEBUG transparent_shard_server::service: query stage revision=5b7ee9849d47f5ee67d04eb6ca4588beacf42dce75e5a1b481dfd02607b1fb20 table="pages" seconds=1.4753e-5 stage="query_dispatch"
2026-09-09T20:49:36.047799Z DEBUG transparent_shard_server::service: query stage revision=5b7ee9849d47f5ee67d04eb6ca4588beacf42dce75e5a1b481dfd02607b1fb20 table="pages" seconds=0.018910068 stage="query_evaluate"
2026-09-09T20:49:36.056609Z DEBUG transparent_shard_server::service: query stage revision=5b7ee9849d47f5ee67d04eb6ca4588beacf42dce75e5a1b481dfd02607b1fb20 table="pages" seconds=0.013948705 stage="query_evaluate"
2026-09-09T20:49:36.206139Z DEBUG transparent_shard_server::service: query stage revision=5b7ee9849d47f5ee67d04eb6ca4588beacf42dce75e5a1b481dfd02607b1fb20 table="directory" seconds=3.571e-6 stage="query_admission"
2026-09-09T20:49:36.206187Z DEBUG transparent_shard_server::service: query stage revision=5b7ee9849d47f5ee67d04eb6ca4588beacf42dce75e5a1b481dfd02607b1fb20 table="directory" seconds=7.067e-6 stage="query_runtime"
2026-09-09T20:49:36.206256Z DEBUG transparent_shard_server::service: query stage revision=5b7ee9849d47f5ee67d04eb6ca4588beacf42dce75e5a1b481dfd02607b1fb20 table="directory" seconds=6.4371e-5 admitted=true stage="query_memory_admission"
2026-09-09T20:49:36.206303Z DEBUG transparent_shard_server::service: query stage revision=5b7ee9849d47f5ee67d04eb6ca4588beacf42dce75e5a1b481dfd02607b1fb20 table="directory" seconds=4.1201e-5 stage="query_dispatch"
2026-09-09T20:49:36.221541Z DEBUG transparent_shard_server::service: query stage revision=5b7ee9849d47f5ee67d04eb6ca4588beacf42dce75e5a1b481dfd02607b1fb20 table="directory" seconds=2.946e-6 stage="query_admission"
2026-09-09T20:49:36.221576Z DEBUG transparent_shard_server::service: query stage revision=5b7ee9849d47f5ee67d04eb6ca4588beacf42dce75e5a1b481dfd02607b1fb20 table="directory" seconds=6.78e-6 stage="query_runtime"
2026-09-09T20:49:36.221650Z DEBUG transparent_shard_server::service: query stage revision=5b7ee9849d47f5ee67d04eb6ca4588beacf42dce75e5a1b481dfd02607b1fb20 table="directory" seconds=7.093e-5 admitted=true stage="query_memory_admission"
2026-09-09T20:49:36.221678Z DEBUG transparent_shard_server::service: query stage revision=5b7ee9849d47f5ee67d04eb6ca4588beacf42dce75e5a1b481dfd02607b1fb20 table="directory" seconds=2.3471e-5 stage="query_dispatch"
2026-09-09T20:49:36.222213Z DEBUG transparent_shard_server::service: query stage revision=5b7ee9849d47f5ee67d04eb6ca4588beacf42dce75e5a1b481dfd02607b1fb20 table="directory" seconds=0.015885534 stage="query_evaluate"
2026-09-09T20:49:36.237674Z DEBUG transparent_shard_server::service: query stage revision=5b7ee9849d47f5ee67d04eb6ca4588beacf42dce75e5a1b481dfd02607b1fb20 table="directory" seconds=0.015990398 stage="query_evaluate"
2026-09-09T20:49:36.383327Z DEBUG transparent_shard_server::service: query stage revision=5b7ee9849d47f5ee67d04eb6ca4588beacf42dce75e5a1b481dfd02607b1fb20 table="pages" seconds=2.813e-6 stage="query_admission"
2026-09-09T20:49:36.383365Z DEBUG transparent_shard_server::service: query stage revision=5b7ee9849d47f5ee67d04eb6ca4588beacf42dce75e5a1b481dfd02607b1fb20 table="pages" seconds=4.553e-6 stage="query_runtime"
2026-09-09T20:49:36.383456Z DEBUG transparent_shard_server::service: query stage revision=5b7ee9849d47f5ee67d04eb6ca4588beacf42dce75e5a1b481dfd02607b1fb20 table="pages" seconds=7.4117e-5 admitted=true stage="query_memory_admission"
2026-09-09T20:49:36.383515Z DEBUG transparent_shard_server::service: query stage revision=5b7ee9849d47f5ee67d04eb6ca4588beacf42dce75e5a1b481dfd02607b1fb20 table="pages" seconds=5.4604e-5 stage="query_dispatch"
2026-09-09T20:49:36.402061Z DEBUG transparent_shard_server::service: query stage revision=5b7ee9849d47f5ee67d04eb6ca4588beacf42dce75e5a1b481dfd02607b1fb20 table="pages" seconds=2.613e-6 stage="query_admission"
2026-09-09T20:49:36.402098Z DEBUG transparent_shard_server::service: query stage revision=5b7ee9849d47f5ee67d04eb6ca4588beacf42dce75e5a1b481dfd02607b1fb20 table="pages" seconds=4.505e-6 stage="query_runtime"
2026-09-09T20:49:36.402208Z DEBUG transparent_shard_server::service: query stage revision=5b7ee9849d47f5ee67d04eb6ca4588beacf42dce75e5a1b481dfd02607b1fb20 table="pages" seconds=0.000106909 admitted=true stage="query_memory_admission"
2026-09-09T20:49:36.402264Z DEBUG transparent_shard_server::service: query stage revision=5b7ee9849d47f5ee67d04eb6ca4588beacf42dce75e5a1b481dfd02607b1fb20 table="pages" seconds=1.7633e-5 stage="query_dispatch"
2026-09-09T20:49:36.538325Z DEBUG transparent_shard_server::service: query stage revision=5b7ee9849d47f5ee67d04eb6ca4588beacf42dce75e5a1b481dfd02607b1fb20 table="pages" seconds=0.136039607 stage="query_evaluate"
2026-09-09T20:49:36.538362Z DEBUG transparent_shard_server::service: query stage revision=5b7ee9849d47f5ee67d04eb6ca4588beacf42dce75e5a1b481dfd02607b1fb20 table="pages" seconds=0.15484059 stage="query_evaluate"
2026-09-09T20:49:36.693515Z DEBUG transparent_shard_server::service: query stage revision=5b7ee9849d47f5ee67d04eb6ca4588beacf42dce75e5a1b481dfd02607b1fb20 table="directory" seconds=3.794e-6 stage="query_admission"
2026-09-09T20:49:36.693557Z DEBUG transparent_shard_server::service: query stage revision=5b7ee9849d47f5ee67d04eb6ca4588beacf42dce75e5a1b481dfd02607b1fb20 table="directory" seconds=7.139e-6 stage="query_runtime"
2026-09-09T20:49:36.693634Z DEBUG transparent_shard_server::service: query stage revision=5b7ee9849d47f5ee67d04eb6ca4588beacf42dce75e5a1b481dfd02607b1fb20 table="directory" seconds=7.398e-5 admitted=true stage="query_memory_admission"
2026-09-09T20:49:36.696177Z DEBUG transparent_shard_server::service: query stage revision=5b7ee9849d47f5ee67d04eb6ca4588beacf42dce75e5a1b481dfd02607b1fb20 table="directory" seconds=0.002535775 stage="query_dispatch"
2026-09-09T20:49:36.696745Z DEBUG transparent_shard_server::service: query stage revision=5b7ee9849d47f5ee67d04eb6ca4588beacf42dce75e5a1b481dfd02607b1fb20 table="directory" seconds=2.142e-6 stage="query_admission"
2026-09-09T20:49:36.696766Z DEBUG transparent_shard_server::service: query stage revision=5b7ee9849d47f5ee67d04eb6ca4588beacf42dce75e5a1b481dfd02607b1fb20 table="directory" seconds=5.327e-6 stage="query_runtime"
2026-09-09T20:49:36.696837Z DEBUG transparent_shard_server::service: query stage revision=5b7ee9849d47f5ee67d04eb6ca4588beacf42dce75e5a1b481dfd02607b1fb20 table="directory" seconds=6.7693e-5 admitted=true stage="query_memory_admission"
2026-09-09T20:49:36.696857Z DEBUG transparent_shard_server::service: query stage revision=5b7ee9849d47f5ee67d04eb6ca4588beacf42dce75e5a1b481dfd02607b1fb20 table="directory" seconds=1.5251e-5 stage="query_dispatch"
2026-09-09T20:49:36.719471Z DEBUG transparent_shard_server::service: query stage revision=5b7ee9849d47f5ee67d04eb6ca4588beacf42dce75e5a1b481dfd02607b1fb20 table="directory" seconds=0.023259137 stage="query_evaluate"
2026-09-09T20:49:36.720072Z DEBUG transparent_shard_server::service: query stage revision=5b7ee9849d47f5ee67d04eb6ca4588beacf42dce75e5a1b481dfd02607b1fb20 table="directory" seconds=0.023206166 stage="query_evaluate"
2026-09-09T20:49:36.875350Z DEBUG transparent_shard_server::service: query stage revision=5b7ee9849d47f5ee67d04eb6ca4588beacf42dce75e5a1b481dfd02607b1fb20 table="pages" seconds=2.306e-6 stage="query_admission"
2026-09-09T20:49:36.875399Z DEBUG transparent_shard_server::service: query stage revision=5b7ee9849d47f5ee67d04eb6ca4588beacf42dce75e5a1b481dfd02607b1fb20 table="pages" seconds=4.413e-6 stage="query_runtime"
2026-09-09T20:49:36.875489Z DEBUG transparent_shard_server::service: query stage revision=5b7ee9849d47f5ee67d04eb6ca4588beacf42dce75e5a1b481dfd02607b1fb20 table="pages" seconds=8.6445e-5 admitted=true stage="query_memory_admission"
2026-09-09T20:49:36.875511Z DEBUG transparent_shard_server::service: query stage revision=5b7ee9849d47f5ee67d04eb6ca4588beacf42dce75e5a1b481dfd02607b1fb20 table="pages" seconds=1.559e-5 stage="query_dispatch"
2026-09-09T20:49:36.875679Z DEBUG transparent_shard_server::service: query stage revision=5b7ee9849d47f5ee67d04eb6ca4588beacf42dce75e5a1b481dfd02607b1fb20 table="pages" seconds=1.399e-6 stage="query_admission"
2026-09-09T20:49:36.875688Z DEBUG transparent_shard_server::service: query stage revision=5b7ee9849d47f5ee67d04eb6ca4588beacf42dce75e5a1b481dfd02607b1fb20 table="pages" seconds=2.488e-6 stage="query_runtime"
2026-09-09T20:49:36.875742Z DEBUG transparent_shard_server::service: query stage revision=5b7ee9849d47f5ee67d04eb6ca4588beacf42dce75e5a1b481dfd02607b1fb20 table="pages" seconds=5.1292e-5 admitted=true stage="query_memory_admission"
2026-09-09T20:49:36.875765Z DEBUG transparent_shard_server::service: query stage revision=5b7ee9849d47f5ee67d04eb6ca4588beacf42dce75e5a1b481dfd02607b1fb20 table="pages" seconds=1.9654e-5 stage="query_dispatch"
2026-09-09T20:49:36.931949Z DEBUG transparent_shard_server::service: query stage revision=5b7ee9849d47f5ee67d04eb6ca4588beacf42dce75e5a1b481dfd02607b1fb20 table="pages" seconds=0.056418107 stage="query_evaluate"
2026-09-09T20:49:36.939752Z DEBUG transparent_shard_server::service: query stage revision=5b7ee9849d47f5ee67d04eb6ca4588beacf42dce75e5a1b481dfd02607b1fb20 table="pages" seconds=0.063970081 stage="query_evaluate"
2026-09-09T20:49:37.087552Z DEBUG transparent_shard_server::service: query stage revision=5b7ee9849d47f5ee67d04eb6ca4588beacf42dce75e5a1b481dfd02607b1fb20 table="directory" seconds=3.076e-6 stage="query_admission"
2026-09-09T20:49:37.087591Z DEBUG transparent_shard_server::service: query stage revision=5b7ee9849d47f5ee67d04eb6ca4588beacf42dce75e5a1b481dfd02607b1fb20 table="directory" seconds=6.343e-6 stage="query_runtime"
2026-09-09T20:49:37.087662Z DEBUG transparent_shard_server::service: query stage revision=5b7ee9849d47f5ee67d04eb6ca4588beacf42dce75e5a1b481dfd02607b1fb20 table="directory" seconds=6.8296e-5 admitted=true stage="query_memory_admission"
2026-09-09T20:49:37.087693Z DEBUG transparent_shard_server::service: query stage revision=5b7ee9849d47f5ee67d04eb6ca4588beacf42dce75e5a1b481dfd02607b1fb20 table="directory" seconds=2.5494e-5 stage="query_dispatch"
2026-09-09T20:49:37.095472Z DEBUG transparent_shard_server::service: query stage revision=5b7ee9849d47f5ee67d04eb6ca4588beacf42dce75e5a1b481dfd02607b1fb20 table="directory" seconds=2.454e-6 stage="query_admission"
2026-09-09T20:49:37.095506Z DEBUG transparent_shard_server::service: query stage revision=5b7ee9849d47f5ee67d04eb6ca4588beacf42dce75e5a1b481dfd02607b1fb20 table="directory" seconds=6.234e-6 stage="query_runtime"
2026-09-09T20:49:37.095581Z DEBUG transparent_shard_server::service: query stage revision=5b7ee9849d47f5ee67d04eb6ca4588beacf42dce75e5a1b481dfd02607b1fb20 table="directory" seconds=7.2103e-5 admitted=true stage="query_memory_admission"
2026-09-09T20:49:37.099190Z DEBUG transparent_shard_server::service: query stage revision=5b7ee9849d47f5ee67d04eb6ca4588beacf42dce75e5a1b481dfd02607b1fb20 table="directory" seconds=0.003603373 stage="query_dispatch"
2026-09-09T20:49:37.104133Z DEBUG transparent_shard_server::service: query stage revision=5b7ee9849d47f5ee67d04eb6ca4588beacf42dce75e5a1b481dfd02607b1fb20 table="directory" seconds=0.016420964 stage="query_evaluate"
2026-09-09T20:49:37.112793Z DEBUG transparent_shard_server::service: query stage revision=5b7ee9849d47f5ee67d04eb6ca4588beacf42dce75e5a1b481dfd02607b1fb20 table="directory" seconds=0.013577487 stage="query_evaluate"
2026-09-09T20:49:37.261791Z DEBUG transparent_shard_server::service: query stage revision=5b7ee9849d47f5ee67d04eb6ca4588beacf42dce75e5a1b481dfd02607b1fb20 table="pages" seconds=2.981e-6 stage="query_admission"
2026-09-09T20:49:37.261829Z DEBUG transparent_shard_server::service: query stage revision=5b7ee9849d47f5ee67d04eb6ca4588beacf42dce75e5a1b481dfd02607b1fb20 table="pages" seconds=5.928e-6 stage="query_runtime"
2026-09-09T20:49:37.261903Z DEBUG transparent_shard_server::service: query stage revision=5b7ee9849d47f5ee67d04eb6ca4588beacf42dce75e5a1b481dfd02607b1fb20 table="pages" seconds=7.0882e-5 admitted=true stage="query_memory_admission"
2026-09-09T20:49:37.261934Z DEBUG transparent_shard_server::service: query stage revision=5b7ee9849d47f5ee67d04eb6ca4588beacf42dce75e5a1b481dfd02607b1fb20 table="pages" seconds=2.6125e-5 stage="query_dispatch"
2026-09-09T20:49:37.269486Z DEBUG transparent_shard_server::service: query stage revision=5b7ee9849d47f5ee67d04eb6ca4588beacf42dce75e5a1b481dfd02607b1fb20 table="pages" seconds=2.638e-6 stage="query_admission"
2026-09-09T20:49:37.269517Z DEBUG transparent_shard_server::service: query stage revision=5b7ee9849d47f5ee67d04eb6ca4588beacf42dce75e5a1b481dfd02607b1fb20 table="pages" seconds=5.092e-6 stage="query_runtime"
2026-09-09T20:49:37.269588Z DEBUG transparent_shard_server::service: query stage revision=5b7ee9849d47f5ee67d04eb6ca4588beacf42dce75e5a1b481dfd02607b1fb20 table="pages" seconds=6.8828e-5 admitted=true stage="query_memory_admission"
2026-09-09T20:49:37.269611Z DEBUG transparent_shard_server::service: query stage revision=5b7ee9849d47f5ee67d04eb6ca4588beacf42dce75e5a1b481dfd02607b1fb20 table="pages" seconds=1.7549e-5 stage="query_dispatch"
2026-09-09T20:49:37.278531Z DEBUG transparent_shard_server::service: query stage revision=5b7ee9849d47f5ee67d04eb6ca4588beacf42dce75e5a1b481dfd02607b1fb20 table="pages" seconds=0.016576431 stage="query_evaluate"
2026-09-09T20:49:37.287253Z DEBUG transparent_shard_server::service: query stage revision=5b7ee9849d47f5ee67d04eb6ca4588beacf42dce75e5a1b481dfd02607b1fb20 table="pages" seconds=0.017619109 stage="query_evaluate"
2026-09-09T20:49:37.433611Z DEBUG transparent_shard_server::service: query stage revision=5b7ee9849d47f5ee67d04eb6ca4588beacf42dce75e5a1b481dfd02607b1fb20 table="directory" seconds=2.711e-6 stage="query_admission"
2026-09-09T20:49:37.433648Z DEBUG transparent_shard_server::service: query stage revision=5b7ee9849d47f5ee67d04eb6ca4588beacf42dce75e5a1b481dfd02607b1fb20 table="directory" seconds=4.792e-6 stage="query_runtime"
2026-09-09T20:49:37.433726Z DEBUG transparent_shard_server::service: query stage revision=5b7ee9849d47f5ee67d04eb6ca4588beacf42dce75e5a1b481dfd02607b1fb20 table="directory" seconds=7.5044e-5 admitted=true stage="query_memory_admission"
2026-09-09T20:49:37.433855Z DEBUG transparent_shard_server::service: query stage revision=5b7ee9849d47f5ee67d04eb6ca4588beacf42dce75e5a1b481dfd02607b1fb20 table="directory" seconds=0.000122026 stage="query_dispatch"
2026-09-09T20:49:37.443834Z DEBUG transparent_shard_server::service: query stage revision=5b7ee9849d47f5ee67d04eb6ca4588beacf42dce75e5a1b481dfd02607b1fb20 table="directory" seconds=2.69e-6 stage="query_admission"
2026-09-09T20:49:37.443872Z DEBUG transparent_shard_server::service: query stage revision=5b7ee9849d47f5ee67d04eb6ca4588beacf42dce75e5a1b481dfd02607b1fb20 table="directory" seconds=6.378e-6 stage="query_runtime"
2026-09-09T20:49:37.443920Z DEBUG transparent_shard_server::service: query stage revision=5b7ee9849d47f5ee67d04eb6ca4588beacf42dce75e5a1b481dfd02607b1fb20 table="directory" seconds=4.4784e-5 admitted=true stage="query_memory_admission"
2026-09-09T20:49:37.447206Z DEBUG transparent_shard_server::service: query stage revision=5b7ee9849d47f5ee67d04eb6ca4588beacf42dce75e5a1b481dfd02607b1fb20 table="directory" seconds=0.003281574 stage="query_dispatch"
2026-09-09T20:49:37.460136Z DEBUG transparent_shard_server::service: query stage revision=5b7ee9849d47f5ee67d04eb6ca4588beacf42dce75e5a1b481dfd02607b1fb20 table="directory" seconds=0.012903066 stage="query_evaluate"
2026-09-09T20:49:37.460887Z DEBUG transparent_shard_server::service: query stage revision=5b7ee9849d47f5ee67d04eb6ca4588beacf42dce75e5a1b481dfd02607b1fb20 table="directory" seconds=0.027009109 stage="query_evaluate"
2026-09-09T20:49:37.617631Z DEBUG transparent_shard_server::service: query stage revision=5b7ee9849d47f5ee67d04eb6ca4588beacf42dce75e5a1b481dfd02607b1fb20 table="pages" seconds=3.167e-6 stage="query_admission"
2026-09-09T20:49:37.617670Z DEBUG transparent_shard_server::service: query stage revision=5b7ee9849d47f5ee67d04eb6ca4588beacf42dce75e5a1b481dfd02607b1fb20 table="pages" seconds=5.422e-6 stage="query_runtime"
2026-09-09T20:49:37.617750Z DEBUG transparent_shard_server::service: query stage revision=5b7ee9849d47f5ee67d04eb6ca4588beacf42dce75e5a1b481dfd02607b1fb20 table="pages" seconds=7.7139e-5 admitted=true stage="query_memory_admission"
2026-09-09T20:49:37.617769Z DEBUG transparent_shard_server::service: query stage revision=5b7ee9849d47f5ee67d04eb6ca4588beacf42dce75e5a1b481dfd02607b1fb20 table="pages" seconds=1.3844e-5 stage="query_dispatch"
2026-09-09T20:49:37.618217Z DEBUG transparent_shard_server::service: query stage revision=5b7ee9849d47f5ee67d04eb6ca4588beacf42dce75e5a1b481dfd02607b1fb20 table="pages" seconds=1.389e-6 stage="query_admission"
2026-09-09T20:49:37.618235Z DEBUG transparent_shard_server::service: query stage revision=5b7ee9849d47f5ee67d04eb6ca4588beacf42dce75e5a1b481dfd02607b1fb20 table="pages" seconds=7.503e-6 stage="query_runtime"
2026-09-09T20:49:37.618276Z DEBUG transparent_shard_server::service: query stage revision=5b7ee9849d47f5ee67d04eb6ca4588beacf42dce75e5a1b481dfd02607b1fb20 table="pages" seconds=3.8704e-5 admitted=true stage="query_memory_admission"
2026-09-09T20:49:37.618310Z DEBUG transparent_shard_server::service: query stage revision=5b7ee9849d47f5ee67d04eb6ca4588beacf42dce75e5a1b481dfd02607b1fb20 table="pages" seconds=2.8595e-5 stage="query_dispatch"
2026-09-09T20:49:37.634560Z DEBUG transparent_shard_server::service: query stage revision=5b7ee9849d47f5ee67d04eb6ca4588beacf42dce75e5a1b481dfd02607b1fb20 table="pages" seconds=0.016223865 stage="query_evaluate"
2026-09-09T20:49:37.643429Z DEBUG transparent_shard_server::service: query stage revision=5b7ee9849d47f5ee67d04eb6ca4588beacf42dce75e5a1b481dfd02607b1fb20 table="pages" seconds=0.025654664 stage="query_evaluate"
2026-09-09T20:49:37.790770Z DEBUG transparent_shard_server::service: query stage revision=5b7ee9849d47f5ee67d04eb6ca4588beacf42dce75e5a1b481dfd02607b1fb20 table="directory" seconds=3.391e-6 stage="query_admission"
2026-09-09T20:49:37.790809Z DEBUG transparent_shard_server::service: query stage revision=5b7ee9849d47f5ee67d04eb6ca4588beacf42dce75e5a1b481dfd02607b1fb20 table="directory" seconds=6.388e-6 stage="query_runtime"
2026-09-09T20:49:37.790888Z DEBUG transparent_shard_server::service: query stage revision=5b7ee9849d47f5ee67d04eb6ca4588beacf42dce75e5a1b481dfd02607b1fb20 table="directory" seconds=7.6196e-5 admitted=true stage="query_memory_admission"
2026-09-09T20:49:37.790934Z DEBUG transparent_shard_server::service: query stage revision=5b7ee9849d47f5ee67d04eb6ca4588beacf42dce75e5a1b481dfd02607b1fb20 table="directory" seconds=4.0063e-5 stage="query_dispatch"
2026-09-09T20:49:37.802464Z DEBUG transparent_shard_server::service: query stage revision=5b7ee9849d47f5ee67d04eb6ca4588beacf42dce75e5a1b481dfd02607b1fb20 table="directory" seconds=2.42e-6 stage="query_admission"
2026-09-09T20:49:37.802500Z DEBUG transparent_shard_server::service: query stage revision=5b7ee9849d47f5ee67d04eb6ca4588beacf42dce75e5a1b481dfd02607b1fb20 table="directory" seconds=5.757e-6 stage="query_runtime"
2026-09-09T20:49:37.802576Z DEBUG transparent_shard_server::service: query stage revision=5b7ee9849d47f5ee67d04eb6ca4588beacf42dce75e5a1b481dfd02607b1fb20 table="directory" seconds=7.258e-5 admitted=true stage="query_memory_admission"
2026-09-09T20:49:37.802605Z DEBUG transparent_shard_server::service: query stage revision=5b7ee9849d47f5ee67d04eb6ca4588beacf42dce75e5a1b481dfd02607b1fb20 table="directory" seconds=2.4574e-5 stage="query_dispatch"
2026-09-09T20:49:37.807746Z DEBUG transparent_shard_server::service: query stage revision=5b7ee9849d47f5ee67d04eb6ca4588beacf42dce75e5a1b481dfd02607b1fb20 table="directory" seconds=0.016790509 stage="query_evaluate"
2026-09-09T20:49:37.816727Z DEBUG transparent_shard_server::service: query stage revision=5b7ee9849d47f5ee67d04eb6ca4588beacf42dce75e5a1b481dfd02607b1fb20 table="directory" seconds=0.014107341 stage="query_evaluate"
2026-09-09T20:49:37.835139Z DEBUG transparent_shard_server::runtime: construction stage geometry="recent-8k" table="directory" seconds=2.28146139 stage="pack_preprocessing"
2026-09-09T20:49:37.835434Z DEBUG transparent_shard_server::runtime: construction stage geometry="recent-8k" table="directory" seconds=0.000257065 stage="publish_parameters"
2026-09-09T20:49:37.836078Z DEBUG transparent_shard_server::runtime: runtime stage key=("be059aab39ac34125e0452548d6fbcfb1e7cdb7237a597bd59ee86011ed4882b", Directory, 0) seconds=3.645987275 stage="runtime_build"
2026-09-09T20:49:37.962641Z DEBUG transparent_shard_server::service: query stage revision=5b7ee9849d47f5ee67d04eb6ca4588beacf42dce75e5a1b481dfd02607b1fb20 table="pages" seconds=2.685e-6 stage="query_admission"
2026-09-09T20:49:37.962670Z DEBUG transparent_shard_server::service: query stage revision=5b7ee9849d47f5ee67d04eb6ca4588beacf42dce75e5a1b481dfd02607b1fb20 table="pages" seconds=4.449e-6 stage="query_runtime"
2026-09-09T20:49:37.962715Z DEBUG transparent_shard_server::service: query stage revision=5b7ee9849d47f5ee67d04eb6ca4588beacf42dce75e5a1b481dfd02607b1fb20 table="pages" seconds=4.1473e-5 admitted=true stage="query_memory_admission"
2026-09-09T20:49:37.962730Z DEBUG transparent_shard_server::service: query stage revision=5b7ee9849d47f5ee67d04eb6ca4588beacf42dce75e5a1b481dfd02607b1fb20 table="pages" seconds=1.1396e-5 stage="query_dispatch"
2026-09-09T20:49:37.976435Z DEBUG transparent_shard_server::service: query stage revision=5b7ee9849d47f5ee67d04eb6ca4588beacf42dce75e5a1b481dfd02607b1fb20 table="pages" seconds=2.347e-6 stage="query_admission"
2026-09-09T20:49:37.976465Z DEBUG transparent_shard_server::service: query stage revision=5b7ee9849d47f5ee67d04eb6ca4588beacf42dce75e5a1b481dfd02607b1fb20 table="pages" seconds=3.613e-6 stage="query_runtime"
2026-09-09T20:49:37.976536Z DEBUG transparent_shard_server::service: query stage revision=5b7ee9849d47f5ee67d04eb6ca4588beacf42dce75e5a1b481dfd02607b1fb20 table="pages" seconds=6.7804e-5 admitted=true stage="query_memory_admission"
2026-09-09T20:49:37.976560Z DEBUG transparent_shard_server::service: query stage revision=5b7ee9849d47f5ee67d04eb6ca4588beacf42dce75e5a1b481dfd02607b1fb20 table="pages" seconds=1.8223e-5 stage="query_dispatch"
2026-09-09T20:49:37.992132Z DEBUG transparent_shard_server::service: query stage revision=5b7ee9849d47f5ee67d04eb6ca4588beacf42dce75e5a1b481dfd02607b1fb20 table="pages" seconds=0.029395474 stage="query_evaluate"
2026-09-09T20:49:38.009093Z DEBUG transparent_shard_server::service: query stage revision=5b7ee9849d47f5ee67d04eb6ca4588beacf42dce75e5a1b481dfd02607b1fb20 table="pages" seconds=0.032516085 stage="query_evaluate"
2026-09-09T20:49:38.150667Z DEBUG transparent_shard_server::service: query stage revision=5b7ee9849d47f5ee67d04eb6ca4588beacf42dce75e5a1b481dfd02607b1fb20 table="directory" seconds=2.975e-6 stage="query_admission"
2026-09-09T20:49:38.150704Z DEBUG transparent_shard_server::service: query stage revision=5b7ee9849d47f5ee67d04eb6ca4588beacf42dce75e5a1b481dfd02607b1fb20 table="directory" seconds=5.103e-6 stage="query_runtime"
2026-09-09T20:49:38.150784Z DEBUG transparent_shard_server::service: query stage revision=5b7ee9849d47f5ee67d04eb6ca4588beacf42dce75e5a1b481dfd02607b1fb20 table="directory" seconds=7.6294e-5 admitted=true stage="query_memory_admission"
2026-09-09T20:49:38.150802Z DEBUG transparent_shard_server::service: query stage revision=5b7ee9849d47f5ee67d04eb6ca4588beacf42dce75e5a1b481dfd02607b1fb20 table="directory" seconds=1.4557e-5 stage="query_dispatch"
2026-09-09T20:49:38.164533Z DEBUG transparent_shard_server::service: query stage revision=5b7ee9849d47f5ee67d04eb6ca4588beacf42dce75e5a1b481dfd02607b1fb20 table="directory" seconds=2.345e-6 stage="query_admission"
2026-09-09T20:49:38.164568Z DEBUG transparent_shard_server::service: query stage revision=5b7ee9849d47f5ee67d04eb6ca4588beacf42dce75e5a1b481dfd02607b1fb20 table="directory" seconds=4.68e-6 stage="query_runtime"
2026-09-09T20:49:38.164643Z DEBUG transparent_shard_server::service: query stage revision=5b7ee9849d47f5ee67d04eb6ca4588beacf42dce75e5a1b481dfd02607b1fb20 table="directory" seconds=7.1942e-5 admitted=true stage="query_memory_admission"
2026-09-09T20:49:38.164669Z DEBUG transparent_shard_server::service: query stage revision=5b7ee9849d47f5ee67d04eb6ca4588beacf42dce75e5a1b481dfd02607b1fb20 table="directory" seconds=1.9752e-5 stage="query_dispatch"
2026-09-09T20:49:38.179741Z DEBUG transparent_shard_server::service: query stage revision=5b7ee9849d47f5ee67d04eb6ca4588beacf42dce75e5a1b481dfd02607b1fb20 table="directory" seconds=0.028922788 stage="query_evaluate"
2026-09-09T20:49:38.201703Z DEBUG transparent_shard_server::service: query stage revision=5b7ee9849d47f5ee67d04eb6ca4588beacf42dce75e5a1b481dfd02607b1fb20 table="directory" seconds=0.037014953 stage="query_evaluate"
2026-09-09T20:49:38.335778Z DEBUG transparent_shard_server::service: query stage revision=5b7ee9849d47f5ee67d04eb6ca4588beacf42dce75e5a1b481dfd02607b1fb20 table="pages" seconds=2.694e-6 stage="query_admission"
2026-09-09T20:49:38.335814Z DEBUG transparent_shard_server::service: query stage revision=5b7ee9849d47f5ee67d04eb6ca4588beacf42dce75e5a1b481dfd02607b1fb20 table="pages" seconds=5.892e-6 stage="query_runtime"
2026-09-09T20:49:38.335896Z DEBUG transparent_shard_server::service: query stage revision=5b7ee9849d47f5ee67d04eb6ca4588beacf42dce75e5a1b481dfd02607b1fb20 table="pages" seconds=7.8036e-5 admitted=true stage="query_memory_admission"
2026-09-09T20:49:38.335914Z DEBUG transparent_shard_server::service: query stage revision=5b7ee9849d47f5ee67d04eb6ca4588beacf42dce75e5a1b481dfd02607b1fb20 table="pages" seconds=1.3306e-5 stage="query_dispatch"
2026-09-09T20:49:38.358492Z DEBUG transparent_shard_server::service: query stage revision=5b7ee9849d47f5ee67d04eb6ca4588beacf42dce75e5a1b481dfd02607b1fb20 table="pages" seconds=2.207e-6 stage="query_admission"
2026-09-09T20:49:38.358521Z DEBUG transparent_shard_server::service: query stage revision=5b7ee9849d47f5ee67d04eb6ca4588beacf42dce75e5a1b481dfd02607b1fb20 table="pages" seconds=4.027e-6 stage="query_runtime"
2026-09-09T20:49:38.358591Z DEBUG transparent_shard_server::service: query stage revision=5b7ee9849d47f5ee67d04eb6ca4588beacf42dce75e5a1b481dfd02607b1fb20 table="pages" seconds=6.6988e-5 admitted=true stage="query_memory_admission"
2026-09-09T20:49:38.358618Z DEBUG transparent_shard_server::service: query stage revision=5b7ee9849d47f5ee67d04eb6ca4588beacf42dce75e5a1b481dfd02607b1fb20 table="pages" seconds=2.1584e-5 stage="query_dispatch"
2026-09-09T20:49:38.359170Z DEBUG transparent_shard_server::service: query stage revision=5b7ee9849d47f5ee67d04eb6ca4588beacf42dce75e5a1b481dfd02607b1fb20 table="pages" seconds=0.023252151 stage="query_evaluate"
2026-09-09T20:49:38.385351Z DEBUG transparent_shard_server::service: query stage revision=5b7ee9849d47f5ee67d04eb6ca4588beacf42dce75e5a1b481dfd02607b1fb20 table="pages" seconds=0.026717721 stage="query_evaluate"
2026-09-09T20:49:38.516955Z DEBUG transparent_shard_server::service: query stage revision=5b7ee9849d47f5ee67d04eb6ca4588beacf42dce75e5a1b481dfd02607b1fb20 table="directory" seconds=2.626e-6 stage="query_admission"
2026-09-09T20:49:38.516996Z DEBUG transparent_shard_server::service: query stage revision=5b7ee9849d47f5ee67d04eb6ca4588beacf42dce75e5a1b481dfd02607b1fb20 table="directory" seconds=4.92e-6 stage="query_runtime"
2026-09-09T20:49:38.517072Z DEBUG transparent_shard_server::service: query stage revision=5b7ee9849d47f5ee67d04eb6ca4588beacf42dce75e5a1b481dfd02607b1fb20 table="directory" seconds=7.1835e-5 admitted=true stage="query_memory_admission"
2026-09-09T20:49:38.517100Z DEBUG transparent_shard_server::service: query stage revision=5b7ee9849d47f5ee67d04eb6ca4588beacf42dce75e5a1b481dfd02607b1fb20 table="directory" seconds=1.3044e-5 stage="query_dispatch"
2026-09-09T20:49:38.521250Z DEBUG transparent_shard_server::runtime: runtime stage key=("be059aab39ac34125e0452548d6fbcfb1e7cdb7237a597bd59ee86011ed4882b", Directory, 0) seconds=0.685094889 stage="disk_save"
2026-09-09T20:49:38.540147Z DEBUG transparent_shard_server::service: query stage revision=5b7ee9849d47f5ee67d04eb6ca4588beacf42dce75e5a1b481dfd02607b1fb20 table="directory" seconds=0.023041016 stage="query_evaluate"
2026-09-09T20:49:38.556853Z DEBUG transparent_shard_server::service: query stage revision=5b7ee9849d47f5ee67d04eb6ca4588beacf42dce75e5a1b481dfd02607b1fb20 table="directory" seconds=2.881e-6 stage="query_admission"
2026-09-09T20:49:38.556889Z DEBUG transparent_shard_server::service: query stage revision=5b7ee9849d47f5ee67d04eb6ca4588beacf42dce75e5a1b481dfd02607b1fb20 table="directory" seconds=4.399e-6 stage="query_runtime"
2026-09-09T20:49:38.556966Z DEBUG transparent_shard_server::service: query stage revision=5b7ee9849d47f5ee67d04eb6ca4588beacf42dce75e5a1b481dfd02607b1fb20 table="directory" seconds=7.4143e-5 admitted=true stage="query_memory_admission"
2026-09-09T20:49:38.556993Z DEBUG transparent_shard_server::service: query stage revision=5b7ee9849d47f5ee67d04eb6ca4588beacf42dce75e5a1b481dfd02607b1fb20 table="directory" seconds=1.9482e-5 stage="query_dispatch"
2026-09-09T20:49:38.583942Z DEBUG transparent_shard_server::service: query stage revision=5b7ee9849d47f5ee67d04eb6ca4588beacf42dce75e5a1b481dfd02607b1fb20 table="directory" seconds=0.026929267 stage="query_evaluate"
2026-09-09T20:49:38.695456Z DEBUG transparent_shard_server::service: query stage revision=5b7ee9849d47f5ee67d04eb6ca4588beacf42dce75e5a1b481dfd02607b1fb20 table="pages" seconds=2.539e-6 stage="query_admission"
2026-09-09T20:49:38.695493Z DEBUG transparent_shard_server::service: query stage revision=5b7ee9849d47f5ee67d04eb6ca4588beacf42dce75e5a1b481dfd02607b1fb20 table="pages" seconds=4.336e-6 stage="query_runtime"
2026-09-09T20:49:38.695548Z DEBUG transparent_shard_server::service: query stage revision=5b7ee9849d47f5ee67d04eb6ca4588beacf42dce75e5a1b481dfd02607b1fb20 table="pages" seconds=5.1847e-5 admitted=true stage="query_memory_admission"
2026-09-09T20:49:38.695573Z DEBUG transparent_shard_server::service: query stage revision=5b7ee9849d47f5ee67d04eb6ca4588beacf42dce75e5a1b481dfd02607b1fb20 table="pages" seconds=1.95e-5 stage="query_dispatch"
2026-09-09T20:49:38.708413Z DEBUG transparent_shard_server::service: query stage revision=5b7ee9849d47f5ee67d04eb6ca4588beacf42dce75e5a1b481dfd02607b1fb20 table="pages" seconds=0.012818854 stage="query_evaluate"
2026-09-09T20:49:38.739089Z DEBUG transparent_shard_server::service: query stage revision=5b7ee9849d47f5ee67d04eb6ca4588beacf42dce75e5a1b481dfd02607b1fb20 table="pages" seconds=2.876e-6 stage="query_admission"
2026-09-09T20:49:38.739127Z DEBUG transparent_shard_server::service: query stage revision=5b7ee9849d47f5ee67d04eb6ca4588beacf42dce75e5a1b481dfd02607b1fb20 table="pages" seconds=5.121e-6 stage="query_runtime"
2026-09-09T20:49:38.739222Z DEBUG transparent_shard_server::service: query stage revision=5b7ee9849d47f5ee67d04eb6ca4588beacf42dce75e5a1b481dfd02607b1fb20 table="pages" seconds=9.2601e-5 admitted=true stage="query_memory_admission"
2026-09-09T20:49:38.739241Z DEBUG transparent_shard_server::service: query stage revision=5b7ee9849d47f5ee67d04eb6ca4588beacf42dce75e5a1b481dfd02607b1fb20 table="pages" seconds=1.2435e-5 stage="query_dispatch"
2026-09-09T20:49:38.749531Z DEBUG transparent_shard_server::service: query stage revision=5b7ee9849d47f5ee67d04eb6ca4588beacf42dce75e5a1b481dfd02607b1fb20 table="pages" seconds=0.010283606 stage="query_evaluate"
2026-09-09T20:49:38.753525Z DEBUG transparent_shard_server::runtime: construction stage geometry="recent-8k" table="pages" seconds=3.19976834 stage="pack_preprocessing"
2026-09-09T20:49:38.753829Z DEBUG transparent_shard_server::runtime: construction stage geometry="recent-8k" table="pages" seconds=0.000275065 stage="publish_parameters"
2026-09-09T20:49:38.754551Z DEBUG transparent_shard_server::runtime: runtime stage key=("be059aab39ac34125e0452548d6fbcfb1e7cdb7237a597bd59ee86011ed4882b", Pages, 0) seconds=4.579774741 stage="runtime_build"
2026-09-09T20:49:38.754613Z  INFO transparent_shard_server::service: prewarm finished warm=28 target=28 failed=0 seconds=4.727966872
2026-09-09T20:49:38.754669Z DEBUG transparent_shard_server::live: publication preparation stages map=32426d9e9300c44558210d8540b636402af2b3c322627f9e9f26e0082b489725 loading_seconds=0.620966039 warming_seconds=4.728056221
2026-09-09T20:49:38.810292Z  INFO transparent_shard_server::runtime: retired runtime memory reclaimed rss_before=4973895680 rss_after=4521574400
2026-09-09T20:49:38.838358Z DEBUG transparent_shard_server::runtime: runtime stage key=("5b7ee9849d47f5ee67d04eb6ca4588beacf42dce75e5a1b481dfd02607b1fb20", Directory, 0) seconds=1.288e-6 stage="restore_slot"
2026-09-09T20:49:39.366412Z DEBUG transparent_shard_server::runtime: runtime stage key=("268f5c527d35817d37919707b04a706c850d449156baa071b5438dbf8eb53aec", Directory, 0) seconds=1.754e-6 stage="restore_slot"
2026-09-09T20:49:39.366578Z DEBUG transparent_shard_server::runtime: runtime stage key=("268f5c527d35817d37919707b04a706c850d449156baa071b5438dbf8eb53aec", Directory, 0) seconds=3.579e-5 hit=false stage="disk_restore"
2026-09-09T20:49:39.366600Z DEBUG transparent_shard_server::runtime: runtime stage key=("268f5c527d35817d37919707b04a706c850d449156baa071b5438dbf8eb53aec", Directory, 0) seconds=5.01e-7 stage="build_slot"
2026-09-09T20:49:39.366637Z DEBUG transparent_shard_server::memory: cold build admission wait seconds=3.222e-5 admitted=true
2026-09-09T20:49:39.366668Z DEBUG transparent_shard_server::runtime: runtime stage key=("268f5c527d35817d37919707b04a706c850d449156baa071b5438dbf8eb53aec", Pages, 0) seconds=3.15e-7 stage="restore_slot"
2026-09-09T20:49:39.366716Z DEBUG transparent_shard_server::runtime: runtime stage key=("268f5c527d35817d37919707b04a706c850d449156baa071b5438dbf8eb53aec", Pages, 0) seconds=1.6353e-5 hit=false stage="disk_restore"
2026-09-09T20:49:39.366733Z DEBUG transparent_shard_server::runtime: runtime stage key=("268f5c527d35817d37919707b04a706c850d449156baa071b5438dbf8eb53aec", Pages, 0) seconds=5.22e-7 stage="build_slot"
2026-09-09T20:49:39.366772Z DEBUG transparent_shard_server::memory: cold build admission wait seconds=3.1515e-5 admitted=true
2026-09-09T20:49:39.480370Z DEBUG transparent_shard_server::runtime: runtime stage key=("be059aab39ac34125e0452548d6fbcfb1e7cdb7237a597bd59ee86011ed4882b", Pages, 0) seconds=0.72578153 stage="disk_save"
2026-09-09T20:49:39.507083Z DEBUG transparent_shard_server::runtime: runtime stage key=("268f5c527d35817d37919707b04a706c850d449156baa071b5438dbf8eb53aec", Pages, 0) seconds=0.140295684 stage="source_load"
2026-09-09T20:49:39.515295Z DEBUG transparent_shard_server::runtime: runtime stage key=("268f5c527d35817d37919707b04a706c850d449156baa071b5438dbf8eb53aec", Directory, 0) seconds=0.148633434 stage="source_load"
2026-09-09T20:49:39.598616Z DEBUG transparent_shard_server::runtime: runtime stage key=("5b7ee9849d47f5ee67d04eb6ca4588beacf42dce75e5a1b481dfd02607b1fb20", Directory, 0) seconds=0.760142816 hit=true stage="disk_restore"
2026-09-09T20:49:39.720530Z DEBUG transparent_shard_server::runtime: runtime stage key=("5b7ee9849d47f5ee67d04eb6ca4588beacf42dce75e5a1b481dfd02607b1fb20", Directory, 0) seconds=0.121870453 stage="source_verify"
2026-09-09T20:49:39.720563Z  INFO transparent_shard_server::runtime: restored runtime cache seconds=0.882093726
2026-09-09T20:49:39.751461Z DEBUG transparent_shard_server::service: query stage revision=5b7ee9849d47f5ee67d04eb6ca4588beacf42dce75e5a1b481dfd02607b1fb20 table="directory" seconds=2.047e-6 stage="query_admission"
2026-09-09T20:49:39.751496Z DEBUG transparent_shard_server::service: query stage revision=5b7ee9849d47f5ee67d04eb6ca4588beacf42dce75e5a1b481dfd02607b1fb20 table="directory" seconds=4.655e-6 stage="query_runtime"
2026-09-09T20:49:39.751547Z DEBUG transparent_shard_server::service: query stage revision=5b7ee9849d47f5ee67d04eb6ca4588beacf42dce75e5a1b481dfd02607b1fb20 table="directory" seconds=2.124e-6 stage="query_admission"
2026-09-09T20:49:39.751568Z DEBUG transparent_shard_server::service: query stage revision=5b7ee9849d47f5ee67d04eb6ca4588beacf42dce75e5a1b481dfd02607b1fb20 table="directory" seconds=4.779e-6 stage="query_runtime"
2026-09-09T20:49:39.751579Z DEBUG transparent_shard_server::service: query stage revision=5b7ee9849d47f5ee67d04eb6ca4588beacf42dce75e5a1b481dfd02607b1fb20 table="directory" seconds=6.9835e-5 admitted=true stage="query_memory_admission"
2026-09-09T20:49:39.751632Z DEBUG transparent_shard_server::service: query stage revision=5b7ee9849d47f5ee67d04eb6ca4588beacf42dce75e5a1b481dfd02607b1fb20 table="directory" seconds=6.1834e-5 admitted=true stage="query_memory_admission"
2026-09-09T20:49:39.751650Z DEBUG transparent_shard_server::service: query stage revision=5b7ee9849d47f5ee67d04eb6ca4588beacf42dce75e5a1b481dfd02607b1fb20 table="directory" seconds=6.6815e-5 stage="query_dispatch"
2026-09-09T20:49:39.752192Z DEBUG transparent_shard_server::service: query stage revision=5b7ee9849d47f5ee67d04eb6ca4588beacf42dce75e5a1b481dfd02607b1fb20 table="directory" seconds=0.000554471 stage="query_dispatch"
2026-09-09T20:49:39.776085Z DEBUG transparent_shard_server::service: query stage revision=5b7ee9849d47f5ee67d04eb6ca4588beacf42dce75e5a1b481dfd02607b1fb20 table="directory" seconds=0.023870468 stage="query_evaluate"
2026-09-09T20:49:39.776753Z DEBUG transparent_shard_server::service: query stage revision=5b7ee9849d47f5ee67d04eb6ca4588beacf42dce75e5a1b481dfd02607b1fb20 table="directory" seconds=0.025097197 stage="query_evaluate"
2026-09-09T20:49:39.813444Z DEBUG transparent_shard_server::runtime: construction stage geometry="recent-8k" table="pages" seconds=0.306321229 stage="encode_database"
2026-09-09T20:49:39.813626Z DEBUG transparent_shard_server::runtime: construction stage geometry="recent-8k" table="pages" seconds=0.000145686 stage="public_setup"
2026-09-09T20:49:39.824353Z DEBUG transparent_shard_server::runtime: construction stage geometry="recent-8k" table="directory" seconds=0.309017001 stage="encode_database"
2026-09-09T20:49:39.824475Z DEBUG transparent_shard_server::runtime: construction stage geometry="recent-8k" table="directory" seconds=8.6931e-5 stage="public_setup"
2026-09-09T20:49:39.963400Z DEBUG transparent_shard_server::service: query stage revision=be059aab39ac34125e0452548d6fbcfb1e7cdb7237a597bd59ee86011ed4882b table="pages" seconds=3.616e-6 stage="query_admission"
2026-09-09T20:49:39.963451Z DEBUG transparent_shard_server::service: query stage revision=be059aab39ac34125e0452548d6fbcfb1e7cdb7237a597bd59ee86011ed4882b table="pages" seconds=9.108e-6 stage="query_runtime"
2026-09-09T20:49:39.963561Z DEBUG transparent_shard_server::service: query stage revision=be059aab39ac34125e0452548d6fbcfb1e7cdb7237a597bd59ee86011ed4882b table="pages" seconds=0.00010331 admitted=true stage="query_memory_admission"
2026-09-09T20:49:39.963594Z DEBUG transparent_shard_server::service: query stage revision=be059aab39ac34125e0452548d6fbcfb1e7cdb7237a597bd59ee86011ed4882b table="pages" seconds=2.2801e-5 stage="query_dispatch"
2026-09-09T20:49:39.963766Z DEBUG transparent_shard_server::service: query stage revision=be059aab39ac34125e0452548d6fbcfb1e7cdb7237a597bd59ee86011ed4882b table="pages" seconds=1.909e-6 stage="query_admission"
2026-09-09T20:49:39.963776Z DEBUG transparent_shard_server::service: query stage revision=be059aab39ac34125e0452548d6fbcfb1e7cdb7237a597bd59ee86011ed4882b table="pages" seconds=3.051e-6 stage="query_runtime"
2026-09-09T20:49:39.963821Z DEBUG transparent_shard_server::service: query stage revision=be059aab39ac34125e0452548d6fbcfb1e7cdb7237a597bd59ee86011ed4882b table="pages" seconds=4.1947e-5 admitted=true stage="query_memory_admission"
2026-09-09T20:49:39.965177Z DEBUG transparent_shard_server::service: query stage revision=be059aab39ac34125e0452548d6fbcfb1e7cdb7237a597bd59ee86011ed4882b table="pages" seconds=0.001350589 stage="query_dispatch"
2026-09-09T20:49:40.876221Z DEBUG transparent_shard_server::runtime: construction stage geometry="recent-8k" table="directory" seconds=1.051738864 stage="hint_columns"
2026-09-09T20:49:40.880623Z DEBUG transparent_shard_server::service: query stage revision=be059aab39ac34125e0452548d6fbcfb1e7cdb7237a597bd59ee86011ed4882b table="pages" seconds=0.917007552 stage="query_evaluate"
2026-09-09T20:49:40.880636Z DEBUG transparent_shard_server::service: query stage revision=be059aab39ac34125e0452548d6fbcfb1e7cdb7237a597bd59ee86011ed4882b table="pages" seconds=0.915419919 stage="query_evaluate"
2026-09-09T20:49:40.886410Z DEBUG transparent_shard_server::runtime: construction stage geometry="recent-8k" table="pages" seconds=1.0727775529999999 stage="hint_columns"
2026-09-09T20:49:41.066818Z DEBUG transparent_shard_server::service: query stage revision=be059aab39ac34125e0452548d6fbcfb1e7cdb7237a597bd59ee86011ed4882b table="directory" seconds=3.056e-6 stage="query_admission"
2026-09-09T20:49:41.066859Z DEBUG transparent_shard_server::service: query stage revision=be059aab39ac34125e0452548d6fbcfb1e7cdb7237a597bd59ee86011ed4882b table="directory" seconds=8.018e-6 stage="query_runtime"
2026-09-09T20:49:41.066938Z DEBUG transparent_shard_server::service: query stage revision=be059aab39ac34125e0452548d6fbcfb1e7cdb7237a597bd59ee86011ed4882b table="directory" seconds=7.552e-5 admitted=true stage="query_memory_admission"
2026-09-09T20:49:41.066945Z DEBUG transparent_shard_server::service: query stage revision=be059aab39ac34125e0452548d6fbcfb1e7cdb7237a597bd59ee86011ed4882b table="directory" seconds=1.975e-6 stage="query_admission"
2026-09-09T20:49:41.066966Z DEBUG transparent_shard_server::service: query stage revision=be059aab39ac34125e0452548d6fbcfb1e7cdb7237a597bd59ee86011ed4882b table="directory" seconds=3.932e-6 stage="query_runtime"
2026-09-09T20:49:41.067051Z DEBUG transparent_shard_server::service: query stage revision=be059aab39ac34125e0452548d6fbcfb1e7cdb7237a597bd59ee86011ed4882b table="directory" seconds=8.1886e-5 admitted=true stage="query_memory_admission"
2026-09-09T20:49:41.067092Z DEBUG transparent_shard_server::service: query stage revision=be059aab39ac34125e0452548d6fbcfb1e7cdb7237a597bd59ee86011ed4882b table="directory" seconds=0.000149772 stage="query_dispatch"
2026-09-09T20:49:41.073195Z DEBUG transparent_shard_server::service: query stage revision=be059aab39ac34125e0452548d6fbcfb1e7cdb7237a597bd59ee86011ed4882b table="directory" seconds=0.006138838 stage="query_dispatch"
2026-09-09T20:49:41.093609Z DEBUG transparent_shard_server::service: query stage revision=be059aab39ac34125e0452548d6fbcfb1e7cdb7237a597bd59ee86011ed4882b table="directory" seconds=0.020387045 stage="query_evaluate"
2026-09-09T20:49:41.094170Z DEBUG transparent_shard_server::service: query stage revision=be059aab39ac34125e0452548d6fbcfb1e7cdb7237a597bd59ee86011ed4882b table="directory" seconds=0.027061852 stage="query_evaluate"
2026-09-09T20:49:41.249805Z DEBUG transparent_shard_server::service: query stage revision=be059aab39ac34125e0452548d6fbcfb1e7cdb7237a597bd59ee86011ed4882b table="pages" seconds=3.408e-6 stage="query_admission"
2026-09-09T20:49:41.249845Z DEBUG transparent_shard_server::service: query stage revision=be059aab39ac34125e0452548d6fbcfb1e7cdb7237a597bd59ee86011ed4882b table="pages" seconds=6.304e-6 stage="query_runtime"
2026-09-09T20:49:41.249926Z DEBUG transparent_shard_server::service: query stage revision=be059aab39ac34125e0452548d6fbcfb1e7cdb7237a597bd59ee86011ed4882b table="pages" seconds=7.7732e-5 admitted=true stage="query_memory_admission"
2026-09-09T20:49:41.249954Z DEBUG transparent_shard_server::service: query stage revision=be059aab39ac34125e0452548d6fbcfb1e7cdb7237a597bd59ee86011ed4882b table="pages" seconds=2.1497e-5 stage="query_dispatch"
2026-09-09T20:49:41.253442Z DEBUG transparent_shard_server::service: query stage revision=be059aab39ac34125e0452548d6fbcfb1e7cdb7237a597bd59ee86011ed4882b table="pages" seconds=2.459e-6 stage="query_admission"
2026-09-09T20:49:41.253490Z DEBUG transparent_shard_server::service: query stage revision=be059aab39ac34125e0452548d6fbcfb1e7cdb7237a597bd59ee86011ed4882b table="pages" seconds=3.977e-6 stage="query_runtime"
2026-09-09T20:49:41.253553Z DEBUG transparent_shard_server::service: query stage revision=be059aab39ac34125e0452548d6fbcfb1e7cdb7237a597bd59ee86011ed4882b table="pages" seconds=5.8758e-5 admitted=true stage="query_memory_admission"
2026-09-09T20:49:41.254204Z DEBUG transparent_shard_server::service: query stage revision=be059aab39ac34125e0452548d6fbcfb1e7cdb7237a597bd59ee86011ed4882b table="pages" seconds=0.000645822 stage="query_dispatch"
2026-09-09T20:49:41.281739Z DEBUG transparent_shard_server::service: query stage revision=be059aab39ac34125e0452548d6fbcfb1e7cdb7237a597bd59ee86011ed4882b table="pages" seconds=0.031761694 stage="query_evaluate"
2026-09-09T20:49:41.283721Z DEBUG transparent_shard_server::service: query stage revision=be059aab39ac34125e0452548d6fbcfb1e7cdb7237a597bd59ee86011ed4882b table="pages" seconds=0.029492119 stage="query_evaluate"
2026-09-09T20:49:41.437605Z DEBUG transparent_shard_server::service: query stage revision=be059aab39ac34125e0452548d6fbcfb1e7cdb7237a597bd59ee86011ed4882b table="directory" seconds=3.134e-6 stage="query_admission"
2026-09-09T20:49:41.437646Z DEBUG transparent_shard_server::service: query stage revision=be059aab39ac34125e0452548d6fbcfb1e7cdb7237a597bd59ee86011ed4882b table="directory" seconds=5.038e-6 stage="query_runtime"
2026-09-09T20:49:41.437723Z DEBUG transparent_shard_server::service: query stage revision=be059aab39ac34125e0452548d6fbcfb1e7cdb7237a597bd59ee86011ed4882b table="directory" seconds=7.3762e-5 admitted=true stage="query_memory_admission"
2026-09-09T20:49:41.437742Z DEBUG transparent_shard_server::service: query stage revision=be059aab39ac34125e0452548d6fbcfb1e7cdb7237a597bd59ee86011ed4882b table="directory" seconds=1.4276e-5 stage="query_dispatch"
2026-09-09T20:49:41.441973Z DEBUG transparent_shard_server::service: query stage revision=be059aab39ac34125e0452548d6fbcfb1e7cdb7237a597bd59ee86011ed4882b table="directory" seconds=3.396e-6 stage="query_admission"
2026-09-09T20:49:41.442007Z DEBUG transparent_shard_server::service: query stage revision=be059aab39ac34125e0452548d6fbcfb1e7cdb7237a597bd59ee86011ed4882b table="directory" seconds=6.346e-6 stage="query_runtime"
2026-09-09T20:49:41.442094Z DEBUG transparent_shard_server::service: query stage revision=be059aab39ac34125e0452548d6fbcfb1e7cdb7237a597bd59ee86011ed4882b table="directory" seconds=8.3337e-5 admitted=true stage="query_memory_admission"
2026-09-09T20:49:41.442121Z DEBUG transparent_shard_server::service: query stage revision=be059aab39ac34125e0452548d6fbcfb1e7cdb7237a597bd59ee86011ed4882b table="directory" seconds=2.2991e-5 stage="query_dispatch"
2026-09-09T20:49:41.462382Z DEBUG transparent_shard_server::service: query stage revision=be059aab39ac34125e0452548d6fbcfb1e7cdb7237a597bd59ee86011ed4882b table="directory" seconds=0.024634944 stage="query_evaluate"
2026-09-09T20:49:41.463031Z DEBUG transparent_shard_server::service: query stage revision=be059aab39ac34125e0452548d6fbcfb1e7cdb7237a597bd59ee86011ed4882b table="directory" seconds=0.020905957 stage="query_evaluate"
2026-09-09T20:49:41.619119Z DEBUG transparent_shard_server::service: query stage revision=be059aab39ac34125e0452548d6fbcfb1e7cdb7237a597bd59ee86011ed4882b table="pages" seconds=2.503e-6 stage="query_admission"
2026-09-09T20:49:41.619157Z DEBUG transparent_shard_server::service: query stage revision=be059aab39ac34125e0452548d6fbcfb1e7cdb7237a597bd59ee86011ed4882b table="pages" seconds=5.305e-6 stage="query_runtime"
2026-09-09T20:49:41.619258Z DEBUG transparent_shard_server::service: query stage revision=be059aab39ac34125e0452548d6fbcfb1e7cdb7237a597bd59ee86011ed4882b table="pages" seconds=8.8413e-5 admitted=true stage="query_memory_admission"
2026-09-09T20:49:41.619307Z DEBUG transparent_shard_server::service: query stage revision=be059aab39ac34125e0452548d6fbcfb1e7cdb7237a597bd59ee86011ed4882b table="pages" seconds=4.0452e-5 stage="query_dispatch"
2026-09-09T20:49:41.630082Z DEBUG transparent_shard_server::service: query stage revision=be059aab39ac34125e0452548d6fbcfb1e7cdb7237a597bd59ee86011ed4882b table="pages" seconds=3.561e-6 stage="query_admission"
2026-09-09T20:49:41.630117Z DEBUG transparent_shard_server::service: query stage revision=be059aab39ac34125e0452548d6fbcfb1e7cdb7237a597bd59ee86011ed4882b table="pages" seconds=7.268e-6 stage="query_runtime"
2026-09-09T20:49:41.630208Z DEBUG transparent_shard_server::service: query stage revision=be059aab39ac34125e0452548d6fbcfb1e7cdb7237a597bd59ee86011ed4882b table="pages" seconds=8.7917e-5 admitted=true stage="query_memory_admission"
2026-09-09T20:49:41.630231Z DEBUG transparent_shard_server::service: query stage revision=be059aab39ac34125e0452548d6fbcfb1e7cdb7237a597bd59ee86011ed4882b table="pages" seconds=1.649e-5 stage="query_dispatch"
2026-09-09T20:49:41.636371Z DEBUG transparent_shard_server::service: query stage revision=be059aab39ac34125e0452548d6fbcfb1e7cdb7237a597bd59ee86011ed4882b table="pages" seconds=0.017013133 stage="query_evaluate"
2026-09-09T20:49:41.647934Z DEBUG transparent_shard_server::service: query stage revision=be059aab39ac34125e0452548d6fbcfb1e7cdb7237a597bd59ee86011ed4882b table="pages" seconds=0.017664449 stage="query_evaluate"
2026-09-09T20:49:41.807399Z DEBUG transparent_shard_server::service: query stage revision=be059aab39ac34125e0452548d6fbcfb1e7cdb7237a597bd59ee86011ed4882b table="directory" seconds=2.27e-6 stage="query_admission"
2026-09-09T20:49:41.807436Z DEBUG transparent_shard_server::service: query stage revision=be059aab39ac34125e0452548d6fbcfb1e7cdb7237a597bd59ee86011ed4882b table="directory" seconds=5.147e-6 stage="query_runtime"
2026-09-09T20:49:41.807493Z DEBUG transparent_shard_server::service: query stage revision=be059aab39ac34125e0452548d6fbcfb1e7cdb7237a597bd59ee86011ed4882b table="directory" seconds=5.381e-5 admitted=true stage="query_memory_admission"
2026-09-09T20:49:41.807521Z DEBUG transparent_shard_server::service: query stage revision=be059aab39ac34125e0452548d6fbcfb1e7cdb7237a597bd59ee86011ed4882b table="directory" seconds=2.2561e-5 stage="query_dispatch"
2026-09-09T20:49:41.819653Z DEBUG transparent_shard_server::service: query stage revision=be059aab39ac34125e0452548d6fbcfb1e7cdb7237a597bd59ee86011ed4882b table="directory" seconds=2.2e-6 stage="query_admission"
2026-09-09T20:49:41.819690Z DEBUG transparent_shard_server::service: query stage revision=be059aab39ac34125e0452548d6fbcfb1e7cdb7237a597bd59ee86011ed4882b table="directory" seconds=5.217e-6 stage="query_runtime"
2026-09-09T20:49:41.819764Z DEBUG transparent_shard_server::service: query stage revision=be059aab39ac34125e0452548d6fbcfb1e7cdb7237a597bd59ee86011ed4882b table="directory" seconds=7.1458e-5 admitted=true stage="query_memory_admission"
2026-09-09T20:49:41.819791Z DEBUG transparent_shard_server::service: query stage revision=be059aab39ac34125e0452548d6fbcfb1e7cdb7237a597bd59ee86011ed4882b table="directory" seconds=2.2235e-5 stage="query_dispatch"
2026-09-09T20:49:41.858137Z DEBUG transparent_shard_server::service: query stage revision=be059aab39ac34125e0452548d6fbcfb1e7cdb7237a597bd59ee86011ed4882b table="directory" seconds=0.038326834 stage="query_evaluate"
2026-09-09T20:49:41.858698Z DEBUG transparent_shard_server::service: query stage revision=be059aab39ac34125e0452548d6fbcfb1e7cdb7237a597bd59ee86011ed4882b table="directory" seconds=0.051155537 stage="query_evaluate"
2026-09-09T20:49:42.018458Z DEBUG transparent_shard_server::service: query stage revision=be059aab39ac34125e0452548d6fbcfb1e7cdb7237a597bd59ee86011ed4882b table="pages" seconds=2.845e-6 stage="query_admission"
2026-09-09T20:49:42.018471Z DEBUG transparent_shard_server::service: query stage revision=be059aab39ac34125e0452548d6fbcfb1e7cdb7237a597bd59ee86011ed4882b table="pages" seconds=2.051e-6 stage="query_admission"
2026-09-09T20:49:42.018503Z DEBUG transparent_shard_server::service: query stage revision=be059aab39ac34125e0452548d6fbcfb1e7cdb7237a597bd59ee86011ed4882b table="pages" seconds=7.777e-6 stage="query_runtime"
2026-09-09T20:49:42.018510Z DEBUG transparent_shard_server::service: query stage revision=be059aab39ac34125e0452548d6fbcfb1e7cdb7237a597bd59ee86011ed4882b table="pages" seconds=3.919e-6 stage="query_runtime"
2026-09-09T20:49:42.018593Z DEBUG transparent_shard_server::service: query stage revision=be059aab39ac34125e0452548d6fbcfb1e7cdb7237a597bd59ee86011ed4882b table="pages" seconds=6.7448e-5 admitted=true stage="query_memory_admission"
2026-09-09T20:49:42.018604Z DEBUG transparent_shard_server::service: query stage revision=be059aab39ac34125e0452548d6fbcfb1e7cdb7237a597bd59ee86011ed4882b table="pages" seconds=8.1757e-5 admitted=true stage="query_memory_admission"
2026-09-09T20:49:42.018607Z DEBUG transparent_shard_server::service: query stage revision=be059aab39ac34125e0452548d6fbcfb1e7cdb7237a597bd59ee86011ed4882b table="pages" seconds=9.197e-6 stage="query_dispatch"
2026-09-09T20:49:42.021175Z DEBUG transparent_shard_server::service: query stage revision=be059aab39ac34125e0452548d6fbcfb1e7cdb7237a597bd59ee86011ed4882b table="pages" seconds=0.002564964 stage="query_dispatch"
2026-09-09T20:49:42.065994Z DEBUG transparent_shard_server::service: query stage revision=be059aab39ac34125e0452548d6fbcfb1e7cdb7237a597bd59ee86011ed4882b table="pages" seconds=0.047380195 stage="query_evaluate"
2026-09-09T20:49:42.068720Z DEBUG transparent_shard_server::service: query stage revision=be059aab39ac34125e0452548d6fbcfb1e7cdb7237a597bd59ee86011ed4882b table="pages" seconds=0.047519626 stage="query_evaluate"
2026-09-09T20:49:42.226445Z DEBUG transparent_shard_server::service: query stage revision=be059aab39ac34125e0452548d6fbcfb1e7cdb7237a597bd59ee86011ed4882b table="directory" seconds=2.809e-6 stage="query_admission"
2026-09-09T20:49:42.226481Z DEBUG transparent_shard_server::service: query stage revision=be059aab39ac34125e0452548d6fbcfb1e7cdb7237a597bd59ee86011ed4882b table="directory" seconds=4.617e-6 stage="query_runtime"
2026-09-09T20:49:42.226552Z DEBUG transparent_shard_server::service: query stage revision=be059aab39ac34125e0452548d6fbcfb1e7cdb7237a597bd59ee86011ed4882b table="directory" seconds=6.7585e-5 admitted=true stage="query_memory_admission"
2026-09-09T20:49:42.226660Z DEBUG transparent_shard_server::service: query stage revision=be059aab39ac34125e0452548d6fbcfb1e7cdb7237a597bd59ee86011ed4882b table="directory" seconds=1.996e-6 stage="query_admission"
2026-09-09T20:49:42.226680Z DEBUG transparent_shard_server::service: query stage revision=be059aab39ac34125e0452548d6fbcfb1e7cdb7237a597bd59ee86011ed4882b table="directory" seconds=3.172e-6 stage="query_runtime"
2026-09-09T20:49:42.226736Z DEBUG transparent_shard_server::memory: work memory admission denied current=5244112896 limit=7516192768 held=1342177280 requested=268435456
2026-09-09T20:49:42.230184Z DEBUG transparent_shard_server::service: query stage revision=be059aab39ac34125e0452548d6fbcfb1e7cdb7237a597bd59ee86011ed4882b table="directory" seconds=0.003627194 stage="query_dispatch"
2026-09-09T20:49:42.238360Z DEBUG transparent_shard_server::memory: work memory admission denied current=5243846656 limit=7516192768 held=1342177280 requested=268435456
2026-09-09T20:49:42.249551Z DEBUG transparent_shard_server::memory: work memory admission denied current=5243846656 limit=7516192768 held=1342177280 requested=268435456
2026-09-09T20:49:42.260777Z DEBUG transparent_shard_server::memory: work memory admission denied current=5243846656 limit=7516192768 held=1342177280 requested=268435456
2026-09-09T20:49:42.272089Z DEBUG transparent_shard_server::service: query stage revision=be059aab39ac34125e0452548d6fbcfb1e7cdb7237a597bd59ee86011ed4882b table="directory" seconds=0.045403801 admitted=true stage="query_memory_admission"
2026-09-09T20:49:42.273303Z DEBUG transparent_shard_server::service: query stage revision=be059aab39ac34125e0452548d6fbcfb1e7cdb7237a597bd59ee86011ed4882b table="directory" seconds=0.001174278 stage="query_dispatch"
2026-09-09T20:49:42.273819Z DEBUG transparent_shard_server::service: query stage revision=be059aab39ac34125e0452548d6fbcfb1e7cdb7237a597bd59ee86011ed4882b table="directory" seconds=0.043606154 stage="query_evaluate"
2026-09-09T20:49:42.432459Z DEBUG transparent_shard_server::service: query stage revision=be059aab39ac34125e0452548d6fbcfb1e7cdb7237a597bd59ee86011ed4882b table="pages" seconds=3.264e-6 stage="query_admission"
2026-09-09T20:49:42.432496Z DEBUG transparent_shard_server::service: query stage revision=be059aab39ac34125e0452548d6fbcfb1e7cdb7237a597bd59ee86011ed4882b table="pages" seconds=6.404e-6 stage="query_runtime"
2026-09-09T20:49:42.432556Z DEBUG transparent_shard_server::service: query stage revision=be059aab39ac34125e0452548d6fbcfb1e7cdb7237a597bd59ee86011ed4882b table="pages" seconds=5.6824e-5 admitted=true stage="query_memory_admission"
2026-09-09T20:49:42.432581Z DEBUG transparent_shard_server::service: query stage revision=be059aab39ac34125e0452548d6fbcfb1e7cdb7237a597bd59ee86011ed4882b table="pages" seconds=2.1386e-5 stage="query_dispatch"
2026-09-09T20:49:43.177779Z DEBUG transparent_shard_server::service: query stage revision=be059aab39ac34125e0452548d6fbcfb1e7cdb7237a597bd59ee86011ed4882b table="directory" seconds=0.90444934 stage="query_evaluate"
2026-09-09T20:49:43.179905Z DEBUG transparent_shard_server::runtime: construction stage geometry="recent-8k" table="directory" seconds=2.303639434 stage="pack_preprocessing"
2026-09-09T20:49:43.183294Z DEBUG transparent_shard_server::runtime: construction stage geometry="recent-8k" table="directory" seconds=0.003359254 stage="publish_parameters"
2026-09-09T20:49:43.183933Z DEBUG transparent_shard_server::runtime: runtime stage key=("268f5c527d35817d37919707b04a706c850d449156baa071b5438dbf8eb53aec", Directory, 0) seconds=3.66859874 stage="runtime_build"
2026-09-09T20:49:43.187719Z DEBUG transparent_shard_server::service: query stage revision=be059aab39ac34125e0452548d6fbcfb1e7cdb7237a597bd59ee86011ed4882b table="pages" seconds=0.755132487 stage="query_evaluate"
2026-09-09T20:49:43.209519Z DEBUG transparent_shard_server::runtime: construction stage geometry="recent-8k" table="pages" seconds=2.323077 stage="pack_preprocessing"
2026-09-09T20:49:43.209817Z DEBUG transparent_shard_server::runtime: construction stage geometry="recent-8k" table="pages" seconds=0.00027506 stage="publish_parameters"
2026-09-09T20:49:43.210441Z DEBUG transparent_shard_server::runtime: runtime stage key=("268f5c527d35817d37919707b04a706c850d449156baa071b5438dbf8eb53aec", Pages, 0) seconds=3.703320157 stage="runtime_build"
2026-09-09T20:49:43.210505Z  INFO transparent_shard_server::service: prewarm finished warm=28 target=28 failed=0 seconds=3.844144364
2026-09-09T20:49:43.210608Z DEBUG transparent_shard_server::live: publication preparation stages map=12cbb58695cd66166197842d179b61598c15effb06ad32efcd899a13e36e7b10 loading_seconds=0.609837612 warming_seconds=3.8443959100000002
2026-09-09T20:49:43.332910Z DEBUG transparent_shard_server::service: query stage revision=be059aab39ac34125e0452548d6fbcfb1e7cdb7237a597bd59ee86011ed4882b table="pages" seconds=3.602e-6 stage="query_admission"
2026-09-09T20:49:43.332941Z DEBUG transparent_shard_server::service: query stage revision=be059aab39ac34125e0452548d6fbcfb1e7cdb7237a597bd59ee86011ed4882b table="pages" seconds=6.373e-6 stage="query_runtime"
2026-09-09T20:49:43.333015Z DEBUG transparent_shard_server::service: query stage revision=be059aab39ac34125e0452548d6fbcfb1e7cdb7237a597bd59ee86011ed4882b table="pages" seconds=7.1418e-5 admitted=true stage="query_memory_admission"
2026-09-09T20:49:43.333031Z DEBUG transparent_shard_server::service: query stage revision=be059aab39ac34125e0452548d6fbcfb1e7cdb7237a597bd59ee86011ed4882b table="pages" seconds=1.1311e-5 stage="query_dispatch"
2026-09-09T20:49:43.341550Z DEBUG transparent_shard_server::service: query stage revision=be059aab39ac34125e0452548d6fbcfb1e7cdb7237a597bd59ee86011ed4882b table="directory" seconds=2.98e-6 stage="query_admission"
2026-09-09T20:49:43.341582Z DEBUG transparent_shard_server::service: query stage revision=be059aab39ac34125e0452548d6fbcfb1e7cdb7237a597bd59ee86011ed4882b table="directory" seconds=4.321e-6 stage="query_runtime"
2026-09-09T20:49:43.341666Z DEBUG transparent_shard_server::service: query stage revision=be059aab39ac34125e0452548d6fbcfb1e7cdb7237a597bd59ee86011ed4882b table="directory" seconds=7.2065e-5 admitted=true stage="query_memory_admission"
2026-09-09T20:49:43.342219Z DEBUG transparent_shard_server::service: query stage revision=be059aab39ac34125e0452548d6fbcfb1e7cdb7237a597bd59ee86011ed4882b table="directory" seconds=0.000546983 stage="query_dispatch"
2026-09-09T20:49:43.342916Z DEBUG transparent_shard_server::service: query stage revision=be059aab39ac34125e0452548d6fbcfb1e7cdb7237a597bd59ee86011ed4882b table="pages" seconds=0.009879974 stage="query_evaluate"
2026-09-09T20:49:43.351709Z DEBUG transparent_shard_server::service: query stage revision=be059aab39ac34125e0452548d6fbcfb1e7cdb7237a597bd59ee86011ed4882b table="directory" seconds=0.009471136 stage="query_evaluate"
2026-09-09T20:49:43.513297Z DEBUG transparent_shard_server::service: query stage revision=268f5c527d35817d37919707b04a706c850d449156baa071b5438dbf8eb53aec table="directory" seconds=3.662e-6 stage="query_admission"
2026-09-09T20:49:43.513348Z DEBUG transparent_shard_server::service: query stage revision=268f5c527d35817d37919707b04a706c850d449156baa071b5438dbf8eb53aec table="directory" seconds=9.054e-6 stage="query_runtime"
2026-09-09T20:49:43.513438Z DEBUG transparent_shard_server::service: query stage revision=268f5c527d35817d37919707b04a706c850d449156baa071b5438dbf8eb53aec table="directory" seconds=8.5625e-5 admitted=true stage="query_memory_admission"
2026-09-09T20:49:43.513479Z DEBUG transparent_shard_server::service: query stage revision=268f5c527d35817d37919707b04a706c850d449156baa071b5438dbf8eb53aec table="directory" seconds=3.3917e-5 stage="query_dispatch"
2026-09-09T20:49:43.524841Z DEBUG transparent_shard_server::service: query stage revision=268f5c527d35817d37919707b04a706c850d449156baa071b5438dbf8eb53aec table="directory" seconds=0.01134338 stage="query_evaluate"
2026-09-09T20:49:43.532017Z DEBUG transparent_shard_server::service: query stage revision=268f5c527d35817d37919707b04a706c850d449156baa071b5438dbf8eb53aec table="pages" seconds=2.127e-6 stage="query_admission"
2026-09-09T20:49:43.532040Z DEBUG transparent_shard_server::service: query stage revision=268f5c527d35817d37919707b04a706c850d449156baa071b5438dbf8eb53aec table="pages" seconds=4.554e-6 stage="query_runtime"
2026-09-09T20:49:43.532140Z DEBUG transparent_shard_server::service: query stage revision=268f5c527d35817d37919707b04a706c850d449156baa071b5438dbf8eb53aec table="pages" seconds=9.6246e-5 admitted=true stage="query_memory_admission"
2026-09-09T20:49:43.532173Z DEBUG transparent_shard_server::service: query stage revision=268f5c527d35817d37919707b04a706c850d449156baa071b5438dbf8eb53aec table="pages" seconds=2.6649e-5 stage="query_dispatch"
2026-09-09T20:49:43.543015Z DEBUG transparent_shard_server::service: query stage revision=268f5c527d35817d37919707b04a706c850d449156baa071b5438dbf8eb53aec table="pages" seconds=0.010821726 stage="query_evaluate"
2026-09-09T20:49:43.680498Z DEBUG transparent_shard_server::service: query stage revision=268f5c527d35817d37919707b04a706c850d449156baa071b5438dbf8eb53aec table="pages" seconds=2.26e-6 stage="query_admission"
2026-09-09T20:49:43.680526Z DEBUG transparent_shard_server::service: query stage revision=268f5c527d35817d37919707b04a706c850d449156baa071b5438dbf8eb53aec table="pages" seconds=3.983e-6 stage="query_runtime"
2026-09-09T20:49:43.680586Z DEBUG transparent_shard_server::service: query stage revision=268f5c527d35817d37919707b04a706c850d449156baa071b5438dbf8eb53aec table="pages" seconds=5.5994e-5 admitted=true stage="query_memory_admission"
2026-09-09T20:49:43.680625Z DEBUG transparent_shard_server::service: query stage revision=268f5c527d35817d37919707b04a706c850d449156baa071b5438dbf8eb53aec table="pages" seconds=3.2619e-5 stage="query_dispatch"
2026-09-09T20:49:43.690288Z DEBUG transparent_shard_server::service: query stage revision=268f5c527d35817d37919707b04a706c850d449156baa071b5438dbf8eb53aec table="pages" seconds=0.009638178 stage="query_evaluate"
2026-09-09T20:49:43.702880Z DEBUG transparent_shard_server::service: query stage revision=268f5c527d35817d37919707b04a706c850d449156baa071b5438dbf8eb53aec table="directory" seconds=2.406e-6 stage="query_admission"
2026-09-09T20:49:43.702909Z DEBUG transparent_shard_server::service: query stage revision=268f5c527d35817d37919707b04a706c850d449156baa071b5438dbf8eb53aec table="directory" seconds=5.22e-6 stage="query_runtime"
2026-09-09T20:49:43.702982Z DEBUG transparent_shard_server::service: query stage revision=268f5c527d35817d37919707b04a706c850d449156baa071b5438dbf8eb53aec table="directory" seconds=6.9885e-5 admitted=true stage="query_memory_admission"
2026-09-09T20:49:43.703013Z DEBUG transparent_shard_server::service: query stage revision=268f5c527d35817d37919707b04a706c850d449156baa071b5438dbf8eb53aec table="directory" seconds=2.5115e-5 stage="query_dispatch"
2026-09-09T20:49:43.712260Z DEBUG transparent_shard_server::service: query stage revision=268f5c527d35817d37919707b04a706c850d449156baa071b5438dbf8eb53aec table="directory" seconds=0.009228098 stage="query_evaluate"
2026-09-09T20:49:43.895867Z DEBUG transparent_shard_server::runtime: runtime stage key=("268f5c527d35817d37919707b04a706c850d449156baa071b5438dbf8eb53aec", Directory, 0) seconds=0.711885437 stage="disk_save"
2026-09-09T20:49:44.557872Z DEBUG transparent_shard_server::runtime: runtime stage key=("268f5c527d35817d37919707b04a706c850d449156baa071b5438dbf8eb53aec", Pages, 0) seconds=1.347315285 stage="disk_save"
test burst::publication_burst_under_exact_load ... ok

test result: ok. 1 passed; 0 failed; 0 ignored; 0 measured; 16 filtered out; finished in 70.79s

Finished with result: success
Main processes terminated with: code=exited/status=0
Service runtime: 1min 10.855s
CPU time consumed: 3min 45.639s
Memory peak: 1.8M
Memory swap peak: 0B
