Running as unit: transparent-full-burst-a8fd1afa96924752a80bd6e6a0204568.service

running 1 test
2026-09-10T20:57:36.836713Z DEBUG transparent_shard_server::runtime: runtime stage key=("5b7ee9849d47f5ee67d04eb6ca4588beacf42dce75e5a1b481dfd02607b1fb20", Directory, 0) seconds=3.695e-6 stage="restore_slot"
2026-09-10T20:57:36.836785Z DEBUG transparent_shard_server::runtime: runtime stage key=("1f5d7213a380745d83cc554ad16bdf9e039a0304d0de0b71376828e1838d0ea4", Pages, 0) seconds=1.975e-6 stage="restore_slot"
2026-09-10T20:57:36.836784Z DEBUG transparent_shard_server::runtime: runtime stage key=("1f5d7213a380745d83cc554ad16bdf9e039a0304d0de0b71376828e1838d0ea4", Directory, 0) seconds=3.47e-6 stage="restore_slot"
2026-09-10T20:57:36.836725Z DEBUG transparent_shard_server::runtime: runtime stage key=("5b7ee9849d47f5ee67d04eb6ca4588beacf42dce75e5a1b481dfd02607b1fb20", Pages, 0) seconds=3.171e-6 stage="restore_slot"
2026-09-10T20:57:36.838056Z DEBUG transparent_shard_server::runtime: runtime stage key=("5b7ee9849d47f5ee67d04eb6ca4588beacf42dce75e5a1b481dfd02607b1fb20", Directory, 0) seconds=4.4235e-5 hit=false stage="disk_restore"
2026-09-10T20:57:36.838064Z DEBUG transparent_shard_server::runtime: runtime stage key=("1f5d7213a380745d83cc554ad16bdf9e039a0304d0de0b71376828e1838d0ea4", Directory, 0) seconds=4.1116e-5 hit=false stage="disk_restore"
2026-09-10T20:57:36.838084Z DEBUG transparent_shard_server::runtime: runtime stage key=("1f5d7213a380745d83cc554ad16bdf9e039a0304d0de0b71376828e1838d0ea4", Pages, 0) seconds=2.75e-5 hit=false stage="disk_restore"
2026-09-10T20:57:36.838099Z DEBUG transparent_shard_server::runtime: runtime stage key=("5b7ee9849d47f5ee67d04eb6ca4588beacf42dce75e5a1b481dfd02607b1fb20", Pages, 0) seconds=1.2417e-5 hit=false stage="disk_restore"
2026-09-10T20:57:36.838112Z DEBUG transparent_shard_server::runtime: runtime stage key=("5b7ee9849d47f5ee67d04eb6ca4588beacf42dce75e5a1b481dfd02607b1fb20", Directory, 0) seconds=1.536e-6 stage="build_slot"
2026-09-10T20:57:36.838167Z DEBUG transparent_shard_server::memory: cold build admission wait seconds=5.1854e-5 admitted=true
2026-09-10T20:57:36.838181Z DEBUG transparent_shard_server::runtime: runtime stage key=("1f5d7213a380745d83cc554ad16bdf9e039a0304d0de0b71376828e1838d0ea4", Directory, 0) seconds=2.17e-7 stage="build_slot"
2026-09-10T20:57:36.838207Z DEBUG transparent_shard_server::memory: cold build admission wait seconds=2.3749e-5 admitted=true
2026-09-10T20:57:36.982634Z DEBUG transparent_shard_server::runtime: runtime stage key=("1f5d7213a380745d83cc554ad16bdf9e039a0304d0de0b71376828e1838d0ea4", Directory, 0) seconds=0.144204248 stage="source_load"
2026-09-10T20:57:36.985057Z DEBUG transparent_shard_server::runtime: runtime stage key=("5b7ee9849d47f5ee67d04eb6ca4588beacf42dce75e5a1b481dfd02607b1fb20", Directory, 0) seconds=0.146836735 stage="source_load"
2026-09-10T20:57:37.282392Z DEBUG transparent_shard_server::runtime: construction stage geometry="recent-8k" table="directory" seconds=0.299717465 stage="encode_database"
2026-09-10T20:57:37.282497Z DEBUG transparent_shard_server::runtime: construction stage geometry="recent-8k" table="directory" seconds=6.4303e-5 stage="public_setup"
2026-09-10T20:57:37.285005Z DEBUG transparent_shard_server::runtime: construction stage geometry="recent-8k" table="directory" seconds=0.299914993 stage="encode_database"
2026-09-10T20:57:37.285093Z DEBUG transparent_shard_server::runtime: construction stage geometry="recent-8k" table="directory" seconds=5.9934e-5 stage="public_setup"
2026-09-10T20:57:38.399642Z DEBUG transparent_shard_server::runtime: construction stage geometry="recent-8k" table="directory" seconds=1.117139635 stage="hint_columns"
2026-09-10T20:57:38.399660Z DEBUG transparent_shard_server::runtime: construction stage geometry="recent-8k" table="directory" seconds=1.114561637 stage="hint_columns"
2026-09-10T20:57:40.567717Z DEBUG transparent_shard_server::runtime: construction stage geometry="recent-8k" table="directory" seconds=2.168030925 stage="pack_preprocessing"
2026-09-10T20:57:40.568030Z DEBUG transparent_shard_server::runtime: construction stage geometry="recent-8k" table="directory" seconds=0.000271509 stage="publish_parameters"
2026-09-10T20:57:40.568615Z DEBUG transparent_shard_server::runtime: runtime stage key=("1f5d7213a380745d83cc554ad16bdf9e039a0304d0de0b71376828e1838d0ea4", Directory, 0) seconds=3.585941659 stage="runtime_build"
2026-09-10T20:57:40.571184Z DEBUG transparent_shard_server::runtime: runtime stage key=("1f5d7213a380745d83cc554ad16bdf9e039a0304d0de0b71376828e1838d0ea4", Pages, 0) seconds=3.732968042 stage="build_slot"
2026-09-10T20:57:40.571290Z DEBUG transparent_shard_server::memory: cold build admission wait seconds=7.7036e-5 admitted=true
2026-09-10T20:57:40.571319Z DEBUG transparent_shard_server::runtime: runtime stage key=("ca7afe810c988a8b4b561668f3456a9f38d1fdbb0776614e07ddfeb1a2132000", Directory, 0) seconds=7.26e-7 stage="restore_slot"
2026-09-10T20:57:40.571393Z DEBUG transparent_shard_server::runtime: runtime stage key=("ca7afe810c988a8b4b561668f3456a9f38d1fdbb0776614e07ddfeb1a2132000", Directory, 0) seconds=2.7984e-5 hit=false stage="disk_restore"
2026-09-10T20:57:40.709120Z DEBUG transparent_shard_server::runtime: runtime stage key=("1f5d7213a380745d83cc554ad16bdf9e039a0304d0de0b71376828e1838d0ea4", Pages, 0) seconds=0.137761234 stage="source_load"
2026-09-10T20:57:40.779469Z DEBUG transparent_shard_server::runtime: construction stage geometry="recent-8k" table="directory" seconds=2.379763988 stage="pack_preprocessing"
2026-09-10T20:57:40.779736Z DEBUG transparent_shard_server::runtime: construction stage geometry="recent-8k" table="directory" seconds=0.000232236 stage="publish_parameters"
2026-09-10T20:57:40.780224Z DEBUG transparent_shard_server::runtime: runtime stage key=("5b7ee9849d47f5ee67d04eb6ca4588beacf42dce75e5a1b481dfd02607b1fb20", Directory, 0) seconds=3.795134715 stage="runtime_build"
2026-09-10T20:57:40.781871Z DEBUG transparent_shard_server::runtime: runtime stage key=("ca7afe810c988a8b4b561668f3456a9f38d1fdbb0776614e07ddfeb1a2132000", Pages, 0) seconds=2.537e-6 stage="restore_slot"
2026-09-10T20:57:40.781966Z DEBUG transparent_shard_server::runtime: runtime stage key=("5b7ee9849d47f5ee67d04eb6ca4588beacf42dce75e5a1b481dfd02607b1fb20", Pages, 0) seconds=3.943751737 stage="build_slot"
2026-09-10T20:57:40.781995Z DEBUG transparent_shard_server::memory: cold build admission wait seconds=2.3757e-5 admitted=true
2026-09-10T20:57:40.782005Z DEBUG transparent_shard_server::runtime: runtime stage key=("ca7afe810c988a8b4b561668f3456a9f38d1fdbb0776614e07ddfeb1a2132000", Pages, 0) seconds=3.8572e-5 hit=false stage="disk_restore"
2026-09-10T20:57:40.924172Z DEBUG transparent_shard_server::runtime: runtime stage key=("5b7ee9849d47f5ee67d04eb6ca4588beacf42dce75e5a1b481dfd02607b1fb20", Pages, 0) seconds=0.141975632 stage="source_load"
2026-09-10T20:57:41.009119Z DEBUG transparent_shard_server::runtime: construction stage geometry="recent-8k" table="pages" seconds=0.299962013 stage="encode_database"
2026-09-10T20:57:41.009235Z DEBUG transparent_shard_server::runtime: construction stage geometry="recent-8k" table="pages" seconds=8.2381e-5 stage="public_setup"
2026-09-10T20:57:41.246554Z DEBUG transparent_shard_server::runtime: construction stage geometry="recent-8k" table="pages" seconds=0.322344586 stage="encode_database"
2026-09-10T20:57:41.246650Z DEBUG transparent_shard_server::runtime: construction stage geometry="recent-8k" table="pages" seconds=5.7237e-5 stage="public_setup"
2026-09-10T20:57:41.288748Z DEBUG transparent_shard_server::runtime: runtime stage key=("1f5d7213a380745d83cc554ad16bdf9e039a0304d0de0b71376828e1838d0ea4", Directory, 0) seconds=0.717566742 stage="disk_save"
2026-09-10T20:57:42.402923Z DEBUG transparent_shard_server::runtime: construction stage geometry="recent-8k" table="pages" seconds=1.156266161 stage="hint_columns"
2026-09-10T20:57:42.409269Z DEBUG transparent_shard_server::runtime: construction stage geometry="recent-8k" table="pages" seconds=1.400025996 stage="hint_columns"
2026-09-10T20:57:42.546056Z DEBUG transparent_shard_server::runtime: runtime stage key=("5b7ee9849d47f5ee67d04eb6ca4588beacf42dce75e5a1b481dfd02607b1fb20", Directory, 0) seconds=1.764246539 stage="disk_save"
2026-09-10T20:57:44.649857Z DEBUG transparent_shard_server::runtime: construction stage geometry="recent-8k" table="pages" seconds=2.240550354 stage="pack_preprocessing"
2026-09-10T20:57:44.650158Z DEBUG transparent_shard_server::runtime: construction stage geometry="recent-8k" table="pages" seconds=0.000260154 stage="publish_parameters"
2026-09-10T20:57:44.650785Z DEBUG transparent_shard_server::runtime: runtime stage key=("1f5d7213a380745d83cc554ad16bdf9e039a0304d0de0b71376828e1838d0ea4", Pages, 0) seconds=3.9416301049999998 stage="runtime_build"
2026-09-10T20:57:44.650835Z DEBUG transparent_shard_server::runtime: runtime stage key=("ca7afe810c988a8b4b561668f3456a9f38d1fdbb0776614e07ddfeb1a2132000", Directory, 0) seconds=4.079422714 stage="build_slot"
2026-09-10T20:57:44.650934Z DEBUG transparent_shard_server::memory: cold build admission wait seconds=7.5604e-5 admitted=true
2026-09-10T20:57:44.652364Z DEBUG transparent_shard_server::runtime: construction stage geometry="recent-8k" table="pages" seconds=2.2494098989999998 stage="pack_preprocessing"
2026-09-10T20:57:44.652615Z DEBUG transparent_shard_server::runtime: construction stage geometry="recent-8k" table="pages" seconds=0.000230911 stage="publish_parameters"
2026-09-10T20:57:44.653105Z DEBUG transparent_shard_server::runtime: runtime stage key=("5b7ee9849d47f5ee67d04eb6ca4588beacf42dce75e5a1b481dfd02607b1fb20", Pages, 0) seconds=3.728897705 stage="runtime_build"
2026-09-10T20:57:44.653179Z DEBUG transparent_shard_server::runtime: runtime stage key=("95df7205357fe2d9c962d2b41daded841e05afa7b6fc8d06dfec46ad04e15335", Directory, 0) seconds=1.038e-6 stage="restore_slot"
2026-09-10T20:57:44.653227Z DEBUG transparent_shard_server::runtime: runtime stage key=("ca7afe810c988a8b4b561668f3456a9f38d1fdbb0776614e07ddfeb1a2132000", Pages, 0) seconds=3.871179561 stage="build_slot"
2026-09-10T20:57:44.653254Z DEBUG transparent_shard_server::memory: cold build admission wait seconds=2.2589e-5 admitted=true
2026-09-10T20:57:44.653294Z DEBUG transparent_shard_server::runtime: runtime stage key=("95df7205357fe2d9c962d2b41daded841e05afa7b6fc8d06dfec46ad04e15335", Directory, 0) seconds=2.5229e-5 hit=false stage="disk_restore"
2026-09-10T20:57:44.656236Z DEBUG transparent_shard_server::runtime: runtime stage key=("95df7205357fe2d9c962d2b41daded841e05afa7b6fc8d06dfec46ad04e15335", Pages, 0) seconds=5.47e-7 stage="restore_slot"
2026-09-10T20:57:44.656328Z DEBUG transparent_shard_server::runtime: runtime stage key=("95df7205357fe2d9c962d2b41daded841e05afa7b6fc8d06dfec46ad04e15335", Pages, 0) seconds=3.554e-5 hit=false stage="disk_restore"
2026-09-10T20:57:44.789559Z DEBUG transparent_shard_server::runtime: runtime stage key=("ca7afe810c988a8b4b561668f3456a9f38d1fdbb0776614e07ddfeb1a2132000", Pages, 0) seconds=0.136282722 stage="source_load"
2026-09-10T20:57:44.796335Z DEBUG transparent_shard_server::runtime: runtime stage key=("ca7afe810c988a8b4b561668f3456a9f38d1fdbb0776614e07ddfeb1a2132000", Directory, 0) seconds=0.143065228 stage="source_load"
2026-09-10T20:57:45.079340Z DEBUG transparent_shard_server::runtime: construction stage geometry="recent-8k" table="pages" seconds=0.289746999 stage="encode_database"
2026-09-10T20:57:45.079446Z DEBUG transparent_shard_server::runtime: construction stage geometry="recent-8k" table="pages" seconds=6.8637e-5 stage="public_setup"
2026-09-10T20:57:45.116372Z DEBUG transparent_shard_server::runtime: construction stage geometry="recent-8k" table="directory" seconds=0.320002366 stage="encode_database"
2026-09-10T20:57:45.116494Z DEBUG transparent_shard_server::runtime: construction stage geometry="recent-8k" table="directory" seconds=8.5602e-5 stage="public_setup"
2026-09-10T20:57:45.373784Z DEBUG transparent_shard_server::runtime: runtime stage key=("1f5d7213a380745d83cc554ad16bdf9e039a0304d0de0b71376828e1838d0ea4", Pages, 0) seconds=0.720646625 stage="disk_save"
2026-09-10T20:57:46.383313Z DEBUG transparent_shard_server::runtime: construction stage geometry="recent-8k" table="directory" seconds=1.266811667 stage="hint_columns"
2026-09-10T20:57:46.389224Z DEBUG transparent_shard_server::runtime: construction stage geometry="recent-8k" table="pages" seconds=1.309771853 stage="hint_columns"
2026-09-10T20:57:46.593705Z DEBUG transparent_shard_server::runtime: runtime stage key=("5b7ee9849d47f5ee67d04eb6ca4588beacf42dce75e5a1b481dfd02607b1fb20", Pages, 0) seconds=1.937509367 stage="disk_save"
2026-09-10T20:57:48.634119Z DEBUG transparent_shard_server::runtime: construction stage geometry="recent-8k" table="directory" seconds=2.250761575 stage="pack_preprocessing"
2026-09-10T20:57:48.634388Z DEBUG transparent_shard_server::runtime: construction stage geometry="recent-8k" table="directory" seconds=0.00022996 stage="publish_parameters"
2026-09-10T20:57:48.634845Z DEBUG transparent_shard_server::runtime: runtime stage key=("ca7afe810c988a8b4b561668f3456a9f38d1fdbb0776614e07ddfeb1a2132000", Directory, 0) seconds=3.838477707 stage="runtime_build"
2026-09-10T20:57:48.634897Z DEBUG transparent_shard_server::runtime: runtime stage key=("95df7205357fe2d9c962d2b41daded841e05afa7b6fc8d06dfec46ad04e15335", Directory, 0) seconds=3.980622776 stage="build_slot"
2026-09-10T20:57:48.634995Z DEBUG transparent_shard_server::memory: cold build admission wait seconds=7.5476e-5 admitted=true
2026-09-10T20:57:48.635018Z DEBUG transparent_shard_server::runtime: runtime stage key=("73d46a59d0d03d7616f9a47e53b50448d4c5a3504e6e296600d8884c8c4403b8", Directory, 0) seconds=5.99e-7 stage="restore_slot"
2026-09-10T20:57:48.637224Z DEBUG transparent_shard_server::runtime: runtime stage key=("73d46a59d0d03d7616f9a47e53b50448d4c5a3504e6e296600d8884c8c4403b8", Directory, 0) seconds=3.2209e-5 hit=false stage="disk_restore"
2026-09-10T20:57:48.656991Z DEBUG transparent_shard_server::runtime: construction stage geometry="recent-8k" table="pages" seconds=2.267736343 stage="pack_preprocessing"
2026-09-10T20:57:48.657282Z DEBUG transparent_shard_server::runtime: construction stage geometry="recent-8k" table="pages" seconds=0.00026272 stage="publish_parameters"
2026-09-10T20:57:48.657967Z DEBUG transparent_shard_server::runtime: runtime stage key=("ca7afe810c988a8b4b561668f3456a9f38d1fdbb0776614e07ddfeb1a2132000", Pages, 0) seconds=3.86837673 stage="runtime_build"
2026-09-10T20:57:48.658012Z DEBUG transparent_shard_server::runtime: runtime stage key=("95df7205357fe2d9c962d2b41daded841e05afa7b6fc8d06dfec46ad04e15335", Pages, 0) seconds=4.001252302 stage="build_slot"
2026-09-10T20:57:48.658071Z DEBUG transparent_shard_server::runtime: runtime stage key=("73d46a59d0d03d7616f9a47e53b50448d4c5a3504e6e296600d8884c8c4403b8", Pages, 0) seconds=1.154e-6 stage="restore_slot"
2026-09-10T20:57:48.658117Z DEBUG transparent_shard_server::memory: cold build admission wait seconds=0.000100026 admitted=true
2026-09-10T20:57:48.658307Z DEBUG transparent_shard_server::runtime: runtime stage key=("73d46a59d0d03d7616f9a47e53b50448d4c5a3504e6e296600d8884c8c4403b8", Pages, 0) seconds=4.2887e-5 hit=false stage="disk_restore"
2026-09-10T20:57:48.783769Z DEBUG transparent_shard_server::runtime: runtime stage key=("95df7205357fe2d9c962d2b41daded841e05afa7b6fc8d06dfec46ad04e15335", Directory, 0) seconds=0.148751169 stage="source_load"
2026-09-10T20:57:48.799345Z DEBUG transparent_shard_server::runtime: runtime stage key=("95df7205357fe2d9c962d2b41daded841e05afa7b6fc8d06dfec46ad04e15335", Pages, 0) seconds=0.141207741 stage="source_load"
2026-09-10T20:57:49.083278Z DEBUG transparent_shard_server::runtime: construction stage geometry="recent-8k" table="directory" seconds=0.299476213 stage="encode_database"
2026-09-10T20:57:49.083375Z DEBUG transparent_shard_server::runtime: construction stage geometry="recent-8k" table="directory" seconds=6.4554e-5 stage="public_setup"
2026-09-10T20:57:49.114186Z DEBUG transparent_shard_server::runtime: construction stage geometry="recent-8k" table="pages" seconds=0.314804897 stage="encode_database"
2026-09-10T20:57:49.114296Z DEBUG transparent_shard_server::runtime: construction stage geometry="recent-8k" table="pages" seconds=7.2864e-5 stage="public_setup"
2026-09-10T20:57:49.372252Z DEBUG transparent_shard_server::runtime: runtime stage key=("ca7afe810c988a8b4b561668f3456a9f38d1fdbb0776614e07ddfeb1a2132000", Directory, 0) seconds=0.737344902 stage="disk_save"
2026-09-10T20:57:50.390483Z DEBUG transparent_shard_server::runtime: construction stage geometry="recent-8k" table="directory" seconds=1.3071015080000001 stage="hint_columns"
2026-09-10T20:57:50.393194Z DEBUG transparent_shard_server::runtime: construction stage geometry="recent-8k" table="pages" seconds=1.27888337 stage="hint_columns"
2026-09-10T20:57:50.606473Z DEBUG transparent_shard_server::runtime: runtime stage key=("ca7afe810c988a8b4b561668f3456a9f38d1fdbb0776614e07ddfeb1a2132000", Pages, 0) seconds=1.9484495339999999 stage="disk_save"
2026-09-10T20:57:52.614906Z DEBUG transparent_shard_server::runtime: construction stage geometry="recent-8k" table="pages" seconds=2.221689328 stage="pack_preprocessing"
2026-09-10T20:57:52.615212Z DEBUG transparent_shard_server::runtime: construction stage geometry="recent-8k" table="pages" seconds=0.000267032 stage="publish_parameters"
2026-09-10T20:57:52.615734Z DEBUG transparent_shard_server::runtime: runtime stage key=("95df7205357fe2d9c962d2b41daded841e05afa7b6fc8d06dfec46ad04e15335", Pages, 0) seconds=3.816356452 stage="runtime_build"
2026-09-10T20:57:52.615775Z DEBUG transparent_shard_server::runtime: runtime stage key=("73d46a59d0d03d7616f9a47e53b50448d4c5a3504e6e296600d8884c8c4403b8", Directory, 0) seconds=3.9785095569999998 stage="build_slot"
2026-09-10T20:57:52.615815Z DEBUG transparent_shard_server::runtime: runtime stage key=("b16be2933ab920bc4745ea8917e5167a7a685c211e0b4febe88b4d3018f970bc", Directory, 0) seconds=1.323e-6 stage="restore_slot"
2026-09-10T20:57:52.615859Z DEBUG transparent_shard_server::memory: cold build admission wait seconds=7.771e-5 admitted=true
2026-09-10T20:57:52.615927Z DEBUG transparent_shard_server::runtime: runtime stage key=("b16be2933ab920bc4745ea8917e5167a7a685c211e0b4febe88b4d3018f970bc", Directory, 0) seconds=1.6e-5 hit=false stage="disk_restore"
2026-09-10T20:57:52.652524Z DEBUG transparent_shard_server::runtime: construction stage geometry="recent-8k" table="directory" seconds=2.262004091 stage="pack_preprocessing"
2026-09-10T20:57:52.652822Z DEBUG transparent_shard_server::runtime: construction stage geometry="recent-8k" table="directory" seconds=0.000261539 stage="publish_parameters"
2026-09-10T20:57:52.656596Z DEBUG transparent_shard_server::runtime: runtime stage key=("95df7205357fe2d9c962d2b41daded841e05afa7b6fc8d06dfec46ad04e15335", Directory, 0) seconds=3.8727959910000003 stage="runtime_build"
2026-09-10T20:57:52.658204Z DEBUG transparent_shard_server::runtime: runtime stage key=("73d46a59d0d03d7616f9a47e53b50448d4c5a3504e6e296600d8884c8c4403b8", Pages, 0) seconds=3.9998540609999997 stage="build_slot"
2026-09-10T20:57:52.658312Z DEBUG transparent_shard_server::memory: cold build admission wait seconds=8.1336e-5 admitted=true
2026-09-10T20:57:52.658336Z DEBUG transparent_shard_server::runtime: runtime stage key=("b16be2933ab920bc4745ea8917e5167a7a685c211e0b4febe88b4d3018f970bc", Pages, 0) seconds=1.593e-6 stage="restore_slot"
2026-09-10T20:57:52.658472Z DEBUG transparent_shard_server::runtime: runtime stage key=("b16be2933ab920bc4745ea8917e5167a7a685c211e0b4febe88b4d3018f970bc", Pages, 0) seconds=3.5664e-5 hit=false stage="disk_restore"
2026-09-10T20:57:52.769206Z DEBUG transparent_shard_server::runtime: runtime stage key=("73d46a59d0d03d7616f9a47e53b50448d4c5a3504e6e296600d8884c8c4403b8", Directory, 0) seconds=0.153326422 stage="source_load"
2026-09-10T20:57:52.803112Z DEBUG transparent_shard_server::runtime: runtime stage key=("73d46a59d0d03d7616f9a47e53b50448d4c5a3504e6e296600d8884c8c4403b8", Pages, 0) seconds=0.144765413 stage="source_load"
2026-09-10T20:57:53.071136Z DEBUG transparent_shard_server::runtime: construction stage geometry="recent-8k" table="directory" seconds=0.301893835 stage="encode_database"
2026-09-10T20:57:53.071248Z DEBUG transparent_shard_server::runtime: construction stage geometry="recent-8k" table="directory" seconds=7.7891e-5 stage="public_setup"
2026-09-10T20:57:53.104568Z DEBUG transparent_shard_server::runtime: construction stage geometry="recent-8k" table="pages" seconds=0.30142012 stage="encode_database"
2026-09-10T20:57:53.104683Z DEBUG transparent_shard_server::runtime: construction stage geometry="recent-8k" table="pages" seconds=8.2762e-5 stage="public_setup"
2026-09-10T20:57:53.385127Z DEBUG transparent_shard_server::runtime: runtime stage key=("95df7205357fe2d9c962d2b41daded841e05afa7b6fc8d06dfec46ad04e15335", Pages, 0) seconds=0.769309053 stage="disk_save"
2026-09-10T20:57:54.372253Z DEBUG transparent_shard_server::runtime: construction stage geometry="recent-8k" table="pages" seconds=1.267562254 stage="hint_columns"
2026-09-10T20:57:54.381216Z DEBUG transparent_shard_server::runtime: construction stage geometry="recent-8k" table="directory" seconds=1.309951248 stage="hint_columns"
2026-09-10T20:57:54.599000Z DEBUG transparent_shard_server::runtime: runtime stage key=("95df7205357fe2d9c962d2b41daded841e05afa7b6fc8d06dfec46ad04e15335", Directory, 0) seconds=1.9422173950000001 stage="disk_save"
2026-09-10T20:57:56.589471Z DEBUG transparent_shard_server::runtime: construction stage geometry="recent-8k" table="directory" seconds=2.208228788 stage="pack_preprocessing"
2026-09-10T20:57:56.589768Z DEBUG transparent_shard_server::runtime: construction stage geometry="recent-8k" table="directory" seconds=0.00026012 stage="publish_parameters"
2026-09-10T20:57:56.590644Z DEBUG transparent_shard_server::runtime: runtime stage key=("73d46a59d0d03d7616f9a47e53b50448d4c5a3504e6e296600d8884c8c4403b8", Directory, 0) seconds=3.821404195 stage="runtime_build"
2026-09-10T20:57:56.593186Z DEBUG transparent_shard_server::runtime: runtime stage key=("b16be2933ab920bc4745ea8917e5167a7a685c211e0b4febe88b4d3018f970bc", Directory, 0) seconds=3.977222912 stage="build_slot"
2026-09-10T20:57:56.593320Z DEBUG transparent_shard_server::memory: cold build admission wait seconds=9.9466e-5 admitted=true
2026-09-10T20:57:56.596203Z DEBUG transparent_shard_server::runtime: runtime stage key=("16b8227360ce35dd2e111156f5e31fd5eb500ff877879a212fef6cf8471de8a5", Directory, 0) seconds=1.537e-6 stage="restore_slot"
2026-09-10T20:57:56.596332Z DEBUG transparent_shard_server::runtime: runtime stage key=("16b8227360ce35dd2e111156f5e31fd5eb500ff877879a212fef6cf8471de8a5", Directory, 0) seconds=3.036e-5 hit=false stage="disk_restore"
2026-09-10T20:57:56.637618Z DEBUG transparent_shard_server::runtime: construction stage geometry="recent-8k" table="pages" seconds=2.265326622 stage="pack_preprocessing"
2026-09-10T20:57:56.637908Z DEBUG transparent_shard_server::runtime: construction stage geometry="recent-8k" table="pages" seconds=0.000264201 stage="publish_parameters"
2026-09-10T20:57:56.641462Z DEBUG transparent_shard_server::runtime: runtime stage key=("73d46a59d0d03d7616f9a47e53b50448d4c5a3504e6e296600d8884c8c4403b8", Pages, 0) seconds=3.838315191 stage="runtime_build"
2026-09-10T20:57:56.641516Z DEBUG transparent_shard_server::runtime: runtime stage key=("b16be2933ab920bc4745ea8917e5167a7a685c211e0b4febe88b4d3018f970bc", Pages, 0) seconds=3.983004513 stage="build_slot"
2026-09-10T20:57:56.641562Z DEBUG transparent_shard_server::runtime: runtime stage key=("16b8227360ce35dd2e111156f5e31fd5eb500ff877879a212fef6cf8471de8a5", Pages, 0) seconds=1.207e-6 stage="restore_slot"
2026-09-10T20:57:56.641593Z DEBUG transparent_shard_server::memory: cold build admission wait seconds=7.2661e-5 admitted=true
2026-09-10T20:57:56.644203Z DEBUG transparent_shard_server::runtime: runtime stage key=("16b8227360ce35dd2e111156f5e31fd5eb500ff877879a212fef6cf8471de8a5", Pages, 0) seconds=3.1543e-5 hit=false stage="disk_restore"
2026-09-10T20:57:56.737793Z DEBUG transparent_shard_server::runtime: runtime stage key=("b16be2933ab920bc4745ea8917e5167a7a685c211e0b4febe88b4d3018f970bc", Directory, 0) seconds=0.141572844 stage="source_load"
2026-09-10T20:57:56.798212Z DEBUG transparent_shard_server::runtime: runtime stage key=("b16be2933ab920bc4745ea8917e5167a7a685c211e0b4febe88b4d3018f970bc", Pages, 0) seconds=0.151023519 stage="source_load"
2026-09-10T20:57:57.023515Z DEBUG transparent_shard_server::runtime: construction stage geometry="recent-8k" table="directory" seconds=0.285694628 stage="encode_database"
2026-09-10T20:57:57.023612Z DEBUG transparent_shard_server::runtime: construction stage geometry="recent-8k" table="directory" seconds=6.9957e-5 stage="public_setup"
2026-09-10T20:57:57.094806Z DEBUG transparent_shard_server::runtime: construction stage geometry="recent-8k" table="pages" seconds=0.296556802 stage="encode_database"
2026-09-10T20:57:57.094895Z DEBUG transparent_shard_server::runtime: construction stage geometry="recent-8k" table="pages" seconds=6.515e-5 stage="public_setup"
2026-09-10T20:57:57.317410Z DEBUG transparent_shard_server::runtime: runtime stage key=("73d46a59d0d03d7616f9a47e53b50448d4c5a3504e6e296600d8884c8c4403b8", Directory, 0) seconds=0.72406713 stage="disk_save"
2026-09-10T20:57:58.344558Z DEBUG transparent_shard_server::runtime: construction stage geometry="recent-8k" table="pages" seconds=1.249656989 stage="hint_columns"
2026-09-10T20:57:58.350353Z DEBUG transparent_shard_server::runtime: construction stage geometry="recent-8k" table="directory" seconds=1.326734895 stage="hint_columns"
2026-09-10T20:57:58.524979Z DEBUG transparent_shard_server::runtime: runtime stage key=("73d46a59d0d03d7616f9a47e53b50448d4c5a3504e6e296600d8884c8c4403b8", Pages, 0) seconds=1.883326919 stage="disk_save"
2026-09-10T20:58:00.558239Z DEBUG transparent_shard_server::runtime: construction stage geometry="recent-8k" table="directory" seconds=2.20785895 stage="pack_preprocessing"
2026-09-10T20:58:00.558549Z DEBUG transparent_shard_server::runtime: construction stage geometry="recent-8k" table="directory" seconds=0.000272591 stage="publish_parameters"
2026-09-10T20:58:00.559344Z DEBUG transparent_shard_server::runtime: runtime stage key=("b16be2933ab920bc4745ea8917e5167a7a685c211e0b4febe88b4d3018f970bc", Directory, 0) seconds=3.821525199 stage="runtime_build"
2026-09-10T20:58:00.559384Z DEBUG transparent_shard_server::runtime: runtime stage key=("16b8227360ce35dd2e111156f5e31fd5eb500ff877879a212fef6cf8471de8a5", Directory, 0) seconds=3.963029227 stage="build_slot"
2026-09-10T20:58:00.559464Z DEBUG transparent_shard_server::memory: cold build admission wait seconds=7.5937e-5 admitted=true
2026-09-10T20:58:00.563350Z DEBUG transparent_shard_server::runtime: runtime stage key=("1cd27964911287b2a127c1f8df5e6b0c19f5b4db309391c5adb2db3072bfec6e", Directory, 0) seconds=1.52e-6 stage="restore_slot"
2026-09-10T20:58:00.563484Z DEBUG transparent_shard_server::runtime: runtime stage key=("1cd27964911287b2a127c1f8df5e6b0c19f5b4db309391c5adb2db3072bfec6e", Directory, 0) seconds=2.6281e-5 hit=false stage="disk_restore"
2026-09-10T20:58:00.565862Z DEBUG transparent_shard_server::runtime: construction stage geometry="recent-8k" table="pages" seconds=2.221273642 stage="pack_preprocessing"
2026-09-10T20:58:00.566133Z DEBUG transparent_shard_server::runtime: construction stage geometry="recent-8k" table="pages" seconds=0.000235794 stage="publish_parameters"
2026-09-10T20:58:00.569480Z DEBUG transparent_shard_server::runtime: runtime stage key=("b16be2933ab920bc4745ea8917e5167a7a685c211e0b4febe88b4d3018f970bc", Pages, 0) seconds=3.771232636 stage="runtime_build"
2026-09-10T20:58:00.569527Z DEBUG transparent_shard_server::runtime: runtime stage key=("16b8227360ce35dd2e111156f5e31fd5eb500ff877879a212fef6cf8471de8a5", Pages, 0) seconds=3.925207528 stage="build_slot"
2026-09-10T20:58:00.569579Z DEBUG transparent_shard_server::runtime: runtime stage key=("1cd27964911287b2a127c1f8df5e6b0c19f5b4db309391c5adb2db3072bfec6e", Pages, 0) seconds=1.19e-6 stage="restore_slot"
2026-09-10T20:58:00.569597Z DEBUG transparent_shard_server::memory: cold build admission wait seconds=5.715e-5 admitted=true
2026-09-10T20:58:00.569683Z DEBUG transparent_shard_server::runtime: runtime stage key=("1cd27964911287b2a127c1f8df5e6b0c19f5b4db309391c5adb2db3072bfec6e", Pages, 0) seconds=2.2219e-5 hit=false stage="disk_restore"
2026-09-10T20:58:00.699296Z DEBUG transparent_shard_server::runtime: runtime stage key=("16b8227360ce35dd2e111156f5e31fd5eb500ff877879a212fef6cf8471de8a5", Directory, 0) seconds=0.139803265 stage="source_load"
2026-09-10T20:58:00.712006Z DEBUG transparent_shard_server::runtime: runtime stage key=("16b8227360ce35dd2e111156f5e31fd5eb500ff877879a212fef6cf8471de8a5", Pages, 0) seconds=0.142381664 stage="source_load"
2026-09-10T20:58:00.983393Z DEBUG transparent_shard_server::runtime: construction stage geometry="recent-8k" table="directory" seconds=0.284067314 stage="encode_database"
2026-09-10T20:58:00.983493Z DEBUG transparent_shard_server::runtime: construction stage geometry="recent-8k" table="directory" seconds=7.1309e-5 stage="public_setup"
2026-09-10T20:58:01.026132Z DEBUG transparent_shard_server::runtime: construction stage geometry="recent-8k" table="pages" seconds=0.314100359 stage="encode_database"
2026-09-10T20:58:01.026231Z DEBUG transparent_shard_server::runtime: construction stage geometry="recent-8k" table="pages" seconds=7.7816e-5 stage="public_setup"
2026-09-10T20:58:01.461127Z DEBUG transparent_shard_server::runtime: runtime stage key=("b16be2933ab920bc4745ea8917e5167a7a685c211e0b4febe88b4d3018f970bc", Directory, 0) seconds=0.901628212 stage="disk_save"
2026-09-10T20:58:02.242281Z DEBUG transparent_shard_server::runtime: construction stage geometry="recent-8k" table="pages" seconds=1.216042053 stage="hint_columns"
2026-09-10T20:58:02.251207Z DEBUG transparent_shard_server::runtime: construction stage geometry="recent-8k" table="directory" seconds=1.267706778 stage="hint_columns"
2026-09-10T20:58:02.538617Z DEBUG transparent_shard_server::runtime: runtime stage key=("b16be2933ab920bc4745ea8917e5167a7a685c211e0b4febe88b4d3018f970bc", Pages, 0) seconds=1.969070364 stage="disk_save"
2026-09-10T20:58:04.482449Z DEBUG transparent_shard_server::runtime: construction stage geometry="recent-8k" table="pages" seconds=2.240138511 stage="pack_preprocessing"
2026-09-10T20:58:04.482740Z DEBUG transparent_shard_server::runtime: construction stage geometry="recent-8k" table="pages" seconds=0.000234873 stage="publish_parameters"
2026-09-10T20:58:04.483367Z DEBUG transparent_shard_server::runtime: runtime stage key=("16b8227360ce35dd2e111156f5e31fd5eb500ff877879a212fef6cf8471de8a5", Pages, 0) seconds=3.771336957 stage="runtime_build"
2026-09-10T20:58:04.483417Z DEBUG transparent_shard_server::runtime: runtime stage key=("1cd27964911287b2a127c1f8df5e6b0c19f5b4db309391c5adb2db3072bfec6e", Directory, 0) seconds=3.919915744 stage="build_slot"
2026-09-10T20:58:04.483516Z DEBUG transparent_shard_server::memory: cold build admission wait seconds=9.2601e-5 admitted=true
2026-09-10T20:58:04.485253Z DEBUG transparent_shard_server::runtime: construction stage geometry="recent-8k" table="directory" seconds=2.2340209890000002 stage="pack_preprocessing"
2026-09-10T20:58:04.485528Z DEBUG transparent_shard_server::runtime: construction stage geometry="recent-8k" table="directory" seconds=0.000246378 stage="publish_parameters"
2026-09-10T20:58:04.486232Z DEBUG transparent_shard_server::runtime: runtime stage key=("27f56c565263ecffb8c7736d4e811665d81bf4ed71c7978431fcc4f45b645ee1", Directory, 0) seconds=1.548e-6 stage="restore_slot"
2026-09-10T20:58:04.486329Z DEBUG transparent_shard_server::runtime: runtime stage key=("27f56c565263ecffb8c7736d4e811665d81bf4ed71c7978431fcc4f45b645ee1", Directory, 0) seconds=1.8092e-5 hit=false stage="disk_restore"
2026-09-10T20:58:04.486341Z DEBUG transparent_shard_server::runtime: runtime stage key=("16b8227360ce35dd2e111156f5e31fd5eb500ff877879a212fef6cf8471de8a5", Directory, 0) seconds=3.787017922 stage="runtime_build"
2026-09-10T20:58:04.486363Z DEBUG transparent_shard_server::runtime: runtime stage key=("1cd27964911287b2a127c1f8df5e6b0c19f5b4db309391c5adb2db3072bfec6e", Pages, 0) seconds=3.916652978 stage="build_slot"
2026-09-10T20:58:04.486375Z DEBUG transparent_shard_server::runtime: runtime stage key=("27f56c565263ecffb8c7736d4e811665d81bf4ed71c7978431fcc4f45b645ee1", Pages, 0) seconds=4.64e-7 stage="restore_slot"
2026-09-10T20:58:04.486422Z DEBUG transparent_shard_server::memory: cold build admission wait seconds=5.3343e-5 admitted=true
2026-09-10T20:58:04.486451Z DEBUG transparent_shard_server::runtime: runtime stage key=("27f56c565263ecffb8c7736d4e811665d81bf4ed71c7978431fcc4f45b645ee1", Pages, 0) seconds=2.2412e-5 hit=false stage="disk_restore"
2026-09-10T20:58:04.621084Z DEBUG transparent_shard_server::runtime: runtime stage key=("1cd27964911287b2a127c1f8df5e6b0c19f5b4db309391c5adb2db3072bfec6e", Directory, 0) seconds=0.134892808 stage="source_load"
2026-09-10T20:58:04.622974Z DEBUG transparent_shard_server::runtime: runtime stage key=("1cd27964911287b2a127c1f8df5e6b0c19f5b4db309391c5adb2db3072bfec6e", Pages, 0) seconds=0.136541015 stage="source_load"
2026-09-10T20:58:04.908493Z DEBUG transparent_shard_server::runtime: construction stage geometry="recent-8k" table="directory" seconds=0.287373241 stage="encode_database"
2026-09-10T20:58:04.908597Z DEBUG transparent_shard_server::runtime: construction stage geometry="recent-8k" table="directory" seconds=7.1449e-5 stage="public_setup"
2026-09-10T20:58:04.927978Z DEBUG transparent_shard_server::runtime: construction stage geometry="recent-8k" table="pages" seconds=0.304971286 stage="encode_database"
2026-09-10T20:58:04.928088Z DEBUG transparent_shard_server::runtime: construction stage geometry="recent-8k" table="pages" seconds=7.5232e-5 stage="public_setup"
2026-09-10T20:58:05.201217Z DEBUG transparent_shard_server::runtime: runtime stage key=("16b8227360ce35dd2e111156f5e31fd5eb500ff877879a212fef6cf8471de8a5", Pages, 0) seconds=0.714992754 stage="disk_save"
2026-09-10T20:58:06.200280Z DEBUG transparent_shard_server::runtime: construction stage geometry="recent-8k" table="pages" seconds=1.272184784 stage="hint_columns"
2026-09-10T20:58:06.209214Z DEBUG transparent_shard_server::runtime: construction stage geometry="recent-8k" table="directory" seconds=1.30060936 stage="hint_columns"
2026-09-10T20:58:06.433473Z DEBUG transparent_shard_server::runtime: runtime stage key=("16b8227360ce35dd2e111156f5e31fd5eb500ff877879a212fef6cf8471de8a5", Directory, 0) seconds=1.9471095360000001 stage="disk_save"
2026-09-10T20:58:08.456849Z DEBUG transparent_shard_server::runtime: construction stage geometry="recent-8k" table="directory" seconds=2.247605452 stage="pack_preprocessing"
2026-09-10T20:58:08.457134Z DEBUG transparent_shard_server::runtime: construction stage geometry="recent-8k" table="directory" seconds=0.000244874 stage="publish_parameters"
2026-09-10T20:58:08.457857Z DEBUG transparent_shard_server::runtime: runtime stage key=("1cd27964911287b2a127c1f8df5e6b0c19f5b4db309391c5adb2db3072bfec6e", Directory, 0) seconds=3.836739164 stage="runtime_build"
2026-09-10T20:58:08.460011Z DEBUG transparent_shard_server::runtime: construction stage geometry="recent-8k" table="pages" seconds=2.259686005 stage="pack_preprocessing"
2026-09-10T20:58:08.460290Z DEBUG transparent_shard_server::runtime: construction stage geometry="recent-8k" table="pages" seconds=0.000250548 stage="publish_parameters"
2026-09-10T20:58:08.460846Z DEBUG transparent_shard_server::runtime: runtime stage key=("1cd27964911287b2a127c1f8df5e6b0c19f5b4db309391c5adb2db3072bfec6e", Pages, 0) seconds=3.837841627 stage="runtime_build"
2026-09-10T20:58:08.460890Z DEBUG transparent_shard_server::runtime: runtime stage key=("27f56c565263ecffb8c7736d4e811665d81bf4ed71c7978431fcc4f45b645ee1", Directory, 0) seconds=3.974529613 stage="build_slot"
2026-09-10T20:58:08.460919Z DEBUG transparent_shard_server::runtime: runtime stage key=("ced665ae1f1140944bcd0c9aa2b83c1019df768df87fa513f9509106fc5b88c1", Directory, 0) seconds=1.635e-6 stage="restore_slot"
2026-09-10T20:58:08.460935Z DEBUG transparent_shard_server::runtime: runtime stage key=("27f56c565263ecffb8c7736d4e811665d81bf4ed71c7978431fcc4f45b645ee1", Pages, 0) seconds=3.974468271 stage="build_slot"
2026-09-10T20:58:08.460977Z DEBUG transparent_shard_server::memory: cold build admission wait seconds=8.0982e-5 admitted=true
2026-09-10T20:58:08.461037Z DEBUG transparent_shard_server::memory: cold build admission wait seconds=8.4458e-5 admitted=true
2026-09-10T20:58:08.467221Z DEBUG transparent_shard_server::runtime: runtime stage key=("ced665ae1f1140944bcd0c9aa2b83c1019df768df87fa513f9509106fc5b88c1", Pages, 0) seconds=9.94e-7 stage="restore_slot"
2026-09-10T20:58:08.467541Z DEBUG transparent_shard_server::runtime: runtime stage key=("ced665ae1f1140944bcd0c9aa2b83c1019df768df87fa513f9509106fc5b88c1", Pages, 0) seconds=3.2198e-5 hit=false stage="disk_restore"
2026-09-10T20:58:08.467562Z DEBUG transparent_shard_server::runtime: runtime stage key=("ced665ae1f1140944bcd0c9aa2b83c1019df768df87fa513f9509106fc5b88c1", Directory, 0) seconds=2.2754e-5 hit=false stage="disk_restore"
2026-09-10T20:58:08.601630Z DEBUG transparent_shard_server::runtime: runtime stage key=("27f56c565263ecffb8c7736d4e811665d81bf4ed71c7978431fcc4f45b645ee1", Directory, 0) seconds=0.134149305 stage="source_load"
2026-09-10T20:58:08.602011Z DEBUG transparent_shard_server::runtime: runtime stage key=("27f56c565263ecffb8c7736d4e811665d81bf4ed71c7978431fcc4f45b645ee1", Pages, 0) seconds=0.134464563 stage="source_load"
2026-09-10T20:58:08.885715Z DEBUG transparent_shard_server::runtime: construction stage geometry="recent-8k" table="directory" seconds=0.284055836 stage="encode_database"
2026-09-10T20:58:08.885811Z DEBUG transparent_shard_server::runtime: construction stage geometry="recent-8k" table="directory" seconds=6.954e-5 stage="public_setup"
2026-09-10T20:58:08.896054Z DEBUG transparent_shard_server::runtime: construction stage geometry="recent-8k" table="pages" seconds=0.294024957 stage="encode_database"
2026-09-10T20:58:08.896155Z DEBUG transparent_shard_server::runtime: construction stage geometry="recent-8k" table="pages" seconds=7.9998e-5 stage="public_setup"
2026-09-10T20:58:09.171362Z DEBUG transparent_shard_server::runtime: runtime stage key=("1cd27964911287b2a127c1f8df5e6b0c19f5b4db309391c5adb2db3072bfec6e", Directory, 0) seconds=0.710352151 stage="disk_save"
2026-09-10T20:58:10.180186Z DEBUG transparent_shard_server::runtime: construction stage geometry="recent-8k" table="pages" seconds=1.284024833 stage="hint_columns"
2026-09-10T20:58:10.201254Z DEBUG transparent_shard_server::runtime: construction stage geometry="recent-8k" table="directory" seconds=1.315436944 stage="hint_columns"
2026-09-10T20:58:10.360224Z DEBUG transparent_shard_server::runtime: runtime stage key=("1cd27964911287b2a127c1f8df5e6b0c19f5b4db309391c5adb2db3072bfec6e", Pages, 0) seconds=1.8927532500000002 stage="disk_save"
2026-09-10T20:58:12.382617Z DEBUG transparent_shard_server::runtime: construction stage geometry="recent-8k" table="pages" seconds=2.202408309 stage="pack_preprocessing"
2026-09-10T20:58:12.382886Z DEBUG transparent_shard_server::runtime: construction stage geometry="recent-8k" table="pages" seconds=0.000232253 stage="publish_parameters"
2026-09-10T20:58:12.383482Z DEBUG transparent_shard_server::runtime: runtime stage key=("27f56c565263ecffb8c7736d4e811665d81bf4ed71c7978431fcc4f45b645ee1", Pages, 0) seconds=3.781453661 stage="runtime_build"
2026-09-10T20:58:12.384190Z DEBUG transparent_shard_server::runtime: runtime stage key=("ced665ae1f1140944bcd0c9aa2b83c1019df768df87fa513f9509106fc5b88c1", Directory, 0) seconds=3.916604199 stage="build_slot"
2026-09-10T20:58:12.384265Z DEBUG transparent_shard_server::memory: cold build admission wait seconds=6.6664e-5 admitted=true
2026-09-10T20:58:12.384287Z DEBUG transparent_shard_server::runtime: runtime stage key=("2d4497bf9e8bafc6139ee4e57114238a7ecfa0782702939922bf2a79b1fe05bf", Directory, 0) seconds=7.82e-7 stage="restore_slot"
2026-09-10T20:58:12.385691Z DEBUG transparent_shard_server::runtime: construction stage geometry="recent-8k" table="directory" seconds=2.18440739 stage="pack_preprocessing"
2026-09-10T20:58:12.385969Z DEBUG transparent_shard_server::runtime: construction stage geometry="recent-8k" table="directory" seconds=0.000257428 stage="publish_parameters"
2026-09-10T20:58:12.386652Z DEBUG transparent_shard_server::runtime: runtime stage key=("27f56c565263ecffb8c7736d4e811665d81bf4ed71c7978431fcc4f45b645ee1", Directory, 0) seconds=3.784994238 stage="runtime_build"
2026-09-10T20:58:12.386695Z DEBUG transparent_shard_server::runtime: runtime stage key=("ced665ae1f1140944bcd0c9aa2b83c1019df768df87fa513f9509106fc5b88c1", Pages, 0) seconds=3.919106162 stage="build_slot"
2026-09-10T20:58:12.386774Z DEBUG transparent_shard_server::memory: cold build admission wait seconds=7.4435e-5 admitted=true
2026-09-10T20:58:12.386873Z DEBUG transparent_shard_server::runtime: runtime stage key=("2d4497bf9e8bafc6139ee4e57114238a7ecfa0782702939922bf2a79b1fe05bf", Pages, 0) seconds=5.42e-7 stage="restore_slot"
2026-09-10T20:58:12.386941Z DEBUG transparent_shard_server::runtime: runtime stage key=("2d4497bf9e8bafc6139ee4e57114238a7ecfa0782702939922bf2a79b1fe05bf", Directory, 0) seconds=2.0061e-5 hit=false stage="disk_restore"
2026-09-10T20:58:12.386980Z DEBUG transparent_shard_server::runtime: runtime stage key=("2d4497bf9e8bafc6139ee4e57114238a7ecfa0782702939922bf2a79b1fe05bf", Pages, 0) seconds=3.8459e-5 hit=false stage="disk_restore"
2026-09-10T20:58:12.526230Z DEBUG transparent_shard_server::runtime: runtime stage key=("ced665ae1f1140944bcd0c9aa2b83c1019df768df87fa513f9509106fc5b88c1", Pages, 0) seconds=0.139279139 stage="source_load"
2026-09-10T20:58:12.526443Z DEBUG transparent_shard_server::runtime: runtime stage key=("ced665ae1f1140944bcd0c9aa2b83c1019df768df87fa513f9509106fc5b88c1", Directory, 0) seconds=0.139653402 stage="source_load"
2026-09-10T20:58:12.812080Z DEBUG transparent_shard_server::runtime: construction stage geometry="recent-8k" table="directory" seconds=0.285616281 stage="encode_database"
2026-09-10T20:58:12.812185Z DEBUG transparent_shard_server::runtime: construction stage geometry="recent-8k" table="directory" seconds=7.6358e-5 stage="public_setup"
2026-09-10T20:58:12.830268Z DEBUG transparent_shard_server::runtime: construction stage geometry="recent-8k" table="pages" seconds=0.304008845 stage="encode_database"
2026-09-10T20:58:12.830356Z DEBUG transparent_shard_server::runtime: construction stage geometry="recent-8k" table="pages" seconds=6.6865e-5 stage="public_setup"
2026-09-10T20:58:13.269211Z DEBUG transparent_shard_server::runtime: runtime stage key=("27f56c565263ecffb8c7736d4e811665d81bf4ed71c7978431fcc4f45b645ee1", Pages, 0) seconds=0.885673377 stage="disk_save"
2026-09-10T20:58:14.064486Z DEBUG transparent_shard_server::runtime: construction stage geometry="recent-8k" table="pages" seconds=1.234123917 stage="hint_columns"
2026-09-10T20:58:14.073212Z DEBUG transparent_shard_server::runtime: construction stage geometry="recent-8k" table="directory" seconds=1.261020268 stage="hint_columns"
2026-09-10T20:58:14.368476Z DEBUG transparent_shard_server::runtime: runtime stage key=("27f56c565263ecffb8c7736d4e811665d81bf4ed71c7978431fcc4f45b645ee1", Directory, 0) seconds=1.981549193 stage="disk_save"
2026-09-10T20:58:16.243380Z DEBUG transparent_shard_server::runtime: construction stage geometry="recent-8k" table="pages" seconds=2.178863123 stage="pack_preprocessing"
2026-09-10T20:58:16.243692Z DEBUG transparent_shard_server::runtime: construction stage geometry="recent-8k" table="pages" seconds=0.000271621 stage="publish_parameters"
2026-09-10T20:58:16.244316Z DEBUG transparent_shard_server::runtime: runtime stage key=("ced665ae1f1140944bcd0c9aa2b83c1019df768df87fa513f9509106fc5b88c1", Pages, 0) seconds=3.718058424 stage="runtime_build"
2026-09-10T20:58:16.244354Z DEBUG transparent_shard_server::runtime: runtime stage key=("2d4497bf9e8bafc6139ee4e57114238a7ecfa0782702939922bf2a79b1fe05bf", Directory, 0) seconds=3.857361911 stage="build_slot"
2026-09-10T20:58:16.244430Z DEBUG transparent_shard_server::memory: cold build admission wait seconds=7.2284e-5 admitted=true
2026-09-10T20:58:16.244527Z DEBUG transparent_shard_server::runtime: runtime stage key=("a4bd72b37c0aafb265c77bb09cbc402cf69b65a87a1fabc8a0f12614b35469be", Directory, 0) seconds=9.2e-7 stage="restore_slot"
2026-09-10T20:58:16.245122Z DEBUG transparent_shard_server::runtime: runtime stage key=("a4bd72b37c0aafb265c77bb09cbc402cf69b65a87a1fabc8a0f12614b35469be", Directory, 0) seconds=3.6325e-5 hit=false stage="disk_restore"
2026-09-10T20:58:16.249534Z DEBUG transparent_shard_server::runtime: construction stage geometry="recent-8k" table="directory" seconds=2.176300586 stage="pack_preprocessing"
2026-09-10T20:58:16.249799Z DEBUG transparent_shard_server::runtime: construction stage geometry="recent-8k" table="directory" seconds=0.000241853 stage="publish_parameters"
2026-09-10T20:58:16.250476Z DEBUG transparent_shard_server::runtime: runtime stage key=("ced665ae1f1140944bcd0c9aa2b83c1019df768df87fa513f9509106fc5b88c1", Directory, 0) seconds=3.724015056 stage="runtime_build"
2026-09-10T20:58:16.253339Z DEBUG transparent_shard_server::runtime: runtime stage key=("2d4497bf9e8bafc6139ee4e57114238a7ecfa0782702939922bf2a79b1fe05bf", Pages, 0) seconds=3.86632722 stage="build_slot"
2026-09-10T20:58:16.253438Z DEBUG transparent_shard_server::memory: cold build admission wait seconds=7.942e-5 admitted=true
2026-09-10T20:58:16.253460Z DEBUG transparent_shard_server::runtime: runtime stage key=("a4bd72b37c0aafb265c77bb09cbc402cf69b65a87a1fabc8a0f12614b35469be", Pages, 0) seconds=5.32e-7 stage="restore_slot"
2026-09-10T20:58:16.253531Z DEBUG transparent_shard_server::runtime: runtime stage key=("a4bd72b37c0aafb265c77bb09cbc402cf69b65a87a1fabc8a0f12614b35469be", Pages, 0) seconds=2.952e-5 hit=false stage="disk_restore"
2026-09-10T20:58:16.386110Z DEBUG transparent_shard_server::runtime: runtime stage key=("2d4497bf9e8bafc6139ee4e57114238a7ecfa0782702939922bf2a79b1fe05bf", Directory, 0) seconds=0.14165281 stage="source_load"
2026-09-10T20:58:16.391467Z DEBUG transparent_shard_server::runtime: runtime stage key=("2d4497bf9e8bafc6139ee4e57114238a7ecfa0782702939922bf2a79b1fe05bf", Pages, 0) seconds=0.137996623 stage="source_load"
2026-09-10T20:58:16.675487Z DEBUG transparent_shard_server::runtime: construction stage geometry="recent-8k" table="directory" seconds=0.28934413 stage="encode_database"
2026-09-10T20:58:16.675650Z DEBUG transparent_shard_server::runtime: construction stage geometry="recent-8k" table="directory" seconds=0.000134177 stage="public_setup"
2026-09-10T20:58:16.683184Z DEBUG transparent_shard_server::runtime: construction stage geometry="recent-8k" table="pages" seconds=0.291682533 stage="encode_database"
2026-09-10T20:58:16.683279Z DEBUG transparent_shard_server::runtime: construction stage geometry="recent-8k" table="pages" seconds=7.1782e-5 stage="public_setup"
2026-09-10T20:58:17.161867Z DEBUG transparent_shard_server::runtime: runtime stage key=("ced665ae1f1140944bcd0c9aa2b83c1019df768df87fa513f9509106fc5b88c1", Pages, 0) seconds=0.917295904 stage="disk_save"
2026-09-10T20:58:17.930346Z DEBUG transparent_shard_server::runtime: construction stage geometry="recent-8k" table="pages" seconds=1.247059868 stage="hint_columns"
2026-09-10T20:58:17.939282Z DEBUG transparent_shard_server::runtime: construction stage geometry="recent-8k" table="directory" seconds=1.263623667 stage="hint_columns"
2026-09-10T20:58:18.232029Z DEBUG transparent_shard_server::runtime: runtime stage key=("ced665ae1f1140944bcd0c9aa2b83c1019df768df87fa513f9509106fc5b88c1", Directory, 0) seconds=1.981494847 stage="disk_save"
2026-09-10T20:58:20.106793Z DEBUG transparent_shard_server::runtime: construction stage geometry="recent-8k" table="directory" seconds=2.167482992 stage="pack_preprocessing"
2026-09-10T20:58:20.107080Z DEBUG transparent_shard_server::runtime: construction stage geometry="recent-8k" table="directory" seconds=0.000250034 stage="publish_parameters"
2026-09-10T20:58:20.107798Z DEBUG transparent_shard_server::runtime: runtime stage key=("2d4497bf9e8bafc6139ee4e57114238a7ecfa0782702939922bf2a79b1fe05bf", Directory, 0) seconds=3.721657495 stage="runtime_build"
2026-09-10T20:58:20.107881Z DEBUG transparent_shard_server::runtime: runtime stage key=("c907a0aa45b2551520863990845279fd25135889865e088c2dad6ea0d32b8fde", Directory, 0) seconds=1.682e-6 stage="restore_slot"
2026-09-10T20:58:20.107984Z DEBUG transparent_shard_server::runtime: runtime stage key=("a4bd72b37c0aafb265c77bb09cbc402cf69b65a87a1fabc8a0f12614b35469be", Directory, 0) seconds=3.862740937 stage="build_slot"
2026-09-10T20:58:20.108021Z DEBUG transparent_shard_server::runtime: runtime stage key=("c907a0aa45b2551520863990845279fd25135889865e088c2dad6ea0d32b8fde", Directory, 0) seconds=3.3032e-5 hit=false stage="disk_restore"
2026-09-10T20:58:20.108026Z DEBUG transparent_shard_server::memory: cold build admission wait seconds=2.5869e-5 admitted=true
2026-09-10T20:58:20.112527Z DEBUG transparent_shard_server::runtime: construction stage geometry="recent-8k" table="pages" seconds=2.182151462 stage="pack_preprocessing"
2026-09-10T20:58:20.112865Z DEBUG transparent_shard_server::runtime: construction stage geometry="recent-8k" table="pages" seconds=0.000322103 stage="publish_parameters"
2026-09-10T20:58:20.116411Z DEBUG transparent_shard_server::runtime: runtime stage key=("2d4497bf9e8bafc6139ee4e57114238a7ecfa0782702939922bf2a79b1fe05bf", Pages, 0) seconds=3.724917729 stage="runtime_build"
2026-09-10T20:58:20.116476Z DEBUG transparent_shard_server::runtime: runtime stage key=("a4bd72b37c0aafb265c77bb09cbc402cf69b65a87a1fabc8a0f12614b35469be", Pages, 0) seconds=3.8592819990000002 stage="build_slot"
2026-09-10T20:58:20.116538Z DEBUG transparent_shard_server::memory: cold build admission wait seconds=5.2245e-5 admitted=true
2026-09-10T20:58:20.116559Z DEBUG transparent_shard_server::runtime: runtime stage key=("c907a0aa45b2551520863990845279fd25135889865e088c2dad6ea0d32b8fde", Pages, 0) seconds=4.15e-7 stage="restore_slot"
2026-09-10T20:58:20.116664Z DEBUG transparent_shard_server::runtime: runtime stage key=("c907a0aa45b2551520863990845279fd25135889865e088c2dad6ea0d32b8fde", Pages, 0) seconds=3.6466e-5 hit=false stage="disk_restore"
2026-09-10T20:58:20.250483Z DEBUG transparent_shard_server::runtime: runtime stage key=("a4bd72b37c0aafb265c77bb09cbc402cf69b65a87a1fabc8a0f12614b35469be", Pages, 0) seconds=0.133892553 stage="source_load"
2026-09-10T20:58:20.252807Z DEBUG transparent_shard_server::runtime: runtime stage key=("a4bd72b37c0aafb265c77bb09cbc402cf69b65a87a1fabc8a0f12614b35469be", Directory, 0) seconds=0.144744866 stage="source_load"
2026-09-10T20:58:20.536719Z DEBUG transparent_shard_server::runtime: construction stage geometry="recent-8k" table="pages" seconds=0.286207233 stage="encode_database"
2026-09-10T20:58:20.536843Z DEBUG transparent_shard_server::runtime: construction stage geometry="recent-8k" table="pages" seconds=9.6362e-5 stage="public_setup"
2026-09-10T20:58:20.548626Z DEBUG transparent_shard_server::runtime: construction stage geometry="recent-8k" table="directory" seconds=0.295794299 stage="encode_database"
2026-09-10T20:58:20.548723Z DEBUG transparent_shard_server::runtime: construction stage geometry="recent-8k" table="directory" seconds=6.5221e-5 stage="public_setup"
2026-09-10T20:58:20.850363Z DEBUG transparent_shard_server::runtime: runtime stage key=("2d4497bf9e8bafc6139ee4e57114238a7ecfa0782702939922bf2a79b1fe05bf", Directory, 0) seconds=0.742516452 stage="disk_save"
2026-09-10T20:58:21.811749Z DEBUG transparent_shard_server::runtime: construction stage geometry="recent-8k" table="directory" seconds=1.2630204520000001 stage="hint_columns"
2026-09-10T20:58:21.813263Z DEBUG transparent_shard_server::runtime: construction stage geometry="recent-8k" table="pages" seconds=1.276414953 stage="hint_columns"
2026-09-10T20:58:22.029089Z DEBUG transparent_shard_server::runtime: runtime stage key=("2d4497bf9e8bafc6139ee4e57114238a7ecfa0782702939922bf2a79b1fe05bf", Pages, 0) seconds=1.9126398949999999 stage="disk_save"
2026-09-10T20:58:24.021508Z DEBUG transparent_shard_server::runtime: construction stage geometry="recent-8k" table="pages" seconds=2.208223137 stage="pack_preprocessing"
2026-09-10T20:58:24.021794Z DEBUG transparent_shard_server::runtime: construction stage geometry="recent-8k" table="pages" seconds=0.000246383 stage="publish_parameters"
2026-09-10T20:58:24.022595Z DEBUG transparent_shard_server::runtime: runtime stage key=("a4bd72b37c0aafb265c77bb09cbc402cf69b65a87a1fabc8a0f12614b35469be", Pages, 0) seconds=3.7720839550000003 stage="runtime_build"
2026-09-10T20:58:24.022654Z DEBUG transparent_shard_server::runtime: runtime stage key=("c907a0aa45b2551520863990845279fd25135889865e088c2dad6ea0d32b8fde", Directory, 0) seconds=3.91460284 stage="build_slot"
2026-09-10T20:58:24.022697Z DEBUG transparent_shard_server::runtime: runtime stage key=("67574e8d4c7f7c258f8c7488f73e80a9476f8074c3db3540325133ff25020c2b", Directory, 0) seconds=1.805e-6 stage="restore_slot"
2026-09-10T20:58:24.022731Z DEBUG transparent_shard_server::memory: cold build admission wait seconds=7.1821e-5 admitted=true
2026-09-10T20:58:24.025297Z DEBUG transparent_shard_server::runtime: runtime stage key=("67574e8d4c7f7c258f8c7488f73e80a9476f8074c3db3540325133ff25020c2b", Directory, 0) seconds=3.5268e-5 hit=false stage="disk_restore"
2026-09-10T20:58:24.035432Z DEBUG transparent_shard_server::runtime: construction stage geometry="recent-8k" table="directory" seconds=2.223636905 stage="pack_preprocessing"
2026-09-10T20:58:24.035672Z DEBUG transparent_shard_server::runtime: construction stage geometry="recent-8k" table="directory" seconds=0.000218531 stage="publish_parameters"
2026-09-10T20:58:24.039230Z DEBUG transparent_shard_server::runtime: runtime stage key=("a4bd72b37c0aafb265c77bb09cbc402cf69b65a87a1fabc8a0f12614b35469be", Directory, 0) seconds=3.7863988170000002 stage="runtime_build"
2026-09-10T20:58:24.040189Z DEBUG transparent_shard_server::runtime: runtime stage key=("c907a0aa45b2551520863990845279fd25135889865e088c2dad6ea0d32b8fde", Pages, 0) seconds=3.923494233 stage="build_slot"
2026-09-10T20:58:24.040244Z DEBUG transparent_shard_server::runtime: runtime stage key=("67574e8d4c7f7c258f8c7488f73e80a9476f8074c3db3540325133ff25020c2b", Pages, 0) seconds=1.219e-6 stage="restore_slot"
2026-09-10T20:58:24.040271Z DEBUG transparent_shard_server::memory: cold build admission wait seconds=6.4578e-5 admitted=true
2026-09-10T20:58:24.042199Z DEBUG transparent_shard_server::runtime: runtime stage key=("67574e8d4c7f7c258f8c7488f73e80a9476f8074c3db3540325133ff25020c2b", Pages, 0) seconds=4.0589e-5 hit=false stage="disk_restore"
2026-09-10T20:58:24.157337Z DEBUG transparent_shard_server::runtime: runtime stage key=("c907a0aa45b2551520863990845279fd25135889865e088c2dad6ea0d32b8fde", Directory, 0) seconds=0.13209553 stage="source_load"
2026-09-10T20:58:24.173598Z DEBUG transparent_shard_server::runtime: runtime stage key=("c907a0aa45b2551520863990845279fd25135889865e088c2dad6ea0d32b8fde", Pages, 0) seconds=0.133294896 stage="source_load"
2026-09-10T20:58:24.443218Z DEBUG transparent_shard_server::runtime: construction stage geometry="recent-8k" table="directory" seconds=0.285852736 stage="encode_database"
2026-09-10T20:58:24.443310Z DEBUG transparent_shard_server::runtime: construction stage geometry="recent-8k" table="directory" seconds=6.5577e-5 stage="public_setup"
2026-09-10T20:58:24.471772Z DEBUG transparent_shard_server::runtime: construction stage geometry="recent-8k" table="pages" seconds=0.29814749 stage="encode_database"
2026-09-10T20:58:24.471871Z DEBUG transparent_shard_server::runtime: construction stage geometry="recent-8k" table="pages" seconds=7.1799e-5 stage="public_setup"
2026-09-10T20:58:24.728222Z DEBUG transparent_shard_server::runtime: runtime stage key=("a4bd72b37c0aafb265c77bb09cbc402cf69b65a87a1fabc8a0f12614b35469be", Pages, 0) seconds=0.703025297 stage="disk_save"
2026-09-10T20:58:25.739264Z DEBUG transparent_shard_server::runtime: construction stage geometry="recent-8k" table="pages" seconds=1.267386564 stage="hint_columns"
2026-09-10T20:58:25.748224Z DEBUG transparent_shard_server::runtime: construction stage geometry="recent-8k" table="directory" seconds=1.3049078619999999 stage="hint_columns"
2026-09-10T20:58:25.920193Z DEBUG transparent_shard_server::runtime: runtime stage key=("a4bd72b37c0aafb265c77bb09cbc402cf69b65a87a1fabc8a0f12614b35469be", Directory, 0) seconds=1.8809172429999998 stage="disk_save"
2026-09-10T20:58:27.904435Z DEBUG transparent_shard_server::runtime: construction stage geometry="recent-8k" table="directory" seconds=2.156185607 stage="pack_preprocessing"
2026-09-10T20:58:27.904746Z DEBUG transparent_shard_server::runtime: construction stage geometry="recent-8k" table="directory" seconds=0.000263443 stage="publish_parameters"
2026-09-10T20:58:27.905440Z DEBUG transparent_shard_server::runtime: runtime stage key=("c907a0aa45b2551520863990845279fd25135889865e088c2dad6ea0d32b8fde", Directory, 0) seconds=3.748076178 stage="runtime_build"
2026-09-10T20:58:27.905488Z DEBUG transparent_shard_server::runtime: runtime stage key=("67574e8d4c7f7c258f8c7488f73e80a9476f8074c3db3540325133ff25020c2b", Directory, 0) seconds=3.880147294 stage="build_slot"
2026-09-10T20:58:27.905570Z DEBUG transparent_shard_server::memory: cold build admission wait seconds=7.7953e-5 admitted=true
2026-09-10T20:58:27.907616Z DEBUG transparent_shard_server::runtime: construction stage geometry="recent-8k" table="pages" seconds=2.168323663 stage="pack_preprocessing"
2026-09-10T20:58:27.907915Z DEBUG transparent_shard_server::runtime: construction stage geometry="recent-8k" table="pages" seconds=0.000276538 stage="publish_parameters"
2026-09-10T20:58:27.908493Z DEBUG transparent_shard_server::runtime: runtime stage key=("c907a0aa45b2551520863990845279fd25135889865e088c2dad6ea0d32b8fde", Pages, 0) seconds=3.7348694890000003 stage="runtime_build"
2026-09-10T20:58:27.908526Z DEBUG transparent_shard_server::runtime: runtime stage key=("67574e8d4c7f7c258f8c7488f73e80a9476f8074c3db3540325133ff25020c2b", Pages, 0) seconds=3.866260225 stage="build_slot"
2026-09-10T20:58:27.908595Z DEBUG transparent_shard_server::memory: cold build admission wait seconds=6.6088e-5 admitted=true
2026-09-10T20:58:28.044282Z DEBUG transparent_shard_server::runtime: runtime stage key=("67574e8d4c7f7c258f8c7488f73e80a9476f8074c3db3540325133ff25020c2b", Directory, 0) seconds=0.138690811 stage="source_load"
2026-09-10T20:58:28.047287Z DEBUG transparent_shard_server::runtime: runtime stage key=("67574e8d4c7f7c258f8c7488f73e80a9476f8074c3db3540325133ff25020c2b", Pages, 0) seconds=0.138672172 stage="source_load"
2026-09-10T20:58:28.328548Z DEBUG transparent_shard_server::runtime: construction stage geometry="recent-8k" table="directory" seconds=0.28423532 stage="encode_database"
2026-09-10T20:58:28.328659Z DEBUG transparent_shard_server::runtime: construction stage geometry="recent-8k" table="directory" seconds=8.3125e-5 stage="public_setup"
2026-09-10T20:58:28.353740Z DEBUG transparent_shard_server::runtime: construction stage geometry="recent-8k" table="pages" seconds=0.30642457 stage="encode_database"
2026-09-10T20:58:28.353857Z DEBUG transparent_shard_server::runtime: construction stage geometry="recent-8k" table="pages" seconds=9.265e-5 stage="public_setup"
2026-09-10T20:58:28.565361Z DEBUG transparent_shard_server::runtime: runtime stage key=("c907a0aa45b2551520863990845279fd25135889865e088c2dad6ea0d32b8fde", Directory, 0) seconds=0.659867695 stage="disk_save"
2026-09-10T20:58:29.616347Z DEBUG transparent_shard_server::runtime: construction stage geometry="recent-8k" table="pages" seconds=1.2624838760000001 stage="hint_columns"
2026-09-10T20:58:29.622335Z DEBUG transparent_shard_server::runtime: construction stage geometry="recent-8k" table="directory" seconds=1.293669125 stage="hint_columns"
2026-09-10T20:58:29.740342Z DEBUG transparent_shard_server::runtime: runtime stage key=("c907a0aa45b2551520863990845279fd25135889865e088c2dad6ea0d32b8fde", Pages, 0) seconds=1.8317176210000001 stage="disk_save"
test burst::publication_burst_under_exact_load has been running for over 60 seconds
2026-09-10T20:58:31.851480Z DEBUG transparent_shard_server::runtime: construction stage geometry="recent-8k" table="directory" seconds=2.229118243 stage="pack_preprocessing"
2026-09-10T20:58:31.851759Z DEBUG transparent_shard_server::runtime: construction stage geometry="recent-8k" table="directory" seconds=0.000236299 stage="publish_parameters"
2026-09-10T20:58:31.852620Z DEBUG transparent_shard_server::runtime: runtime stage key=("67574e8d4c7f7c258f8c7488f73e80a9476f8074c3db3540325133ff25020c2b", Directory, 0) seconds=3.808310034 stage="runtime_build"
2026-09-10T20:58:31.882930Z DEBUG transparent_shard_server::runtime: construction stage geometry="recent-8k" table="pages" seconds=2.266549808 stage="pack_preprocessing"
2026-09-10T20:58:31.883182Z DEBUG transparent_shard_server::runtime: construction stage geometry="recent-8k" table="pages" seconds=0.000220744 stage="publish_parameters"
2026-09-10T20:58:31.883721Z DEBUG transparent_shard_server::runtime: runtime stage key=("67574e8d4c7f7c258f8c7488f73e80a9476f8074c3db3540325133ff25020c2b", Pages, 0) seconds=3.836407739 stage="runtime_build"
2026-09-10T20:58:31.883875Z  INFO transparent_shard_server::service: prewarm finished warm=28 target=28 failed=0 seconds=55.047239413
2026-09-10T20:58:32.510182Z DEBUG transparent_shard_server::runtime: runtime stage key=("67574e8d4c7f7c258f8c7488f73e80a9476f8074c3db3540325133ff25020c2b", Directory, 0) seconds=0.657466032 stage="disk_save"
2026-09-10T20:58:33.170210Z DEBUG transparent_shard_server::runtime: runtime stage key=("67574e8d4c7f7c258f8c7488f73e80a9476f8074c3db3540325133ff25020c2b", Pages, 0) seconds=1.286450378 stage="disk_save"
2026-09-10T20:58:33.409093Z DEBUG transparent_shard_server::service: query stage revision=5b7ee9849d47f5ee67d04eb6ca4588beacf42dce75e5a1b481dfd02607b1fb20 table="directory" seconds=5.477e-6 stage="query_admission"
2026-09-10T20:58:33.409131Z DEBUG transparent_shard_server::service: query stage revision=5b7ee9849d47f5ee67d04eb6ca4588beacf42dce75e5a1b481dfd02607b1fb20 table="directory" seconds=5.733e-6 stage="query_runtime"
2026-09-10T20:58:33.409222Z DEBUG transparent_shard_server::service: query stage revision=5b7ee9849d47f5ee67d04eb6ca4588beacf42dce75e5a1b481dfd02607b1fb20 table="directory" seconds=8.7631e-5 admitted=true stage="query_memory_admission"
2026-09-10T20:58:33.409253Z DEBUG transparent_shard_server::service: query stage revision=5b7ee9849d47f5ee67d04eb6ca4588beacf42dce75e5a1b481dfd02607b1fb20 table="directory" seconds=2.3501e-5 stage="query_dispatch"
2026-09-10T20:58:33.409706Z DEBUG transparent_shard_server::service: query stage revision=5b7ee9849d47f5ee67d04eb6ca4588beacf42dce75e5a1b481dfd02607b1fb20 table="directory" seconds=1.676e-6 stage="query_admission"
2026-09-10T20:58:33.409718Z DEBUG transparent_shard_server::service: query stage revision=5b7ee9849d47f5ee67d04eb6ca4588beacf42dce75e5a1b481dfd02607b1fb20 table="directory" seconds=2.782e-6 stage="query_runtime"
2026-09-10T20:58:33.409774Z DEBUG transparent_shard_server::service: query stage revision=5b7ee9849d47f5ee67d04eb6ca4588beacf42dce75e5a1b481dfd02607b1fb20 table="directory" seconds=5.3416e-5 admitted=true stage="query_memory_admission"
2026-09-10T20:58:33.409804Z DEBUG transparent_shard_server::service: query stage revision=5b7ee9849d47f5ee67d04eb6ca4588beacf42dce75e5a1b481dfd02607b1fb20 table="directory" seconds=2.5079e-5 stage="query_dispatch"
2026-09-10T20:58:33.425968Z DEBUG transparent_shard_server::service: query stage revision=5b7ee9849d47f5ee67d04eb6ca4588beacf42dce75e5a1b481dfd02607b1fb20 table="directory" seconds=0.016156267 stage="query_evaluate"
2026-09-10T20:58:33.425986Z DEBUG transparent_shard_server::service: query stage revision=5b7ee9849d47f5ee67d04eb6ca4588beacf42dce75e5a1b481dfd02607b1fb20 table="directory" seconds=0.016714787 stage="query_evaluate"
2026-09-10T20:58:33.611284Z DEBUG transparent_shard_server::service: query stage revision=5b7ee9849d47f5ee67d04eb6ca4588beacf42dce75e5a1b481dfd02607b1fb20 table="pages" seconds=2.367e-6 stage="query_admission"
2026-09-10T20:58:33.611322Z DEBUG transparent_shard_server::service: query stage revision=5b7ee9849d47f5ee67d04eb6ca4588beacf42dce75e5a1b481dfd02607b1fb20 table="pages" seconds=5.982e-6 stage="query_runtime"
2026-09-10T20:58:33.611390Z DEBUG transparent_shard_server::service: query stage revision=5b7ee9849d47f5ee67d04eb6ca4588beacf42dce75e5a1b481dfd02607b1fb20 table="pages" seconds=6.453e-5 admitted=true stage="query_memory_admission"
2026-09-10T20:58:33.611494Z DEBUG transparent_shard_server::service: query stage revision=5b7ee9849d47f5ee67d04eb6ca4588beacf42dce75e5a1b481dfd02607b1fb20 table="pages" seconds=1.018e-6 stage="query_admission"
2026-09-10T20:58:33.611509Z DEBUG transparent_shard_server::service: query stage revision=5b7ee9849d47f5ee67d04eb6ca4588beacf42dce75e5a1b481dfd02607b1fb20 table="pages" seconds=2.395e-6 stage="query_runtime"
2026-09-10T20:58:33.611539Z DEBUG transparent_shard_server::service: query stage revision=5b7ee9849d47f5ee67d04eb6ca4588beacf42dce75e5a1b481dfd02607b1fb20 table="pages" seconds=2.7586e-5 admitted=true stage="query_memory_admission"
2026-09-10T20:58:33.611574Z DEBUG transparent_shard_server::service: query stage revision=5b7ee9849d47f5ee67d04eb6ca4588beacf42dce75e5a1b481dfd02607b1fb20 table="pages" seconds=0.000180263 stage="query_dispatch"
2026-09-10T20:58:33.612057Z DEBUG transparent_shard_server::service: query stage revision=5b7ee9849d47f5ee67d04eb6ca4588beacf42dce75e5a1b481dfd02607b1fb20 table="pages" seconds=0.000513693 stage="query_dispatch"
2026-09-10T20:58:33.627633Z DEBUG transparent_shard_server::service: query stage revision=5b7ee9849d47f5ee67d04eb6ca4588beacf42dce75e5a1b481dfd02607b1fb20 table="pages" seconds=0.016050689 stage="query_evaluate"
2026-09-10T20:58:33.628193Z DEBUG transparent_shard_server::service: query stage revision=5b7ee9849d47f5ee67d04eb6ca4588beacf42dce75e5a1b481dfd02607b1fb20 table="pages" seconds=0.016111711 stage="query_evaluate"
2026-09-10T20:58:33.717417Z  INFO transparent_shard_server::runtime: retired runtime memory reclaimed rss_before=5390868480 rss_after=4532969472
2026-09-10T20:58:33.783663Z DEBUG transparent_shard_server::service: query stage revision=5b7ee9849d47f5ee67d04eb6ca4588beacf42dce75e5a1b481dfd02607b1fb20 table="directory" seconds=2.457e-6 stage="query_admission"
2026-09-10T20:58:33.783695Z DEBUG transparent_shard_server::service: query stage revision=5b7ee9849d47f5ee67d04eb6ca4588beacf42dce75e5a1b481dfd02607b1fb20 table="directory" seconds=5.313e-6 stage="query_runtime"
2026-09-10T20:58:33.783763Z DEBUG transparent_shard_server::service: query stage revision=5b7ee9849d47f5ee67d04eb6ca4588beacf42dce75e5a1b481dfd02607b1fb20 table="directory" seconds=6.4639e-5 admitted=true stage="query_memory_admission"
2026-09-10T20:58:33.783788Z DEBUG transparent_shard_server::service: query stage revision=5b7ee9849d47f5ee67d04eb6ca4588beacf42dce75e5a1b481dfd02607b1fb20 table="directory" seconds=2.0058e-5 stage="query_dispatch"
2026-09-10T20:58:33.783872Z DEBUG transparent_shard_server::service: query stage revision=5b7ee9849d47f5ee67d04eb6ca4588beacf42dce75e5a1b481dfd02607b1fb20 table="directory" seconds=8.02e-7 stage="query_admission"
2026-09-10T20:58:33.783877Z DEBUG transparent_shard_server::service: query stage revision=5b7ee9849d47f5ee67d04eb6ca4588beacf42dce75e5a1b481dfd02607b1fb20 table="directory" seconds=2.324e-6 stage="query_runtime"
2026-09-10T20:58:33.783904Z DEBUG transparent_shard_server::service: query stage revision=5b7ee9849d47f5ee67d04eb6ca4588beacf42dce75e5a1b481dfd02607b1fb20 table="directory" seconds=2.4644e-5 admitted=true stage="query_memory_admission"
2026-09-10T20:58:33.783933Z DEBUG transparent_shard_server::service: query stage revision=5b7ee9849d47f5ee67d04eb6ca4588beacf42dce75e5a1b481dfd02607b1fb20 table="directory" seconds=2.6131e-5 stage="query_dispatch"
2026-09-10T20:58:33.802660Z DEBUG transparent_shard_server::service: query stage revision=5b7ee9849d47f5ee67d04eb6ca4588beacf42dce75e5a1b481dfd02607b1fb20 table="directory" seconds=0.018854715 stage="query_evaluate"
2026-09-10T20:58:33.803836Z DEBUG transparent_shard_server::service: query stage revision=5b7ee9849d47f5ee67d04eb6ca4588beacf42dce75e5a1b481dfd02607b1fb20 table="directory" seconds=0.019897874 stage="query_evaluate"
2026-09-10T20:58:33.955852Z DEBUG transparent_shard_server::service: query stage revision=5b7ee9849d47f5ee67d04eb6ca4588beacf42dce75e5a1b481dfd02607b1fb20 table="pages" seconds=2.927e-6 stage="query_admission"
2026-09-10T20:58:33.955894Z DEBUG transparent_shard_server::service: query stage revision=5b7ee9849d47f5ee67d04eb6ca4588beacf42dce75e5a1b481dfd02607b1fb20 table="pages" seconds=6.784e-6 stage="query_runtime"
2026-09-10T20:58:33.956060Z DEBUG transparent_shard_server::service: query stage revision=5b7ee9849d47f5ee67d04eb6ca4588beacf42dce75e5a1b481dfd02607b1fb20 table="pages" seconds=1.285e-6 stage="query_admission"
2026-09-10T20:58:33.956072Z DEBUG transparent_shard_server::service: query stage revision=5b7ee9849d47f5ee67d04eb6ca4588beacf42dce75e5a1b481dfd02607b1fb20 table="pages" seconds=3.428e-6 stage="query_runtime"
2026-09-10T20:58:33.956125Z DEBUG transparent_shard_server::service: query stage revision=5b7ee9849d47f5ee67d04eb6ca4588beacf42dce75e5a1b481dfd02607b1fb20 table="pages" seconds=5.0739e-5 admitted=true stage="query_memory_admission"
2026-09-10T20:58:33.956150Z DEBUG transparent_shard_server::service: query stage revision=5b7ee9849d47f5ee67d04eb6ca4588beacf42dce75e5a1b481dfd02607b1fb20 table="pages" seconds=2.1615e-5 stage="query_dispatch"
2026-09-10T20:58:33.956779Z DEBUG transparent_shard_server::service: query stage revision=5b7ee9849d47f5ee67d04eb6ca4588beacf42dce75e5a1b481dfd02607b1fb20 table="pages" seconds=0.000866242 admitted=true stage="query_memory_admission"
2026-09-10T20:58:33.956816Z DEBUG transparent_shard_server::service: query stage revision=5b7ee9849d47f5ee67d04eb6ca4588beacf42dce75e5a1b481dfd02607b1fb20 table="pages" seconds=2.0422e-5 stage="query_dispatch"
2026-09-10T20:58:33.978197Z DEBUG transparent_shard_server::service: query stage revision=5b7ee9849d47f5ee67d04eb6ca4588beacf42dce75e5a1b481dfd02607b1fb20 table="pages" seconds=0.022040833 stage="query_evaluate"
2026-09-10T20:58:33.978858Z DEBUG transparent_shard_server::service: query stage revision=5b7ee9849d47f5ee67d04eb6ca4588beacf42dce75e5a1b481dfd02607b1fb20 table="pages" seconds=0.022025698 stage="query_evaluate"
2026-09-10T20:58:34.133332Z DEBUG transparent_shard_server::service: query stage revision=5b7ee9849d47f5ee67d04eb6ca4588beacf42dce75e5a1b481dfd02607b1fb20 table="directory" seconds=2.797e-6 stage="query_admission"
2026-09-10T20:58:34.133369Z DEBUG transparent_shard_server::service: query stage revision=5b7ee9849d47f5ee67d04eb6ca4588beacf42dce75e5a1b481dfd02607b1fb20 table="directory" seconds=5.892e-6 stage="query_runtime"
2026-09-10T20:58:34.133437Z DEBUG transparent_shard_server::service: query stage revision=5b7ee9849d47f5ee67d04eb6ca4588beacf42dce75e5a1b481dfd02607b1fb20 table="directory" seconds=6.5089e-5 admitted=true stage="query_memory_admission"
2026-09-10T20:58:34.133463Z DEBUG transparent_shard_server::service: query stage revision=5b7ee9849d47f5ee67d04eb6ca4588beacf42dce75e5a1b481dfd02607b1fb20 table="directory" seconds=1.9667e-5 stage="query_dispatch"
2026-09-10T20:58:34.136366Z DEBUG transparent_shard_server::service: query stage revision=5b7ee9849d47f5ee67d04eb6ca4588beacf42dce75e5a1b481dfd02607b1fb20 table="directory" seconds=3.666e-6 stage="query_admission"
2026-09-10T20:58:34.136410Z DEBUG transparent_shard_server::service: query stage revision=5b7ee9849d47f5ee67d04eb6ca4588beacf42dce75e5a1b481dfd02607b1fb20 table="directory" seconds=7.45e-6 stage="query_runtime"
2026-09-10T20:58:34.136497Z DEBUG transparent_shard_server::service: query stage revision=5b7ee9849d47f5ee67d04eb6ca4588beacf42dce75e5a1b481dfd02607b1fb20 table="directory" seconds=8.1773e-5 admitted=true stage="query_memory_admission"
2026-09-10T20:58:34.136519Z DEBUG transparent_shard_server::service: query stage revision=5b7ee9849d47f5ee67d04eb6ca4588beacf42dce75e5a1b481dfd02607b1fb20 table="directory" seconds=1.5454e-5 stage="query_dispatch"
2026-09-10T20:58:34.155224Z DEBUG transparent_shard_server::service: query stage revision=5b7ee9849d47f5ee67d04eb6ca4588beacf42dce75e5a1b481dfd02607b1fb20 table="directory" seconds=0.021741218 stage="query_evaluate"
2026-09-10T20:58:34.155546Z DEBUG transparent_shard_server::service: query stage revision=5b7ee9849d47f5ee67d04eb6ca4588beacf42dce75e5a1b481dfd02607b1fb20 table="directory" seconds=0.019019824 stage="query_evaluate"
2026-09-10T20:58:34.274251Z DEBUG transparent_shard_server::runtime: runtime stage key=("be059aab39ac34125e0452548d6fbcfb1e7cdb7237a597bd59ee86011ed4882b", Pages, 0) seconds=4.69e-7 stage="restore_slot"
2026-09-10T20:58:34.274244Z DEBUG transparent_shard_server::runtime: runtime stage key=("be059aab39ac34125e0452548d6fbcfb1e7cdb7237a597bd59ee86011ed4882b", Directory, 0) seconds=1.794e-6 stage="restore_slot"
2026-09-10T20:58:34.274446Z DEBUG transparent_shard_server::runtime: runtime stage key=("be059aab39ac34125e0452548d6fbcfb1e7cdb7237a597bd59ee86011ed4882b", Directory, 0) seconds=3.8054e-5 hit=false stage="disk_restore"
2026-09-10T20:58:34.274464Z DEBUG transparent_shard_server::runtime: runtime stage key=("be059aab39ac34125e0452548d6fbcfb1e7cdb7237a597bd59ee86011ed4882b", Directory, 0) seconds=3.96e-7 stage="build_slot"
2026-09-10T20:58:34.274474Z DEBUG transparent_shard_server::runtime: runtime stage key=("be059aab39ac34125e0452548d6fbcfb1e7cdb7237a597bd59ee86011ed4882b", Pages, 0) seconds=3.5012e-5 hit=false stage="disk_restore"
2026-09-10T20:58:34.274495Z DEBUG transparent_shard_server::memory: cold build admission wait seconds=2.8208e-5 admitted=true
2026-09-10T20:58:34.274509Z DEBUG transparent_shard_server::runtime: runtime stage key=("be059aab39ac34125e0452548d6fbcfb1e7cdb7237a597bd59ee86011ed4882b", Pages, 0) seconds=1.63e-7 stage="build_slot"
2026-09-10T20:58:34.274546Z DEBUG transparent_shard_server::memory: cold build admission wait seconds=3.3111e-5 admitted=true
2026-09-10T20:58:34.310348Z DEBUG transparent_shard_server::service: query stage revision=5b7ee9849d47f5ee67d04eb6ca4588beacf42dce75e5a1b481dfd02607b1fb20 table="pages" seconds=3.403e-6 stage="query_admission"
2026-09-10T20:58:34.310393Z DEBUG transparent_shard_server::service: query stage revision=5b7ee9849d47f5ee67d04eb6ca4588beacf42dce75e5a1b481dfd02607b1fb20 table="pages" seconds=8.838e-6 stage="query_runtime"
2026-09-10T20:58:34.310488Z DEBUG transparent_shard_server::service: query stage revision=5b7ee9849d47f5ee67d04eb6ca4588beacf42dce75e5a1b481dfd02607b1fb20 table="pages" seconds=9.057e-5 admitted=true stage="query_memory_admission"
2026-09-10T20:58:34.312233Z DEBUG transparent_shard_server::service: query stage revision=5b7ee9849d47f5ee67d04eb6ca4588beacf42dce75e5a1b481dfd02607b1fb20 table="pages" seconds=0.001737409 stage="query_dispatch"
2026-09-10T20:58:34.316455Z DEBUG transparent_shard_server::service: query stage revision=5b7ee9849d47f5ee67d04eb6ca4588beacf42dce75e5a1b481dfd02607b1fb20 table="pages" seconds=2.333e-6 stage="query_admission"
2026-09-10T20:58:34.316490Z DEBUG transparent_shard_server::service: query stage revision=5b7ee9849d47f5ee67d04eb6ca4588beacf42dce75e5a1b481dfd02607b1fb20 table="pages" seconds=5.882e-6 stage="query_runtime"
2026-09-10T20:58:34.316568Z DEBUG transparent_shard_server::service: query stage revision=5b7ee9849d47f5ee67d04eb6ca4588beacf42dce75e5a1b481dfd02607b1fb20 table="pages" seconds=7.4617e-5 admitted=true stage="query_memory_admission"
2026-09-10T20:58:34.316587Z DEBUG transparent_shard_server::service: query stage revision=5b7ee9849d47f5ee67d04eb6ca4588beacf42dce75e5a1b481dfd02607b1fb20 table="pages" seconds=1.4158e-5 stage="query_dispatch"
2026-09-10T20:58:34.332777Z DEBUG transparent_shard_server::service: query stage revision=5b7ee9849d47f5ee67d04eb6ca4588beacf42dce75e5a1b481dfd02607b1fb20 table="pages" seconds=0.020513993 stage="query_evaluate"
2026-09-10T20:58:34.345735Z DEBUG transparent_shard_server::service: query stage revision=5b7ee9849d47f5ee67d04eb6ca4588beacf42dce75e5a1b481dfd02607b1fb20 table="pages" seconds=0.029141369 stage="query_evaluate"
2026-09-10T20:58:34.425581Z DEBUG transparent_shard_server::runtime: runtime stage key=("be059aab39ac34125e0452548d6fbcfb1e7cdb7237a597bd59ee86011ed4882b", Directory, 0) seconds=0.151065682 stage="source_load"
2026-09-10T20:58:34.444671Z DEBUG transparent_shard_server::runtime: runtime stage key=("be059aab39ac34125e0452548d6fbcfb1e7cdb7237a597bd59ee86011ed4882b", Pages, 0) seconds=0.170111176 stage="source_load"
2026-09-10T20:58:34.494146Z DEBUG transparent_shard_server::service: query stage revision=5b7ee9849d47f5ee67d04eb6ca4588beacf42dce75e5a1b481dfd02607b1fb20 table="directory" seconds=2.295e-6 stage="query_admission"
2026-09-10T20:58:34.494204Z DEBUG transparent_shard_server::service: query stage revision=5b7ee9849d47f5ee67d04eb6ca4588beacf42dce75e5a1b481dfd02607b1fb20 table="directory" seconds=5.338e-6 stage="query_runtime"
2026-09-10T20:58:34.494277Z DEBUG transparent_shard_server::service: query stage revision=5b7ee9849d47f5ee67d04eb6ca4588beacf42dce75e5a1b481dfd02607b1fb20 table="directory" seconds=6.7927e-5 admitted=true stage="query_memory_admission"
2026-09-10T20:58:34.496176Z DEBUG transparent_shard_server::service: query stage revision=5b7ee9849d47f5ee67d04eb6ca4588beacf42dce75e5a1b481dfd02607b1fb20 table="directory" seconds=0.001893984 stage="query_dispatch"
2026-09-10T20:58:34.500761Z DEBUG transparent_shard_server::service: query stage revision=5b7ee9849d47f5ee67d04eb6ca4588beacf42dce75e5a1b481dfd02607b1fb20 table="directory" seconds=2.686e-6 stage="query_admission"
2026-09-10T20:58:34.500795Z DEBUG transparent_shard_server::service: query stage revision=5b7ee9849d47f5ee67d04eb6ca4588beacf42dce75e5a1b481dfd02607b1fb20 table="directory" seconds=4.804e-6 stage="query_runtime"
2026-09-10T20:58:34.500878Z DEBUG transparent_shard_server::service: query stage revision=5b7ee9849d47f5ee67d04eb6ca4588beacf42dce75e5a1b481dfd02607b1fb20 table="directory" seconds=8.0015e-5 admitted=true stage="query_memory_admission"
2026-09-10T20:58:34.504181Z DEBUG transparent_shard_server::service: query stage revision=5b7ee9849d47f5ee67d04eb6ca4588beacf42dce75e5a1b481dfd02607b1fb20 table="directory" seconds=0.003296574 stage="query_dispatch"
2026-09-10T20:58:34.513698Z DEBUG transparent_shard_server::service: query stage revision=5b7ee9849d47f5ee67d04eb6ca4588beacf42dce75e5a1b481dfd02607b1fb20 table="directory" seconds=0.017495503 stage="query_evaluate"
2026-09-10T20:58:34.522765Z DEBUG transparent_shard_server::service: query stage revision=5b7ee9849d47f5ee67d04eb6ca4588beacf42dce75e5a1b481dfd02607b1fb20 table="directory" seconds=0.018556064 stage="query_evaluate"
2026-09-10T20:58:34.674489Z DEBUG transparent_shard_server::service: query stage revision=5b7ee9849d47f5ee67d04eb6ca4588beacf42dce75e5a1b481dfd02607b1fb20 table="pages" seconds=2.432e-6 stage="query_admission"
2026-09-10T20:58:34.674525Z DEBUG transparent_shard_server::service: query stage revision=5b7ee9849d47f5ee67d04eb6ca4588beacf42dce75e5a1b481dfd02607b1fb20 table="pages" seconds=6.511e-6 stage="query_runtime"
2026-09-10T20:58:34.674593Z DEBUG transparent_shard_server::service: query stage revision=5b7ee9849d47f5ee67d04eb6ca4588beacf42dce75e5a1b481dfd02607b1fb20 table="pages" seconds=6.4728e-5 admitted=true stage="query_memory_admission"
2026-09-10T20:58:34.674619Z DEBUG transparent_shard_server::service: query stage revision=5b7ee9849d47f5ee67d04eb6ca4588beacf42dce75e5a1b481dfd02607b1fb20 table="pages" seconds=2.1569e-5 stage="query_dispatch"
2026-09-10T20:58:34.678684Z DEBUG transparent_shard_server::service: query stage revision=5b7ee9849d47f5ee67d04eb6ca4588beacf42dce75e5a1b481dfd02607b1fb20 table="pages" seconds=1.907e-6 stage="query_admission"
2026-09-10T20:58:34.678709Z DEBUG transparent_shard_server::service: query stage revision=5b7ee9849d47f5ee67d04eb6ca4588beacf42dce75e5a1b481dfd02607b1fb20 table="pages" seconds=4.858e-6 stage="query_runtime"
2026-09-10T20:58:34.678766Z DEBUG transparent_shard_server::service: query stage revision=5b7ee9849d47f5ee67d04eb6ca4588beacf42dce75e5a1b481dfd02607b1fb20 table="pages" seconds=5.5117e-5 admitted=true stage="query_memory_admission"
2026-09-10T20:58:34.678790Z DEBUG transparent_shard_server::service: query stage revision=5b7ee9849d47f5ee67d04eb6ca4588beacf42dce75e5a1b481dfd02607b1fb20 table="pages" seconds=1.9063e-5 stage="query_dispatch"
2026-09-10T20:58:34.691475Z DEBUG transparent_shard_server::service: query stage revision=5b7ee9849d47f5ee67d04eb6ca4588beacf42dce75e5a1b481dfd02607b1fb20 table="pages" seconds=0.016850447 stage="query_evaluate"
2026-09-10T20:58:34.699575Z DEBUG transparent_shard_server::service: query stage revision=5b7ee9849d47f5ee67d04eb6ca4588beacf42dce75e5a1b481dfd02607b1fb20 table="pages" seconds=0.020766582 stage="query_evaluate"
2026-09-10T20:58:34.724571Z DEBUG transparent_shard_server::runtime: construction stage geometry="recent-8k" table="directory" seconds=0.298954633 stage="encode_database"
2026-09-10T20:58:34.724794Z DEBUG transparent_shard_server::runtime: construction stage geometry="recent-8k" table="directory" seconds=0.000188685 stage="public_setup"
2026-09-10T20:58:34.755733Z DEBUG transparent_shard_server::runtime: construction stage geometry="recent-8k" table="pages" seconds=0.311022964 stage="encode_database"
2026-09-10T20:58:34.755857Z DEBUG transparent_shard_server::runtime: construction stage geometry="recent-8k" table="pages" seconds=9.1801e-5 stage="public_setup"
2026-09-10T20:58:34.851756Z DEBUG transparent_shard_server::service: query stage revision=5b7ee9849d47f5ee67d04eb6ca4588beacf42dce75e5a1b481dfd02607b1fb20 table="directory" seconds=2.21e-6 stage="query_admission"
2026-09-10T20:58:34.851790Z DEBUG transparent_shard_server::service: query stage revision=5b7ee9849d47f5ee67d04eb6ca4588beacf42dce75e5a1b481dfd02607b1fb20 table="directory" seconds=4.717e-6 stage="query_runtime"
2026-09-10T20:58:34.851839Z DEBUG transparent_shard_server::service: query stage revision=5b7ee9849d47f5ee67d04eb6ca4588beacf42dce75e5a1b481dfd02607b1fb20 table="directory" seconds=4.6096e-5 admitted=true stage="query_memory_admission"
2026-09-10T20:58:34.851862Z DEBUG transparent_shard_server::service: query stage revision=5b7ee9849d47f5ee67d04eb6ca4588beacf42dce75e5a1b481dfd02607b1fb20 table="directory" seconds=1.7941e-5 stage="query_dispatch"
2026-09-10T20:58:34.856980Z DEBUG transparent_shard_server::service: query stage revision=5b7ee9849d47f5ee67d04eb6ca4588beacf42dce75e5a1b481dfd02607b1fb20 table="directory" seconds=1.967e-6 stage="query_admission"
2026-09-10T20:58:34.857003Z DEBUG transparent_shard_server::service: query stage revision=5b7ee9849d47f5ee67d04eb6ca4588beacf42dce75e5a1b481dfd02607b1fb20 table="directory" seconds=3.867e-6 stage="query_runtime"
2026-09-10T20:58:34.857048Z DEBUG transparent_shard_server::service: query stage revision=5b7ee9849d47f5ee67d04eb6ca4588beacf42dce75e5a1b481dfd02607b1fb20 table="directory" seconds=4.2126e-5 admitted=true stage="query_memory_admission"
2026-09-10T20:58:34.857063Z DEBUG transparent_shard_server::service: query stage revision=5b7ee9849d47f5ee67d04eb6ca4588beacf42dce75e5a1b481dfd02607b1fb20 table="directory" seconds=1.1408e-5 stage="query_dispatch"
2026-09-10T20:58:35.823229Z DEBUG transparent_shard_server::runtime: construction stage geometry="recent-8k" table="pages" seconds=1.06736494 stage="hint_columns"
2026-09-10T20:58:35.826681Z DEBUG transparent_shard_server::service: query stage revision=5b7ee9849d47f5ee67d04eb6ca4588beacf42dce75e5a1b481dfd02607b1fb20 table="directory" seconds=0.969612515 stage="query_evaluate"
2026-09-10T20:58:35.826758Z DEBUG transparent_shard_server::runtime: construction stage geometry="recent-8k" table="directory" seconds=1.101952837 stage="hint_columns"
2026-09-10T20:58:35.831356Z DEBUG transparent_shard_server::service: query stage revision=5b7ee9849d47f5ee67d04eb6ca4588beacf42dce75e5a1b481dfd02607b1fb20 table="directory" seconds=0.979474213 stage="query_evaluate"
2026-09-10T20:58:35.984555Z DEBUG transparent_shard_server::service: query stage revision=5b7ee9849d47f5ee67d04eb6ca4588beacf42dce75e5a1b481dfd02607b1fb20 table="pages" seconds=2.73e-6 stage="query_admission"
2026-09-10T20:58:35.984594Z DEBUG transparent_shard_server::service: query stage revision=5b7ee9849d47f5ee67d04eb6ca4588beacf42dce75e5a1b481dfd02607b1fb20 table="pages" seconds=4.6e-6 stage="query_runtime"
2026-09-10T20:58:35.984731Z DEBUG transparent_shard_server::service: query stage revision=5b7ee9849d47f5ee67d04eb6ca4588beacf42dce75e5a1b481dfd02607b1fb20 table="pages" seconds=0.000131826 admitted=true stage="query_memory_admission"
2026-09-10T20:58:35.985192Z DEBUG transparent_shard_server::service: query stage revision=5b7ee9849d47f5ee67d04eb6ca4588beacf42dce75e5a1b481dfd02607b1fb20 table="pages" seconds=0.000454078 stage="query_dispatch"
2026-09-10T20:58:35.989508Z DEBUG transparent_shard_server::service: query stage revision=5b7ee9849d47f5ee67d04eb6ca4588beacf42dce75e5a1b481dfd02607b1fb20 table="pages" seconds=2.348e-6 stage="query_admission"
2026-09-10T20:58:35.989535Z DEBUG transparent_shard_server::service: query stage revision=5b7ee9849d47f5ee67d04eb6ca4588beacf42dce75e5a1b481dfd02607b1fb20 table="pages" seconds=4.698e-6 stage="query_runtime"
2026-09-10T20:58:35.989600Z DEBUG transparent_shard_server::service: query stage revision=5b7ee9849d47f5ee67d04eb6ca4588beacf42dce75e5a1b481dfd02607b1fb20 table="pages" seconds=6.0668e-5 admitted=true stage="query_memory_admission"
2026-09-10T20:58:35.989628Z DEBUG transparent_shard_server::service: query stage revision=5b7ee9849d47f5ee67d04eb6ca4588beacf42dce75e5a1b481dfd02607b1fb20 table="pages" seconds=2.1208e-5 stage="query_dispatch"
2026-09-10T20:58:36.012709Z DEBUG transparent_shard_server::service: query stage revision=5b7ee9849d47f5ee67d04eb6ca4588beacf42dce75e5a1b481dfd02607b1fb20 table="pages" seconds=0.023060839 stage="query_evaluate"
2026-09-10T20:58:36.012965Z DEBUG transparent_shard_server::service: query stage revision=5b7ee9849d47f5ee67d04eb6ca4588beacf42dce75e5a1b481dfd02607b1fb20 table="pages" seconds=0.027745121 stage="query_evaluate"
2026-09-10T20:58:36.166463Z DEBUG transparent_shard_server::service: query stage revision=5b7ee9849d47f5ee67d04eb6ca4588beacf42dce75e5a1b481dfd02607b1fb20 table="directory" seconds=2.348e-6 stage="query_admission"
2026-09-10T20:58:36.166496Z DEBUG transparent_shard_server::service: query stage revision=5b7ee9849d47f5ee67d04eb6ca4588beacf42dce75e5a1b481dfd02607b1fb20 table="directory" seconds=4.274e-6 stage="query_runtime"
2026-09-10T20:58:36.166565Z DEBUG transparent_shard_server::service: query stage revision=5b7ee9849d47f5ee67d04eb6ca4588beacf42dce75e5a1b481dfd02607b1fb20 table="directory" seconds=6.5676e-5 admitted=true stage="query_memory_admission"
2026-09-10T20:58:36.166587Z DEBUG transparent_shard_server::service: query stage revision=5b7ee9849d47f5ee67d04eb6ca4588beacf42dce75e5a1b481dfd02607b1fb20 table="directory" seconds=1.6627e-5 stage="query_dispatch"
2026-09-10T20:58:36.166760Z DEBUG transparent_shard_server::service: query stage revision=5b7ee9849d47f5ee67d04eb6ca4588beacf42dce75e5a1b481dfd02607b1fb20 table="directory" seconds=9.56e-7 stage="query_admission"
2026-09-10T20:58:36.166768Z DEBUG transparent_shard_server::service: query stage revision=5b7ee9849d47f5ee67d04eb6ca4588beacf42dce75e5a1b481dfd02607b1fb20 table="directory" seconds=2.503e-6 stage="query_runtime"
2026-09-10T20:58:36.166806Z DEBUG transparent_shard_server::service: query stage revision=5b7ee9849d47f5ee67d04eb6ca4588beacf42dce75e5a1b481dfd02607b1fb20 table="directory" seconds=3.5609e-5 admitted=true stage="query_memory_admission"
2026-09-10T20:58:36.166828Z DEBUG transparent_shard_server::service: query stage revision=5b7ee9849d47f5ee67d04eb6ca4588beacf42dce75e5a1b481dfd02607b1fb20 table="directory" seconds=1.7628e-5 stage="query_dispatch"
2026-09-10T20:58:36.191721Z DEBUG transparent_shard_server::service: query stage revision=5b7ee9849d47f5ee67d04eb6ca4588beacf42dce75e5a1b481dfd02607b1fb20 table="directory" seconds=0.025115349 stage="query_evaluate"
2026-09-10T20:58:36.191726Z DEBUG transparent_shard_server::service: query stage revision=5b7ee9849d47f5ee67d04eb6ca4588beacf42dce75e5a1b481dfd02607b1fb20 table="directory" seconds=0.024884293 stage="query_evaluate"
2026-09-10T20:58:36.345000Z DEBUG transparent_shard_server::service: query stage revision=5b7ee9849d47f5ee67d04eb6ca4588beacf42dce75e5a1b481dfd02607b1fb20 table="pages" seconds=2.206e-6 stage="query_admission"
2026-09-10T20:58:36.345036Z DEBUG transparent_shard_server::service: query stage revision=5b7ee9849d47f5ee67d04eb6ca4588beacf42dce75e5a1b481dfd02607b1fb20 table="pages" seconds=4.401e-6 stage="query_runtime"
2026-09-10T20:58:36.345113Z DEBUG transparent_shard_server::service: query stage revision=5b7ee9849d47f5ee67d04eb6ca4588beacf42dce75e5a1b481dfd02607b1fb20 table="pages" seconds=7.3946e-5 admitted=true stage="query_memory_admission"
2026-09-10T20:58:36.345143Z DEBUG transparent_shard_server::service: query stage revision=5b7ee9849d47f5ee67d04eb6ca4588beacf42dce75e5a1b481dfd02607b1fb20 table="pages" seconds=1.4007e-5 stage="query_dispatch"
2026-09-10T20:58:36.349423Z DEBUG transparent_shard_server::service: query stage revision=5b7ee9849d47f5ee67d04eb6ca4588beacf42dce75e5a1b481dfd02607b1fb20 table="pages" seconds=1.701e-6 stage="query_admission"
2026-09-10T20:58:36.349452Z DEBUG transparent_shard_server::service: query stage revision=5b7ee9849d47f5ee67d04eb6ca4588beacf42dce75e5a1b481dfd02607b1fb20 table="pages" seconds=4.791e-6 stage="query_runtime"
2026-09-10T20:58:36.349517Z DEBUG transparent_shard_server::service: query stage revision=5b7ee9849d47f5ee67d04eb6ca4588beacf42dce75e5a1b481dfd02607b1fb20 table="pages" seconds=6.2382e-5 admitted=true stage="query_memory_admission"
2026-09-10T20:58:36.349538Z DEBUG transparent_shard_server::service: query stage revision=5b7ee9849d47f5ee67d04eb6ca4588beacf42dce75e5a1b481dfd02607b1fb20 table="pages" seconds=1.515e-5 stage="query_dispatch"
2026-09-10T20:58:36.361881Z DEBUG transparent_shard_server::service: query stage revision=5b7ee9849d47f5ee67d04eb6ca4588beacf42dce75e5a1b481dfd02607b1fb20 table="pages" seconds=0.016731576 stage="query_evaluate"
2026-09-10T20:58:36.371304Z DEBUG transparent_shard_server::service: query stage revision=5b7ee9849d47f5ee67d04eb6ca4588beacf42dce75e5a1b481dfd02607b1fb20 table="pages" seconds=0.021746334 stage="query_evaluate"
2026-09-10T20:58:36.522495Z DEBUG transparent_shard_server::service: query stage revision=5b7ee9849d47f5ee67d04eb6ca4588beacf42dce75e5a1b481dfd02607b1fb20 table="directory" seconds=2.616e-6 stage="query_admission"
2026-09-10T20:58:36.522529Z DEBUG transparent_shard_server::service: query stage revision=5b7ee9849d47f5ee67d04eb6ca4588beacf42dce75e5a1b481dfd02607b1fb20 table="directory" seconds=4.248e-6 stage="query_runtime"
2026-09-10T20:58:36.522597Z DEBUG transparent_shard_server::service: query stage revision=5b7ee9849d47f5ee67d04eb6ca4588beacf42dce75e5a1b481dfd02607b1fb20 table="directory" seconds=6.4285e-5 admitted=true stage="query_memory_admission"
2026-09-10T20:58:36.522624Z DEBUG transparent_shard_server::service: query stage revision=5b7ee9849d47f5ee67d04eb6ca4588beacf42dce75e5a1b481dfd02607b1fb20 table="directory" seconds=2.109e-5 stage="query_dispatch"
2026-09-10T20:58:36.526929Z DEBUG transparent_shard_server::service: query stage revision=5b7ee9849d47f5ee67d04eb6ca4588beacf42dce75e5a1b481dfd02607b1fb20 table="directory" seconds=2.148e-6 stage="query_admission"
2026-09-10T20:58:36.526955Z DEBUG transparent_shard_server::service: query stage revision=5b7ee9849d47f5ee67d04eb6ca4588beacf42dce75e5a1b481dfd02607b1fb20 table="directory" seconds=4.132e-6 stage="query_runtime"
2026-09-10T20:58:36.527016Z DEBUG transparent_shard_server::service: query stage revision=5b7ee9849d47f5ee67d04eb6ca4588beacf42dce75e5a1b481dfd02607b1fb20 table="directory" seconds=5.7846e-5 admitted=true stage="query_memory_admission"
2026-09-10T20:58:36.527032Z DEBUG transparent_shard_server::service: query stage revision=5b7ee9849d47f5ee67d04eb6ca4588beacf42dce75e5a1b481dfd02607b1fb20 table="directory" seconds=1.1844e-5 stage="query_dispatch"
2026-09-10T20:58:36.539718Z DEBUG transparent_shard_server::service: query stage revision=5b7ee9849d47f5ee67d04eb6ca4588beacf42dce75e5a1b481dfd02607b1fb20 table="directory" seconds=0.017073958 stage="query_evaluate"
2026-09-10T20:58:36.548624Z DEBUG transparent_shard_server::service: query stage revision=5b7ee9849d47f5ee67d04eb6ca4588beacf42dce75e5a1b481dfd02607b1fb20 table="directory" seconds=0.021586171 stage="query_evaluate"
2026-09-10T20:58:36.694150Z DEBUG transparent_shard_server::service: query stage revision=5b7ee9849d47f5ee67d04eb6ca4588beacf42dce75e5a1b481dfd02607b1fb20 table="pages" seconds=2.581e-6 stage="query_admission"
2026-09-10T20:58:36.694192Z DEBUG transparent_shard_server::service: query stage revision=5b7ee9849d47f5ee67d04eb6ca4588beacf42dce75e5a1b481dfd02607b1fb20 table="pages" seconds=3.721e-6 stage="query_runtime"
2026-09-10T20:58:36.694271Z DEBUG transparent_shard_server::service: query stage revision=5b7ee9849d47f5ee67d04eb6ca4588beacf42dce75e5a1b481dfd02607b1fb20 table="pages" seconds=6.4161e-5 admitted=true stage="query_memory_admission"
2026-09-10T20:58:36.694293Z DEBUG transparent_shard_server::service: query stage revision=5b7ee9849d47f5ee67d04eb6ca4588beacf42dce75e5a1b481dfd02607b1fb20 table="pages" seconds=1.6821e-5 stage="query_dispatch"
2026-09-10T20:58:36.701145Z DEBUG transparent_shard_server::service: query stage revision=5b7ee9849d47f5ee67d04eb6ca4588beacf42dce75e5a1b481dfd02607b1fb20 table="pages" seconds=2.28e-6 stage="query_admission"
2026-09-10T20:58:36.701192Z DEBUG transparent_shard_server::service: query stage revision=5b7ee9849d47f5ee67d04eb6ca4588beacf42dce75e5a1b481dfd02607b1fb20 table="pages" seconds=6.083e-6 stage="query_runtime"
2026-09-10T20:58:36.701261Z DEBUG transparent_shard_server::service: query stage revision=5b7ee9849d47f5ee67d04eb6ca4588beacf42dce75e5a1b481dfd02607b1fb20 table="pages" seconds=6.3437e-5 admitted=true stage="query_memory_admission"
2026-09-10T20:58:36.702182Z DEBUG transparent_shard_server::service: query stage revision=5b7ee9849d47f5ee67d04eb6ca4588beacf42dce75e5a1b481dfd02607b1fb20 table="pages" seconds=0.000916545 stage="query_dispatch"
2026-09-10T20:58:36.797563Z DEBUG transparent_shard_server::service: query stage revision=5b7ee9849d47f5ee67d04eb6ca4588beacf42dce75e5a1b481dfd02607b1fb20 table="pages" seconds=0.095358035 stage="query_evaluate"
2026-09-10T20:58:36.797570Z DEBUG transparent_shard_server::service: query stage revision=5b7ee9849d47f5ee67d04eb6ca4588beacf42dce75e5a1b481dfd02607b1fb20 table="pages" seconds=0.103259129 stage="query_evaluate"
2026-09-10T20:58:36.956843Z DEBUG transparent_shard_server::service: query stage revision=5b7ee9849d47f5ee67d04eb6ca4588beacf42dce75e5a1b481dfd02607b1fb20 table="directory" seconds=2.53e-6 stage="query_admission"
2026-09-10T20:58:36.956880Z DEBUG transparent_shard_server::service: query stage revision=5b7ee9849d47f5ee67d04eb6ca4588beacf42dce75e5a1b481dfd02607b1fb20 table="directory" seconds=4.827e-6 stage="query_runtime"
2026-09-10T20:58:36.956955Z DEBUG transparent_shard_server::service: query stage revision=5b7ee9849d47f5ee67d04eb6ca4588beacf42dce75e5a1b481dfd02607b1fb20 table="directory" seconds=7.1714e-5 admitted=true stage="query_memory_admission"
2026-09-10T20:58:36.956974Z DEBUG transparent_shard_server::service: query stage revision=5b7ee9849d47f5ee67d04eb6ca4588beacf42dce75e5a1b481dfd02607b1fb20 table="directory" seconds=1.4843e-5 stage="query_dispatch"
2026-09-10T20:58:36.956961Z DEBUG transparent_shard_server::service: query stage revision=5b7ee9849d47f5ee67d04eb6ca4588beacf42dce75e5a1b481dfd02607b1fb20 table="directory" seconds=1.575e-6 stage="query_admission"
2026-09-10T20:58:36.957461Z DEBUG transparent_shard_server::service: query stage revision=5b7ee9849d47f5ee67d04eb6ca4588beacf42dce75e5a1b481dfd02607b1fb20 table="directory" seconds=4.071e-6 stage="query_runtime"
2026-09-10T20:58:36.957523Z DEBUG transparent_shard_server::service: query stage revision=5b7ee9849d47f5ee67d04eb6ca4588beacf42dce75e5a1b481dfd02607b1fb20 table="directory" seconds=5.8802e-5 admitted=true stage="query_memory_admission"
2026-09-10T20:58:36.960202Z DEBUG transparent_shard_server::service: query stage revision=5b7ee9849d47f5ee67d04eb6ca4588beacf42dce75e5a1b481dfd02607b1fb20 table="directory" seconds=0.002674507 stage="query_dispatch"
2026-09-10T20:58:37.086105Z DEBUG transparent_shard_server::service: query stage revision=5b7ee9849d47f5ee67d04eb6ca4588beacf42dce75e5a1b481dfd02607b1fb20 table="directory" seconds=0.125883339 stage="query_evaluate"
2026-09-10T20:58:37.239586Z DEBUG transparent_shard_server::service: query stage revision=5b7ee9849d47f5ee67d04eb6ca4588beacf42dce75e5a1b481dfd02607b1fb20 table="pages" seconds=2.322e-6 stage="query_admission"
2026-09-10T20:58:37.239619Z DEBUG transparent_shard_server::service: query stage revision=5b7ee9849d47f5ee67d04eb6ca4588beacf42dce75e5a1b481dfd02607b1fb20 table="pages" seconds=5.064e-6 stage="query_runtime"
2026-09-10T20:58:37.239680Z DEBUG transparent_shard_server::service: query stage revision=5b7ee9849d47f5ee67d04eb6ca4588beacf42dce75e5a1b481dfd02607b1fb20 table="pages" seconds=4.776e-5 admitted=true stage="query_memory_admission"
2026-09-10T20:58:37.239710Z DEBUG transparent_shard_server::service: query stage revision=5b7ee9849d47f5ee67d04eb6ca4588beacf42dce75e5a1b481dfd02607b1fb20 table="pages" seconds=2.5277e-5 stage="query_dispatch"
2026-09-10T20:58:37.251737Z DEBUG transparent_shard_server::service: query stage revision=5b7ee9849d47f5ee67d04eb6ca4588beacf42dce75e5a1b481dfd02607b1fb20 table="pages" seconds=0.012008008 stage="query_evaluate"
2026-09-10T20:58:37.403248Z DEBUG transparent_shard_server::service: query stage revision=5b7ee9849d47f5ee67d04eb6ca4588beacf42dce75e5a1b481dfd02607b1fb20 table="directory" seconds=3.019e-6 stage="query_admission"
2026-09-10T20:58:37.403281Z DEBUG transparent_shard_server::service: query stage revision=5b7ee9849d47f5ee67d04eb6ca4588beacf42dce75e5a1b481dfd02607b1fb20 table="directory" seconds=5.708e-6 stage="query_runtime"
2026-09-10T20:58:37.403352Z DEBUG transparent_shard_server::service: query stage revision=5b7ee9849d47f5ee67d04eb6ca4588beacf42dce75e5a1b481dfd02607b1fb20 table="directory" seconds=6.7844e-5 admitted=true stage="query_memory_admission"
2026-09-10T20:58:37.403376Z DEBUG transparent_shard_server::service: query stage revision=5b7ee9849d47f5ee67d04eb6ca4588beacf42dce75e5a1b481dfd02607b1fb20 table="directory" seconds=1.9205e-5 stage="query_dispatch"
2026-09-10T20:58:37.415577Z DEBUG transparent_shard_server::service: query stage revision=5b7ee9849d47f5ee67d04eb6ca4588beacf42dce75e5a1b481dfd02607b1fb20 table="directory" seconds=0.012184614 stage="query_evaluate"
2026-09-10T20:58:37.569336Z DEBUG transparent_shard_server::service: query stage revision=5b7ee9849d47f5ee67d04eb6ca4588beacf42dce75e5a1b481dfd02607b1fb20 table="pages" seconds=2.728e-6 stage="query_admission"
2026-09-10T20:58:37.569376Z DEBUG transparent_shard_server::service: query stage revision=5b7ee9849d47f5ee67d04eb6ca4588beacf42dce75e5a1b481dfd02607b1fb20 table="pages" seconds=6.744e-6 stage="query_runtime"
2026-09-10T20:58:37.569450Z DEBUG transparent_shard_server::service: query stage revision=5b7ee9849d47f5ee67d04eb6ca4588beacf42dce75e5a1b481dfd02607b1fb20 table="pages" seconds=7.1004e-5 admitted=true stage="query_memory_admission"
2026-09-10T20:58:37.570230Z DEBUG transparent_shard_server::service: query stage revision=5b7ee9849d47f5ee67d04eb6ca4588beacf42dce75e5a1b481dfd02607b1fb20 table="pages" seconds=0.000774971 stage="query_dispatch"
2026-09-10T20:58:37.590514Z DEBUG transparent_shard_server::service: query stage revision=5b7ee9849d47f5ee67d04eb6ca4588beacf42dce75e5a1b481dfd02607b1fb20 table="pages" seconds=0.020260974 stage="query_evaluate"
2026-09-10T20:58:37.741445Z DEBUG transparent_shard_server::service: query stage revision=5b7ee9849d47f5ee67d04eb6ca4588beacf42dce75e5a1b481dfd02607b1fb20 table="directory" seconds=2.273e-6 stage="query_admission"
2026-09-10T20:58:37.741479Z DEBUG transparent_shard_server::service: query stage revision=5b7ee9849d47f5ee67d04eb6ca4588beacf42dce75e5a1b481dfd02607b1fb20 table="directory" seconds=5.3e-6 stage="query_runtime"
2026-09-10T20:58:37.741552Z DEBUG transparent_shard_server::service: query stage revision=5b7ee9849d47f5ee67d04eb6ca4588beacf42dce75e5a1b481dfd02607b1fb20 table="directory" seconds=6.9837e-5 admitted=true stage="query_memory_admission"
2026-09-10T20:58:37.741579Z DEBUG transparent_shard_server::service: query stage revision=5b7ee9849d47f5ee67d04eb6ca4588beacf42dce75e5a1b481dfd02607b1fb20 table="directory" seconds=2.0798e-5 stage="query_dispatch"
2026-09-10T20:58:37.755693Z DEBUG transparent_shard_server::service: query stage revision=5b7ee9849d47f5ee67d04eb6ca4588beacf42dce75e5a1b481dfd02607b1fb20 table="directory" seconds=0.01409356 stage="query_evaluate"
2026-09-10T20:58:37.906660Z DEBUG transparent_shard_server::service: query stage revision=5b7ee9849d47f5ee67d04eb6ca4588beacf42dce75e5a1b481dfd02607b1fb20 table="pages" seconds=2.066e-6 stage="query_admission"
2026-09-10T20:58:37.906706Z DEBUG transparent_shard_server::service: query stage revision=5b7ee9849d47f5ee67d04eb6ca4588beacf42dce75e5a1b481dfd02607b1fb20 table="pages" seconds=4.085e-6 stage="query_runtime"
2026-09-10T20:58:37.906773Z DEBUG transparent_shard_server::service: query stage revision=5b7ee9849d47f5ee67d04eb6ca4588beacf42dce75e5a1b481dfd02607b1fb20 table="pages" seconds=6.4213e-5 admitted=true stage="query_memory_admission"
2026-09-10T20:58:37.906803Z DEBUG transparent_shard_server::service: query stage revision=5b7ee9849d47f5ee67d04eb6ca4588beacf42dce75e5a1b481dfd02607b1fb20 table="pages" seconds=2.52e-5 stage="query_dispatch"
2026-09-10T20:58:37.919052Z DEBUG transparent_shard_server::service: query stage revision=5b7ee9849d47f5ee67d04eb6ca4588beacf42dce75e5a1b481dfd02607b1fb20 table="pages" seconds=0.012243925 stage="query_evaluate"
2026-09-10T20:58:38.000665Z DEBUG transparent_shard_server::runtime: construction stage geometry="recent-8k" table="directory" seconds=2.173888537 stage="pack_preprocessing"
2026-09-10T20:58:38.000969Z DEBUG transparent_shard_server::runtime: construction stage geometry="recent-8k" table="directory" seconds=0.000271487 stage="publish_parameters"
2026-09-10T20:58:38.001729Z DEBUG transparent_shard_server::service: query stage revision=5b7ee9849d47f5ee67d04eb6ca4588beacf42dce75e5a1b481dfd02607b1fb20 table="directory" seconds=1.044739182 stage="query_evaluate"
2026-09-10T20:58:38.001749Z DEBUG transparent_shard_server::runtime: runtime stage key=("be059aab39ac34125e0452548d6fbcfb1e7cdb7237a597bd59ee86011ed4882b", Directory, 0) seconds=3.576134653 stage="runtime_build"
2026-09-10T20:58:38.075454Z DEBUG transparent_shard_server::service: query stage revision=5b7ee9849d47f5ee67d04eb6ca4588beacf42dce75e5a1b481dfd02607b1fb20 table="directory" seconds=2.505e-6 stage="query_admission"
2026-09-10T20:58:38.075481Z DEBUG transparent_shard_server::service: query stage revision=5b7ee9849d47f5ee67d04eb6ca4588beacf42dce75e5a1b481dfd02607b1fb20 table="directory" seconds=6.717e-6 stage="query_runtime"
2026-09-10T20:58:38.075549Z DEBUG transparent_shard_server::service: query stage revision=5b7ee9849d47f5ee67d04eb6ca4588beacf42dce75e5a1b481dfd02607b1fb20 table="directory" seconds=6.4605e-5 admitted=true stage="query_memory_admission"
2026-09-10T20:58:38.078187Z DEBUG transparent_shard_server::service: query stage revision=5b7ee9849d47f5ee67d04eb6ca4588beacf42dce75e5a1b481dfd02607b1fb20 table="directory" seconds=0.002633164 stage="query_dispatch"
2026-09-10T20:58:38.150929Z DEBUG transparent_shard_server::service: query stage revision=5b7ee9849d47f5ee67d04eb6ca4588beacf42dce75e5a1b481dfd02607b1fb20 table="directory" seconds=0.072721122 stage="query_evaluate"
2026-09-10T20:58:38.156984Z DEBUG transparent_shard_server::service: query stage revision=5b7ee9849d47f5ee67d04eb6ca4588beacf42dce75e5a1b481dfd02607b1fb20 table="pages" seconds=2.352e-6 stage="query_admission"
2026-09-10T20:58:38.157007Z DEBUG transparent_shard_server::service: query stage revision=5b7ee9849d47f5ee67d04eb6ca4588beacf42dce75e5a1b481dfd02607b1fb20 table="pages" seconds=4.39e-6 stage="query_runtime"
2026-09-10T20:58:38.157073Z DEBUG transparent_shard_server::service: query stage revision=5b7ee9849d47f5ee67d04eb6ca4588beacf42dce75e5a1b481dfd02607b1fb20 table="pages" seconds=6.3094e-5 admitted=true stage="query_memory_admission"
2026-09-10T20:58:38.157098Z DEBUG transparent_shard_server::service: query stage revision=5b7ee9849d47f5ee67d04eb6ca4588beacf42dce75e5a1b481dfd02607b1fb20 table="pages" seconds=2.0598e-5 stage="query_dispatch"
2026-09-10T20:58:38.178904Z DEBUG transparent_shard_server::service: query stage revision=5b7ee9849d47f5ee67d04eb6ca4588beacf42dce75e5a1b481dfd02607b1fb20 table="pages" seconds=0.021789097 stage="query_evaluate"
2026-09-10T20:58:38.303004Z DEBUG transparent_shard_server::service: query stage revision=5b7ee9849d47f5ee67d04eb6ca4588beacf42dce75e5a1b481dfd02607b1fb20 table="pages" seconds=2.822e-6 stage="query_admission"
2026-09-10T20:58:38.303039Z DEBUG transparent_shard_server::service: query stage revision=5b7ee9849d47f5ee67d04eb6ca4588beacf42dce75e5a1b481dfd02607b1fb20 table="pages" seconds=4.752e-6 stage="query_runtime"
2026-09-10T20:58:38.303108Z DEBUG transparent_shard_server::service: query stage revision=5b7ee9849d47f5ee67d04eb6ca4588beacf42dce75e5a1b481dfd02607b1fb20 table="pages" seconds=6.6635e-5 admitted=true stage="query_memory_admission"
2026-09-10T20:58:38.303129Z DEBUG transparent_shard_server::service: query stage revision=5b7ee9849d47f5ee67d04eb6ca4588beacf42dce75e5a1b481dfd02607b1fb20 table="pages" seconds=1.6659e-5 stage="query_dispatch"
2026-09-10T20:58:38.325902Z DEBUG transparent_shard_server::service: query stage revision=5b7ee9849d47f5ee67d04eb6ca4588beacf42dce75e5a1b481dfd02607b1fb20 table="pages" seconds=0.022756636 stage="query_evaluate"
2026-09-10T20:58:38.331344Z DEBUG transparent_shard_server::service: query stage revision=5b7ee9849d47f5ee67d04eb6ca4588beacf42dce75e5a1b481dfd02607b1fb20 table="directory" seconds=2.339e-6 stage="query_admission"
2026-09-10T20:58:38.331367Z DEBUG transparent_shard_server::service: query stage revision=5b7ee9849d47f5ee67d04eb6ca4588beacf42dce75e5a1b481dfd02607b1fb20 table="directory" seconds=5.245e-6 stage="query_runtime"
2026-09-10T20:58:38.331431Z DEBUG transparent_shard_server::service: query stage revision=5b7ee9849d47f5ee67d04eb6ca4588beacf42dce75e5a1b481dfd02607b1fb20 table="directory" seconds=6.1234e-5 admitted=true stage="query_memory_admission"
2026-09-10T20:58:38.331456Z DEBUG transparent_shard_server::service: query stage revision=5b7ee9849d47f5ee67d04eb6ca4588beacf42dce75e5a1b481dfd02607b1fb20 table="directory" seconds=1.9569e-5 stage="query_dispatch"
2026-09-10T20:58:38.354397Z DEBUG transparent_shard_server::service: query stage revision=5b7ee9849d47f5ee67d04eb6ca4588beacf42dce75e5a1b481dfd02607b1fb20 table="directory" seconds=0.022925352 stage="query_evaluate"
2026-09-10T20:58:38.479890Z DEBUG transparent_shard_server::service: query stage revision=5b7ee9849d47f5ee67d04eb6ca4588beacf42dce75e5a1b481dfd02607b1fb20 table="directory" seconds=2.571e-6 stage="query_admission"
2026-09-10T20:58:38.479916Z DEBUG transparent_shard_server::service: query stage revision=5b7ee9849d47f5ee67d04eb6ca4588beacf42dce75e5a1b481dfd02607b1fb20 table="directory" seconds=5.092e-6 stage="query_runtime"
2026-09-10T20:58:38.479976Z DEBUG transparent_shard_server::service: query stage revision=5b7ee9849d47f5ee67d04eb6ca4588beacf42dce75e5a1b481dfd02607b1fb20 table="directory" seconds=5.6532e-5 admitted=true stage="query_memory_admission"
2026-09-10T20:58:38.480004Z DEBUG transparent_shard_server::service: query stage revision=5b7ee9849d47f5ee67d04eb6ca4588beacf42dce75e5a1b481dfd02607b1fb20 table="directory" seconds=2.3677e-5 stage="query_dispatch"
2026-09-10T20:58:38.503271Z DEBUG transparent_shard_server::service: query stage revision=5b7ee9849d47f5ee67d04eb6ca4588beacf42dce75e5a1b481dfd02607b1fb20 table="directory" seconds=0.023250568 stage="query_evaluate"
2026-09-10T20:58:38.507938Z DEBUG transparent_shard_server::service: query stage revision=5b7ee9849d47f5ee67d04eb6ca4588beacf42dce75e5a1b481dfd02607b1fb20 table="pages" seconds=2.9e-6 stage="query_admission"
2026-09-10T20:58:38.507967Z DEBUG transparent_shard_server::service: query stage revision=5b7ee9849d47f5ee67d04eb6ca4588beacf42dce75e5a1b481dfd02607b1fb20 table="pages" seconds=6.647e-6 stage="query_runtime"
2026-09-10T20:58:38.508062Z DEBUG transparent_shard_server::service: query stage revision=5b7ee9849d47f5ee67d04eb6ca4588beacf42dce75e5a1b481dfd02607b1fb20 table="pages" seconds=8.9241e-5 admitted=true stage="query_memory_admission"
2026-09-10T20:58:38.508086Z DEBUG transparent_shard_server::service: query stage revision=5b7ee9849d47f5ee67d04eb6ca4588beacf42dce75e5a1b481dfd02607b1fb20 table="pages" seconds=1.6497e-5 stage="query_dispatch"
2026-09-10T20:58:38.532213Z DEBUG transparent_shard_server::service: query stage revision=5b7ee9849d47f5ee67d04eb6ca4588beacf42dce75e5a1b481dfd02607b1fb20 table="pages" seconds=0.024082229 stage="query_evaluate"
2026-09-10T20:58:38.656795Z DEBUG transparent_shard_server::service: query stage revision=5b7ee9849d47f5ee67d04eb6ca4588beacf42dce75e5a1b481dfd02607b1fb20 table="pages" seconds=2.696e-6 stage="query_admission"
2026-09-10T20:58:38.656823Z DEBUG transparent_shard_server::service: query stage revision=5b7ee9849d47f5ee67d04eb6ca4588beacf42dce75e5a1b481dfd02607b1fb20 table="pages" seconds=4.96e-6 stage="query_runtime"
2026-09-10T20:58:38.656894Z DEBUG transparent_shard_server::service: query stage revision=5b7ee9849d47f5ee67d04eb6ca4588beacf42dce75e5a1b481dfd02607b1fb20 table="pages" seconds=6.7068e-5 admitted=true stage="query_memory_admission"
2026-09-10T20:58:38.656926Z DEBUG transparent_shard_server::service: query stage revision=5b7ee9849d47f5ee67d04eb6ca4588beacf42dce75e5a1b481dfd02607b1fb20 table="pages" seconds=2.589e-5 stage="query_dispatch"
2026-09-10T20:58:38.686249Z DEBUG transparent_shard_server::service: query stage revision=5b7ee9849d47f5ee67d04eb6ca4588beacf42dce75e5a1b481dfd02607b1fb20 table="directory" seconds=2.565e-6 stage="query_admission"
2026-09-10T20:58:38.686275Z DEBUG transparent_shard_server::service: query stage revision=5b7ee9849d47f5ee67d04eb6ca4588beacf42dce75e5a1b481dfd02607b1fb20 table="directory" seconds=5.919e-6 stage="query_runtime"
2026-09-10T20:58:38.686336Z DEBUG transparent_shard_server::service: query stage revision=5b7ee9849d47f5ee67d04eb6ca4588beacf42dce75e5a1b481dfd02607b1fb20 table="directory" seconds=5.7974e-5 admitted=true stage="query_memory_admission"
2026-09-10T20:58:38.686790Z DEBUG transparent_shard_server::service: query stage revision=5b7ee9849d47f5ee67d04eb6ca4588beacf42dce75e5a1b481dfd02607b1fb20 table="directory" seconds=0.000447955 stage="query_dispatch"
2026-09-10T20:58:38.694909Z DEBUG transparent_shard_server::service: query stage revision=5b7ee9849d47f5ee67d04eb6ca4588beacf42dce75e5a1b481dfd02607b1fb20 table="pages" seconds=0.037962417 stage="query_evaluate"
2026-09-10T20:58:38.711878Z DEBUG transparent_shard_server::service: query stage revision=5b7ee9849d47f5ee67d04eb6ca4588beacf42dce75e5a1b481dfd02607b1fb20 table="directory" seconds=0.025067823 stage="query_evaluate"
2026-09-10T20:58:38.747957Z DEBUG transparent_shard_server::runtime: runtime stage key=("be059aab39ac34125e0452548d6fbcfb1e7cdb7237a597bd59ee86011ed4882b", Directory, 0) seconds=0.746171591 stage="disk_save"
2026-09-10T20:58:38.851495Z DEBUG transparent_shard_server::service: query stage revision=5b7ee9849d47f5ee67d04eb6ca4588beacf42dce75e5a1b481dfd02607b1fb20 table="directory" seconds=2.38e-6 stage="query_admission"
2026-09-10T20:58:38.851531Z DEBUG transparent_shard_server::service: query stage revision=5b7ee9849d47f5ee67d04eb6ca4588beacf42dce75e5a1b481dfd02607b1fb20 table="directory" seconds=5.476e-6 stage="query_runtime"
2026-09-10T20:58:38.851614Z DEBUG transparent_shard_server::service: query stage revision=5b7ee9849d47f5ee67d04eb6ca4588beacf42dce75e5a1b481dfd02607b1fb20 table="directory" seconds=7.9796e-5 admitted=true stage="query_memory_admission"
2026-09-10T20:58:38.852325Z DEBUG transparent_shard_server::service: query stage revision=5b7ee9849d47f5ee67d04eb6ca4588beacf42dce75e5a1b481dfd02607b1fb20 table="directory" seconds=0.000704433 stage="query_dispatch"
2026-09-10T20:58:38.868483Z DEBUG transparent_shard_server::service: query stage revision=5b7ee9849d47f5ee67d04eb6ca4588beacf42dce75e5a1b481dfd02607b1fb20 table="pages" seconds=2e-6 stage="query_admission"
2026-09-10T20:58:38.868512Z DEBUG transparent_shard_server::service: query stage revision=5b7ee9849d47f5ee67d04eb6ca4588beacf42dce75e5a1b481dfd02607b1fb20 table="pages" seconds=6.523e-6 stage="query_runtime"
2026-09-10T20:58:38.868578Z DEBUG transparent_shard_server::service: query stage revision=5b7ee9849d47f5ee67d04eb6ca4588beacf42dce75e5a1b481dfd02607b1fb20 table="pages" seconds=6.2305e-5 admitted=true stage="query_memory_admission"
2026-09-10T20:58:38.868603Z DEBUG transparent_shard_server::service: query stage revision=5b7ee9849d47f5ee67d04eb6ca4588beacf42dce75e5a1b481dfd02607b1fb20 table="pages" seconds=1.8973e-5 stage="query_dispatch"
2026-09-10T20:58:38.883356Z DEBUG transparent_shard_server::service: query stage revision=5b7ee9849d47f5ee67d04eb6ca4588beacf42dce75e5a1b481dfd02607b1fb20 table="pages" seconds=0.014702399 stage="query_evaluate"
2026-09-10T20:58:38.883898Z DEBUG transparent_shard_server::service: query stage revision=5b7ee9849d47f5ee67d04eb6ca4588beacf42dce75e5a1b481dfd02607b1fb20 table="directory" seconds=0.031547567 stage="query_evaluate"
2026-09-10T20:58:39.038520Z DEBUG transparent_shard_server::service: query stage revision=5b7ee9849d47f5ee67d04eb6ca4588beacf42dce75e5a1b481dfd02607b1fb20 table="pages" seconds=2.138e-6 stage="query_admission"
2026-09-10T20:58:39.038553Z DEBUG transparent_shard_server::service: query stage revision=5b7ee9849d47f5ee67d04eb6ca4588beacf42dce75e5a1b481dfd02607b1fb20 table="pages" seconds=4.334e-6 stage="query_runtime"
2026-09-10T20:58:39.038622Z DEBUG transparent_shard_server::service: query stage revision=5b7ee9849d47f5ee67d04eb6ca4588beacf42dce75e5a1b481dfd02607b1fb20 table="pages" seconds=6.5449e-5 admitted=true stage="query_memory_admission"
2026-09-10T20:58:39.038630Z DEBUG transparent_shard_server::service: query stage revision=5b7ee9849d47f5ee67d04eb6ca4588beacf42dce75e5a1b481dfd02607b1fb20 table="directory" seconds=1.614e-6 stage="query_admission"
2026-09-10T20:58:39.038649Z DEBUG transparent_shard_server::service: query stage revision=5b7ee9849d47f5ee67d04eb6ca4588beacf42dce75e5a1b481dfd02607b1fb20 table="directory" seconds=3.338e-6 stage="query_runtime"
2026-09-10T20:58:39.038647Z DEBUG transparent_shard_server::service: query stage revision=5b7ee9849d47f5ee67d04eb6ca4588beacf42dce75e5a1b481dfd02607b1fb20 table="pages" seconds=2.0753e-5 stage="query_dispatch"
2026-09-10T20:58:39.038705Z DEBUG transparent_shard_server::service: query stage revision=5b7ee9849d47f5ee67d04eb6ca4588beacf42dce75e5a1b481dfd02607b1fb20 table="directory" seconds=5.3152e-5 admitted=true stage="query_memory_admission"
2026-09-10T20:58:39.038731Z DEBUG transparent_shard_server::service: query stage revision=5b7ee9849d47f5ee67d04eb6ca4588beacf42dce75e5a1b481dfd02607b1fb20 table="directory" seconds=2.2863e-5 stage="query_dispatch"
2026-09-10T20:58:39.054007Z DEBUG transparent_shard_server::service: query stage revision=5b7ee9849d47f5ee67d04eb6ca4588beacf42dce75e5a1b481dfd02607b1fb20 table="pages" seconds=0.015345119 stage="query_evaluate"
2026-09-10T20:58:39.062300Z DEBUG transparent_shard_server::service: query stage revision=5b7ee9849d47f5ee67d04eb6ca4588beacf42dce75e5a1b481dfd02607b1fb20 table="directory" seconds=0.023563502 stage="query_evaluate"
2026-09-10T20:58:39.090943Z DEBUG transparent_shard_server::runtime: construction stage geometry="recent-8k" table="pages" seconds=3.267679725 stage="pack_preprocessing"
2026-09-10T20:58:39.091212Z DEBUG transparent_shard_server::runtime: construction stage geometry="recent-8k" table="pages" seconds=0.000249864 stage="publish_parameters"
2026-09-10T20:58:39.091800Z DEBUG transparent_shard_server::runtime: runtime stage key=("be059aab39ac34125e0452548d6fbcfb1e7cdb7237a597bd59ee86011ed4882b", Pages, 0) seconds=4.647091511 stage="runtime_build"
2026-09-10T20:58:39.091852Z  INFO transparent_shard_server::service: prewarm finished warm=28 target=28 failed=0 seconds=4.817681006
2026-09-10T20:58:39.091885Z DEBUG transparent_shard_server::live: publication preparation stages map=32426d9e9300c44558210d8540b636402af2b3c322627f9e9f26e0082b489725 loading_seconds=0.636609378 warming_seconds=4.81776996
2026-09-10T20:58:39.151182Z  INFO transparent_shard_server::runtime: retired runtime memory reclaimed rss_before=5025456128 rss_after=4569784320
2026-09-10T20:58:39.176841Z DEBUG transparent_shard_server::runtime: runtime stage key=("5b7ee9849d47f5ee67d04eb6ca4588beacf42dce75e5a1b481dfd02607b1fb20", Directory, 0) seconds=1.635e-6 stage="restore_slot"
2026-09-10T20:58:39.183895Z DEBUG transparent_shard_server::runtime: runtime stage key=("5b7ee9849d47f5ee67d04eb6ca4588beacf42dce75e5a1b481dfd02607b1fb20", Pages, 0) seconds=1.95e-6 stage="restore_slot"
2026-09-10T20:58:39.722271Z DEBUG transparent_shard_server::runtime: runtime stage key=("268f5c527d35817d37919707b04a706c850d449156baa071b5438dbf8eb53aec", Directory, 0) seconds=1.105e-6 stage="restore_slot"
2026-09-10T20:58:39.722285Z DEBUG transparent_shard_server::runtime: runtime stage key=("268f5c527d35817d37919707b04a706c850d449156baa071b5438dbf8eb53aec", Pages, 0) seconds=1.317e-6 stage="restore_slot"
2026-09-10T20:58:39.722425Z DEBUG transparent_shard_server::runtime: runtime stage key=("268f5c527d35817d37919707b04a706c850d449156baa071b5438dbf8eb53aec", Directory, 0) seconds=4.2265e-5 hit=false stage="disk_restore"
2026-09-10T20:58:39.725211Z DEBUG transparent_shard_server::runtime: runtime stage key=("268f5c527d35817d37919707b04a706c850d449156baa071b5438dbf8eb53aec", Directory, 0) seconds=1.306e-6 stage="build_slot"
2026-09-10T20:58:39.725245Z DEBUG transparent_shard_server::runtime: runtime stage key=("268f5c527d35817d37919707b04a706c850d449156baa071b5438dbf8eb53aec", Pages, 0) seconds=2.9383e-5 hit=false stage="disk_restore"
2026-09-10T20:58:39.725268Z DEBUG transparent_shard_server::runtime: runtime stage key=("268f5c527d35817d37919707b04a706c850d449156baa071b5438dbf8eb53aec", Pages, 0) seconds=7.28e-7 stage="build_slot"
2026-09-10T20:58:39.725282Z DEBUG transparent_shard_server::memory: cold build admission wait seconds=5.4131e-5 admitted=true
2026-09-10T20:58:39.725325Z DEBUG transparent_shard_server::memory: work memory admission denied current=5163261952 limit=7516192768 held=1210056704 requested=536870912
2026-09-10T20:58:39.827026Z DEBUG transparent_shard_server::memory: work memory admission denied current=5234040832 limit=7516192768 held=1210056704 requested=536870912
2026-09-10T20:58:39.874359Z DEBUG transparent_shard_server::runtime: runtime stage key=("be059aab39ac34125e0452548d6fbcfb1e7cdb7237a597bd59ee86011ed4882b", Pages, 0) seconds=0.782514258 stage="disk_save"
2026-09-10T20:58:39.912154Z DEBUG transparent_shard_server::runtime: runtime stage key=("268f5c527d35817d37919707b04a706c850d449156baa071b5438dbf8eb53aec", Directory, 0) seconds=0.18684893 stage="source_load"
2026-09-10T20:58:39.928814Z DEBUG transparent_shard_server::memory: work memory admission denied current=5167947776 limit=7516192768 held=1073741824 requested=536870912
2026-09-10T20:58:39.960149Z DEBUG transparent_shard_server::runtime: runtime stage key=("5b7ee9849d47f5ee67d04eb6ca4588beacf42dce75e5a1b481dfd02607b1fb20", Directory, 0) seconds=0.783204844 hit=true stage="disk_restore"
2026-09-10T20:58:39.998329Z DEBUG transparent_shard_server::runtime: runtime stage key=("5b7ee9849d47f5ee67d04eb6ca4588beacf42dce75e5a1b481dfd02607b1fb20", Pages, 0) seconds=0.814269467 hit=true stage="disk_restore"
2026-09-10T20:58:40.029476Z DEBUG transparent_shard_server::memory: cold build admission wait seconds=0.304201062 admitted=true
2026-09-10T20:58:40.080239Z DEBUG transparent_shard_server::runtime: runtime stage key=("5b7ee9849d47f5ee67d04eb6ca4588beacf42dce75e5a1b481dfd02607b1fb20", Directory, 0) seconds=0.120053731 stage="source_verify"
2026-09-10T20:58:40.080271Z  INFO transparent_shard_server::runtime: restored runtime cache seconds=0.903330059
2026-09-10T20:58:40.129567Z DEBUG transparent_shard_server::service: query stage revision=5b7ee9849d47f5ee67d04eb6ca4588beacf42dce75e5a1b481dfd02607b1fb20 table="directory" seconds=2.91e-6 stage="query_admission"
2026-09-10T20:58:40.129603Z DEBUG transparent_shard_server::service: query stage revision=5b7ee9849d47f5ee67d04eb6ca4588beacf42dce75e5a1b481dfd02607b1fb20 table="directory" seconds=7.235e-6 stage="query_runtime"
2026-09-10T20:58:40.129677Z DEBUG transparent_shard_server::service: query stage revision=5b7ee9849d47f5ee67d04eb6ca4588beacf42dce75e5a1b481dfd02607b1fb20 table="directory" seconds=7.138e-5 admitted=true stage="query_memory_admission"
2026-09-10T20:58:40.131205Z DEBUG transparent_shard_server::service: query stage revision=5b7ee9849d47f5ee67d04eb6ca4588beacf42dce75e5a1b481dfd02607b1fb20 table="directory" seconds=0.00152231 stage="query_dispatch"
2026-09-10T20:58:40.142044Z DEBUG transparent_shard_server::runtime: runtime stage key=("5b7ee9849d47f5ee67d04eb6ca4588beacf42dce75e5a1b481dfd02607b1fb20", Pages, 0) seconds=0.143681084 stage="source_verify"
2026-09-10T20:58:40.142078Z  INFO transparent_shard_server::runtime: restored runtime cache seconds=0.958020257
2026-09-10T20:58:40.146702Z DEBUG transparent_shard_server::service: query stage revision=5b7ee9849d47f5ee67d04eb6ca4588beacf42dce75e5a1b481dfd02607b1fb20 table="directory" seconds=0.015473243 stage="query_evaluate"
2026-09-10T20:58:40.173221Z DEBUG transparent_shard_server::service: query stage revision=5b7ee9849d47f5ee67d04eb6ca4588beacf42dce75e5a1b481dfd02607b1fb20 table="pages" seconds=1.934e-6 stage="query_admission"
2026-09-10T20:58:40.173245Z DEBUG transparent_shard_server::service: query stage revision=5b7ee9849d47f5ee67d04eb6ca4588beacf42dce75e5a1b481dfd02607b1fb20 table="pages" seconds=4.719e-6 stage="query_runtime"
2026-09-10T20:58:40.173313Z DEBUG transparent_shard_server::service: query stage revision=5b7ee9849d47f5ee67d04eb6ca4588beacf42dce75e5a1b481dfd02607b1fb20 table="pages" seconds=6.4917e-5 admitted=true stage="query_memory_admission"
2026-09-10T20:58:40.173342Z DEBUG transparent_shard_server::service: query stage revision=5b7ee9849d47f5ee67d04eb6ca4588beacf42dce75e5a1b481dfd02607b1fb20 table="pages" seconds=2.3842e-5 stage="query_dispatch"
2026-09-10T20:58:40.187164Z DEBUG transparent_shard_server::runtime: runtime stage key=("268f5c527d35817d37919707b04a706c850d449156baa071b5438dbf8eb53aec", Pages, 0) seconds=0.154988886 stage="source_load"
2026-09-10T20:58:40.190762Z DEBUG transparent_shard_server::service: query stage revision=5b7ee9849d47f5ee67d04eb6ca4588beacf42dce75e5a1b481dfd02607b1fb20 table="pages" seconds=0.017403354 stage="query_evaluate"
2026-09-10T20:58:40.232766Z DEBUG transparent_shard_server::runtime: construction stage geometry="recent-8k" table="directory" seconds=0.320577913 stage="encode_database"
2026-09-10T20:58:40.232929Z DEBUG transparent_shard_server::runtime: construction stage geometry="recent-8k" table="directory" seconds=0.000133755 stage="public_setup"
2026-09-10T20:58:40.354756Z DEBUG transparent_shard_server::service: query stage revision=be059aab39ac34125e0452548d6fbcfb1e7cdb7237a597bd59ee86011ed4882b table="directory" seconds=2.043e-6 stage="query_admission"
2026-09-10T20:58:40.354787Z DEBUG transparent_shard_server::service: query stage revision=be059aab39ac34125e0452548d6fbcfb1e7cdb7237a597bd59ee86011ed4882b table="directory" seconds=4.043e-6 stage="query_runtime"
2026-09-10T20:58:40.354828Z DEBUG transparent_shard_server::service: query stage revision=be059aab39ac34125e0452548d6fbcfb1e7cdb7237a597bd59ee86011ed4882b table="directory" seconds=3.8707e-5 admitted=true stage="query_memory_admission"
2026-09-10T20:58:40.357192Z DEBUG transparent_shard_server::service: query stage revision=be059aab39ac34125e0452548d6fbcfb1e7cdb7237a597bd59ee86011ed4882b table="directory" seconds=0.002359293 stage="query_dispatch"
2026-09-10T20:58:40.376422Z DEBUG transparent_shard_server::service: query stage revision=be059aab39ac34125e0452548d6fbcfb1e7cdb7237a597bd59ee86011ed4882b table="pages" seconds=1.914e-6 stage="query_admission"
2026-09-10T20:58:40.376443Z DEBUG transparent_shard_server::service: query stage revision=be059aab39ac34125e0452548d6fbcfb1e7cdb7237a597bd59ee86011ed4882b table="pages" seconds=3.798e-6 stage="query_runtime"
2026-09-10T20:58:40.376498Z DEBUG transparent_shard_server::service: query stage revision=be059aab39ac34125e0452548d6fbcfb1e7cdb7237a597bd59ee86011ed4882b table="pages" seconds=5.2411e-5 admitted=true stage="query_memory_admission"
2026-09-10T20:58:40.376518Z DEBUG transparent_shard_server::service: query stage revision=be059aab39ac34125e0452548d6fbcfb1e7cdb7237a597bd59ee86011ed4882b table="pages" seconds=1.5394e-5 stage="query_dispatch"
2026-09-10T20:58:40.495611Z DEBUG transparent_shard_server::runtime: construction stage geometry="recent-8k" table="pages" seconds=0.308420347 stage="encode_database"
2026-09-10T20:58:40.495718Z DEBUG transparent_shard_server::runtime: construction stage geometry="recent-8k" table="pages" seconds=7.355e-5 stage="public_setup"
2026-09-10T20:58:41.402378Z DEBUG transparent_shard_server::runtime: construction stage geometry="recent-8k" table="pages" seconds=0.906643153 stage="hint_columns"
2026-09-10T20:58:41.415703Z DEBUG transparent_shard_server::service: query stage revision=be059aab39ac34125e0452548d6fbcfb1e7cdb7237a597bd59ee86011ed4882b table="directory" seconds=1.058487025 stage="query_evaluate"
2026-09-10T20:58:41.415835Z DEBUG transparent_shard_server::runtime: construction stage geometry="recent-8k" table="directory" seconds=1.182900892 stage="hint_columns"
2026-09-10T20:58:41.419675Z DEBUG transparent_shard_server::service: query stage revision=be059aab39ac34125e0452548d6fbcfb1e7cdb7237a597bd59ee86011ed4882b table="pages" seconds=1.043141756 stage="query_evaluate"
2026-09-10T20:58:41.575301Z DEBUG transparent_shard_server::service: query stage revision=be059aab39ac34125e0452548d6fbcfb1e7cdb7237a597bd59ee86011ed4882b table="directory" seconds=3.063e-6 stage="query_admission"
2026-09-10T20:58:41.575340Z DEBUG transparent_shard_server::service: query stage revision=be059aab39ac34125e0452548d6fbcfb1e7cdb7237a597bd59ee86011ed4882b table="directory" seconds=7.142e-6 stage="query_runtime"
2026-09-10T20:58:41.575420Z DEBUG transparent_shard_server::service: query stage revision=be059aab39ac34125e0452548d6fbcfb1e7cdb7237a597bd59ee86011ed4882b table="directory" seconds=7.7138e-5 admitted=true stage="query_memory_admission"
2026-09-10T20:58:41.575451Z DEBUG transparent_shard_server::service: query stage revision=be059aab39ac34125e0452548d6fbcfb1e7cdb7237a597bd59ee86011ed4882b table="directory" seconds=2.5377e-5 stage="query_dispatch"
2026-09-10T20:58:41.578881Z DEBUG transparent_shard_server::service: query stage revision=be059aab39ac34125e0452548d6fbcfb1e7cdb7237a597bd59ee86011ed4882b table="pages" seconds=2.379e-6 stage="query_admission"
2026-09-10T20:58:41.578918Z DEBUG transparent_shard_server::service: query stage revision=be059aab39ac34125e0452548d6fbcfb1e7cdb7237a597bd59ee86011ed4882b table="pages" seconds=4.963e-6 stage="query_runtime"
2026-09-10T20:58:41.578994Z DEBUG transparent_shard_server::memory: work memory admission denied current=5223227392 limit=7516192768 held=1342177280 requested=268435456
2026-09-10T20:58:41.590188Z DEBUG transparent_shard_server::memory: work memory admission denied current=5223751680 limit=7516192768 held=1342177280 requested=268435456
2026-09-10T20:58:41.597691Z DEBUG transparent_shard_server::service: query stage revision=be059aab39ac34125e0452548d6fbcfb1e7cdb7237a597bd59ee86011ed4882b table="directory" seconds=0.022216986 stage="query_evaluate"
2026-09-10T20:58:41.601090Z DEBUG transparent_shard_server::service: query stage revision=be059aab39ac34125e0452548d6fbcfb1e7cdb7237a597bd59ee86011ed4882b table="pages" seconds=0.022167663 admitted=true stage="query_memory_admission"
2026-09-10T20:58:41.601137Z DEBUG transparent_shard_server::service: query stage revision=be059aab39ac34125e0452548d6fbcfb1e7cdb7237a597bd59ee86011ed4882b table="pages" seconds=2.4097e-5 stage="query_dispatch"
2026-09-10T20:58:41.614105Z DEBUG transparent_shard_server::service: query stage revision=be059aab39ac34125e0452548d6fbcfb1e7cdb7237a597bd59ee86011ed4882b table="pages" seconds=0.012949051 stage="query_evaluate"
2026-09-10T20:58:41.755120Z DEBUG transparent_shard_server::service: query stage revision=be059aab39ac34125e0452548d6fbcfb1e7cdb7237a597bd59ee86011ed4882b table="pages" seconds=3.001e-6 stage="query_admission"
2026-09-10T20:58:41.755157Z DEBUG transparent_shard_server::service: query stage revision=be059aab39ac34125e0452548d6fbcfb1e7cdb7237a597bd59ee86011ed4882b table="pages" seconds=6.648e-6 stage="query_runtime"
2026-09-10T20:58:41.755247Z DEBUG transparent_shard_server::service: query stage revision=be059aab39ac34125e0452548d6fbcfb1e7cdb7237a597bd59ee86011ed4882b table="pages" seconds=7.7473e-5 admitted=true stage="query_memory_admission"
2026-09-10T20:58:41.755278Z DEBUG transparent_shard_server::service: query stage revision=be059aab39ac34125e0452548d6fbcfb1e7cdb7237a597bd59ee86011ed4882b table="pages" seconds=2.4136e-5 stage="query_dispatch"
2026-09-10T20:58:41.767801Z DEBUG transparent_shard_server::service: query stage revision=be059aab39ac34125e0452548d6fbcfb1e7cdb7237a597bd59ee86011ed4882b table="pages" seconds=0.012493644 stage="query_evaluate"
2026-09-10T20:58:41.768131Z DEBUG transparent_shard_server::service: query stage revision=be059aab39ac34125e0452548d6fbcfb1e7cdb7237a597bd59ee86011ed4882b table="directory" seconds=2.211e-6 stage="query_admission"
2026-09-10T20:58:41.768149Z DEBUG transparent_shard_server::service: query stage revision=be059aab39ac34125e0452548d6fbcfb1e7cdb7237a597bd59ee86011ed4882b table="directory" seconds=5.37e-6 stage="query_runtime"
2026-09-10T20:58:41.768230Z DEBUG transparent_shard_server::service: query stage revision=be059aab39ac34125e0452548d6fbcfb1e7cdb7237a597bd59ee86011ed4882b table="directory" seconds=7.8664e-5 admitted=true stage="query_memory_admission"
2026-09-10T20:58:41.768253Z DEBUG transparent_shard_server::service: query stage revision=be059aab39ac34125e0452548d6fbcfb1e7cdb7237a597bd59ee86011ed4882b table="directory" seconds=1.2309e-5 stage="query_dispatch"
2026-09-10T20:58:41.782922Z DEBUG transparent_shard_server::service: query stage revision=be059aab39ac34125e0452548d6fbcfb1e7cdb7237a597bd59ee86011ed4882b table="directory" seconds=0.014651979 stage="query_evaluate"
2026-09-10T20:58:41.926425Z DEBUG transparent_shard_server::service: query stage revision=be059aab39ac34125e0452548d6fbcfb1e7cdb7237a597bd59ee86011ed4882b table="directory" seconds=3.14e-6 stage="query_admission"
2026-09-10T20:58:41.926461Z DEBUG transparent_shard_server::service: query stage revision=be059aab39ac34125e0452548d6fbcfb1e7cdb7237a597bd59ee86011ed4882b table="directory" seconds=7.066e-6 stage="query_runtime"
2026-09-10T20:58:41.926529Z DEBUG transparent_shard_server::service: query stage revision=be059aab39ac34125e0452548d6fbcfb1e7cdb7237a597bd59ee86011ed4882b table="directory" seconds=6.4645e-5 admitted=true stage="query_memory_admission"
2026-09-10T20:58:41.926562Z DEBUG transparent_shard_server::service: query stage revision=be059aab39ac34125e0452548d6fbcfb1e7cdb7237a597bd59ee86011ed4882b table="directory" seconds=2.843e-5 stage="query_dispatch"
2026-09-10T20:58:41.939249Z DEBUG transparent_shard_server::service: query stage revision=be059aab39ac34125e0452548d6fbcfb1e7cdb7237a597bd59ee86011ed4882b table="pages" seconds=2.252e-6 stage="query_admission"
2026-09-10T20:58:41.939281Z DEBUG transparent_shard_server::service: query stage revision=be059aab39ac34125e0452548d6fbcfb1e7cdb7237a597bd59ee86011ed4882b table="pages" seconds=4.636e-6 stage="query_runtime"
2026-09-10T20:58:41.939353Z DEBUG transparent_shard_server::memory: work memory admission denied current=5225877504 limit=7516192768 held=1342177280 requested=268435456
2026-09-10T20:58:41.940504Z DEBUG transparent_shard_server::service: query stage revision=be059aab39ac34125e0452548d6fbcfb1e7cdb7237a597bd59ee86011ed4882b table="directory" seconds=0.013921619 stage="query_evaluate"
2026-09-10T20:58:41.950488Z DEBUG transparent_shard_server::service: query stage revision=be059aab39ac34125e0452548d6fbcfb1e7cdb7237a597bd59ee86011ed4882b table="pages" seconds=0.011202095 admitted=true stage="query_memory_admission"
2026-09-10T20:58:41.950514Z DEBUG transparent_shard_server::service: query stage revision=be059aab39ac34125e0452548d6fbcfb1e7cdb7237a597bd59ee86011ed4882b table="pages" seconds=1.0385e-5 stage="query_dispatch"
2026-09-10T20:58:41.963193Z DEBUG transparent_shard_server::service: query stage revision=be059aab39ac34125e0452548d6fbcfb1e7cdb7237a597bd59ee86011ed4882b table="pages" seconds=0.01267283 stage="query_evaluate"
2026-09-10T20:58:42.096183Z DEBUG transparent_shard_server::service: query stage revision=be059aab39ac34125e0452548d6fbcfb1e7cdb7237a597bd59ee86011ed4882b table="pages" seconds=3.013e-6 stage="query_admission"
2026-09-10T20:58:42.096222Z DEBUG transparent_shard_server::service: query stage revision=be059aab39ac34125e0452548d6fbcfb1e7cdb7237a597bd59ee86011ed4882b table="pages" seconds=5.169e-6 stage="query_runtime"
2026-09-10T20:58:42.096309Z DEBUG transparent_shard_server::service: query stage revision=be059aab39ac34125e0452548d6fbcfb1e7cdb7237a597bd59ee86011ed4882b table="pages" seconds=7.0797e-5 admitted=true stage="query_memory_admission"
2026-09-10T20:58:42.096345Z DEBUG transparent_shard_server::service: query stage revision=be059aab39ac34125e0452548d6fbcfb1e7cdb7237a597bd59ee86011ed4882b table="pages" seconds=3.1839e-5 stage="query_dispatch"
2026-09-10T20:58:42.111383Z DEBUG transparent_shard_server::service: query stage revision=be059aab39ac34125e0452548d6fbcfb1e7cdb7237a597bd59ee86011ed4882b table="pages" seconds=0.015030801 stage="query_evaluate"
2026-09-10T20:58:42.118906Z DEBUG transparent_shard_server::service: query stage revision=be059aab39ac34125e0452548d6fbcfb1e7cdb7237a597bd59ee86011ed4882b table="directory" seconds=2.037e-6 stage="query_admission"
2026-09-10T20:58:42.118928Z DEBUG transparent_shard_server::service: query stage revision=be059aab39ac34125e0452548d6fbcfb1e7cdb7237a597bd59ee86011ed4882b table="directory" seconds=4.405e-6 stage="query_runtime"
2026-09-10T20:58:42.118986Z DEBUG transparent_shard_server::service: query stage revision=be059aab39ac34125e0452548d6fbcfb1e7cdb7237a597bd59ee86011ed4882b table="directory" seconds=5.453e-5 admitted=true stage="query_memory_admission"
2026-09-10T20:58:42.119015Z DEBUG transparent_shard_server::service: query stage revision=be059aab39ac34125e0452548d6fbcfb1e7cdb7237a597bd59ee86011ed4882b table="directory" seconds=2.4119e-5 stage="query_dispatch"
2026-09-10T20:58:42.131970Z DEBUG transparent_shard_server::service: query stage revision=be059aab39ac34125e0452548d6fbcfb1e7cdb7237a597bd59ee86011ed4882b table="directory" seconds=0.012937755 stage="query_evaluate"
2026-09-10T20:58:42.269252Z DEBUG transparent_shard_server::service: query stage revision=be059aab39ac34125e0452548d6fbcfb1e7cdb7237a597bd59ee86011ed4882b table="directory" seconds=2.342e-6 stage="query_admission"
2026-09-10T20:58:42.269289Z DEBUG transparent_shard_server::service: query stage revision=be059aab39ac34125e0452548d6fbcfb1e7cdb7237a597bd59ee86011ed4882b table="directory" seconds=4.711e-6 stage="query_runtime"
2026-09-10T20:58:42.269363Z DEBUG transparent_shard_server::service: query stage revision=be059aab39ac34125e0452548d6fbcfb1e7cdb7237a597bd59ee86011ed4882b table="directory" seconds=7.0684e-5 admitted=true stage="query_memory_admission"
2026-09-10T20:58:42.269381Z DEBUG transparent_shard_server::service: query stage revision=be059aab39ac34125e0452548d6fbcfb1e7cdb7237a597bd59ee86011ed4882b table="directory" seconds=1.3695e-5 stage="query_dispatch"
2026-09-10T20:58:42.287238Z DEBUG transparent_shard_server::service: query stage revision=be059aab39ac34125e0452548d6fbcfb1e7cdb7237a597bd59ee86011ed4882b table="pages" seconds=2.459e-6 stage="query_admission"
2026-09-10T20:58:42.287273Z DEBUG transparent_shard_server::service: query stage revision=be059aab39ac34125e0452548d6fbcfb1e7cdb7237a597bd59ee86011ed4882b table="pages" seconds=4.598e-6 stage="query_runtime"
2026-09-10T20:58:42.287345Z DEBUG transparent_shard_server::memory: work memory admission denied current=5310717952 limit=7516192768 held=1342177280 requested=268435456
2026-09-10T20:58:42.298502Z DEBUG transparent_shard_server::memory: work memory admission denied current=5314912256 limit=7516192768 held=1342177280 requested=268435456
2026-09-10T20:58:42.309677Z DEBUG transparent_shard_server::memory: work memory admission denied current=5319630848 limit=7516192768 held=1342177280 requested=268435456
2026-09-10T20:58:42.320251Z DEBUG transparent_shard_server::memory: work memory admission denied current=5323825152 limit=7516192768 held=1342177280 requested=268435456
2026-09-10T20:58:42.331642Z DEBUG transparent_shard_server::memory: work memory admission denied current=5327757312 limit=7516192768 held=1342177280 requested=268435456
2026-09-10T20:58:42.342808Z DEBUG transparent_shard_server::memory: work memory admission denied current=5332475904 limit=7516192768 held=1342177280 requested=268435456
2026-09-10T20:58:42.354067Z DEBUG transparent_shard_server::memory: work memory admission denied current=5337194496 limit=7516192768 held=1342177280 requested=268435456
2026-09-10T20:58:42.365270Z DEBUG transparent_shard_server::memory: work memory admission denied current=5340864512 limit=7516192768 held=1342177280 requested=268435456
2026-09-10T20:58:42.369703Z DEBUG transparent_shard_server::service: query stage revision=be059aab39ac34125e0452548d6fbcfb1e7cdb7237a597bd59ee86011ed4882b table="directory" seconds=0.100316906 stage="query_evaluate"
2026-09-10T20:58:42.377061Z DEBUG transparent_shard_server::service: query stage revision=be059aab39ac34125e0452548d6fbcfb1e7cdb7237a597bd59ee86011ed4882b table="pages" seconds=0.089783053 admitted=true stage="query_memory_admission"
2026-09-10T20:58:42.377102Z DEBUG transparent_shard_server::service: query stage revision=be059aab39ac34125e0452548d6fbcfb1e7cdb7237a597bd59ee86011ed4882b table="pages" seconds=1.6616e-5 stage="query_dispatch"
2026-09-10T20:58:42.524433Z DEBUG transparent_shard_server::service: query stage revision=be059aab39ac34125e0452548d6fbcfb1e7cdb7237a597bd59ee86011ed4882b table="pages" seconds=2.554e-6 stage="query_admission"
2026-09-10T20:58:42.524471Z DEBUG transparent_shard_server::service: query stage revision=be059aab39ac34125e0452548d6fbcfb1e7cdb7237a597bd59ee86011ed4882b table="pages" seconds=4.624e-6 stage="query_runtime"
2026-09-10T20:58:42.524555Z DEBUG transparent_shard_server::memory: work memory admission denied current=5342117888 limit=7516192768 held=1342177280 requested=268435456
2026-09-10T20:58:42.539233Z DEBUG transparent_shard_server::memory: work memory admission denied current=5342117888 limit=7516192768 held=1342177280 requested=268435456
2026-09-10T20:58:42.550391Z DEBUG transparent_shard_server::memory: work memory admission denied current=5342117888 limit=7516192768 held=1342177280 requested=268435456
2026-09-10T20:58:42.561573Z DEBUG transparent_shard_server::memory: work memory admission denied current=5359419392 limit=7516192768 held=1342177280 requested=268435456
2026-09-10T20:58:42.572842Z DEBUG transparent_shard_server::memory: work memory admission denied current=5345980416 limit=7516192768 held=1342177280 requested=268435456
2026-09-10T20:58:42.573766Z DEBUG transparent_shard_server::service: query stage revision=be059aab39ac34125e0452548d6fbcfb1e7cdb7237a597bd59ee86011ed4882b table="pages" seconds=0.196658692 stage="query_evaluate"
2026-09-10T20:58:42.583562Z DEBUG transparent_shard_server::service: query stage revision=be059aab39ac34125e0452548d6fbcfb1e7cdb7237a597bd59ee86011ed4882b table="pages" seconds=0.059086053 admitted=true stage="query_memory_admission"
2026-09-10T20:58:42.583614Z DEBUG transparent_shard_server::service: query stage revision=be059aab39ac34125e0452548d6fbcfb1e7cdb7237a597bd59ee86011ed4882b table="pages" seconds=2.264e-5 stage="query_dispatch"
2026-09-10T20:58:42.600903Z DEBUG transparent_shard_server::service: query stage revision=be059aab39ac34125e0452548d6fbcfb1e7cdb7237a597bd59ee86011ed4882b table="pages" seconds=0.017267238 stage="query_evaluate"
2026-09-10T20:58:42.733450Z DEBUG transparent_shard_server::service: query stage revision=be059aab39ac34125e0452548d6fbcfb1e7cdb7237a597bd59ee86011ed4882b table="directory" seconds=2.585e-6 stage="query_admission"
2026-09-10T20:58:42.733485Z DEBUG transparent_shard_server::service: query stage revision=be059aab39ac34125e0452548d6fbcfb1e7cdb7237a597bd59ee86011ed4882b table="directory" seconds=4.869e-6 stage="query_runtime"
2026-09-10T20:58:42.733558Z DEBUG transparent_shard_server::memory: work memory admission denied current=5422886912 limit=7516192768 held=1073741824 requested=268435456
2026-09-10T20:58:42.744740Z DEBUG transparent_shard_server::memory: work memory admission denied current=5422874624 limit=7516192768 held=1073741824 requested=268435456
2026-09-10T20:58:42.755978Z DEBUG transparent_shard_server::memory: work memory admission denied current=5422874624 limit=7516192768 held=1073741824 requested=268435456
2026-09-10T20:58:42.761700Z DEBUG transparent_shard_server::service: query stage revision=be059aab39ac34125e0452548d6fbcfb1e7cdb7237a597bd59ee86011ed4882b table="directory" seconds=2.283e-6 stage="query_admission"
2026-09-10T20:58:42.761739Z DEBUG transparent_shard_server::service: query stage revision=be059aab39ac34125e0452548d6fbcfb1e7cdb7237a597bd59ee86011ed4882b table="directory" seconds=4.962e-6 stage="query_runtime"
2026-09-10T20:58:42.761813Z DEBUG transparent_shard_server::memory: work memory admission denied current=5422882816 limit=7516192768 held=1073741824 requested=268435456
2026-09-10T20:58:42.768127Z DEBUG transparent_shard_server::memory: work memory admission denied current=5422882816 limit=7516192768 held=1073741824 requested=268435456
2026-09-10T20:58:42.772301Z DEBUG transparent_shard_server::memory: work memory admission denied current=5422882816 limit=7516192768 held=1073741824 requested=268435456
2026-09-10T20:58:42.779435Z DEBUG transparent_shard_server::service: query stage revision=be059aab39ac34125e0452548d6fbcfb1e7cdb7237a597bd59ee86011ed4882b table="directory" seconds=0.045945644 admitted=true stage="query_memory_admission"
2026-09-10T20:58:42.779467Z DEBUG transparent_shard_server::service: query stage revision=be059aab39ac34125e0452548d6fbcfb1e7cdb7237a597bd59ee86011ed4882b table="directory" seconds=1.288e-5 stage="query_dispatch"
2026-09-10T20:58:42.783260Z DEBUG transparent_shard_server::memory: work memory admission denied current=5289680896 limit=7516192768 held=1342177280 requested=268435456
2026-09-10T20:58:42.794453Z DEBUG transparent_shard_server::memory: work memory admission denied current=5292040192 limit=7516192768 held=1342177280 requested=268435456
2026-09-10T20:58:42.805612Z DEBUG transparent_shard_server::memory: work memory admission denied current=5294399488 limit=7516192768 held=1342177280 requested=268435456
2026-09-10T20:58:42.816786Z DEBUG transparent_shard_server::memory: work memory admission denied current=5297020928 limit=7516192768 held=1342177280 requested=268435456
2026-09-10T20:58:42.828009Z DEBUG transparent_shard_server::memory: work memory admission denied current=5299380224 limit=7516192768 held=1342177280 requested=268435456
2026-09-10T20:58:42.843266Z DEBUG transparent_shard_server::memory: work memory admission denied current=5302525952 limit=7516192768 held=1342177280 requested=268435456
2026-09-10T20:58:42.854459Z DEBUG transparent_shard_server::memory: work memory admission denied current=5304885248 limit=7516192768 held=1342177280 requested=268435456
2026-09-10T20:58:42.865719Z DEBUG transparent_shard_server::memory: work memory admission denied current=5307506688 limit=7516192768 held=1342177280 requested=268435456
2026-09-10T20:58:42.876925Z DEBUG transparent_shard_server::memory: work memory admission denied current=5309603840 limit=7516192768 held=1342177280 requested=268435456
2026-09-10T20:58:42.887100Z DEBUG transparent_shard_server::memory: work memory admission denied current=5311963136 limit=7516192768 held=1342177280 requested=268435456
2026-09-10T20:58:42.898289Z DEBUG transparent_shard_server::memory: work memory admission denied current=5314322432 limit=7516192768 held=1342177280 requested=268435456
2026-09-10T20:58:42.909467Z DEBUG transparent_shard_server::memory: work memory admission denied current=5316943872 limit=7516192768 held=1342177280 requested=268435456
2026-09-10T20:58:42.920669Z DEBUG transparent_shard_server::memory: work memory admission denied current=5319041024 limit=7516192768 held=1342177280 requested=268435456
2026-09-10T20:58:42.931946Z DEBUG transparent_shard_server::memory: work memory admission denied current=5321662464 limit=7516192768 held=1342177280 requested=268435456
2026-09-10T20:58:42.945226Z DEBUG transparent_shard_server::memory: work memory admission denied current=5324283904 limit=7516192768 held=1342177280 requested=268435456
2026-09-10T20:58:42.956407Z DEBUG transparent_shard_server::memory: work memory admission denied current=5326643200 limit=7516192768 held=1342177280 requested=268435456
2026-09-10T20:58:42.967591Z DEBUG transparent_shard_server::memory: work memory admission denied current=5329264640 limit=7516192768 held=1342177280 requested=268435456
2026-09-10T20:58:42.978773Z DEBUG transparent_shard_server::memory: work memory admission denied current=5331623936 limit=7516192768 held=1342177280 requested=268435456
2026-09-10T20:58:42.990053Z DEBUG transparent_shard_server::memory: work memory admission denied current=5333983232 limit=7516192768 held=1342177280 requested=268435456
2026-09-10T20:58:43.001282Z DEBUG transparent_shard_server::memory: work memory admission denied current=5336604672 limit=7516192768 held=1342177280 requested=268435456
2026-09-10T20:58:43.012477Z DEBUG transparent_shard_server::memory: work memory admission denied current=5338963968 limit=7516192768 held=1342177280 requested=268435456
2026-09-10T20:58:43.012510Z DEBUG transparent_shard_server::service: query stage revision=be059aab39ac34125e0452548d6fbcfb1e7cdb7237a597bd59ee86011ed4882b table="directory" seconds=0.250767744 admitted=false stage="query_memory_admission"
2026-09-10T20:58:43.217263Z DEBUG transparent_shard_server::service: query stage revision=be059aab39ac34125e0452548d6fbcfb1e7cdb7237a597bd59ee86011ed4882b table="directory" seconds=2.355e-6 stage="query_admission"
2026-09-10T20:58:43.217299Z DEBUG transparent_shard_server::service: query stage revision=be059aab39ac34125e0452548d6fbcfb1e7cdb7237a597bd59ee86011ed4882b table="directory" seconds=5.526e-6 stage="query_runtime"
2026-09-10T20:58:43.217374Z DEBUG transparent_shard_server::memory: work memory admission denied current=5382569984 limit=7516192768 held=1342177280 requested=268435456
2026-09-10T20:58:43.228537Z DEBUG transparent_shard_server::memory: work memory admission denied current=5385191424 limit=7516192768 held=1342177280 requested=268435456
2026-09-10T20:58:43.239734Z DEBUG transparent_shard_server::memory: work memory admission denied current=5387550720 limit=7516192768 held=1342177280 requested=268435456
2026-09-10T20:58:43.251331Z DEBUG transparent_shard_server::memory: work memory admission denied current=5389910016 limit=7516192768 held=1342177280 requested=268435456
2026-09-10T20:58:43.264311Z DEBUG transparent_shard_server::memory: work memory admission denied current=5392793600 limit=7516192768 held=1342177280 requested=268435456
2026-09-10T20:58:43.275533Z DEBUG transparent_shard_server::memory: work memory admission denied current=5395152896 limit=7516192768 held=1342177280 requested=268435456
2026-09-10T20:58:43.286724Z DEBUG transparent_shard_server::memory: work memory admission denied current=5397512192 limit=7516192768 held=1342177280 requested=268435456
2026-09-10T20:58:43.300259Z DEBUG transparent_shard_server::memory: work memory admission denied current=5400657920 limit=7516192768 held=1342177280 requested=268435456
2026-09-10T20:58:43.311526Z DEBUG transparent_shard_server::memory: work memory admission denied current=5402755072 limit=7516192768 held=1342177280 requested=268435456
2026-09-10T20:58:43.322735Z DEBUG transparent_shard_server::memory: work memory admission denied current=5405376512 limit=7516192768 held=1342177280 requested=268435456
2026-09-10T20:58:43.333925Z DEBUG transparent_shard_server::memory: work memory admission denied current=5407997952 limit=7516192768 held=1342177280 requested=268435456
2026-09-10T20:58:43.344186Z DEBUG transparent_shard_server::memory: work memory admission denied current=5410095104 limit=7516192768 held=1342177280 requested=268435456
2026-09-10T20:58:43.357221Z DEBUG transparent_shard_server::memory: work memory admission denied current=5412454400 limit=7516192768 held=1342177280 requested=268435456
2026-09-10T20:58:43.368394Z DEBUG transparent_shard_server::memory: work memory admission denied current=5414813696 limit=7516192768 held=1342177280 requested=268435456
2026-09-10T20:58:43.379642Z DEBUG transparent_shard_server::memory: work memory admission denied current=5417435136 limit=7516192768 held=1342177280 requested=268435456
2026-09-10T20:58:43.390812Z DEBUG transparent_shard_server::memory: work memory admission denied current=5419794432 limit=7516192768 held=1342177280 requested=268435456
2026-09-10T20:58:43.402254Z DEBUG transparent_shard_server::memory: work memory admission denied current=5422678016 limit=7516192768 held=1342177280 requested=268435456
2026-09-10T20:58:43.413448Z DEBUG transparent_shard_server::memory: work memory admission denied current=5424775168 limit=7516192768 held=1342177280 requested=268435456
2026-09-10T20:58:43.426307Z DEBUG transparent_shard_server::memory: work memory admission denied current=5427658752 limit=7516192768 held=1342177280 requested=268435456
2026-09-10T20:58:43.437542Z DEBUG transparent_shard_server::memory: work memory admission denied current=5430018048 limit=7516192768 held=1342177280 requested=268435456
2026-09-10T20:58:43.448743Z DEBUG transparent_shard_server::memory: work memory admission denied current=5432115200 limit=7516192768 held=1342177280 requested=268435456
2026-09-10T20:58:43.462239Z DEBUG transparent_shard_server::memory: work memory admission denied current=5434998784 limit=7516192768 held=1342177280 requested=268435456
2026-09-10T20:58:43.468342Z DEBUG transparent_shard_server::service: query stage revision=be059aab39ac34125e0452548d6fbcfb1e7cdb7237a597bd59ee86011ed4882b table="directory" seconds=0.251039023 admitted=false stage="query_memory_admission"
2026-09-10T20:58:43.675503Z DEBUG transparent_shard_server::service: query stage revision=be059aab39ac34125e0452548d6fbcfb1e7cdb7237a597bd59ee86011ed4882b table="directory" seconds=2.421e-6 stage="query_admission"
2026-09-10T20:58:43.675541Z DEBUG transparent_shard_server::service: query stage revision=be059aab39ac34125e0452548d6fbcfb1e7cdb7237a597bd59ee86011ed4882b table="directory" seconds=4.906e-6 stage="query_runtime"
2026-09-10T20:58:43.675614Z DEBUG transparent_shard_server::memory: work memory admission denied current=5465194496 limit=7516192768 held=1342177280 requested=268435456
2026-09-10T20:58:43.686809Z DEBUG transparent_shard_server::memory: work memory admission denied current=5466767360 limit=7516192768 held=1342177280 requested=268435456
2026-09-10T20:58:43.698076Z DEBUG transparent_shard_server::memory: work memory admission denied current=5468864512 limit=7516192768 held=1342177280 requested=268435456
2026-09-10T20:58:43.709247Z DEBUG transparent_shard_server::memory: work memory admission denied current=5470699520 limit=7516192768 held=1342177280 requested=268435456
2026-09-10T20:58:43.713297Z DEBUG transparent_shard_server::runtime: construction stage geometry="recent-8k" table="pages" seconds=2.310883728 stage="pack_preprocessing"
2026-09-10T20:58:43.713589Z DEBUG transparent_shard_server::runtime: construction stage geometry="recent-8k" table="pages" seconds=0.000262381 stage="publish_parameters"
2026-09-10T20:58:43.716336Z DEBUG transparent_shard_server::runtime: runtime stage key=("268f5c527d35817d37919707b04a706c850d449156baa071b5438dbf8eb53aec", Pages, 0) seconds=3.529146399 stage="runtime_build"
2026-09-10T20:58:43.720286Z DEBUG transparent_shard_server::service: query stage revision=be059aab39ac34125e0452548d6fbcfb1e7cdb7237a597bd59ee86011ed4882b table="directory" seconds=0.04474067 admitted=true stage="query_memory_admission"
2026-09-10T20:58:43.720334Z DEBUG transparent_shard_server::service: query stage revision=be059aab39ac34125e0452548d6fbcfb1e7cdb7237a597bd59ee86011ed4882b table="directory" seconds=2.3599e-5 stage="query_dispatch"
2026-09-10T20:58:43.723662Z DEBUG transparent_shard_server::service: query stage revision=be059aab39ac34125e0452548d6fbcfb1e7cdb7237a597bd59ee86011ed4882b table="directory" seconds=0.944189245 stage="query_evaluate"
2026-09-10T20:58:43.730228Z DEBUG transparent_shard_server::service: query stage revision=be059aab39ac34125e0452548d6fbcfb1e7cdb7237a597bd59ee86011ed4882b table="directory" seconds=0.009873244 stage="query_evaluate"
2026-09-10T20:58:43.773062Z DEBUG transparent_shard_server::runtime: construction stage geometry="recent-8k" table="directory" seconds=2.357206497 stage="pack_preprocessing"
2026-09-10T20:58:43.773362Z DEBUG transparent_shard_server::runtime: construction stage geometry="recent-8k" table="directory" seconds=0.000270398 stage="publish_parameters"
2026-09-10T20:58:43.773998Z DEBUG transparent_shard_server::runtime: runtime stage key=("268f5c527d35817d37919707b04a706c850d449156baa071b5438dbf8eb53aec", Directory, 0) seconds=3.861811426 stage="runtime_build"
2026-09-10T20:58:43.774097Z  INFO transparent_shard_server::service: prewarm finished warm=28 target=28 failed=0 seconds=4.051877159
2026-09-10T20:58:43.774180Z DEBUG transparent_shard_server::live: publication preparation stages map=12cbb58695cd66166197842d179b61598c15effb06ad32efcd899a13e36e7b10 loading_seconds=0.628320433 warming_seconds=4.051989565
2026-09-10T20:58:43.886545Z DEBUG transparent_shard_server::service: query stage revision=be059aab39ac34125e0452548d6fbcfb1e7cdb7237a597bd59ee86011ed4882b table="pages" seconds=2.453e-6 stage="query_admission"
2026-09-10T20:58:43.886576Z DEBUG transparent_shard_server::service: query stage revision=be059aab39ac34125e0452548d6fbcfb1e7cdb7237a597bd59ee86011ed4882b table="pages" seconds=4.967e-6 stage="query_runtime"
2026-09-10T20:58:43.886641Z DEBUG transparent_shard_server::service: query stage revision=be059aab39ac34125e0452548d6fbcfb1e7cdb7237a597bd59ee86011ed4882b table="pages" seconds=6.1922e-5 admitted=true stage="query_memory_admission"
2026-09-10T20:58:43.886670Z DEBUG transparent_shard_server::service: query stage revision=be059aab39ac34125e0452548d6fbcfb1e7cdb7237a597bd59ee86011ed4882b table="pages" seconds=2.4539e-5 stage="query_dispatch"
2026-09-10T20:58:43.897158Z DEBUG transparent_shard_server::service: query stage revision=be059aab39ac34125e0452548d6fbcfb1e7cdb7237a597bd59ee86011ed4882b table="pages" seconds=0.010465712 stage="query_evaluate"
2026-09-10T20:58:43.900494Z DEBUG transparent_shard_server::service: query stage revision=be059aab39ac34125e0452548d6fbcfb1e7cdb7237a597bd59ee86011ed4882b table="pages" seconds=2.682e-6 stage="query_admission"
2026-09-10T20:58:43.900520Z DEBUG transparent_shard_server::service: query stage revision=be059aab39ac34125e0452548d6fbcfb1e7cdb7237a597bd59ee86011ed4882b table="pages" seconds=4.576e-6 stage="query_runtime"
2026-09-10T20:58:43.900594Z DEBUG transparent_shard_server::service: query stage revision=be059aab39ac34125e0452548d6fbcfb1e7cdb7237a597bd59ee86011ed4882b table="pages" seconds=7.0981e-5 admitted=true stage="query_memory_admission"
2026-09-10T20:58:43.900619Z DEBUG transparent_shard_server::service: query stage revision=be059aab39ac34125e0452548d6fbcfb1e7cdb7237a597bd59ee86011ed4882b table="pages" seconds=1.9883e-5 stage="query_dispatch"
2026-09-10T20:58:43.910329Z DEBUG transparent_shard_server::service: query stage revision=be059aab39ac34125e0452548d6fbcfb1e7cdb7237a597bd59ee86011ed4882b table="pages" seconds=0.009680025 stage="query_evaluate"
2026-09-10T20:58:44.065440Z DEBUG transparent_shard_server::service: query stage revision=268f5c527d35817d37919707b04a706c850d449156baa071b5438dbf8eb53aec table="directory" seconds=2.238e-6 stage="query_admission"
2026-09-10T20:58:44.065471Z DEBUG transparent_shard_server::service: query stage revision=268f5c527d35817d37919707b04a706c850d449156baa071b5438dbf8eb53aec table="directory" seconds=4.623e-6 stage="query_runtime"
2026-09-10T20:58:44.065550Z DEBUG transparent_shard_server::service: query stage revision=268f5c527d35817d37919707b04a706c850d449156baa071b5438dbf8eb53aec table="directory" seconds=7.5517e-5 admitted=true stage="query_memory_admission"
2026-09-10T20:58:44.065601Z DEBUG transparent_shard_server::service: query stage revision=268f5c527d35817d37919707b04a706c850d449156baa071b5438dbf8eb53aec table="directory" seconds=4.5324e-5 stage="query_dispatch"
2026-09-10T20:58:44.069308Z DEBUG transparent_shard_server::service: query stage revision=268f5c527d35817d37919707b04a706c850d449156baa071b5438dbf8eb53aec table="directory" seconds=2.362e-6 stage="query_admission"
2026-09-10T20:58:44.069334Z DEBUG transparent_shard_server::service: query stage revision=268f5c527d35817d37919707b04a706c850d449156baa071b5438dbf8eb53aec table="directory" seconds=4.862e-6 stage="query_runtime"
2026-09-10T20:58:44.069414Z DEBUG transparent_shard_server::service: query stage revision=268f5c527d35817d37919707b04a706c850d449156baa071b5438dbf8eb53aec table="directory" seconds=6.7547e-5 admitted=true stage="query_memory_admission"
2026-09-10T20:58:44.069431Z DEBUG transparent_shard_server::service: query stage revision=268f5c527d35817d37919707b04a706c850d449156baa071b5438dbf8eb53aec table="directory" seconds=1.2493e-5 stage="query_dispatch"
2026-09-10T20:58:44.077630Z DEBUG transparent_shard_server::service: query stage revision=268f5c527d35817d37919707b04a706c850d449156baa071b5438dbf8eb53aec table="directory" seconds=0.012008506 stage="query_evaluate"
2026-09-10T20:58:44.086086Z DEBUG transparent_shard_server::service: query stage revision=268f5c527d35817d37919707b04a706c850d449156baa071b5438dbf8eb53aec table="directory" seconds=0.016649193 stage="query_evaluate"
2026-09-10T20:58:44.271952Z DEBUG transparent_shard_server::service: query stage revision=268f5c527d35817d37919707b04a706c850d449156baa071b5438dbf8eb53aec table="pages" seconds=2.422e-6 stage="query_admission"
2026-09-10T20:58:44.271986Z DEBUG transparent_shard_server::service: query stage revision=268f5c527d35817d37919707b04a706c850d449156baa071b5438dbf8eb53aec table="pages" seconds=5.559e-6 stage="query_runtime"
2026-09-10T20:58:44.272064Z DEBUG transparent_shard_server::service: query stage revision=268f5c527d35817d37919707b04a706c850d449156baa071b5438dbf8eb53aec table="pages" seconds=7.5147e-5 admitted=true stage="query_memory_admission"
2026-09-10T20:58:44.272094Z DEBUG transparent_shard_server::service: query stage revision=268f5c527d35817d37919707b04a706c850d449156baa071b5438dbf8eb53aec table="pages" seconds=2.3046e-5 stage="query_dispatch"
2026-09-10T20:58:44.272290Z DEBUG transparent_shard_server::service: query stage revision=268f5c527d35817d37919707b04a706c850d449156baa071b5438dbf8eb53aec table="pages" seconds=1.087e-6 stage="query_admission"
2026-09-10T20:58:44.272303Z DEBUG transparent_shard_server::service: query stage revision=268f5c527d35817d37919707b04a706c850d449156baa071b5438dbf8eb53aec table="pages" seconds=2.895e-6 stage="query_runtime"
2026-09-10T20:58:44.272344Z DEBUG transparent_shard_server::service: query stage revision=268f5c527d35817d37919707b04a706c850d449156baa071b5438dbf8eb53aec table="pages" seconds=3.8106e-5 admitted=true stage="query_memory_admission"
2026-09-10T20:58:44.272383Z DEBUG transparent_shard_server::service: query stage revision=268f5c527d35817d37919707b04a706c850d449156baa071b5438dbf8eb53aec table="pages" seconds=3.4613e-5 stage="query_dispatch"
2026-09-10T20:58:44.290832Z DEBUG transparent_shard_server::service: query stage revision=268f5c527d35817d37919707b04a706c850d449156baa071b5438dbf8eb53aec table="pages" seconds=0.018715166 stage="query_evaluate"
2026-09-10T20:58:44.291016Z DEBUG transparent_shard_server::service: query stage revision=268f5c527d35817d37919707b04a706c850d449156baa071b5438dbf8eb53aec table="pages" seconds=0.018612215 stage="query_evaluate"
2026-09-10T20:58:44.433222Z DEBUG transparent_shard_server::runtime: runtime stage key=("268f5c527d35817d37919707b04a706c850d449156baa071b5438dbf8eb53aec", Pages, 0) seconds=0.716838324 stage="disk_save"
2026-09-10T20:58:44.445959Z DEBUG transparent_shard_server::service: query stage revision=268f5c527d35817d37919707b04a706c850d449156baa071b5438dbf8eb53aec table="directory" seconds=2.404e-6 stage="query_admission"
2026-09-10T20:58:44.445989Z DEBUG transparent_shard_server::service: query stage revision=268f5c527d35817d37919707b04a706c850d449156baa071b5438dbf8eb53aec table="directory" seconds=5.614e-6 stage="query_runtime"
2026-09-10T20:58:44.445967Z DEBUG transparent_shard_server::service: query stage revision=268f5c527d35817d37919707b04a706c850d449156baa071b5438dbf8eb53aec table="directory" seconds=1.787e-6 stage="query_admission"
2026-09-10T20:58:44.446009Z DEBUG transparent_shard_server::service: query stage revision=268f5c527d35817d37919707b04a706c850d449156baa071b5438dbf8eb53aec table="directory" seconds=4.074e-6 stage="query_runtime"
2026-09-10T20:58:44.446064Z DEBUG transparent_shard_server::service: query stage revision=268f5c527d35817d37919707b04a706c850d449156baa071b5438dbf8eb53aec table="directory" seconds=7.0457e-5 admitted=true stage="query_memory_admission"
2026-09-10T20:58:44.446082Z DEBUG transparent_shard_server::service: query stage revision=268f5c527d35817d37919707b04a706c850d449156baa071b5438dbf8eb53aec table="directory" seconds=5.8092e-5 admitted=true stage="query_memory_admission"
2026-09-10T20:58:44.446083Z DEBUG transparent_shard_server::service: query stage revision=268f5c527d35817d37919707b04a706c850d449156baa071b5438dbf8eb53aec table="directory" seconds=1.3968e-5 stage="query_dispatch"
2026-09-10T20:58:44.446115Z DEBUG transparent_shard_server::service: query stage revision=268f5c527d35817d37919707b04a706c850d449156baa071b5438dbf8eb53aec table="directory" seconds=2.3802e-5 stage="query_dispatch"
2026-09-10T20:58:44.473353Z DEBUG transparent_shard_server::service: query stage revision=268f5c527d35817d37919707b04a706c850d449156baa071b5438dbf8eb53aec table="directory" seconds=0.027254919 stage="query_evaluate"
2026-09-10T20:58:44.473934Z DEBUG transparent_shard_server::service: query stage revision=268f5c527d35817d37919707b04a706c850d449156baa071b5438dbf8eb53aec table="directory" seconds=0.027806321 stage="query_evaluate"
2026-09-10T20:58:45.108422Z DEBUG transparent_shard_server::runtime: runtime stage key=("268f5c527d35817d37919707b04a706c850d449156baa071b5438dbf8eb53aec", Directory, 0) seconds=1.3342823560000001 stage="disk_save"
test burst::publication_burst_under_exact_load ... ok

test result: ok. 1 passed; 0 failed; 0 ignored; 0 measured; 17 filtered out; finished in 73.82s

Finished with result: success
Main processes terminated with: code=exited/status=0
Service runtime: 1min 13.918s
CPU time consumed: 3min 51.028s
Memory peak: 2.3M
Memory swap peak: 0B
