Running as unit: transparent-full-burst-dc20b0d03662459291bbf5650b217111.service

running 1 test
2026-09-10T20:56:24.857290Z DEBUG transparent_shard_server::runtime: runtime stage key=("5b7ee9849d47f5ee67d04eb6ca4588beacf42dce75e5a1b481dfd02607b1fb20", Directory, 0) seconds=3.489e-6 stage="restore_slot"
2026-09-10T20:56:24.857313Z DEBUG transparent_shard_server::runtime: runtime stage key=("5b7ee9849d47f5ee67d04eb6ca4588beacf42dce75e5a1b481dfd02607b1fb20", Pages, 0) seconds=3.114e-6 stage="restore_slot"
2026-09-10T20:56:24.857355Z DEBUG transparent_shard_server::runtime: runtime stage key=("1f5d7213a380745d83cc554ad16bdf9e039a0304d0de0b71376828e1838d0ea4", Directory, 0) seconds=2.901e-6 stage="restore_slot"
2026-09-10T20:56:24.857522Z DEBUG transparent_shard_server::runtime: runtime stage key=("1f5d7213a380745d83cc554ad16bdf9e039a0304d0de0b71376828e1838d0ea4", Pages, 0) seconds=3.54e-7 stage="restore_slot"
2026-09-10T20:56:24.857865Z DEBUG transparent_shard_server::runtime: runtime stage key=("5b7ee9849d47f5ee67d04eb6ca4588beacf42dce75e5a1b481dfd02607b1fb20", Directory, 0) seconds=3.9993e-5 hit=false stage="disk_restore"
2026-09-10T20:56:24.857876Z DEBUG transparent_shard_server::runtime: runtime stage key=("1f5d7213a380745d83cc554ad16bdf9e039a0304d0de0b71376828e1838d0ea4", Directory, 0) seconds=2.9355e-5 hit=false stage="disk_restore"
2026-09-10T20:56:24.857870Z DEBUG transparent_shard_server::runtime: runtime stage key=("5b7ee9849d47f5ee67d04eb6ca4588beacf42dce75e5a1b481dfd02607b1fb20", Pages, 0) seconds=3.3185e-5 hit=false stage="disk_restore"
2026-09-10T20:56:24.857921Z DEBUG transparent_shard_server::runtime: runtime stage key=("5b7ee9849d47f5ee67d04eb6ca4588beacf42dce75e5a1b481dfd02607b1fb20", Directory, 0) seconds=3.77e-7 stage="build_slot"
2026-09-10T20:56:24.857928Z DEBUG transparent_shard_server::runtime: runtime stage key=("1f5d7213a380745d83cc554ad16bdf9e039a0304d0de0b71376828e1838d0ea4", Pages, 0) seconds=1.2205e-5 hit=false stage="disk_restore"
2026-09-10T20:56:24.857920Z DEBUG transparent_shard_server::runtime: runtime stage key=("1f5d7213a380745d83cc554ad16bdf9e039a0304d0de0b71376828e1838d0ea4", Directory, 0) seconds=7.76e-7 stage="build_slot"
2026-09-10T20:56:24.857970Z DEBUG transparent_shard_server::memory: cold build admission wait seconds=4.1945e-5 admitted=true
2026-09-10T20:56:24.858003Z DEBUG transparent_shard_server::memory: cold build admission wait seconds=6.6855e-5 admitted=true
2026-09-10T20:56:25.000819Z DEBUG transparent_shard_server::runtime: runtime stage key=("5b7ee9849d47f5ee67d04eb6ca4588beacf42dce75e5a1b481dfd02607b1fb20", Directory, 0) seconds=0.142828201 stage="source_load"
2026-09-10T20:56:25.004445Z DEBUG transparent_shard_server::runtime: runtime stage key=("1f5d7213a380745d83cc554ad16bdf9e039a0304d0de0b71376828e1838d0ea4", Directory, 0) seconds=0.146426422 stage="source_load"
2026-09-10T20:56:25.297644Z DEBUG transparent_shard_server::runtime: construction stage geometry="recent-8k" table="directory" seconds=0.296782522 stage="encode_database"
2026-09-10T20:56:25.297749Z DEBUG transparent_shard_server::runtime: construction stage geometry="recent-8k" table="directory" seconds=6.6027e-5 stage="public_setup"
2026-09-10T20:56:25.305212Z DEBUG transparent_shard_server::runtime: construction stage geometry="recent-8k" table="directory" seconds=0.300735891 stage="encode_database"
2026-09-10T20:56:25.305295Z DEBUG transparent_shard_server::runtime: construction stage geometry="recent-8k" table="directory" seconds=5.2659e-5 stage="public_setup"
2026-09-10T20:56:26.361658Z DEBUG transparent_shard_server::runtime: construction stage geometry="recent-8k" table="directory" seconds=1.05635581 stage="hint_columns"
2026-09-10T20:56:26.365253Z DEBUG transparent_shard_server::runtime: construction stage geometry="recent-8k" table="directory" seconds=1.067496159 stage="hint_columns"
2026-09-10T20:56:28.639291Z DEBUG transparent_shard_server::runtime: construction stage geometry="recent-8k" table="directory" seconds=2.277590796 stage="pack_preprocessing"
2026-09-10T20:56:28.639591Z DEBUG transparent_shard_server::runtime: construction stage geometry="recent-8k" table="directory" seconds=0.000259792 stage="publish_parameters"
2026-09-10T20:56:28.640071Z DEBUG transparent_shard_server::runtime: runtime stage key=("1f5d7213a380745d83cc554ad16bdf9e039a0304d0de0b71376828e1838d0ea4", Directory, 0) seconds=3.635596499 stage="runtime_build"
2026-09-10T20:56:28.640974Z DEBUG transparent_shard_server::runtime: construction stage geometry="recent-8k" table="directory" seconds=2.275689545 stage="pack_preprocessing"
2026-09-10T20:56:28.641250Z DEBUG transparent_shard_server::runtime: construction stage geometry="recent-8k" table="directory" seconds=0.000248296 stage="publish_parameters"
2026-09-10T20:56:28.641689Z DEBUG transparent_shard_server::runtime: runtime stage key=("5b7ee9849d47f5ee67d04eb6ca4588beacf42dce75e5a1b481dfd02607b1fb20", Directory, 0) seconds=3.640829709 stage="runtime_build"
2026-09-10T20:56:28.643660Z DEBUG transparent_shard_server::runtime: runtime stage key=("5b7ee9849d47f5ee67d04eb6ca4588beacf42dce75e5a1b481dfd02607b1fb20", Pages, 0) seconds=3.78572146 stage="build_slot"
2026-09-10T20:56:28.643750Z DEBUG transparent_shard_server::memory: cold build admission wait seconds=7.0794e-5 admitted=true
2026-09-10T20:56:28.643859Z DEBUG transparent_shard_server::runtime: runtime stage key=("ca7afe810c988a8b4b561668f3456a9f38d1fdbb0776614e07ddfeb1a2132000", Directory, 0) seconds=6.07e-7 stage="restore_slot"
2026-09-10T20:56:28.643923Z DEBUG transparent_shard_server::runtime: runtime stage key=("1f5d7213a380745d83cc554ad16bdf9e039a0304d0de0b71376828e1838d0ea4", Pages, 0) seconds=3.785985003 stage="build_slot"
2026-09-10T20:56:28.643947Z DEBUG transparent_shard_server::memory: cold build admission wait seconds=2.0436e-5 admitted=true
2026-09-10T20:56:28.644005Z DEBUG transparent_shard_server::runtime: runtime stage key=("ca7afe810c988a8b4b561668f3456a9f38d1fdbb0776614e07ddfeb1a2132000", Pages, 0) seconds=2.4e-7 stage="restore_slot"
2026-09-10T20:56:28.644058Z DEBUG transparent_shard_server::runtime: runtime stage key=("ca7afe810c988a8b4b561668f3456a9f38d1fdbb0776614e07ddfeb1a2132000", Directory, 0) seconds=3.3655e-5 hit=false stage="disk_restore"
2026-09-10T20:56:28.644098Z DEBUG transparent_shard_server::runtime: runtime stage key=("ca7afe810c988a8b4b561668f3456a9f38d1fdbb0776614e07ddfeb1a2132000", Pages, 0) seconds=9.279e-6 hit=false stage="disk_restore"
2026-09-10T20:56:28.780212Z DEBUG transparent_shard_server::runtime: runtime stage key=("1f5d7213a380745d83cc554ad16bdf9e039a0304d0de0b71376828e1838d0ea4", Pages, 0) seconds=0.13613479 stage="source_load"
2026-09-10T20:56:28.789170Z DEBUG transparent_shard_server::runtime: runtime stage key=("5b7ee9849d47f5ee67d04eb6ca4588beacf42dce75e5a1b481dfd02607b1fb20", Pages, 0) seconds=0.145143939 stage="source_load"
2026-09-10T20:56:29.076876Z DEBUG transparent_shard_server::runtime: construction stage geometry="recent-8k" table="pages" seconds=0.296630732 stage="encode_database"
2026-09-10T20:56:29.076982Z DEBUG transparent_shard_server::runtime: construction stage geometry="recent-8k" table="pages" seconds=7.461e-5 stage="public_setup"
2026-09-10T20:56:29.095965Z DEBUG transparent_shard_server::runtime: construction stage geometry="recent-8k" table="pages" seconds=0.306756645 stage="encode_database"
2026-09-10T20:56:29.096049Z DEBUG transparent_shard_server::runtime: construction stage geometry="recent-8k" table="pages" seconds=5.2276e-5 stage="public_setup"
2026-09-10T20:56:29.546198Z DEBUG transparent_shard_server::runtime: runtime stage key=("1f5d7213a380745d83cc554ad16bdf9e039a0304d0de0b71376828e1838d0ea4", Directory, 0) seconds=0.903609065 stage="disk_save"
2026-09-10T20:56:30.343220Z DEBUG transparent_shard_server::runtime: construction stage geometry="recent-8k" table="pages" seconds=1.247164187 stage="hint_columns"
2026-09-10T20:56:30.349248Z DEBUG transparent_shard_server::runtime: construction stage geometry="recent-8k" table="pages" seconds=1.2722586900000001 stage="hint_columns"
2026-09-10T20:56:30.653125Z DEBUG transparent_shard_server::runtime: runtime stage key=("5b7ee9849d47f5ee67d04eb6ca4588beacf42dce75e5a1b481dfd02607b1fb20", Directory, 0) seconds=2.009472524 stage="disk_save"
2026-09-10T20:56:32.604116Z DEBUG transparent_shard_server::runtime: construction stage geometry="recent-8k" table="pages" seconds=2.260856675 stage="pack_preprocessing"
2026-09-10T20:56:32.604433Z DEBUG transparent_shard_server::runtime: construction stage geometry="recent-8k" table="pages" seconds=0.000274073 stage="publish_parameters"
2026-09-10T20:56:32.604919Z DEBUG transparent_shard_server::runtime: runtime stage key=("5b7ee9849d47f5ee67d04eb6ca4588beacf42dce75e5a1b481dfd02607b1fb20", Pages, 0) seconds=3.815712479 stage="runtime_build"
2026-09-10T20:56:32.604981Z DEBUG transparent_shard_server::runtime: runtime stage key=("ca7afe810c988a8b4b561668f3456a9f38d1fdbb0776614e07ddfeb1a2132000", Directory, 0) seconds=3.9577722250000003 stage="build_slot"
2026-09-10T20:56:32.605006Z DEBUG transparent_shard_server::runtime: runtime stage key=("95df7205357fe2d9c962d2b41daded841e05afa7b6fc8d06dfec46ad04e15335", Directory, 0) seconds=1.187e-6 stage="restore_slot"
2026-09-10T20:56:32.605085Z DEBUG transparent_shard_server::memory: cold build admission wait seconds=8.3148e-5 admitted=true
2026-09-10T20:56:32.605152Z DEBUG transparent_shard_server::runtime: runtime stage key=("95df7205357fe2d9c962d2b41daded841e05afa7b6fc8d06dfec46ad04e15335", Directory, 0) seconds=4.4093e-5 hit=false stage="disk_restore"
2026-09-10T20:56:32.617000Z DEBUG transparent_shard_server::runtime: construction stage geometry="recent-8k" table="pages" seconds=2.267714015 stage="pack_preprocessing"
2026-09-10T20:56:32.617302Z DEBUG transparent_shard_server::runtime: construction stage geometry="recent-8k" table="pages" seconds=0.000268316 stage="publish_parameters"
2026-09-10T20:56:32.618070Z DEBUG transparent_shard_server::runtime: runtime stage key=("1f5d7213a380745d83cc554ad16bdf9e039a0304d0de0b71376828e1838d0ea4", Pages, 0) seconds=3.837826516 stage="runtime_build"
2026-09-10T20:56:32.618109Z DEBUG transparent_shard_server::runtime: runtime stage key=("ca7afe810c988a8b4b561668f3456a9f38d1fdbb0776614e07ddfeb1a2132000", Pages, 0) seconds=3.970900101 stage="build_slot"
2026-09-10T20:56:32.618213Z DEBUG transparent_shard_server::memory: cold build admission wait seconds=9.9768e-5 admitted=true
2026-09-10T20:56:32.618280Z DEBUG transparent_shard_server::runtime: runtime stage key=("95df7205357fe2d9c962d2b41daded841e05afa7b6fc8d06dfec46ad04e15335", Pages, 0) seconds=4.53e-7 stage="restore_slot"
2026-09-10T20:56:32.618361Z DEBUG transparent_shard_server::runtime: runtime stage key=("95df7205357fe2d9c962d2b41daded841e05afa7b6fc8d06dfec46ad04e15335", Pages, 0) seconds=3.969e-5 hit=false stage="disk_restore"
2026-09-10T20:56:32.750823Z DEBUG transparent_shard_server::runtime: runtime stage key=("ca7afe810c988a8b4b561668f3456a9f38d1fdbb0776614e07ddfeb1a2132000", Directory, 0) seconds=0.145643535 stage="source_load"
2026-09-10T20:56:32.763042Z DEBUG transparent_shard_server::runtime: runtime stage key=("ca7afe810c988a8b4b561668f3456a9f38d1fdbb0776614e07ddfeb1a2132000", Pages, 0) seconds=0.144794658 stage="source_load"
2026-09-10T20:56:33.056239Z DEBUG transparent_shard_server::runtime: construction stage geometry="recent-8k" table="directory" seconds=0.305378976 stage="encode_database"
2026-09-10T20:56:33.056339Z DEBUG transparent_shard_server::runtime: construction stage geometry="recent-8k" table="directory" seconds=6.0986e-5 stage="public_setup"
2026-09-10T20:56:33.076412Z DEBUG transparent_shard_server::runtime: construction stage geometry="recent-8k" table="pages" seconds=0.313332825 stage="encode_database"
2026-09-10T20:56:33.076643Z DEBUG transparent_shard_server::runtime: construction stage geometry="recent-8k" table="pages" seconds=0.000121938 stage="public_setup"
2026-09-10T20:56:33.511220Z DEBUG transparent_shard_server::runtime: runtime stage key=("5b7ee9849d47f5ee67d04eb6ca4588beacf42dce75e5a1b481dfd02607b1fb20", Pages, 0) seconds=0.906241726 stage="disk_save"
2026-09-10T20:56:34.330223Z DEBUG transparent_shard_server::runtime: construction stage geometry="recent-8k" table="pages" seconds=1.253568402 stage="hint_columns"
2026-09-10T20:56:34.345236Z DEBUG transparent_shard_server::runtime: construction stage geometry="recent-8k" table="directory" seconds=1.2888912829999999 stage="hint_columns"
2026-09-10T20:56:34.645403Z DEBUG transparent_shard_server::runtime: runtime stage key=("1f5d7213a380745d83cc554ad16bdf9e039a0304d0de0b71376828e1838d0ea4", Pages, 0) seconds=2.027148261 stage="disk_save"
2026-09-10T20:56:36.601687Z DEBUG transparent_shard_server::runtime: construction stage geometry="recent-8k" table="pages" seconds=2.271422512 stage="pack_preprocessing"
2026-09-10T20:56:36.602012Z DEBUG transparent_shard_server::runtime: construction stage geometry="recent-8k" table="pages" seconds=0.000279886 stage="publish_parameters"
2026-09-10T20:56:36.602585Z DEBUG transparent_shard_server::runtime: runtime stage key=("ca7afe810c988a8b4b561668f3456a9f38d1fdbb0776614e07ddfeb1a2132000", Pages, 0) seconds=3.839509515 stage="runtime_build"
2026-09-10T20:56:36.603198Z DEBUG transparent_shard_server::runtime: runtime stage key=("95df7205357fe2d9c962d2b41daded841e05afa7b6fc8d06dfec46ad04e15335", Directory, 0) seconds=3.998006148 stage="build_slot"
2026-09-10T20:56:36.603279Z DEBUG transparent_shard_server::memory: cold build admission wait seconds=7.0985e-5 admitted=true
2026-09-10T20:56:36.603304Z DEBUG transparent_shard_server::runtime: runtime stage key=("73d46a59d0d03d7616f9a47e53b50448d4c5a3504e6e296600d8884c8c4403b8", Directory, 0) seconds=4.76e-7 stage="restore_slot"
2026-09-10T20:56:36.603377Z DEBUG transparent_shard_server::runtime: runtime stage key=("73d46a59d0d03d7616f9a47e53b50448d4c5a3504e6e296600d8884c8c4403b8", Directory, 0) seconds=2.8214e-5 hit=false stage="disk_restore"
2026-09-10T20:56:36.615787Z DEBUG transparent_shard_server::runtime: construction stage geometry="recent-8k" table="directory" seconds=2.270514524 stage="pack_preprocessing"
2026-09-10T20:56:36.616050Z DEBUG transparent_shard_server::runtime: construction stage geometry="recent-8k" table="directory" seconds=0.000233637 stage="publish_parameters"
2026-09-10T20:56:36.616882Z DEBUG transparent_shard_server::runtime: runtime stage key=("ca7afe810c988a8b4b561668f3456a9f38d1fdbb0776614e07ddfeb1a2132000", Directory, 0) seconds=3.866023722 stage="runtime_build"
2026-09-10T20:56:36.616951Z DEBUG transparent_shard_server::runtime: runtime stage key=("73d46a59d0d03d7616f9a47e53b50448d4c5a3504e6e296600d8884c8c4403b8", Pages, 0) seconds=7.47e-7 stage="restore_slot"
2026-09-10T20:56:36.617031Z DEBUG transparent_shard_server::runtime: runtime stage key=("95df7205357fe2d9c962d2b41daded841e05afa7b6fc8d06dfec46ad04e15335", Pages, 0) seconds=3.9986245719999998 stage="build_slot"
2026-09-10T20:56:36.617069Z DEBUG transparent_shard_server::memory: cold build admission wait seconds=3.1758e-5 admitted=true
2026-09-10T20:56:36.617075Z DEBUG transparent_shard_server::runtime: runtime stage key=("73d46a59d0d03d7616f9a47e53b50448d4c5a3504e6e296600d8884c8c4403b8", Pages, 0) seconds=3.6439e-5 hit=false stage="disk_restore"
2026-09-10T20:56:36.737720Z DEBUG transparent_shard_server::runtime: runtime stage key=("95df7205357fe2d9c962d2b41daded841e05afa7b6fc8d06dfec46ad04e15335", Directory, 0) seconds=0.134407642 stage="source_load"
2026-09-10T20:56:36.751476Z DEBUG transparent_shard_server::runtime: runtime stage key=("95df7205357fe2d9c962d2b41daded841e05afa7b6fc8d06dfec46ad04e15335", Pages, 0) seconds=0.134392619 stage="source_load"
2026-09-10T20:56:37.027537Z DEBUG transparent_shard_server::runtime: construction stage geometry="recent-8k" table="directory" seconds=0.289781073 stage="encode_database"
2026-09-10T20:56:37.027638Z DEBUG transparent_shard_server::runtime: construction stage geometry="recent-8k" table="directory" seconds=6.6116e-5 stage="public_setup"
2026-09-10T20:56:37.039966Z DEBUG transparent_shard_server::runtime: construction stage geometry="recent-8k" table="pages" seconds=0.288458616 stage="encode_database"
2026-09-10T20:56:37.040066Z DEBUG transparent_shard_server::runtime: construction stage geometry="recent-8k" table="pages" seconds=6.8672e-5 stage="public_setup"
2026-09-10T20:56:37.343536Z DEBUG transparent_shard_server::runtime: runtime stage key=("ca7afe810c988a8b4b561668f3456a9f38d1fdbb0776614e07ddfeb1a2132000", Pages, 0) seconds=0.740882127 stage="disk_save"
2026-09-10T20:56:38.338642Z DEBUG transparent_shard_server::runtime: construction stage geometry="recent-8k" table="pages" seconds=1.2985556950000001 stage="hint_columns"
2026-09-10T20:56:38.341273Z DEBUG transparent_shard_server::runtime: construction stage geometry="recent-8k" table="directory" seconds=1.313628848 stage="hint_columns"
2026-09-10T20:56:38.543715Z DEBUG transparent_shard_server::runtime: runtime stage key=("ca7afe810c988a8b4b561668f3456a9f38d1fdbb0776614e07ddfeb1a2132000", Directory, 0) seconds=1.926780551 stage="disk_save"
2026-09-10T20:56:40.450691Z DEBUG transparent_shard_server::runtime: construction stage geometry="recent-8k" table="directory" seconds=2.109384824 stage="pack_preprocessing"
2026-09-10T20:56:40.450973Z DEBUG transparent_shard_server::runtime: construction stage geometry="recent-8k" table="directory" seconds=0.000240318 stage="publish_parameters"
2026-09-10T20:56:40.454795Z DEBUG transparent_shard_server::runtime: runtime stage key=("95df7205357fe2d9c962d2b41daded841e05afa7b6fc8d06dfec46ad04e15335", Directory, 0) seconds=3.7170387480000002 stage="runtime_build"
2026-09-10T20:56:40.457194Z DEBUG transparent_shard_server::runtime: runtime stage key=("73d46a59d0d03d7616f9a47e53b50448d4c5a3504e6e296600d8884c8c4403b8", Directory, 0) seconds=3.85376856 stage="build_slot"
2026-09-10T20:56:40.457305Z DEBUG transparent_shard_server::memory: cold build admission wait seconds=8.2142e-5 admitted=true
2026-09-10T20:56:40.457329Z DEBUG transparent_shard_server::runtime: runtime stage key=("b16be2933ab920bc4745ea8917e5167a7a685c211e0b4febe88b4d3018f970bc", Directory, 0) seconds=6.18e-7 stage="restore_slot"
2026-09-10T20:56:40.457427Z DEBUG transparent_shard_server::runtime: runtime stage key=("b16be2933ab920bc4745ea8917e5167a7a685c211e0b4febe88b4d3018f970bc", Directory, 0) seconds=3.0927e-5 hit=false stage="disk_restore"
2026-09-10T20:56:40.665224Z DEBUG transparent_shard_server::runtime: runtime stage key=("73d46a59d0d03d7616f9a47e53b50448d4c5a3504e6e296600d8884c8c4403b8", Directory, 0) seconds=0.207890962 stage="source_load"
2026-09-10T20:56:40.954866Z DEBUG transparent_shard_server::runtime: construction stage geometry="recent-8k" table="directory" seconds=0.289606608 stage="encode_database"
2026-09-10T20:56:40.954973Z DEBUG transparent_shard_server::runtime: construction stage geometry="recent-8k" table="directory" seconds=6.9103e-5 stage="public_setup"
2026-09-10T20:56:41.178254Z DEBUG transparent_shard_server::runtime: runtime stage key=("95df7205357fe2d9c962d2b41daded841e05afa7b6fc8d06dfec46ad04e15335", Directory, 0) seconds=0.723382436 stage="disk_save"
2026-09-10T20:56:41.828419Z DEBUG transparent_shard_server::runtime: construction stage geometry="recent-8k" table="directory" seconds=0.873439042 stage="hint_columns"
2026-09-10T20:56:41.830972Z DEBUG transparent_shard_server::runtime: construction stage geometry="recent-8k" table="pages" seconds=3.492290134 stage="pack_preprocessing"
2026-09-10T20:56:41.831286Z DEBUG transparent_shard_server::runtime: construction stage geometry="recent-8k" table="pages" seconds=0.000283668 stage="publish_parameters"
2026-09-10T20:56:41.831850Z DEBUG transparent_shard_server::runtime: runtime stage key=("95df7205357fe2d9c962d2b41daded841e05afa7b6fc8d06dfec46ad04e15335", Pages, 0) seconds=5.080344439 stage="runtime_build"
2026-09-10T20:56:41.831899Z DEBUG transparent_shard_server::runtime: runtime stage key=("73d46a59d0d03d7616f9a47e53b50448d4c5a3504e6e296600d8884c8c4403b8", Pages, 0) seconds=5.214223615 stage="build_slot"
2026-09-10T20:56:41.831935Z DEBUG transparent_shard_server::runtime: runtime stage key=("b16be2933ab920bc4745ea8917e5167a7a685c211e0b4febe88b4d3018f970bc", Pages, 0) seconds=1.682e-6 stage="restore_slot"
2026-09-10T20:56:41.831989Z DEBUG transparent_shard_server::memory: cold build admission wait seconds=8.4752e-5 admitted=true
2026-09-10T20:56:41.835360Z DEBUG transparent_shard_server::runtime: runtime stage key=("b16be2933ab920bc4745ea8917e5167a7a685c211e0b4febe88b4d3018f970bc", Pages, 0) seconds=2.7765e-5 hit=false stage="disk_restore"
2026-09-10T20:56:42.004385Z DEBUG transparent_shard_server::runtime: runtime stage key=("73d46a59d0d03d7616f9a47e53b50448d4c5a3504e6e296600d8884c8c4403b8", Pages, 0) seconds=0.1692059 stage="source_load"
2026-09-10T20:56:42.306330Z DEBUG transparent_shard_server::runtime: construction stage geometry="recent-8k" table="pages" seconds=0.301905642 stage="encode_database"
2026-09-10T20:56:42.306430Z DEBUG transparent_shard_server::runtime: construction stage geometry="recent-8k" table="pages" seconds=6.9469e-5 stage="public_setup"
2026-09-10T20:56:42.721039Z DEBUG transparent_shard_server::runtime: runtime stage key=("95df7205357fe2d9c962d2b41daded841e05afa7b6fc8d06dfec46ad04e15335", Pages, 0) seconds=0.889118561 stage="disk_save"
2026-09-10T20:56:43.105041Z DEBUG transparent_shard_server::runtime: construction stage geometry="recent-8k" table="pages" seconds=0.798603478 stage="hint_columns"
2026-09-10T20:56:44.320016Z DEBUG transparent_shard_server::runtime: construction stage geometry="recent-8k" table="directory" seconds=2.491553502 stage="pack_preprocessing"
2026-09-10T20:56:44.320320Z DEBUG transparent_shard_server::runtime: construction stage geometry="recent-8k" table="directory" seconds=0.0002633 stage="publish_parameters"
2026-09-10T20:56:44.321028Z DEBUG transparent_shard_server::runtime: runtime stage key=("73d46a59d0d03d7616f9a47e53b50448d4c5a3504e6e296600d8884c8c4403b8", Directory, 0) seconds=3.655770416 stage="runtime_build"
2026-09-10T20:56:44.321097Z DEBUG transparent_shard_server::runtime: runtime stage key=("b16be2933ab920bc4745ea8917e5167a7a685c211e0b4febe88b4d3018f970bc", Directory, 0) seconds=3.8628890670000002 stage="build_slot"
2026-09-10T20:56:44.321207Z DEBUG transparent_shard_server::memory: cold build admission wait seconds=8.8005e-5 admitted=true
2026-09-10T20:56:44.321238Z DEBUG transparent_shard_server::runtime: runtime stage key=("16b8227360ce35dd2e111156f5e31fd5eb500ff877879a212fef6cf8471de8a5", Directory, 0) seconds=5.5e-7 stage="restore_slot"
2026-09-10T20:56:44.321304Z DEBUG transparent_shard_server::runtime: runtime stage key=("16b8227360ce35dd2e111156f5e31fd5eb500ff877879a212fef6cf8471de8a5", Directory, 0) seconds=2.2991e-5 hit=false stage="disk_restore"
2026-09-10T20:56:44.473613Z DEBUG transparent_shard_server::runtime: runtime stage key=("b16be2933ab920bc4745ea8917e5167a7a685c211e0b4febe88b4d3018f970bc", Directory, 0) seconds=0.15237555 stage="source_load"
2026-09-10T20:56:44.776290Z DEBUG transparent_shard_server::runtime: construction stage geometry="recent-8k" table="directory" seconds=0.302644548 stage="encode_database"
2026-09-10T20:56:44.776392Z DEBUG transparent_shard_server::runtime: construction stage geometry="recent-8k" table="directory" seconds=6.6425e-5 stage="public_setup"
2026-09-10T20:56:45.345196Z DEBUG transparent_shard_server::runtime: runtime stage key=("73d46a59d0d03d7616f9a47e53b50448d4c5a3504e6e296600d8884c8c4403b8", Directory, 0) seconds=1.024113431 stage="disk_save"
2026-09-10T20:56:45.711034Z DEBUG transparent_shard_server::runtime: construction stage geometry="recent-8k" table="pages" seconds=2.605945522 stage="pack_preprocessing"
2026-09-10T20:56:45.711325Z DEBUG transparent_shard_server::runtime: construction stage geometry="recent-8k" table="pages" seconds=0.000249417 stage="publish_parameters"
2026-09-10T20:56:45.711919Z DEBUG transparent_shard_server::runtime: runtime stage key=("73d46a59d0d03d7616f9a47e53b50448d4c5a3504e6e296600d8884c8c4403b8", Pages, 0) seconds=3.707497638 stage="runtime_build"
2026-09-10T20:56:45.711975Z DEBUG transparent_shard_server::runtime: construction stage geometry="recent-8k" table="directory" seconds=0.935579048 stage="hint_columns"
2026-09-10T20:56:45.711967Z DEBUG transparent_shard_server::runtime: runtime stage key=("b16be2933ab920bc4745ea8917e5167a7a685c211e0b4febe88b4d3018f970bc", Pages, 0) seconds=3.8765751699999997 stage="build_slot"
2026-09-10T20:56:45.711993Z DEBUG transparent_shard_server::runtime: runtime stage key=("16b8227360ce35dd2e111156f5e31fd5eb500ff877879a212fef6cf8471de8a5", Pages, 0) seconds=1.119e-6 stage="restore_slot"
2026-09-10T20:56:45.712093Z DEBUG transparent_shard_server::memory: cold build admission wait seconds=8.0307e-5 admitted=true
2026-09-10T20:56:45.712203Z DEBUG transparent_shard_server::runtime: runtime stage key=("16b8227360ce35dd2e111156f5e31fd5eb500ff877879a212fef6cf8471de8a5", Pages, 0) seconds=0.000100334 hit=false stage="disk_restore"
2026-09-10T20:56:45.852902Z DEBUG transparent_shard_server::runtime: runtime stage key=("b16be2933ab920bc4745ea8917e5167a7a685c211e0b4febe88b4d3018f970bc", Pages, 0) seconds=0.140779199 stage="source_load"
2026-09-10T20:56:46.142752Z DEBUG transparent_shard_server::runtime: construction stage geometry="recent-8k" table="pages" seconds=0.289814557 stage="encode_database"
2026-09-10T20:56:46.142849Z DEBUG transparent_shard_server::runtime: construction stage geometry="recent-8k" table="pages" seconds=6.8358e-5 stage="public_setup"
2026-09-10T20:56:46.601958Z DEBUG transparent_shard_server::runtime: runtime stage key=("73d46a59d0d03d7616f9a47e53b50448d4c5a3504e6e296600d8884c8c4403b8", Pages, 0) seconds=0.889990661 stage="disk_save"
2026-09-10T20:56:46.948573Z DEBUG transparent_shard_server::runtime: construction stage geometry="recent-8k" table="pages" seconds=0.805717349 stage="hint_columns"
2026-09-10T20:56:48.134029Z DEBUG transparent_shard_server::runtime: construction stage geometry="recent-8k" table="directory" seconds=2.422045156 stage="pack_preprocessing"
2026-09-10T20:56:48.134336Z DEBUG transparent_shard_server::runtime: construction stage geometry="recent-8k" table="directory" seconds=0.000266724 stage="publish_parameters"
2026-09-10T20:56:48.135091Z DEBUG transparent_shard_server::runtime: runtime stage key=("b16be2933ab920bc4745ea8917e5167a7a685c211e0b4febe88b4d3018f970bc", Directory, 0) seconds=3.661446806 stage="runtime_build"
2026-09-10T20:56:48.135150Z DEBUG transparent_shard_server::runtime: runtime stage key=("16b8227360ce35dd2e111156f5e31fd5eb500ff877879a212fef6cf8471de8a5", Directory, 0) seconds=3.810965913 stage="build_slot"
2026-09-10T20:56:48.135304Z DEBUG transparent_shard_server::memory: cold build admission wait seconds=0.000115293 admitted=true
2026-09-10T20:56:48.135347Z DEBUG transparent_shard_server::runtime: runtime stage key=("1cd27964911287b2a127c1f8df5e6b0c19f5b4db309391c5adb2db3072bfec6e", Directory, 0) seconds=1.3e-6 stage="restore_slot"
2026-09-10T20:56:48.135440Z DEBUG transparent_shard_server::runtime: runtime stage key=("1cd27964911287b2a127c1f8df5e6b0c19f5b4db309391c5adb2db3072bfec6e", Directory, 0) seconds=2.8424e-5 hit=false stage="disk_restore"
2026-09-10T20:56:48.329261Z DEBUG transparent_shard_server::runtime: runtime stage key=("16b8227360ce35dd2e111156f5e31fd5eb500ff877879a212fef6cf8471de8a5", Directory, 0) seconds=0.193929162 stage="source_load"
2026-09-10T20:56:48.624222Z DEBUG transparent_shard_server::runtime: construction stage geometry="recent-8k" table="directory" seconds=0.294924251 stage="encode_database"
2026-09-10T20:56:48.624322Z DEBUG transparent_shard_server::runtime: construction stage geometry="recent-8k" table="directory" seconds=6.6645e-5 stage="public_setup"
2026-09-10T20:56:48.907776Z DEBUG transparent_shard_server::runtime: runtime stage key=("b16be2933ab920bc4745ea8917e5167a7a685c211e0b4febe88b4d3018f970bc", Directory, 0) seconds=0.772497866 stage="disk_save"
2026-09-10T20:56:49.529581Z DEBUG transparent_shard_server::runtime: construction stage geometry="recent-8k" table="pages" seconds=2.580962844 stage="pack_preprocessing"
2026-09-10T20:56:49.529879Z DEBUG transparent_shard_server::runtime: construction stage geometry="recent-8k" table="pages" seconds=0.000252622 stage="publish_parameters"
2026-09-10T20:56:49.530247Z DEBUG transparent_shard_server::runtime: construction stage geometry="recent-8k" table="directory" seconds=0.905918321 stage="hint_columns"
2026-09-10T20:56:49.530563Z DEBUG transparent_shard_server::runtime: runtime stage key=("b16be2933ab920bc4745ea8917e5167a7a685c211e0b4febe88b4d3018f970bc", Pages, 0) seconds=3.677627241 stage="runtime_build"
2026-09-10T20:56:49.530617Z DEBUG transparent_shard_server::runtime: runtime stage key=("16b8227360ce35dd2e111156f5e31fd5eb500ff877879a212fef6cf8471de8a5", Pages, 0) seconds=3.818378186 stage="build_slot"
2026-09-10T20:56:49.530651Z DEBUG transparent_shard_server::runtime: runtime stage key=("1cd27964911287b2a127c1f8df5e6b0c19f5b4db309391c5adb2db3072bfec6e", Pages, 0) seconds=1.19e-6 stage="restore_slot"
2026-09-10T20:56:49.530727Z DEBUG transparent_shard_server::memory: cold build admission wait seconds=8.3247e-5 admitted=true
2026-09-10T20:56:49.534213Z DEBUG transparent_shard_server::runtime: runtime stage key=("1cd27964911287b2a127c1f8df5e6b0c19f5b4db309391c5adb2db3072bfec6e", Pages, 0) seconds=3.8937e-5 hit=false stage="disk_restore"
2026-09-10T20:56:49.701448Z DEBUG transparent_shard_server::runtime: runtime stage key=("16b8227360ce35dd2e111156f5e31fd5eb500ff877879a212fef6cf8471de8a5", Pages, 0) seconds=0.16719809 stage="source_load"
2026-09-10T20:56:49.991339Z DEBUG transparent_shard_server::runtime: construction stage geometry="recent-8k" table="pages" seconds=0.289853551 stage="encode_database"
2026-09-10T20:56:49.991441Z DEBUG transparent_shard_server::runtime: construction stage geometry="recent-8k" table="pages" seconds=6.9094e-5 stage="public_setup"
2026-09-10T20:56:50.463765Z DEBUG transparent_shard_server::runtime: runtime stage key=("b16be2933ab920bc4745ea8917e5167a7a685c211e0b4febe88b4d3018f970bc", Pages, 0) seconds=0.933155145 stage="disk_save"
2026-09-10T20:56:50.786214Z DEBUG transparent_shard_server::runtime: construction stage geometry="recent-8k" table="pages" seconds=0.794765885 stage="hint_columns"
2026-09-10T20:56:51.986959Z DEBUG transparent_shard_server::runtime: construction stage geometry="recent-8k" table="directory" seconds=2.456663897 stage="pack_preprocessing"
2026-09-10T20:56:51.987266Z DEBUG transparent_shard_server::runtime: construction stage geometry="recent-8k" table="directory" seconds=0.000261958 stage="publish_parameters"
2026-09-10T20:56:51.987956Z DEBUG transparent_shard_server::runtime: runtime stage key=("16b8227360ce35dd2e111156f5e31fd5eb500ff877879a212fef6cf8471de8a5", Directory, 0) seconds=3.65865944 stage="runtime_build"
2026-09-10T20:56:51.988021Z DEBUG transparent_shard_server::runtime: runtime stage key=("1cd27964911287b2a127c1f8df5e6b0c19f5b4db309391c5adb2db3072bfec6e", Directory, 0) seconds=3.852536929 stage="build_slot"
2026-09-10T20:56:51.988141Z DEBUG transparent_shard_server::memory: cold build admission wait seconds=9.6559e-5 admitted=true
2026-09-10T20:56:51.991229Z DEBUG transparent_shard_server::runtime: runtime stage key=("27f56c565263ecffb8c7736d4e811665d81bf4ed71c7978431fcc4f45b645ee1", Directory, 0) seconds=1.309e-6 stage="restore_slot"
2026-09-10T20:56:51.991415Z DEBUG transparent_shard_server::runtime: runtime stage key=("27f56c565263ecffb8c7736d4e811665d81bf4ed71c7978431fcc4f45b645ee1", Directory, 0) seconds=4.7882e-5 hit=false stage="disk_restore"
2026-09-10T20:56:52.176536Z DEBUG transparent_shard_server::runtime: runtime stage key=("1cd27964911287b2a127c1f8df5e6b0c19f5b4db309391c5adb2db3072bfec6e", Directory, 0) seconds=0.18837413 stage="source_load"
2026-09-10T20:56:52.467846Z DEBUG transparent_shard_server::runtime: construction stage geometry="recent-8k" table="directory" seconds=0.291269009 stage="encode_database"
2026-09-10T20:56:52.467950Z DEBUG transparent_shard_server::runtime: construction stage geometry="recent-8k" table="directory" seconds=7.1765e-5 stage="public_setup"
2026-09-10T20:56:52.753246Z DEBUG transparent_shard_server::runtime: runtime stage key=("16b8227360ce35dd2e111156f5e31fd5eb500ff877879a212fef6cf8471de8a5", Directory, 0) seconds=0.765245991 stage="disk_save"
2026-09-10T20:56:53.338387Z DEBUG transparent_shard_server::runtime: construction stage geometry="recent-8k" table="directory" seconds=0.870429616 stage="hint_columns"
2026-09-10T20:56:53.340849Z DEBUG transparent_shard_server::runtime: construction stage geometry="recent-8k" table="pages" seconds=2.554588374 stage="pack_preprocessing"
2026-09-10T20:56:53.341131Z DEBUG transparent_shard_server::runtime: construction stage geometry="recent-8k" table="pages" seconds=0.000250068 stage="publish_parameters"
2026-09-10T20:56:53.341801Z DEBUG transparent_shard_server::runtime: runtime stage key=("16b8227360ce35dd2e111156f5e31fd5eb500ff877879a212fef6cf8471de8a5", Pages, 0) seconds=3.640317733 stage="runtime_build"
2026-09-10T20:56:53.342066Z DEBUG transparent_shard_server::runtime: runtime stage key=("1cd27964911287b2a127c1f8df5e6b0c19f5b4db309391c5adb2db3072bfec6e", Pages, 0) seconds=3.807643857 stage="build_slot"
2026-09-10T20:56:53.342187Z DEBUG transparent_shard_server::memory: cold build admission wait seconds=0.000103821 admitted=true
2026-09-10T20:56:53.345240Z DEBUG transparent_shard_server::runtime: runtime stage key=("27f56c565263ecffb8c7736d4e811665d81bf4ed71c7978431fcc4f45b645ee1", Pages, 0) seconds=1.371e-6 stage="restore_slot"
2026-09-10T20:56:53.345390Z DEBUG transparent_shard_server::runtime: runtime stage key=("27f56c565263ecffb8c7736d4e811665d81bf4ed71c7978431fcc4f45b645ee1", Pages, 0) seconds=4.0696e-5 hit=false stage="disk_restore"
2026-09-10T20:56:53.476479Z DEBUG transparent_shard_server::runtime: runtime stage key=("1cd27964911287b2a127c1f8df5e6b0c19f5b4db309391c5adb2db3072bfec6e", Pages, 0) seconds=0.134271964 stage="source_load"
2026-09-10T20:56:53.766916Z DEBUG transparent_shard_server::runtime: construction stage geometry="recent-8k" table="pages" seconds=0.290402375 stage="encode_database"
2026-09-10T20:56:53.767018Z DEBUG transparent_shard_server::runtime: construction stage geometry="recent-8k" table="pages" seconds=7.0647e-5 stage="public_setup"
2026-09-10T20:56:54.073445Z DEBUG transparent_shard_server::runtime: runtime stage key=("16b8227360ce35dd2e111156f5e31fd5eb500ff877879a212fef6cf8471de8a5", Pages, 0) seconds=0.731598211 stage="disk_save"
2026-09-10T20:56:54.580193Z DEBUG transparent_shard_server::runtime: construction stage geometry="recent-8k" table="pages" seconds=0.813169027 stage="hint_columns"
2026-09-10T20:56:55.784704Z DEBUG transparent_shard_server::runtime: construction stage geometry="recent-8k" table="directory" seconds=2.44625379 stage="pack_preprocessing"
2026-09-10T20:56:55.784996Z DEBUG transparent_shard_server::runtime: construction stage geometry="recent-8k" table="directory" seconds=0.000248025 stage="publish_parameters"
2026-09-10T20:56:55.788789Z DEBUG transparent_shard_server::runtime: runtime stage key=("1cd27964911287b2a127c1f8df5e6b0c19f5b4db309391c5adb2db3072bfec6e", Directory, 0) seconds=3.612213221 stage="runtime_build"
2026-09-10T20:56:55.788864Z DEBUG transparent_shard_server::runtime: runtime stage key=("27f56c565263ecffb8c7736d4e811665d81bf4ed71c7978431fcc4f45b645ee1", Directory, 0) seconds=3.796271945 stage="build_slot"
2026-09-10T20:56:55.788884Z DEBUG transparent_shard_server::runtime: runtime stage key=("ced665ae1f1140944bcd0c9aa2b83c1019df768df87fa513f9509106fc5b88c1", Directory, 0) seconds=1.399e-6 stage="restore_slot"
2026-09-10T20:56:55.788970Z DEBUG transparent_shard_server::memory: cold build admission wait seconds=8.1778e-5 admitted=true
2026-09-10T20:56:55.789034Z DEBUG transparent_shard_server::runtime: runtime stage key=("ced665ae1f1140944bcd0c9aa2b83c1019df768df87fa513f9509106fc5b88c1", Directory, 0) seconds=4.9092e-5 hit=false stage="disk_restore"
2026-09-10T20:56:56.000071Z DEBUG transparent_shard_server::runtime: runtime stage key=("27f56c565263ecffb8c7736d4e811665d81bf4ed71c7978431fcc4f45b645ee1", Directory, 0) seconds=0.208882799 stage="source_load"
2026-09-10T20:56:56.302015Z DEBUG transparent_shard_server::runtime: construction stage geometry="recent-8k" table="directory" seconds=0.301905621 stage="encode_database"
2026-09-10T20:56:56.302141Z DEBUG transparent_shard_server::runtime: construction stage geometry="recent-8k" table="directory" seconds=8.9569e-5 stage="public_setup"
2026-09-10T20:56:56.602636Z DEBUG transparent_shard_server::runtime: runtime stage key=("1cd27964911287b2a127c1f8df5e6b0c19f5b4db309391c5adb2db3072bfec6e", Directory, 0) seconds=0.813776858 stage="disk_save"
2026-09-10T20:56:57.142807Z DEBUG transparent_shard_server::runtime: construction stage geometry="recent-8k" table="directory" seconds=0.840648899 stage="hint_columns"
2026-09-10T20:56:57.145254Z DEBUG transparent_shard_server::runtime: construction stage geometry="recent-8k" table="pages" seconds=2.565019433 stage="pack_preprocessing"
2026-09-10T20:56:57.145536Z DEBUG transparent_shard_server::runtime: construction stage geometry="recent-8k" table="pages" seconds=0.000249787 stage="publish_parameters"
2026-09-10T20:56:57.146250Z DEBUG transparent_shard_server::runtime: runtime stage key=("1cd27964911287b2a127c1f8df5e6b0c19f5b4db309391c5adb2db3072bfec6e", Pages, 0) seconds=3.669738581 stage="runtime_build"
2026-09-10T20:56:57.146295Z DEBUG transparent_shard_server::runtime: runtime stage key=("27f56c565263ecffb8c7736d4e811665d81bf4ed71c7978431fcc4f45b645ee1", Pages, 0) seconds=3.7980911539999997 stage="build_slot"
2026-09-10T20:56:57.146382Z DEBUG transparent_shard_server::memory: cold build admission wait seconds=8.0705e-5 admitted=true
2026-09-10T20:56:57.146408Z DEBUG transparent_shard_server::runtime: runtime stage key=("ced665ae1f1140944bcd0c9aa2b83c1019df768df87fa513f9509106fc5b88c1", Pages, 0) seconds=4.42e-7 stage="restore_slot"
2026-09-10T20:56:57.149223Z DEBUG transparent_shard_server::runtime: runtime stage key=("ced665ae1f1140944bcd0c9aa2b83c1019df768df87fa513f9509106fc5b88c1", Pages, 0) seconds=3.16e-5 hit=false stage="disk_restore"
2026-09-10T20:56:57.283619Z DEBUG transparent_shard_server::runtime: runtime stage key=("27f56c565263ecffb8c7736d4e811665d81bf4ed71c7978431fcc4f45b645ee1", Pages, 0) seconds=0.134346437 stage="source_load"
2026-09-10T20:56:57.573438Z DEBUG transparent_shard_server::runtime: construction stage geometry="recent-8k" table="pages" seconds=0.289774309 stage="encode_database"
2026-09-10T20:56:57.573542Z DEBUG transparent_shard_server::runtime: construction stage geometry="recent-8k" table="pages" seconds=7.2476e-5 stage="public_setup"
2026-09-10T20:56:58.068229Z DEBUG transparent_shard_server::runtime: runtime stage key=("1cd27964911287b2a127c1f8df5e6b0c19f5b4db309391c5adb2db3072bfec6e", Pages, 0) seconds=0.919048546 stage="disk_save"
2026-09-10T20:56:58.389193Z DEBUG transparent_shard_server::runtime: construction stage geometry="recent-8k" table="pages" seconds=0.815642384 stage="hint_columns"
2026-09-10T20:56:59.545482Z DEBUG transparent_shard_server::runtime: construction stage geometry="recent-8k" table="directory" seconds=2.402631123 stage="pack_preprocessing"
2026-09-10T20:56:59.545773Z DEBUG transparent_shard_server::runtime: construction stage geometry="recent-8k" table="directory" seconds=0.000250199 stage="publish_parameters"
2026-09-10T20:56:59.549519Z DEBUG transparent_shard_server::runtime: runtime stage key=("27f56c565263ecffb8c7736d4e811665d81bf4ed71c7978431fcc4f45b645ee1", Directory, 0) seconds=3.549410475 stage="runtime_build"
2026-09-10T20:56:59.552213Z DEBUG transparent_shard_server::runtime: runtime stage key=("ced665ae1f1140944bcd0c9aa2b83c1019df768df87fa513f9509106fc5b88c1", Directory, 0) seconds=3.763147774 stage="build_slot"
2026-09-10T20:56:59.552330Z DEBUG transparent_shard_server::memory: cold build admission wait seconds=7.9164e-5 admitted=true
2026-09-10T20:56:59.552358Z DEBUG transparent_shard_server::runtime: runtime stage key=("2d4497bf9e8bafc6139ee4e57114238a7ecfa0782702939922bf2a79b1fe05bf", Directory, 0) seconds=5.76e-7 stage="restore_slot"
2026-09-10T20:56:59.552431Z DEBUG transparent_shard_server::runtime: runtime stage key=("2d4497bf9e8bafc6139ee4e57114238a7ecfa0782702939922bf2a79b1fe05bf", Directory, 0) seconds=2.8055e-5 hit=false stage="disk_restore"
2026-09-10T20:56:59.753327Z DEBUG transparent_shard_server::runtime: runtime stage key=("ced665ae1f1140944bcd0c9aa2b83c1019df768df87fa513f9509106fc5b88c1", Directory, 0) seconds=0.200968181 stage="source_load"
2026-09-10T20:57:00.042163Z DEBUG transparent_shard_server::runtime: construction stage geometry="recent-8k" table="directory" seconds=0.288788541 stage="encode_database"
2026-09-10T20:57:00.042268Z DEBUG transparent_shard_server::runtime: construction stage geometry="recent-8k" table="directory" seconds=6.9511e-5 stage="public_setup"
2026-09-10T20:57:00.270092Z DEBUG transparent_shard_server::runtime: runtime stage key=("27f56c565263ecffb8c7736d4e811665d81bf4ed71c7978431fcc4f45b645ee1", Directory, 0) seconds=0.720493943 stage="disk_save"
2026-09-10T20:57:00.919564Z DEBUG transparent_shard_server::runtime: construction stage geometry="recent-8k" table="directory" seconds=0.877289064 stage="hint_columns"
2026-09-10T20:57:00.922090Z DEBUG transparent_shard_server::runtime: construction stage geometry="recent-8k" table="pages" seconds=2.532854198 stage="pack_preprocessing"
2026-09-10T20:57:00.922419Z DEBUG transparent_shard_server::runtime: construction stage geometry="recent-8k" table="pages" seconds=0.000295948 stage="publish_parameters"
2026-09-10T20:57:00.923123Z DEBUG transparent_shard_server::runtime: runtime stage key=("27f56c565263ecffb8c7736d4e811665d81bf4ed71c7978431fcc4f45b645ee1", Pages, 0) seconds=3.639461312 stage="runtime_build"
2026-09-10T20:57:00.923279Z DEBUG transparent_shard_server::runtime: runtime stage key=("2d4497bf9e8bafc6139ee4e57114238a7ecfa0782702939922bf2a79b1fe05bf", Pages, 0) seconds=1.389e-6 stage="restore_slot"
2026-09-10T20:57:00.923464Z DEBUG transparent_shard_server::runtime: runtime stage key=("2d4497bf9e8bafc6139ee4e57114238a7ecfa0782702939922bf2a79b1fe05bf", Pages, 0) seconds=2.7118e-5 hit=false stage="disk_restore"
2026-09-10T20:57:00.923489Z DEBUG transparent_shard_server::runtime: runtime stage key=("ced665ae1f1140944bcd0c9aa2b83c1019df768df87fa513f9509106fc5b88c1", Pages, 0) seconds=3.7742323559999997 stage="build_slot"
2026-09-10T20:57:00.923534Z DEBUG transparent_shard_server::memory: cold build admission wait seconds=4.028e-5 admitted=true
2026-09-10T20:57:01.057950Z DEBUG transparent_shard_server::runtime: runtime stage key=("ced665ae1f1140944bcd0c9aa2b83c1019df768df87fa513f9509106fc5b88c1", Pages, 0) seconds=0.134402335 stage="source_load"
2026-09-10T20:57:01.348982Z DEBUG transparent_shard_server::runtime: construction stage geometry="recent-8k" table="pages" seconds=0.291001391 stage="encode_database"
2026-09-10T20:57:01.349091Z DEBUG transparent_shard_server::runtime: construction stage geometry="recent-8k" table="pages" seconds=7.2696e-5 stage="public_setup"
2026-09-10T20:57:01.654893Z DEBUG transparent_shard_server::runtime: runtime stage key=("27f56c565263ecffb8c7736d4e811665d81bf4ed71c7978431fcc4f45b645ee1", Pages, 0) seconds=0.731713187 stage="disk_save"
2026-09-10T20:57:02.177432Z DEBUG transparent_shard_server::runtime: construction stage geometry="recent-8k" table="pages" seconds=0.828334352 stage="hint_columns"
2026-09-10T20:57:03.451671Z DEBUG transparent_shard_server::runtime: construction stage geometry="recent-8k" table="directory" seconds=2.532064007 stage="pack_preprocessing"
2026-09-10T20:57:03.451951Z DEBUG transparent_shard_server::runtime: construction stage geometry="recent-8k" table="directory" seconds=0.00023524 stage="publish_parameters"
2026-09-10T20:57:03.452695Z DEBUG transparent_shard_server::runtime: runtime stage key=("ced665ae1f1140944bcd0c9aa2b83c1019df768df87fa513f9509106fc5b88c1", Directory, 0) seconds=3.699322207 stage="runtime_build"
2026-09-10T20:57:03.452838Z DEBUG transparent_shard_server::runtime: runtime stage key=("2d4497bf9e8bafc6139ee4e57114238a7ecfa0782702939922bf2a79b1fe05bf", Directory, 0) seconds=3.900388385 stage="build_slot"
2026-09-10T20:57:03.452864Z DEBUG transparent_shard_server::runtime: runtime stage key=("a4bd72b37c0aafb265c77bb09cbc402cf69b65a87a1fabc8a0f12614b35469be", Directory, 0) seconds=1.353e-6 stage="restore_slot"
2026-09-10T20:57:03.452960Z DEBUG transparent_shard_server::memory: cold build admission wait seconds=8.2413e-5 admitted=true
2026-09-10T20:57:03.452996Z DEBUG transparent_shard_server::runtime: runtime stage key=("a4bd72b37c0aafb265c77bb09cbc402cf69b65a87a1fabc8a0f12614b35469be", Directory, 0) seconds=2.6477e-5 hit=false stage="disk_restore"
2026-09-10T20:57:03.590333Z DEBUG transparent_shard_server::runtime: runtime stage key=("2d4497bf9e8bafc6139ee4e57114238a7ecfa0782702939922bf2a79b1fe05bf", Directory, 0) seconds=0.137340525 stage="source_load"
2026-09-10T20:57:03.890420Z DEBUG transparent_shard_server::runtime: construction stage geometry="recent-8k" table="directory" seconds=0.30005226 stage="encode_database"
2026-09-10T20:57:03.890537Z DEBUG transparent_shard_server::runtime: construction stage geometry="recent-8k" table="directory" seconds=8.3754e-5 stage="public_setup"
2026-09-10T20:57:04.362413Z DEBUG transparent_shard_server::runtime: runtime stage key=("ced665ae1f1140944bcd0c9aa2b83c1019df768df87fa513f9509106fc5b88c1", Directory, 0) seconds=0.909623424 stage="disk_save"
2026-09-10T20:57:04.719414Z DEBUG transparent_shard_server::runtime: construction stage geometry="recent-8k" table="directory" seconds=0.828869259 stage="hint_columns"
2026-09-10T20:57:04.721884Z DEBUG transparent_shard_server::runtime: construction stage geometry="recent-8k" table="pages" seconds=2.544408814 stage="pack_preprocessing"
2026-09-10T20:57:04.722166Z DEBUG transparent_shard_server::runtime: construction stage geometry="recent-8k" table="pages" seconds=0.000236461 stage="publish_parameters"
2026-09-10T20:57:04.722856Z DEBUG transparent_shard_server::runtime: runtime stage key=("ced665ae1f1140944bcd0c9aa2b83c1019df768df87fa513f9509106fc5b88c1", Pages, 0) seconds=3.6648776979999997 stage="runtime_build"
2026-09-10T20:57:04.723016Z DEBUG transparent_shard_server::runtime: runtime stage key=("2d4497bf9e8bafc6139ee4e57114238a7ecfa0782702939922bf2a79b1fe05bf", Pages, 0) seconds=3.799529611 stage="build_slot"
2026-09-10T20:57:04.723108Z DEBUG transparent_shard_server::memory: cold build admission wait seconds=7.4889e-5 admitted=true
2026-09-10T20:57:04.723135Z DEBUG transparent_shard_server::runtime: runtime stage key=("a4bd72b37c0aafb265c77bb09cbc402cf69b65a87a1fabc8a0f12614b35469be", Pages, 0) seconds=6.23e-7 stage="restore_slot"
2026-09-10T20:57:04.723250Z DEBUG transparent_shard_server::runtime: runtime stage key=("a4bd72b37c0aafb265c77bb09cbc402cf69b65a87a1fabc8a0f12614b35469be", Pages, 0) seconds=3.717e-5 hit=false stage="disk_restore"
2026-09-10T20:57:04.858841Z DEBUG transparent_shard_server::runtime: runtime stage key=("2d4497bf9e8bafc6139ee4e57114238a7ecfa0782702939922bf2a79b1fe05bf", Pages, 0) seconds=0.135648909 stage="source_load"
2026-09-10T20:57:05.158084Z DEBUG transparent_shard_server::runtime: construction stage geometry="recent-8k" table="pages" seconds=0.29920714 stage="encode_database"
2026-09-10T20:57:05.158199Z DEBUG transparent_shard_server::runtime: construction stage geometry="recent-8k" table="pages" seconds=7.7688e-5 stage="public_setup"
2026-09-10T20:57:05.441229Z DEBUG transparent_shard_server::runtime: runtime stage key=("ced665ae1f1140944bcd0c9aa2b83c1019df768df87fa513f9509106fc5b88c1", Pages, 0) seconds=0.718323362 stage="disk_save"
2026-09-10T20:57:05.971211Z DEBUG transparent_shard_server::runtime: construction stage geometry="recent-8k" table="pages" seconds=0.813003099 stage="hint_columns"
2026-09-10T20:57:07.135540Z DEBUG transparent_shard_server::runtime: construction stage geometry="recent-8k" table="directory" seconds=2.416080485 stage="pack_preprocessing"
2026-09-10T20:57:07.135852Z DEBUG transparent_shard_server::runtime: construction stage geometry="recent-8k" table="directory" seconds=0.00027128 stage="publish_parameters"
2026-09-10T20:57:07.138600Z DEBUG transparent_shard_server::runtime: runtime stage key=("2d4497bf9e8bafc6139ee4e57114238a7ecfa0782702939922bf2a79b1fe05bf", Directory, 0) seconds=3.548233465 stage="runtime_build"
2026-09-10T20:57:07.140210Z DEBUG transparent_shard_server::runtime: runtime stage key=("a4bd72b37c0aafb265c77bb09cbc402cf69b65a87a1fabc8a0f12614b35469be", Directory, 0) seconds=3.687170046 stage="build_slot"
2026-09-10T20:57:07.140249Z DEBUG transparent_shard_server::runtime: runtime stage key=("c907a0aa45b2551520863990845279fd25135889865e088c2dad6ea0d32b8fde", Directory, 0) seconds=1.438e-6 stage="restore_slot"
2026-09-10T20:57:07.140320Z DEBUG transparent_shard_server::memory: cold build admission wait seconds=8.1565e-5 admitted=true
2026-09-10T20:57:07.141363Z DEBUG transparent_shard_server::runtime: runtime stage key=("c907a0aa45b2551520863990845279fd25135889865e088c2dad6ea0d32b8fde", Directory, 0) seconds=6.2502e-5 hit=false stage="disk_restore"
2026-09-10T20:57:07.329356Z DEBUG transparent_shard_server::runtime: runtime stage key=("a4bd72b37c0aafb265c77bb09cbc402cf69b65a87a1fabc8a0f12614b35469be", Directory, 0) seconds=0.188107465 stage="source_load"
2026-09-10T20:57:07.630299Z DEBUG transparent_shard_server::runtime: construction stage geometry="recent-8k" table="directory" seconds=0.300906819 stage="encode_database"
2026-09-10T20:57:07.630406Z DEBUG transparent_shard_server::runtime: construction stage geometry="recent-8k" table="directory" seconds=7.3485e-5 stage="public_setup"
2026-09-10T20:57:07.945908Z DEBUG transparent_shard_server::runtime: runtime stage key=("2d4497bf9e8bafc6139ee4e57114238a7ecfa0782702939922bf2a79b1fe05bf", Directory, 0) seconds=0.804723087 stage="disk_save"
2026-09-10T20:57:08.359749Z DEBUG transparent_shard_server::runtime: construction stage geometry="recent-8k" table="pages" seconds=2.3884914999999998 stage="pack_preprocessing"
2026-09-10T20:57:08.360048Z DEBUG transparent_shard_server::runtime: construction stage geometry="recent-8k" table="pages" seconds=0.000253631 stage="publish_parameters"
2026-09-10T20:57:08.363926Z DEBUG transparent_shard_server::runtime: runtime stage key=("2d4497bf9e8bafc6139ee4e57114238a7ecfa0782702939922bf2a79b1fe05bf", Pages, 0) seconds=3.505050792 stage="runtime_build"
2026-09-10T20:57:08.367195Z DEBUG transparent_shard_server::runtime: runtime stage key=("a4bd72b37c0aafb265c77bb09cbc402cf69b65a87a1fabc8a0f12614b35469be", Pages, 0) seconds=3.6409758009999997 stage="build_slot"
2026-09-10T20:57:08.367296Z DEBUG transparent_shard_server::memory: cold build admission wait seconds=7.3828e-5 admitted=true
2026-09-10T20:57:08.367320Z DEBUG transparent_shard_server::runtime: runtime stage key=("c907a0aa45b2551520863990845279fd25135889865e088c2dad6ea0d32b8fde", Pages, 0) seconds=4.69e-7 stage="restore_slot"
2026-09-10T20:57:08.370215Z DEBUG transparent_shard_server::runtime: runtime stage key=("c907a0aa45b2551520863990845279fd25135889865e088c2dad6ea0d32b8fde", Pages, 0) seconds=4.4173e-5 hit=false stage="disk_restore"
2026-09-10T20:57:08.562194Z DEBUG transparent_shard_server::runtime: construction stage geometry="recent-8k" table="directory" seconds=0.931780715 stage="hint_columns"
2026-09-10T20:57:08.624822Z DEBUG transparent_shard_server::runtime: runtime stage key=("a4bd72b37c0aafb265c77bb09cbc402cf69b65a87a1fabc8a0f12614b35469be", Pages, 0) seconds=0.257503675 stage="source_load"
2026-09-10T20:57:08.914792Z DEBUG transparent_shard_server::runtime: construction stage geometry="recent-8k" table="pages" seconds=0.289933366 stage="encode_database"
2026-09-10T20:57:08.914897Z DEBUG transparent_shard_server::runtime: construction stage geometry="recent-8k" table="pages" seconds=7.2668e-5 stage="public_setup"
2026-09-10T20:57:09.220444Z DEBUG transparent_shard_server::runtime: runtime stage key=("2d4497bf9e8bafc6139ee4e57114238a7ecfa0782702939922bf2a79b1fe05bf", Pages, 0) seconds=0.856460783 stage="disk_save"
2026-09-10T20:57:09.751214Z DEBUG transparent_shard_server::runtime: construction stage geometry="recent-8k" table="pages" seconds=0.83630862 stage="hint_columns"
2026-09-10T20:57:10.923877Z DEBUG transparent_shard_server::runtime: construction stage geometry="recent-8k" table="directory" seconds=2.3616477 stage="pack_preprocessing"
2026-09-10T20:57:10.924199Z DEBUG transparent_shard_server::runtime: construction stage geometry="recent-8k" table="directory" seconds=0.000276724 stage="publish_parameters"
2026-09-10T20:57:10.924949Z DEBUG transparent_shard_server::runtime: runtime stage key=("a4bd72b37c0aafb265c77bb09cbc402cf69b65a87a1fabc8a0f12614b35469be", Directory, 0) seconds=3.595559802 stage="runtime_build"
2026-09-10T20:57:10.925016Z DEBUG transparent_shard_server::runtime: runtime stage key=("c907a0aa45b2551520863990845279fd25135889865e088c2dad6ea0d32b8fde", Directory, 0) seconds=3.783621881 stage="build_slot"
2026-09-10T20:57:10.925113Z DEBUG transparent_shard_server::memory: cold build admission wait seconds=7.5909e-5 admitted=true
2026-09-10T20:57:10.928417Z DEBUG transparent_shard_server::runtime: runtime stage key=("67574e8d4c7f7c258f8c7488f73e80a9476f8074c3db3540325133ff25020c2b", Directory, 0) seconds=1.149e-6 stage="restore_slot"
2026-09-10T20:57:10.928581Z DEBUG transparent_shard_server::runtime: runtime stage key=("67574e8d4c7f7c258f8c7488f73e80a9476f8074c3db3540325133ff25020c2b", Directory, 0) seconds=4.8339e-5 hit=false stage="disk_restore"
2026-09-10T20:57:11.111467Z DEBUG transparent_shard_server::runtime: runtime stage key=("c907a0aa45b2551520863990845279fd25135889865e088c2dad6ea0d32b8fde", Directory, 0) seconds=0.186337229 stage="source_load"
2026-09-10T20:57:11.402264Z DEBUG transparent_shard_server::runtime: construction stage geometry="recent-8k" table="directory" seconds=0.290765284 stage="encode_database"
2026-09-10T20:57:11.402365Z DEBUG transparent_shard_server::runtime: construction stage geometry="recent-8k" table="directory" seconds=7.2108e-5 stage="public_setup"
2026-09-10T20:57:11.712946Z DEBUG transparent_shard_server::runtime: runtime stage key=("a4bd72b37c0aafb265c77bb09cbc402cf69b65a87a1fabc8a0f12614b35469be", Directory, 0) seconds=0.787928984 stage="disk_save"
2026-09-10T20:57:12.137061Z DEBUG transparent_shard_server::runtime: construction stage geometry="recent-8k" table="pages" seconds=2.385799425 stage="pack_preprocessing"
2026-09-10T20:57:12.142368Z DEBUG transparent_shard_server::runtime: construction stage geometry="recent-8k" table="pages" seconds=0.005262499 stage="publish_parameters"
2026-09-10T20:57:12.143208Z DEBUG transparent_shard_server::runtime: runtime stage key=("a4bd72b37c0aafb265c77bb09cbc402cf69b65a87a1fabc8a0f12614b35469be", Pages, 0) seconds=3.51835085 stage="runtime_build"
2026-09-10T20:57:12.143263Z DEBUG transparent_shard_server::runtime: runtime stage key=("c907a0aa45b2551520863990845279fd25135889865e088c2dad6ea0d32b8fde", Pages, 0) seconds=3.772866883 stage="build_slot"
2026-09-10T20:57:12.143296Z DEBUG transparent_shard_server::runtime: runtime stage key=("67574e8d4c7f7c258f8c7488f73e80a9476f8074c3db3540325133ff25020c2b", Pages, 0) seconds=1.026e-6 stage="restore_slot"
2026-09-10T20:57:12.143348Z DEBUG transparent_shard_server::memory: cold build admission wait seconds=8.12e-5 admitted=true
2026-09-10T20:57:12.146222Z DEBUG transparent_shard_server::runtime: runtime stage key=("67574e8d4c7f7c258f8c7488f73e80a9476f8074c3db3540325133ff25020c2b", Pages, 0) seconds=3.3213e-5 hit=false stage="disk_restore"
2026-09-10T20:57:12.361209Z DEBUG transparent_shard_server::runtime: construction stage geometry="recent-8k" table="directory" seconds=0.958836699 stage="hint_columns"
2026-09-10T20:57:12.401550Z DEBUG transparent_shard_server::runtime: runtime stage key=("c907a0aa45b2551520863990845279fd25135889865e088c2dad6ea0d32b8fde", Pages, 0) seconds=0.255362857 stage="source_load"
2026-09-10T20:57:12.706427Z DEBUG transparent_shard_server::runtime: construction stage geometry="recent-8k" table="pages" seconds=0.304843255 stage="encode_database"
2026-09-10T20:57:12.706542Z DEBUG transparent_shard_server::runtime: construction stage geometry="recent-8k" table="pages" seconds=7.733e-5 stage="public_setup"
2026-09-10T20:57:12.957558Z DEBUG transparent_shard_server::runtime: runtime stage key=("a4bd72b37c0aafb265c77bb09cbc402cf69b65a87a1fabc8a0f12614b35469be", Pages, 0) seconds=0.814296773 stage="disk_save"
2026-09-10T20:57:13.540691Z DEBUG transparent_shard_server::runtime: construction stage geometry="recent-8k" table="pages" seconds=0.834141473 stage="hint_columns"
2026-09-10T20:57:14.718900Z DEBUG transparent_shard_server::runtime: construction stage geometry="recent-8k" table="directory" seconds=2.357652497 stage="pack_preprocessing"
2026-09-10T20:57:14.719220Z DEBUG transparent_shard_server::runtime: construction stage geometry="recent-8k" table="directory" seconds=0.000265272 stage="publish_parameters"
2026-09-10T20:57:14.719968Z DEBUG transparent_shard_server::runtime: runtime stage key=("c907a0aa45b2551520863990845279fd25135889865e088c2dad6ea0d32b8fde", Directory, 0) seconds=3.608470693 stage="runtime_build"
2026-09-10T20:57:14.720016Z DEBUG transparent_shard_server::runtime: runtime stage key=("67574e8d4c7f7c258f8c7488f73e80a9476f8074c3db3540325133ff25020c2b", Directory, 0) seconds=3.791407842 stage="build_slot"
2026-09-10T20:57:14.720104Z DEBUG transparent_shard_server::memory: cold build admission wait seconds=8.3483e-5 admitted=true
2026-09-10T20:57:14.910295Z DEBUG transparent_shard_server::runtime: runtime stage key=("67574e8d4c7f7c258f8c7488f73e80a9476f8074c3db3540325133ff25020c2b", Directory, 0) seconds=0.190161055 stage="source_load"
2026-09-10T20:57:15.209509Z DEBUG transparent_shard_server::runtime: construction stage geometry="recent-8k" table="directory" seconds=0.299179706 stage="encode_database"
2026-09-10T20:57:15.209617Z DEBUG transparent_shard_server::runtime: construction stage geometry="recent-8k" table="directory" seconds=7.4496e-5 stage="public_setup"
2026-09-10T20:57:15.499492Z DEBUG transparent_shard_server::runtime: runtime stage key=("c907a0aa45b2551520863990845279fd25135889865e088c2dad6ea0d32b8fde", Directory, 0) seconds=0.779352085 stage="disk_save"
2026-09-10T20:57:16.101884Z DEBUG transparent_shard_server::runtime: construction stage geometry="recent-8k" table="directory" seconds=0.892259152 stage="hint_columns"
2026-09-10T20:57:16.104205Z DEBUG transparent_shard_server::runtime: construction stage geometry="recent-8k" table="pages" seconds=2.563448295 stage="pack_preprocessing"
2026-09-10T20:57:16.104498Z DEBUG transparent_shard_server::runtime: construction stage geometry="recent-8k" table="pages" seconds=0.000258695 stage="publish_parameters"
2026-09-10T20:57:16.105253Z DEBUG transparent_shard_server::runtime: runtime stage key=("c907a0aa45b2551520863990845279fd25135889865e088c2dad6ea0d32b8fde", Pages, 0) seconds=3.703671714 stage="runtime_build"
2026-09-10T20:57:16.105308Z DEBUG transparent_shard_server::runtime: runtime stage key=("67574e8d4c7f7c258f8c7488f73e80a9476f8074c3db3540325133ff25020c2b", Pages, 0) seconds=3.959039159 stage="build_slot"
2026-09-10T20:57:16.105396Z DEBUG transparent_shard_server::memory: cold build admission wait seconds=8.3498e-5 admitted=true
2026-09-10T20:57:16.245749Z DEBUG transparent_shard_server::runtime: runtime stage key=("67574e8d4c7f7c258f8c7488f73e80a9476f8074c3db3540325133ff25020c2b", Pages, 0) seconds=0.137549273 stage="source_load"
2026-09-10T20:57:16.547652Z DEBUG transparent_shard_server::runtime: construction stage geometry="recent-8k" table="pages" seconds=0.301860794 stage="encode_database"
2026-09-10T20:57:16.547760Z DEBUG transparent_shard_server::runtime: construction stage geometry="recent-8k" table="pages" seconds=7.3072e-5 stage="public_setup"
2026-09-10T20:57:16.807111Z DEBUG transparent_shard_server::runtime: runtime stage key=("c907a0aa45b2551520863990845279fd25135889865e088c2dad6ea0d32b8fde", Pages, 0) seconds=0.698927122 stage="disk_save"
2026-09-10T20:57:17.357208Z DEBUG transparent_shard_server::runtime: construction stage geometry="recent-8k" table="pages" seconds=0.809440664 stage="hint_columns"
2026-09-10T20:57:18.572258Z DEBUG transparent_shard_server::runtime: construction stage geometry="recent-8k" table="directory" seconds=2.4703123590000002 stage="pack_preprocessing"
2026-09-10T20:57:18.572547Z DEBUG transparent_shard_server::runtime: construction stage geometry="recent-8k" table="directory" seconds=0.000247108 stage="publish_parameters"
2026-09-10T20:57:18.573279Z DEBUG transparent_shard_server::runtime: runtime stage key=("67574e8d4c7f7c258f8c7488f73e80a9476f8074c3db3540325133ff25020c2b", Directory, 0) seconds=3.662951808 stage="runtime_build"
2026-09-10T20:57:19.272987Z DEBUG transparent_shard_server::runtime: runtime stage key=("67574e8d4c7f7c258f8c7488f73e80a9476f8074c3db3540325133ff25020c2b", Directory, 0) seconds=0.699660875 stage="disk_save"
2026-09-10T20:57:19.611428Z DEBUG transparent_shard_server::runtime: construction stage geometry="recent-8k" table="pages" seconds=2.254173253 stage="pack_preprocessing"
2026-09-10T20:57:19.611705Z DEBUG transparent_shard_server::runtime: construction stage geometry="recent-8k" table="pages" seconds=0.000235507 stage="publish_parameters"
2026-09-10T20:57:19.612461Z DEBUG transparent_shard_server::runtime: runtime stage key=("67574e8d4c7f7c258f8c7488f73e80a9476f8074c3db3540325133ff25020c2b", Pages, 0) seconds=3.366672025 stage="runtime_build"
2026-09-10T20:57:19.612523Z  INFO transparent_shard_server::service: prewarm finished warm=28 target=28 failed=0 seconds=54.75530281
test burst::publication_burst_under_exact_load has been running for over 60 seconds
2026-09-10T20:57:20.261925Z DEBUG transparent_shard_server::runtime: runtime stage key=("67574e8d4c7f7c258f8c7488f73e80a9476f8074c3db3540325133ff25020c2b", Pages, 0) seconds=0.649378852 stage="disk_save"
2026-09-10T20:57:20.502342Z DEBUG transparent_shard_server::service: query stage revision=5b7ee9849d47f5ee67d04eb6ca4588beacf42dce75e5a1b481dfd02607b1fb20 table="directory" seconds=4.378e-6 stage="query_admission"
2026-09-10T20:57:20.502378Z DEBUG transparent_shard_server::service: query stage revision=5b7ee9849d47f5ee67d04eb6ca4588beacf42dce75e5a1b481dfd02607b1fb20 table="directory" seconds=5.765e-6 stage="query_runtime"
2026-09-10T20:57:20.502443Z DEBUG transparent_shard_server::service: query stage revision=5b7ee9849d47f5ee67d04eb6ca4588beacf42dce75e5a1b481dfd02607b1fb20 table="directory" seconds=6.1784e-5 admitted=true stage="query_memory_admission"
2026-09-10T20:57:20.502460Z DEBUG transparent_shard_server::service: query stage revision=5b7ee9849d47f5ee67d04eb6ca4588beacf42dce75e5a1b481dfd02607b1fb20 table="directory" seconds=1.3236e-5 stage="query_dispatch"
2026-09-10T20:57:20.502506Z DEBUG transparent_shard_server::service: query stage revision=5b7ee9849d47f5ee67d04eb6ca4588beacf42dce75e5a1b481dfd02607b1fb20 table="directory" seconds=1.931e-6 stage="query_admission"
2026-09-10T20:57:20.502525Z DEBUG transparent_shard_server::service: query stage revision=5b7ee9849d47f5ee67d04eb6ca4588beacf42dce75e5a1b481dfd02607b1fb20 table="directory" seconds=3.375e-6 stage="query_runtime"
2026-09-10T20:57:20.502583Z DEBUG transparent_shard_server::service: query stage revision=5b7ee9849d47f5ee67d04eb6ca4588beacf42dce75e5a1b481dfd02607b1fb20 table="directory" seconds=5.4439e-5 admitted=true stage="query_memory_admission"
2026-09-10T20:57:20.502605Z DEBUG transparent_shard_server::service: query stage revision=5b7ee9849d47f5ee67d04eb6ca4588beacf42dce75e5a1b481dfd02607b1fb20 table="directory" seconds=1.8344e-5 stage="query_dispatch"
2026-09-10T20:57:20.519562Z DEBUG transparent_shard_server::service: query stage revision=5b7ee9849d47f5ee67d04eb6ca4588beacf42dce75e5a1b481dfd02607b1fb20 table="directory" seconds=0.017096995 stage="query_evaluate"
2026-09-10T20:57:20.520249Z DEBUG transparent_shard_server::service: query stage revision=5b7ee9849d47f5ee67d04eb6ca4588beacf42dce75e5a1b481dfd02607b1fb20 table="directory" seconds=0.017629563 stage="query_evaluate"
2026-09-10T20:57:20.699470Z DEBUG transparent_shard_server::service: query stage revision=5b7ee9849d47f5ee67d04eb6ca4588beacf42dce75e5a1b481dfd02607b1fb20 table="pages" seconds=3.429e-6 stage="query_admission"
2026-09-10T20:57:20.699504Z DEBUG transparent_shard_server::service: query stage revision=5b7ee9849d47f5ee67d04eb6ca4588beacf42dce75e5a1b481dfd02607b1fb20 table="pages" seconds=4.518e-6 stage="query_runtime"
2026-09-10T20:57:20.699564Z DEBUG transparent_shard_server::service: query stage revision=5b7ee9849d47f5ee67d04eb6ca4588beacf42dce75e5a1b481dfd02607b1fb20 table="pages" seconds=5.7171e-5 admitted=true stage="query_memory_admission"
2026-09-10T20:57:20.699705Z DEBUG transparent_shard_server::service: query stage revision=5b7ee9849d47f5ee67d04eb6ca4588beacf42dce75e5a1b481dfd02607b1fb20 table="pages" seconds=1.001e-6 stage="query_admission"
2026-09-10T20:57:20.699721Z DEBUG transparent_shard_server::service: query stage revision=5b7ee9849d47f5ee67d04eb6ca4588beacf42dce75e5a1b481dfd02607b1fb20 table="pages" seconds=2.577e-6 stage="query_runtime"
2026-09-10T20:57:20.699755Z DEBUG transparent_shard_server::service: query stage revision=5b7ee9849d47f5ee67d04eb6ca4588beacf42dce75e5a1b481dfd02607b1fb20 table="pages" seconds=3.1076e-5 admitted=true stage="query_memory_admission"
2026-09-10T20:57:20.699768Z DEBUG transparent_shard_server::service: query stage revision=5b7ee9849d47f5ee67d04eb6ca4588beacf42dce75e5a1b481dfd02607b1fb20 table="pages" seconds=0.000198912 stage="query_dispatch"
2026-09-10T20:57:20.700255Z DEBUG transparent_shard_server::service: query stage revision=5b7ee9849d47f5ee67d04eb6ca4588beacf42dce75e5a1b481dfd02607b1fb20 table="pages" seconds=0.000495957 stage="query_dispatch"
2026-09-10T20:57:20.711912Z DEBUG transparent_shard_server::service: query stage revision=5b7ee9849d47f5ee67d04eb6ca4588beacf42dce75e5a1b481dfd02607b1fb20 table="pages" seconds=0.012137869 stage="query_evaluate"
2026-09-10T20:57:20.711928Z DEBUG transparent_shard_server::service: query stage revision=5b7ee9849d47f5ee67d04eb6ca4588beacf42dce75e5a1b481dfd02607b1fb20 table="pages" seconds=0.011644725 stage="query_evaluate"
2026-09-10T20:57:20.800485Z  INFO transparent_shard_server::runtime: retired runtime memory reclaimed rss_before=5228130304 rss_after=4480176128
2026-09-10T20:57:20.865457Z DEBUG transparent_shard_server::service: query stage revision=5b7ee9849d47f5ee67d04eb6ca4588beacf42dce75e5a1b481dfd02607b1fb20 table="directory" seconds=2.755e-6 stage="query_admission"
2026-09-10T20:57:20.865494Z DEBUG transparent_shard_server::service: query stage revision=5b7ee9849d47f5ee67d04eb6ca4588beacf42dce75e5a1b481dfd02607b1fb20 table="directory" seconds=7.222e-6 stage="query_runtime"
2026-09-10T20:57:20.865563Z DEBUG transparent_shard_server::service: query stage revision=5b7ee9849d47f5ee67d04eb6ca4588beacf42dce75e5a1b481dfd02607b1fb20 table="directory" seconds=6.4962e-5 admitted=true stage="query_memory_admission"
2026-09-10T20:57:20.865578Z DEBUG transparent_shard_server::service: query stage revision=5b7ee9849d47f5ee67d04eb6ca4588beacf42dce75e5a1b481dfd02607b1fb20 table="directory" seconds=1.1754e-5 stage="query_dispatch"
2026-09-10T20:57:20.868541Z DEBUG transparent_shard_server::service: query stage revision=5b7ee9849d47f5ee67d04eb6ca4588beacf42dce75e5a1b481dfd02607b1fb20 table="directory" seconds=2.49e-6 stage="query_admission"
2026-09-10T20:57:20.868574Z DEBUG transparent_shard_server::service: query stage revision=5b7ee9849d47f5ee67d04eb6ca4588beacf42dce75e5a1b481dfd02607b1fb20 table="directory" seconds=5.148e-6 stage="query_runtime"
2026-09-10T20:57:20.868646Z DEBUG transparent_shard_server::service: query stage revision=5b7ee9849d47f5ee67d04eb6ca4588beacf42dce75e5a1b481dfd02607b1fb20 table="directory" seconds=6.8552e-5 admitted=true stage="query_memory_admission"
2026-09-10T20:57:20.868716Z DEBUG transparent_shard_server::service: query stage revision=5b7ee9849d47f5ee67d04eb6ca4588beacf42dce75e5a1b481dfd02607b1fb20 table="directory" seconds=2.5634e-5 stage="query_dispatch"
2026-09-10T20:57:20.885805Z DEBUG transparent_shard_server::service: query stage revision=5b7ee9849d47f5ee67d04eb6ca4588beacf42dce75e5a1b481dfd02607b1fb20 table="directory" seconds=0.017063476 stage="query_evaluate"
2026-09-10T20:57:20.886517Z DEBUG transparent_shard_server::service: query stage revision=5b7ee9849d47f5ee67d04eb6ca4588beacf42dce75e5a1b481dfd02607b1fb20 table="directory" seconds=0.020933722 stage="query_evaluate"
2026-09-10T20:57:21.038505Z DEBUG transparent_shard_server::service: query stage revision=5b7ee9849d47f5ee67d04eb6ca4588beacf42dce75e5a1b481dfd02607b1fb20 table="pages" seconds=3.395e-6 stage="query_admission"
2026-09-10T20:57:21.038540Z DEBUG transparent_shard_server::service: query stage revision=5b7ee9849d47f5ee67d04eb6ca4588beacf42dce75e5a1b481dfd02607b1fb20 table="pages" seconds=5.495e-6 stage="query_runtime"
2026-09-10T20:57:21.038569Z DEBUG transparent_shard_server::service: query stage revision=5b7ee9849d47f5ee67d04eb6ca4588beacf42dce75e5a1b481dfd02607b1fb20 table="pages" seconds=1.821e-6 stage="query_admission"
2026-09-10T20:57:21.038588Z DEBUG transparent_shard_server::service: query stage revision=5b7ee9849d47f5ee67d04eb6ca4588beacf42dce75e5a1b481dfd02607b1fb20 table="pages" seconds=3.896e-6 stage="query_runtime"
2026-09-10T20:57:21.038640Z DEBUG transparent_shard_server::service: query stage revision=5b7ee9849d47f5ee67d04eb6ca4588beacf42dce75e5a1b481dfd02607b1fb20 table="pages" seconds=8.1187e-5 admitted=true stage="query_memory_admission"
2026-09-10T20:57:21.038645Z DEBUG transparent_shard_server::service: query stage revision=5b7ee9849d47f5ee67d04eb6ca4588beacf42dce75e5a1b481dfd02607b1fb20 table="pages" seconds=5.3962e-5 admitted=true stage="query_memory_admission"
2026-09-10T20:57:21.038684Z DEBUG transparent_shard_server::service: query stage revision=5b7ee9849d47f5ee67d04eb6ca4588beacf42dce75e5a1b481dfd02607b1fb20 table="pages" seconds=3.6361e-5 stage="query_dispatch"
2026-09-10T20:57:21.038718Z DEBUG transparent_shard_server::service: query stage revision=5b7ee9849d47f5ee67d04eb6ca4588beacf42dce75e5a1b481dfd02607b1fb20 table="pages" seconds=6.8874e-5 stage="query_dispatch"
2026-09-10T20:57:21.059983Z DEBUG transparent_shard_server::service: query stage revision=5b7ee9849d47f5ee67d04eb6ca4588beacf42dce75e5a1b481dfd02607b1fb20 table="pages" seconds=0.021257264 stage="query_evaluate"
2026-09-10T20:57:21.059998Z DEBUG transparent_shard_server::service: query stage revision=5b7ee9849d47f5ee67d04eb6ca4588beacf42dce75e5a1b481dfd02607b1fb20 table="pages" seconds=0.021303763 stage="query_evaluate"
2026-09-10T20:57:21.213396Z DEBUG transparent_shard_server::service: query stage revision=5b7ee9849d47f5ee67d04eb6ca4588beacf42dce75e5a1b481dfd02607b1fb20 table="directory" seconds=2.555e-6 stage="query_admission"
2026-09-10T20:57:21.213429Z DEBUG transparent_shard_server::service: query stage revision=5b7ee9849d47f5ee67d04eb6ca4588beacf42dce75e5a1b481dfd02607b1fb20 table="directory" seconds=4.898e-6 stage="query_runtime"
2026-09-10T20:57:21.213476Z DEBUG transparent_shard_server::service: query stage revision=5b7ee9849d47f5ee67d04eb6ca4588beacf42dce75e5a1b481dfd02607b1fb20 table="directory" seconds=4.3793e-5 admitted=true stage="query_memory_admission"
2026-09-10T20:57:21.213521Z DEBUG transparent_shard_server::service: query stage revision=5b7ee9849d47f5ee67d04eb6ca4588beacf42dce75e5a1b481dfd02607b1fb20 table="directory" seconds=4.0976e-5 stage="query_dispatch"
2026-09-10T20:57:21.213632Z DEBUG transparent_shard_server::service: query stage revision=5b7ee9849d47f5ee67d04eb6ca4588beacf42dce75e5a1b481dfd02607b1fb20 table="directory" seconds=1.59e-6 stage="query_admission"
2026-09-10T20:57:21.213641Z DEBUG transparent_shard_server::service: query stage revision=5b7ee9849d47f5ee67d04eb6ca4588beacf42dce75e5a1b481dfd02607b1fb20 table="directory" seconds=2.994e-6 stage="query_runtime"
2026-09-10T20:57:21.213690Z DEBUG transparent_shard_server::service: query stage revision=5b7ee9849d47f5ee67d04eb6ca4588beacf42dce75e5a1b481dfd02607b1fb20 table="directory" seconds=4.5304e-5 admitted=true stage="query_memory_admission"
2026-09-10T20:57:21.213708Z DEBUG transparent_shard_server::service: query stage revision=5b7ee9849d47f5ee67d04eb6ca4588beacf42dce75e5a1b481dfd02607b1fb20 table="directory" seconds=1.3568e-5 stage="query_dispatch"
2026-09-10T20:57:21.235815Z DEBUG transparent_shard_server::service: query stage revision=5b7ee9849d47f5ee67d04eb6ca4588beacf42dce75e5a1b481dfd02607b1fb20 table="directory" seconds=0.022278583 stage="query_evaluate"
2026-09-10T20:57:21.235815Z DEBUG transparent_shard_server::service: query stage revision=5b7ee9849d47f5ee67d04eb6ca4588beacf42dce75e5a1b481dfd02607b1fb20 table="directory" seconds=0.022099597 stage="query_evaluate"
2026-09-10T20:57:21.345116Z DEBUG transparent_shard_server::runtime: runtime stage key=("be059aab39ac34125e0452548d6fbcfb1e7cdb7237a597bd59ee86011ed4882b", Directory, 0) seconds=1.305e-6 stage="restore_slot"
2026-09-10T20:57:21.345256Z DEBUG transparent_shard_server::runtime: runtime stage key=("be059aab39ac34125e0452548d6fbcfb1e7cdb7237a597bd59ee86011ed4882b", Pages, 0) seconds=2.51e-7 stage="restore_slot"
2026-09-10T20:57:21.345321Z DEBUG transparent_shard_server::runtime: runtime stage key=("be059aab39ac34125e0452548d6fbcfb1e7cdb7237a597bd59ee86011ed4882b", Pages, 0) seconds=2.6198e-5 hit=false stage="disk_restore"
2026-09-10T20:57:21.345323Z DEBUG transparent_shard_server::runtime: runtime stage key=("be059aab39ac34125e0452548d6fbcfb1e7cdb7237a597bd59ee86011ed4882b", Directory, 0) seconds=4.8325e-5 hit=false stage="disk_restore"
2026-09-10T20:57:21.345370Z DEBUG transparent_shard_server::runtime: runtime stage key=("be059aab39ac34125e0452548d6fbcfb1e7cdb7237a597bd59ee86011ed4882b", Directory, 0) seconds=7.08e-7 stage="build_slot"
2026-09-10T20:57:21.345394Z DEBUG transparent_shard_server::runtime: runtime stage key=("be059aab39ac34125e0452548d6fbcfb1e7cdb7237a597bd59ee86011ed4882b", Pages, 0) seconds=2.76e-7 stage="build_slot"
2026-09-10T20:57:21.345430Z DEBUG transparent_shard_server::memory: cold build admission wait seconds=4.9757e-5 admitted=true
2026-09-10T20:57:21.345500Z DEBUG transparent_shard_server::memory: cold build admission wait seconds=9.9907e-5 admitted=true
2026-09-10T20:57:21.387940Z DEBUG transparent_shard_server::service: query stage revision=5b7ee9849d47f5ee67d04eb6ca4588beacf42dce75e5a1b481dfd02607b1fb20 table="pages" seconds=2.412e-6 stage="query_admission"
2026-09-10T20:57:21.387973Z DEBUG transparent_shard_server::service: query stage revision=5b7ee9849d47f5ee67d04eb6ca4588beacf42dce75e5a1b481dfd02607b1fb20 table="pages" seconds=4.427e-6 stage="query_runtime"
2026-09-10T20:57:21.388042Z DEBUG transparent_shard_server::service: query stage revision=5b7ee9849d47f5ee67d04eb6ca4588beacf42dce75e5a1b481dfd02607b1fb20 table="pages" seconds=6.5544e-5 admitted=true stage="query_memory_admission"
2026-09-10T20:57:21.388180Z DEBUG transparent_shard_server::service: query stage revision=5b7ee9849d47f5ee67d04eb6ca4588beacf42dce75e5a1b481dfd02607b1fb20 table="pages" seconds=0.000132569 stage="query_dispatch"
2026-09-10T20:57:21.388290Z DEBUG transparent_shard_server::service: query stage revision=5b7ee9849d47f5ee67d04eb6ca4588beacf42dce75e5a1b481dfd02607b1fb20 table="pages" seconds=1.211e-6 stage="query_admission"
2026-09-10T20:57:21.388299Z DEBUG transparent_shard_server::service: query stage revision=5b7ee9849d47f5ee67d04eb6ca4588beacf42dce75e5a1b481dfd02607b1fb20 table="pages" seconds=2.539e-6 stage="query_runtime"
2026-09-10T20:57:21.388337Z DEBUG transparent_shard_server::service: query stage revision=5b7ee9849d47f5ee67d04eb6ca4588beacf42dce75e5a1b481dfd02607b1fb20 table="pages" seconds=3.5925e-5 admitted=true stage="query_memory_admission"
2026-09-10T20:57:21.388356Z DEBUG transparent_shard_server::service: query stage revision=5b7ee9849d47f5ee67d04eb6ca4588beacf42dce75e5a1b481dfd02607b1fb20 table="pages" seconds=1.4787e-5 stage="query_dispatch"
2026-09-10T20:57:21.411691Z DEBUG transparent_shard_server::service: query stage revision=5b7ee9849d47f5ee67d04eb6ca4588beacf42dce75e5a1b481dfd02607b1fb20 table="pages" seconds=0.023311334 stage="query_evaluate"
2026-09-10T20:57:21.413737Z DEBUG transparent_shard_server::service: query stage revision=5b7ee9849d47f5ee67d04eb6ca4588beacf42dce75e5a1b481dfd02607b1fb20 table="pages" seconds=0.025531721 stage="query_evaluate"
2026-09-10T20:57:21.545005Z DEBUG transparent_shard_server::runtime: runtime stage key=("be059aab39ac34125e0452548d6fbcfb1e7cdb7237a597bd59ee86011ed4882b", Directory, 0) seconds=0.199554674 stage="source_load"
2026-09-10T20:57:21.548874Z DEBUG transparent_shard_server::runtime: runtime stage key=("be059aab39ac34125e0452548d6fbcfb1e7cdb7237a597bd59ee86011ed4882b", Pages, 0) seconds=0.203359156 stage="source_load"
2026-09-10T20:57:21.564851Z DEBUG transparent_shard_server::service: query stage revision=5b7ee9849d47f5ee67d04eb6ca4588beacf42dce75e5a1b481dfd02607b1fb20 table="directory" seconds=3.33e-6 stage="query_admission"
2026-09-10T20:57:21.564893Z DEBUG transparent_shard_server::service: query stage revision=5b7ee9849d47f5ee67d04eb6ca4588beacf42dce75e5a1b481dfd02607b1fb20 table="directory" seconds=6.509e-6 stage="query_runtime"
2026-09-10T20:57:21.564964Z DEBUG transparent_shard_server::service: query stage revision=5b7ee9849d47f5ee67d04eb6ca4588beacf42dce75e5a1b481dfd02607b1fb20 table="directory" seconds=6.8328e-5 admitted=true stage="query_memory_admission"
2026-09-10T20:57:21.564993Z DEBUG transparent_shard_server::service: query stage revision=5b7ee9849d47f5ee67d04eb6ca4588beacf42dce75e5a1b481dfd02607b1fb20 table="directory" seconds=2.4022e-5 stage="query_dispatch"
2026-09-10T20:57:21.568920Z DEBUG transparent_shard_server::service: query stage revision=5b7ee9849d47f5ee67d04eb6ca4588beacf42dce75e5a1b481dfd02607b1fb20 table="directory" seconds=1.879e-6 stage="query_admission"
2026-09-10T20:57:21.568942Z DEBUG transparent_shard_server::service: query stage revision=5b7ee9849d47f5ee67d04eb6ca4588beacf42dce75e5a1b481dfd02607b1fb20 table="directory" seconds=5.76e-6 stage="query_runtime"
2026-09-10T20:57:21.568997Z DEBUG transparent_shard_server::service: query stage revision=5b7ee9849d47f5ee67d04eb6ca4588beacf42dce75e5a1b481dfd02607b1fb20 table="directory" seconds=5.2186e-5 admitted=true stage="query_memory_admission"
2026-09-10T20:57:21.569014Z DEBUG transparent_shard_server::service: query stage revision=5b7ee9849d47f5ee67d04eb6ca4588beacf42dce75e5a1b481dfd02607b1fb20 table="directory" seconds=1.3397e-5 stage="query_dispatch"
2026-09-10T20:57:21.581208Z DEBUG transparent_shard_server::service: query stage revision=5b7ee9849d47f5ee67d04eb6ca4588beacf42dce75e5a1b481dfd02607b1fb20 table="directory" seconds=0.016198314 stage="query_evaluate"
2026-09-10T20:57:21.590191Z DEBUG transparent_shard_server::service: query stage revision=5b7ee9849d47f5ee67d04eb6ca4588beacf42dce75e5a1b481dfd02607b1fb20 table="directory" seconds=0.021166373 stage="query_evaluate"
2026-09-10T20:57:21.732395Z DEBUG transparent_shard_server::service: query stage revision=5b7ee9849d47f5ee67d04eb6ca4588beacf42dce75e5a1b481dfd02607b1fb20 table="pages" seconds=1.834e-6 stage="query_admission"
2026-09-10T20:57:21.732443Z DEBUG transparent_shard_server::service: query stage revision=5b7ee9849d47f5ee67d04eb6ca4588beacf42dce75e5a1b481dfd02607b1fb20 table="pages" seconds=3.188e-6 stage="query_runtime"
2026-09-10T20:57:21.732491Z DEBUG transparent_shard_server::service: query stage revision=5b7ee9849d47f5ee67d04eb6ca4588beacf42dce75e5a1b481dfd02607b1fb20 table="pages" seconds=4.5156e-5 admitted=true stage="query_memory_admission"
2026-09-10T20:57:21.732514Z DEBUG transparent_shard_server::service: query stage revision=5b7ee9849d47f5ee67d04eb6ca4588beacf42dce75e5a1b481dfd02607b1fb20 table="pages" seconds=1.7994e-5 stage="query_dispatch"
2026-09-10T20:57:21.741336Z DEBUG transparent_shard_server::service: query stage revision=5b7ee9849d47f5ee67d04eb6ca4588beacf42dce75e5a1b481dfd02607b1fb20 table="pages" seconds=2.114e-6 stage="query_admission"
2026-09-10T20:57:21.741360Z DEBUG transparent_shard_server::service: query stage revision=5b7ee9849d47f5ee67d04eb6ca4588beacf42dce75e5a1b481dfd02607b1fb20 table="pages" seconds=3.276e-6 stage="query_runtime"
2026-09-10T20:57:21.741418Z DEBUG transparent_shard_server::service: query stage revision=5b7ee9849d47f5ee67d04eb6ca4588beacf42dce75e5a1b481dfd02607b1fb20 table="pages" seconds=5.5054e-5 admitted=true stage="query_memory_admission"
2026-09-10T20:57:21.741441Z DEBUG transparent_shard_server::service: query stage revision=5b7ee9849d47f5ee67d04eb6ca4588beacf42dce75e5a1b481dfd02607b1fb20 table="pages" seconds=1.842e-5 stage="query_dispatch"
2026-09-10T20:57:21.754489Z DEBUG transparent_shard_server::service: query stage revision=5b7ee9849d47f5ee67d04eb6ca4588beacf42dce75e5a1b481dfd02607b1fb20 table="pages" seconds=0.021956123 stage="query_evaluate"
2026-09-10T20:57:21.768497Z DEBUG transparent_shard_server::service: query stage revision=5b7ee9849d47f5ee67d04eb6ca4588beacf42dce75e5a1b481dfd02607b1fb20 table="pages" seconds=0.027037709 stage="query_evaluate"
2026-09-10T20:57:21.840968Z DEBUG transparent_shard_server::runtime: construction stage geometry="recent-8k" table="pages" seconds=0.292070034 stage="encode_database"
2026-09-10T20:57:21.841072Z DEBUG transparent_shard_server::runtime: construction stage geometry="recent-8k" table="pages" seconds=7.1737e-5 stage="public_setup"
2026-09-10T20:57:21.871246Z DEBUG transparent_shard_server::runtime: construction stage geometry="recent-8k" table="directory" seconds=0.326209467 stage="encode_database"
2026-09-10T20:57:21.871361Z DEBUG transparent_shard_server::runtime: construction stage geometry="recent-8k" table="directory" seconds=8.782e-5 stage="public_setup"
2026-09-10T20:57:21.907986Z DEBUG transparent_shard_server::service: query stage revision=5b7ee9849d47f5ee67d04eb6ca4588beacf42dce75e5a1b481dfd02607b1fb20 table="directory" seconds=2.514e-6 stage="query_admission"
2026-09-10T20:57:21.908018Z DEBUG transparent_shard_server::service: query stage revision=5b7ee9849d47f5ee67d04eb6ca4588beacf42dce75e5a1b481dfd02607b1fb20 table="directory" seconds=4.071e-6 stage="query_runtime"
2026-09-10T20:57:21.908084Z DEBUG transparent_shard_server::service: query stage revision=5b7ee9849d47f5ee67d04eb6ca4588beacf42dce75e5a1b481dfd02607b1fb20 table="directory" seconds=6.3404e-5 admitted=true stage="query_memory_admission"
2026-09-10T20:57:21.908108Z DEBUG transparent_shard_server::service: query stage revision=5b7ee9849d47f5ee67d04eb6ca4588beacf42dce75e5a1b481dfd02607b1fb20 table="directory" seconds=1.8623e-5 stage="query_dispatch"
2026-09-10T20:57:21.923434Z DEBUG transparent_shard_server::service: query stage revision=5b7ee9849d47f5ee67d04eb6ca4588beacf42dce75e5a1b481dfd02607b1fb20 table="directory" seconds=2.246e-6 stage="query_admission"
2026-09-10T20:57:21.923461Z DEBUG transparent_shard_server::service: query stage revision=5b7ee9849d47f5ee67d04eb6ca4588beacf42dce75e5a1b481dfd02607b1fb20 table="directory" seconds=5.227e-6 stage="query_runtime"
2026-09-10T20:57:21.923522Z DEBUG transparent_shard_server::service: query stage revision=5b7ee9849d47f5ee67d04eb6ca4588beacf42dce75e5a1b481dfd02607b1fb20 table="directory" seconds=5.8182e-5 admitted=true stage="query_memory_admission"
2026-09-10T20:57:21.923545Z DEBUG transparent_shard_server::service: query stage revision=5b7ee9849d47f5ee67d04eb6ca4588beacf42dce75e5a1b481dfd02607b1fb20 table="directory" seconds=1.764e-5 stage="query_dispatch"
2026-09-10T20:57:22.912891Z DEBUG transparent_shard_server::runtime: construction stage geometry="recent-8k" table="directory" seconds=1.041523001 stage="hint_columns"
2026-09-10T20:57:22.923585Z DEBUG transparent_shard_server::service: query stage revision=5b7ee9849d47f5ee67d04eb6ca4588beacf42dce75e5a1b481dfd02607b1fb20 table="directory" seconds=1.000027092 stage="query_evaluate"
2026-09-10T20:57:22.923708Z DEBUG transparent_shard_server::service: query stage revision=5b7ee9849d47f5ee67d04eb6ca4588beacf42dce75e5a1b481dfd02607b1fb20 table="directory" seconds=1.0155818 stage="query_evaluate"
2026-09-10T20:57:22.930234Z DEBUG transparent_shard_server::runtime: construction stage geometry="recent-8k" table="pages" seconds=1.089156455 stage="hint_columns"
2026-09-10T20:57:23.077000Z DEBUG transparent_shard_server::service: query stage revision=5b7ee9849d47f5ee67d04eb6ca4588beacf42dce75e5a1b481dfd02607b1fb20 table="pages" seconds=2.428e-6 stage="query_admission"
2026-09-10T20:57:23.077033Z DEBUG transparent_shard_server::service: query stage revision=5b7ee9849d47f5ee67d04eb6ca4588beacf42dce75e5a1b481dfd02607b1fb20 table="pages" seconds=3.36e-6 stage="query_runtime"
2026-09-10T20:57:23.077085Z DEBUG transparent_shard_server::service: query stage revision=5b7ee9849d47f5ee67d04eb6ca4588beacf42dce75e5a1b481dfd02607b1fb20 table="pages" seconds=4.8915e-5 admitted=true stage="query_memory_admission"
2026-09-10T20:57:23.077112Z DEBUG transparent_shard_server::service: query stage revision=5b7ee9849d47f5ee67d04eb6ca4588beacf42dce75e5a1b481dfd02607b1fb20 table="pages" seconds=2.345e-5 stage="query_dispatch"
2026-09-10T20:57:23.080972Z DEBUG transparent_shard_server::service: query stage revision=5b7ee9849d47f5ee67d04eb6ca4588beacf42dce75e5a1b481dfd02607b1fb20 table="pages" seconds=1.514e-6 stage="query_admission"
2026-09-10T20:57:23.080994Z DEBUG transparent_shard_server::service: query stage revision=5b7ee9849d47f5ee67d04eb6ca4588beacf42dce75e5a1b481dfd02607b1fb20 table="pages" seconds=2.991e-6 stage="query_runtime"
2026-09-10T20:57:23.081053Z DEBUG transparent_shard_server::service: query stage revision=5b7ee9849d47f5ee67d04eb6ca4588beacf42dce75e5a1b481dfd02607b1fb20 table="pages" seconds=5.5123e-5 admitted=true stage="query_memory_admission"
2026-09-10T20:57:23.081077Z DEBUG transparent_shard_server::service: query stage revision=5b7ee9849d47f5ee67d04eb6ca4588beacf42dce75e5a1b481dfd02607b1fb20 table="pages" seconds=1.8822e-5 stage="query_dispatch"
2026-09-10T20:57:23.092595Z DEBUG transparent_shard_server::service: query stage revision=5b7ee9849d47f5ee67d04eb6ca4588beacf42dce75e5a1b481dfd02607b1fb20 table="pages" seconds=0.015468007 stage="query_evaluate"
2026-09-10T20:57:23.101146Z DEBUG transparent_shard_server::service: query stage revision=5b7ee9849d47f5ee67d04eb6ca4588beacf42dce75e5a1b481dfd02607b1fb20 table="pages" seconds=0.020053029 stage="query_evaluate"
2026-09-10T20:57:23.247821Z DEBUG transparent_shard_server::service: query stage revision=5b7ee9849d47f5ee67d04eb6ca4588beacf42dce75e5a1b481dfd02607b1fb20 table="directory" seconds=2.593e-6 stage="query_admission"
2026-09-10T20:57:23.247858Z DEBUG transparent_shard_server::service: query stage revision=5b7ee9849d47f5ee67d04eb6ca4588beacf42dce75e5a1b481dfd02607b1fb20 table="directory" seconds=6.381e-6 stage="query_runtime"
2026-09-10T20:57:23.247931Z DEBUG transparent_shard_server::service: query stage revision=5b7ee9849d47f5ee67d04eb6ca4588beacf42dce75e5a1b481dfd02607b1fb20 table="directory" seconds=6.9663e-5 admitted=true stage="query_memory_admission"
2026-09-10T20:57:23.247956Z DEBUG transparent_shard_server::service: query stage revision=5b7ee9849d47f5ee67d04eb6ca4588beacf42dce75e5a1b481dfd02607b1fb20 table="directory" seconds=2.1348e-5 stage="query_dispatch"
2026-09-10T20:57:23.258433Z DEBUG transparent_shard_server::service: query stage revision=5b7ee9849d47f5ee67d04eb6ca4588beacf42dce75e5a1b481dfd02607b1fb20 table="directory" seconds=2.556e-6 stage="query_admission"
2026-09-10T20:57:23.258464Z DEBUG transparent_shard_server::service: query stage revision=5b7ee9849d47f5ee67d04eb6ca4588beacf42dce75e5a1b481dfd02607b1fb20 table="directory" seconds=5.623e-6 stage="query_runtime"
2026-09-10T20:57:23.258529Z DEBUG transparent_shard_server::service: query stage revision=5b7ee9849d47f5ee67d04eb6ca4588beacf42dce75e5a1b481dfd02607b1fb20 table="directory" seconds=6.2136e-5 admitted=true stage="query_memory_admission"
2026-09-10T20:57:23.258552Z DEBUG transparent_shard_server::service: query stage revision=5b7ee9849d47f5ee67d04eb6ca4588beacf42dce75e5a1b481dfd02607b1fb20 table="directory" seconds=1.7777e-5 stage="query_dispatch"
2026-09-10T20:57:23.263529Z DEBUG transparent_shard_server::service: query stage revision=5b7ee9849d47f5ee67d04eb6ca4588beacf42dce75e5a1b481dfd02607b1fb20 table="directory" seconds=0.015567289 stage="query_evaluate"
2026-09-10T20:57:23.272757Z DEBUG transparent_shard_server::service: query stage revision=5b7ee9849d47f5ee67d04eb6ca4588beacf42dce75e5a1b481dfd02607b1fb20 table="directory" seconds=0.0141869 stage="query_evaluate"
2026-09-10T20:57:23.421513Z DEBUG transparent_shard_server::service: query stage revision=5b7ee9849d47f5ee67d04eb6ca4588beacf42dce75e5a1b481dfd02607b1fb20 table="pages" seconds=2.552e-6 stage="query_admission"
2026-09-10T20:57:23.421551Z DEBUG transparent_shard_server::service: query stage revision=5b7ee9849d47f5ee67d04eb6ca4588beacf42dce75e5a1b481dfd02607b1fb20 table="pages" seconds=4.757e-6 stage="query_runtime"
2026-09-10T20:57:23.421629Z DEBUG transparent_shard_server::service: query stage revision=5b7ee9849d47f5ee67d04eb6ca4588beacf42dce75e5a1b481dfd02607b1fb20 table="pages" seconds=7.4382e-5 admitted=true stage="query_memory_admission"
2026-09-10T20:57:23.421672Z DEBUG transparent_shard_server::service: query stage revision=5b7ee9849d47f5ee67d04eb6ca4588beacf42dce75e5a1b481dfd02607b1fb20 table="pages" seconds=2.4214e-5 stage="query_dispatch"
2026-09-10T20:57:23.432432Z DEBUG transparent_shard_server::service: query stage revision=5b7ee9849d47f5ee67d04eb6ca4588beacf42dce75e5a1b481dfd02607b1fb20 table="pages" seconds=2.198e-6 stage="query_admission"
2026-09-10T20:57:23.432469Z DEBUG transparent_shard_server::service: query stage revision=5b7ee9849d47f5ee67d04eb6ca4588beacf42dce75e5a1b481dfd02607b1fb20 table="pages" seconds=4.397e-6 stage="query_runtime"
2026-09-10T20:57:23.432552Z DEBUG transparent_shard_server::service: query stage revision=5b7ee9849d47f5ee67d04eb6ca4588beacf42dce75e5a1b481dfd02607b1fb20 table="pages" seconds=7.0602e-5 admitted=true stage="query_memory_admission"
2026-09-10T20:57:23.432584Z DEBUG transparent_shard_server::service: query stage revision=5b7ee9849d47f5ee67d04eb6ca4588beacf42dce75e5a1b481dfd02607b1fb20 table="pages" seconds=2.8372e-5 stage="query_dispatch"
2026-09-10T20:57:23.436995Z DEBUG transparent_shard_server::service: query stage revision=5b7ee9849d47f5ee67d04eb6ca4588beacf42dce75e5a1b481dfd02607b1fb20 table="pages" seconds=0.015299144 stage="query_evaluate"
2026-09-10T20:57:23.447328Z DEBUG transparent_shard_server::service: query stage revision=5b7ee9849d47f5ee67d04eb6ca4588beacf42dce75e5a1b481dfd02607b1fb20 table="pages" seconds=0.014737661 stage="query_evaluate"
2026-09-10T20:57:23.592259Z DEBUG transparent_shard_server::service: query stage revision=5b7ee9849d47f5ee67d04eb6ca4588beacf42dce75e5a1b481dfd02607b1fb20 table="directory" seconds=2.428e-6 stage="query_admission"
2026-09-10T20:57:23.592297Z DEBUG transparent_shard_server::service: query stage revision=5b7ee9849d47f5ee67d04eb6ca4588beacf42dce75e5a1b481dfd02607b1fb20 table="directory" seconds=6.006e-6 stage="query_runtime"
2026-09-10T20:57:23.592358Z DEBUG transparent_shard_server::service: query stage revision=5b7ee9849d47f5ee67d04eb6ca4588beacf42dce75e5a1b481dfd02607b1fb20 table="directory" seconds=5.7191e-5 admitted=true stage="query_memory_admission"
2026-09-10T20:57:23.592387Z DEBUG transparent_shard_server::service: query stage revision=5b7ee9849d47f5ee67d04eb6ca4588beacf42dce75e5a1b481dfd02607b1fb20 table="directory" seconds=2.3338e-5 stage="query_dispatch"
2026-09-10T20:57:23.603424Z DEBUG transparent_shard_server::service: query stage revision=5b7ee9849d47f5ee67d04eb6ca4588beacf42dce75e5a1b481dfd02607b1fb20 table="directory" seconds=2.224e-6 stage="query_admission"
2026-09-10T20:57:23.603460Z DEBUG transparent_shard_server::service: query stage revision=5b7ee9849d47f5ee67d04eb6ca4588beacf42dce75e5a1b481dfd02607b1fb20 table="directory" seconds=5.193e-6 stage="query_runtime"
2026-09-10T20:57:23.603534Z DEBUG transparent_shard_server::service: query stage revision=5b7ee9849d47f5ee67d04eb6ca4588beacf42dce75e5a1b481dfd02607b1fb20 table="directory" seconds=7.0694e-5 admitted=true stage="query_memory_admission"
2026-09-10T20:57:23.603559Z DEBUG transparent_shard_server::service: query stage revision=5b7ee9849d47f5ee67d04eb6ca4588beacf42dce75e5a1b481dfd02607b1fb20 table="directory" seconds=2.0616e-5 stage="query_dispatch"
2026-09-10T20:57:23.608474Z DEBUG transparent_shard_server::service: query stage revision=5b7ee9849d47f5ee67d04eb6ca4588beacf42dce75e5a1b481dfd02607b1fb20 table="directory" seconds=0.016064907 stage="query_evaluate"
2026-09-10T20:57:23.618599Z DEBUG transparent_shard_server::service: query stage revision=5b7ee9849d47f5ee67d04eb6ca4588beacf42dce75e5a1b481dfd02607b1fb20 table="directory" seconds=0.015019194 stage="query_evaluate"
2026-09-10T20:57:23.771546Z DEBUG transparent_shard_server::service: query stage revision=5b7ee9849d47f5ee67d04eb6ca4588beacf42dce75e5a1b481dfd02607b1fb20 table="pages" seconds=2.961e-6 stage="query_admission"
2026-09-10T20:57:23.771583Z DEBUG transparent_shard_server::service: query stage revision=5b7ee9849d47f5ee67d04eb6ca4588beacf42dce75e5a1b481dfd02607b1fb20 table="pages" seconds=4.705e-6 stage="query_runtime"
2026-09-10T20:57:23.771669Z DEBUG transparent_shard_server::service: query stage revision=5b7ee9849d47f5ee67d04eb6ca4588beacf42dce75e5a1b481dfd02607b1fb20 table="pages" seconds=6.9905e-5 admitted=true stage="query_memory_admission"
2026-09-10T20:57:23.771696Z DEBUG transparent_shard_server::service: query stage revision=5b7ee9849d47f5ee67d04eb6ca4588beacf42dce75e5a1b481dfd02607b1fb20 table="pages" seconds=2.292e-5 stage="query_dispatch"
2026-09-10T20:57:23.773289Z DEBUG transparent_shard_server::service: query stage revision=5b7ee9849d47f5ee67d04eb6ca4588beacf42dce75e5a1b481dfd02607b1fb20 table="pages" seconds=1.355e-6 stage="query_admission"
2026-09-10T20:57:23.773311Z DEBUG transparent_shard_server::service: query stage revision=5b7ee9849d47f5ee67d04eb6ca4588beacf42dce75e5a1b481dfd02607b1fb20 table="pages" seconds=3.69e-6 stage="query_runtime"
2026-09-10T20:57:23.773359Z DEBUG transparent_shard_server::service: query stage revision=5b7ee9849d47f5ee67d04eb6ca4588beacf42dce75e5a1b481dfd02607b1fb20 table="pages" seconds=4.5491e-5 admitted=true stage="query_memory_admission"
2026-09-10T20:57:23.773374Z DEBUG transparent_shard_server::service: query stage revision=5b7ee9849d47f5ee67d04eb6ca4588beacf42dce75e5a1b481dfd02607b1fb20 table="pages" seconds=1.1336e-5 stage="query_dispatch"
2026-09-10T20:57:23.887051Z DEBUG transparent_shard_server::service: query stage revision=5b7ee9849d47f5ee67d04eb6ca4588beacf42dce75e5a1b481dfd02607b1fb20 table="pages" seconds=0.113670704 stage="query_evaluate"
2026-09-10T20:57:23.887728Z DEBUG transparent_shard_server::service: query stage revision=5b7ee9849d47f5ee67d04eb6ca4588beacf42dce75e5a1b481dfd02607b1fb20 table="pages" seconds=0.116027044 stage="query_evaluate"
2026-09-10T20:57:24.048514Z DEBUG transparent_shard_server::service: query stage revision=5b7ee9849d47f5ee67d04eb6ca4588beacf42dce75e5a1b481dfd02607b1fb20 table="directory" seconds=2.359e-6 stage="query_admission"
2026-09-10T20:57:24.048556Z DEBUG transparent_shard_server::service: query stage revision=5b7ee9849d47f5ee67d04eb6ca4588beacf42dce75e5a1b481dfd02607b1fb20 table="directory" seconds=4.311e-6 stage="query_runtime"
2026-09-10T20:57:24.048641Z DEBUG transparent_shard_server::service: query stage revision=5b7ee9849d47f5ee67d04eb6ca4588beacf42dce75e5a1b481dfd02607b1fb20 table="directory" seconds=8.1913e-5 admitted=true stage="query_memory_admission"
2026-09-10T20:57:24.051197Z DEBUG transparent_shard_server::service: query stage revision=5b7ee9849d47f5ee67d04eb6ca4588beacf42dce75e5a1b481dfd02607b1fb20 table="directory" seconds=0.002549913 stage="query_dispatch"
2026-09-10T20:57:24.052300Z DEBUG transparent_shard_server::service: query stage revision=5b7ee9849d47f5ee67d04eb6ca4588beacf42dce75e5a1b481dfd02607b1fb20 table="directory" seconds=2.514e-6 stage="query_admission"
2026-09-10T20:57:24.052329Z DEBUG transparent_shard_server::service: query stage revision=5b7ee9849d47f5ee67d04eb6ca4588beacf42dce75e5a1b481dfd02607b1fb20 table="directory" seconds=6.156e-6 stage="query_runtime"
2026-09-10T20:57:24.052400Z DEBUG transparent_shard_server::service: query stage revision=5b7ee9849d47f5ee67d04eb6ca4588beacf42dce75e5a1b481dfd02607b1fb20 table="directory" seconds=6.8034e-5 admitted=true stage="query_memory_admission"
2026-09-10T20:57:24.052418Z DEBUG transparent_shard_server::service: query stage revision=5b7ee9849d47f5ee67d04eb6ca4588beacf42dce75e5a1b481dfd02607b1fb20 table="directory" seconds=1.3156e-5 stage="query_dispatch"
2026-09-10T20:57:24.113724Z DEBUG transparent_shard_server::service: query stage revision=5b7ee9849d47f5ee67d04eb6ca4588beacf42dce75e5a1b481dfd02607b1fb20 table="directory" seconds=0.062487781 stage="query_evaluate"
2026-09-10T20:57:24.117792Z DEBUG transparent_shard_server::service: query stage revision=5b7ee9849d47f5ee67d04eb6ca4588beacf42dce75e5a1b481dfd02607b1fb20 table="directory" seconds=0.065361916 stage="query_evaluate"
2026-09-10T20:57:24.272421Z DEBUG transparent_shard_server::service: query stage revision=5b7ee9849d47f5ee67d04eb6ca4588beacf42dce75e5a1b481dfd02607b1fb20 table="pages" seconds=2.113e-6 stage="query_admission"
2026-09-10T20:57:24.272474Z DEBUG transparent_shard_server::service: query stage revision=5b7ee9849d47f5ee67d04eb6ca4588beacf42dce75e5a1b481dfd02607b1fb20 table="pages" seconds=5.592e-6 stage="query_runtime"
2026-09-10T20:57:24.272550Z DEBUG transparent_shard_server::service: query stage revision=5b7ee9849d47f5ee67d04eb6ca4588beacf42dce75e5a1b481dfd02607b1fb20 table="pages" seconds=7.238e-5 admitted=true stage="query_memory_admission"
2026-09-10T20:57:24.272579Z DEBUG transparent_shard_server::service: query stage revision=5b7ee9849d47f5ee67d04eb6ca4588beacf42dce75e5a1b481dfd02607b1fb20 table="pages" seconds=2.5373e-5 stage="query_dispatch"
2026-09-10T20:57:24.274761Z DEBUG transparent_shard_server::service: query stage revision=5b7ee9849d47f5ee67d04eb6ca4588beacf42dce75e5a1b481dfd02607b1fb20 table="pages" seconds=1.942e-6 stage="query_admission"
2026-09-10T20:57:24.274792Z DEBUG transparent_shard_server::service: query stage revision=5b7ee9849d47f5ee67d04eb6ca4588beacf42dce75e5a1b481dfd02607b1fb20 table="pages" seconds=4.666e-6 stage="query_runtime"
2026-09-10T20:57:24.274857Z DEBUG transparent_shard_server::service: query stage revision=5b7ee9849d47f5ee67d04eb6ca4588beacf42dce75e5a1b481dfd02607b1fb20 table="pages" seconds=6.1892e-5 admitted=true stage="query_memory_admission"
2026-09-10T20:57:24.274884Z DEBUG transparent_shard_server::service: query stage revision=5b7ee9849d47f5ee67d04eb6ca4588beacf42dce75e5a1b481dfd02607b1fb20 table="pages" seconds=2.1608e-5 stage="query_dispatch"
2026-09-10T20:57:24.293746Z DEBUG transparent_shard_server::service: query stage revision=5b7ee9849d47f5ee67d04eb6ca4588beacf42dce75e5a1b481dfd02607b1fb20 table="pages" seconds=0.018839378 stage="query_evaluate"
2026-09-10T20:57:24.294812Z DEBUG transparent_shard_server::service: query stage revision=5b7ee9849d47f5ee67d04eb6ca4588beacf42dce75e5a1b481dfd02607b1fb20 table="pages" seconds=0.022227173 stage="query_evaluate"
2026-09-10T20:57:24.456485Z DEBUG transparent_shard_server::service: query stage revision=5b7ee9849d47f5ee67d04eb6ca4588beacf42dce75e5a1b481dfd02607b1fb20 table="directory" seconds=2.361e-6 stage="query_admission"
2026-09-10T20:57:24.456522Z DEBUG transparent_shard_server::service: query stage revision=5b7ee9849d47f5ee67d04eb6ca4588beacf42dce75e5a1b481dfd02607b1fb20 table="directory" seconds=5.053e-6 stage="query_runtime"
2026-09-10T20:57:24.456595Z DEBUG transparent_shard_server::service: query stage revision=5b7ee9849d47f5ee67d04eb6ca4588beacf42dce75e5a1b481dfd02607b1fb20 table="directory" seconds=7.0442e-5 admitted=true stage="query_memory_admission"
2026-09-10T20:57:24.456778Z DEBUG transparent_shard_server::service: query stage revision=5b7ee9849d47f5ee67d04eb6ca4588beacf42dce75e5a1b481dfd02607b1fb20 table="directory" seconds=1.333e-6 stage="query_admission"
2026-09-10T20:57:24.456788Z DEBUG transparent_shard_server::service: query stage revision=5b7ee9849d47f5ee67d04eb6ca4588beacf42dce75e5a1b481dfd02607b1fb20 table="directory" seconds=2.614e-6 stage="query_runtime"
2026-09-10T20:57:24.456827Z DEBUG transparent_shard_server::service: query stage revision=5b7ee9849d47f5ee67d04eb6ca4588beacf42dce75e5a1b481dfd02607b1fb20 table="directory" seconds=3.677e-5 admitted=true stage="query_memory_admission"
2026-09-10T20:57:24.456841Z DEBUG transparent_shard_server::service: query stage revision=5b7ee9849d47f5ee67d04eb6ca4588beacf42dce75e5a1b481dfd02607b1fb20 table="directory" seconds=0.000241556 stage="query_dispatch"
2026-09-10T20:57:24.463175Z DEBUG transparent_shard_server::service: query stage revision=5b7ee9849d47f5ee67d04eb6ca4588beacf42dce75e5a1b481dfd02607b1fb20 table="directory" seconds=0.006343278 stage="query_dispatch"
2026-09-10T20:57:25.248363Z DEBUG transparent_shard_server::service: query stage revision=5b7ee9849d47f5ee67d04eb6ca4588beacf42dce75e5a1b481dfd02607b1fb20 table="directory" seconds=0.785153898 stage="query_evaluate"
2026-09-10T20:57:25.253260Z DEBUG transparent_shard_server::runtime: construction stage geometry="recent-8k" table="pages" seconds=2.3230063530000002 stage="pack_preprocessing"
2026-09-10T20:57:25.253592Z DEBUG transparent_shard_server::runtime: construction stage geometry="recent-8k" table="pages" seconds=0.000279823 stage="publish_parameters"
2026-09-10T20:57:25.255332Z DEBUG transparent_shard_server::service: query stage revision=5b7ee9849d47f5ee67d04eb6ca4588beacf42dce75e5a1b481dfd02607b1fb20 table="directory" seconds=0.798485008 stage="query_evaluate"
2026-09-10T20:57:25.255423Z DEBUG transparent_shard_server::runtime: runtime stage key=("be059aab39ac34125e0452548d6fbcfb1e7cdb7237a597bd59ee86011ed4882b", Pages, 0) seconds=3.706526496 stage="runtime_build"
2026-09-10T20:57:25.276626Z DEBUG transparent_shard_server::runtime: construction stage geometry="recent-8k" table="directory" seconds=2.363696006 stage="pack_preprocessing"
2026-09-10T20:57:25.276915Z DEBUG transparent_shard_server::runtime: construction stage geometry="recent-8k" table="directory" seconds=0.000245094 stage="publish_parameters"
2026-09-10T20:57:25.277609Z DEBUG transparent_shard_server::runtime: runtime stage key=("be059aab39ac34125e0452548d6fbcfb1e7cdb7237a597bd59ee86011ed4882b", Directory, 0) seconds=3.73257382 stage="runtime_build"
2026-09-10T20:57:25.277733Z  INFO transparent_shard_server::service: prewarm finished warm=28 target=28 failed=0 seconds=3.9326613200000002
2026-09-10T20:57:25.277778Z DEBUG transparent_shard_server::live: publication preparation stages map=32426d9e9300c44558210d8540b636402af2b3c322627f9e9f26e0082b489725 loading_seconds=0.620410354 warming_seconds=3.932759585
2026-09-10T20:57:25.341623Z  INFO transparent_shard_server::runtime: retired runtime memory reclaimed rss_before=4968697856 rss_after=4510560256
2026-09-10T20:57:25.374369Z DEBUG transparent_shard_server::runtime: runtime stage key=("5b7ee9849d47f5ee67d04eb6ca4588beacf42dce75e5a1b481dfd02607b1fb20", Pages, 0) seconds=1.175e-6 stage="restore_slot"
2026-09-10T20:57:25.898575Z DEBUG transparent_shard_server::runtime: runtime stage key=("268f5c527d35817d37919707b04a706c850d449156baa071b5438dbf8eb53aec", Directory, 0) seconds=1.831e-6 stage="restore_slot"
2026-09-10T20:57:25.898576Z DEBUG transparent_shard_server::runtime: runtime stage key=("268f5c527d35817d37919707b04a706c850d449156baa071b5438dbf8eb53aec", Pages, 0) seconds=1.275e-6 stage="restore_slot"
2026-09-10T20:57:25.898728Z DEBUG transparent_shard_server::runtime: runtime stage key=("268f5c527d35817d37919707b04a706c850d449156baa071b5438dbf8eb53aec", Directory, 0) seconds=3.3933e-5 hit=false stage="disk_restore"
2026-09-10T20:57:25.898755Z DEBUG transparent_shard_server::runtime: runtime stage key=("268f5c527d35817d37919707b04a706c850d449156baa071b5438dbf8eb53aec", Directory, 0) seconds=5.08e-7 stage="build_slot"
2026-09-10T20:57:25.898759Z DEBUG transparent_shard_server::runtime: runtime stage key=("268f5c527d35817d37919707b04a706c850d449156baa071b5438dbf8eb53aec", Pages, 0) seconds=1.1422e-5 hit=false stage="disk_restore"
2026-09-10T20:57:25.898772Z DEBUG transparent_shard_server::runtime: runtime stage key=("268f5c527d35817d37919707b04a706c850d449156baa071b5438dbf8eb53aec", Pages, 0) seconds=3e-7 stage="build_slot"
2026-09-10T20:57:25.898785Z DEBUG transparent_shard_server::memory: cold build admission wait seconds=2.4697e-5 admitted=true
2026-09-10T20:57:25.898814Z DEBUG transparent_shard_server::memory: cold build admission wait seconds=3.5474e-5 admitted=true
2026-09-10T20:57:26.010712Z DEBUG transparent_shard_server::runtime: runtime stage key=("be059aab39ac34125e0452548d6fbcfb1e7cdb7237a597bd59ee86011ed4882b", Pages, 0) seconds=0.755261826 stage="disk_save"
2026-09-10T20:57:26.075821Z DEBUG transparent_shard_server::runtime: runtime stage key=("268f5c527d35817d37919707b04a706c850d449156baa071b5438dbf8eb53aec", Pages, 0) seconds=0.17696949 stage="source_load"
2026-09-10T20:57:26.090077Z DEBUG transparent_shard_server::runtime: runtime stage key=("268f5c527d35817d37919707b04a706c850d449156baa071b5438dbf8eb53aec", Directory, 0) seconds=0.191272183 stage="source_load"
2026-09-10T20:57:26.137961Z DEBUG transparent_shard_server::runtime: runtime stage key=("5b7ee9849d47f5ee67d04eb6ca4588beacf42dce75e5a1b481dfd02607b1fb20", Pages, 0) seconds=0.763474806 hit=true stage="disk_restore"
2026-09-10T20:57:26.262827Z DEBUG transparent_shard_server::runtime: runtime stage key=("5b7ee9849d47f5ee67d04eb6ca4588beacf42dce75e5a1b481dfd02607b1fb20", Pages, 0) seconds=0.124821799 stage="source_verify"
2026-09-10T20:57:26.262862Z  INFO transparent_shard_server::runtime: restored runtime cache seconds=0.888377858
2026-09-10T20:57:26.293297Z DEBUG transparent_shard_server::service: query stage revision=5b7ee9849d47f5ee67d04eb6ca4588beacf42dce75e5a1b481dfd02607b1fb20 table="pages" seconds=2.481e-6 stage="query_admission"
2026-09-10T20:57:26.293332Z DEBUG transparent_shard_server::service: query stage revision=5b7ee9849d47f5ee67d04eb6ca4588beacf42dce75e5a1b481dfd02607b1fb20 table="pages" seconds=5.595e-6 stage="query_runtime"
2026-09-10T20:57:26.293442Z DEBUG transparent_shard_server::service: query stage revision=5b7ee9849d47f5ee67d04eb6ca4588beacf42dce75e5a1b481dfd02607b1fb20 table="pages" seconds=0.000106718 admitted=true stage="query_memory_admission"
2026-09-10T20:57:26.293513Z DEBUG transparent_shard_server::service: query stage revision=5b7ee9849d47f5ee67d04eb6ca4588beacf42dce75e5a1b481dfd02607b1fb20 table="pages" seconds=1.782e-6 stage="query_admission"
2026-09-10T20:57:26.293532Z DEBUG transparent_shard_server::service: query stage revision=5b7ee9849d47f5ee67d04eb6ca4588beacf42dce75e5a1b481dfd02607b1fb20 table="pages" seconds=4.25e-6 stage="query_runtime"
2026-09-10T20:57:26.293594Z DEBUG transparent_shard_server::service: query stage revision=5b7ee9849d47f5ee67d04eb6ca4588beacf42dce75e5a1b481dfd02607b1fb20 table="pages" seconds=5.939e-5 admitted=true stage="query_memory_admission"
2026-09-10T20:57:26.296209Z DEBUG transparent_shard_server::service: query stage revision=5b7ee9849d47f5ee67d04eb6ca4588beacf42dce75e5a1b481dfd02607b1fb20 table="pages" seconds=0.002760878 stage="query_dispatch"
2026-09-10T20:57:26.296234Z DEBUG transparent_shard_server::service: query stage revision=5b7ee9849d47f5ee67d04eb6ca4588beacf42dce75e5a1b481dfd02607b1fb20 table="pages" seconds=0.002635877 stage="query_dispatch"
2026-09-10T20:57:26.325056Z DEBUG transparent_shard_server::service: query stage revision=5b7ee9849d47f5ee67d04eb6ca4588beacf42dce75e5a1b481dfd02607b1fb20 table="pages" seconds=0.028811872 stage="query_evaluate"
2026-09-10T20:57:26.325744Z DEBUG transparent_shard_server::service: query stage revision=5b7ee9849d47f5ee67d04eb6ca4588beacf42dce75e5a1b481dfd02607b1fb20 table="pages" seconds=0.029513631 stage="query_evaluate"
2026-09-10T20:57:26.397792Z DEBUG transparent_shard_server::runtime: construction stage geometry="recent-8k" table="pages" seconds=0.321939147 stage="encode_database"
2026-09-10T20:57:26.397910Z DEBUG transparent_shard_server::runtime: construction stage geometry="recent-8k" table="pages" seconds=8.3426e-5 stage="public_setup"
2026-09-10T20:57:26.407835Z DEBUG transparent_shard_server::runtime: construction stage geometry="recent-8k" table="directory" seconds=0.317725597 stage="encode_database"
2026-09-10T20:57:26.407999Z DEBUG transparent_shard_server::runtime: construction stage geometry="recent-8k" table="directory" seconds=0.00012873 stage="public_setup"
2026-09-10T20:57:26.513483Z DEBUG transparent_shard_server::service: query stage revision=be059aab39ac34125e0452548d6fbcfb1e7cdb7237a597bd59ee86011ed4882b table="directory" seconds=3.232e-6 stage="query_admission"
2026-09-10T20:57:26.513516Z DEBUG transparent_shard_server::service: query stage revision=be059aab39ac34125e0452548d6fbcfb1e7cdb7237a597bd59ee86011ed4882b table="directory" seconds=6.891e-6 stage="query_runtime"
2026-09-10T20:57:26.513592Z DEBUG transparent_shard_server::service: query stage revision=be059aab39ac34125e0452548d6fbcfb1e7cdb7237a597bd59ee86011ed4882b table="directory" seconds=7.3297e-5 admitted=true stage="query_memory_admission"
2026-09-10T20:57:26.513609Z DEBUG transparent_shard_server::service: query stage revision=be059aab39ac34125e0452548d6fbcfb1e7cdb7237a597bd59ee86011ed4882b table="directory" seconds=1.891e-6 stage="query_admission"
2026-09-10T20:57:26.513635Z DEBUG transparent_shard_server::service: query stage revision=be059aab39ac34125e0452548d6fbcfb1e7cdb7237a597bd59ee86011ed4882b table="directory" seconds=3.653e-6 stage="query_runtime"
2026-09-10T20:57:26.513693Z DEBUG transparent_shard_server::service: query stage revision=be059aab39ac34125e0452548d6fbcfb1e7cdb7237a597bd59ee86011ed4882b table="directory" seconds=5.5579e-5 admitted=true stage="query_memory_admission"
2026-09-10T20:57:26.516216Z DEBUG transparent_shard_server::service: query stage revision=be059aab39ac34125e0452548d6fbcfb1e7cdb7237a597bd59ee86011ed4882b table="directory" seconds=0.002618278 stage="query_dispatch"
2026-09-10T20:57:26.517199Z DEBUG transparent_shard_server::service: query stage revision=be059aab39ac34125e0452548d6fbcfb1e7cdb7237a597bd59ee86011ed4882b table="directory" seconds=0.003501078 stage="query_dispatch"
2026-09-10T20:57:26.766195Z DEBUG transparent_shard_server::runtime: runtime stage key=("be059aab39ac34125e0452548d6fbcfb1e7cdb7237a597bd59ee86011ed4882b", Directory, 0) seconds=1.488551056 stage="disk_save"
2026-09-10T20:57:27.583836Z DEBUG transparent_shard_server::service: query stage revision=be059aab39ac34125e0452548d6fbcfb1e7cdb7237a597bd59ee86011ed4882b table="directory" seconds=1.067597552 stage="query_evaluate"
2026-09-10T20:57:27.583851Z DEBUG transparent_shard_server::service: query stage revision=be059aab39ac34125e0452548d6fbcfb1e7cdb7237a597bd59ee86011ed4882b table="directory" seconds=1.066637447 stage="query_evaluate"
2026-09-10T20:57:27.584071Z DEBUG transparent_shard_server::runtime: construction stage geometry="recent-8k" table="directory" seconds=1.17606711 stage="hint_columns"
2026-09-10T20:57:27.587244Z DEBUG transparent_shard_server::runtime: construction stage geometry="recent-8k" table="pages" seconds=1.189326065 stage="hint_columns"
2026-09-10T20:57:27.774847Z DEBUG transparent_shard_server::service: query stage revision=be059aab39ac34125e0452548d6fbcfb1e7cdb7237a597bd59ee86011ed4882b table="pages" seconds=2.294e-6 stage="query_admission"
2026-09-10T20:57:27.774882Z DEBUG transparent_shard_server::service: query stage revision=be059aab39ac34125e0452548d6fbcfb1e7cdb7237a597bd59ee86011ed4882b table="pages" seconds=5.823e-6 stage="query_runtime"
2026-09-10T20:57:27.774952Z DEBUG transparent_shard_server::service: query stage revision=be059aab39ac34125e0452548d6fbcfb1e7cdb7237a597bd59ee86011ed4882b table="pages" seconds=6.6837e-5 admitted=true stage="query_memory_admission"
2026-09-10T20:57:27.774999Z DEBUG transparent_shard_server::service: query stage revision=be059aab39ac34125e0452548d6fbcfb1e7cdb7237a597bd59ee86011ed4882b table="pages" seconds=4.0133e-5 stage="query_dispatch"
2026-09-10T20:57:27.778792Z DEBUG transparent_shard_server::service: query stage revision=be059aab39ac34125e0452548d6fbcfb1e7cdb7237a597bd59ee86011ed4882b table="pages" seconds=4.732e-6 stage="query_admission"
2026-09-10T20:57:27.778839Z DEBUG transparent_shard_server::service: query stage revision=be059aab39ac34125e0452548d6fbcfb1e7cdb7237a597bd59ee86011ed4882b table="pages" seconds=8.602e-6 stage="query_runtime"
2026-09-10T20:57:27.778932Z DEBUG transparent_shard_server::service: query stage revision=be059aab39ac34125e0452548d6fbcfb1e7cdb7237a597bd59ee86011ed4882b table="pages" seconds=8.6914e-5 admitted=true stage="query_memory_admission"
2026-09-10T20:57:27.779822Z DEBUG transparent_shard_server::service: query stage revision=be059aab39ac34125e0452548d6fbcfb1e7cdb7237a597bd59ee86011ed4882b table="pages" seconds=0.000882007 stage="query_dispatch"
2026-09-10T20:57:27.803618Z DEBUG transparent_shard_server::service: query stage revision=be059aab39ac34125e0452548d6fbcfb1e7cdb7237a597bd59ee86011ed4882b table="pages" seconds=0.02859857 stage="query_evaluate"
2026-09-10T20:57:27.803629Z DEBUG transparent_shard_server::service: query stage revision=be059aab39ac34125e0452548d6fbcfb1e7cdb7237a597bd59ee86011ed4882b table="pages" seconds=0.023783268 stage="query_evaluate"
2026-09-10T20:57:27.968598Z DEBUG transparent_shard_server::service: query stage revision=be059aab39ac34125e0452548d6fbcfb1e7cdb7237a597bd59ee86011ed4882b table="directory" seconds=3.397e-6 stage="query_admission"
2026-09-10T20:57:27.968663Z DEBUG transparent_shard_server::service: query stage revision=be059aab39ac34125e0452548d6fbcfb1e7cdb7237a597bd59ee86011ed4882b table="directory" seconds=2.071e-5 stage="query_runtime"
2026-09-10T20:57:27.968733Z DEBUG transparent_shard_server::service: query stage revision=be059aab39ac34125e0452548d6fbcfb1e7cdb7237a597bd59ee86011ed4882b table="directory" seconds=6.5539e-5 admitted=true stage="query_memory_admission"
2026-09-10T20:57:27.968766Z DEBUG transparent_shard_server::service: query stage revision=be059aab39ac34125e0452548d6fbcfb1e7cdb7237a597bd59ee86011ed4882b table="directory" seconds=2.7014e-5 stage="query_dispatch"
2026-09-10T20:57:27.982503Z DEBUG transparent_shard_server::service: query stage revision=be059aab39ac34125e0452548d6fbcfb1e7cdb7237a597bd59ee86011ed4882b table="directory" seconds=0.013716544 stage="query_evaluate"
2026-09-10T20:57:28.039894Z DEBUG transparent_shard_server::service: query stage revision=be059aab39ac34125e0452548d6fbcfb1e7cdb7237a597bd59ee86011ed4882b table="directory" seconds=3.586e-6 stage="query_admission"
2026-09-10T20:57:28.039933Z DEBUG transparent_shard_server::service: query stage revision=be059aab39ac34125e0452548d6fbcfb1e7cdb7237a597bd59ee86011ed4882b table="directory" seconds=7.103e-6 stage="query_runtime"
2026-09-10T20:57:28.039996Z DEBUG transparent_shard_server::service: query stage revision=be059aab39ac34125e0452548d6fbcfb1e7cdb7237a597bd59ee86011ed4882b table="directory" seconds=6.0147e-5 admitted=true stage="query_memory_admission"
2026-09-10T20:57:28.040025Z DEBUG transparent_shard_server::service: query stage revision=be059aab39ac34125e0452548d6fbcfb1e7cdb7237a597bd59ee86011ed4882b table="directory" seconds=2.3355e-5 stage="query_dispatch"
2026-09-10T20:57:28.053942Z DEBUG transparent_shard_server::service: query stage revision=be059aab39ac34125e0452548d6fbcfb1e7cdb7237a597bd59ee86011ed4882b table="directory" seconds=0.013896892 stage="query_evaluate"
2026-09-10T20:57:28.141784Z DEBUG transparent_shard_server::service: query stage revision=be059aab39ac34125e0452548d6fbcfb1e7cdb7237a597bd59ee86011ed4882b table="pages" seconds=2.574e-6 stage="query_admission"
2026-09-10T20:57:28.141816Z DEBUG transparent_shard_server::service: query stage revision=be059aab39ac34125e0452548d6fbcfb1e7cdb7237a597bd59ee86011ed4882b table="pages" seconds=4.581e-6 stage="query_runtime"
2026-09-10T20:57:28.141863Z DEBUG transparent_shard_server::service: query stage revision=be059aab39ac34125e0452548d6fbcfb1e7cdb7237a597bd59ee86011ed4882b table="pages" seconds=4.3043e-5 admitted=true stage="query_memory_admission"
2026-09-10T20:57:28.141887Z DEBUG transparent_shard_server::service: query stage revision=be059aab39ac34125e0452548d6fbcfb1e7cdb7237a597bd59ee86011ed4882b table="pages" seconds=1.872e-5 stage="query_dispatch"
2026-09-10T20:57:28.156595Z DEBUG transparent_shard_server::service: query stage revision=be059aab39ac34125e0452548d6fbcfb1e7cdb7237a597bd59ee86011ed4882b table="pages" seconds=0.014688403 stage="query_evaluate"
2026-09-10T20:57:28.211224Z DEBUG transparent_shard_server::service: query stage revision=be059aab39ac34125e0452548d6fbcfb1e7cdb7237a597bd59ee86011ed4882b table="pages" seconds=3.027e-6 stage="query_admission"
2026-09-10T20:57:28.211258Z DEBUG transparent_shard_server::service: query stage revision=be059aab39ac34125e0452548d6fbcfb1e7cdb7237a597bd59ee86011ed4882b table="pages" seconds=5.818e-6 stage="query_runtime"
2026-09-10T20:57:28.211330Z DEBUG transparent_shard_server::service: query stage revision=be059aab39ac34125e0452548d6fbcfb1e7cdb7237a597bd59ee86011ed4882b table="pages" seconds=6.8312e-5 admitted=true stage="query_memory_admission"
2026-09-10T20:57:28.211348Z DEBUG transparent_shard_server::service: query stage revision=be059aab39ac34125e0452548d6fbcfb1e7cdb7237a597bd59ee86011ed4882b table="pages" seconds=1.3712e-5 stage="query_dispatch"
2026-09-10T20:57:28.226202Z DEBUG transparent_shard_server::service: query stage revision=be059aab39ac34125e0452548d6fbcfb1e7cdb7237a597bd59ee86011ed4882b table="pages" seconds=0.014847493 stage="query_evaluate"
2026-09-10T20:57:28.314301Z DEBUG transparent_shard_server::service: query stage revision=be059aab39ac34125e0452548d6fbcfb1e7cdb7237a597bd59ee86011ed4882b table="directory" seconds=4.05e-6 stage="query_admission"
2026-09-10T20:57:28.314342Z DEBUG transparent_shard_server::service: query stage revision=be059aab39ac34125e0452548d6fbcfb1e7cdb7237a597bd59ee86011ed4882b table="directory" seconds=7.479e-6 stage="query_runtime"
2026-09-10T20:57:28.314421Z DEBUG transparent_shard_server::service: query stage revision=be059aab39ac34125e0452548d6fbcfb1e7cdb7237a597bd59ee86011ed4882b table="directory" seconds=7.6173e-5 admitted=true stage="query_memory_admission"
2026-09-10T20:57:28.314450Z DEBUG transparent_shard_server::service: query stage revision=be059aab39ac34125e0452548d6fbcfb1e7cdb7237a597bd59ee86011ed4882b table="directory" seconds=2.5086e-5 stage="query_dispatch"
2026-09-10T20:57:28.328237Z DEBUG transparent_shard_server::service: query stage revision=be059aab39ac34125e0452548d6fbcfb1e7cdb7237a597bd59ee86011ed4882b table="directory" seconds=0.013780732 stage="query_evaluate"
2026-09-10T20:57:28.383510Z DEBUG transparent_shard_server::service: query stage revision=be059aab39ac34125e0452548d6fbcfb1e7cdb7237a597bd59ee86011ed4882b table="directory" seconds=2.576e-6 stage="query_admission"
2026-09-10T20:57:28.383550Z DEBUG transparent_shard_server::service: query stage revision=be059aab39ac34125e0452548d6fbcfb1e7cdb7237a597bd59ee86011ed4882b table="directory" seconds=6.587e-6 stage="query_runtime"
2026-09-10T20:57:28.383623Z DEBUG transparent_shard_server::service: query stage revision=be059aab39ac34125e0452548d6fbcfb1e7cdb7237a597bd59ee86011ed4882b table="directory" seconds=6.9898e-5 admitted=true stage="query_memory_admission"
2026-09-10T20:57:28.383653Z DEBUG transparent_shard_server::service: query stage revision=be059aab39ac34125e0452548d6fbcfb1e7cdb7237a597bd59ee86011ed4882b table="directory" seconds=2.6159e-5 stage="query_dispatch"
2026-09-10T20:57:28.486484Z DEBUG transparent_shard_server::service: query stage revision=be059aab39ac34125e0452548d6fbcfb1e7cdb7237a597bd59ee86011ed4882b table="pages" seconds=3.287e-6 stage="query_admission"
2026-09-10T20:57:28.486523Z DEBUG transparent_shard_server::service: query stage revision=be059aab39ac34125e0452548d6fbcfb1e7cdb7237a597bd59ee86011ed4882b table="pages" seconds=6.958e-6 stage="query_runtime"
2026-09-10T20:57:28.486602Z DEBUG transparent_shard_server::service: query stage revision=be059aab39ac34125e0452548d6fbcfb1e7cdb7237a597bd59ee86011ed4882b table="pages" seconds=7.5428e-5 admitted=true stage="query_memory_admission"
2026-09-10T20:57:28.486629Z DEBUG transparent_shard_server::service: query stage revision=be059aab39ac34125e0452548d6fbcfb1e7cdb7237a597bd59ee86011ed4882b table="pages" seconds=2.2879e-5 stage="query_dispatch"
2026-09-10T20:57:28.589784Z DEBUG transparent_shard_server::service: query stage revision=be059aab39ac34125e0452548d6fbcfb1e7cdb7237a597bd59ee86011ed4882b table="pages" seconds=0.103148882 stage="query_evaluate"
2026-09-10T20:57:28.676207Z DEBUG transparent_shard_server::service: query stage revision=be059aab39ac34125e0452548d6fbcfb1e7cdb7237a597bd59ee86011ed4882b table="directory" seconds=0.29254694 stage="query_evaluate"
2026-09-10T20:57:28.745721Z DEBUG transparent_shard_server::service: query stage revision=be059aab39ac34125e0452548d6fbcfb1e7cdb7237a597bd59ee86011ed4882b table="directory" seconds=3.265e-6 stage="query_admission"
2026-09-10T20:57:28.745762Z DEBUG transparent_shard_server::service: query stage revision=be059aab39ac34125e0452548d6fbcfb1e7cdb7237a597bd59ee86011ed4882b table="directory" seconds=7.106e-6 stage="query_runtime"
2026-09-10T20:57:28.745838Z DEBUG transparent_shard_server::service: query stage revision=be059aab39ac34125e0452548d6fbcfb1e7cdb7237a597bd59ee86011ed4882b table="directory" seconds=7.3374e-5 admitted=true stage="query_memory_admission"
2026-09-10T20:57:28.745868Z DEBUG transparent_shard_server::service: query stage revision=be059aab39ac34125e0452548d6fbcfb1e7cdb7237a597bd59ee86011ed4882b table="directory" seconds=1.1861e-5 stage="query_dispatch"
2026-09-10T20:57:28.836825Z DEBUG transparent_shard_server::service: query stage revision=be059aab39ac34125e0452548d6fbcfb1e7cdb7237a597bd59ee86011ed4882b table="pages" seconds=2.685e-6 stage="query_admission"
2026-09-10T20:57:28.836862Z DEBUG transparent_shard_server::service: query stage revision=be059aab39ac34125e0452548d6fbcfb1e7cdb7237a597bd59ee86011ed4882b table="pages" seconds=4.66e-6 stage="query_runtime"
2026-09-10T20:57:28.836937Z DEBUG transparent_shard_server::memory: work memory admission denied current=5196783616 limit=7516192768 held=1342177280 requested=268435456
2026-09-10T20:57:28.848202Z DEBUG transparent_shard_server::memory: work memory admission denied current=5196783616 limit=7516192768 held=1342177280 requested=268435456
2026-09-10T20:57:28.859400Z DEBUG transparent_shard_server::memory: work memory admission denied current=5196783616 limit=7516192768 held=1342177280 requested=268435456
2026-09-10T20:57:28.870664Z DEBUG transparent_shard_server::service: query stage revision=be059aab39ac34125e0452548d6fbcfb1e7cdb7237a597bd59ee86011ed4882b table="directory" seconds=0.124790294 stage="query_evaluate"
2026-09-10T20:57:28.870823Z DEBUG transparent_shard_server::service: query stage revision=be059aab39ac34125e0452548d6fbcfb1e7cdb7237a597bd59ee86011ed4882b table="pages" seconds=0.033956994 admitted=true stage="query_memory_admission"
2026-09-10T20:57:28.870848Z DEBUG transparent_shard_server::service: query stage revision=be059aab39ac34125e0452548d6fbcfb1e7cdb7237a597bd59ee86011ed4882b table="pages" seconds=8.852e-6 stage="query_dispatch"
2026-09-10T20:57:28.909831Z DEBUG transparent_shard_server::service: query stage revision=be059aab39ac34125e0452548d6fbcfb1e7cdb7237a597bd59ee86011ed4882b table="pages" seconds=0.038974348 stage="query_evaluate"
2026-09-10T20:57:29.026130Z DEBUG transparent_shard_server::service: query stage revision=be059aab39ac34125e0452548d6fbcfb1e7cdb7237a597bd59ee86011ed4882b table="pages" seconds=3.527e-6 stage="query_admission"
2026-09-10T20:57:29.026191Z DEBUG transparent_shard_server::service: query stage revision=be059aab39ac34125e0452548d6fbcfb1e7cdb7237a597bd59ee86011ed4882b table="pages" seconds=6.022e-6 stage="query_runtime"
2026-09-10T20:57:29.026267Z DEBUG transparent_shard_server::service: query stage revision=be059aab39ac34125e0452548d6fbcfb1e7cdb7237a597bd59ee86011ed4882b table="pages" seconds=7.1784e-5 admitted=true stage="query_memory_admission"
2026-09-10T20:57:29.026289Z DEBUG transparent_shard_server::service: query stage revision=be059aab39ac34125e0452548d6fbcfb1e7cdb7237a597bd59ee86011ed4882b table="pages" seconds=1.8418e-5 stage="query_dispatch"
2026-09-10T20:57:29.069422Z DEBUG transparent_shard_server::service: query stage revision=be059aab39ac34125e0452548d6fbcfb1e7cdb7237a597bd59ee86011ed4882b table="directory" seconds=2.622e-6 stage="query_admission"
2026-09-10T20:57:29.069459Z DEBUG transparent_shard_server::service: query stage revision=be059aab39ac34125e0452548d6fbcfb1e7cdb7237a597bd59ee86011ed4882b table="directory" seconds=4.124e-6 stage="query_runtime"
2026-09-10T20:57:29.069536Z DEBUG transparent_shard_server::memory: work memory admission denied current=5202235392 limit=7516192768 held=1342177280 requested=268435456
2026-09-10T20:57:29.080349Z DEBUG transparent_shard_server::memory: work memory admission denied current=5203021824 limit=7516192768 held=1342177280 requested=268435456
2026-09-10T20:57:29.091542Z DEBUG transparent_shard_server::memory: work memory admission denied current=5204070400 limit=7516192768 held=1342177280 requested=268435456
2026-09-10T20:57:29.102333Z DEBUG transparent_shard_server::service: query stage revision=be059aab39ac34125e0452548d6fbcfb1e7cdb7237a597bd59ee86011ed4882b table="directory" seconds=0.032869361 admitted=true stage="query_memory_admission"
2026-09-10T20:57:29.102389Z DEBUG transparent_shard_server::service: query stage revision=be059aab39ac34125e0452548d6fbcfb1e7cdb7237a597bd59ee86011ed4882b table="directory" seconds=2.3769e-5 stage="query_dispatch"
2026-09-10T20:57:29.106916Z DEBUG transparent_shard_server::service: query stage revision=be059aab39ac34125e0452548d6fbcfb1e7cdb7237a597bd59ee86011ed4882b table="pages" seconds=0.080620828 stage="query_evaluate"
2026-09-10T20:57:29.259869Z DEBUG transparent_shard_server::service: query stage revision=be059aab39ac34125e0452548d6fbcfb1e7cdb7237a597bd59ee86011ed4882b table="directory" seconds=3.144e-6 stage="query_admission"
2026-09-10T20:57:29.259907Z DEBUG transparent_shard_server::service: query stage revision=be059aab39ac34125e0452548d6fbcfb1e7cdb7237a597bd59ee86011ed4882b table="directory" seconds=6.38e-6 stage="query_runtime"
2026-09-10T20:57:29.259980Z DEBUG transparent_shard_server::memory: work memory admission denied current=5173010432 limit=7516192768 held=1342177280 requested=268435456
2026-09-10T20:57:29.271201Z DEBUG transparent_shard_server::memory: work memory admission denied current=5175369728 limit=7516192768 held=1342177280 requested=268435456
2026-09-10T20:57:29.285290Z DEBUG transparent_shard_server::memory: work memory admission denied current=5178253312 limit=7516192768 held=1342177280 requested=268435456
2026-09-10T20:57:29.296543Z DEBUG transparent_shard_server::memory: work memory admission denied current=5180350464 limit=7516192768 held=1342177280 requested=268435456
2026-09-10T20:57:29.309284Z DEBUG transparent_shard_server::memory: work memory admission denied current=5183234048 limit=7516192768 held=1342177280 requested=268435456
2026-09-10T20:57:29.320452Z DEBUG transparent_shard_server::memory: work memory admission denied current=5185593344 limit=7516192768 held=1342177280 requested=268435456
2026-09-10T20:57:29.331629Z DEBUG transparent_shard_server::memory: work memory admission denied current=5187690496 limit=7516192768 held=1342177280 requested=268435456
2026-09-10T20:57:29.342822Z DEBUG transparent_shard_server::memory: work memory admission denied current=5190311936 limit=7516192768 held=1342177280 requested=268435456
2026-09-10T20:57:29.354085Z DEBUG transparent_shard_server::memory: work memory admission denied current=5192671232 limit=7516192768 held=1342177280 requested=268435456
2026-09-10T20:57:29.365272Z DEBUG transparent_shard_server::memory: work memory admission denied current=5195030528 limit=7516192768 held=1342177280 requested=268435456
2026-09-10T20:57:29.376449Z DEBUG transparent_shard_server::memory: work memory admission denied current=5197914112 limit=7516192768 held=1342177280 requested=268435456
2026-09-10T20:57:29.390261Z DEBUG transparent_shard_server::memory: work memory admission denied current=5200273408 limit=7516192768 held=1342177280 requested=268435456
2026-09-10T20:57:29.401431Z DEBUG transparent_shard_server::memory: work memory admission denied current=5203156992 limit=7516192768 held=1342177280 requested=268435456
2026-09-10T20:57:29.412690Z DEBUG transparent_shard_server::memory: work memory admission denied current=5205254144 limit=7516192768 held=1342177280 requested=268435456
2026-09-10T20:57:29.423433Z DEBUG transparent_shard_server::memory: work memory admission denied current=5207613440 limit=7516192768 held=1342177280 requested=268435456
2026-09-10T20:57:29.434640Z DEBUG transparent_shard_server::memory: work memory admission denied current=5210234880 limit=7516192768 held=1342177280 requested=268435456
2026-09-10T20:57:29.445839Z DEBUG transparent_shard_server::memory: work memory admission denied current=5212594176 limit=7516192768 held=1342177280 requested=268435456
2026-09-10T20:57:29.459294Z DEBUG transparent_shard_server::memory: work memory admission denied current=5215477760 limit=7516192768 held=1342177280 requested=268435456
2026-09-10T20:57:29.470489Z DEBUG transparent_shard_server::memory: work memory admission denied current=5217837056 limit=7516192768 held=1342177280 requested=268435456
2026-09-10T20:57:29.481747Z DEBUG transparent_shard_server::memory: work memory admission denied current=5220196352 limit=7516192768 held=1342177280 requested=268435456
2026-09-10T20:57:29.492615Z DEBUG transparent_shard_server::memory: work memory admission denied current=5222817792 limit=7516192768 held=1342177280 requested=268435456
2026-09-10T20:57:29.503851Z DEBUG transparent_shard_server::memory: work memory admission denied current=5224914944 limit=7516192768 held=1342177280 requested=268435456
2026-09-10T20:57:29.510973Z DEBUG transparent_shard_server::service: query stage revision=be059aab39ac34125e0452548d6fbcfb1e7cdb7237a597bd59ee86011ed4882b table="directory" seconds=0.251063001 admitted=false stage="query_memory_admission"
2026-09-10T20:57:29.716427Z DEBUG transparent_shard_server::service: query stage revision=be059aab39ac34125e0452548d6fbcfb1e7cdb7237a597bd59ee86011ed4882b table="directory" seconds=1.999e-6 stage="query_admission"
2026-09-10T20:57:29.716465Z DEBUG transparent_shard_server::service: query stage revision=be059aab39ac34125e0452548d6fbcfb1e7cdb7237a597bd59ee86011ed4882b table="directory" seconds=5.1e-6 stage="query_runtime"
2026-09-10T20:57:29.716534Z DEBUG transparent_shard_server::memory: work memory admission denied current=5257216000 limit=7516192768 held=1342177280 requested=268435456
2026-09-10T20:57:29.727744Z DEBUG transparent_shard_server::memory: work memory admission denied current=5259575296 limit=7516192768 held=1342177280 requested=268435456
2026-09-10T20:57:29.738999Z DEBUG transparent_shard_server::memory: work memory admission denied current=5261934592 limit=7516192768 held=1342177280 requested=268435456
2026-09-10T20:57:29.750214Z DEBUG transparent_shard_server::memory: work memory admission denied current=5264031744 limit=7516192768 held=1342177280 requested=268435456
2026-09-10T20:57:29.761389Z DEBUG transparent_shard_server::memory: work memory admission denied current=5266915328 limit=7516192768 held=1342177280 requested=268435456
2026-09-10T20:57:29.772552Z DEBUG transparent_shard_server::memory: work memory admission denied current=5269274624 limit=7516192768 held=1342177280 requested=268435456
2026-09-10T20:57:29.783734Z DEBUG transparent_shard_server::memory: work memory admission denied current=5271371776 limit=7516192768 held=1342177280 requested=268435456
2026-09-10T20:57:29.794922Z DEBUG transparent_shard_server::memory: work memory admission denied current=5274517504 limit=7516192768 held=1342177280 requested=268435456
2026-09-10T20:57:29.805349Z DEBUG transparent_shard_server::memory: work memory admission denied current=5276090368 limit=7516192768 held=1342177280 requested=268435456
2026-09-10T20:57:29.816556Z DEBUG transparent_shard_server::memory: work memory admission denied current=5247082496 limit=7516192768 held=1342177280 requested=268435456
2026-09-10T20:57:29.816630Z DEBUG transparent_shard_server::runtime: construction stage geometry="recent-8k" table="directory" seconds=2.232544264 stage="pack_preprocessing"
2026-09-10T20:57:29.816945Z DEBUG transparent_shard_server::runtime: construction stage geometry="recent-8k" table="directory" seconds=0.000280554 stage="publish_parameters"
2026-09-10T20:57:29.817808Z DEBUG transparent_shard_server::runtime: runtime stage key=("268f5c527d35817d37919707b04a706c850d449156baa071b5438dbf8eb53aec", Directory, 0) seconds=3.727699457 stage="runtime_build"
2026-09-10T20:57:29.823669Z DEBUG transparent_shard_server::service: query stage revision=be059aab39ac34125e0452548d6fbcfb1e7cdb7237a597bd59ee86011ed4882b table="directory" seconds=0.721241916 stage="query_evaluate"
2026-09-10T20:57:29.827250Z DEBUG transparent_shard_server::service: query stage revision=be059aab39ac34125e0452548d6fbcfb1e7cdb7237a597bd59ee86011ed4882b table="directory" seconds=0.110779946 admitted=true stage="query_memory_admission"
2026-09-10T20:57:29.827290Z DEBUG transparent_shard_server::service: query stage revision=be059aab39ac34125e0452548d6fbcfb1e7cdb7237a597bd59ee86011ed4882b table="directory" seconds=1.0458e-5 stage="query_dispatch"
2026-09-10T20:57:29.841113Z DEBUG transparent_shard_server::service: query stage revision=be059aab39ac34125e0452548d6fbcfb1e7cdb7237a597bd59ee86011ed4882b table="directory" seconds=0.013816842 stage="query_evaluate"
2026-09-10T20:57:29.984431Z DEBUG transparent_shard_server::service: query stage revision=be059aab39ac34125e0452548d6fbcfb1e7cdb7237a597bd59ee86011ed4882b table="pages" seconds=2.929e-6 stage="query_admission"
2026-09-10T20:57:29.984462Z DEBUG transparent_shard_server::service: query stage revision=be059aab39ac34125e0452548d6fbcfb1e7cdb7237a597bd59ee86011ed4882b table="pages" seconds=5.051e-6 stage="query_runtime"
2026-09-10T20:57:29.984532Z DEBUG transparent_shard_server::service: query stage revision=be059aab39ac34125e0452548d6fbcfb1e7cdb7237a597bd59ee86011ed4882b table="pages" seconds=6.725e-5 admitted=true stage="query_memory_admission"
2026-09-10T20:57:29.984568Z DEBUG transparent_shard_server::service: query stage revision=be059aab39ac34125e0452548d6fbcfb1e7cdb7237a597bd59ee86011ed4882b table="pages" seconds=3.0704e-5 stage="query_dispatch"
2026-09-10T20:57:29.996052Z DEBUG transparent_shard_server::service: query stage revision=be059aab39ac34125e0452548d6fbcfb1e7cdb7237a597bd59ee86011ed4882b table="pages" seconds=3.622e-6 stage="query_admission"
2026-09-10T20:57:29.996088Z DEBUG transparent_shard_server::service: query stage revision=be059aab39ac34125e0452548d6fbcfb1e7cdb7237a597bd59ee86011ed4882b table="pages" seconds=8.278e-6 stage="query_runtime"
2026-09-10T20:57:29.996192Z DEBUG transparent_shard_server::service: query stage revision=be059aab39ac34125e0452548d6fbcfb1e7cdb7237a597bd59ee86011ed4882b table="pages" seconds=9.9925e-5 admitted=true stage="query_memory_admission"
2026-09-10T20:57:29.996219Z DEBUG transparent_shard_server::service: query stage revision=be059aab39ac34125e0452548d6fbcfb1e7cdb7237a597bd59ee86011ed4882b table="pages" seconds=1.9723e-5 stage="query_dispatch"
2026-09-10T20:57:30.013760Z DEBUG transparent_shard_server::service: query stage revision=be059aab39ac34125e0452548d6fbcfb1e7cdb7237a597bd59ee86011ed4882b table="pages" seconds=0.029170808 stage="query_evaluate"
2026-09-10T20:57:30.030116Z DEBUG transparent_shard_server::service: query stage revision=be059aab39ac34125e0452548d6fbcfb1e7cdb7237a597bd59ee86011ed4882b table="pages" seconds=0.033881273 stage="query_evaluate"
2026-09-10T20:57:30.075322Z DEBUG transparent_shard_server::runtime: construction stage geometry="recent-8k" table="pages" seconds=2.48805036 stage="pack_preprocessing"
2026-09-10T20:57:30.075601Z DEBUG transparent_shard_server::runtime: construction stage geometry="recent-8k" table="pages" seconds=0.000247782 stage="publish_parameters"
2026-09-10T20:57:30.076337Z DEBUG transparent_shard_server::runtime: runtime stage key=("268f5c527d35817d37919707b04a706c850d449156baa071b5438dbf8eb53aec", Pages, 0) seconds=4.000486359 stage="runtime_build"
2026-09-10T20:57:30.076396Z  INFO transparent_shard_server::service: prewarm finished warm=28 target=28 failed=0 seconds=4.177874512
2026-09-10T20:57:30.076420Z DEBUG transparent_shard_server::live: publication preparation stages map=12cbb58695cd66166197842d179b61598c15effb06ad32efcd899a13e36e7b10 loading_seconds=0.617934352 warming_seconds=4.177932954
2026-09-10T20:57:30.170070Z DEBUG transparent_shard_server::service: query stage revision=be059aab39ac34125e0452548d6fbcfb1e7cdb7237a597bd59ee86011ed4882b table="directory" seconds=2.485e-6 stage="query_admission"
2026-09-10T20:57:30.170102Z DEBUG transparent_shard_server::service: query stage revision=be059aab39ac34125e0452548d6fbcfb1e7cdb7237a597bd59ee86011ed4882b table="directory" seconds=5.066e-6 stage="query_runtime"
2026-09-10T20:57:30.170187Z DEBUG transparent_shard_server::service: query stage revision=be059aab39ac34125e0452548d6fbcfb1e7cdb7237a597bd59ee86011ed4882b table="directory" seconds=8.162e-5 admitted=true stage="query_memory_admission"
2026-09-10T20:57:30.170225Z DEBUG transparent_shard_server::service: query stage revision=be059aab39ac34125e0452548d6fbcfb1e7cdb7237a597bd59ee86011ed4882b table="directory" seconds=3.0045e-5 stage="query_dispatch"
2026-09-10T20:57:30.180184Z DEBUG transparent_shard_server::service: query stage revision=be059aab39ac34125e0452548d6fbcfb1e7cdb7237a597bd59ee86011ed4882b table="directory" seconds=0.009937323 stage="query_evaluate"
2026-09-10T20:57:30.184861Z DEBUG transparent_shard_server::service: query stage revision=be059aab39ac34125e0452548d6fbcfb1e7cdb7237a597bd59ee86011ed4882b table="directory" seconds=4.108e-6 stage="query_admission"
2026-09-10T20:57:30.184895Z DEBUG transparent_shard_server::service: query stage revision=be059aab39ac34125e0452548d6fbcfb1e7cdb7237a597bd59ee86011ed4882b table="directory" seconds=7.744e-6 stage="query_runtime"
2026-09-10T20:57:30.184963Z DEBUG transparent_shard_server::service: query stage revision=be059aab39ac34125e0452548d6fbcfb1e7cdb7237a597bd59ee86011ed4882b table="directory" seconds=6.4378e-5 admitted=true stage="query_memory_admission"
2026-09-10T20:57:30.184986Z DEBUG transparent_shard_server::service: query stage revision=be059aab39ac34125e0452548d6fbcfb1e7cdb7237a597bd59ee86011ed4882b table="directory" seconds=1.7958e-5 stage="query_dispatch"
2026-09-10T20:57:30.194589Z DEBUG transparent_shard_server::service: query stage revision=be059aab39ac34125e0452548d6fbcfb1e7cdb7237a597bd59ee86011ed4882b table="directory" seconds=0.009587188 stage="query_evaluate"
2026-09-10T20:57:30.357263Z DEBUG transparent_shard_server::service: query stage revision=268f5c527d35817d37919707b04a706c850d449156baa071b5438dbf8eb53aec table="pages" seconds=3.685e-6 stage="query_admission"
2026-09-10T20:57:30.357299Z DEBUG transparent_shard_server::service: query stage revision=268f5c527d35817d37919707b04a706c850d449156baa071b5438dbf8eb53aec table="pages" seconds=5.794e-6 stage="query_runtime"
2026-09-10T20:57:30.357377Z DEBUG transparent_shard_server::service: query stage revision=268f5c527d35817d37919707b04a706c850d449156baa071b5438dbf8eb53aec table="pages" seconds=7.3529e-5 admitted=true stage="query_memory_admission"
2026-09-10T20:57:30.357426Z DEBUG transparent_shard_server::service: query stage revision=268f5c527d35817d37919707b04a706c850d449156baa071b5438dbf8eb53aec table="pages" seconds=4.2521e-5 stage="query_dispatch"
2026-09-10T20:57:30.357509Z DEBUG transparent_shard_server::service: query stage revision=268f5c527d35817d37919707b04a706c850d449156baa071b5438dbf8eb53aec table="pages" seconds=1.433e-6 stage="query_admission"
2026-09-10T20:57:30.357518Z DEBUG transparent_shard_server::service: query stage revision=268f5c527d35817d37919707b04a706c850d449156baa071b5438dbf8eb53aec table="pages" seconds=2.88e-6 stage="query_runtime"
2026-09-10T20:57:30.357552Z DEBUG transparent_shard_server::service: query stage revision=268f5c527d35817d37919707b04a706c850d449156baa071b5438dbf8eb53aec table="pages" seconds=3.0804e-5 admitted=true stage="query_memory_admission"
2026-09-10T20:57:30.357585Z DEBUG transparent_shard_server::service: query stage revision=268f5c527d35817d37919707b04a706c850d449156baa071b5438dbf8eb53aec table="pages" seconds=2.8412e-5 stage="query_dispatch"
2026-09-10T20:57:30.374488Z DEBUG transparent_shard_server::service: query stage revision=268f5c527d35817d37919707b04a706c850d449156baa071b5438dbf8eb53aec table="pages" seconds=0.01703542 stage="query_evaluate"
2026-09-10T20:57:30.374534Z DEBUG transparent_shard_server::service: query stage revision=268f5c527d35817d37919707b04a706c850d449156baa071b5438dbf8eb53aec table="pages" seconds=0.01692801 stage="query_evaluate"
2026-09-10T20:57:30.505500Z DEBUG transparent_shard_server::runtime: runtime stage key=("268f5c527d35817d37919707b04a706c850d449156baa071b5438dbf8eb53aec", Directory, 0) seconds=0.687643433 stage="disk_save"
2026-09-10T20:57:30.644878Z DEBUG transparent_shard_server::service: query stage revision=268f5c527d35817d37919707b04a706c850d449156baa071b5438dbf8eb53aec table="directory" seconds=3.262e-6 stage="query_admission"
2026-09-10T20:57:30.644914Z DEBUG transparent_shard_server::service: query stage revision=268f5c527d35817d37919707b04a706c850d449156baa071b5438dbf8eb53aec table="directory" seconds=7.836e-6 stage="query_runtime"
2026-09-10T20:57:30.644991Z DEBUG transparent_shard_server::service: query stage revision=268f5c527d35817d37919707b04a706c850d449156baa071b5438dbf8eb53aec table="directory" seconds=7.276e-5 admitted=true stage="query_memory_admission"
2026-09-10T20:57:30.645046Z DEBUG transparent_shard_server::service: query stage revision=268f5c527d35817d37919707b04a706c850d449156baa071b5438dbf8eb53aec table="directory" seconds=4.1526e-5 stage="query_dispatch"
2026-09-10T20:57:30.645631Z DEBUG transparent_shard_server::service: query stage revision=268f5c527d35817d37919707b04a706c850d449156baa071b5438dbf8eb53aec table="directory" seconds=1.626e-6 stage="query_admission"
2026-09-10T20:57:30.645656Z DEBUG transparent_shard_server::service: query stage revision=268f5c527d35817d37919707b04a706c850d449156baa071b5438dbf8eb53aec table="directory" seconds=4.347e-6 stage="query_runtime"
2026-09-10T20:57:30.645714Z DEBUG transparent_shard_server::service: query stage revision=268f5c527d35817d37919707b04a706c850d449156baa071b5438dbf8eb53aec table="directory" seconds=5.5247e-5 admitted=true stage="query_memory_admission"
2026-09-10T20:57:30.645730Z DEBUG transparent_shard_server::service: query stage revision=268f5c527d35817d37919707b04a706c850d449156baa071b5438dbf8eb53aec table="directory" seconds=1.1666e-5 stage="query_dispatch"
2026-09-10T20:57:30.657631Z DEBUG transparent_shard_server::service: query stage revision=268f5c527d35817d37919707b04a706c850d449156baa071b5438dbf8eb53aec table="directory" seconds=0.011895188 stage="query_evaluate"
2026-09-10T20:57:30.664715Z DEBUG transparent_shard_server::service: query stage revision=268f5c527d35817d37919707b04a706c850d449156baa071b5438dbf8eb53aec table="directory" seconds=0.019647983 stage="query_evaluate"
2026-09-10T20:57:30.812952Z DEBUG transparent_shard_server::service: query stage revision=268f5c527d35817d37919707b04a706c850d449156baa071b5438dbf8eb53aec table="pages" seconds=2.546e-6 stage="query_admission"
2026-09-10T20:57:30.812984Z DEBUG transparent_shard_server::service: query stage revision=268f5c527d35817d37919707b04a706c850d449156baa071b5438dbf8eb53aec table="pages" seconds=4.951e-6 stage="query_runtime"
2026-09-10T20:57:30.813062Z DEBUG transparent_shard_server::service: query stage revision=268f5c527d35817d37919707b04a706c850d449156baa071b5438dbf8eb53aec table="pages" seconds=7.4706e-5 admitted=true stage="query_memory_admission"
2026-09-10T20:57:30.813110Z DEBUG transparent_shard_server::service: query stage revision=268f5c527d35817d37919707b04a706c850d449156baa071b5438dbf8eb53aec table="pages" seconds=4.2187e-5 stage="query_dispatch"
2026-09-10T20:57:30.816137Z DEBUG transparent_shard_server::service: query stage revision=268f5c527d35817d37919707b04a706c850d449156baa071b5438dbf8eb53aec table="pages" seconds=2.04e-6 stage="query_admission"
2026-09-10T20:57:30.816174Z DEBUG transparent_shard_server::service: query stage revision=268f5c527d35817d37919707b04a706c850d449156baa071b5438dbf8eb53aec table="pages" seconds=1.5769e-5 stage="query_runtime"
2026-09-10T20:57:30.816247Z DEBUG transparent_shard_server::service: query stage revision=268f5c527d35817d37919707b04a706c850d449156baa071b5438dbf8eb53aec table="pages" seconds=6.8225e-5 admitted=true stage="query_memory_admission"
2026-09-10T20:57:30.816297Z DEBUG transparent_shard_server::service: query stage revision=268f5c527d35817d37919707b04a706c850d449156baa071b5438dbf8eb53aec table="pages" seconds=4.4366e-5 stage="query_dispatch"
2026-09-10T20:57:30.835384Z DEBUG transparent_shard_server::service: query stage revision=268f5c527d35817d37919707b04a706c850d449156baa071b5438dbf8eb53aec table="pages" seconds=0.019066111 stage="query_evaluate"
2026-09-10T20:57:30.836039Z DEBUG transparent_shard_server::service: query stage revision=268f5c527d35817d37919707b04a706c850d449156baa071b5438dbf8eb53aec table="pages" seconds=0.022908332 stage="query_evaluate"
2026-09-10T20:57:31.160195Z DEBUG transparent_shard_server::runtime: runtime stage key=("268f5c527d35817d37919707b04a706c850d449156baa071b5438dbf8eb53aec", Pages, 0) seconds=1.083815297 stage="disk_save"
test burst::publication_burst_under_exact_load ... ok

test result: ok. 1 passed; 0 failed; 0 ignored; 0 measured; 17 filtered out; finished in 71.85s

Finished with result: success
Main processes terminated with: code=exited/status=0
Service runtime: 1min 11.911s
CPU time consumed: 3min 51.534s
Memory peak: 2.2M
Memory swap peak: 0B
