Running as unit: transparent-full-burst-c168c1a63cfc4d2e8070a59ead814b5c.service

running 1 test
2026-09-10T20:55:14.363533Z DEBUG transparent_shard_server::runtime: runtime stage key=("1f5d7213a380745d83cc554ad16bdf9e039a0304d0de0b71376828e1838d0ea4", Directory, 0) seconds=3.018e-6 stage="restore_slot"
2026-09-10T20:55:14.363523Z DEBUG transparent_shard_server::runtime: runtime stage key=("5b7ee9849d47f5ee67d04eb6ca4588beacf42dce75e5a1b481dfd02607b1fb20", Directory, 0) seconds=4.732e-6 stage="restore_slot"
2026-09-10T20:55:14.363524Z DEBUG transparent_shard_server::runtime: runtime stage key=("5b7ee9849d47f5ee67d04eb6ca4588beacf42dce75e5a1b481dfd02607b1fb20", Pages, 0) seconds=5.032e-6 stage="restore_slot"
2026-09-10T20:55:14.363761Z DEBUG transparent_shard_server::runtime: runtime stage key=("1f5d7213a380745d83cc554ad16bdf9e039a0304d0de0b71376828e1838d0ea4", Pages, 0) seconds=4.08e-7 stage="restore_slot"
2026-09-10T20:55:14.363877Z DEBUG transparent_shard_server::runtime: runtime stage key=("1f5d7213a380745d83cc554ad16bdf9e039a0304d0de0b71376828e1838d0ea4", Directory, 0) seconds=3.9186e-5 hit=false stage="disk_restore"
2026-09-10T20:55:14.363904Z DEBUG transparent_shard_server::runtime: runtime stage key=("5b7ee9849d47f5ee67d04eb6ca4588beacf42dce75e5a1b481dfd02607b1fb20", Directory, 0) seconds=3.1722e-5 hit=false stage="disk_restore"
2026-09-10T20:55:14.363920Z DEBUG transparent_shard_server::runtime: runtime stage key=("1f5d7213a380745d83cc554ad16bdf9e039a0304d0de0b71376828e1838d0ea4", Directory, 0) seconds=9.23e-7 stage="build_slot"
2026-09-10T20:55:14.363936Z DEBUG transparent_shard_server::runtime: runtime stage key=("5b7ee9849d47f5ee67d04eb6ca4588beacf42dce75e5a1b481dfd02607b1fb20", Directory, 0) seconds=4.82e-7 stage="build_slot"
2026-09-10T20:55:14.363937Z DEBUG transparent_shard_server::runtime: runtime stage key=("5b7ee9849d47f5ee67d04eb6ca4588beacf42dce75e5a1b481dfd02607b1fb20", Pages, 0) seconds=1.9785e-5 hit=false stage="disk_restore"
2026-09-10T20:55:14.363974Z DEBUG transparent_shard_server::memory: cold build admission wait seconds=4.3215e-5 admitted=true
2026-09-10T20:55:14.364019Z DEBUG transparent_shard_server::runtime: runtime stage key=("1f5d7213a380745d83cc554ad16bdf9e039a0304d0de0b71376828e1838d0ea4", Pages, 0) seconds=1.0933e-5 hit=false stage="disk_restore"
2026-09-10T20:55:14.364028Z DEBUG transparent_shard_server::memory: cold build admission wait seconds=8.396e-5 admitted=true
2026-09-10T20:55:14.511497Z DEBUG transparent_shard_server::runtime: runtime stage key=("5b7ee9849d47f5ee67d04eb6ca4588beacf42dce75e5a1b481dfd02607b1fb20", Directory, 0) seconds=0.147453735 stage="source_load"
2026-09-10T20:55:14.513647Z DEBUG transparent_shard_server::runtime: runtime stage key=("1f5d7213a380745d83cc554ad16bdf9e039a0304d0de0b71376828e1838d0ea4", Directory, 0) seconds=0.149600358 stage="source_load"
2026-09-10T20:55:14.808101Z DEBUG transparent_shard_server::runtime: construction stage geometry="recent-8k" table="directory" seconds=0.296561743 stage="encode_database"
2026-09-10T20:55:14.808219Z DEBUG transparent_shard_server::runtime: construction stage geometry="recent-8k" table="directory" seconds=7.4012e-5 stage="public_setup"
2026-09-10T20:55:14.811450Z DEBUG transparent_shard_server::runtime: construction stage geometry="recent-8k" table="directory" seconds=0.297774248 stage="encode_database"
2026-09-10T20:55:14.811531Z DEBUG transparent_shard_server::runtime: construction stage geometry="recent-8k" table="directory" seconds=4.902e-5 stage="public_setup"
2026-09-10T20:55:15.428241Z DEBUG transparent_shard_server::runtime: construction stage geometry="recent-8k" table="directory" seconds=0.620014299 stage="hint_columns"
2026-09-10T20:55:16.004194Z DEBUG transparent_shard_server::runtime: construction stage geometry="recent-8k" table="directory" seconds=1.192655897 stage="hint_columns"
2026-09-10T20:55:17.921639Z DEBUG transparent_shard_server::runtime: construction stage geometry="recent-8k" table="directory" seconds=2.493355814 stage="pack_preprocessing"
2026-09-10T20:55:17.921938Z DEBUG transparent_shard_server::runtime: construction stage geometry="recent-8k" table="directory" seconds=0.000256947 stage="publish_parameters"
2026-09-10T20:55:17.926444Z DEBUG transparent_shard_server::runtime: runtime stage key=("5b7ee9849d47f5ee67d04eb6ca4588beacf42dce75e5a1b481dfd02607b1fb20", Directory, 0) seconds=3.4149055280000002 stage="runtime_build"
2026-09-10T20:55:17.928301Z DEBUG transparent_shard_server::runtime: runtime stage key=("5b7ee9849d47f5ee67d04eb6ca4588beacf42dce75e5a1b481dfd02607b1fb20", Pages, 0) seconds=3.564303846 stage="build_slot"
2026-09-10T20:55:17.928362Z DEBUG transparent_shard_server::runtime: runtime stage key=("ca7afe810c988a8b4b561668f3456a9f38d1fdbb0776614e07ddfeb1a2132000", Directory, 0) seconds=1.177e-6 stage="restore_slot"
2026-09-10T20:55:17.928632Z DEBUG transparent_shard_server::runtime: runtime stage key=("ca7afe810c988a8b4b561668f3456a9f38d1fdbb0776614e07ddfeb1a2132000", Directory, 0) seconds=3.175e-5 hit=false stage="disk_restore"
2026-09-10T20:55:17.928741Z DEBUG transparent_shard_server::memory: cold build admission wait seconds=0.000408301 admitted=true
2026-09-10T20:55:18.075156Z DEBUG transparent_shard_server::runtime: runtime stage key=("5b7ee9849d47f5ee67d04eb6ca4588beacf42dce75e5a1b481dfd02607b1fb20", Pages, 0) seconds=0.146384541 stage="source_load"
2026-09-10T20:55:18.302620Z DEBUG transparent_shard_server::runtime: construction stage geometry="recent-8k" table="directory" seconds=2.29838091 stage="pack_preprocessing"
2026-09-10T20:55:18.302893Z DEBUG transparent_shard_server::runtime: construction stage geometry="recent-8k" table="directory" seconds=0.000232223 stage="publish_parameters"
2026-09-10T20:55:18.303434Z DEBUG transparent_shard_server::runtime: runtime stage key=("1f5d7213a380745d83cc554ad16bdf9e039a0304d0de0b71376828e1838d0ea4", Directory, 0) seconds=3.789758797 stage="runtime_build"
2026-09-10T20:55:18.305048Z DEBUG transparent_shard_server::runtime: runtime stage key=("ca7afe810c988a8b4b561668f3456a9f38d1fdbb0776614e07ddfeb1a2132000", Pages, 0) seconds=1.718e-6 stage="restore_slot"
2026-09-10T20:55:18.305171Z DEBUG transparent_shard_server::runtime: runtime stage key=("1f5d7213a380745d83cc554ad16bdf9e039a0304d0de0b71376828e1838d0ea4", Pages, 0) seconds=3.941131972 stage="build_slot"
2026-09-10T20:55:18.305205Z DEBUG transparent_shard_server::memory: cold build admission wait seconds=2.4864e-5 admitted=true
2026-09-10T20:55:18.305214Z DEBUG transparent_shard_server::runtime: runtime stage key=("ca7afe810c988a8b4b561668f3456a9f38d1fdbb0776614e07ddfeb1a2132000", Pages, 0) seconds=4.4133e-5 hit=false stage="disk_restore"
2026-09-10T20:55:18.377938Z DEBUG transparent_shard_server::runtime: construction stage geometry="recent-8k" table="pages" seconds=0.302741165 stage="encode_database"
2026-09-10T20:55:18.378032Z DEBUG transparent_shard_server::runtime: construction stage geometry="recent-8k" table="pages" seconds=6.0332e-5 stage="public_setup"
2026-09-10T20:55:18.523358Z DEBUG transparent_shard_server::runtime: runtime stage key=("1f5d7213a380745d83cc554ad16bdf9e039a0304d0de0b71376828e1838d0ea4", Pages, 0) seconds=0.21798729 stage="source_load"
2026-09-10T20:55:18.838221Z DEBUG transparent_shard_server::runtime: runtime stage key=("5b7ee9849d47f5ee67d04eb6ca4588beacf42dce75e5a1b481dfd02607b1fb20", Directory, 0) seconds=0.909858877 stage="disk_save"
2026-09-10T20:55:19.095243Z DEBUG transparent_shard_server::runtime: construction stage geometry="recent-8k" table="pages" seconds=0.717204174 stage="hint_columns"
2026-09-10T20:55:19.109114Z DEBUG transparent_shard_server::runtime: construction stage geometry="recent-8k" table="pages" seconds=0.585720346 stage="encode_database"
2026-09-10T20:55:19.109224Z DEBUG transparent_shard_server::runtime: construction stage geometry="recent-8k" table="pages" seconds=7.3312e-5 stage="public_setup"
2026-09-10T20:55:19.886236Z DEBUG transparent_shard_server::runtime: construction stage geometry="recent-8k" table="pages" seconds=0.777001605 stage="hint_columns"
2026-09-10T20:55:20.064953Z DEBUG transparent_shard_server::runtime: runtime stage key=("1f5d7213a380745d83cc554ad16bdf9e039a0304d0de0b71376828e1838d0ea4", Directory, 0) seconds=1.759916199 stage="disk_save"
2026-09-10T20:55:21.596472Z DEBUG transparent_shard_server::runtime: construction stage geometry="recent-8k" table="pages" seconds=2.501190691 stage="pack_preprocessing"
2026-09-10T20:55:21.596761Z DEBUG transparent_shard_server::runtime: construction stage geometry="recent-8k" table="pages" seconds=0.000248907 stage="publish_parameters"
2026-09-10T20:55:21.597526Z DEBUG transparent_shard_server::runtime: runtime stage key=("5b7ee9849d47f5ee67d04eb6ca4588beacf42dce75e5a1b481dfd02607b1fb20", Pages, 0) seconds=3.522331756 stage="runtime_build"
2026-09-10T20:55:21.598198Z DEBUG transparent_shard_server::runtime: runtime stage key=("ca7afe810c988a8b4b561668f3456a9f38d1fdbb0776614e07ddfeb1a2132000", Directory, 0) seconds=3.66953912 stage="build_slot"
2026-09-10T20:55:21.598259Z DEBUG transparent_shard_server::runtime: runtime stage key=("95df7205357fe2d9c962d2b41daded841e05afa7b6fc8d06dfec46ad04e15335", Directory, 0) seconds=1.186e-6 stage="restore_slot"
2026-09-10T20:55:21.598304Z DEBUG transparent_shard_server::memory: cold build admission wait seconds=9.8222e-5 admitted=true
2026-09-10T20:55:21.603257Z DEBUG transparent_shard_server::runtime: runtime stage key=("95df7205357fe2d9c962d2b41daded841e05afa7b6fc8d06dfec46ad04e15335", Directory, 0) seconds=3.6637e-5 hit=false stage="disk_restore"
2026-09-10T20:55:21.744614Z DEBUG transparent_shard_server::runtime: runtime stage key=("ca7afe810c988a8b4b561668f3456a9f38d1fdbb0776614e07ddfeb1a2132000", Directory, 0) seconds=0.144369016 stage="source_load"
2026-09-10T20:55:22.045947Z DEBUG transparent_shard_server::runtime: construction stage geometry="recent-8k" table="directory" seconds=0.301298023 stage="encode_database"
2026-09-10T20:55:22.046061Z DEBUG transparent_shard_server::runtime: construction stage geometry="recent-8k" table="directory" seconds=6.7289e-5 stage="public_setup"
2026-09-10T20:55:22.527474Z DEBUG transparent_shard_server::runtime: runtime stage key=("5b7ee9849d47f5ee67d04eb6ca4588beacf42dce75e5a1b481dfd02607b1fb20", Pages, 0) seconds=0.927263846 stage="disk_save"
2026-09-10T20:55:22.705183Z DEBUG transparent_shard_server::runtime: construction stage geometry="recent-8k" table="directory" seconds=0.659114993 stage="hint_columns"
2026-09-10T20:55:22.707839Z DEBUG transparent_shard_server::runtime: construction stage geometry="recent-8k" table="pages" seconds=2.82156329 stage="pack_preprocessing"
2026-09-10T20:55:22.708120Z DEBUG transparent_shard_server::runtime: construction stage geometry="recent-8k" table="pages" seconds=0.000253116 stage="publish_parameters"
2026-09-10T20:55:22.708580Z DEBUG transparent_shard_server::runtime: runtime stage key=("1f5d7213a380745d83cc554ad16bdf9e039a0304d0de0b71376828e1838d0ea4", Pages, 0) seconds=4.185188683 stage="runtime_build"
2026-09-10T20:55:22.711188Z DEBUG transparent_shard_server::runtime: runtime stage key=("ca7afe810c988a8b4b561668f3456a9f38d1fdbb0776614e07ddfeb1a2132000", Pages, 0) seconds=4.405881214 stage="build_slot"
2026-09-10T20:55:22.711277Z DEBUG transparent_shard_server::memory: cold build admission wait seconds=6.9526e-5 admitted=true
2026-09-10T20:55:22.711303Z DEBUG transparent_shard_server::runtime: runtime stage key=("95df7205357fe2d9c962d2b41daded841e05afa7b6fc8d06dfec46ad04e15335", Pages, 0) seconds=4.93e-7 stage="restore_slot"
2026-09-10T20:55:22.711371Z DEBUG transparent_shard_server::runtime: runtime stage key=("95df7205357fe2d9c962d2b41daded841e05afa7b6fc8d06dfec46ad04e15335", Pages, 0) seconds=2.9397e-5 hit=false stage="disk_restore"
2026-09-10T20:55:22.845935Z DEBUG transparent_shard_server::runtime: runtime stage key=("ca7afe810c988a8b4b561668f3456a9f38d1fdbb0776614e07ddfeb1a2132000", Pages, 0) seconds=0.134614731 stage="source_load"
2026-09-10T20:55:23.142964Z DEBUG transparent_shard_server::runtime: construction stage geometry="recent-8k" table="pages" seconds=0.29699762 stage="encode_database"
2026-09-10T20:55:23.143056Z DEBUG transparent_shard_server::runtime: construction stage geometry="recent-8k" table="pages" seconds=6.5778e-5 stage="public_setup"
2026-09-10T20:55:23.592286Z DEBUG transparent_shard_server::runtime: runtime stage key=("1f5d7213a380745d83cc554ad16bdf9e039a0304d0de0b71376828e1838d0ea4", Pages, 0) seconds=0.883540804 stage="disk_save"
2026-09-10T20:55:23.951228Z DEBUG transparent_shard_server::runtime: construction stage geometry="recent-8k" table="pages" seconds=0.80815762 stage="hint_columns"
2026-09-10T20:55:25.122157Z DEBUG transparent_shard_server::runtime: construction stage geometry="recent-8k" table="directory" seconds=2.416931489 stage="pack_preprocessing"
2026-09-10T20:55:25.122445Z DEBUG transparent_shard_server::runtime: construction stage geometry="recent-8k" table="directory" seconds=0.000237409 stage="publish_parameters"
2026-09-10T20:55:25.123161Z DEBUG transparent_shard_server::runtime: runtime stage key=("ca7afe810c988a8b4b561668f3456a9f38d1fdbb0776614e07ddfeb1a2132000", Directory, 0) seconds=3.378514974 stage="runtime_build"
2026-09-10T20:55:25.123216Z DEBUG transparent_shard_server::runtime: runtime stage key=("95df7205357fe2d9c962d2b41daded841e05afa7b6fc8d06dfec46ad04e15335", Directory, 0) seconds=3.519410691 stage="build_slot"
2026-09-10T20:55:25.123241Z DEBUG transparent_shard_server::runtime: runtime stage key=("73d46a59d0d03d7616f9a47e53b50448d4c5a3504e6e296600d8884c8c4403b8", Directory, 0) seconds=1.072e-6 stage="restore_slot"
2026-09-10T20:55:25.123333Z DEBUG transparent_shard_server::memory: cold build admission wait seconds=7.4521e-5 admitted=true
2026-09-10T20:55:25.123380Z DEBUG transparent_shard_server::runtime: runtime stage key=("73d46a59d0d03d7616f9a47e53b50448d4c5a3504e6e296600d8884c8c4403b8", Directory, 0) seconds=3.0897e-5 hit=false stage="disk_restore"
2026-09-10T20:55:25.310296Z DEBUG transparent_shard_server::runtime: runtime stage key=("95df7205357fe2d9c962d2b41daded841e05afa7b6fc8d06dfec46ad04e15335", Directory, 0) seconds=0.186943991 stage="source_load"
2026-09-10T20:55:25.611123Z DEBUG transparent_shard_server::runtime: construction stage geometry="recent-8k" table="directory" seconds=0.300797288 stage="encode_database"
2026-09-10T20:55:25.611235Z DEBUG transparent_shard_server::runtime: construction stage geometry="recent-8k" table="directory" seconds=7.7543e-5 stage="public_setup"
2026-09-10T20:55:25.841848Z DEBUG transparent_shard_server::runtime: runtime stage key=("ca7afe810c988a8b4b561668f3456a9f38d1fdbb0776614e07ddfeb1a2132000", Directory, 0) seconds=0.718599923 stage="disk_save"
2026-09-10T20:55:26.490006Z DEBUG transparent_shard_server::runtime: construction stage geometry="recent-8k" table="directory" seconds=0.878763646 stage="hint_columns"
2026-09-10T20:55:26.492709Z DEBUG transparent_shard_server::runtime: construction stage geometry="recent-8k" table="pages" seconds=2.541440141 stage="pack_preprocessing"
2026-09-10T20:55:26.493025Z DEBUG transparent_shard_server::runtime: construction stage geometry="recent-8k" table="pages" seconds=0.000262113 stage="publish_parameters"
2026-09-10T20:55:26.493611Z DEBUG transparent_shard_server::runtime: runtime stage key=("ca7afe810c988a8b4b561668f3456a9f38d1fdbb0776614e07ddfeb1a2132000", Pages, 0) seconds=3.647648572 stage="runtime_build"
2026-09-10T20:55:26.493646Z DEBUG transparent_shard_server::runtime: runtime stage key=("95df7205357fe2d9c962d2b41daded841e05afa7b6fc8d06dfec46ad04e15335", Pages, 0) seconds=3.78224471 stage="build_slot"
2026-09-10T20:55:26.493734Z DEBUG transparent_shard_server::memory: cold build admission wait seconds=8.1993e-5 admitted=true
2026-09-10T20:55:26.499220Z DEBUG transparent_shard_server::runtime: runtime stage key=("73d46a59d0d03d7616f9a47e53b50448d4c5a3504e6e296600d8884c8c4403b8", Pages, 0) seconds=1.481e-6 stage="restore_slot"
2026-09-10T20:55:26.499382Z DEBUG transparent_shard_server::runtime: runtime stage key=("73d46a59d0d03d7616f9a47e53b50448d4c5a3504e6e296600d8884c8c4403b8", Pages, 0) seconds=4.0544e-5 hit=false stage="disk_restore"
2026-09-10T20:55:26.643341Z DEBUG transparent_shard_server::runtime: runtime stage key=("95df7205357fe2d9c962d2b41daded841e05afa7b6fc8d06dfec46ad04e15335", Pages, 0) seconds=0.147103319 stage="source_load"
2026-09-10T20:55:26.931883Z DEBUG transparent_shard_server::runtime: construction stage geometry="recent-8k" table="pages" seconds=0.288486588 stage="encode_database"
2026-09-10T20:55:26.931980Z DEBUG transparent_shard_server::runtime: construction stage geometry="recent-8k" table="pages" seconds=6.5399e-5 stage="public_setup"
2026-09-10T20:55:27.230484Z DEBUG transparent_shard_server::runtime: runtime stage key=("ca7afe810c988a8b4b561668f3456a9f38d1fdbb0776614e07ddfeb1a2132000", Pages, 0) seconds=0.734233066 stage="disk_save"
2026-09-10T20:55:27.757330Z DEBUG transparent_shard_server::runtime: construction stage geometry="recent-8k" table="pages" seconds=0.825342679 stage="hint_columns"
2026-09-10T20:55:28.949074Z DEBUG transparent_shard_server::runtime: construction stage geometry="recent-8k" table="directory" seconds=2.459005083 stage="pack_preprocessing"
2026-09-10T20:55:28.949383Z DEBUG transparent_shard_server::runtime: construction stage geometry="recent-8k" table="directory" seconds=0.000264554 stage="publish_parameters"
2026-09-10T20:55:28.950034Z DEBUG transparent_shard_server::runtime: runtime stage key=("95df7205357fe2d9c962d2b41daded841e05afa7b6fc8d06dfec46ad04e15335", Directory, 0) seconds=3.639710907 stage="runtime_build"
2026-09-10T20:55:28.950116Z DEBUG transparent_shard_server::runtime: runtime stage key=("b16be2933ab920bc4745ea8917e5167a7a685c211e0b4febe88b4d3018f970bc", Directory, 0) seconds=1.601e-6 stage="restore_slot"
2026-09-10T20:55:28.950259Z DEBUG transparent_shard_server::runtime: runtime stage key=("b16be2933ab920bc4745ea8917e5167a7a685c211e0b4febe88b4d3018f970bc", Directory, 0) seconds=2.4493e-5 hit=false stage="disk_restore"
2026-09-10T20:55:28.950287Z DEBUG transparent_shard_server::runtime: runtime stage key=("73d46a59d0d03d7616f9a47e53b50448d4c5a3504e6e296600d8884c8c4403b8", Directory, 0) seconds=3.826882008 stage="build_slot"
2026-09-10T20:55:28.950328Z DEBUG transparent_shard_server::memory: cold build admission wait seconds=3.769e-5 admitted=true
2026-09-10T20:55:29.093309Z DEBUG transparent_shard_server::runtime: runtime stage key=("73d46a59d0d03d7616f9a47e53b50448d4c5a3504e6e296600d8884c8c4403b8", Directory, 0) seconds=0.142963026 stage="source_load"
2026-09-10T20:55:29.383371Z DEBUG transparent_shard_server::runtime: construction stage geometry="recent-8k" table="directory" seconds=0.290028149 stage="encode_database"
2026-09-10T20:55:29.383512Z DEBUG transparent_shard_server::runtime: construction stage geometry="recent-8k" table="directory" seconds=9.5533e-5 stage="public_setup"
2026-09-10T20:55:29.759432Z DEBUG transparent_shard_server::runtime: runtime stage key=("95df7205357fe2d9c962d2b41daded841e05afa7b6fc8d06dfec46ad04e15335", Directory, 0) seconds=0.809350827 stage="disk_save"
2026-09-10T20:55:30.053317Z DEBUG transparent_shard_server::runtime: construction stage geometry="recent-8k" table="pages" seconds=2.2959456400000002 stage="pack_preprocessing"
2026-09-10T20:55:30.053607Z DEBUG transparent_shard_server::runtime: construction stage geometry="recent-8k" table="pages" seconds=0.000247318 stage="publish_parameters"
2026-09-10T20:55:30.057736Z DEBUG transparent_shard_server::runtime: runtime stage key=("95df7205357fe2d9c962d2b41daded841e05afa7b6fc8d06dfec46ad04e15335", Pages, 0) seconds=3.414341456 stage="runtime_build"
2026-09-10T20:55:30.064193Z DEBUG transparent_shard_server::runtime: runtime stage key=("73d46a59d0d03d7616f9a47e53b50448d4c5a3504e6e296600d8884c8c4403b8", Pages, 0) seconds=3.561979488 stage="build_slot"
2026-09-10T20:55:30.064221Z DEBUG transparent_shard_server::runtime: runtime stage key=("b16be2933ab920bc4745ea8917e5167a7a685c211e0b4febe88b4d3018f970bc", Pages, 0) seconds=1.239e-6 stage="restore_slot"
2026-09-10T20:55:30.064331Z DEBUG transparent_shard_server::memory: cold build admission wait seconds=9.1508e-5 admitted=true
2026-09-10T20:55:30.064395Z DEBUG transparent_shard_server::runtime: runtime stage key=("b16be2933ab920bc4745ea8917e5167a7a685c211e0b4febe88b4d3018f970bc", Pages, 0) seconds=4.6238e-5 hit=false stage="disk_restore"
2026-09-10T20:55:30.335582Z DEBUG transparent_shard_server::runtime: runtime stage key=("73d46a59d0d03d7616f9a47e53b50448d4c5a3504e6e296600d8884c8c4403b8", Pages, 0) seconds=0.271218659 stage="source_load"
2026-09-10T20:55:30.417218Z DEBUG transparent_shard_server::runtime: construction stage geometry="recent-8k" table="directory" seconds=1.033700109 stage="hint_columns"
2026-09-10T20:55:30.671202Z DEBUG transparent_shard_server::runtime: construction stage geometry="recent-8k" table="pages" seconds=0.335568752 stage="encode_database"
2026-09-10T20:55:30.671307Z DEBUG transparent_shard_server::runtime: construction stage geometry="recent-8k" table="pages" seconds=6.8196e-5 stage="public_setup"
2026-09-10T20:55:30.957657Z DEBUG transparent_shard_server::runtime: runtime stage key=("95df7205357fe2d9c962d2b41daded841e05afa7b6fc8d06dfec46ad04e15335", Pages, 0) seconds=0.899848828 stage="disk_save"
2026-09-10T20:55:31.522917Z DEBUG transparent_shard_server::runtime: construction stage geometry="recent-8k" table="pages" seconds=0.851601387 stage="hint_columns"
2026-09-10T20:55:32.814740Z DEBUG transparent_shard_server::runtime: construction stage geometry="recent-8k" table="directory" seconds=2.397485745 stage="pack_preprocessing"
2026-09-10T20:55:32.815017Z DEBUG transparent_shard_server::runtime: construction stage geometry="recent-8k" table="directory" seconds=0.000236884 stage="publish_parameters"
2026-09-10T20:55:32.815724Z DEBUG transparent_shard_server::runtime: runtime stage key=("73d46a59d0d03d7616f9a47e53b50448d4c5a3504e6e296600d8884c8c4403b8", Directory, 0) seconds=3.722384107 stage="runtime_build"
2026-09-10T20:55:32.815956Z DEBUG transparent_shard_server::runtime: runtime stage key=("16b8227360ce35dd2e111156f5e31fd5eb500ff877879a212fef6cf8471de8a5", Directory, 0) seconds=1.478e-6 stage="restore_slot"
2026-09-10T20:55:32.816074Z DEBUG transparent_shard_server::runtime: runtime stage key=("b16be2933ab920bc4745ea8917e5167a7a685c211e0b4febe88b4d3018f970bc", Directory, 0) seconds=3.86579145 stage="build_slot"
2026-09-10T20:55:32.816110Z DEBUG transparent_shard_server::memory: cold build admission wait seconds=2.7378e-5 admitted=true
2026-09-10T20:55:32.816149Z DEBUG transparent_shard_server::runtime: runtime stage key=("16b8227360ce35dd2e111156f5e31fd5eb500ff877879a212fef6cf8471de8a5", Directory, 0) seconds=2.4094e-5 hit=false stage="disk_restore"
2026-09-10T20:55:32.953565Z DEBUG transparent_shard_server::runtime: runtime stage key=("b16be2933ab920bc4745ea8917e5167a7a685c211e0b4febe88b4d3018f970bc", Directory, 0) seconds=0.137403909 stage="source_load"
2026-09-10T20:55:33.247335Z DEBUG transparent_shard_server::runtime: construction stage geometry="recent-8k" table="directory" seconds=0.293730824 stage="encode_database"
2026-09-10T20:55:33.247446Z DEBUG transparent_shard_server::runtime: construction stage geometry="recent-8k" table="directory" seconds=7.0478e-5 stage="public_setup"
2026-09-10T20:55:33.735245Z DEBUG transparent_shard_server::runtime: runtime stage key=("73d46a59d0d03d7616f9a47e53b50448d4c5a3504e6e296600d8884c8c4403b8", Directory, 0) seconds=0.919447738 stage="disk_save"
2026-09-10T20:55:33.753149Z DEBUG transparent_shard_server::runtime: construction stage geometry="recent-8k" table="pages" seconds=2.230189878 stage="pack_preprocessing"
2026-09-10T20:55:33.756411Z DEBUG transparent_shard_server::runtime: construction stage geometry="recent-8k" table="pages" seconds=0.000232605 stage="publish_parameters"
2026-09-10T20:55:33.757101Z DEBUG transparent_shard_server::runtime: runtime stage key=("73d46a59d0d03d7616f9a47e53b50448d4c5a3504e6e296600d8884c8c4403b8", Pages, 0) seconds=3.421470639 stage="runtime_build"
2026-09-10T20:55:33.757158Z DEBUG transparent_shard_server::runtime: runtime stage key=("b16be2933ab920bc4745ea8917e5167a7a685c211e0b4febe88b4d3018f970bc", Pages, 0) seconds=3.692716575 stage="build_slot"
2026-09-10T20:55:33.757281Z DEBUG transparent_shard_server::memory: cold build admission wait seconds=8.798e-5 admitted=true
2026-09-10T20:55:33.757322Z DEBUG transparent_shard_server::runtime: runtime stage key=("16b8227360ce35dd2e111156f5e31fd5eb500ff877879a212fef6cf8471de8a5", Pages, 0) seconds=5.49e-7 stage="restore_slot"
2026-09-10T20:55:33.760224Z DEBUG transparent_shard_server::runtime: runtime stage key=("16b8227360ce35dd2e111156f5e31fd5eb500ff877879a212fef6cf8471de8a5", Pages, 0) seconds=4.7611e-5 hit=false stage="disk_restore"
2026-09-10T20:55:34.153235Z DEBUG transparent_shard_server::runtime: construction stage geometry="recent-8k" table="directory" seconds=0.905781 stage="hint_columns"
2026-09-10T20:55:34.156298Z DEBUG transparent_shard_server::runtime: runtime stage key=("b16be2933ab920bc4745ea8917e5167a7a685c211e0b4febe88b4d3018f970bc", Pages, 0) seconds=0.396124126 stage="source_load"
2026-09-10T20:55:34.447755Z DEBUG transparent_shard_server::runtime: construction stage geometry="recent-8k" table="pages" seconds=0.291433019 stage="encode_database"
2026-09-10T20:55:34.447868Z DEBUG transparent_shard_server::runtime: construction stage geometry="recent-8k" table="pages" seconds=7.6316e-5 stage="public_setup"
2026-09-10T20:55:34.764266Z DEBUG transparent_shard_server::runtime: runtime stage key=("73d46a59d0d03d7616f9a47e53b50448d4c5a3504e6e296600d8884c8c4403b8", Pages, 0) seconds=1.007110743 stage="disk_save"
2026-09-10T20:55:35.297218Z DEBUG transparent_shard_server::runtime: construction stage geometry="recent-8k" table="pages" seconds=0.849342602 stage="hint_columns"
2026-09-10T20:55:36.476319Z DEBUG transparent_shard_server::runtime: construction stage geometry="recent-8k" table="directory" seconds=2.32304257 stage="pack_preprocessing"
2026-09-10T20:55:36.476597Z DEBUG transparent_shard_server::runtime: construction stage geometry="recent-8k" table="directory" seconds=0.000232364 stage="publish_parameters"
2026-09-10T20:55:36.477412Z DEBUG transparent_shard_server::runtime: runtime stage key=("b16be2933ab920bc4745ea8917e5167a7a685c211e0b4febe88b4d3018f970bc", Directory, 0) seconds=3.523810976 stage="runtime_build"
2026-09-10T20:55:36.477459Z DEBUG transparent_shard_server::runtime: runtime stage key=("16b8227360ce35dd2e111156f5e31fd5eb500ff877879a212fef6cf8471de8a5", Directory, 0) seconds=3.661236792 stage="build_slot"
2026-09-10T20:55:36.477552Z DEBUG transparent_shard_server::memory: cold build admission wait seconds=8.8377e-5 admitted=true
2026-09-10T20:55:36.481216Z DEBUG transparent_shard_server::runtime: runtime stage key=("1cd27964911287b2a127c1f8df5e6b0c19f5b4db309391c5adb2db3072bfec6e", Directory, 0) seconds=1.163e-6 stage="restore_slot"
2026-09-10T20:55:36.481356Z DEBUG transparent_shard_server::runtime: runtime stage key=("1cd27964911287b2a127c1f8df5e6b0c19f5b4db309391c5adb2db3072bfec6e", Directory, 0) seconds=3.4351e-5 hit=false stage="disk_restore"
2026-09-10T20:55:36.662618Z DEBUG transparent_shard_server::runtime: runtime stage key=("16b8227360ce35dd2e111156f5e31fd5eb500ff877879a212fef6cf8471de8a5", Directory, 0) seconds=0.185023946 stage="source_load"
2026-09-10T20:55:36.950124Z DEBUG transparent_shard_server::runtime: construction stage geometry="recent-8k" table="directory" seconds=0.287474561 stage="encode_database"
2026-09-10T20:55:36.950242Z DEBUG transparent_shard_server::runtime: construction stage geometry="recent-8k" table="directory" seconds=8.9211e-5 stage="public_setup"
2026-09-10T20:55:37.229209Z DEBUG transparent_shard_server::runtime: runtime stage key=("b16be2933ab920bc4745ea8917e5167a7a685c211e0b4febe88b4d3018f970bc", Directory, 0) seconds=0.751606973 stage="disk_save"
2026-09-10T20:55:37.754567Z DEBUG transparent_shard_server::runtime: construction stage geometry="recent-8k" table="pages" seconds=2.457303284 stage="pack_preprocessing"
2026-09-10T20:55:37.754850Z DEBUG transparent_shard_server::runtime: construction stage geometry="recent-8k" table="pages" seconds=0.000245334 stage="publish_parameters"
2026-09-10T20:55:37.758475Z DEBUG transparent_shard_server::runtime: runtime stage key=("b16be2933ab920bc4745ea8917e5167a7a685c211e0b4febe88b4d3018f970bc", Pages, 0) seconds=3.602156129 stage="runtime_build"
2026-09-10T20:55:37.758545Z DEBUG transparent_shard_server::runtime: runtime stage key=("16b8227360ce35dd2e111156f5e31fd5eb500ff877879a212fef6cf8471de8a5", Pages, 0) seconds=3.998284231 stage="build_slot"
2026-09-10T20:55:37.758637Z DEBUG transparent_shard_server::memory: cold build admission wait seconds=7.2778e-5 admitted=true
2026-09-10T20:55:37.758661Z DEBUG transparent_shard_server::runtime: runtime stage key=("1cd27964911287b2a127c1f8df5e6b0c19f5b4db309391c5adb2db3072bfec6e", Pages, 0) seconds=4.84e-7 stage="restore_slot"
2026-09-10T20:55:37.762221Z DEBUG transparent_shard_server::runtime: runtime stage key=("1cd27964911287b2a127c1f8df5e6b0c19f5b4db309391c5adb2db3072bfec6e", Pages, 0) seconds=3.6078e-5 hit=false stage="disk_restore"
2026-09-10T20:55:37.850205Z DEBUG transparent_shard_server::runtime: construction stage geometry="recent-8k" table="directory" seconds=0.899953819 stage="hint_columns"
2026-09-10T20:55:37.932476Z DEBUG transparent_shard_server::runtime: runtime stage key=("16b8227360ce35dd2e111156f5e31fd5eb500ff877879a212fef6cf8471de8a5", Pages, 0) seconds=0.173769736 stage="source_load"
2026-09-10T20:55:38.227293Z DEBUG transparent_shard_server::runtime: construction stage geometry="recent-8k" table="pages" seconds=0.294786026 stage="encode_database"
2026-09-10T20:55:38.227387Z DEBUG transparent_shard_server::runtime: construction stage geometry="recent-8k" table="pages" seconds=6.6177e-5 stage="public_setup"
2026-09-10T20:55:38.499227Z DEBUG transparent_shard_server::runtime: runtime stage key=("b16be2933ab920bc4745ea8917e5167a7a685c211e0b4febe88b4d3018f970bc", Pages, 0) seconds=0.740687818 stage="disk_save"
2026-09-10T20:55:39.045117Z DEBUG transparent_shard_server::runtime: construction stage geometry="recent-8k" table="pages" seconds=0.817722279 stage="hint_columns"
2026-09-10T20:55:40.193514Z DEBUG transparent_shard_server::runtime: construction stage geometry="recent-8k" table="directory" seconds=2.343281911 stage="pack_preprocessing"
2026-09-10T20:55:40.193808Z DEBUG transparent_shard_server::runtime: construction stage geometry="recent-8k" table="directory" seconds=0.000256082 stage="publish_parameters"
2026-09-10T20:55:40.194587Z DEBUG transparent_shard_server::runtime: runtime stage key=("16b8227360ce35dd2e111156f5e31fd5eb500ff877879a212fef6cf8471de8a5", Directory, 0) seconds=3.5319400869999997 stage="runtime_build"
2026-09-10T20:55:40.194644Z DEBUG transparent_shard_server::runtime: runtime stage key=("1cd27964911287b2a127c1f8df5e6b0c19f5b4db309391c5adb2db3072bfec6e", Directory, 0) seconds=3.713249639 stage="build_slot"
2026-09-10T20:55:40.194744Z DEBUG transparent_shard_server::memory: cold build admission wait seconds=7.8388e-5 admitted=true
2026-09-10T20:55:40.194769Z DEBUG transparent_shard_server::runtime: runtime stage key=("27f56c565263ecffb8c7736d4e811665d81bf4ed71c7978431fcc4f45b645ee1", Directory, 0) seconds=5.59e-7 stage="restore_slot"
2026-09-10T20:55:40.194950Z DEBUG transparent_shard_server::runtime: runtime stage key=("27f56c565263ecffb8c7736d4e811665d81bf4ed71c7978431fcc4f45b645ee1", Directory, 0) seconds=3.327e-5 hit=false stage="disk_restore"
2026-09-10T20:55:40.391863Z DEBUG transparent_shard_server::runtime: runtime stage key=("1cd27964911287b2a127c1f8df5e6b0c19f5b4db309391c5adb2db3072bfec6e", Directory, 0) seconds=0.197098877 stage="source_load"
2026-09-10T20:55:40.685020Z DEBUG transparent_shard_server::runtime: construction stage geometry="recent-8k" table="directory" seconds=0.293125587 stage="encode_database"
2026-09-10T20:55:40.685128Z DEBUG transparent_shard_server::runtime: construction stage geometry="recent-8k" table="directory" seconds=7.372e-5 stage="public_setup"
2026-09-10T20:55:41.166195Z DEBUG transparent_shard_server::runtime: runtime stage key=("16b8227360ce35dd2e111156f5e31fd5eb500ff877879a212fef6cf8471de8a5", Directory, 0) seconds=0.971552135 stage="disk_save"
2026-09-10T20:55:41.281835Z DEBUG transparent_shard_server::runtime: construction stage geometry="recent-8k" table="pages" seconds=2.236675391 stage="pack_preprocessing"
2026-09-10T20:55:41.282141Z DEBUG transparent_shard_server::runtime: construction stage geometry="recent-8k" table="pages" seconds=0.000236263 stage="publish_parameters"
2026-09-10T20:55:41.284829Z DEBUG transparent_shard_server::runtime: runtime stage key=("16b8227360ce35dd2e111156f5e31fd5eb500ff877879a212fef6cf8471de8a5", Pages, 0) seconds=3.35232322 stage="runtime_build"
2026-09-10T20:55:41.284884Z DEBUG transparent_shard_server::runtime: runtime stage key=("1cd27964911287b2a127c1f8df5e6b0c19f5b4db309391c5adb2db3072bfec6e", Pages, 0) seconds=3.521865509 stage="build_slot"
2026-09-10T20:55:41.284971Z DEBUG transparent_shard_server::memory: cold build admission wait seconds=8.2159e-5 admitted=true
2026-09-10T20:55:41.288199Z DEBUG transparent_shard_server::runtime: runtime stage key=("27f56c565263ecffb8c7736d4e811665d81bf4ed71c7978431fcc4f45b645ee1", Pages, 0) seconds=6.35e-7 stage="restore_slot"
2026-09-10T20:55:41.291223Z DEBUG transparent_shard_server::runtime: runtime stage key=("27f56c565263ecffb8c7736d4e811665d81bf4ed71c7978431fcc4f45b645ee1", Pages, 0) seconds=3.7555e-5 hit=false stage="disk_restore"
2026-09-10T20:55:41.557863Z DEBUG transparent_shard_server::runtime: runtime stage key=("1cd27964911287b2a127c1f8df5e6b0c19f5b4db309391c5adb2db3072bfec6e", Pages, 0) seconds=0.272863973 stage="source_load"
2026-09-10T20:55:41.677225Z DEBUG transparent_shard_server::runtime: construction stage geometry="recent-8k" table="directory" seconds=0.992090495 stage="hint_columns"
2026-09-10T20:55:41.908853Z DEBUG transparent_shard_server::runtime: construction stage geometry="recent-8k" table="pages" seconds=0.350950508 stage="encode_database"
2026-09-10T20:55:41.908961Z DEBUG transparent_shard_server::runtime: construction stage geometry="recent-8k" table="pages" seconds=7.3086e-5 stage="public_setup"
2026-09-10T20:55:42.198206Z DEBUG transparent_shard_server::runtime: runtime stage key=("16b8227360ce35dd2e111156f5e31fd5eb500ff877879a212fef6cf8471de8a5", Pages, 0) seconds=0.909030095 stage="disk_save"
2026-09-10T20:55:42.788930Z DEBUG transparent_shard_server::runtime: construction stage geometry="recent-8k" table="pages" seconds=0.879961457 stage="hint_columns"
2026-09-10T20:55:43.978878Z DEBUG transparent_shard_server::runtime: construction stage geometry="recent-8k" table="directory" seconds=2.301621954 stage="pack_preprocessing"
2026-09-10T20:55:43.979154Z DEBUG transparent_shard_server::runtime: construction stage geometry="recent-8k" table="directory" seconds=0.00023456 stage="publish_parameters"
2026-09-10T20:55:43.979967Z DEBUG transparent_shard_server::runtime: runtime stage key=("1cd27964911287b2a127c1f8df5e6b0c19f5b4db309391c5adb2db3072bfec6e", Directory, 0) seconds=3.588074368 stage="runtime_build"
2026-09-10T20:55:43.980069Z DEBUG transparent_shard_server::runtime: runtime stage key=("ced665ae1f1140944bcd0c9aa2b83c1019df768df87fa513f9509106fc5b88c1", Directory, 0) seconds=1.544e-6 stage="restore_slot"
2026-09-10T20:55:43.980239Z DEBUG transparent_shard_server::runtime: runtime stage key=("ced665ae1f1140944bcd0c9aa2b83c1019df768df87fa513f9509106fc5b88c1", Directory, 0) seconds=2.6285e-5 hit=false stage="disk_restore"
2026-09-10T20:55:43.980265Z DEBUG transparent_shard_server::runtime: runtime stage key=("27f56c565263ecffb8c7736d4e811665d81bf4ed71c7978431fcc4f45b645ee1", Directory, 0) seconds=3.785287811 stage="build_slot"
2026-09-10T20:55:43.980297Z DEBUG transparent_shard_server::memory: cold build admission wait seconds=2.6495e-5 admitted=true
2026-09-10T20:55:44.166585Z DEBUG transparent_shard_server::runtime: runtime stage key=("27f56c565263ecffb8c7736d4e811665d81bf4ed71c7978431fcc4f45b645ee1", Directory, 0) seconds=0.18623315 stage="source_load"
2026-09-10T20:55:44.454328Z DEBUG transparent_shard_server::runtime: construction stage geometry="recent-8k" table="directory" seconds=0.287708401 stage="encode_database"
2026-09-10T20:55:44.454432Z DEBUG transparent_shard_server::runtime: construction stage geometry="recent-8k" table="directory" seconds=6.8135e-5 stage="public_setup"
2026-09-10T20:55:44.935196Z DEBUG transparent_shard_server::runtime: runtime stage key=("1cd27964911287b2a127c1f8df5e6b0c19f5b4db309391c5adb2db3072bfec6e", Directory, 0) seconds=0.955157765 stage="disk_save"
2026-09-10T20:55:45.327445Z DEBUG transparent_shard_server::runtime: construction stage geometry="recent-8k" table="directory" seconds=0.873004738 stage="hint_columns"
2026-09-10T20:55:45.329843Z DEBUG transparent_shard_server::runtime: construction stage geometry="recent-8k" table="pages" seconds=2.540870587 stage="pack_preprocessing"
2026-09-10T20:55:45.330145Z DEBUG transparent_shard_server::runtime: construction stage geometry="recent-8k" table="pages" seconds=0.00027023 stage="publish_parameters"
2026-09-10T20:55:45.330821Z DEBUG transparent_shard_server::runtime: runtime stage key=("1cd27964911287b2a127c1f8df5e6b0c19f5b4db309391c5adb2db3072bfec6e", Pages, 0) seconds=3.7729217889999997 stage="runtime_build"
2026-09-10T20:55:45.330862Z DEBUG transparent_shard_server::runtime: runtime stage key=("27f56c565263ecffb8c7736d4e811665d81bf4ed71c7978431fcc4f45b645ee1", Pages, 0) seconds=4.036678273 stage="build_slot"
2026-09-10T20:55:45.330964Z DEBUG transparent_shard_server::memory: cold build admission wait seconds=9.7833e-5 admitted=true
2026-09-10T20:55:45.331009Z DEBUG transparent_shard_server::runtime: runtime stage key=("ced665ae1f1140944bcd0c9aa2b83c1019df768df87fa513f9509106fc5b88c1", Pages, 0) seconds=4.43e-7 stage="restore_slot"
2026-09-10T20:55:45.331139Z DEBUG transparent_shard_server::runtime: runtime stage key=("ced665ae1f1140944bcd0c9aa2b83c1019df768df87fa513f9509106fc5b88c1", Pages, 0) seconds=2.7819e-5 hit=false stage="disk_restore"
2026-09-10T20:55:45.468385Z DEBUG transparent_shard_server::runtime: runtime stage key=("27f56c565263ecffb8c7736d4e811665d81bf4ed71c7978431fcc4f45b645ee1", Pages, 0) seconds=0.137400334 stage="source_load"
2026-09-10T20:55:45.768133Z DEBUG transparent_shard_server::runtime: construction stage geometry="recent-8k" table="pages" seconds=0.299712349 stage="encode_database"
2026-09-10T20:55:45.768245Z DEBUG transparent_shard_server::runtime: construction stage geometry="recent-8k" table="pages" seconds=7.8411e-5 stage="public_setup"
2026-09-10T20:55:46.208228Z DEBUG transparent_shard_server::runtime: runtime stage key=("1cd27964911287b2a127c1f8df5e6b0c19f5b4db309391c5adb2db3072bfec6e", Pages, 0) seconds=0.877123981 stage="disk_save"
2026-09-10T20:55:46.580713Z DEBUG transparent_shard_server::runtime: construction stage geometry="recent-8k" table="pages" seconds=0.812459358 stage="hint_columns"
2026-09-10T20:55:47.758924Z DEBUG transparent_shard_server::runtime: construction stage geometry="recent-8k" table="directory" seconds=2.431436044 stage="pack_preprocessing"
2026-09-10T20:55:47.759247Z DEBUG transparent_shard_server::runtime: construction stage geometry="recent-8k" table="directory" seconds=0.000269224 stage="publish_parameters"
2026-09-10T20:55:47.759971Z DEBUG transparent_shard_server::runtime: runtime stage key=("27f56c565263ecffb8c7736d4e811665d81bf4ed71c7978431fcc4f45b645ee1", Directory, 0) seconds=3.593353308 stage="runtime_build"
2026-09-10T20:55:47.760119Z DEBUG transparent_shard_server::runtime: runtime stage key=("ced665ae1f1140944bcd0c9aa2b83c1019df768df87fa513f9509106fc5b88c1", Directory, 0) seconds=3.7798555609999998 stage="build_slot"
2026-09-10T20:55:47.760227Z DEBUG transparent_shard_server::memory: cold build admission wait seconds=8.4095e-5 admitted=true
2026-09-10T20:55:47.760266Z DEBUG transparent_shard_server::runtime: runtime stage key=("2d4497bf9e8bafc6139ee4e57114238a7ecfa0782702939922bf2a79b1fe05bf", Directory, 0) seconds=7.64e-7 stage="restore_slot"
2026-09-10T20:55:47.760341Z DEBUG transparent_shard_server::runtime: runtime stage key=("2d4497bf9e8bafc6139ee4e57114238a7ecfa0782702939922bf2a79b1fe05bf", Directory, 0) seconds=2.9544e-5 hit=false stage="disk_restore"
2026-09-10T20:55:47.950283Z DEBUG transparent_shard_server::runtime: runtime stage key=("ced665ae1f1140944bcd0c9aa2b83c1019df768df87fa513f9509106fc5b88c1", Directory, 0) seconds=0.190022212 stage="source_load"
2026-09-10T20:55:48.250815Z DEBUG transparent_shard_server::runtime: construction stage geometry="recent-8k" table="directory" seconds=0.300480016 stage="encode_database"
2026-09-10T20:55:48.250921Z DEBUG transparent_shard_server::runtime: construction stage geometry="recent-8k" table="directory" seconds=7.0463e-5 stage="public_setup"
2026-09-10T20:55:48.538206Z DEBUG transparent_shard_server::runtime: runtime stage key=("27f56c565263ecffb8c7736d4e811665d81bf4ed71c7978431fcc4f45b645ee1", Directory, 0) seconds=0.778175243 stage="disk_save"
2026-09-10T20:55:49.136610Z DEBUG transparent_shard_server::runtime: construction stage geometry="recent-8k" table="pages" seconds=2.555829815 stage="pack_preprocessing"
2026-09-10T20:55:49.136952Z DEBUG transparent_shard_server::runtime: construction stage geometry="recent-8k" table="pages" seconds=0.000304012 stage="publish_parameters"
2026-09-10T20:55:49.137230Z DEBUG transparent_shard_server::runtime: construction stage geometry="recent-8k" table="directory" seconds=0.886303697 stage="hint_columns"
2026-09-10T20:55:49.137631Z DEBUG transparent_shard_server::runtime: runtime stage key=("27f56c565263ecffb8c7736d4e811665d81bf4ed71c7978431fcc4f45b645ee1", Pages, 0) seconds=3.66921283 stage="runtime_build"
2026-09-10T20:55:49.137682Z DEBUG transparent_shard_server::runtime: runtime stage key=("ced665ae1f1140944bcd0c9aa2b83c1019df768df87fa513f9509106fc5b88c1", Pages, 0) seconds=3.806504783 stage="build_slot"
2026-09-10T20:55:49.137706Z DEBUG transparent_shard_server::runtime: runtime stage key=("2d4497bf9e8bafc6139ee4e57114238a7ecfa0782702939922bf2a79b1fe05bf", Pages, 0) seconds=1.179e-6 stage="restore_slot"
2026-09-10T20:55:49.137777Z DEBUG transparent_shard_server::memory: cold build admission wait seconds=7.9877e-5 admitted=true
2026-09-10T20:55:49.137818Z DEBUG transparent_shard_server::runtime: runtime stage key=("2d4497bf9e8bafc6139ee4e57114238a7ecfa0782702939922bf2a79b1fe05bf", Pages, 0) seconds=2.5275e-5 hit=false stage="disk_restore"
2026-09-10T20:55:49.271972Z DEBUG transparent_shard_server::runtime: runtime stage key=("ced665ae1f1140944bcd0c9aa2b83c1019df768df87fa513f9509106fc5b88c1", Pages, 0) seconds=0.134143865 stage="source_load"
2026-09-10T20:55:49.569793Z DEBUG transparent_shard_server::runtime: construction stage geometry="recent-8k" table="pages" seconds=0.297785112 stage="encode_database"
2026-09-10T20:55:49.569908Z DEBUG transparent_shard_server::runtime: construction stage geometry="recent-8k" table="pages" seconds=7.6008e-5 stage="public_setup"
2026-09-10T20:55:50.048583Z DEBUG transparent_shard_server::runtime: runtime stage key=("27f56c565263ecffb8c7736d4e811665d81bf4ed71c7978431fcc4f45b645ee1", Pages, 0) seconds=0.910903258 stage="disk_save"
2026-09-10T20:55:50.385876Z DEBUG transparent_shard_server::runtime: construction stage geometry="recent-8k" table="pages" seconds=0.815961339 stage="hint_columns"
2026-09-10T20:55:51.562558Z DEBUG transparent_shard_server::runtime: construction stage geometry="recent-8k" table="directory" seconds=2.425297182 stage="pack_preprocessing"
2026-09-10T20:55:51.562845Z DEBUG transparent_shard_server::runtime: construction stage geometry="recent-8k" table="directory" seconds=0.000247106 stage="publish_parameters"
2026-09-10T20:55:51.563534Z DEBUG transparent_shard_server::runtime: runtime stage key=("ced665ae1f1140944bcd0c9aa2b83c1019df768df87fa513f9509106fc5b88c1", Directory, 0) seconds=3.613201078 stage="runtime_build"
2026-09-10T20:55:51.564200Z DEBUG transparent_shard_server::runtime: runtime stage key=("2d4497bf9e8bafc6139ee4e57114238a7ecfa0782702939922bf2a79b1fe05bf", Directory, 0) seconds=3.8009856539999998 stage="build_slot"
2026-09-10T20:55:51.564235Z DEBUG transparent_shard_server::runtime: runtime stage key=("a4bd72b37c0aafb265c77bb09cbc402cf69b65a87a1fabc8a0f12614b35469be", Directory, 0) seconds=1.345e-6 stage="restore_slot"
2026-09-10T20:55:51.564292Z DEBUG transparent_shard_server::memory: cold build admission wait seconds=7.8475e-5 admitted=true
2026-09-10T20:55:51.564376Z DEBUG transparent_shard_server::runtime: runtime stage key=("a4bd72b37c0aafb265c77bb09cbc402cf69b65a87a1fabc8a0f12614b35469be", Directory, 0) seconds=2.9873e-5 hit=false stage="disk_restore"
2026-09-10T20:55:51.751765Z DEBUG transparent_shard_server::runtime: runtime stage key=("2d4497bf9e8bafc6139ee4e57114238a7ecfa0782702939922bf2a79b1fe05bf", Directory, 0) seconds=0.187443106 stage="source_load"
2026-09-10T20:55:52.044079Z DEBUG transparent_shard_server::runtime: construction stage geometry="recent-8k" table="directory" seconds=0.292279294 stage="encode_database"
2026-09-10T20:55:52.044193Z DEBUG transparent_shard_server::runtime: construction stage geometry="recent-8k" table="directory" seconds=8.0532e-5 stage="public_setup"
2026-09-10T20:55:52.332432Z DEBUG transparent_shard_server::runtime: runtime stage key=("ced665ae1f1140944bcd0c9aa2b83c1019df768df87fa513f9509106fc5b88c1", Directory, 0) seconds=0.768831934 stage="disk_save"
2026-09-10T20:55:52.924411Z DEBUG transparent_shard_server::runtime: construction stage geometry="recent-8k" table="directory" seconds=0.880208722 stage="hint_columns"
2026-09-10T20:55:52.927139Z DEBUG transparent_shard_server::runtime: construction stage geometry="recent-8k" table="pages" seconds=2.5412192239999998 stage="pack_preprocessing"
2026-09-10T20:55:52.927425Z DEBUG transparent_shard_server::runtime: construction stage geometry="recent-8k" table="pages" seconds=0.000246777 stage="publish_parameters"
2026-09-10T20:55:52.928095Z DEBUG transparent_shard_server::runtime: runtime stage key=("ced665ae1f1140944bcd0c9aa2b83c1019df768df87fa513f9509106fc5b88c1", Pages, 0) seconds=3.656090233 stage="runtime_build"
2026-09-10T20:55:52.928174Z DEBUG transparent_shard_server::runtime: runtime stage key=("a4bd72b37c0aafb265c77bb09cbc402cf69b65a87a1fabc8a0f12614b35469be", Pages, 0) seconds=1.625e-6 stage="restore_slot"
2026-09-10T20:55:52.928285Z DEBUG transparent_shard_server::runtime: runtime stage key=("2d4497bf9e8bafc6139ee4e57114238a7ecfa0782702939922bf2a79b1fe05bf", Pages, 0) seconds=3.790454924 stage="build_slot"
2026-09-10T20:55:52.928316Z DEBUG transparent_shard_server::memory: cold build admission wait seconds=2.5644e-5 admitted=true
2026-09-10T20:55:52.928351Z DEBUG transparent_shard_server::runtime: runtime stage key=("a4bd72b37c0aafb265c77bb09cbc402cf69b65a87a1fabc8a0f12614b35469be", Pages, 0) seconds=2.3334e-5 hit=false stage="disk_restore"
2026-09-10T20:55:53.064379Z DEBUG transparent_shard_server::runtime: runtime stage key=("2d4497bf9e8bafc6139ee4e57114238a7ecfa0782702939922bf2a79b1fe05bf", Pages, 0) seconds=0.136018872 stage="source_load"
2026-09-10T20:55:53.362942Z DEBUG transparent_shard_server::runtime: construction stage geometry="recent-8k" table="pages" seconds=0.298525987 stage="encode_database"
2026-09-10T20:55:53.363057Z DEBUG transparent_shard_server::runtime: construction stage geometry="recent-8k" table="pages" seconds=7.5238e-5 stage="public_setup"
2026-09-10T20:55:53.825241Z DEBUG transparent_shard_server::runtime: runtime stage key=("ced665ae1f1140944bcd0c9aa2b83c1019df768df87fa513f9509106fc5b88c1", Pages, 0) seconds=0.897094463 stage="disk_save"
2026-09-10T20:55:54.157814Z DEBUG transparent_shard_server::runtime: construction stage geometry="recent-8k" table="pages" seconds=0.794749459 stage="hint_columns"
2026-09-10T20:55:55.386651Z DEBUG transparent_shard_server::runtime: construction stage geometry="recent-8k" table="directory" seconds=2.462193675 stage="pack_preprocessing"
2026-09-10T20:55:55.386943Z DEBUG transparent_shard_server::runtime: construction stage geometry="recent-8k" table="directory" seconds=0.00024743 stage="publish_parameters"
2026-09-10T20:55:55.391676Z DEBUG transparent_shard_server::runtime: runtime stage key=("2d4497bf9e8bafc6139ee4e57114238a7ecfa0782702939922bf2a79b1fe05bf", Directory, 0) seconds=3.639877559 stage="runtime_build"
2026-09-10T20:55:55.391752Z DEBUG transparent_shard_server::runtime: runtime stage key=("a4bd72b37c0aafb265c77bb09cbc402cf69b65a87a1fabc8a0f12614b35469be", Directory, 0) seconds=3.827337302 stage="build_slot"
2026-09-10T20:55:55.391853Z DEBUG transparent_shard_server::memory: cold build admission wait seconds=7.4504e-5 admitted=true
2026-09-10T20:55:55.391895Z DEBUG transparent_shard_server::runtime: runtime stage key=("c907a0aa45b2551520863990845279fd25135889865e088c2dad6ea0d32b8fde", Directory, 0) seconds=6.2e-7 stage="restore_slot"
2026-09-10T20:55:55.391978Z DEBUG transparent_shard_server::runtime: runtime stage key=("c907a0aa45b2551520863990845279fd25135889865e088c2dad6ea0d32b8fde", Directory, 0) seconds=3.151e-5 hit=false stage="disk_restore"
2026-09-10T20:55:55.558118Z DEBUG transparent_shard_server::runtime: runtime stage key=("a4bd72b37c0aafb265c77bb09cbc402cf69b65a87a1fabc8a0f12614b35469be", Directory, 0) seconds=0.166225854 stage="source_load"
2026-09-10T20:55:55.849001Z DEBUG transparent_shard_server::runtime: construction stage geometry="recent-8k" table="directory" seconds=0.290829552 stage="encode_database"
2026-09-10T20:55:55.849116Z DEBUG transparent_shard_server::runtime: construction stage geometry="recent-8k" table="directory" seconds=7.5032e-5 stage="public_setup"
2026-09-10T20:55:56.361397Z DEBUG transparent_shard_server::runtime: runtime stage key=("2d4497bf9e8bafc6139ee4e57114238a7ecfa0782702939922bf2a79b1fe05bf", Directory, 0) seconds=0.969650137 stage="disk_save"
2026-09-10T20:55:56.718083Z DEBUG transparent_shard_server::runtime: construction stage geometry="recent-8k" table="directory" seconds=0.868960277 stage="hint_columns"
2026-09-10T20:55:56.720485Z DEBUG transparent_shard_server::runtime: construction stage geometry="recent-8k" table="pages" seconds=2.562628314 stage="pack_preprocessing"
2026-09-10T20:55:56.720812Z DEBUG transparent_shard_server::runtime: construction stage geometry="recent-8k" table="pages" seconds=0.00029604 stage="publish_parameters"
2026-09-10T20:55:56.721503Z DEBUG transparent_shard_server::runtime: runtime stage key=("2d4497bf9e8bafc6139ee4e57114238a7ecfa0782702939922bf2a79b1fe05bf", Pages, 0) seconds=3.657089494 stage="runtime_build"
2026-09-10T20:55:56.721555Z DEBUG transparent_shard_server::runtime: runtime stage key=("a4bd72b37c0aafb265c77bb09cbc402cf69b65a87a1fabc8a0f12614b35469be", Pages, 0) seconds=3.793142531 stage="build_slot"
2026-09-10T20:55:56.721596Z DEBUG transparent_shard_server::runtime: runtime stage key=("c907a0aa45b2551520863990845279fd25135889865e088c2dad6ea0d32b8fde", Pages, 0) seconds=1.258e-6 stage="restore_slot"
2026-09-10T20:55:56.721643Z DEBUG transparent_shard_server::memory: cold build admission wait seconds=8.3713e-5 admitted=true
2026-09-10T20:55:56.724398Z DEBUG transparent_shard_server::runtime: runtime stage key=("c907a0aa45b2551520863990845279fd25135889865e088c2dad6ea0d32b8fde", Pages, 0) seconds=3.6902e-5 hit=false stage="disk_restore"
2026-09-10T20:55:56.861808Z DEBUG transparent_shard_server::runtime: runtime stage key=("a4bd72b37c0aafb265c77bb09cbc402cf69b65a87a1fabc8a0f12614b35469be", Pages, 0) seconds=0.137571054 stage="source_load"
2026-09-10T20:55:57.162470Z DEBUG transparent_shard_server::runtime: construction stage geometry="recent-8k" table="pages" seconds=0.30062657 stage="encode_database"
2026-09-10T20:55:57.162585Z DEBUG transparent_shard_server::runtime: construction stage geometry="recent-8k" table="pages" seconds=7.7057e-5 stage="public_setup"
2026-09-10T20:55:57.448559Z DEBUG transparent_shard_server::runtime: runtime stage key=("2d4497bf9e8bafc6139ee4e57114238a7ecfa0782702939922bf2a79b1fe05bf", Pages, 0) seconds=0.724359351 stage="disk_save"
2026-09-10T20:55:57.981206Z DEBUG transparent_shard_server::runtime: construction stage geometry="recent-8k" table="pages" seconds=0.818613699 stage="hint_columns"
2026-09-10T20:55:59.158916Z DEBUG transparent_shard_server::runtime: construction stage geometry="recent-8k" table="directory" seconds=2.440790689 stage="pack_preprocessing"
2026-09-10T20:55:59.159195Z DEBUG transparent_shard_server::runtime: construction stage geometry="recent-8k" table="directory" seconds=0.000228828 stage="publish_parameters"
2026-09-10T20:55:59.159869Z DEBUG transparent_shard_server::runtime: runtime stage key=("a4bd72b37c0aafb265c77bb09cbc402cf69b65a87a1fabc8a0f12614b35469be", Directory, 0) seconds=3.6017006780000003 stage="runtime_build"
2026-09-10T20:55:59.159944Z DEBUG transparent_shard_server::runtime: runtime stage key=("c907a0aa45b2551520863990845279fd25135889865e088c2dad6ea0d32b8fde", Directory, 0) seconds=3.7677525640000002 stage="build_slot"
2026-09-10T20:55:59.160048Z DEBUG transparent_shard_server::memory: cold build admission wait seconds=8.1396e-5 admitted=true
2026-09-10T20:55:59.160103Z DEBUG transparent_shard_server::runtime: runtime stage key=("67574e8d4c7f7c258f8c7488f73e80a9476f8074c3db3540325133ff25020c2b", Directory, 0) seconds=1.018e-6 stage="restore_slot"
2026-09-10T20:55:59.160254Z DEBUG transparent_shard_server::runtime: runtime stage key=("67574e8d4c7f7c258f8c7488f73e80a9476f8074c3db3540325133ff25020c2b", Directory, 0) seconds=5.1221e-5 hit=false stage="disk_restore"
2026-09-10T20:55:59.348014Z DEBUG transparent_shard_server::runtime: runtime stage key=("c907a0aa45b2551520863990845279fd25135889865e088c2dad6ea0d32b8fde", Directory, 0) seconds=0.187908767 stage="source_load"
2026-09-10T20:55:59.649715Z DEBUG transparent_shard_server::runtime: construction stage geometry="recent-8k" table="directory" seconds=0.301664277 stage="encode_database"
2026-09-10T20:55:59.649822Z DEBUG transparent_shard_server::runtime: construction stage geometry="recent-8k" table="directory" seconds=7.4792e-5 stage="public_setup"
2026-09-10T20:56:00.126893Z DEBUG transparent_shard_server::runtime: runtime stage key=("a4bd72b37c0aafb265c77bb09cbc402cf69b65a87a1fabc8a0f12614b35469be", Directory, 0) seconds=0.966824695 stage="disk_save"
2026-09-10T20:56:00.523110Z DEBUG transparent_shard_server::runtime: construction stage geometry="recent-8k" table="directory" seconds=0.873280592 stage="hint_columns"
2026-09-10T20:56:00.525563Z DEBUG transparent_shard_server::runtime: construction stage geometry="recent-8k" table="pages" seconds=2.544312636 stage="pack_preprocessing"
2026-09-10T20:56:00.525844Z DEBUG transparent_shard_server::runtime: construction stage geometry="recent-8k" table="pages" seconds=0.000248425 stage="publish_parameters"
2026-09-10T20:56:00.526597Z DEBUG transparent_shard_server::runtime: runtime stage key=("a4bd72b37c0aafb265c77bb09cbc402cf69b65a87a1fabc8a0f12614b35469be", Pages, 0) seconds=3.664755609 stage="runtime_build"
2026-09-10T20:56:00.526741Z DEBUG transparent_shard_server::runtime: runtime stage key=("c907a0aa45b2551520863990845279fd25135889865e088c2dad6ea0d32b8fde", Pages, 0) seconds=3.802284374 stage="build_slot"
2026-09-10T20:56:00.526831Z DEBUG transparent_shard_server::memory: cold build admission wait seconds=7.3364e-5 admitted=true
2026-09-10T20:56:00.526857Z DEBUG transparent_shard_server::runtime: runtime stage key=("67574e8d4c7f7c258f8c7488f73e80a9476f8074c3db3540325133ff25020c2b", Pages, 0) seconds=8.54e-7 stage="restore_slot"
2026-09-10T20:56:00.529237Z DEBUG transparent_shard_server::runtime: runtime stage key=("67574e8d4c7f7c258f8c7488f73e80a9476f8074c3db3540325133ff25020c2b", Pages, 0) seconds=4.4043e-5 hit=false stage="disk_restore"
2026-09-10T20:56:00.661718Z DEBUG transparent_shard_server::runtime: runtime stage key=("c907a0aa45b2551520863990845279fd25135889865e088c2dad6ea0d32b8fde", Pages, 0) seconds=0.134805546 stage="source_load"
2026-09-10T20:56:00.959948Z DEBUG transparent_shard_server::runtime: construction stage geometry="recent-8k" table="pages" seconds=0.298194708 stage="encode_database"
2026-09-10T20:56:00.960058Z DEBUG transparent_shard_server::runtime: construction stage geometry="recent-8k" table="pages" seconds=7.5402e-5 stage="public_setup"
2026-09-10T20:56:01.454239Z DEBUG transparent_shard_server::runtime: runtime stage key=("a4bd72b37c0aafb265c77bb09cbc402cf69b65a87a1fabc8a0f12614b35469be", Pages, 0) seconds=0.927576724 stage="disk_save"
2026-09-10T20:56:01.851203Z DEBUG transparent_shard_server::runtime: construction stage geometry="recent-8k" table="pages" seconds=0.891138193 stage="hint_columns"
2026-09-10T20:56:02.933683Z DEBUG transparent_shard_server::runtime: construction stage geometry="recent-8k" table="directory" seconds=2.410528171 stage="pack_preprocessing"
2026-09-10T20:56:02.933991Z DEBUG transparent_shard_server::runtime: construction stage geometry="recent-8k" table="directory" seconds=0.000257764 stage="publish_parameters"
2026-09-10T20:56:02.937743Z DEBUG transparent_shard_server::runtime: runtime stage key=("c907a0aa45b2551520863990845279fd25135889865e088c2dad6ea0d32b8fde", Directory, 0) seconds=3.5896932379999997 stage="runtime_build"
2026-09-10T20:56:02.940222Z DEBUG transparent_shard_server::runtime: runtime stage key=("67574e8d4c7f7c258f8c7488f73e80a9476f8074c3db3540325133ff25020c2b", Directory, 0) seconds=3.779930557 stage="build_slot"
2026-09-10T20:56:02.940327Z DEBUG transparent_shard_server::memory: cold build admission wait seconds=7.3922e-5 admitted=true
2026-09-10T20:56:03.119302Z DEBUG transparent_shard_server::runtime: runtime stage key=("67574e8d4c7f7c258f8c7488f73e80a9476f8074c3db3540325133ff25020c2b", Directory, 0) seconds=0.178950732 stage="source_load"
2026-09-10T20:56:03.421906Z DEBUG transparent_shard_server::runtime: construction stage geometry="recent-8k" table="directory" seconds=0.302572573 stage="encode_database"
2026-09-10T20:56:03.422013Z DEBUG transparent_shard_server::runtime: construction stage geometry="recent-8k" table="directory" seconds=7.4452e-5 stage="public_setup"
2026-09-10T20:56:03.693223Z DEBUG transparent_shard_server::runtime: runtime stage key=("c907a0aa45b2551520863990845279fd25135889865e088c2dad6ea0d32b8fde", Directory, 0) seconds=0.75540897 stage="disk_save"
2026-09-10T20:56:04.302289Z DEBUG transparent_shard_server::runtime: construction stage geometry="recent-8k" table="directory" seconds=0.880268846 stage="hint_columns"
2026-09-10T20:56:04.304635Z DEBUG transparent_shard_server::runtime: construction stage geometry="recent-8k" table="pages" seconds=2.453392669 stage="pack_preprocessing"
2026-09-10T20:56:04.304965Z DEBUG transparent_shard_server::runtime: construction stage geometry="recent-8k" table="pages" seconds=0.0002995 stage="publish_parameters"
2026-09-10T20:56:04.305707Z DEBUG transparent_shard_server::runtime: runtime stage key=("c907a0aa45b2551520863990845279fd25135889865e088c2dad6ea0d32b8fde", Pages, 0) seconds=3.6439566230000002 stage="runtime_build"
2026-09-10T20:56:04.305776Z DEBUG transparent_shard_server::runtime: runtime stage key=("67574e8d4c7f7c258f8c7488f73e80a9476f8074c3db3540325133ff25020c2b", Pages, 0) seconds=3.775573315 stage="build_slot"
2026-09-10T20:56:04.305872Z DEBUG transparent_shard_server::memory: cold build admission wait seconds=9.1036e-5 admitted=true
2026-09-10T20:56:04.447809Z DEBUG transparent_shard_server::runtime: runtime stage key=("67574e8d4c7f7c258f8c7488f73e80a9476f8074c3db3540325133ff25020c2b", Pages, 0) seconds=0.141911585 stage="source_load"
2026-09-10T20:56:04.746506Z DEBUG transparent_shard_server::runtime: construction stage geometry="recent-8k" table="pages" seconds=0.298658625 stage="encode_database"
2026-09-10T20:56:04.746610Z DEBUG transparent_shard_server::runtime: construction stage geometry="recent-8k" table="pages" seconds=7.1904e-5 stage="public_setup"
2026-09-10T20:56:05.192230Z DEBUG transparent_shard_server::runtime: runtime stage key=("c907a0aa45b2551520863990845279fd25135889865e088c2dad6ea0d32b8fde", Pages, 0) seconds=0.886450726 stage="disk_save"
2026-09-10T20:56:05.541224Z DEBUG transparent_shard_server::runtime: construction stage geometry="recent-8k" table="pages" seconds=0.794606361 stage="hint_columns"
2026-09-10T20:56:06.735195Z DEBUG transparent_shard_server::runtime: construction stage geometry="recent-8k" table="directory" seconds=2.432862497 stage="pack_preprocessing"
2026-09-10T20:56:06.735511Z DEBUG transparent_shard_server::runtime: construction stage geometry="recent-8k" table="directory" seconds=0.000275922 stage="publish_parameters"
2026-09-10T20:56:06.736214Z DEBUG transparent_shard_server::runtime: runtime stage key=("67574e8d4c7f7c258f8c7488f73e80a9476f8074c3db3540325133ff25020c2b", Directory, 0) seconds=3.616882363 stage="runtime_build"
2026-09-10T20:56:07.421357Z DEBUG transparent_shard_server::runtime: runtime stage key=("67574e8d4c7f7c258f8c7488f73e80a9476f8074c3db3540325133ff25020c2b", Directory, 0) seconds=0.683122743 stage="disk_save"
2026-09-10T20:56:07.780999Z DEBUG transparent_shard_server::runtime: construction stage geometry="recent-8k" table="pages" seconds=2.239727573 stage="pack_preprocessing"
2026-09-10T20:56:07.781297Z DEBUG transparent_shard_server::runtime: construction stage geometry="recent-8k" table="pages" seconds=0.000255696 stage="publish_parameters"
2026-09-10T20:56:07.782028Z DEBUG transparent_shard_server::runtime: runtime stage key=("67574e8d4c7f7c258f8c7488f73e80a9476f8074c3db3540325133ff25020c2b", Pages, 0) seconds=3.334182464 stage="runtime_build"
2026-09-10T20:56:07.782105Z  INFO transparent_shard_server::service: prewarm finished warm=28 target=28 failed=0 seconds=53.41865593
2026-09-10T20:56:08.469477Z DEBUG transparent_shard_server::runtime: runtime stage key=("67574e8d4c7f7c258f8c7488f73e80a9476f8074c3db3540325133ff25020c2b", Pages, 0) seconds=0.687325229 stage="disk_save"
2026-09-10T20:56:08.678053Z DEBUG transparent_shard_server::service: query stage revision=5b7ee9849d47f5ee67d04eb6ca4588beacf42dce75e5a1b481dfd02607b1fb20 table="directory" seconds=5.36e-6 stage="query_admission"
2026-09-10T20:56:08.678091Z DEBUG transparent_shard_server::service: query stage revision=5b7ee9849d47f5ee67d04eb6ca4588beacf42dce75e5a1b481dfd02607b1fb20 table="directory" seconds=5.243e-6 stage="query_runtime"
2026-09-10T20:56:08.678159Z DEBUG transparent_shard_server::service: query stage revision=5b7ee9849d47f5ee67d04eb6ca4588beacf42dce75e5a1b481dfd02607b1fb20 table="directory" seconds=6.422e-5 admitted=true stage="query_memory_admission"
2026-09-10T20:56:08.678265Z DEBUG transparent_shard_server::service: query stage revision=5b7ee9849d47f5ee67d04eb6ca4588beacf42dce75e5a1b481dfd02607b1fb20 table="directory" seconds=0.00010069 stage="query_dispatch"
2026-09-10T20:56:08.681912Z DEBUG transparent_shard_server::service: query stage revision=5b7ee9849d47f5ee67d04eb6ca4588beacf42dce75e5a1b481dfd02607b1fb20 table="directory" seconds=1.702e-6 stage="query_admission"
2026-09-10T20:56:08.681933Z DEBUG transparent_shard_server::service: query stage revision=5b7ee9849d47f5ee67d04eb6ca4588beacf42dce75e5a1b481dfd02607b1fb20 table="directory" seconds=4.007e-6 stage="query_runtime"
2026-09-10T20:56:08.681988Z DEBUG transparent_shard_server::service: query stage revision=5b7ee9849d47f5ee67d04eb6ca4588beacf42dce75e5a1b481dfd02607b1fb20 table="directory" seconds=5.1584e-5 admitted=true stage="query_memory_admission"
2026-09-10T20:56:08.685200Z DEBUG transparent_shard_server::service: query stage revision=5b7ee9849d47f5ee67d04eb6ca4588beacf42dce75e5a1b481dfd02607b1fb20 table="directory" seconds=0.003206117 stage="query_dispatch"
2026-09-10T20:56:08.690773Z DEBUG transparent_shard_server::service: query stage revision=5b7ee9849d47f5ee67d04eb6ca4588beacf42dce75e5a1b481dfd02607b1fb20 table="directory" seconds=0.012463055 stage="query_evaluate"
2026-09-10T20:56:08.697246Z DEBUG transparent_shard_server::service: query stage revision=5b7ee9849d47f5ee67d04eb6ca4588beacf42dce75e5a1b481dfd02607b1fb20 table="directory" seconds=0.012027521 stage="query_evaluate"
2026-09-10T20:56:08.858814Z DEBUG transparent_shard_server::service: query stage revision=5b7ee9849d47f5ee67d04eb6ca4588beacf42dce75e5a1b481dfd02607b1fb20 table="pages" seconds=2.766e-6 stage="query_admission"
2026-09-10T20:56:08.858850Z DEBUG transparent_shard_server::service: query stage revision=5b7ee9849d47f5ee67d04eb6ca4588beacf42dce75e5a1b481dfd02607b1fb20 table="pages" seconds=4.305e-6 stage="query_runtime"
2026-09-10T20:56:08.858927Z DEBUG transparent_shard_server::service: query stage revision=5b7ee9849d47f5ee67d04eb6ca4588beacf42dce75e5a1b481dfd02607b1fb20 table="pages" seconds=7.3401e-5 admitted=true stage="query_memory_admission"
2026-09-10T20:56:08.858950Z DEBUG transparent_shard_server::service: query stage revision=5b7ee9849d47f5ee67d04eb6ca4588beacf42dce75e5a1b481dfd02607b1fb20 table="pages" seconds=1.7936e-5 stage="query_dispatch"
2026-09-10T20:56:08.859025Z DEBUG transparent_shard_server::service: query stage revision=5b7ee9849d47f5ee67d04eb6ca4588beacf42dce75e5a1b481dfd02607b1fb20 table="pages" seconds=2.089e-6 stage="query_admission"
2026-09-10T20:56:08.859046Z DEBUG transparent_shard_server::service: query stage revision=5b7ee9849d47f5ee67d04eb6ca4588beacf42dce75e5a1b481dfd02607b1fb20 table="pages" seconds=4.634e-6 stage="query_runtime"
2026-09-10T20:56:08.859107Z DEBUG transparent_shard_server::service: query stage revision=5b7ee9849d47f5ee67d04eb6ca4588beacf42dce75e5a1b481dfd02607b1fb20 table="pages" seconds=5.8471e-5 admitted=true stage="query_memory_admission"
2026-09-10T20:56:08.859240Z DEBUG transparent_shard_server::service: query stage revision=5b7ee9849d47f5ee67d04eb6ca4588beacf42dce75e5a1b481dfd02607b1fb20 table="pages" seconds=0.000128424 stage="query_dispatch"
2026-09-10T20:56:08.871886Z DEBUG transparent_shard_server::service: query stage revision=5b7ee9849d47f5ee67d04eb6ca4588beacf42dce75e5a1b481dfd02607b1fb20 table="pages" seconds=0.012918816 stage="query_evaluate"
2026-09-10T20:56:08.871890Z DEBUG transparent_shard_server::service: query stage revision=5b7ee9849d47f5ee67d04eb6ca4588beacf42dce75e5a1b481dfd02607b1fb20 table="pages" seconds=0.012626694 stage="query_evaluate"
2026-09-10T20:56:08.945620Z  INFO transparent_shard_server::runtime: retired runtime memory reclaimed rss_before=5022744576 rss_after=4426182656
2026-09-10T20:56:09.026595Z DEBUG transparent_shard_server::service: query stage revision=5b7ee9849d47f5ee67d04eb6ca4588beacf42dce75e5a1b481dfd02607b1fb20 table="directory" seconds=2.657e-6 stage="query_admission"
2026-09-10T20:56:09.026633Z DEBUG transparent_shard_server::service: query stage revision=5b7ee9849d47f5ee67d04eb6ca4588beacf42dce75e5a1b481dfd02607b1fb20 table="directory" seconds=4.744e-6 stage="query_runtime"
2026-09-10T20:56:09.026676Z DEBUG transparent_shard_server::service: query stage revision=5b7ee9849d47f5ee67d04eb6ca4588beacf42dce75e5a1b481dfd02607b1fb20 table="directory" seconds=1.91e-6 stage="query_admission"
2026-09-10T20:56:09.026697Z DEBUG transparent_shard_server::service: query stage revision=5b7ee9849d47f5ee67d04eb6ca4588beacf42dce75e5a1b481dfd02607b1fb20 table="directory" seconds=4.141e-6 stage="query_runtime"
2026-09-10T20:56:09.026706Z DEBUG transparent_shard_server::service: query stage revision=5b7ee9849d47f5ee67d04eb6ca4588beacf42dce75e5a1b481dfd02607b1fb20 table="directory" seconds=7.0599e-5 admitted=true stage="query_memory_admission"
2026-09-10T20:56:09.026724Z DEBUG transparent_shard_server::service: query stage revision=5b7ee9849d47f5ee67d04eb6ca4588beacf42dce75e5a1b481dfd02607b1fb20 table="directory" seconds=1.2609e-5 stage="query_dispatch"
2026-09-10T20:56:09.026758Z DEBUG transparent_shard_server::service: query stage revision=5b7ee9849d47f5ee67d04eb6ca4588beacf42dce75e5a1b481dfd02607b1fb20 table="directory" seconds=5.8597e-5 admitted=true stage="query_memory_admission"
2026-09-10T20:56:09.026898Z DEBUG transparent_shard_server::service: query stage revision=5b7ee9849d47f5ee67d04eb6ca4588beacf42dce75e5a1b481dfd02607b1fb20 table="directory" seconds=0.000134696 stage="query_dispatch"
2026-09-10T20:56:09.044823Z DEBUG transparent_shard_server::service: query stage revision=5b7ee9849d47f5ee67d04eb6ca4588beacf42dce75e5a1b481dfd02607b1fb20 table="directory" seconds=0.018093143 stage="query_evaluate"
2026-09-10T20:56:09.044847Z DEBUG transparent_shard_server::service: query stage revision=5b7ee9849d47f5ee67d04eb6ca4588beacf42dce75e5a1b481dfd02607b1fb20 table="directory" seconds=0.017931663 stage="query_evaluate"
test burst::publication_burst_under_exact_load has been running for over 60 seconds
2026-09-10T20:56:09.199133Z DEBUG transparent_shard_server::service: query stage revision=5b7ee9849d47f5ee67d04eb6ca4588beacf42dce75e5a1b481dfd02607b1fb20 table="pages" seconds=2.737e-6 stage="query_admission"
2026-09-10T20:56:09.199177Z DEBUG transparent_shard_server::service: query stage revision=5b7ee9849d47f5ee67d04eb6ca4588beacf42dce75e5a1b481dfd02607b1fb20 table="pages" seconds=1.9959e-5 stage="query_runtime"
2026-09-10T20:56:09.199261Z DEBUG transparent_shard_server::service: query stage revision=5b7ee9849d47f5ee67d04eb6ca4588beacf42dce75e5a1b481dfd02607b1fb20 table="pages" seconds=6.8169e-5 admitted=true stage="query_memory_admission"
2026-09-10T20:56:09.199379Z DEBUG transparent_shard_server::service: query stage revision=5b7ee9849d47f5ee67d04eb6ca4588beacf42dce75e5a1b481dfd02607b1fb20 table="pages" seconds=1.439e-6 stage="query_admission"
2026-09-10T20:56:09.199387Z DEBUG transparent_shard_server::service: query stage revision=5b7ee9849d47f5ee67d04eb6ca4588beacf42dce75e5a1b481dfd02607b1fb20 table="pages" seconds=3.474e-6 stage="query_runtime"
2026-09-10T20:56:09.199382Z DEBUG transparent_shard_server::service: query stage revision=5b7ee9849d47f5ee67d04eb6ca4588beacf42dce75e5a1b481dfd02607b1fb20 table="pages" seconds=0.000112996 stage="query_dispatch"
2026-09-10T20:56:09.199418Z DEBUG transparent_shard_server::service: query stage revision=5b7ee9849d47f5ee67d04eb6ca4588beacf42dce75e5a1b481dfd02607b1fb20 table="pages" seconds=2.8197e-5 admitted=true stage="query_memory_admission"
2026-09-10T20:56:09.199449Z DEBUG transparent_shard_server::service: query stage revision=5b7ee9849d47f5ee67d04eb6ca4588beacf42dce75e5a1b481dfd02607b1fb20 table="pages" seconds=2.7174e-5 stage="query_dispatch"
2026-09-10T20:56:09.217228Z DEBUG transparent_shard_server::service: query stage revision=5b7ee9849d47f5ee67d04eb6ca4588beacf42dce75e5a1b481dfd02607b1fb20 table="pages" seconds=0.01782437 stage="query_evaluate"
2026-09-10T20:56:09.217239Z DEBUG transparent_shard_server::service: query stage revision=5b7ee9849d47f5ee67d04eb6ca4588beacf42dce75e5a1b481dfd02607b1fb20 table="pages" seconds=0.017784261 stage="query_evaluate"
2026-09-10T20:56:09.370480Z DEBUG transparent_shard_server::service: query stage revision=5b7ee9849d47f5ee67d04eb6ca4588beacf42dce75e5a1b481dfd02607b1fb20 table="directory" seconds=2.998e-6 stage="query_admission"
2026-09-10T20:56:09.370517Z DEBUG transparent_shard_server::service: query stage revision=5b7ee9849d47f5ee67d04eb6ca4588beacf42dce75e5a1b481dfd02607b1fb20 table="directory" seconds=4.433e-6 stage="query_runtime"
2026-09-10T20:56:09.370570Z DEBUG transparent_shard_server::service: query stage revision=5b7ee9849d47f5ee67d04eb6ca4588beacf42dce75e5a1b481dfd02607b1fb20 table="directory" seconds=1.986e-6 stage="query_admission"
2026-09-10T20:56:09.370590Z DEBUG transparent_shard_server::service: query stage revision=5b7ee9849d47f5ee67d04eb6ca4588beacf42dce75e5a1b481dfd02607b1fb20 table="directory" seconds=3.657e-6 stage="query_runtime"
2026-09-10T20:56:09.370593Z DEBUG transparent_shard_server::service: query stage revision=5b7ee9849d47f5ee67d04eb6ca4588beacf42dce75e5a1b481dfd02607b1fb20 table="directory" seconds=7.3394e-5 admitted=true stage="query_memory_admission"
2026-09-10T20:56:09.370643Z DEBUG transparent_shard_server::service: query stage revision=5b7ee9849d47f5ee67d04eb6ca4588beacf42dce75e5a1b481dfd02607b1fb20 table="directory" seconds=4.4548e-5 stage="query_dispatch"
2026-09-10T20:56:09.370654Z DEBUG transparent_shard_server::service: query stage revision=5b7ee9849d47f5ee67d04eb6ca4588beacf42dce75e5a1b481dfd02607b1fb20 table="directory" seconds=6.0624e-5 admitted=true stage="query_memory_admission"
2026-09-10T20:56:09.370696Z DEBUG transparent_shard_server::service: query stage revision=5b7ee9849d47f5ee67d04eb6ca4588beacf42dce75e5a1b481dfd02607b1fb20 table="directory" seconds=2.6401e-5 stage="query_dispatch"
2026-09-10T20:56:09.387742Z DEBUG transparent_shard_server::service: query stage revision=5b7ee9849d47f5ee67d04eb6ca4588beacf42dce75e5a1b481dfd02607b1fb20 table="directory" seconds=0.017075653 stage="query_evaluate"
2026-09-10T20:56:09.387742Z DEBUG transparent_shard_server::service: query stage revision=5b7ee9849d47f5ee67d04eb6ca4588beacf42dce75e5a1b481dfd02607b1fb20 table="directory" seconds=0.017037288 stage="query_evaluate"
2026-09-10T20:56:09.492665Z DEBUG transparent_shard_server::runtime: runtime stage key=("be059aab39ac34125e0452548d6fbcfb1e7cdb7237a597bd59ee86011ed4882b", Directory, 0) seconds=1.809e-6 stage="restore_slot"
2026-09-10T20:56:09.492810Z DEBUG transparent_shard_server::runtime: runtime stage key=("be059aab39ac34125e0452548d6fbcfb1e7cdb7237a597bd59ee86011ed4882b", Pages, 0) seconds=3.67e-7 stage="restore_slot"
2026-09-10T20:56:09.492870Z DEBUG transparent_shard_server::runtime: runtime stage key=("be059aab39ac34125e0452548d6fbcfb1e7cdb7237a597bd59ee86011ed4882b", Directory, 0) seconds=4.4637e-5 hit=false stage="disk_restore"
2026-09-10T20:56:09.492906Z DEBUG transparent_shard_server::runtime: runtime stage key=("be059aab39ac34125e0452548d6fbcfb1e7cdb7237a597bd59ee86011ed4882b", Directory, 0) seconds=3.62e-7 stage="build_slot"
2026-09-10T20:56:09.492925Z DEBUG transparent_shard_server::runtime: runtime stage key=("be059aab39ac34125e0452548d6fbcfb1e7cdb7237a597bd59ee86011ed4882b", Pages, 0) seconds=4.0184e-5 hit=false stage="disk_restore"
2026-09-10T20:56:09.492936Z DEBUG transparent_shard_server::memory: cold build admission wait seconds=2.5053e-5 admitted=true
2026-09-10T20:56:09.492947Z DEBUG transparent_shard_server::runtime: runtime stage key=("be059aab39ac34125e0452548d6fbcfb1e7cdb7237a597bd59ee86011ed4882b", Pages, 0) seconds=1.08e-7 stage="build_slot"
2026-09-10T20:56:09.492970Z DEBUG transparent_shard_server::memory: cold build admission wait seconds=2.0717e-5 admitted=true
2026-09-10T20:56:09.541550Z DEBUG transparent_shard_server::service: query stage revision=5b7ee9849d47f5ee67d04eb6ca4588beacf42dce75e5a1b481dfd02607b1fb20 table="pages" seconds=2.399e-6 stage="query_admission"
2026-09-10T20:56:09.541587Z DEBUG transparent_shard_server::service: query stage revision=5b7ee9849d47f5ee67d04eb6ca4588beacf42dce75e5a1b481dfd02607b1fb20 table="pages" seconds=4.716e-6 stage="query_runtime"
2026-09-10T20:56:09.541662Z DEBUG transparent_shard_server::service: query stage revision=5b7ee9849d47f5ee67d04eb6ca4588beacf42dce75e5a1b481dfd02607b1fb20 table="pages" seconds=7.1469e-5 admitted=true stage="query_memory_admission"
2026-09-10T20:56:09.541700Z DEBUG transparent_shard_server::service: query stage revision=5b7ee9849d47f5ee67d04eb6ca4588beacf42dce75e5a1b481dfd02607b1fb20 table="pages" seconds=3.2626e-5 stage="query_dispatch"
2026-09-10T20:56:09.541922Z DEBUG transparent_shard_server::service: query stage revision=5b7ee9849d47f5ee67d04eb6ca4588beacf42dce75e5a1b481dfd02607b1fb20 table="pages" seconds=1.371e-6 stage="query_admission"
2026-09-10T20:56:09.541934Z DEBUG transparent_shard_server::service: query stage revision=5b7ee9849d47f5ee67d04eb6ca4588beacf42dce75e5a1b481dfd02607b1fb20 table="pages" seconds=3.439e-6 stage="query_runtime"
2026-09-10T20:56:09.541984Z DEBUG transparent_shard_server::service: query stage revision=5b7ee9849d47f5ee67d04eb6ca4588beacf42dce75e5a1b481dfd02607b1fb20 table="pages" seconds=4.7361e-5 admitted=true stage="query_memory_admission"
2026-09-10T20:56:09.542140Z DEBUG transparent_shard_server::service: query stage revision=5b7ee9849d47f5ee67d04eb6ca4588beacf42dce75e5a1b481dfd02607b1fb20 table="pages" seconds=0.000148211 stage="query_dispatch"
2026-09-10T20:56:09.570777Z DEBUG transparent_shard_server::service: query stage revision=5b7ee9849d47f5ee67d04eb6ca4588beacf42dce75e5a1b481dfd02607b1fb20 table="pages" seconds=0.029054734 stage="query_evaluate"
2026-09-10T20:56:09.573794Z DEBUG transparent_shard_server::service: query stage revision=5b7ee9849d47f5ee67d04eb6ca4588beacf42dce75e5a1b481dfd02607b1fb20 table="pages" seconds=0.031645584 stage="query_evaluate"
2026-09-10T20:56:09.640360Z DEBUG transparent_shard_server::runtime: runtime stage key=("be059aab39ac34125e0452548d6fbcfb1e7cdb7237a597bd59ee86011ed4882b", Directory, 0) seconds=0.147414493 stage="source_load"
2026-09-10T20:56:09.649958Z DEBUG transparent_shard_server::runtime: runtime stage key=("be059aab39ac34125e0452548d6fbcfb1e7cdb7237a597bd59ee86011ed4882b", Pages, 0) seconds=0.156969664 stage="source_load"
2026-09-10T20:56:09.724511Z DEBUG transparent_shard_server::service: query stage revision=5b7ee9849d47f5ee67d04eb6ca4588beacf42dce75e5a1b481dfd02607b1fb20 table="directory" seconds=2.563e-6 stage="query_admission"
2026-09-10T20:56:09.724561Z DEBUG transparent_shard_server::service: query stage revision=5b7ee9849d47f5ee67d04eb6ca4588beacf42dce75e5a1b481dfd02607b1fb20 table="directory" seconds=5.722e-6 stage="query_runtime"
2026-09-10T20:56:09.724654Z DEBUG transparent_shard_server::service: query stage revision=5b7ee9849d47f5ee67d04eb6ca4588beacf42dce75e5a1b481dfd02607b1fb20 table="directory" seconds=8.9523e-5 admitted=true stage="query_memory_admission"
2026-09-10T20:56:09.724703Z DEBUG transparent_shard_server::service: query stage revision=5b7ee9849d47f5ee67d04eb6ca4588beacf42dce75e5a1b481dfd02607b1fb20 table="directory" seconds=4.246e-5 stage="query_dispatch"
2026-09-10T20:56:09.725056Z DEBUG transparent_shard_server::service: query stage revision=5b7ee9849d47f5ee67d04eb6ca4588beacf42dce75e5a1b481dfd02607b1fb20 table="directory" seconds=1.964e-6 stage="query_admission"
2026-09-10T20:56:09.725067Z DEBUG transparent_shard_server::service: query stage revision=5b7ee9849d47f5ee67d04eb6ca4588beacf42dce75e5a1b481dfd02607b1fb20 table="directory" seconds=3.25e-6 stage="query_runtime"
2026-09-10T20:56:09.725115Z DEBUG transparent_shard_server::service: query stage revision=5b7ee9849d47f5ee67d04eb6ca4588beacf42dce75e5a1b481dfd02607b1fb20 table="directory" seconds=4.5547e-5 admitted=true stage="query_memory_admission"
2026-09-10T20:56:09.725140Z DEBUG transparent_shard_server::service: query stage revision=5b7ee9849d47f5ee67d04eb6ca4588beacf42dce75e5a1b481dfd02607b1fb20 table="directory" seconds=2.0981e-5 stage="query_dispatch"
2026-09-10T20:56:09.752021Z DEBUG transparent_shard_server::service: query stage revision=5b7ee9849d47f5ee67d04eb6ca4588beacf42dce75e5a1b481dfd02607b1fb20 table="directory" seconds=0.027294618 stage="query_evaluate"
2026-09-10T20:56:09.752624Z DEBUG transparent_shard_server::service: query stage revision=5b7ee9849d47f5ee67d04eb6ca4588beacf42dce75e5a1b481dfd02607b1fb20 table="directory" seconds=0.027478167 stage="query_evaluate"
2026-09-10T20:56:09.906952Z DEBUG transparent_shard_server::service: query stage revision=5b7ee9849d47f5ee67d04eb6ca4588beacf42dce75e5a1b481dfd02607b1fb20 table="pages" seconds=3.195e-6 stage="query_admission"
2026-09-10T20:56:09.906988Z DEBUG transparent_shard_server::service: query stage revision=5b7ee9849d47f5ee67d04eb6ca4588beacf42dce75e5a1b481dfd02607b1fb20 table="pages" seconds=4.846e-6 stage="query_runtime"
2026-09-10T20:56:09.907058Z DEBUG transparent_shard_server::service: query stage revision=5b7ee9849d47f5ee67d04eb6ca4588beacf42dce75e5a1b481dfd02607b1fb20 table="pages" seconds=1.911e-6 stage="query_admission"
2026-09-10T20:56:09.907080Z DEBUG transparent_shard_server::service: query stage revision=5b7ee9849d47f5ee67d04eb6ca4588beacf42dce75e5a1b481dfd02607b1fb20 table="pages" seconds=3.25e-6 stage="query_runtime"
2026-09-10T20:56:09.907064Z DEBUG transparent_shard_server::service: query stage revision=5b7ee9849d47f5ee67d04eb6ca4588beacf42dce75e5a1b481dfd02607b1fb20 table="pages" seconds=7.2942e-5 admitted=true stage="query_memory_admission"
2026-09-10T20:56:09.907135Z DEBUG transparent_shard_server::service: query stage revision=5b7ee9849d47f5ee67d04eb6ca4588beacf42dce75e5a1b481dfd02607b1fb20 table="pages" seconds=4.6068e-5 stage="query_dispatch"
2026-09-10T20:56:09.907144Z DEBUG transparent_shard_server::service: query stage revision=5b7ee9849d47f5ee67d04eb6ca4588beacf42dce75e5a1b481dfd02607b1fb20 table="pages" seconds=6.0477e-5 admitted=true stage="query_memory_admission"
2026-09-10T20:56:09.907183Z DEBUG transparent_shard_server::service: query stage revision=5b7ee9849d47f5ee67d04eb6ca4588beacf42dce75e5a1b481dfd02607b1fb20 table="pages" seconds=2.141e-5 stage="query_dispatch"
2026-09-10T20:56:09.932495Z DEBUG transparent_shard_server::service: query stage revision=5b7ee9849d47f5ee67d04eb6ca4588beacf42dce75e5a1b481dfd02607b1fb20 table="pages" seconds=0.025298664 stage="query_evaluate"
2026-09-10T20:56:09.933208Z DEBUG transparent_shard_server::service: query stage revision=5b7ee9849d47f5ee67d04eb6ca4588beacf42dce75e5a1b481dfd02607b1fb20 table="pages" seconds=0.026051567 stage="query_evaluate"
2026-09-10T20:56:09.945831Z DEBUG transparent_shard_server::runtime: construction stage geometry="recent-8k" table="directory" seconds=0.305432707 stage="encode_database"
2026-09-10T20:56:09.945972Z DEBUG transparent_shard_server::runtime: construction stage geometry="recent-8k" table="directory" seconds=0.000108843 stage="public_setup"
2026-09-10T20:56:09.951305Z DEBUG transparent_shard_server::runtime: construction stage geometry="recent-8k" table="pages" seconds=0.30130818 stage="encode_database"
2026-09-10T20:56:09.951426Z DEBUG transparent_shard_server::runtime: construction stage geometry="recent-8k" table="pages" seconds=8.9019e-5 stage="public_setup"
2026-09-10T20:56:10.091188Z DEBUG transparent_shard_server::service: query stage revision=5b7ee9849d47f5ee67d04eb6ca4588beacf42dce75e5a1b481dfd02607b1fb20 table="directory" seconds=3.028e-6 stage="query_admission"
2026-09-10T20:56:10.091238Z DEBUG transparent_shard_server::service: query stage revision=5b7ee9849d47f5ee67d04eb6ca4588beacf42dce75e5a1b481dfd02607b1fb20 table="directory" seconds=8.03e-6 stage="query_runtime"
2026-09-10T20:56:10.091288Z DEBUG transparent_shard_server::service: query stage revision=5b7ee9849d47f5ee67d04eb6ca4588beacf42dce75e5a1b481dfd02607b1fb20 table="directory" seconds=1.953e-6 stage="query_admission"
2026-09-10T20:56:10.091308Z DEBUG transparent_shard_server::service: query stage revision=5b7ee9849d47f5ee67d04eb6ca4588beacf42dce75e5a1b481dfd02607b1fb20 table="directory" seconds=3.589e-6 stage="query_runtime"
2026-09-10T20:56:10.091321Z DEBUG transparent_shard_server::service: query stage revision=5b7ee9849d47f5ee67d04eb6ca4588beacf42dce75e5a1b481dfd02607b1fb20 table="directory" seconds=7.8691e-5 admitted=true stage="query_memory_admission"
2026-09-10T20:56:10.091375Z DEBUG transparent_shard_server::service: query stage revision=5b7ee9849d47f5ee67d04eb6ca4588beacf42dce75e5a1b481dfd02607b1fb20 table="directory" seconds=6.4388e-5 admitted=true stage="query_memory_admission"
2026-09-10T20:56:10.093193Z DEBUG transparent_shard_server::service: query stage revision=5b7ee9849d47f5ee67d04eb6ca4588beacf42dce75e5a1b481dfd02607b1fb20 table="directory" seconds=0.001867628 stage="query_dispatch"
2026-09-10T20:56:10.094404Z DEBUG transparent_shard_server::service: query stage revision=5b7ee9849d47f5ee67d04eb6ca4588beacf42dce75e5a1b481dfd02607b1fb20 table="directory" seconds=0.003022848 stage="query_dispatch"
2026-09-10T20:56:11.050050Z DEBUG transparent_shard_server::runtime: construction stage geometry="recent-8k" table="pages" seconds=1.098616317 stage="hint_columns"
2026-09-10T20:56:11.050501Z DEBUG transparent_shard_server::service: query stage revision=5b7ee9849d47f5ee67d04eb6ca4588beacf42dce75e5a1b481dfd02607b1fb20 table="directory" seconds=0.956068617 stage="query_evaluate"
2026-09-10T20:56:11.058744Z DEBUG transparent_shard_server::service: query stage revision=5b7ee9849d47f5ee67d04eb6ca4588beacf42dce75e5a1b481dfd02607b1fb20 table="directory" seconds=0.965528738 stage="query_evaluate"
2026-09-10T20:56:11.061222Z DEBUG transparent_shard_server::runtime: construction stage geometry="recent-8k" table="directory" seconds=1.115243586 stage="hint_columns"
2026-09-10T20:56:11.206669Z DEBUG transparent_shard_server::service: query stage revision=5b7ee9849d47f5ee67d04eb6ca4588beacf42dce75e5a1b481dfd02607b1fb20 table="pages" seconds=3.094e-6 stage="query_admission"
2026-09-10T20:56:11.206710Z DEBUG transparent_shard_server::service: query stage revision=5b7ee9849d47f5ee67d04eb6ca4588beacf42dce75e5a1b481dfd02607b1fb20 table="pages" seconds=5.16e-6 stage="query_runtime"
2026-09-10T20:56:11.206797Z DEBUG transparent_shard_server::service: query stage revision=5b7ee9849d47f5ee67d04eb6ca4588beacf42dce75e5a1b481dfd02607b1fb20 table="pages" seconds=8.3975e-5 admitted=true stage="query_memory_admission"
2026-09-10T20:56:11.206828Z DEBUG transparent_shard_server::service: query stage revision=5b7ee9849d47f5ee67d04eb6ca4588beacf42dce75e5a1b481dfd02607b1fb20 table="pages" seconds=2.6382e-5 stage="query_dispatch"
2026-09-10T20:56:11.217635Z DEBUG transparent_shard_server::service: query stage revision=5b7ee9849d47f5ee67d04eb6ca4588beacf42dce75e5a1b481dfd02607b1fb20 table="pages" seconds=0.010800083 stage="query_evaluate"
2026-09-10T20:56:11.219404Z DEBUG transparent_shard_server::service: query stage revision=5b7ee9849d47f5ee67d04eb6ca4588beacf42dce75e5a1b481dfd02607b1fb20 table="pages" seconds=2.352e-6 stage="query_admission"
2026-09-10T20:56:11.219432Z DEBUG transparent_shard_server::service: query stage revision=5b7ee9849d47f5ee67d04eb6ca4588beacf42dce75e5a1b481dfd02607b1fb20 table="pages" seconds=4.236e-6 stage="query_runtime"
2026-09-10T20:56:11.219505Z DEBUG transparent_shard_server::service: query stage revision=5b7ee9849d47f5ee67d04eb6ca4588beacf42dce75e5a1b481dfd02607b1fb20 table="pages" seconds=6.9505e-5 admitted=true stage="query_memory_admission"
2026-09-10T20:56:11.219531Z DEBUG transparent_shard_server::service: query stage revision=5b7ee9849d47f5ee67d04eb6ca4588beacf42dce75e5a1b481dfd02607b1fb20 table="pages" seconds=2.1192e-5 stage="query_dispatch"
2026-09-10T20:56:11.240685Z DEBUG transparent_shard_server::service: query stage revision=5b7ee9849d47f5ee67d04eb6ca4588beacf42dce75e5a1b481dfd02607b1fb20 table="pages" seconds=0.021133397 stage="query_evaluate"
2026-09-10T20:56:11.372644Z DEBUG transparent_shard_server::service: query stage revision=5b7ee9849d47f5ee67d04eb6ca4588beacf42dce75e5a1b481dfd02607b1fb20 table="directory" seconds=3.187e-6 stage="query_admission"
2026-09-10T20:56:11.372692Z DEBUG transparent_shard_server::service: query stage revision=5b7ee9849d47f5ee67d04eb6ca4588beacf42dce75e5a1b481dfd02607b1fb20 table="directory" seconds=6.307e-6 stage="query_runtime"
2026-09-10T20:56:11.372765Z DEBUG transparent_shard_server::service: query stage revision=5b7ee9849d47f5ee67d04eb6ca4588beacf42dce75e5a1b481dfd02607b1fb20 table="directory" seconds=7.0012e-5 admitted=true stage="query_memory_admission"
2026-09-10T20:56:11.372794Z DEBUG transparent_shard_server::service: query stage revision=5b7ee9849d47f5ee67d04eb6ca4588beacf42dce75e5a1b481dfd02607b1fb20 table="directory" seconds=2.3636e-5 stage="query_dispatch"
2026-09-10T20:56:11.386654Z DEBUG transparent_shard_server::service: query stage revision=5b7ee9849d47f5ee67d04eb6ca4588beacf42dce75e5a1b481dfd02607b1fb20 table="directory" seconds=0.013839586 stage="query_evaluate"
2026-09-10T20:56:11.396436Z DEBUG transparent_shard_server::service: query stage revision=5b7ee9849d47f5ee67d04eb6ca4588beacf42dce75e5a1b481dfd02607b1fb20 table="directory" seconds=2.304e-6 stage="query_admission"
2026-09-10T20:56:11.396461Z DEBUG transparent_shard_server::service: query stage revision=5b7ee9849d47f5ee67d04eb6ca4588beacf42dce75e5a1b481dfd02607b1fb20 table="directory" seconds=3.8e-6 stage="query_runtime"
2026-09-10T20:56:11.396502Z DEBUG transparent_shard_server::service: query stage revision=5b7ee9849d47f5ee67d04eb6ca4588beacf42dce75e5a1b481dfd02607b1fb20 table="directory" seconds=3.8139e-5 admitted=true stage="query_memory_admission"
2026-09-10T20:56:11.396526Z DEBUG transparent_shard_server::service: query stage revision=5b7ee9849d47f5ee67d04eb6ca4588beacf42dce75e5a1b481dfd02607b1fb20 table="directory" seconds=2.0495e-5 stage="query_dispatch"
2026-09-10T20:56:11.410002Z DEBUG transparent_shard_server::service: query stage revision=5b7ee9849d47f5ee67d04eb6ca4588beacf42dce75e5a1b481dfd02607b1fb20 table="directory" seconds=0.013469484 stage="query_evaluate"
2026-09-10T20:56:11.541479Z DEBUG transparent_shard_server::service: query stage revision=5b7ee9849d47f5ee67d04eb6ca4588beacf42dce75e5a1b481dfd02607b1fb20 table="pages" seconds=2.565e-6 stage="query_admission"
2026-09-10T20:56:11.541517Z DEBUG transparent_shard_server::service: query stage revision=5b7ee9849d47f5ee67d04eb6ca4588beacf42dce75e5a1b481dfd02607b1fb20 table="pages" seconds=6.023e-6 stage="query_runtime"
2026-09-10T20:56:11.541591Z DEBUG transparent_shard_server::service: query stage revision=5b7ee9849d47f5ee67d04eb6ca4588beacf42dce75e5a1b481dfd02607b1fb20 table="pages" seconds=7.0792e-5 admitted=true stage="query_memory_admission"
2026-09-10T20:56:11.541631Z DEBUG transparent_shard_server::service: query stage revision=5b7ee9849d47f5ee67d04eb6ca4588beacf42dce75e5a1b481dfd02607b1fb20 table="pages" seconds=2.5359e-5 stage="query_dispatch"
2026-09-10T20:56:11.554582Z DEBUG transparent_shard_server::service: query stage revision=5b7ee9849d47f5ee67d04eb6ca4588beacf42dce75e5a1b481dfd02607b1fb20 table="pages" seconds=0.012932598 stage="query_evaluate"
2026-09-10T20:56:11.564026Z DEBUG transparent_shard_server::service: query stage revision=5b7ee9849d47f5ee67d04eb6ca4588beacf42dce75e5a1b481dfd02607b1fb20 table="pages" seconds=2.761e-6 stage="query_admission"
2026-09-10T20:56:11.564056Z DEBUG transparent_shard_server::service: query stage revision=5b7ee9849d47f5ee67d04eb6ca4588beacf42dce75e5a1b481dfd02607b1fb20 table="pages" seconds=4.085e-6 stage="query_runtime"
2026-09-10T20:56:11.564125Z DEBUG transparent_shard_server::service: query stage revision=5b7ee9849d47f5ee67d04eb6ca4588beacf42dce75e5a1b481dfd02607b1fb20 table="pages" seconds=6.6116e-5 admitted=true stage="query_memory_admission"
2026-09-10T20:56:11.564144Z DEBUG transparent_shard_server::service: query stage revision=5b7ee9849d47f5ee67d04eb6ca4588beacf42dce75e5a1b481dfd02607b1fb20 table="pages" seconds=1.4866e-5 stage="query_dispatch"
2026-09-10T20:56:11.577979Z DEBUG transparent_shard_server::service: query stage revision=5b7ee9849d47f5ee67d04eb6ca4588beacf42dce75e5a1b481dfd02607b1fb20 table="pages" seconds=0.013829156 stage="query_evaluate"
2026-09-10T20:56:11.708117Z DEBUG transparent_shard_server::service: query stage revision=5b7ee9849d47f5ee67d04eb6ca4588beacf42dce75e5a1b481dfd02607b1fb20 table="directory" seconds=2.424e-6 stage="query_admission"
2026-09-10T20:56:11.708153Z DEBUG transparent_shard_server::service: query stage revision=5b7ee9849d47f5ee67d04eb6ca4588beacf42dce75e5a1b481dfd02607b1fb20 table="directory" seconds=4.661e-6 stage="query_runtime"
2026-09-10T20:56:11.708216Z DEBUG transparent_shard_server::service: query stage revision=5b7ee9849d47f5ee67d04eb6ca4588beacf42dce75e5a1b481dfd02607b1fb20 table="directory" seconds=6.0136e-5 admitted=true stage="query_memory_admission"
2026-09-10T20:56:11.708252Z DEBUG transparent_shard_server::service: query stage revision=5b7ee9849d47f5ee67d04eb6ca4588beacf42dce75e5a1b481dfd02607b1fb20 table="directory" seconds=2.8396e-5 stage="query_dispatch"
2026-09-10T20:56:11.722249Z DEBUG transparent_shard_server::service: query stage revision=5b7ee9849d47f5ee67d04eb6ca4588beacf42dce75e5a1b481dfd02607b1fb20 table="directory" seconds=0.013977158 stage="query_evaluate"
2026-09-10T20:56:11.732058Z DEBUG transparent_shard_server::service: query stage revision=5b7ee9849d47f5ee67d04eb6ca4588beacf42dce75e5a1b481dfd02607b1fb20 table="directory" seconds=2.263e-6 stage="query_admission"
2026-09-10T20:56:11.732083Z DEBUG transparent_shard_server::service: query stage revision=5b7ee9849d47f5ee67d04eb6ca4588beacf42dce75e5a1b481dfd02607b1fb20 table="directory" seconds=5.428e-6 stage="query_runtime"
2026-09-10T20:56:11.732152Z DEBUG transparent_shard_server::service: query stage revision=5b7ee9849d47f5ee67d04eb6ca4588beacf42dce75e5a1b481dfd02607b1fb20 table="directory" seconds=6.6583e-5 admitted=true stage="query_memory_admission"
2026-09-10T20:56:11.732185Z DEBUG transparent_shard_server::service: query stage revision=5b7ee9849d47f5ee67d04eb6ca4588beacf42dce75e5a1b481dfd02607b1fb20 table="directory" seconds=2.7151e-5 stage="query_dispatch"
2026-09-10T20:56:11.746046Z DEBUG transparent_shard_server::service: query stage revision=5b7ee9849d47f5ee67d04eb6ca4588beacf42dce75e5a1b481dfd02607b1fb20 table="directory" seconds=0.013838087 stage="query_evaluate"
2026-09-10T20:56:11.878787Z DEBUG transparent_shard_server::service: query stage revision=5b7ee9849d47f5ee67d04eb6ca4588beacf42dce75e5a1b481dfd02607b1fb20 table="pages" seconds=2.494e-6 stage="query_admission"
2026-09-10T20:56:11.878824Z DEBUG transparent_shard_server::service: query stage revision=5b7ee9849d47f5ee67d04eb6ca4588beacf42dce75e5a1b481dfd02607b1fb20 table="pages" seconds=4.072e-6 stage="query_runtime"
2026-09-10T20:56:11.878911Z DEBUG transparent_shard_server::service: query stage revision=5b7ee9849d47f5ee67d04eb6ca4588beacf42dce75e5a1b481dfd02607b1fb20 table="pages" seconds=7.1951e-5 admitted=true stage="query_memory_admission"
2026-09-10T20:56:11.884262Z DEBUG transparent_shard_server::service: query stage revision=5b7ee9849d47f5ee67d04eb6ca4588beacf42dce75e5a1b481dfd02607b1fb20 table="pages" seconds=0.005344719 stage="query_dispatch"
2026-09-10T20:56:11.903511Z DEBUG transparent_shard_server::service: query stage revision=5b7ee9849d47f5ee67d04eb6ca4588beacf42dce75e5a1b481dfd02607b1fb20 table="pages" seconds=3.359e-6 stage="query_admission"
2026-09-10T20:56:11.903549Z DEBUG transparent_shard_server::service: query stage revision=5b7ee9849d47f5ee67d04eb6ca4588beacf42dce75e5a1b481dfd02607b1fb20 table="pages" seconds=7.134e-6 stage="query_runtime"
2026-09-10T20:56:11.903622Z DEBUG transparent_shard_server::service: query stage revision=5b7ee9849d47f5ee67d04eb6ca4588beacf42dce75e5a1b481dfd02607b1fb20 table="pages" seconds=7.0911e-5 admitted=true stage="query_memory_admission"
2026-09-10T20:56:11.903643Z DEBUG transparent_shard_server::service: query stage revision=5b7ee9849d47f5ee67d04eb6ca4588beacf42dce75e5a1b481dfd02607b1fb20 table="pages" seconds=1.5359e-5 stage="query_dispatch"
2026-09-10T20:56:12.024694Z DEBUG transparent_shard_server::service: query stage revision=5b7ee9849d47f5ee67d04eb6ca4588beacf42dce75e5a1b481dfd02607b1fb20 table="pages" seconds=0.140395611 stage="query_evaluate"
2026-09-10T20:56:12.024706Z DEBUG transparent_shard_server::service: query stage revision=5b7ee9849d47f5ee67d04eb6ca4588beacf42dce75e5a1b481dfd02607b1fb20 table="pages" seconds=0.121044851 stage="query_evaluate"
2026-09-10T20:56:12.182120Z DEBUG transparent_shard_server::service: query stage revision=5b7ee9849d47f5ee67d04eb6ca4588beacf42dce75e5a1b481dfd02607b1fb20 table="directory" seconds=2.468e-6 stage="query_admission"
2026-09-10T20:56:12.182157Z DEBUG transparent_shard_server::service: query stage revision=5b7ee9849d47f5ee67d04eb6ca4588beacf42dce75e5a1b481dfd02607b1fb20 table="directory" seconds=4.919e-6 stage="query_runtime"
2026-09-10T20:56:12.182245Z DEBUG transparent_shard_server::service: query stage revision=5b7ee9849d47f5ee67d04eb6ca4588beacf42dce75e5a1b481dfd02607b1fb20 table="directory" seconds=7.3192e-5 admitted=true stage="query_memory_admission"
2026-09-10T20:56:12.182265Z DEBUG transparent_shard_server::service: query stage revision=5b7ee9849d47f5ee67d04eb6ca4588beacf42dce75e5a1b481dfd02607b1fb20 table="directory" seconds=1.4949e-5 stage="query_dispatch"
2026-09-10T20:56:12.182268Z DEBUG transparent_shard_server::service: query stage revision=5b7ee9849d47f5ee67d04eb6ca4588beacf42dce75e5a1b481dfd02607b1fb20 table="directory" seconds=1.803e-6 stage="query_admission"
2026-09-10T20:56:12.182299Z DEBUG transparent_shard_server::service: query stage revision=5b7ee9849d47f5ee67d04eb6ca4588beacf42dce75e5a1b481dfd02607b1fb20 table="directory" seconds=3.855e-6 stage="query_runtime"
2026-09-10T20:56:12.182359Z DEBUG transparent_shard_server::service: query stage revision=5b7ee9849d47f5ee67d04eb6ca4588beacf42dce75e5a1b481dfd02607b1fb20 table="directory" seconds=5.6936e-5 admitted=true stage="query_memory_admission"
2026-09-10T20:56:12.182376Z DEBUG transparent_shard_server::service: query stage revision=5b7ee9849d47f5ee67d04eb6ca4588beacf42dce75e5a1b481dfd02607b1fb20 table="directory" seconds=1.2646e-5 stage="query_dispatch"
2026-09-10T20:56:12.230379Z DEBUG transparent_shard_server::service: query stage revision=5b7ee9849d47f5ee67d04eb6ca4588beacf42dce75e5a1b481dfd02607b1fb20 table="directory" seconds=0.048089733 stage="query_evaluate"
2026-09-10T20:56:12.230382Z DEBUG transparent_shard_server::service: query stage revision=5b7ee9849d47f5ee67d04eb6ca4588beacf42dce75e5a1b481dfd02607b1fb20 table="directory" seconds=0.047999302 stage="query_evaluate"
2026-09-10T20:56:12.390801Z DEBUG transparent_shard_server::service: query stage revision=5b7ee9849d47f5ee67d04eb6ca4588beacf42dce75e5a1b481dfd02607b1fb20 table="pages" seconds=2.938e-6 stage="query_admission"
2026-09-10T20:56:12.390842Z DEBUG transparent_shard_server::service: query stage revision=5b7ee9849d47f5ee67d04eb6ca4588beacf42dce75e5a1b481dfd02607b1fb20 table="pages" seconds=1.914e-6 stage="query_admission"
2026-09-10T20:56:12.390853Z DEBUG transparent_shard_server::service: query stage revision=5b7ee9849d47f5ee67d04eb6ca4588beacf42dce75e5a1b481dfd02607b1fb20 table="pages" seconds=7.007e-6 stage="query_runtime"
2026-09-10T20:56:12.390865Z DEBUG transparent_shard_server::service: query stage revision=5b7ee9849d47f5ee67d04eb6ca4588beacf42dce75e5a1b481dfd02607b1fb20 table="pages" seconds=3.474e-6 stage="query_runtime"
2026-09-10T20:56:12.390944Z DEBUG transparent_shard_server::service: query stage revision=5b7ee9849d47f5ee67d04eb6ca4588beacf42dce75e5a1b481dfd02607b1fb20 table="pages" seconds=7.8259e-5 admitted=true stage="query_memory_admission"
2026-09-10T20:56:12.390946Z DEBUG transparent_shard_server::service: query stage revision=5b7ee9849d47f5ee67d04eb6ca4588beacf42dce75e5a1b481dfd02607b1fb20 table="pages" seconds=7.7313e-5 admitted=true stage="query_memory_admission"
2026-09-10T20:56:12.392173Z DEBUG transparent_shard_server::service: query stage revision=5b7ee9849d47f5ee67d04eb6ca4588beacf42dce75e5a1b481dfd02607b1fb20 table="pages" seconds=0.001224197 stage="query_dispatch"
2026-09-10T20:56:12.392642Z DEBUG transparent_shard_server::service: query stage revision=5b7ee9849d47f5ee67d04eb6ca4588beacf42dce75e5a1b481dfd02607b1fb20 table="pages" seconds=0.001689755 stage="query_dispatch"
2026-09-10T20:56:12.427723Z DEBUG transparent_shard_server::service: query stage revision=5b7ee9849d47f5ee67d04eb6ca4588beacf42dce75e5a1b481dfd02607b1fb20 table="pages" seconds=0.035528804 stage="query_evaluate"
2026-09-10T20:56:12.428368Z DEBUG transparent_shard_server::service: query stage revision=5b7ee9849d47f5ee67d04eb6ca4588beacf42dce75e5a1b481dfd02607b1fb20 table="pages" seconds=0.035706372 stage="query_evaluate"
2026-09-10T20:56:12.588412Z DEBUG transparent_shard_server::service: query stage revision=5b7ee9849d47f5ee67d04eb6ca4588beacf42dce75e5a1b481dfd02607b1fb20 table="directory" seconds=2.295e-6 stage="query_admission"
2026-09-10T20:56:12.588446Z DEBUG transparent_shard_server::service: query stage revision=5b7ee9849d47f5ee67d04eb6ca4588beacf42dce75e5a1b481dfd02607b1fb20 table="directory" seconds=3.87e-6 stage="query_runtime"
2026-09-10T20:56:12.588539Z DEBUG transparent_shard_server::service: query stage revision=5b7ee9849d47f5ee67d04eb6ca4588beacf42dce75e5a1b481dfd02607b1fb20 table="directory" seconds=8.9458e-5 admitted=true stage="query_memory_admission"
2026-09-10T20:56:12.592172Z DEBUG transparent_shard_server::service: query stage revision=5b7ee9849d47f5ee67d04eb6ca4588beacf42dce75e5a1b481dfd02607b1fb20 table="directory" seconds=0.003628371 stage="query_dispatch"
2026-09-10T20:56:12.592865Z DEBUG transparent_shard_server::service: query stage revision=5b7ee9849d47f5ee67d04eb6ca4588beacf42dce75e5a1b481dfd02607b1fb20 table="directory" seconds=1.905e-6 stage="query_admission"
2026-09-10T20:56:12.592880Z DEBUG transparent_shard_server::service: query stage revision=5b7ee9849d47f5ee67d04eb6ca4588beacf42dce75e5a1b481dfd02607b1fb20 table="directory" seconds=3.632e-6 stage="query_runtime"
2026-09-10T20:56:12.592941Z DEBUG transparent_shard_server::service: query stage revision=5b7ee9849d47f5ee67d04eb6ca4588beacf42dce75e5a1b481dfd02607b1fb20 table="directory" seconds=5.8159e-5 admitted=true stage="query_memory_admission"
2026-09-10T20:56:12.592965Z DEBUG transparent_shard_server::service: query stage revision=5b7ee9849d47f5ee67d04eb6ca4588beacf42dce75e5a1b481dfd02607b1fb20 table="directory" seconds=1.9356e-5 stage="query_dispatch"
2026-09-10T20:56:13.369009Z DEBUG transparent_shard_server::runtime: construction stage geometry="recent-8k" table="directory" seconds=2.307757751 stage="pack_preprocessing"
2026-09-10T20:56:13.372321Z DEBUG transparent_shard_server::runtime: construction stage geometry="recent-8k" table="directory" seconds=0.00327477 stage="publish_parameters"
2026-09-10T20:56:13.373101Z DEBUG transparent_shard_server::runtime: runtime stage key=("be059aab39ac34125e0452548d6fbcfb1e7cdb7237a597bd59ee86011ed4882b", Directory, 0) seconds=3.732704423 stage="runtime_build"
2026-09-10T20:56:13.382645Z DEBUG transparent_shard_server::service: query stage revision=5b7ee9849d47f5ee67d04eb6ca4588beacf42dce75e5a1b481dfd02607b1fb20 table="directory" seconds=0.789659769 stage="query_evaluate"
2026-09-10T20:56:13.388441Z DEBUG transparent_shard_server::service: query stage revision=5b7ee9849d47f5ee67d04eb6ca4588beacf42dce75e5a1b481dfd02607b1fb20 table="directory" seconds=0.79624506 stage="query_evaluate"
2026-09-10T20:56:13.403830Z DEBUG transparent_shard_server::runtime: construction stage geometry="recent-8k" table="pages" seconds=2.353741567 stage="pack_preprocessing"
2026-09-10T20:56:13.404120Z DEBUG transparent_shard_server::runtime: construction stage geometry="recent-8k" table="pages" seconds=0.000267681 stage="publish_parameters"
2026-09-10T20:56:13.404794Z DEBUG transparent_shard_server::runtime: runtime stage key=("be059aab39ac34125e0452548d6fbcfb1e7cdb7237a597bd59ee86011ed4882b", Pages, 0) seconds=3.754799276 stage="runtime_build"
2026-09-10T20:56:13.404916Z  INFO transparent_shard_server::service: prewarm finished warm=28 target=28 failed=0 seconds=3.912316197
2026-09-10T20:56:13.404952Z DEBUG transparent_shard_server::live: publication preparation stages map=32426d9e9300c44558210d8540b636402af2b3c322627f9e9f26e0082b489725 loading_seconds=0.607523742 warming_seconds=3.912493469
2026-09-10T20:56:13.455952Z  INFO transparent_shard_server::runtime: retired runtime memory reclaimed rss_before=4946833408 rss_after=4487618560
2026-09-10T20:56:13.506501Z DEBUG transparent_shard_server::runtime: runtime stage key=("5b7ee9849d47f5ee67d04eb6ca4588beacf42dce75e5a1b481dfd02607b1fb20", Pages, 0) seconds=1.757e-6 stage="restore_slot"
2026-09-10T20:56:13.990108Z DEBUG transparent_shard_server::runtime: runtime stage key=("268f5c527d35817d37919707b04a706c850d449156baa071b5438dbf8eb53aec", Directory, 0) seconds=1.427e-6 stage="restore_slot"
2026-09-10T20:56:13.990217Z DEBUG transparent_shard_server::runtime: runtime stage key=("268f5c527d35817d37919707b04a706c850d449156baa071b5438dbf8eb53aec", Pages, 0) seconds=1.371e-6 stage="restore_slot"
2026-09-10T20:56:13.992344Z DEBUG transparent_shard_server::runtime: runtime stage key=("268f5c527d35817d37919707b04a706c850d449156baa071b5438dbf8eb53aec", Directory, 0) seconds=3.0836e-5 hit=false stage="disk_restore"
2026-09-10T20:56:13.992371Z DEBUG transparent_shard_server::runtime: runtime stage key=("268f5c527d35817d37919707b04a706c850d449156baa071b5438dbf8eb53aec", Pages, 0) seconds=3.9189e-5 hit=false stage="disk_restore"
2026-09-10T20:56:13.992392Z DEBUG transparent_shard_server::runtime: runtime stage key=("268f5c527d35817d37919707b04a706c850d449156baa071b5438dbf8eb53aec", Directory, 0) seconds=3.49e-7 stage="build_slot"
2026-09-10T20:56:13.992408Z DEBUG transparent_shard_server::runtime: runtime stage key=("268f5c527d35817d37919707b04a706c850d449156baa071b5438dbf8eb53aec", Pages, 0) seconds=7.17e-7 stage="build_slot"
2026-09-10T20:56:13.992436Z DEBUG transparent_shard_server::memory: cold build admission wait seconds=4.0145e-5 admitted=true
2026-09-10T20:56:13.992467Z DEBUG transparent_shard_server::memory: cold build admission wait seconds=5.4099e-5 admitted=true
2026-09-10T20:56:14.095972Z DEBUG transparent_shard_server::runtime: runtime stage key=("be059aab39ac34125e0452548d6fbcfb1e7cdb7237a597bd59ee86011ed4882b", Directory, 0) seconds=0.722712829 stage="disk_save"
2026-09-10T20:56:14.148916Z DEBUG transparent_shard_server::runtime: runtime stage key=("268f5c527d35817d37919707b04a706c850d449156baa071b5438dbf8eb53aec", Pages, 0) seconds=0.156438293 stage="source_load"
2026-09-10T20:56:14.210952Z DEBUG transparent_shard_server::runtime: runtime stage key=("268f5c527d35817d37919707b04a706c850d449156baa071b5438dbf8eb53aec", Directory, 0) seconds=0.218496795 stage="source_load"
2026-09-10T20:56:14.266981Z DEBUG transparent_shard_server::runtime: runtime stage key=("5b7ee9849d47f5ee67d04eb6ca4588beacf42dce75e5a1b481dfd02607b1fb20", Pages, 0) seconds=0.76035644 hit=true stage="disk_restore"
2026-09-10T20:56:14.389366Z DEBUG transparent_shard_server::runtime: runtime stage key=("5b7ee9849d47f5ee67d04eb6ca4588beacf42dce75e5a1b481dfd02607b1fb20", Pages, 0) seconds=0.122351497 stage="source_verify"
2026-09-10T20:56:14.389400Z  INFO transparent_shard_server::runtime: restored runtime cache seconds=0.882779102
2026-09-10T20:56:14.419331Z DEBUG transparent_shard_server::service: query stage revision=5b7ee9849d47f5ee67d04eb6ca4588beacf42dce75e5a1b481dfd02607b1fb20 table="pages" seconds=2.162e-6 stage="query_admission"
2026-09-10T20:56:14.419359Z DEBUG transparent_shard_server::service: query stage revision=5b7ee9849d47f5ee67d04eb6ca4588beacf42dce75e5a1b481dfd02607b1fb20 table="pages" seconds=5.268e-6 stage="query_runtime"
2026-09-10T20:56:14.419417Z DEBUG transparent_shard_server::service: query stage revision=5b7ee9849d47f5ee67d04eb6ca4588beacf42dce75e5a1b481dfd02607b1fb20 table="pages" seconds=5.5292e-5 admitted=true stage="query_memory_admission"
2026-09-10T20:56:14.419509Z DEBUG transparent_shard_server::service: query stage revision=5b7ee9849d47f5ee67d04eb6ca4588beacf42dce75e5a1b481dfd02607b1fb20 table="pages" seconds=1.42e-6 stage="query_admission"
2026-09-10T20:56:14.419516Z DEBUG transparent_shard_server::service: query stage revision=5b7ee9849d47f5ee67d04eb6ca4588beacf42dce75e5a1b481dfd02607b1fb20 table="pages" seconds=2.851e-6 stage="query_runtime"
2026-09-10T20:56:14.419558Z DEBUG transparent_shard_server::service: query stage revision=5b7ee9849d47f5ee67d04eb6ca4588beacf42dce75e5a1b481dfd02607b1fb20 table="pages" seconds=3.9407e-5 admitted=true stage="query_memory_admission"
2026-09-10T20:56:14.420236Z DEBUG transparent_shard_server::service: query stage revision=5b7ee9849d47f5ee67d04eb6ca4588beacf42dce75e5a1b481dfd02607b1fb20 table="pages" seconds=0.000813669 stage="query_dispatch"
2026-09-10T20:56:14.420256Z DEBUG transparent_shard_server::service: query stage revision=5b7ee9849d47f5ee67d04eb6ca4588beacf42dce75e5a1b481dfd02607b1fb20 table="pages" seconds=0.000695083 stage="query_dispatch"
2026-09-10T20:56:14.449704Z DEBUG transparent_shard_server::service: query stage revision=5b7ee9849d47f5ee67d04eb6ca4588beacf42dce75e5a1b481dfd02607b1fb20 table="pages" seconds=0.029439576 stage="query_evaluate"
2026-09-10T20:56:14.452737Z DEBUG transparent_shard_server::service: query stage revision=5b7ee9849d47f5ee67d04eb6ca4588beacf42dce75e5a1b481dfd02607b1fb20 table="pages" seconds=0.032457447 stage="query_evaluate"
2026-09-10T20:56:14.458866Z DEBUG transparent_shard_server::runtime: construction stage geometry="recent-8k" table="pages" seconds=0.309920401 stage="encode_database"
2026-09-10T20:56:14.458968Z DEBUG transparent_shard_server::runtime: construction stage geometry="recent-8k" table="pages" seconds=8.1743e-5 stage="public_setup"
2026-09-10T20:56:14.635511Z DEBUG transparent_shard_server::service: query stage revision=be059aab39ac34125e0452548d6fbcfb1e7cdb7237a597bd59ee86011ed4882b table="directory" seconds=3.503e-6 stage="query_admission"
2026-09-10T20:56:14.635540Z DEBUG transparent_shard_server::service: query stage revision=be059aab39ac34125e0452548d6fbcfb1e7cdb7237a597bd59ee86011ed4882b table="directory" seconds=5.342e-6 stage="query_runtime"
2026-09-10T20:56:14.635608Z DEBUG transparent_shard_server::service: query stage revision=be059aab39ac34125e0452548d6fbcfb1e7cdb7237a597bd59ee86011ed4882b table="directory" seconds=6.541e-5 admitted=true stage="query_memory_admission"
2026-09-10T20:56:14.635711Z DEBUG transparent_shard_server::service: query stage revision=be059aab39ac34125e0452548d6fbcfb1e7cdb7237a597bd59ee86011ed4882b table="directory" seconds=1.543e-6 stage="query_admission"
2026-09-10T20:56:14.635717Z DEBUG transparent_shard_server::service: query stage revision=be059aab39ac34125e0452548d6fbcfb1e7cdb7237a597bd59ee86011ed4882b table="directory" seconds=2.227e-6 stage="query_runtime"
2026-09-10T20:56:14.635745Z DEBUG transparent_shard_server::service: query stage revision=be059aab39ac34125e0452548d6fbcfb1e7cdb7237a597bd59ee86011ed4882b table="directory" seconds=2.5879e-5 admitted=true stage="query_memory_admission"
2026-09-10T20:56:14.635787Z DEBUG transparent_shard_server::service: query stage revision=be059aab39ac34125e0452548d6fbcfb1e7cdb7237a597bd59ee86011ed4882b table="directory" seconds=0.000173967 stage="query_dispatch"
2026-09-10T20:56:14.639184Z DEBUG transparent_shard_server::service: query stage revision=be059aab39ac34125e0452548d6fbcfb1e7cdb7237a597bd59ee86011ed4882b table="directory" seconds=0.003426088 stage="query_dispatch"
2026-09-10T20:56:14.660581Z DEBUG transparent_shard_server::runtime: construction stage geometry="recent-8k" table="directory" seconds=0.449586623 stage="encode_database"
2026-09-10T20:56:14.660735Z DEBUG transparent_shard_server::runtime: construction stage geometry="recent-8k" table="directory" seconds=0.000132051 stage="public_setup"
2026-09-10T20:56:14.850238Z DEBUG transparent_shard_server::runtime: runtime stage key=("be059aab39ac34125e0452548d6fbcfb1e7cdb7237a597bd59ee86011ed4882b", Pages, 0) seconds=1.445407029 stage="disk_save"
2026-09-10T20:56:15.630941Z DEBUG transparent_shard_server::runtime: construction stage geometry="recent-8k" table="directory" seconds=0.970198494 stage="hint_columns"
2026-09-10T20:56:15.639357Z DEBUG transparent_shard_server::service: query stage revision=be059aab39ac34125e0452548d6fbcfb1e7cdb7237a597bd59ee86011ed4882b table="directory" seconds=1.000153058 stage="query_evaluate"
2026-09-10T20:56:15.645726Z DEBUG transparent_shard_server::service: query stage revision=be059aab39ac34125e0452548d6fbcfb1e7cdb7237a597bd59ee86011ed4882b table="directory" seconds=1.009931486 stage="query_evaluate"
2026-09-10T20:56:15.651005Z DEBUG transparent_shard_server::runtime: construction stage geometry="recent-8k" table="pages" seconds=1.192031978 stage="hint_columns"
2026-09-10T20:56:15.828737Z DEBUG transparent_shard_server::service: query stage revision=be059aab39ac34125e0452548d6fbcfb1e7cdb7237a597bd59ee86011ed4882b table="pages" seconds=2.476e-6 stage="query_admission"
2026-09-10T20:56:15.828780Z DEBUG transparent_shard_server::service: query stage revision=be059aab39ac34125e0452548d6fbcfb1e7cdb7237a597bd59ee86011ed4882b table="pages" seconds=6.648e-6 stage="query_runtime"
2026-09-10T20:56:15.828859Z DEBUG transparent_shard_server::service: query stage revision=be059aab39ac34125e0452548d6fbcfb1e7cdb7237a597bd59ee86011ed4882b table="pages" seconds=7.4327e-5 admitted=true stage="query_memory_admission"
2026-09-10T20:56:15.828898Z DEBUG transparent_shard_server::service: query stage revision=be059aab39ac34125e0452548d6fbcfb1e7cdb7237a597bd59ee86011ed4882b table="pages" seconds=3.3688e-5 stage="query_dispatch"
2026-09-10T20:56:15.833124Z DEBUG transparent_shard_server::service: query stage revision=be059aab39ac34125e0452548d6fbcfb1e7cdb7237a597bd59ee86011ed4882b table="pages" seconds=2.231e-6 stage="query_admission"
2026-09-10T20:56:15.833157Z DEBUG transparent_shard_server::service: query stage revision=be059aab39ac34125e0452548d6fbcfb1e7cdb7237a597bd59ee86011ed4882b table="pages" seconds=4.633e-6 stage="query_runtime"
2026-09-10T20:56:15.833247Z DEBUG transparent_shard_server::service: query stage revision=be059aab39ac34125e0452548d6fbcfb1e7cdb7237a597bd59ee86011ed4882b table="pages" seconds=7.4139e-5 admitted=true stage="query_memory_admission"
2026-09-10T20:56:15.833272Z DEBUG transparent_shard_server::service: query stage revision=be059aab39ac34125e0452548d6fbcfb1e7cdb7237a597bd59ee86011ed4882b table="pages" seconds=1.8432e-5 stage="query_dispatch"
2026-09-10T20:56:15.845439Z DEBUG transparent_shard_server::service: query stage revision=be059aab39ac34125e0452548d6fbcfb1e7cdb7237a597bd59ee86011ed4882b table="pages" seconds=0.016517087 stage="query_evaluate"
2026-09-10T20:56:15.854480Z DEBUG transparent_shard_server::service: query stage revision=be059aab39ac34125e0452548d6fbcfb1e7cdb7237a597bd59ee86011ed4882b table="pages" seconds=0.021187345 stage="query_evaluate"
2026-09-10T20:56:16.007494Z DEBUG transparent_shard_server::service: query stage revision=be059aab39ac34125e0452548d6fbcfb1e7cdb7237a597bd59ee86011ed4882b table="directory" seconds=2.728e-6 stage="query_admission"
2026-09-10T20:56:16.007548Z DEBUG transparent_shard_server::service: query stage revision=be059aab39ac34125e0452548d6fbcfb1e7cdb7237a597bd59ee86011ed4882b table="directory" seconds=5.554e-6 stage="query_runtime"
2026-09-10T20:56:16.007643Z DEBUG transparent_shard_server::service: query stage revision=be059aab39ac34125e0452548d6fbcfb1e7cdb7237a597bd59ee86011ed4882b table="directory" seconds=9.1043e-5 admitted=true stage="query_memory_admission"
2026-09-10T20:56:16.007662Z DEBUG transparent_shard_server::service: query stage revision=be059aab39ac34125e0452548d6fbcfb1e7cdb7237a597bd59ee86011ed4882b table="directory" seconds=1.4858e-5 stage="query_dispatch"
2026-09-10T20:56:16.017455Z DEBUG transparent_shard_server::service: query stage revision=be059aab39ac34125e0452548d6fbcfb1e7cdb7237a597bd59ee86011ed4882b table="directory" seconds=2.881e-6 stage="query_admission"
2026-09-10T20:56:16.017494Z DEBUG transparent_shard_server::service: query stage revision=be059aab39ac34125e0452548d6fbcfb1e7cdb7237a597bd59ee86011ed4882b table="directory" seconds=5.789e-6 stage="query_runtime"
2026-09-10T20:56:16.017575Z DEBUG transparent_shard_server::service: query stage revision=be059aab39ac34125e0452548d6fbcfb1e7cdb7237a597bd59ee86011ed4882b table="directory" seconds=7.7588e-5 admitted=true stage="query_memory_admission"
2026-09-10T20:56:16.017606Z DEBUG transparent_shard_server::service: query stage revision=be059aab39ac34125e0452548d6fbcfb1e7cdb7237a597bd59ee86011ed4882b table="directory" seconds=2.5025e-5 stage="query_dispatch"
2026-09-10T20:56:16.031701Z DEBUG transparent_shard_server::service: query stage revision=be059aab39ac34125e0452548d6fbcfb1e7cdb7237a597bd59ee86011ed4882b table="directory" seconds=0.024032182 stage="query_evaluate"
2026-09-10T20:56:16.033616Z DEBUG transparent_shard_server::service: query stage revision=be059aab39ac34125e0452548d6fbcfb1e7cdb7237a597bd59ee86011ed4882b table="directory" seconds=0.015985183 stage="query_evaluate"
2026-09-10T20:56:16.189957Z DEBUG transparent_shard_server::service: query stage revision=be059aab39ac34125e0452548d6fbcfb1e7cdb7237a597bd59ee86011ed4882b table="pages" seconds=2.706e-6 stage="query_admission"
2026-09-10T20:56:16.189996Z DEBUG transparent_shard_server::service: query stage revision=be059aab39ac34125e0452548d6fbcfb1e7cdb7237a597bd59ee86011ed4882b table="pages" seconds=5.489e-6 stage="query_runtime"
2026-09-10T20:56:16.190079Z DEBUG transparent_shard_server::service: query stage revision=be059aab39ac34125e0452548d6fbcfb1e7cdb7237a597bd59ee86011ed4882b table="pages" seconds=7.9212e-5 admitted=true stage="query_memory_admission"
2026-09-10T20:56:16.190125Z DEBUG transparent_shard_server::service: query stage revision=be059aab39ac34125e0452548d6fbcfb1e7cdb7237a597bd59ee86011ed4882b table="pages" seconds=3.992e-5 stage="query_dispatch"
2026-09-10T20:56:16.194223Z DEBUG transparent_shard_server::service: query stage revision=be059aab39ac34125e0452548d6fbcfb1e7cdb7237a597bd59ee86011ed4882b table="pages" seconds=2.104e-6 stage="query_admission"
2026-09-10T20:56:16.194248Z DEBUG transparent_shard_server::service: query stage revision=be059aab39ac34125e0452548d6fbcfb1e7cdb7237a597bd59ee86011ed4882b table="pages" seconds=4.117e-6 stage="query_runtime"
2026-09-10T20:56:16.194312Z DEBUG transparent_shard_server::service: query stage revision=be059aab39ac34125e0452548d6fbcfb1e7cdb7237a597bd59ee86011ed4882b table="pages" seconds=6.0921e-5 admitted=true stage="query_memory_admission"
2026-09-10T20:56:16.194338Z DEBUG transparent_shard_server::service: query stage revision=be059aab39ac34125e0452548d6fbcfb1e7cdb7237a597bd59ee86011ed4882b table="pages" seconds=2.2082e-5 stage="query_dispatch"
2026-09-10T20:56:16.207336Z DEBUG transparent_shard_server::service: query stage revision=be059aab39ac34125e0452548d6fbcfb1e7cdb7237a597bd59ee86011ed4882b table="pages" seconds=0.017186998 stage="query_evaluate"
2026-09-10T20:56:16.217598Z DEBUG transparent_shard_server::service: query stage revision=be059aab39ac34125e0452548d6fbcfb1e7cdb7237a597bd59ee86011ed4882b table="pages" seconds=0.023252504 stage="query_evaluate"
2026-09-10T20:56:16.368943Z DEBUG transparent_shard_server::service: query stage revision=be059aab39ac34125e0452548d6fbcfb1e7cdb7237a597bd59ee86011ed4882b table="directory" seconds=3.718e-6 stage="query_admission"
2026-09-10T20:56:16.368983Z DEBUG transparent_shard_server::service: query stage revision=be059aab39ac34125e0452548d6fbcfb1e7cdb7237a597bd59ee86011ed4882b table="directory" seconds=8.097e-6 stage="query_runtime"
2026-09-10T20:56:16.369060Z DEBUG transparent_shard_server::service: query stage revision=be059aab39ac34125e0452548d6fbcfb1e7cdb7237a597bd59ee86011ed4882b table="directory" seconds=7.3981e-5 admitted=true stage="query_memory_admission"
2026-09-10T20:56:16.369076Z DEBUG transparent_shard_server::service: query stage revision=be059aab39ac34125e0452548d6fbcfb1e7cdb7237a597bd59ee86011ed4882b table="directory" seconds=1.215e-5 stage="query_dispatch"
2026-09-10T20:56:16.382922Z DEBUG transparent_shard_server::service: query stage revision=be059aab39ac34125e0452548d6fbcfb1e7cdb7237a597bd59ee86011ed4882b table="directory" seconds=0.013839691 stage="query_evaluate"
2026-09-10T20:56:16.383995Z DEBUG transparent_shard_server::service: query stage revision=be059aab39ac34125e0452548d6fbcfb1e7cdb7237a597bd59ee86011ed4882b table="directory" seconds=2.375e-6 stage="query_admission"
2026-09-10T20:56:16.384018Z DEBUG transparent_shard_server::service: query stage revision=be059aab39ac34125e0452548d6fbcfb1e7cdb7237a597bd59ee86011ed4882b table="directory" seconds=5.326e-6 stage="query_runtime"
2026-09-10T20:56:16.384092Z DEBUG transparent_shard_server::service: query stage revision=be059aab39ac34125e0452548d6fbcfb1e7cdb7237a597bd59ee86011ed4882b table="directory" seconds=7.0322e-5 admitted=true stage="query_memory_admission"
2026-09-10T20:56:16.384123Z DEBUG transparent_shard_server::service: query stage revision=be059aab39ac34125e0452548d6fbcfb1e7cdb7237a597bd59ee86011ed4882b table="directory" seconds=2.6337e-5 stage="query_dispatch"
2026-09-10T20:56:16.396972Z DEBUG transparent_shard_server::service: query stage revision=be059aab39ac34125e0452548d6fbcfb1e7cdb7237a597bd59ee86011ed4882b table="directory" seconds=0.012833674 stage="query_evaluate"
2026-09-10T20:56:16.543090Z DEBUG transparent_shard_server::service: query stage revision=be059aab39ac34125e0452548d6fbcfb1e7cdb7237a597bd59ee86011ed4882b table="pages" seconds=3.241e-6 stage="query_admission"
2026-09-10T20:56:16.543130Z DEBUG transparent_shard_server::service: query stage revision=be059aab39ac34125e0452548d6fbcfb1e7cdb7237a597bd59ee86011ed4882b table="pages" seconds=7.347e-6 stage="query_runtime"
2026-09-10T20:56:16.543214Z DEBUG transparent_shard_server::service: query stage revision=be059aab39ac34125e0452548d6fbcfb1e7cdb7237a597bd59ee86011ed4882b table="pages" seconds=8.0586e-5 admitted=true stage="query_memory_admission"
2026-09-10T20:56:16.543241Z DEBUG transparent_shard_server::service: query stage revision=be059aab39ac34125e0452548d6fbcfb1e7cdb7237a597bd59ee86011ed4882b table="pages" seconds=1.9692e-5 stage="query_dispatch"
2026-09-10T20:56:16.553308Z DEBUG transparent_shard_server::service: query stage revision=be059aab39ac34125e0452548d6fbcfb1e7cdb7237a597bd59ee86011ed4882b table="pages" seconds=2.556e-6 stage="query_admission"
2026-09-10T20:56:16.553340Z DEBUG transparent_shard_server::service: query stage revision=be059aab39ac34125e0452548d6fbcfb1e7cdb7237a597bd59ee86011ed4882b table="pages" seconds=4.783e-6 stage="query_runtime"
2026-09-10T20:56:16.553412Z DEBUG transparent_shard_server::service: query stage revision=be059aab39ac34125e0452548d6fbcfb1e7cdb7237a597bd59ee86011ed4882b table="pages" seconds=6.8228e-5 admitted=true stage="query_memory_admission"
2026-09-10T20:56:16.553429Z DEBUG transparent_shard_server::service: query stage revision=be059aab39ac34125e0452548d6fbcfb1e7cdb7237a597bd59ee86011ed4882b table="pages" seconds=1.2619e-5 stage="query_dispatch"
2026-09-10T20:56:16.623289Z DEBUG transparent_shard_server::service: query stage revision=be059aab39ac34125e0452548d6fbcfb1e7cdb7237a597bd59ee86011ed4882b table="pages" seconds=0.069852803 stage="query_evaluate"
2026-09-10T20:56:16.623291Z DEBUG transparent_shard_server::service: query stage revision=be059aab39ac34125e0452548d6fbcfb1e7cdb7237a597bd59ee86011ed4882b table="pages" seconds=0.080028935 stage="query_evaluate"
2026-09-10T20:56:16.785173Z DEBUG transparent_shard_server::service: query stage revision=be059aab39ac34125e0452548d6fbcfb1e7cdb7237a597bd59ee86011ed4882b table="directory" seconds=2.987e-6 stage="query_admission"
2026-09-10T20:56:16.785216Z DEBUG transparent_shard_server::service: query stage revision=be059aab39ac34125e0452548d6fbcfb1e7cdb7237a597bd59ee86011ed4882b table="directory" seconds=8.508e-6 stage="query_runtime"
2026-09-10T20:56:16.785294Z DEBUG transparent_shard_server::service: query stage revision=be059aab39ac34125e0452548d6fbcfb1e7cdb7237a597bd59ee86011ed4882b table="directory" seconds=7.5218e-5 admitted=true stage="query_memory_admission"
2026-09-10T20:56:16.785321Z DEBUG transparent_shard_server::service: query stage revision=be059aab39ac34125e0452548d6fbcfb1e7cdb7237a597bd59ee86011ed4882b table="directory" seconds=2.1492e-5 stage="query_dispatch"
2026-09-10T20:56:16.785865Z DEBUG transparent_shard_server::service: query stage revision=be059aab39ac34125e0452548d6fbcfb1e7cdb7237a597bd59ee86011ed4882b table="directory" seconds=1.925e-6 stage="query_admission"
2026-09-10T20:56:16.785877Z DEBUG transparent_shard_server::service: query stage revision=be059aab39ac34125e0452548d6fbcfb1e7cdb7237a597bd59ee86011ed4882b table="directory" seconds=4.606e-6 stage="query_runtime"
2026-09-10T20:56:16.785942Z DEBUG transparent_shard_server::memory: work memory admission denied current=5192544256 limit=7516192768 held=1342177280 requested=268435456
2026-09-10T20:56:16.800279Z DEBUG transparent_shard_server::memory: work memory admission denied current=5205127168 limit=7516192768 held=1342177280 requested=268435456
2026-09-10T20:56:16.811497Z DEBUG transparent_shard_server::memory: work memory admission denied current=5206437888 limit=7516192768 held=1342177280 requested=268435456
2026-09-10T20:56:16.822695Z DEBUG transparent_shard_server::memory: work memory admission denied current=5206437888 limit=7516192768 held=1342177280 requested=268435456
2026-09-10T20:56:16.833917Z DEBUG transparent_shard_server::memory: work memory admission denied current=5206437888 limit=7516192768 held=1342177280 requested=268435456
2026-09-10T20:56:16.845173Z DEBUG transparent_shard_server::memory: work memory admission denied current=5206437888 limit=7516192768 held=1342177280 requested=268435456
2026-09-10T20:56:16.856443Z DEBUG transparent_shard_server::memory: work memory admission denied current=5206437888 limit=7516192768 held=1342177280 requested=268435456
2026-09-10T20:56:16.867662Z DEBUG transparent_shard_server::memory: work memory admission denied current=5206437888 limit=7516192768 held=1342177280 requested=268435456
2026-09-10T20:56:16.878922Z DEBUG transparent_shard_server::memory: work memory admission denied current=5206437888 limit=7516192768 held=1342177280 requested=268435456
2026-09-10T20:56:16.890135Z DEBUG transparent_shard_server::memory: work memory admission denied current=5200138240 limit=7516192768 held=1342177280 requested=268435456
2026-09-10T20:56:16.901359Z DEBUG transparent_shard_server::service: query stage revision=be059aab39ac34125e0452548d6fbcfb1e7cdb7237a597bd59ee86011ed4882b table="directory" seconds=0.115477435 admitted=true stage="query_memory_admission"
2026-09-10T20:56:16.901416Z DEBUG transparent_shard_server::service: query stage revision=be059aab39ac34125e0452548d6fbcfb1e7cdb7237a597bd59ee86011ed4882b table="directory" seconds=2.1776e-5 stage="query_dispatch"
2026-09-10T20:56:16.932700Z DEBUG transparent_shard_server::service: query stage revision=be059aab39ac34125e0452548d6fbcfb1e7cdb7237a597bd59ee86011ed4882b table="directory" seconds=0.031259303 stage="query_evaluate"
2026-09-10T20:56:17.086444Z DEBUG transparent_shard_server::service: query stage revision=be059aab39ac34125e0452548d6fbcfb1e7cdb7237a597bd59ee86011ed4882b table="pages" seconds=2.637e-6 stage="query_admission"
2026-09-10T20:56:17.086493Z DEBUG transparent_shard_server::service: query stage revision=be059aab39ac34125e0452548d6fbcfb1e7cdb7237a597bd59ee86011ed4882b table="pages" seconds=4.619e-6 stage="query_runtime"
2026-09-10T20:56:17.086582Z DEBUG transparent_shard_server::memory: work memory admission denied current=5197189120 limit=7516192768 held=1342177280 requested=268435456
2026-09-10T20:56:17.099557Z DEBUG transparent_shard_server::memory: work memory admission denied current=5198499840 limit=7516192768 held=1342177280 requested=268435456
2026-09-10T20:56:17.111375Z DEBUG transparent_shard_server::service: query stage revision=be059aab39ac34125e0452548d6fbcfb1e7cdb7237a597bd59ee86011ed4882b table="pages" seconds=0.024876067 admitted=true stage="query_memory_admission"
2026-09-10T20:56:17.111434Z DEBUG transparent_shard_server::service: query stage revision=be059aab39ac34125e0452548d6fbcfb1e7cdb7237a597bd59ee86011ed4882b table="pages" seconds=2.4472e-5 stage="query_dispatch"
2026-09-10T20:56:17.859298Z DEBUG transparent_shard_server::service: query stage revision=be059aab39ac34125e0452548d6fbcfb1e7cdb7237a597bd59ee86011ed4882b table="pages" seconds=0.747856868 stage="query_evaluate"
2026-09-10T20:56:17.860973Z DEBUG transparent_shard_server::service: query stage revision=be059aab39ac34125e0452548d6fbcfb1e7cdb7237a597bd59ee86011ed4882b table="directory" seconds=1.075632693 stage="query_evaluate"
2026-09-10T20:56:17.865853Z DEBUG transparent_shard_server::runtime: construction stage geometry="recent-8k" table="pages" seconds=2.214822761 stage="pack_preprocessing"
2026-09-10T20:56:17.866118Z DEBUG transparent_shard_server::runtime: construction stage geometry="recent-8k" table="pages" seconds=0.000246753 stage="publish_parameters"
2026-09-10T20:56:17.867935Z DEBUG transparent_shard_server::runtime: runtime stage key=("268f5c527d35817d37919707b04a706c850d449156baa071b5438dbf8eb53aec", Pages, 0) seconds=3.718990369 stage="runtime_build"
2026-09-10T20:56:18.015979Z DEBUG transparent_shard_server::service: query stage revision=be059aab39ac34125e0452548d6fbcfb1e7cdb7237a597bd59ee86011ed4882b table="directory" seconds=2.712e-6 stage="query_admission"
2026-09-10T20:56:18.016011Z DEBUG transparent_shard_server::service: query stage revision=be059aab39ac34125e0452548d6fbcfb1e7cdb7237a597bd59ee86011ed4882b table="directory" seconds=4.191e-6 stage="query_runtime"
2026-09-10T20:56:18.016101Z DEBUG transparent_shard_server::service: query stage revision=be059aab39ac34125e0452548d6fbcfb1e7cdb7237a597bd59ee86011ed4882b table="directory" seconds=8.6219e-5 admitted=true stage="query_memory_admission"
2026-09-10T20:56:18.016128Z DEBUG transparent_shard_server::service: query stage revision=be059aab39ac34125e0452548d6fbcfb1e7cdb7237a597bd59ee86011ed4882b table="directory" seconds=1.9498e-5 stage="query_dispatch"
2026-09-10T20:56:18.044840Z DEBUG transparent_shard_server::service: query stage revision=be059aab39ac34125e0452548d6fbcfb1e7cdb7237a597bd59ee86011ed4882b table="directory" seconds=0.028691529 stage="query_evaluate"
2026-09-10T20:56:18.045742Z DEBUG transparent_shard_server::service: query stage revision=be059aab39ac34125e0452548d6fbcfb1e7cdb7237a597bd59ee86011ed4882b table="pages" seconds=2.091e-6 stage="query_admission"
2026-09-10T20:56:18.045767Z DEBUG transparent_shard_server::service: query stage revision=be059aab39ac34125e0452548d6fbcfb1e7cdb7237a597bd59ee86011ed4882b table="pages" seconds=5.247e-6 stage="query_runtime"
2026-09-10T20:56:18.045833Z DEBUG transparent_shard_server::service: query stage revision=be059aab39ac34125e0452548d6fbcfb1e7cdb7237a597bd59ee86011ed4882b table="pages" seconds=6.2695e-5 admitted=true stage="query_memory_admission"
2026-09-10T20:56:18.046175Z DEBUG transparent_shard_server::service: query stage revision=be059aab39ac34125e0452548d6fbcfb1e7cdb7237a597bd59ee86011ed4882b table="pages" seconds=0.000336786 stage="query_dispatch"
2026-09-10T20:56:18.064526Z DEBUG transparent_shard_server::service: query stage revision=be059aab39ac34125e0452548d6fbcfb1e7cdb7237a597bd59ee86011ed4882b table="pages" seconds=0.01832893 stage="query_evaluate"
2026-09-10T20:56:18.078988Z DEBUG transparent_shard_server::runtime: construction stage geometry="recent-8k" table="directory" seconds=2.448007133 stage="pack_preprocessing"
2026-09-10T20:56:18.079258Z DEBUG transparent_shard_server::runtime: construction stage geometry="recent-8k" table="directory" seconds=0.000243047 stage="publish_parameters"
2026-09-10T20:56:18.079946Z DEBUG transparent_shard_server::runtime: runtime stage key=("268f5c527d35817d37919707b04a706c850d449156baa071b5438dbf8eb53aec", Directory, 0) seconds=3.86895292 stage="runtime_build"
2026-09-10T20:56:18.080056Z  INFO transparent_shard_server::service: prewarm finished warm=28 target=28 failed=0 seconds=4.0900161839999996
2026-09-10T20:56:18.080104Z DEBUG transparent_shard_server::live: publication preparation stages map=12cbb58695cd66166197842d179b61598c15effb06ad32efcd899a13e36e7b10 loading_seconds=0.583203126 warming_seconds=4.090127153
2026-09-10T20:56:18.197728Z DEBUG transparent_shard_server::service: query stage revision=be059aab39ac34125e0452548d6fbcfb1e7cdb7237a597bd59ee86011ed4882b table="pages" seconds=3.316e-6 stage="query_admission"
2026-09-10T20:56:18.197769Z DEBUG transparent_shard_server::service: query stage revision=be059aab39ac34125e0452548d6fbcfb1e7cdb7237a597bd59ee86011ed4882b table="pages" seconds=6.295e-6 stage="query_runtime"
2026-09-10T20:56:18.197863Z DEBUG transparent_shard_server::service: query stage revision=be059aab39ac34125e0452548d6fbcfb1e7cdb7237a597bd59ee86011ed4882b table="pages" seconds=9.0233e-5 admitted=true stage="query_memory_admission"
2026-09-10T20:56:18.197907Z DEBUG transparent_shard_server::service: query stage revision=be059aab39ac34125e0452548d6fbcfb1e7cdb7237a597bd59ee86011ed4882b table="pages" seconds=3.6496e-5 stage="query_dispatch"
2026-09-10T20:56:18.207650Z DEBUG transparent_shard_server::service: query stage revision=be059aab39ac34125e0452548d6fbcfb1e7cdb7237a597bd59ee86011ed4882b table="pages" seconds=0.009720213 stage="query_evaluate"
2026-09-10T20:56:18.222656Z DEBUG transparent_shard_server::service: query stage revision=be059aab39ac34125e0452548d6fbcfb1e7cdb7237a597bd59ee86011ed4882b table="directory" seconds=2.322e-6 stage="query_admission"
2026-09-10T20:56:18.222684Z DEBUG transparent_shard_server::service: query stage revision=be059aab39ac34125e0452548d6fbcfb1e7cdb7237a597bd59ee86011ed4882b table="directory" seconds=5.56e-6 stage="query_runtime"
2026-09-10T20:56:18.222762Z DEBUG transparent_shard_server::service: query stage revision=be059aab39ac34125e0452548d6fbcfb1e7cdb7237a597bd59ee86011ed4882b table="directory" seconds=7.5349e-5 admitted=true stage="query_memory_admission"
2026-09-10T20:56:18.222793Z DEBUG transparent_shard_server::service: query stage revision=be059aab39ac34125e0452548d6fbcfb1e7cdb7237a597bd59ee86011ed4882b table="directory" seconds=2.6824e-5 stage="query_dispatch"
2026-09-10T20:56:18.232593Z DEBUG transparent_shard_server::service: query stage revision=be059aab39ac34125e0452548d6fbcfb1e7cdb7237a597bd59ee86011ed4882b table="directory" seconds=0.009793432 stage="query_evaluate"
2026-09-10T20:56:18.372249Z DEBUG transparent_shard_server::service: query stage revision=268f5c527d35817d37919707b04a706c850d449156baa071b5438dbf8eb53aec table="directory" seconds=3.462e-6 stage="query_admission"
2026-09-10T20:56:18.372289Z DEBUG transparent_shard_server::service: query stage revision=268f5c527d35817d37919707b04a706c850d449156baa071b5438dbf8eb53aec table="directory" seconds=7.868e-6 stage="query_runtime"
2026-09-10T20:56:18.372385Z DEBUG transparent_shard_server::service: query stage revision=268f5c527d35817d37919707b04a706c850d449156baa071b5438dbf8eb53aec table="directory" seconds=8.9758e-5 admitted=true stage="query_memory_admission"
2026-09-10T20:56:18.372424Z DEBUG transparent_shard_server::service: query stage revision=268f5c527d35817d37919707b04a706c850d449156baa071b5438dbf8eb53aec table="directory" seconds=3.0948e-5 stage="query_dispatch"
2026-09-10T20:56:18.383797Z DEBUG transparent_shard_server::service: query stage revision=268f5c527d35817d37919707b04a706c850d449156baa071b5438dbf8eb53aec table="directory" seconds=0.011336234 stage="query_evaluate"
2026-09-10T20:56:18.414154Z DEBUG transparent_shard_server::service: query stage revision=268f5c527d35817d37919707b04a706c850d449156baa071b5438dbf8eb53aec table="pages" seconds=2.628e-6 stage="query_admission"
2026-09-10T20:56:18.414192Z DEBUG transparent_shard_server::service: query stage revision=268f5c527d35817d37919707b04a706c850d449156baa071b5438dbf8eb53aec table="pages" seconds=5.438e-6 stage="query_runtime"
2026-09-10T20:56:18.414266Z DEBUG transparent_shard_server::service: query stage revision=268f5c527d35817d37919707b04a706c850d449156baa071b5438dbf8eb53aec table="pages" seconds=7.1367e-5 admitted=true stage="query_memory_admission"
2026-09-10T20:56:18.414300Z DEBUG transparent_shard_server::service: query stage revision=268f5c527d35817d37919707b04a706c850d449156baa071b5438dbf8eb53aec table="pages" seconds=2.7888e-5 stage="query_dispatch"
2026-09-10T20:56:18.424216Z DEBUG transparent_shard_server::service: query stage revision=268f5c527d35817d37919707b04a706c850d449156baa071b5438dbf8eb53aec table="pages" seconds=0.00989441 stage="query_evaluate"
2026-09-10T20:56:18.529017Z DEBUG transparent_shard_server::runtime: runtime stage key=("268f5c527d35817d37919707b04a706c850d449156baa071b5438dbf8eb53aec", Pages, 0) seconds=0.661037762 stage="disk_save"
2026-09-10T20:56:18.538515Z DEBUG transparent_shard_server::service: query stage revision=268f5c527d35817d37919707b04a706c850d449156baa071b5438dbf8eb53aec table="pages" seconds=3.052e-6 stage="query_admission"
2026-09-10T20:56:18.538550Z DEBUG transparent_shard_server::service: query stage revision=268f5c527d35817d37919707b04a706c850d449156baa071b5438dbf8eb53aec table="pages" seconds=6.43e-6 stage="query_runtime"
2026-09-10T20:56:18.538639Z DEBUG transparent_shard_server::service: query stage revision=268f5c527d35817d37919707b04a706c850d449156baa071b5438dbf8eb53aec table="pages" seconds=8.4882e-5 admitted=true stage="query_memory_admission"
2026-09-10T20:56:18.538679Z DEBUG transparent_shard_server::service: query stage revision=268f5c527d35817d37919707b04a706c850d449156baa071b5438dbf8eb53aec table="pages" seconds=3.3178e-5 stage="query_dispatch"
2026-09-10T20:56:18.566057Z DEBUG transparent_shard_server::service: query stage revision=268f5c527d35817d37919707b04a706c850d449156baa071b5438dbf8eb53aec table="pages" seconds=0.027358654 stage="query_evaluate"
2026-09-10T20:56:18.583717Z DEBUG transparent_shard_server::service: query stage revision=268f5c527d35817d37919707b04a706c850d449156baa071b5438dbf8eb53aec table="directory" seconds=2.149e-6 stage="query_admission"
2026-09-10T20:56:18.583742Z DEBUG transparent_shard_server::service: query stage revision=268f5c527d35817d37919707b04a706c850d449156baa071b5438dbf8eb53aec table="directory" seconds=5.842e-6 stage="query_runtime"
2026-09-10T20:56:18.583806Z DEBUG transparent_shard_server::service: query stage revision=268f5c527d35817d37919707b04a706c850d449156baa071b5438dbf8eb53aec table="directory" seconds=6.0569e-5 admitted=true stage="query_memory_admission"
2026-09-10T20:56:18.583839Z DEBUG transparent_shard_server::service: query stage revision=268f5c527d35817d37919707b04a706c850d449156baa071b5438dbf8eb53aec table="directory" seconds=2.7954e-5 stage="query_dispatch"
2026-09-10T20:56:18.595529Z DEBUG transparent_shard_server::service: query stage revision=268f5c527d35817d37919707b04a706c850d449156baa071b5438dbf8eb53aec table="directory" seconds=0.011670187 stage="query_evaluate"
2026-09-10T20:56:19.180847Z DEBUG transparent_shard_server::runtime: runtime stage key=("268f5c527d35817d37919707b04a706c850d449156baa071b5438dbf8eb53aec", Directory, 0) seconds=1.100847488 stage="disk_save"
test burst::publication_burst_under_exact_load ... ok

test result: ok. 1 passed; 0 failed; 0 ignored; 0 measured; 17 filtered out; finished in 70.40s

Finished with result: success
Main processes terminated with: code=exited/status=0
Service runtime: 1min 10.461s
CPU time consumed: 3min 51.208s
Memory peak: 2.0M
Memory swap peak: 0B
