Running as unit: transparent-full-burst-36adc48ed9254f33834f0405270b452f.service; invocation ID: 2a61d6e21f1c4607a719caf3d5380f53

running 1 test
2026-09-09T08:55:21.324183Z DEBUG transparent_shard_server::runtime: runtime stage key=("5b7ee9849d47f5ee67d04eb6ca4588beacf42dce75e5a1b481dfd02607b1fb20", Directory, 0) seconds=2.3495e-5 stage="restore_slot"
2026-09-09T08:55:21.324224Z DEBUG transparent_shard_server::runtime: runtime stage key=("1f5d7213a380745d83cc554ad16bdf9e039a0304d0de0b71376828e1838d0ea4", Pages, 0) seconds=7.43e-7 stage="restore_slot"
2026-09-09T08:55:21.324191Z DEBUG transparent_shard_server::runtime: runtime stage key=("5b7ee9849d47f5ee67d04eb6ca4588beacf42dce75e5a1b481dfd02607b1fb20", Pages, 0) seconds=9.58e-7 stage="restore_slot"
2026-09-09T08:55:21.324230Z DEBUG transparent_shard_server::runtime: runtime stage key=("1f5d7213a380745d83cc554ad16bdf9e039a0304d0de0b71376828e1838d0ea4", Directory, 0) seconds=5.47e-7 stage="restore_slot"
2026-09-09T08:55:21.324764Z DEBUG transparent_shard_server::runtime: runtime stage key=("1f5d7213a380745d83cc554ad16bdf9e039a0304d0de0b71376828e1838d0ea4", Pages, 0) seconds=3.16e-5 hit=false stage="disk_restore"
2026-09-09T08:55:21.324787Z DEBUG transparent_shard_server::runtime: runtime stage key=("5b7ee9849d47f5ee67d04eb6ca4588beacf42dce75e5a1b481dfd02607b1fb20", Pages, 0) seconds=9.136e-6 hit=false stage="disk_restore"
2026-09-09T08:55:21.324800Z DEBUG transparent_shard_server::runtime: runtime stage key=("1f5d7213a380745d83cc554ad16bdf9e039a0304d0de0b71376828e1838d0ea4", Pages, 0) seconds=1.082e-6 stage="build_slot"
2026-09-09T08:55:21.324804Z DEBUG transparent_shard_server::runtime: runtime stage key=("5b7ee9849d47f5ee67d04eb6ca4588beacf42dce75e5a1b481dfd02607b1fb20", Directory, 0) seconds=2.9911e-5 hit=false stage="disk_restore"
2026-09-09T08:55:21.324808Z DEBUG transparent_shard_server::runtime: runtime stage key=("1f5d7213a380745d83cc554ad16bdf9e039a0304d0de0b71376828e1838d0ea4", Directory, 0) seconds=2.5694e-5 hit=false stage="disk_restore"
2026-09-09T08:55:21.324827Z DEBUG transparent_shard_server::runtime: runtime stage key=("5b7ee9849d47f5ee67d04eb6ca4588beacf42dce75e5a1b481dfd02607b1fb20", Pages, 0) seconds=4.62e-7 stage="build_slot"
2026-09-09T08:55:21.324838Z DEBUG transparent_shard_server::memory: cold build admission wait seconds=3.4834e-5 admitted=true
2026-09-09T08:55:21.324867Z DEBUG transparent_shard_server::memory: cold build admission wait seconds=3.6359e-5 admitted=true
2026-09-09T08:55:21.454409Z DEBUG transparent_shard_server::runtime: runtime stage key=("5b7ee9849d47f5ee67d04eb6ca4588beacf42dce75e5a1b481dfd02607b1fb20", Pages, 0) seconds=0.12953016 stage="source_load"
2026-09-09T08:55:21.454608Z DEBUG transparent_shard_server::runtime: runtime stage key=("1f5d7213a380745d83cc554ad16bdf9e039a0304d0de0b71376828e1838d0ea4", Pages, 0) seconds=0.129728907 stage="source_load"
2026-09-09T08:55:26.201893Z DEBUG transparent_shard_server::runtime: runtime stage key=("5b7ee9849d47f5ee67d04eb6ca4588beacf42dce75e5a1b481dfd02607b1fb20", Pages, 0) seconds=4.7474439969999995 stage="runtime_build"
2026-09-09T08:55:26.356478Z DEBUG transparent_shard_server::runtime: runtime stage key=("1f5d7213a380745d83cc554ad16bdf9e039a0304d0de0b71376828e1838d0ea4", Pages, 0) seconds=4.901841259 stage="runtime_build"
2026-09-09T08:55:26.954237Z DEBUG transparent_shard_server::runtime: runtime stage key=("5b7ee9849d47f5ee67d04eb6ca4588beacf42dce75e5a1b481dfd02607b1fb20", Pages, 0) seconds=0.751003723 stage="disk_save"
2026-09-09T08:55:26.955264Z DEBUG transparent_shard_server::runtime: runtime stage key=("1f5d7213a380745d83cc554ad16bdf9e039a0304d0de0b71376828e1838d0ea4", Directory, 0) seconds=5.630430128 stage="build_slot"
2026-09-09T08:55:26.955305Z DEBUG transparent_shard_server::runtime: runtime stage key=("ca7afe810c988a8b4b561668f3456a9f38d1fdbb0776614e07ddfeb1a2132000", Directory, 0) seconds=1.34e-6 stage="restore_slot"
2026-09-09T08:55:26.955378Z DEBUG transparent_shard_server::memory: cold build admission wait seconds=7.0984e-5 admitted=true
2026-09-09T08:55:26.955485Z DEBUG transparent_shard_server::runtime: runtime stage key=("ca7afe810c988a8b4b561668f3456a9f38d1fdbb0776614e07ddfeb1a2132000", Directory, 0) seconds=2.8313e-5 hit=false stage="disk_restore"
2026-09-09T08:55:27.090961Z DEBUG transparent_shard_server::runtime: runtime stage key=("1f5d7213a380745d83cc554ad16bdf9e039a0304d0de0b71376828e1838d0ea4", Directory, 0) seconds=0.135544038 stage="source_load"
2026-09-09T08:55:27.685607Z DEBUG transparent_shard_server::runtime: runtime stage key=("1f5d7213a380745d83cc554ad16bdf9e039a0304d0de0b71376828e1838d0ea4", Pages, 0) seconds=1.327638505 stage="disk_save"
2026-09-09T08:55:27.687189Z DEBUG transparent_shard_server::runtime: runtime stage key=("5b7ee9849d47f5ee67d04eb6ca4588beacf42dce75e5a1b481dfd02607b1fb20", Directory, 0) seconds=6.362352391 stage="build_slot"
2026-09-09T08:55:27.687302Z DEBUG transparent_shard_server::memory: cold build admission wait seconds=8.5443e-5 admitted=true
2026-09-09T08:55:27.687327Z DEBUG transparent_shard_server::runtime: runtime stage key=("ca7afe810c988a8b4b561668f3456a9f38d1fdbb0776614e07ddfeb1a2132000", Pages, 0) seconds=5.96e-7 stage="restore_slot"
2026-09-09T08:55:27.693237Z DEBUG transparent_shard_server::runtime: runtime stage key=("ca7afe810c988a8b4b561668f3456a9f38d1fdbb0776614e07ddfeb1a2132000", Pages, 0) seconds=4.4495e-5 hit=false stage="disk_restore"
2026-09-09T08:55:27.943815Z DEBUG transparent_shard_server::runtime: runtime stage key=("5b7ee9849d47f5ee67d04eb6ca4588beacf42dce75e5a1b481dfd02607b1fb20", Directory, 0) seconds=0.253635839 stage="source_load"
2026-09-09T08:55:31.497677Z DEBUG transparent_shard_server::runtime: runtime stage key=("1f5d7213a380745d83cc554ad16bdf9e039a0304d0de0b71376828e1838d0ea4", Directory, 0) seconds=4.406678441 stage="runtime_build"
2026-09-09T08:55:32.212144Z DEBUG transparent_shard_server::runtime: runtime stage key=("1f5d7213a380745d83cc554ad16bdf9e039a0304d0de0b71376828e1838d0ea4", Directory, 0) seconds=0.714426658 stage="disk_save"
2026-09-09T08:55:32.212206Z DEBUG transparent_shard_server::runtime: runtime stage key=("ca7afe810c988a8b4b561668f3456a9f38d1fdbb0776614e07ddfeb1a2132000", Directory, 0) seconds=5.256681353 stage="build_slot"
2026-09-09T08:55:32.212292Z DEBUG transparent_shard_server::memory: cold build admission wait seconds=6.1204e-5 admitted=true
2026-09-09T08:55:32.212328Z DEBUG transparent_shard_server::runtime: runtime stage key=("95df7205357fe2d9c962d2b41daded841e05afa7b6fc8d06dfec46ad04e15335", Directory, 0) seconds=5.43e-7 stage="restore_slot"
2026-09-09T08:55:32.212399Z DEBUG transparent_shard_server::runtime: runtime stage key=("95df7205357fe2d9c962d2b41daded841e05afa7b6fc8d06dfec46ad04e15335", Directory, 0) seconds=2.5391e-5 hit=false stage="disk_restore"
2026-09-09T08:55:32.332001Z DEBUG transparent_shard_server::runtime: runtime stage key=("ca7afe810c988a8b4b561668f3456a9f38d1fdbb0776614e07ddfeb1a2132000", Directory, 0) seconds=0.119659251 stage="source_load"
2026-09-09T08:55:32.349431Z DEBUG transparent_shard_server::runtime: runtime stage key=("5b7ee9849d47f5ee67d04eb6ca4588beacf42dce75e5a1b481dfd02607b1fb20", Directory, 0) seconds=4.405569084 stage="runtime_build"
2026-09-09T08:55:33.392208Z DEBUG transparent_shard_server::runtime: runtime stage key=("5b7ee9849d47f5ee67d04eb6ca4588beacf42dce75e5a1b481dfd02607b1fb20", Directory, 0) seconds=1.042739563 stage="disk_save"
2026-09-09T08:55:33.392262Z DEBUG transparent_shard_server::runtime: runtime stage key=("ca7afe810c988a8b4b561668f3456a9f38d1fdbb0776614e07ddfeb1a2132000", Pages, 0) seconds=5.698983111 stage="build_slot"
2026-09-09T08:55:33.392327Z DEBUG transparent_shard_server::memory: cold build admission wait seconds=5.908e-5 admitted=true
2026-09-09T08:55:33.395218Z DEBUG transparent_shard_server::runtime: runtime stage key=("95df7205357fe2d9c962d2b41daded841e05afa7b6fc8d06dfec46ad04e15335", Pages, 0) seconds=1.116e-6 stage="restore_slot"
2026-09-09T08:55:33.395350Z DEBUG transparent_shard_server::runtime: runtime stage key=("95df7205357fe2d9c962d2b41daded841e05afa7b6fc8d06dfec46ad04e15335", Pages, 0) seconds=4.1996e-5 hit=false stage="disk_restore"
2026-09-09T08:55:33.523125Z DEBUG transparent_shard_server::runtime: runtime stage key=("ca7afe810c988a8b4b561668f3456a9f38d1fdbb0776614e07ddfeb1a2132000", Pages, 0) seconds=0.130757701 stage="source_load"
2026-09-09T08:55:36.802723Z DEBUG transparent_shard_server::runtime: runtime stage key=("ca7afe810c988a8b4b561668f3456a9f38d1fdbb0776614e07ddfeb1a2132000", Directory, 0) seconds=4.470682173 stage="runtime_build"
2026-09-09T08:55:37.515508Z DEBUG transparent_shard_server::runtime: runtime stage key=("ca7afe810c988a8b4b561668f3456a9f38d1fdbb0776614e07ddfeb1a2132000", Directory, 0) seconds=0.712744389 stage="disk_save"
2026-09-09T08:55:37.517252Z DEBUG transparent_shard_server::runtime: runtime stage key=("95df7205357fe2d9c962d2b41daded841e05afa7b6fc8d06dfec46ad04e15335", Directory, 0) seconds=5.304838463 stage="build_slot"
2026-09-09T08:55:37.517348Z DEBUG transparent_shard_server::memory: cold build admission wait seconds=7.3083e-5 admitted=true
2026-09-09T08:55:37.518208Z DEBUG transparent_shard_server::runtime: runtime stage key=("73d46a59d0d03d7616f9a47e53b50448d4c5a3504e6e296600d8884c8c4403b8", Directory, 0) seconds=7.47e-7 stage="restore_slot"
2026-09-09T08:55:37.518335Z DEBUG transparent_shard_server::runtime: runtime stage key=("73d46a59d0d03d7616f9a47e53b50448d4c5a3504e6e296600d8884c8c4403b8", Directory, 0) seconds=2.6215e-5 hit=false stage="disk_restore"
2026-09-09T08:55:37.636504Z DEBUG transparent_shard_server::runtime: runtime stage key=("95df7205357fe2d9c962d2b41daded841e05afa7b6fc8d06dfec46ad04e15335", Directory, 0) seconds=0.119131912 stage="source_load"
2026-09-09T08:55:37.865131Z DEBUG transparent_shard_server::runtime: runtime stage key=("ca7afe810c988a8b4b561668f3456a9f38d1fdbb0776614e07ddfeb1a2132000", Pages, 0) seconds=4.341963532 stage="runtime_build"
2026-09-09T08:55:38.593757Z DEBUG transparent_shard_server::runtime: runtime stage key=("ca7afe810c988a8b4b561668f3456a9f38d1fdbb0776614e07ddfeb1a2132000", Pages, 0) seconds=0.728586213 stage="disk_save"
2026-09-09T08:55:38.593850Z DEBUG transparent_shard_server::runtime: runtime stage key=("73d46a59d0d03d7616f9a47e53b50448d4c5a3504e6e296600d8884c8c4403b8", Pages, 0) seconds=1.356e-6 stage="restore_slot"
2026-09-09T08:55:38.593954Z DEBUG transparent_shard_server::runtime: runtime stage key=("95df7205357fe2d9c962d2b41daded841e05afa7b6fc8d06dfec46ad04e15335", Pages, 0) seconds=5.198555646 stage="build_slot"
2026-09-09T08:55:38.593983Z DEBUG transparent_shard_server::memory: cold build admission wait seconds=2.2658e-5 admitted=true
2026-09-09T08:55:38.594069Z DEBUG transparent_shard_server::runtime: runtime stage key=("73d46a59d0d03d7616f9a47e53b50448d4c5a3504e6e296600d8884c8c4403b8", Pages, 0) seconds=3.2472e-5 hit=false stage="disk_restore"
2026-09-09T08:55:38.714293Z DEBUG transparent_shard_server::runtime: runtime stage key=("95df7205357fe2d9c962d2b41daded841e05afa7b6fc8d06dfec46ad04e15335", Pages, 0) seconds=0.120199103 stage="source_load"
2026-09-09T08:55:41.998652Z DEBUG transparent_shard_server::runtime: runtime stage key=("95df7205357fe2d9c962d2b41daded841e05afa7b6fc8d06dfec46ad04e15335", Directory, 0) seconds=4.362108222 stage="runtime_build"
2026-09-09T08:55:42.709333Z DEBUG transparent_shard_server::runtime: runtime stage key=("95df7205357fe2d9c962d2b41daded841e05afa7b6fc8d06dfec46ad04e15335", Directory, 0) seconds=0.710639453 stage="disk_save"
2026-09-09T08:55:42.709415Z DEBUG transparent_shard_server::runtime: runtime stage key=("b16be2933ab920bc4745ea8917e5167a7a685c211e0b4febe88b4d3018f970bc", Directory, 0) seconds=1.04e-6 stage="restore_slot"
2026-09-09T08:55:42.709504Z DEBUG transparent_shard_server::runtime: runtime stage key=("73d46a59d0d03d7616f9a47e53b50448d4c5a3504e6e296600d8884c8c4403b8", Directory, 0) seconds=5.191125414 stage="build_slot"
2026-09-09T08:55:42.709535Z DEBUG transparent_shard_server::memory: cold build admission wait seconds=2.535e-5 admitted=true
2026-09-09T08:55:42.713220Z DEBUG transparent_shard_server::runtime: runtime stage key=("b16be2933ab920bc4745ea8917e5167a7a685c211e0b4febe88b4d3018f970bc", Directory, 0) seconds=0.003708604 hit=false stage="disk_restore"
2026-09-09T08:55:42.829733Z DEBUG transparent_shard_server::runtime: runtime stage key=("73d46a59d0d03d7616f9a47e53b50448d4c5a3504e6e296600d8884c8c4403b8", Directory, 0) seconds=0.120178661 stage="source_load"
2026-09-09T08:55:42.981172Z DEBUG transparent_shard_server::runtime: runtime stage key=("95df7205357fe2d9c962d2b41daded841e05afa7b6fc8d06dfec46ad04e15335", Pages, 0) seconds=4.266819262 stage="runtime_build"
2026-09-09T08:55:43.689506Z DEBUG transparent_shard_server::runtime: runtime stage key=("95df7205357fe2d9c962d2b41daded841e05afa7b6fc8d06dfec46ad04e15335", Pages, 0) seconds=0.708283472 stage="disk_save"
2026-09-09T08:55:43.692186Z DEBUG transparent_shard_server::runtime: runtime stage key=("73d46a59d0d03d7616f9a47e53b50448d4c5a3504e6e296600d8884c8c4403b8", Pages, 0) seconds=5.098086205 stage="build_slot"
2026-09-09T08:55:43.692281Z DEBUG transparent_shard_server::memory: cold build admission wait seconds=7.0896e-5 admitted=true
2026-09-09T08:55:43.692304Z DEBUG transparent_shard_server::runtime: runtime stage key=("b16be2933ab920bc4745ea8917e5167a7a685c211e0b4febe88b4d3018f970bc", Pages, 0) seconds=6.69e-7 stage="restore_slot"
2026-09-09T08:55:43.698242Z DEBUG transparent_shard_server::runtime: runtime stage key=("b16be2933ab920bc4745ea8917e5167a7a685c211e0b4febe88b4d3018f970bc", Pages, 0) seconds=5.009e-5 hit=false stage="disk_restore"
2026-09-09T08:55:43.851911Z DEBUG transparent_shard_server::runtime: runtime stage key=("73d46a59d0d03d7616f9a47e53b50448d4c5a3504e6e296600d8884c8c4403b8", Pages, 0) seconds=0.159567608 stage="source_load"
2026-09-09T08:55:47.204937Z DEBUG transparent_shard_server::runtime: runtime stage key=("73d46a59d0d03d7616f9a47e53b50448d4c5a3504e6e296600d8884c8c4403b8", Directory, 0) seconds=4.375163036 stage="runtime_build"
2026-09-09T08:55:47.919845Z DEBUG transparent_shard_server::runtime: runtime stage key=("73d46a59d0d03d7616f9a47e53b50448d4c5a3504e6e296600d8884c8c4403b8", Directory, 0) seconds=0.714857356 stage="disk_save"
2026-09-09T08:55:47.919947Z DEBUG transparent_shard_server::runtime: runtime stage key=("16b8227360ce35dd2e111156f5e31fd5eb500ff877879a212fef6cf8471de8a5", Directory, 0) seconds=1.569e-6 stage="restore_slot"
2026-09-09T08:55:47.920053Z DEBUG transparent_shard_server::runtime: runtime stage key=("b16be2933ab920bc4745ea8917e5167a7a685c211e0b4febe88b4d3018f970bc", Directory, 0) seconds=5.206769987 stage="build_slot"
2026-09-09T08:55:47.920086Z DEBUG transparent_shard_server::memory: cold build admission wait seconds=2.4675e-5 admitted=true
2026-09-09T08:55:47.920098Z DEBUG transparent_shard_server::runtime: runtime stage key=("16b8227360ce35dd2e111156f5e31fd5eb500ff877879a212fef6cf8471de8a5", Directory, 0) seconds=4.2864e-5 hit=false stage="disk_restore"
2026-09-09T08:55:48.041467Z DEBUG transparent_shard_server::runtime: runtime stage key=("b16be2933ab920bc4745ea8917e5167a7a685c211e0b4febe88b4d3018f970bc", Directory, 0) seconds=0.121360242 stage="source_load"
2026-09-09T08:55:48.117101Z DEBUG transparent_shard_server::runtime: runtime stage key=("73d46a59d0d03d7616f9a47e53b50448d4c5a3504e6e296600d8884c8c4403b8", Pages, 0) seconds=4.265148426 stage="runtime_build"
2026-09-09T08:55:48.836671Z DEBUG transparent_shard_server::runtime: runtime stage key=("73d46a59d0d03d7616f9a47e53b50448d4c5a3504e6e296600d8884c8c4403b8", Pages, 0) seconds=0.719517381 stage="disk_save"
2026-09-09T08:55:48.838196Z DEBUG transparent_shard_server::runtime: runtime stage key=("b16be2933ab920bc4745ea8917e5167a7a685c211e0b4febe88b4d3018f970bc", Pages, 0) seconds=5.13989103 stage="build_slot"
2026-09-09T08:55:48.838312Z DEBUG transparent_shard_server::memory: cold build admission wait seconds=9.2063e-5 admitted=true
2026-09-09T08:55:48.838357Z DEBUG transparent_shard_server::runtime: runtime stage key=("16b8227360ce35dd2e111156f5e31fd5eb500ff877879a212fef6cf8471de8a5", Pages, 0) seconds=5.15e-7 stage="restore_slot"
2026-09-09T08:55:48.842276Z DEBUG transparent_shard_server::runtime: runtime stage key=("16b8227360ce35dd2e111156f5e31fd5eb500ff877879a212fef6cf8471de8a5", Pages, 0) seconds=6.2627e-5 hit=false stage="disk_restore"
2026-09-09T08:55:49.055222Z DEBUG transparent_shard_server::runtime: runtime stage key=("b16be2933ab920bc4745ea8917e5167a7a685c211e0b4febe88b4d3018f970bc", Pages, 0) seconds=0.21502238 stage="source_load"
2026-09-09T08:55:52.452937Z DEBUG transparent_shard_server::runtime: runtime stage key=("b16be2933ab920bc4745ea8917e5167a7a685c211e0b4febe88b4d3018f970bc", Directory, 0) seconds=4.411424102 stage="runtime_build"
2026-09-09T08:55:53.165656Z DEBUG transparent_shard_server::runtime: runtime stage key=("b16be2933ab920bc4745ea8917e5167a7a685c211e0b4febe88b4d3018f970bc", Directory, 0) seconds=0.71267845 stage="disk_save"
2026-09-09T08:55:53.165715Z DEBUG transparent_shard_server::runtime: runtime stage key=("16b8227360ce35dd2e111156f5e31fd5eb500ff877879a212fef6cf8471de8a5", Directory, 0) seconds=5.245578829 stage="build_slot"
2026-09-09T08:55:53.165804Z DEBUG transparent_shard_server::memory: cold build admission wait seconds=7.1251e-5 admitted=true
2026-09-09T08:55:53.165831Z DEBUG transparent_shard_server::runtime: runtime stage key=("1cd27964911287b2a127c1f8df5e6b0c19f5b4db309391c5adb2db3072bfec6e", Directory, 0) seconds=6.97e-7 stage="restore_slot"
2026-09-09T08:55:53.165899Z DEBUG transparent_shard_server::runtime: runtime stage key=("1cd27964911287b2a127c1f8df5e6b0c19f5b4db309391c5adb2db3072bfec6e", Directory, 0) seconds=3.0142e-5 hit=false stage="disk_restore"
2026-09-09T08:55:53.286867Z DEBUG transparent_shard_server::runtime: runtime stage key=("16b8227360ce35dd2e111156f5e31fd5eb500ff877879a212fef6cf8471de8a5", Directory, 0) seconds=0.121032228 stage="source_load"
2026-09-09T08:55:53.361293Z DEBUG transparent_shard_server::runtime: runtime stage key=("b16be2933ab920bc4745ea8917e5167a7a685c211e0b4febe88b4d3018f970bc", Pages, 0) seconds=4.306022085 stage="runtime_build"
2026-09-09T08:55:54.097729Z DEBUG transparent_shard_server::runtime: runtime stage key=("b16be2933ab920bc4745ea8917e5167a7a685c211e0b4febe88b4d3018f970bc", Pages, 0) seconds=0.736395838 stage="disk_save"
2026-09-09T08:55:54.097791Z DEBUG transparent_shard_server::runtime: runtime stage key=("16b8227360ce35dd2e111156f5e31fd5eb500ff877879a212fef6cf8471de8a5", Pages, 0) seconds=5.255444715 stage="build_slot"
2026-09-09T08:55:54.097885Z DEBUG transparent_shard_server::memory: cold build admission wait seconds=7.2043e-5 admitted=true
2026-09-09T08:55:54.097912Z DEBUG transparent_shard_server::runtime: runtime stage key=("1cd27964911287b2a127c1f8df5e6b0c19f5b4db309391c5adb2db3072bfec6e", Pages, 0) seconds=4.99e-7 stage="restore_slot"
2026-09-09T08:55:54.100301Z DEBUG transparent_shard_server::runtime: runtime stage key=("1cd27964911287b2a127c1f8df5e6b0c19f5b4db309391c5adb2db3072bfec6e", Pages, 0) seconds=7.3191e-5 hit=false stage="disk_restore"
2026-09-09T08:55:54.284691Z DEBUG transparent_shard_server::runtime: runtime stage key=("16b8227360ce35dd2e111156f5e31fd5eb500ff877879a212fef6cf8471de8a5", Pages, 0) seconds=0.18648472 stage="source_load"
2026-09-09T08:55:57.608267Z DEBUG transparent_shard_server::runtime: runtime stage key=("16b8227360ce35dd2e111156f5e31fd5eb500ff877879a212fef6cf8471de8a5", Directory, 0) seconds=4.321353439 stage="runtime_build"
2026-09-09T08:55:58.319499Z DEBUG transparent_shard_server::runtime: runtime stage key=("16b8227360ce35dd2e111156f5e31fd5eb500ff877879a212fef6cf8471de8a5", Directory, 0) seconds=0.711189677 stage="disk_save"
2026-09-09T08:55:58.319606Z DEBUG transparent_shard_server::runtime: runtime stage key=("27f56c565263ecffb8c7736d4e811665d81bf4ed71c7978431fcc4f45b645ee1", Directory, 0) seconds=1.559e-6 stage="restore_slot"
2026-09-09T08:55:58.319709Z DEBUG transparent_shard_server::runtime: runtime stage key=("1cd27964911287b2a127c1f8df5e6b0c19f5b4db309391c5adb2db3072bfec6e", Directory, 0) seconds=5.153785429 stage="build_slot"
2026-09-09T08:55:58.319736Z DEBUG transparent_shard_server::runtime: runtime stage key=("27f56c565263ecffb8c7736d4e811665d81bf4ed71c7978431fcc4f45b645ee1", Directory, 0) seconds=2.5897e-5 hit=false stage="disk_restore"
2026-09-09T08:55:58.319743Z DEBUG transparent_shard_server::memory: work memory admission denied current=5426626560 limit=7516192768 held=805306368 requested=536870912
2026-09-09T08:55:58.420630Z DEBUG transparent_shard_server::memory: cold build admission wait seconds=0.100911242 admitted=true
2026-09-09T08:55:58.540716Z DEBUG transparent_shard_server::runtime: runtime stage key=("1cd27964911287b2a127c1f8df5e6b0c19f5b4db309391c5adb2db3072bfec6e", Directory, 0) seconds=0.120038707 stage="source_load"
2026-09-09T08:55:58.601931Z DEBUG transparent_shard_server::runtime: runtime stage key=("16b8227360ce35dd2e111156f5e31fd5eb500ff877879a212fef6cf8471de8a5", Pages, 0) seconds=4.3171968419999995 stage="runtime_build"
2026-09-09T08:55:59.318548Z DEBUG transparent_shard_server::runtime: runtime stage key=("16b8227360ce35dd2e111156f5e31fd5eb500ff877879a212fef6cf8471de8a5", Pages, 0) seconds=0.716566949 stage="disk_save"
2026-09-09T08:55:59.318611Z DEBUG transparent_shard_server::runtime: runtime stage key=("1cd27964911287b2a127c1f8df5e6b0c19f5b4db309391c5adb2db3072bfec6e", Pages, 0) seconds=5.218279857 stage="build_slot"
2026-09-09T08:55:59.318696Z DEBUG transparent_shard_server::memory: cold build admission wait seconds=6.8035e-5 admitted=true
2026-09-09T08:55:59.318719Z DEBUG transparent_shard_server::runtime: runtime stage key=("27f56c565263ecffb8c7736d4e811665d81bf4ed71c7978431fcc4f45b645ee1", Pages, 0) seconds=5.96e-7 stage="restore_slot"
2026-09-09T08:55:59.318744Z DEBUG transparent_shard_server::memory: work memory admission denied current=5573951488 limit=7516192768 held=1073741824 requested=268435456
2026-09-09T08:55:59.318749Z DEBUG transparent_shard_server::runtime: runtime admission denied key=("27f56c565263ecffb8c7736d4e811665d81bf4ed71c7978431fcc4f45b645ee1", Pages, 0) stage="restore_admission"
2026-09-09T08:55:59.318753Z DEBUG transparent_shard_server::prewarm: prewarm admission retry; sleeping 100ms
2026-09-09T08:55:59.419909Z DEBUG transparent_shard_server::runtime: runtime stage key=("27f56c565263ecffb8c7736d4e811665d81bf4ed71c7978431fcc4f45b645ee1", Pages, 0) seconds=1.6e-6 stage="restore_slot"
2026-09-09T08:55:59.420015Z DEBUG transparent_shard_server::memory: work memory admission denied current=5573951488 limit=7516192768 held=1073741824 requested=268435456
2026-09-09T08:55:59.420020Z DEBUG transparent_shard_server::runtime: runtime admission denied key=("27f56c565263ecffb8c7736d4e811665d81bf4ed71c7978431fcc4f45b645ee1", Pages, 0) stage="restore_admission"
2026-09-09T08:55:59.420025Z DEBUG transparent_shard_server::prewarm: prewarm admission retry; sleeping 100ms
2026-09-09T08:55:59.521573Z DEBUG transparent_shard_server::runtime: runtime stage key=("27f56c565263ecffb8c7736d4e811665d81bf4ed71c7978431fcc4f45b645ee1", Pages, 0) seconds=1.318e-6 stage="restore_slot"
2026-09-09T08:55:59.521686Z DEBUG transparent_shard_server::memory: work memory admission denied current=5573951488 limit=7516192768 held=1073741824 requested=268435456
2026-09-09T08:55:59.521692Z DEBUG transparent_shard_server::runtime: runtime admission denied key=("27f56c565263ecffb8c7736d4e811665d81bf4ed71c7978431fcc4f45b645ee1", Pages, 0) stage="restore_admission"
2026-09-09T08:55:59.521698Z DEBUG transparent_shard_server::prewarm: prewarm admission retry; sleeping 100ms
2026-09-09T08:55:59.523457Z DEBUG transparent_shard_server::runtime: runtime stage key=("1cd27964911287b2a127c1f8df5e6b0c19f5b4db309391c5adb2db3072bfec6e", Pages, 0) seconds=0.204688665 stage="source_load"
2026-09-09T08:55:59.622920Z DEBUG transparent_shard_server::runtime: runtime stage key=("27f56c565263ecffb8c7736d4e811665d81bf4ed71c7978431fcc4f45b645ee1", Pages, 0) seconds=1.614e-6 stage="restore_slot"
2026-09-09T08:55:59.623037Z DEBUG transparent_shard_server::memory: work memory admission denied current=5573951488 limit=7516192768 held=1073741824 requested=268435456
2026-09-09T08:55:59.623043Z DEBUG transparent_shard_server::runtime: runtime admission denied key=("27f56c565263ecffb8c7736d4e811665d81bf4ed71c7978431fcc4f45b645ee1", Pages, 0) stage="restore_admission"
2026-09-09T08:55:59.623064Z DEBUG transparent_shard_server::prewarm: prewarm admission retry; sleeping 100ms
2026-09-09T08:55:59.724293Z DEBUG transparent_shard_server::runtime: runtime stage key=("27f56c565263ecffb8c7736d4e811665d81bf4ed71c7978431fcc4f45b645ee1", Pages, 0) seconds=1.41e-6 stage="restore_slot"
2026-09-09T08:55:59.724408Z DEBUG transparent_shard_server::memory: work memory admission denied current=5574209536 limit=7516192768 held=1073741824 requested=268435456
2026-09-09T08:55:59.724413Z DEBUG transparent_shard_server::runtime: runtime admission denied key=("27f56c565263ecffb8c7736d4e811665d81bf4ed71c7978431fcc4f45b645ee1", Pages, 0) stage="restore_admission"
2026-09-09T08:55:59.724418Z DEBUG transparent_shard_server::prewarm: prewarm admission retry; sleeping 100ms
2026-09-09T08:55:59.825277Z DEBUG transparent_shard_server::runtime: runtime stage key=("27f56c565263ecffb8c7736d4e811665d81bf4ed71c7978431fcc4f45b645ee1", Pages, 0) seconds=1.206e-6 stage="restore_slot"
2026-09-09T08:55:59.825386Z DEBUG transparent_shard_server::memory: work memory admission denied current=5574209536 limit=7516192768 held=1073741824 requested=268435456
2026-09-09T08:55:59.825391Z DEBUG transparent_shard_server::runtime: runtime admission denied key=("27f56c565263ecffb8c7736d4e811665d81bf4ed71c7978431fcc4f45b645ee1", Pages, 0) stage="restore_admission"
2026-09-09T08:55:59.825396Z DEBUG transparent_shard_server::prewarm: prewarm admission retry; sleeping 100ms
2026-09-09T08:55:59.926578Z DEBUG transparent_shard_server::runtime: runtime stage key=("27f56c565263ecffb8c7736d4e811665d81bf4ed71c7978431fcc4f45b645ee1", Pages, 0) seconds=1.349e-6 stage="restore_slot"
2026-09-09T08:55:59.926686Z DEBUG transparent_shard_server::memory: work memory admission denied current=5574209536 limit=7516192768 held=1073741824 requested=268435456
2026-09-09T08:55:59.926690Z DEBUG transparent_shard_server::runtime: runtime admission denied key=("27f56c565263ecffb8c7736d4e811665d81bf4ed71c7978431fcc4f45b645ee1", Pages, 0) stage="restore_admission"
2026-09-09T08:55:59.926695Z DEBUG transparent_shard_server::prewarm: prewarm admission retry; sleeping 100ms
2026-09-09T08:56:00.027921Z DEBUG transparent_shard_server::runtime: runtime stage key=("27f56c565263ecffb8c7736d4e811665d81bf4ed71c7978431fcc4f45b645ee1", Pages, 0) seconds=1.316e-6 stage="restore_slot"
2026-09-09T08:56:00.028024Z DEBUG transparent_shard_server::memory: work memory admission denied current=5574209536 limit=7516192768 held=1073741824 requested=268435456
2026-09-09T08:56:00.028028Z DEBUG transparent_shard_server::runtime: runtime admission denied key=("27f56c565263ecffb8c7736d4e811665d81bf4ed71c7978431fcc4f45b645ee1", Pages, 0) stage="restore_admission"
2026-09-09T08:56:00.028034Z DEBUG transparent_shard_server::prewarm: prewarm admission retry; sleeping 100ms
2026-09-09T08:56:00.129190Z DEBUG transparent_shard_server::runtime: runtime stage key=("27f56c565263ecffb8c7736d4e811665d81bf4ed71c7978431fcc4f45b645ee1", Pages, 0) seconds=1.549e-6 stage="restore_slot"
2026-09-09T08:56:00.129296Z DEBUG transparent_shard_server::memory: work memory admission denied current=5574209536 limit=7516192768 held=1073741824 requested=268435456
2026-09-09T08:56:00.129301Z DEBUG transparent_shard_server::runtime: runtime admission denied key=("27f56c565263ecffb8c7736d4e811665d81bf4ed71c7978431fcc4f45b645ee1", Pages, 0) stage="restore_admission"
2026-09-09T08:56:00.129306Z DEBUG transparent_shard_server::prewarm: prewarm admission retry; sleeping 100ms
2026-09-09T08:56:00.230293Z DEBUG transparent_shard_server::runtime: runtime stage key=("27f56c565263ecffb8c7736d4e811665d81bf4ed71c7978431fcc4f45b645ee1", Pages, 0) seconds=1.512e-6 stage="restore_slot"
2026-09-09T08:56:00.230405Z DEBUG transparent_shard_server::memory: work memory admission denied current=5574209536 limit=7516192768 held=1073741824 requested=268435456
2026-09-09T08:56:00.230410Z DEBUG transparent_shard_server::runtime: runtime admission denied key=("27f56c565263ecffb8c7736d4e811665d81bf4ed71c7978431fcc4f45b645ee1", Pages, 0) stage="restore_admission"
2026-09-09T08:56:00.230429Z DEBUG transparent_shard_server::prewarm: prewarm admission retry; sleeping 100ms
2026-09-09T08:56:00.331570Z DEBUG transparent_shard_server::runtime: runtime stage key=("27f56c565263ecffb8c7736d4e811665d81bf4ed71c7978431fcc4f45b645ee1", Pages, 0) seconds=1.38e-6 stage="restore_slot"
2026-09-09T08:56:00.331675Z DEBUG transparent_shard_server::memory: work memory admission denied current=5574209536 limit=7516192768 held=1073741824 requested=268435456
2026-09-09T08:56:00.331680Z DEBUG transparent_shard_server::runtime: runtime admission denied key=("27f56c565263ecffb8c7736d4e811665d81bf4ed71c7978431fcc4f45b645ee1", Pages, 0) stage="restore_admission"
2026-09-09T08:56:00.331685Z DEBUG transparent_shard_server::prewarm: prewarm admission retry; sleeping 100ms
2026-09-09T08:56:00.432857Z DEBUG transparent_shard_server::runtime: runtime stage key=("27f56c565263ecffb8c7736d4e811665d81bf4ed71c7978431fcc4f45b645ee1", Pages, 0) seconds=1.372e-6 stage="restore_slot"
2026-09-09T08:56:00.432961Z DEBUG transparent_shard_server::memory: work memory admission denied current=5574684672 limit=7516192768 held=1073741824 requested=268435456
2026-09-09T08:56:00.432966Z DEBUG transparent_shard_server::runtime: runtime admission denied key=("27f56c565263ecffb8c7736d4e811665d81bf4ed71c7978431fcc4f45b645ee1", Pages, 0) stage="restore_admission"
2026-09-09T08:56:00.432971Z DEBUG transparent_shard_server::prewarm: prewarm admission retry; sleeping 100ms
2026-09-09T08:56:00.533180Z DEBUG transparent_shard_server::runtime: runtime stage key=("27f56c565263ecffb8c7736d4e811665d81bf4ed71c7978431fcc4f45b645ee1", Pages, 0) seconds=1.497e-6 stage="restore_slot"
2026-09-09T08:56:00.533291Z DEBUG transparent_shard_server::memory: work memory admission denied current=5575208960 limit=7516192768 held=1073741824 requested=268435456
2026-09-09T08:56:00.533296Z DEBUG transparent_shard_server::runtime: runtime admission denied key=("27f56c565263ecffb8c7736d4e811665d81bf4ed71c7978431fcc4f45b645ee1", Pages, 0) stage="restore_admission"
2026-09-09T08:56:00.533302Z DEBUG transparent_shard_server::prewarm: prewarm admission retry; sleeping 100ms
2026-09-09T08:56:00.634470Z DEBUG transparent_shard_server::runtime: runtime stage key=("27f56c565263ecffb8c7736d4e811665d81bf4ed71c7978431fcc4f45b645ee1", Pages, 0) seconds=1.307e-6 stage="restore_slot"
2026-09-09T08:56:00.634588Z DEBUG transparent_shard_server::memory: work memory admission denied current=5609025536 limit=7516192768 held=1073741824 requested=268435456
2026-09-09T08:56:00.634593Z DEBUG transparent_shard_server::runtime: runtime admission denied key=("27f56c565263ecffb8c7736d4e811665d81bf4ed71c7978431fcc4f45b645ee1", Pages, 0) stage="restore_admission"
2026-09-09T08:56:00.634599Z DEBUG transparent_shard_server::prewarm: prewarm admission retry; sleeping 100ms
2026-09-09T08:56:00.735263Z DEBUG transparent_shard_server::runtime: runtime stage key=("27f56c565263ecffb8c7736d4e811665d81bf4ed71c7978431fcc4f45b645ee1", Pages, 0) seconds=1.136e-6 stage="restore_slot"
2026-09-09T08:56:00.735381Z DEBUG transparent_shard_server::memory: work memory admission denied current=5575512064 limit=7516192768 held=1073741824 requested=268435456
2026-09-09T08:56:00.735385Z DEBUG transparent_shard_server::runtime: runtime admission denied key=("27f56c565263ecffb8c7736d4e811665d81bf4ed71c7978431fcc4f45b645ee1", Pages, 0) stage="restore_admission"
2026-09-09T08:56:00.735391Z DEBUG transparent_shard_server::prewarm: prewarm admission retry; sleeping 100ms
2026-09-09T08:56:00.836566Z DEBUG transparent_shard_server::runtime: runtime stage key=("27f56c565263ecffb8c7736d4e811665d81bf4ed71c7978431fcc4f45b645ee1", Pages, 0) seconds=1.046e-6 stage="restore_slot"
2026-09-09T08:56:00.836680Z DEBUG transparent_shard_server::memory: work memory admission denied current=5588357120 limit=7516192768 held=1073741824 requested=268435456
2026-09-09T08:56:00.836685Z DEBUG transparent_shard_server::runtime: runtime admission denied key=("27f56c565263ecffb8c7736d4e811665d81bf4ed71c7978431fcc4f45b645ee1", Pages, 0) stage="restore_admission"
2026-09-09T08:56:00.836700Z DEBUG transparent_shard_server::prewarm: prewarm admission retry; sleeping 100ms
2026-09-09T08:56:00.937883Z DEBUG transparent_shard_server::runtime: runtime stage key=("27f56c565263ecffb8c7736d4e811665d81bf4ed71c7978431fcc4f45b645ee1", Pages, 0) seconds=1.113e-6 stage="restore_slot"
2026-09-09T08:56:00.937990Z DEBUG transparent_shard_server::memory: work memory admission denied current=5644980224 limit=7516192768 held=1073741824 requested=268435456
2026-09-09T08:56:00.937995Z DEBUG transparent_shard_server::runtime: runtime admission denied key=("27f56c565263ecffb8c7736d4e811665d81bf4ed71c7978431fcc4f45b645ee1", Pages, 0) stage="restore_admission"
2026-09-09T08:56:00.938003Z DEBUG transparent_shard_server::prewarm: prewarm admission retry; sleeping 100ms
2026-09-09T08:56:01.038183Z DEBUG transparent_shard_server::runtime: runtime stage key=("27f56c565263ecffb8c7736d4e811665d81bf4ed71c7978431fcc4f45b645ee1", Pages, 0) seconds=1.258e-6 stage="restore_slot"
2026-09-09T08:56:01.038303Z DEBUG transparent_shard_server::memory: work memory admission denied current=5648125952 limit=7516192768 held=1073741824 requested=268435456
2026-09-09T08:56:01.038309Z DEBUG transparent_shard_server::runtime: runtime admission denied key=("27f56c565263ecffb8c7736d4e811665d81bf4ed71c7978431fcc4f45b645ee1", Pages, 0) stage="restore_admission"
2026-09-09T08:56:01.038314Z DEBUG transparent_shard_server::prewarm: prewarm admission retry; sleeping 100ms
2026-09-09T08:56:01.139484Z DEBUG transparent_shard_server::runtime: runtime stage key=("27f56c565263ecffb8c7736d4e811665d81bf4ed71c7978431fcc4f45b645ee1", Pages, 0) seconds=1.298e-6 stage="restore_slot"
2026-09-09T08:56:01.139600Z DEBUG transparent_shard_server::memory: work memory admission denied current=5651533824 limit=7516192768 held=1073741824 requested=268435456
2026-09-09T08:56:01.139604Z DEBUG transparent_shard_server::runtime: runtime admission denied key=("27f56c565263ecffb8c7736d4e811665d81bf4ed71c7978431fcc4f45b645ee1", Pages, 0) stage="restore_admission"
2026-09-09T08:56:01.139610Z DEBUG transparent_shard_server::prewarm: prewarm admission retry; sleeping 100ms
2026-09-09T08:56:01.240818Z DEBUG transparent_shard_server::runtime: runtime stage key=("27f56c565263ecffb8c7736d4e811665d81bf4ed71c7978431fcc4f45b645ee1", Pages, 0) seconds=1.254e-6 stage="restore_slot"
2026-09-09T08:56:01.240927Z DEBUG transparent_shard_server::memory: work memory admission denied current=5654941696 limit=7516192768 held=1073741824 requested=268435456
2026-09-09T08:56:01.240932Z DEBUG transparent_shard_server::runtime: runtime admission denied key=("27f56c565263ecffb8c7736d4e811665d81bf4ed71c7978431fcc4f45b645ee1", Pages, 0) stage="restore_admission"
2026-09-09T08:56:01.240937Z DEBUG transparent_shard_server::prewarm: prewarm admission retry; sleeping 100ms
2026-09-09T08:56:01.342108Z DEBUG transparent_shard_server::runtime: runtime stage key=("27f56c565263ecffb8c7736d4e811665d81bf4ed71c7978431fcc4f45b645ee1", Pages, 0) seconds=1.141e-6 stage="restore_slot"
2026-09-09T08:56:01.342233Z DEBUG transparent_shard_server::memory: work memory admission denied current=5658087424 limit=7516192768 held=1073741824 requested=268435456
2026-09-09T08:56:01.342240Z DEBUG transparent_shard_server::runtime: runtime admission denied key=("27f56c565263ecffb8c7736d4e811665d81bf4ed71c7978431fcc4f45b645ee1", Pages, 0) stage="restore_admission"
2026-09-09T08:56:01.342246Z DEBUG transparent_shard_server::prewarm: prewarm admission retry; sleeping 100ms
2026-09-09T08:56:01.443267Z DEBUG transparent_shard_server::runtime: runtime stage key=("27f56c565263ecffb8c7736d4e811665d81bf4ed71c7978431fcc4f45b645ee1", Pages, 0) seconds=1.923e-6 stage="restore_slot"
2026-09-09T08:56:01.443411Z DEBUG transparent_shard_server::memory: work memory admission denied current=5660389376 limit=7516192768 held=1073741824 requested=268435456
2026-09-09T08:56:01.443417Z DEBUG transparent_shard_server::runtime: runtime admission denied key=("27f56c565263ecffb8c7736d4e811665d81bf4ed71c7978431fcc4f45b645ee1", Pages, 0) stage="restore_admission"
2026-09-09T08:56:01.443439Z DEBUG transparent_shard_server::prewarm: prewarm admission retry; sleeping 100ms
2026-09-09T08:56:01.544623Z DEBUG transparent_shard_server::runtime: runtime stage key=("27f56c565263ecffb8c7736d4e811665d81bf4ed71c7978431fcc4f45b645ee1", Pages, 0) seconds=1.608e-6 stage="restore_slot"
2026-09-09T08:56:01.544739Z DEBUG transparent_shard_server::memory: work memory admission denied current=5697294336 limit=7516192768 held=1073741824 requested=268435456
2026-09-09T08:56:01.544744Z DEBUG transparent_shard_server::runtime: runtime admission denied key=("27f56c565263ecffb8c7736d4e811665d81bf4ed71c7978431fcc4f45b645ee1", Pages, 0) stage="restore_admission"
2026-09-09T08:56:01.544749Z DEBUG transparent_shard_server::prewarm: prewarm admission retry; sleeping 100ms
2026-09-09T08:56:01.645994Z DEBUG transparent_shard_server::runtime: runtime stage key=("27f56c565263ecffb8c7736d4e811665d81bf4ed71c7978431fcc4f45b645ee1", Pages, 0) seconds=1.812e-6 stage="restore_slot"
2026-09-09T08:56:01.646118Z DEBUG transparent_shard_server::memory: work memory admission denied current=5666910208 limit=7516192768 held=1073741824 requested=268435456
2026-09-09T08:56:01.646123Z DEBUG transparent_shard_server::runtime: runtime admission denied key=("27f56c565263ecffb8c7736d4e811665d81bf4ed71c7978431fcc4f45b645ee1", Pages, 0) stage="restore_admission"
2026-09-09T08:56:01.646128Z DEBUG transparent_shard_server::prewarm: prewarm admission retry; sleeping 100ms
2026-09-09T08:56:01.747355Z DEBUG transparent_shard_server::runtime: runtime stage key=("27f56c565263ecffb8c7736d4e811665d81bf4ed71c7978431fcc4f45b645ee1", Pages, 0) seconds=1.468e-6 stage="restore_slot"
2026-09-09T08:56:01.747470Z DEBUG transparent_shard_server::memory: work memory admission denied current=5669531648 limit=7516192768 held=1073741824 requested=268435456
2026-09-09T08:56:01.747475Z DEBUG transparent_shard_server::runtime: runtime admission denied key=("27f56c565263ecffb8c7736d4e811665d81bf4ed71c7978431fcc4f45b645ee1", Pages, 0) stage="restore_admission"
2026-09-09T08:56:01.747481Z DEBUG transparent_shard_server::prewarm: prewarm admission retry; sleeping 100ms
2026-09-09T08:56:01.848861Z DEBUG transparent_shard_server::runtime: runtime stage key=("27f56c565263ecffb8c7736d4e811665d81bf4ed71c7978431fcc4f45b645ee1", Pages, 0) seconds=1.316e-6 stage="restore_slot"
2026-09-09T08:56:01.848980Z DEBUG transparent_shard_server::memory: work memory admission denied current=5740523520 limit=7516192768 held=1073741824 requested=268435456
2026-09-09T08:56:01.848986Z DEBUG transparent_shard_server::runtime: runtime admission denied key=("27f56c565263ecffb8c7736d4e811665d81bf4ed71c7978431fcc4f45b645ee1", Pages, 0) stage="restore_admission"
2026-09-09T08:56:01.848992Z DEBUG transparent_shard_server::prewarm: prewarm admission retry; sleeping 100ms
2026-09-09T08:56:01.949282Z DEBUG transparent_shard_server::runtime: runtime stage key=("27f56c565263ecffb8c7736d4e811665d81bf4ed71c7978431fcc4f45b645ee1", Pages, 0) seconds=1.182e-6 stage="restore_slot"
2026-09-09T08:56:01.949389Z DEBUG transparent_shard_server::memory: work memory admission denied current=5747339264 limit=7516192768 held=1073741824 requested=268435456
2026-09-09T08:56:01.949394Z DEBUG transparent_shard_server::runtime: runtime admission denied key=("27f56c565263ecffb8c7736d4e811665d81bf4ed71c7978431fcc4f45b645ee1", Pages, 0) stage="restore_admission"
2026-09-09T08:56:01.949400Z DEBUG transparent_shard_server::prewarm: prewarm admission retry; sleeping 100ms
2026-09-09T08:56:02.050606Z DEBUG transparent_shard_server::runtime: runtime stage key=("27f56c565263ecffb8c7736d4e811665d81bf4ed71c7978431fcc4f45b645ee1", Pages, 0) seconds=1.865e-6 stage="restore_slot"
2026-09-09T08:56:02.050716Z DEBUG transparent_shard_server::memory: work memory admission denied current=5754155008 limit=7516192768 held=1073741824 requested=268435456
2026-09-09T08:56:02.050721Z DEBUG transparent_shard_server::runtime: runtime admission denied key=("27f56c565263ecffb8c7736d4e811665d81bf4ed71c7978431fcc4f45b645ee1", Pages, 0) stage="restore_admission"
2026-09-09T08:56:02.050738Z DEBUG transparent_shard_server::prewarm: prewarm admission retry; sleeping 100ms
2026-09-09T08:56:02.152033Z DEBUG transparent_shard_server::runtime: runtime stage key=("27f56c565263ecffb8c7736d4e811665d81bf4ed71c7978431fcc4f45b645ee1", Pages, 0) seconds=1.415e-6 stage="restore_slot"
2026-09-09T08:56:02.152187Z DEBUG transparent_shard_server::memory: work memory admission denied current=5760708608 limit=7516192768 held=1073741824 requested=268435456
2026-09-09T08:56:02.152193Z DEBUG transparent_shard_server::runtime: runtime admission denied key=("27f56c565263ecffb8c7736d4e811665d81bf4ed71c7978431fcc4f45b645ee1", Pages, 0) stage="restore_admission"
2026-09-09T08:56:02.152199Z DEBUG transparent_shard_server::prewarm: prewarm admission retry; sleeping 100ms
2026-09-09T08:56:02.253438Z DEBUG transparent_shard_server::runtime: runtime stage key=("27f56c565263ecffb8c7736d4e811665d81bf4ed71c7978431fcc4f45b645ee1", Pages, 0) seconds=1.546e-6 stage="restore_slot"
2026-09-09T08:56:02.253546Z DEBUG transparent_shard_server::memory: work memory admission denied current=5767262208 limit=7516192768 held=1073741824 requested=268435456
2026-09-09T08:56:02.253552Z DEBUG transparent_shard_server::runtime: runtime admission denied key=("27f56c565263ecffb8c7736d4e811665d81bf4ed71c7978431fcc4f45b645ee1", Pages, 0) stage="restore_admission"
2026-09-09T08:56:02.253558Z DEBUG transparent_shard_server::prewarm: prewarm admission retry; sleeping 100ms
2026-09-09T08:56:02.354767Z DEBUG transparent_shard_server::runtime: runtime stage key=("27f56c565263ecffb8c7736d4e811665d81bf4ed71c7978431fcc4f45b645ee1", Pages, 0) seconds=1.275e-6 stage="restore_slot"
2026-09-09T08:56:02.354891Z DEBUG transparent_shard_server::memory: work memory admission denied current=5774077952 limit=7516192768 held=1073741824 requested=268435456
2026-09-09T08:56:02.354896Z DEBUG transparent_shard_server::runtime: runtime admission denied key=("27f56c565263ecffb8c7736d4e811665d81bf4ed71c7978431fcc4f45b645ee1", Pages, 0) stage="restore_admission"
2026-09-09T08:56:02.354902Z DEBUG transparent_shard_server::prewarm: prewarm admission retry; sleeping 100ms
2026-09-09T08:56:02.455110Z DEBUG transparent_shard_server::runtime: runtime stage key=("27f56c565263ecffb8c7736d4e811665d81bf4ed71c7978431fcc4f45b645ee1", Pages, 0) seconds=1.119e-6 stage="restore_slot"
2026-09-09T08:56:02.455233Z DEBUG transparent_shard_server::memory: work memory admission denied current=5780893696 limit=7516192768 held=1073741824 requested=268435456
2026-09-09T08:56:02.455241Z DEBUG transparent_shard_server::runtime: runtime admission denied key=("27f56c565263ecffb8c7736d4e811665d81bf4ed71c7978431fcc4f45b645ee1", Pages, 0) stage="restore_admission"
2026-09-09T08:56:02.455251Z DEBUG transparent_shard_server::prewarm: prewarm admission retry; sleeping 100ms
2026-09-09T08:56:02.556469Z DEBUG transparent_shard_server::runtime: runtime stage key=("27f56c565263ecffb8c7736d4e811665d81bf4ed71c7978431fcc4f45b645ee1", Pages, 0) seconds=1.299e-6 stage="restore_slot"
2026-09-09T08:56:02.556584Z DEBUG transparent_shard_server::memory: work memory admission denied current=5787185152 limit=7516192768 held=1073741824 requested=268435456
2026-09-09T08:56:02.556589Z DEBUG transparent_shard_server::runtime: runtime admission denied key=("27f56c565263ecffb8c7736d4e811665d81bf4ed71c7978431fcc4f45b645ee1", Pages, 0) stage="restore_admission"
2026-09-09T08:56:02.556594Z DEBUG transparent_shard_server::prewarm: prewarm admission retry; sleeping 100ms
2026-09-09T08:56:02.657830Z DEBUG transparent_shard_server::runtime: runtime stage key=("27f56c565263ecffb8c7736d4e811665d81bf4ed71c7978431fcc4f45b645ee1", Pages, 0) seconds=1.342e-6 stage="restore_slot"
2026-09-09T08:56:02.657944Z DEBUG transparent_shard_server::memory: work memory admission denied current=5794000896 limit=7516192768 held=1073741824 requested=268435456
2026-09-09T08:56:02.657950Z DEBUG transparent_shard_server::runtime: runtime admission denied key=("27f56c565263ecffb8c7736d4e811665d81bf4ed71c7978431fcc4f45b645ee1", Pages, 0) stage="restore_admission"
2026-09-09T08:56:02.657967Z DEBUG transparent_shard_server::prewarm: prewarm admission retry; sleeping 100ms
2026-09-09T08:56:02.758245Z DEBUG transparent_shard_server::runtime: runtime stage key=("27f56c565263ecffb8c7736d4e811665d81bf4ed71c7978431fcc4f45b645ee1", Pages, 0) seconds=1.419e-6 stage="restore_slot"
2026-09-09T08:56:02.758392Z DEBUG transparent_shard_server::memory: work memory admission denied current=5800816640 limit=7516192768 held=1073741824 requested=268435456
2026-09-09T08:56:02.758399Z DEBUG transparent_shard_server::runtime: runtime admission denied key=("27f56c565263ecffb8c7736d4e811665d81bf4ed71c7978431fcc4f45b645ee1", Pages, 0) stage="restore_admission"
2026-09-09T08:56:02.758405Z DEBUG transparent_shard_server::prewarm: prewarm admission retry; sleeping 100ms
2026-09-09T08:56:02.859636Z DEBUG transparent_shard_server::runtime: runtime stage key=("27f56c565263ecffb8c7736d4e811665d81bf4ed71c7978431fcc4f45b645ee1", Pages, 0) seconds=1.227e-6 stage="restore_slot"
2026-09-09T08:56:02.859745Z DEBUG transparent_shard_server::memory: work memory admission denied current=5807370240 limit=7516192768 held=1073741824 requested=268435456
2026-09-09T08:56:02.859751Z DEBUG transparent_shard_server::runtime: runtime admission denied key=("27f56c565263ecffb8c7736d4e811665d81bf4ed71c7978431fcc4f45b645ee1", Pages, 0) stage="restore_admission"
2026-09-09T08:56:02.859757Z DEBUG transparent_shard_server::prewarm: prewarm admission retry; sleeping 100ms
2026-09-09T08:56:02.961079Z DEBUG transparent_shard_server::runtime: runtime stage key=("27f56c565263ecffb8c7736d4e811665d81bf4ed71c7978431fcc4f45b645ee1", Pages, 0) seconds=1.316e-6 stage="restore_slot"
2026-09-09T08:56:02.961196Z DEBUG transparent_shard_server::memory: work memory admission denied current=5814185984 limit=7516192768 held=1073741824 requested=268435456
2026-09-09T08:56:02.961203Z DEBUG transparent_shard_server::runtime: runtime admission denied key=("27f56c565263ecffb8c7736d4e811665d81bf4ed71c7978431fcc4f45b645ee1", Pages, 0) stage="restore_admission"
2026-09-09T08:56:02.961209Z DEBUG transparent_shard_server::prewarm: prewarm admission retry; sleeping 100ms
2026-09-09T08:56:02.984701Z DEBUG transparent_shard_server::runtime: runtime stage key=("1cd27964911287b2a127c1f8df5e6b0c19f5b4db309391c5adb2db3072bfec6e", Directory, 0) seconds=4.443945209 stage="runtime_build"
2026-09-09T08:56:03.062414Z DEBUG transparent_shard_server::runtime: runtime stage key=("27f56c565263ecffb8c7736d4e811665d81bf4ed71c7978431fcc4f45b645ee1", Pages, 0) seconds=1.285e-6 stage="restore_slot"
2026-09-09T08:56:03.062513Z DEBUG transparent_shard_server::memory: work memory admission denied current=5833584640 limit=7516192768 held=1073741824 requested=268435456
2026-09-09T08:56:03.062518Z DEBUG transparent_shard_server::runtime: runtime admission denied key=("27f56c565263ecffb8c7736d4e811665d81bf4ed71c7978431fcc4f45b645ee1", Pages, 0) stage="restore_admission"
2026-09-09T08:56:03.062524Z DEBUG transparent_shard_server::prewarm: prewarm admission retry; sleeping 100ms
2026-09-09T08:56:03.163849Z DEBUG transparent_shard_server::runtime: runtime stage key=("27f56c565263ecffb8c7736d4e811665d81bf4ed71c7978431fcc4f45b645ee1", Pages, 0) seconds=1.268e-6 stage="restore_slot"
2026-09-09T08:56:03.163946Z DEBUG transparent_shard_server::memory: work memory admission denied current=5857439744 limit=7516192768 held=1073741824 requested=268435456
2026-09-09T08:56:03.163951Z DEBUG transparent_shard_server::runtime: runtime admission denied key=("27f56c565263ecffb8c7736d4e811665d81bf4ed71c7978431fcc4f45b645ee1", Pages, 0) stage="restore_admission"
2026-09-09T08:56:03.163956Z DEBUG transparent_shard_server::prewarm: prewarm admission retry; sleeping 100ms
2026-09-09T08:56:03.264349Z DEBUG transparent_shard_server::runtime: runtime stage key=("27f56c565263ecffb8c7736d4e811665d81bf4ed71c7978431fcc4f45b645ee1", Pages, 0) seconds=1.584e-6 stage="restore_slot"
2026-09-09T08:56:03.264449Z DEBUG transparent_shard_server::memory: work memory admission denied current=5883392000 limit=7516192768 held=1073741824 requested=268435456
2026-09-09T08:56:03.264462Z DEBUG transparent_shard_server::runtime: runtime admission denied key=("27f56c565263ecffb8c7736d4e811665d81bf4ed71c7978431fcc4f45b645ee1", Pages, 0) stage="restore_admission"
2026-09-09T08:56:03.264467Z DEBUG transparent_shard_server::prewarm: prewarm admission retry; sleeping 100ms
2026-09-09T08:56:03.365705Z DEBUG transparent_shard_server::runtime: runtime stage key=("27f56c565263ecffb8c7736d4e811665d81bf4ed71c7978431fcc4f45b645ee1", Pages, 0) seconds=1.517e-6 stage="restore_slot"
2026-09-09T08:56:03.365797Z DEBUG transparent_shard_server::memory: work memory admission denied current=5905125376 limit=7516192768 held=1073741824 requested=268435456
2026-09-09T08:56:03.365802Z DEBUG transparent_shard_server::runtime: runtime admission denied key=("27f56c565263ecffb8c7736d4e811665d81bf4ed71c7978431fcc4f45b645ee1", Pages, 0) stage="restore_admission"
2026-09-09T08:56:03.365807Z DEBUG transparent_shard_server::prewarm: prewarm admission retry; sleeping 100ms
2026-09-09T08:56:03.467032Z DEBUG transparent_shard_server::runtime: runtime stage key=("27f56c565263ecffb8c7736d4e811665d81bf4ed71c7978431fcc4f45b645ee1", Pages, 0) seconds=1.588e-6 stage="restore_slot"
2026-09-09T08:56:03.467124Z DEBUG transparent_shard_server::memory: work memory admission denied current=5905387520 limit=7516192768 held=1073741824 requested=268435456
2026-09-09T08:56:03.467130Z DEBUG transparent_shard_server::runtime: runtime admission denied key=("27f56c565263ecffb8c7736d4e811665d81bf4ed71c7978431fcc4f45b645ee1", Pages, 0) stage="restore_admission"
2026-09-09T08:56:03.467136Z DEBUG transparent_shard_server::prewarm: prewarm admission retry; sleeping 100ms
2026-09-09T08:56:03.568360Z DEBUG transparent_shard_server::runtime: runtime stage key=("27f56c565263ecffb8c7736d4e811665d81bf4ed71c7978431fcc4f45b645ee1", Pages, 0) seconds=1.507e-6 stage="restore_slot"
2026-09-09T08:56:03.568444Z DEBUG transparent_shard_server::memory: work memory admission denied current=5905440768 limit=7516192768 held=1073741824 requested=268435456
2026-09-09T08:56:03.568450Z DEBUG transparent_shard_server::runtime: runtime admission denied key=("27f56c565263ecffb8c7736d4e811665d81bf4ed71c7978431fcc4f45b645ee1", Pages, 0) stage="restore_admission"
2026-09-09T08:56:03.568456Z DEBUG transparent_shard_server::prewarm: prewarm admission retry; sleeping 100ms
2026-09-09T08:56:03.669771Z DEBUG transparent_shard_server::runtime: runtime stage key=("27f56c565263ecffb8c7736d4e811665d81bf4ed71c7978431fcc4f45b645ee1", Pages, 0) seconds=1.623e-6 stage="restore_slot"
2026-09-09T08:56:03.669857Z DEBUG transparent_shard_server::memory: work memory admission denied current=5905330176 limit=7516192768 held=1073741824 requested=268435456
2026-09-09T08:56:03.669864Z DEBUG transparent_shard_server::runtime: runtime admission denied key=("27f56c565263ecffb8c7736d4e811665d81bf4ed71c7978431fcc4f45b645ee1", Pages, 0) stage="restore_admission"
2026-09-09T08:56:03.669870Z DEBUG transparent_shard_server::prewarm: prewarm admission retry; sleeping 100ms
2026-09-09T08:56:03.704545Z DEBUG transparent_shard_server::runtime: runtime stage key=("1cd27964911287b2a127c1f8df5e6b0c19f5b4db309391c5adb2db3072bfec6e", Directory, 0) seconds=0.719808858 stage="disk_save"
2026-09-09T08:56:03.704612Z DEBUG transparent_shard_server::runtime: runtime stage key=("27f56c565263ecffb8c7736d4e811665d81bf4ed71c7978431fcc4f45b645ee1", Directory, 0) seconds=5.384412994 stage="build_slot"
2026-09-09T08:56:03.704675Z DEBUG transparent_shard_server::runtime: runtime stage key=("ced665ae1f1140944bcd0c9aa2b83c1019df768df87fa513f9509106fc5b88c1", Directory, 0) seconds=1.017e-6 stage="restore_slot"
2026-09-09T08:56:03.704689Z DEBUG transparent_shard_server::memory: work memory admission denied current=5904801792 limit=7516192768 held=536870912 requested=536870912
2026-09-09T08:56:03.705204Z DEBUG transparent_shard_server::runtime: runtime stage key=("ced665ae1f1140944bcd0c9aa2b83c1019df768df87fa513f9509106fc5b88c1", Directory, 0) seconds=3.308e-5 hit=false stage="disk_restore"
2026-09-09T08:56:03.770917Z DEBUG transparent_shard_server::runtime: runtime stage key=("27f56c565263ecffb8c7736d4e811665d81bf4ed71c7978431fcc4f45b645ee1", Pages, 0) seconds=1.435e-6 stage="restore_slot"
2026-09-09T08:56:03.771095Z DEBUG transparent_shard_server::runtime: runtime stage key=("27f56c565263ecffb8c7736d4e811665d81bf4ed71c7978431fcc4f45b645ee1", Pages, 0) seconds=3.9788e-5 hit=false stage="disk_restore"
2026-09-09T08:56:03.805382Z DEBUG transparent_shard_server::memory: work memory admission denied current=5905346560 limit=7516192768 held=536870912 requested=536870912
2026-09-09T08:56:03.869467Z DEBUG transparent_shard_server::runtime: runtime stage key=("1cd27964911287b2a127c1f8df5e6b0c19f5b4db309391c5adb2db3072bfec6e", Pages, 0) seconds=4.345988735 stage="runtime_build"
2026-09-09T08:56:03.906672Z DEBUG transparent_shard_server::memory: work memory admission denied current=5905506304 limit=7516192768 held=536870912 requested=536870912
2026-09-09T08:56:04.007982Z DEBUG transparent_shard_server::memory: work memory admission denied current=5905723392 limit=7516192768 held=536870912 requested=536870912
2026-09-09T08:56:04.108238Z DEBUG transparent_shard_server::memory: work memory admission denied current=5905580032 limit=7516192768 held=536870912 requested=536870912
2026-09-09T08:56:04.209553Z DEBUG transparent_shard_server::memory: work memory admission denied current=5905571840 limit=7516192768 held=536870912 requested=536870912
2026-09-09T08:56:04.310875Z DEBUG transparent_shard_server::memory: work memory admission denied current=5905166336 limit=7516192768 held=536870912 requested=536870912
2026-09-09T08:56:04.412154Z DEBUG transparent_shard_server::memory: work memory admission denied current=5905735680 limit=7516192768 held=536870912 requested=536870912
2026-09-09T08:56:04.513459Z DEBUG transparent_shard_server::memory: work memory admission denied current=5905244160 limit=7516192768 held=536870912 requested=536870912
2026-09-09T08:56:04.609389Z DEBUG transparent_shard_server::runtime: runtime stage key=("1cd27964911287b2a127c1f8df5e6b0c19f5b4db309391c5adb2db3072bfec6e", Pages, 0) seconds=0.739887627 stage="disk_save"
2026-09-09T08:56:04.609466Z DEBUG transparent_shard_server::runtime: runtime stage key=("ced665ae1f1140944bcd0c9aa2b83c1019df768df87fa513f9509106fc5b88c1", Directory, 0) seconds=0.90421068 stage="build_slot"
2026-09-09T08:56:04.609497Z DEBUG transparent_shard_server::runtime: runtime stage key=("ced665ae1f1140944bcd0c9aa2b83c1019df768df87fa513f9509106fc5b88c1", Pages, 0) seconds=6.16e-7 stage="restore_slot"
2026-09-09T08:56:04.609630Z DEBUG transparent_shard_server::runtime: runtime stage key=("ced665ae1f1140944bcd0c9aa2b83c1019df768df87fa513f9509106fc5b88c1", Pages, 0) seconds=4.0693e-5 hit=false stage="disk_restore"
2026-09-09T08:56:04.614784Z DEBUG transparent_shard_server::memory: cold build admission wait seconds=0.910153313 admitted=true
2026-09-09T08:56:04.614833Z DEBUG transparent_shard_server::memory: work memory admission denied current=5904994304 limit=7516192768 held=536870912 requested=536870912
2026-09-09T08:56:04.716144Z DEBUG transparent_shard_server::memory: work memory admission denied current=5904994304 limit=7516192768 held=536870912 requested=536870912
2026-09-09T08:56:04.735616Z DEBUG transparent_shard_server::runtime: runtime stage key=("27f56c565263ecffb8c7736d4e811665d81bf4ed71c7978431fcc4f45b645ee1", Directory, 0) seconds=0.120747179 stage="source_load"
2026-09-09T08:56:04.817519Z DEBUG transparent_shard_server::memory: work memory admission denied current=5904994304 limit=7516192768 held=536870912 requested=536870912
2026-09-09T08:56:04.918846Z DEBUG transparent_shard_server::memory: work memory admission denied current=5904994304 limit=7516192768 held=536870912 requested=536870912
2026-09-09T08:56:05.019272Z DEBUG transparent_shard_server::memory: work memory admission denied current=5904994304 limit=7516192768 held=536870912 requested=536870912
2026-09-09T08:56:05.120376Z DEBUG transparent_shard_server::memory: work memory admission denied current=5904994304 limit=7516192768 held=536870912 requested=536870912
2026-09-09T08:56:05.221720Z DEBUG transparent_shard_server::memory: work memory admission denied current=5904994304 limit=7516192768 held=536870912 requested=536870912
2026-09-09T08:56:05.323010Z DEBUG transparent_shard_server::memory: work memory admission denied current=5904994304 limit=7516192768 held=536870912 requested=536870912
2026-09-09T08:56:05.424312Z DEBUG transparent_shard_server::memory: work memory admission denied current=5904994304 limit=7516192768 held=536870912 requested=536870912
2026-09-09T08:56:05.525598Z DEBUG transparent_shard_server::memory: work memory admission denied current=5904920576 limit=7516192768 held=536870912 requested=536870912
2026-09-09T08:56:05.627012Z DEBUG transparent_shard_server::memory: work memory admission denied current=5904920576 limit=7516192768 held=536870912 requested=536870912
2026-09-09T08:56:05.728426Z DEBUG transparent_shard_server::memory: work memory admission denied current=5904920576 limit=7516192768 held=536870912 requested=536870912
2026-09-09T08:56:05.829762Z DEBUG transparent_shard_server::memory: work memory admission denied current=5904920576 limit=7516192768 held=536870912 requested=536870912
2026-09-09T08:56:05.931199Z DEBUG transparent_shard_server::memory: work memory admission denied current=5904920576 limit=7516192768 held=536870912 requested=536870912
2026-09-09T08:56:06.032672Z DEBUG transparent_shard_server::memory: work memory admission denied current=5904920576 limit=7516192768 held=536870912 requested=536870912
2026-09-09T08:56:06.134175Z DEBUG transparent_shard_server::memory: work memory admission denied current=5904920576 limit=7516192768 held=536870912 requested=536870912
2026-09-09T08:56:06.235600Z DEBUG transparent_shard_server::memory: work memory admission denied current=5904920576 limit=7516192768 held=536870912 requested=536870912
2026-09-09T08:56:06.336330Z DEBUG transparent_shard_server::memory: work memory admission denied current=5905518592 limit=7516192768 held=536870912 requested=536870912
2026-09-09T08:56:06.437617Z DEBUG transparent_shard_server::memory: work memory admission denied current=5871509504 limit=7516192768 held=536870912 requested=536870912
2026-09-09T08:56:06.538928Z DEBUG transparent_shard_server::memory: work memory admission denied current=5838172160 limit=7516192768 held=536870912 requested=536870912
2026-09-09T08:56:06.639270Z DEBUG transparent_shard_server::memory: work memory admission denied current=5905285120 limit=7516192768 held=536870912 requested=536870912
2026-09-09T08:56:06.740718Z DEBUG transparent_shard_server::memory: work memory admission denied current=5905571840 limit=7516192768 held=536870912 requested=536870912
2026-09-09T08:56:06.842131Z DEBUG transparent_shard_server::memory: work memory admission denied current=5905330176 limit=7516192768 held=536870912 requested=536870912
2026-09-09T08:56:06.943508Z DEBUG transparent_shard_server::memory: work memory admission denied current=5905096704 limit=7516192768 held=536870912 requested=536870912
2026-09-09T08:56:07.044816Z DEBUG transparent_shard_server::memory: work memory admission denied current=5905121280 limit=7516192768 held=536870912 requested=536870912
2026-09-09T08:56:07.145255Z DEBUG transparent_shard_server::memory: work memory admission denied current=5905145856 limit=7516192768 held=536870912 requested=536870912
2026-09-09T08:56:07.246588Z DEBUG transparent_shard_server::memory: work memory admission denied current=5905432576 limit=7516192768 held=536870912 requested=536870912
2026-09-09T08:56:07.347988Z DEBUG transparent_shard_server::memory: work memory admission denied current=5905457152 limit=7516192768 held=536870912 requested=536870912
2026-09-09T08:56:07.448443Z DEBUG transparent_shard_server::memory: work memory admission denied current=5905485824 limit=7516192768 held=536870912 requested=536870912
2026-09-09T08:56:07.549818Z DEBUG transparent_shard_server::memory: work memory admission denied current=5905252352 limit=7516192768 held=536870912 requested=536870912
2026-09-09T08:56:07.651198Z DEBUG transparent_shard_server::memory: work memory admission denied current=5905539072 limit=7516192768 held=536870912 requested=536870912
2026-09-09T08:56:07.752769Z DEBUG transparent_shard_server::memory: work memory admission denied current=5905563648 limit=7516192768 held=536870912 requested=536870912
2026-09-09T08:56:07.854288Z DEBUG transparent_shard_server::memory: work memory admission denied current=5905072128 limit=7516192768 held=536870912 requested=536870912
2026-09-09T08:56:07.955660Z DEBUG transparent_shard_server::memory: work memory admission denied current=5905096704 limit=7516192768 held=536870912 requested=536870912
2026-09-09T08:56:08.057004Z DEBUG transparent_shard_server::memory: work memory admission denied current=5905121280 limit=7516192768 held=536870912 requested=536870912
2026-09-09T08:56:08.158465Z DEBUG transparent_shard_server::memory: work memory admission denied current=5905408000 limit=7516192768 held=536870912 requested=536870912
2026-09-09T08:56:08.259935Z DEBUG transparent_shard_server::memory: work memory admission denied current=5905432576 limit=7516192768 held=536870912 requested=536870912
2026-09-09T08:56:08.360403Z DEBUG transparent_shard_server::memory: work memory admission denied current=5905457152 limit=7516192768 held=536870912 requested=536870912
2026-09-09T08:56:08.461860Z DEBUG transparent_shard_server::memory: work memory admission denied current=5905223680 limit=7516192768 held=536870912 requested=536870912
2026-09-09T08:56:08.562339Z DEBUG transparent_shard_server::memory: work memory admission denied current=5905248256 limit=7516192768 held=536870912 requested=536870912
2026-09-09T08:56:08.663726Z DEBUG transparent_shard_server::memory: work memory admission denied current=5905272832 limit=7516192768 held=536870912 requested=536870912
2026-09-09T08:56:08.674032Z DEBUG transparent_shard_server::runtime: runtime stage key=("27f56c565263ecffb8c7736d4e811665d81bf4ed71c7978431fcc4f45b645ee1", Directory, 0) seconds=3.938383013 stage="runtime_build"
2026-09-09T08:56:08.765022Z DEBUG transparent_shard_server::memory: work memory admission denied current=5904941056 limit=7516192768 held=536870912 requested=536870912
2026-09-09T08:56:08.866397Z DEBUG transparent_shard_server::memory: work memory admission denied current=5905248256 limit=7516192768 held=536870912 requested=536870912
2026-09-09T08:56:08.967733Z DEBUG transparent_shard_server::memory: work memory admission denied current=5905289216 limit=7516192768 held=536870912 requested=536870912
2026-09-09T08:56:09.069138Z DEBUG transparent_shard_server::memory: work memory admission denied current=5905125376 limit=7516192768 held=536870912 requested=536870912
2026-09-09T08:56:09.170517Z DEBUG transparent_shard_server::memory: work memory admission denied current=5905121280 limit=7516192768 held=536870912 requested=536870912
2026-09-09T08:56:09.271854Z DEBUG transparent_shard_server::memory: work memory admission denied current=5905170432 limit=7516192768 held=536870912 requested=536870912
2026-09-09T08:56:09.372271Z DEBUG transparent_shard_server::memory: work memory admission denied current=5905174528 limit=7516192768 held=536870912 requested=536870912
2026-09-09T08:56:09.408787Z DEBUG transparent_shard_server::runtime: runtime stage key=("27f56c565263ecffb8c7736d4e811665d81bf4ed71c7978431fcc4f45b645ee1", Directory, 0) seconds=0.73471941 stage="disk_save"
2026-09-09T08:56:09.408858Z DEBUG transparent_shard_server::runtime: runtime stage key=("27f56c565263ecffb8c7736d4e811665d81bf4ed71c7978431fcc4f45b645ee1", Pages, 0) seconds=5.637715616 stage="build_slot"
2026-09-09T08:56:09.408896Z DEBUG transparent_shard_server::runtime: runtime stage key=("2d4497bf9e8bafc6139ee4e57114238a7ecfa0782702939922bf2a79b1fe05bf", Directory, 0) seconds=8.77e-7 stage="restore_slot"
2026-09-09T08:56:09.409018Z DEBUG transparent_shard_server::runtime: runtime stage key=("2d4497bf9e8bafc6139ee4e57114238a7ecfa0782702939922bf2a79b1fe05bf", Directory, 0) seconds=2.7466e-5 hit=false stage="disk_restore"
2026-09-09T08:56:09.473338Z DEBUG transparent_shard_server::memory: cold build admission wait seconds=4.863851152 admitted=true
2026-09-09T08:56:09.473414Z DEBUG transparent_shard_server::memory: work memory admission denied current=5905436672 limit=7516192768 held=536870912 requested=536870912
2026-09-09T08:56:09.574781Z DEBUG transparent_shard_server::memory: work memory admission denied current=5904801792 limit=7516192768 held=536870912 requested=536870912
2026-09-09T08:56:09.593370Z DEBUG transparent_shard_server::runtime: runtime stage key=("ced665ae1f1140944bcd0c9aa2b83c1019df768df87fa513f9509106fc5b88c1", Directory, 0) seconds=0.119941255 stage="source_load"
2026-09-09T08:56:09.676181Z DEBUG transparent_shard_server::memory: work memory admission denied current=5904801792 limit=7516192768 held=536870912 requested=536870912
2026-09-09T08:56:09.777653Z DEBUG transparent_shard_server::memory: work memory admission denied current=5904769024 limit=7516192768 held=536870912 requested=536870912
2026-09-09T08:56:09.879110Z DEBUG transparent_shard_server::memory: work memory admission denied current=5904769024 limit=7516192768 held=536870912 requested=536870912
2026-09-09T08:56:09.980368Z DEBUG transparent_shard_server::memory: work memory admission denied current=5904769024 limit=7516192768 held=536870912 requested=536870912
2026-09-09T08:56:10.081695Z DEBUG transparent_shard_server::memory: work memory admission denied current=5904769024 limit=7516192768 held=536870912 requested=536870912
2026-09-09T08:56:10.183016Z DEBUG transparent_shard_server::memory: work memory admission denied current=5904769024 limit=7516192768 held=536870912 requested=536870912
2026-09-09T08:56:10.284282Z DEBUG transparent_shard_server::memory: work memory admission denied current=5904769024 limit=7516192768 held=536870912 requested=536870912
2026-09-09T08:56:10.385606Z DEBUG transparent_shard_server::memory: work memory admission denied current=5904769024 limit=7516192768 held=536870912 requested=536870912
2026-09-09T08:56:10.486958Z DEBUG transparent_shard_server::memory: work memory admission denied current=5904769024 limit=7516192768 held=536870912 requested=536870912
2026-09-09T08:56:10.587439Z DEBUG transparent_shard_server::memory: work memory admission denied current=5904769024 limit=7516192768 held=536870912 requested=536870912
2026-09-09T08:56:10.688903Z DEBUG transparent_shard_server::memory: work memory admission denied current=5904769024 limit=7516192768 held=536870912 requested=536870912
2026-09-09T08:56:10.789330Z DEBUG transparent_shard_server::memory: work memory admission denied current=5904769024 limit=7516192768 held=536870912 requested=536870912
2026-09-09T08:56:10.890715Z DEBUG transparent_shard_server::memory: work memory admission denied current=5904769024 limit=7516192768 held=536870912 requested=536870912
2026-09-09T08:56:10.992138Z DEBUG transparent_shard_server::memory: work memory admission denied current=5904769024 limit=7516192768 held=536870912 requested=536870912
2026-09-09T08:56:11.093582Z DEBUG transparent_shard_server::memory: work memory admission denied current=5904769024 limit=7516192768 held=536870912 requested=536870912
2026-09-09T08:56:11.197316Z DEBUG transparent_shard_server::memory: work memory admission denied current=5904769024 limit=7516192768 held=536870912 requested=536870912
2026-09-09T08:56:11.298673Z DEBUG transparent_shard_server::memory: work memory admission denied current=5905252352 limit=7516192768 held=536870912 requested=536870912
2026-09-09T08:56:11.402320Z DEBUG transparent_shard_server::memory: work memory admission denied current=5871685632 limit=7516192768 held=536870912 requested=536870912
2026-09-09T08:56:11.503698Z DEBUG transparent_shard_server::memory: work memory admission denied current=5905412096 limit=7516192768 held=536870912 requested=536870912
2026-09-09T08:56:11.605211Z DEBUG transparent_shard_server::memory: work memory admission denied current=5905313792 limit=7516192768 held=536870912 requested=536870912
2026-09-09T08:56:11.706581Z DEBUG transparent_shard_server::memory: work memory admission denied current=5905403904 limit=7516192768 held=536870912 requested=536870912
2026-09-09T08:56:11.808094Z DEBUG transparent_shard_server::memory: work memory admission denied current=5905170432 limit=7516192768 held=536870912 requested=536870912
2026-09-09T08:56:11.909505Z DEBUG transparent_shard_server::memory: work memory admission denied current=5905195008 limit=7516192768 held=536870912 requested=536870912
2026-09-09T08:56:12.010894Z DEBUG transparent_shard_server::memory: work memory admission denied current=5905219584 limit=7516192768 held=536870912 requested=536870912
2026-09-09T08:56:12.111246Z DEBUG transparent_shard_server::memory: work memory admission denied current=5905244160 limit=7516192768 held=536870912 requested=536870912
2026-09-09T08:56:12.212586Z DEBUG transparent_shard_server::memory: work memory admission denied current=5905268736 limit=7516192768 held=536870912 requested=536870912
2026-09-09T08:56:12.314053Z DEBUG transparent_shard_server::memory: work memory admission denied current=5905555456 limit=7516192768 held=536870912 requested=536870912
2026-09-09T08:56:12.415423Z DEBUG transparent_shard_server::memory: work memory admission denied current=5905580032 limit=7516192768 held=536870912 requested=536870912
2026-09-09T08:56:12.516794Z DEBUG transparent_shard_server::memory: work memory admission denied current=5905088512 limit=7516192768 held=536870912 requested=536870912
2026-09-09T08:56:12.618290Z DEBUG transparent_shard_server::memory: work memory admission denied current=5905375232 limit=7516192768 held=536870912 requested=536870912
2026-09-09T08:56:12.719619Z DEBUG transparent_shard_server::memory: work memory admission denied current=5905399808 limit=7516192768 held=536870912 requested=536870912
2026-09-09T08:56:12.820966Z DEBUG transparent_shard_server::memory: work memory admission denied current=5905424384 limit=7516192768 held=536870912 requested=536870912
2026-09-09T08:56:12.921335Z DEBUG transparent_shard_server::memory: work memory admission denied current=5905448960 limit=7516192768 held=536870912 requested=536870912
2026-09-09T08:56:13.022668Z DEBUG transparent_shard_server::memory: work memory admission denied current=5905215488 limit=7516192768 held=536870912 requested=536870912
2026-09-09T08:56:13.124050Z DEBUG transparent_shard_server::memory: work memory admission denied current=5905240064 limit=7516192768 held=536870912 requested=536870912
2026-09-09T08:56:13.225418Z DEBUG transparent_shard_server::memory: work memory admission denied current=5905526784 limit=7516192768 held=536870912 requested=536870912
2026-09-09T08:56:13.326764Z DEBUG transparent_shard_server::memory: work memory admission denied current=5905813504 limit=7516192768 held=536870912 requested=536870912
2026-09-09T08:56:13.428216Z DEBUG transparent_shard_server::memory: work memory admission denied current=5905358848 limit=7516192768 held=536870912 requested=536870912
2026-09-09T08:56:13.529539Z DEBUG transparent_shard_server::memory: work memory admission denied current=5905391616 limit=7516192768 held=536870912 requested=536870912
2026-09-09T08:56:13.562585Z DEBUG transparent_shard_server::runtime: runtime stage key=("ced665ae1f1140944bcd0c9aa2b83c1019df768df87fa513f9509106fc5b88c1", Directory, 0) seconds=3.969168133 stage="runtime_build"
2026-09-09T08:56:13.630825Z DEBUG transparent_shard_server::memory: work memory admission denied current=5905305600 limit=7516192768 held=536870912 requested=536870912
2026-09-09T08:56:13.731209Z DEBUG transparent_shard_server::memory: work memory admission denied current=5905133568 limit=7516192768 held=536870912 requested=536870912
2026-09-09T08:56:13.832562Z DEBUG transparent_shard_server::memory: work memory admission denied current=5905432576 limit=7516192768 held=536870912 requested=536870912
2026-09-09T08:56:13.933872Z DEBUG transparent_shard_server::memory: work memory admission denied current=5905473536 limit=7516192768 held=536870912 requested=536870912
2026-09-09T08:56:14.034231Z DEBUG transparent_shard_server::memory: work memory admission denied current=5905522688 limit=7516192768 held=536870912 requested=536870912
2026-09-09T08:56:14.135571Z DEBUG transparent_shard_server::memory: work memory admission denied current=5905330176 limit=7516192768 held=536870912 requested=536870912
2026-09-09T08:56:14.236992Z DEBUG transparent_shard_server::memory: work memory admission denied current=5905338368 limit=7516192768 held=536870912 requested=536870912
2026-09-09T08:56:14.292812Z DEBUG transparent_shard_server::runtime: runtime stage key=("ced665ae1f1140944bcd0c9aa2b83c1019df768df87fa513f9509106fc5b88c1", Directory, 0) seconds=0.730191951 stage="disk_save"
2026-09-09T08:56:14.292868Z DEBUG transparent_shard_server::runtime: runtime stage key=("ced665ae1f1140944bcd0c9aa2b83c1019df768df87fa513f9509106fc5b88c1", Pages, 0) seconds=9.683200235 stage="build_slot"
2026-09-09T08:56:14.292898Z DEBUG transparent_shard_server::runtime: runtime stage key=("2d4497bf9e8bafc6139ee4e57114238a7ecfa0782702939922bf2a79b1fe05bf", Pages, 0) seconds=4.34e-7 stage="restore_slot"
2026-09-09T08:56:14.293059Z DEBUG transparent_shard_server::runtime: runtime stage key=("2d4497bf9e8bafc6139ee4e57114238a7ecfa0782702939922bf2a79b1fe05bf", Pages, 0) seconds=5.2943e-5 hit=false stage="disk_restore"
2026-09-09T08:56:14.337329Z DEBUG transparent_shard_server::memory: cold build admission wait seconds=4.928450794 admitted=true
2026-09-09T08:56:14.337397Z DEBUG transparent_shard_server::memory: work memory admission denied current=5905076224 limit=7516192768 held=536870912 requested=536870912
2026-09-09T08:56:14.438731Z DEBUG transparent_shard_server::memory: work memory admission denied current=5905338368 limit=7516192768 held=536870912 requested=536870912
2026-09-09T08:56:14.456508Z DEBUG transparent_shard_server::runtime: runtime stage key=("27f56c565263ecffb8c7736d4e811665d81bf4ed71c7978431fcc4f45b645ee1", Pages, 0) seconds=0.119104347 stage="source_load"
2026-09-09T08:56:14.540001Z DEBUG transparent_shard_server::memory: work memory admission denied current=5905338368 limit=7516192768 held=536870912 requested=536870912
2026-09-09T08:56:14.641391Z DEBUG transparent_shard_server::memory: work memory admission denied current=5905338368 limit=7516192768 held=536870912 requested=536870912
2026-09-09T08:56:14.742760Z DEBUG transparent_shard_server::memory: work memory admission denied current=5905330176 limit=7516192768 held=536870912 requested=536870912
2026-09-09T08:56:14.843336Z DEBUG transparent_shard_server::memory: work memory admission denied current=5905330176 limit=7516192768 held=536870912 requested=536870912
2026-09-09T08:56:14.944629Z DEBUG transparent_shard_server::memory: work memory admission denied current=5905330176 limit=7516192768 held=536870912 requested=536870912
2026-09-09T08:56:15.045926Z DEBUG transparent_shard_server::memory: work memory admission denied current=5905330176 limit=7516192768 held=536870912 requested=536870912
2026-09-09T08:56:15.146259Z DEBUG transparent_shard_server::memory: work memory admission denied current=5905330176 limit=7516192768 held=536870912 requested=536870912
2026-09-09T08:56:15.247595Z DEBUG transparent_shard_server::memory: work memory admission denied current=5905330176 limit=7516192768 held=536870912 requested=536870912
2026-09-09T08:56:15.349006Z DEBUG transparent_shard_server::memory: work memory admission denied current=5905248256 limit=7516192768 held=536870912 requested=536870912
2026-09-09T08:56:15.450370Z DEBUG transparent_shard_server::memory: work memory admission denied current=5905010688 limit=7516192768 held=536870912 requested=536870912
2026-09-09T08:56:15.551690Z DEBUG transparent_shard_server::memory: work memory admission denied current=5905010688 limit=7516192768 held=536870912 requested=536870912
2026-09-09T08:56:15.653083Z DEBUG transparent_shard_server::memory: work memory admission denied current=5905010688 limit=7516192768 held=536870912 requested=536870912
2026-09-09T08:56:15.754451Z DEBUG transparent_shard_server::memory: work memory admission denied current=5905010688 limit=7516192768 held=536870912 requested=536870912
2026-09-09T08:56:15.855809Z DEBUG transparent_shard_server::memory: work memory admission denied current=5905010688 limit=7516192768 held=536870912 requested=536870912
2026-09-09T08:56:15.957195Z DEBUG transparent_shard_server::memory: work memory admission denied current=5905010688 limit=7516192768 held=536870912 requested=536870912
2026-09-09T08:56:16.061304Z DEBUG transparent_shard_server::memory: work memory admission denied current=5905547264 limit=7516192768 held=536870912 requested=536870912
2026-09-09T08:56:16.162601Z DEBUG transparent_shard_server::memory: work memory admission denied current=5871550464 limit=7516192768 held=536870912 requested=536870912
2026-09-09T08:56:16.263914Z DEBUG transparent_shard_server::memory: work memory admission denied current=5871742976 limit=7516192768 held=536870912 requested=536870912
2026-09-09T08:56:16.364283Z DEBUG transparent_shard_server::memory: work memory admission denied current=5838970880 limit=7516192768 held=536870912 requested=536870912
2026-09-09T08:56:16.465653Z DEBUG transparent_shard_server::memory: work memory admission denied current=5874622464 limit=7516192768 held=536870912 requested=536870912
2026-09-09T08:56:16.567082Z DEBUG transparent_shard_server::memory: work memory admission denied current=5878030336 limit=7516192768 held=536870912 requested=536870912
2026-09-09T08:56:16.668446Z DEBUG transparent_shard_server::memory: work memory admission denied current=5881438208 limit=7516192768 held=536870912 requested=536870912
test burst::publication_burst_under_exact_load has been running for over 60 seconds
2026-09-09T08:56:16.769895Z DEBUG transparent_shard_server::memory: work memory admission denied current=5884846080 limit=7516192768 held=536870912 requested=536870912
2026-09-09T08:56:16.870393Z DEBUG transparent_shard_server::memory: work memory admission denied current=5887991808 limit=7516192768 held=536870912 requested=536870912
2026-09-09T08:56:16.971670Z DEBUG transparent_shard_server::memory: work memory admission denied current=5891661824 limit=7516192768 held=536870912 requested=536870912
2026-09-09T08:56:17.073101Z DEBUG transparent_shard_server::memory: work memory admission denied current=5894807552 limit=7516192768 held=536870912 requested=536870912
2026-09-09T08:56:17.174465Z DEBUG transparent_shard_server::memory: work memory admission denied current=5898215424 limit=7516192768 held=536870912 requested=536870912
2026-09-09T08:56:17.275861Z DEBUG transparent_shard_server::memory: work memory admission denied current=5901623296 limit=7516192768 held=536870912 requested=536870912
2026-09-09T08:56:17.376286Z DEBUG transparent_shard_server::memory: work memory admission denied current=5905031168 limit=7516192768 held=536870912 requested=536870912
2026-09-09T08:56:17.477612Z DEBUG transparent_shard_server::memory: work memory admission denied current=5905317888 limit=7516192768 held=536870912 requested=536870912
2026-09-09T08:56:17.579006Z DEBUG transparent_shard_server::memory: work memory admission denied current=5905416192 limit=7516192768 held=536870912 requested=536870912
2026-09-09T08:56:17.680403Z DEBUG transparent_shard_server::memory: work memory admission denied current=5905440768 limit=7516192768 held=536870912 requested=536870912
2026-09-09T08:56:17.781961Z DEBUG transparent_shard_server::memory: work memory admission denied current=5904805888 limit=7516192768 held=536870912 requested=536870912
2026-09-09T08:56:17.882536Z DEBUG transparent_shard_server::memory: work memory admission denied current=5904814080 limit=7516192768 held=536870912 requested=536870912
2026-09-09T08:56:17.983868Z DEBUG transparent_shard_server::memory: work memory admission denied current=5905354752 limit=7516192768 held=536870912 requested=536870912
2026-09-09T08:56:18.084289Z DEBUG transparent_shard_server::memory: work memory admission denied current=5905379328 limit=7516192768 held=536870912 requested=536870912
2026-09-09T08:56:18.185675Z DEBUG transparent_shard_server::memory: work memory admission denied current=5905403904 limit=7516192768 held=536870912 requested=536870912
2026-09-09T08:56:18.287094Z DEBUG transparent_shard_server::memory: work memory admission denied current=5905428480 limit=7516192768 held=536870912 requested=536870912
2026-09-09T08:56:18.388504Z DEBUG transparent_shard_server::memory: work memory admission denied current=5905514496 limit=7516192768 held=536870912 requested=536870912
2026-09-09T08:56:18.413189Z DEBUG transparent_shard_server::runtime: runtime stage key=("27f56c565263ecffb8c7736d4e811665d81bf4ed71c7978431fcc4f45b645ee1", Pages, 0) seconds=3.956652413 stage="runtime_build"
2026-09-09T08:56:18.489847Z DEBUG transparent_shard_server::memory: work memory admission denied current=5886836736 limit=7516192768 held=536870912 requested=536870912
2026-09-09T08:56:18.591222Z DEBUG transparent_shard_server::memory: work memory admission denied current=5905190912 limit=7516192768 held=536870912 requested=536870912
2026-09-09T08:56:18.692550Z DEBUG transparent_shard_server::memory: work memory admission denied current=5905252352 limit=7516192768 held=536870912 requested=536870912
2026-09-09T08:56:18.793923Z DEBUG transparent_shard_server::memory: work memory admission denied current=5905297408 limit=7516192768 held=536870912 requested=536870912
2026-09-09T08:56:18.894338Z DEBUG transparent_shard_server::memory: work memory admission denied current=5905076224 limit=7516192768 held=536870912 requested=536870912
2026-09-09T08:56:18.995741Z DEBUG transparent_shard_server::memory: work memory admission denied current=5905924096 limit=7516192768 held=536870912 requested=536870912
2026-09-09T08:56:19.097239Z DEBUG transparent_shard_server::memory: work memory admission denied current=5905149952 limit=7516192768 held=536870912 requested=536870912
2026-09-09T08:56:19.144479Z DEBUG transparent_shard_server::runtime: runtime stage key=("27f56c565263ecffb8c7736d4e811665d81bf4ed71c7978431fcc4f45b645ee1", Pages, 0) seconds=0.731236318 stage="disk_save"
2026-09-09T08:56:19.144561Z DEBUG transparent_shard_server::runtime: runtime stage key=("2d4497bf9e8bafc6139ee4e57114238a7ecfa0782702939922bf2a79b1fe05bf", Directory, 0) seconds=9.73551459 stage="build_slot"
2026-09-09T08:56:19.144584Z DEBUG transparent_shard_server::runtime: runtime stage key=("a4bd72b37c0aafb265c77bb09cbc402cf69b65a87a1fabc8a0f12614b35469be", Directory, 0) seconds=5.59e-7 stage="restore_slot"
2026-09-09T08:56:19.144708Z DEBUG transparent_shard_server::runtime: runtime stage key=("a4bd72b37c0aafb265c77bb09cbc402cf69b65a87a1fabc8a0f12614b35469be", Directory, 0) seconds=4.179e-5 hit=false stage="disk_restore"
2026-09-09T08:56:19.199034Z DEBUG transparent_shard_server::memory: cold build admission wait seconds=4.906145992 admitted=true
2026-09-09T08:56:19.199116Z DEBUG transparent_shard_server::memory: work memory admission denied current=5905358848 limit=7516192768 held=536870912 requested=536870912
2026-09-09T08:56:19.300499Z DEBUG transparent_shard_server::memory: work memory admission denied current=5905358848 limit=7516192768 held=536870912 requested=536870912
2026-09-09T08:56:19.320245Z DEBUG transparent_shard_server::runtime: runtime stage key=("ced665ae1f1140944bcd0c9aa2b83c1019df768df87fa513f9509106fc5b88c1", Pages, 0) seconds=0.121122685 stage="source_load"
2026-09-09T08:56:19.401956Z DEBUG transparent_shard_server::memory: work memory admission denied current=5905358848 limit=7516192768 held=536870912 requested=536870912
2026-09-09T08:56:19.502429Z DEBUG transparent_shard_server::memory: work memory admission denied current=5905358848 limit=7516192768 held=536870912 requested=536870912
2026-09-09T08:56:19.603795Z DEBUG transparent_shard_server::memory: work memory admission denied current=5905358848 limit=7516192768 held=536870912 requested=536870912
2026-09-09T08:56:19.704366Z DEBUG transparent_shard_server::memory: work memory admission denied current=5905358848 limit=7516192768 held=536870912 requested=536870912
2026-09-09T08:56:19.805682Z DEBUG transparent_shard_server::memory: work memory admission denied current=5905358848 limit=7516192768 held=536870912 requested=536870912
2026-09-09T08:56:19.906360Z DEBUG transparent_shard_server::memory: work memory admission denied current=5905358848 limit=7516192768 held=536870912 requested=536870912
2026-09-09T08:56:20.007703Z DEBUG transparent_shard_server::memory: work memory admission denied current=5905358848 limit=7516192768 held=536870912 requested=536870912
2026-09-09T08:56:20.110301Z DEBUG transparent_shard_server::memory: work memory admission denied current=5905358848 limit=7516192768 held=536870912 requested=536870912
2026-09-09T08:56:20.211699Z DEBUG transparent_shard_server::memory: work memory admission denied current=5905358848 limit=7516192768 held=536870912 requested=536870912
2026-09-09T08:56:20.313192Z DEBUG transparent_shard_server::memory: work memory admission denied current=5905358848 limit=7516192768 held=536870912 requested=536870912
2026-09-09T08:56:20.414580Z DEBUG transparent_shard_server::memory: work memory admission denied current=5905358848 limit=7516192768 held=536870912 requested=536870912
2026-09-09T08:56:20.516081Z DEBUG transparent_shard_server::memory: work memory admission denied current=5905358848 limit=7516192768 held=536870912 requested=536870912
2026-09-09T08:56:20.617469Z DEBUG transparent_shard_server::memory: work memory admission denied current=5905358848 limit=7516192768 held=536870912 requested=536870912
2026-09-09T08:56:20.718863Z DEBUG transparent_shard_server::memory: work memory admission denied current=5905358848 limit=7516192768 held=536870912 requested=536870912
2026-09-09T08:56:20.819298Z DEBUG transparent_shard_server::memory: work memory admission denied current=5905358848 limit=7516192768 held=536870912 requested=536870912
2026-09-09T08:56:20.923281Z DEBUG transparent_shard_server::memory: work memory admission denied current=5905358848 limit=7516192768 held=536870912 requested=536870912
2026-09-09T08:56:21.024597Z DEBUG transparent_shard_server::memory: work memory admission denied current=5905408000 limit=7516192768 held=536870912 requested=536870912
2026-09-09T08:56:21.125951Z DEBUG transparent_shard_server::memory: work memory admission denied current=5871865856 limit=7516192768 held=536870912 requested=536870912
2026-09-09T08:56:21.226339Z DEBUG transparent_shard_server::memory: work memory admission denied current=5871865856 limit=7516192768 held=536870912 requested=536870912
2026-09-09T08:56:21.327739Z DEBUG transparent_shard_server::memory: work memory admission denied current=5905137664 limit=7516192768 held=536870912 requested=536870912
2026-09-09T08:56:21.429080Z DEBUG transparent_shard_server::memory: work memory admission denied current=5905162240 limit=7516192768 held=536870912 requested=536870912
2026-09-09T08:56:21.530495Z DEBUG transparent_shard_server::memory: work memory admission denied current=5905448960 limit=7516192768 held=536870912 requested=536870912
2026-09-09T08:56:21.631957Z DEBUG transparent_shard_server::memory: work memory admission denied current=5905473536 limit=7516192768 held=536870912 requested=536870912
2026-09-09T08:56:21.732505Z DEBUG transparent_shard_server::memory: work memory admission denied current=5905498112 limit=7516192768 held=536870912 requested=536870912
2026-09-09T08:56:21.833930Z DEBUG transparent_shard_server::memory: work memory admission denied current=5905522688 limit=7516192768 held=536870912 requested=536870912
2026-09-09T08:56:21.934375Z DEBUG transparent_shard_server::memory: work memory admission denied current=5905027072 limit=7516192768 held=536870912 requested=536870912
2026-09-09T08:56:22.035793Z DEBUG transparent_shard_server::memory: work memory admission denied current=5905313792 limit=7516192768 held=536870912 requested=536870912
2026-09-09T08:56:22.137151Z DEBUG transparent_shard_server::memory: work memory admission denied current=5905387520 limit=7516192768 held=536870912 requested=536870912
2026-09-09T08:56:22.238570Z DEBUG transparent_shard_server::memory: work memory admission denied current=5905412096 limit=7516192768 held=536870912 requested=536870912
2026-09-09T08:56:22.340092Z DEBUG transparent_shard_server::memory: work memory admission denied current=5905448960 limit=7516192768 held=536870912 requested=536870912
2026-09-09T08:56:22.441486Z DEBUG transparent_shard_server::memory: work memory admission denied current=5905473536 limit=7516192768 held=536870912 requested=536870912
2026-09-09T08:56:22.542931Z DEBUG transparent_shard_server::memory: work memory admission denied current=5905240064 limit=7516192768 held=536870912 requested=536870912
2026-09-09T08:56:22.643286Z DEBUG transparent_shard_server::memory: work memory admission denied current=5905264640 limit=7516192768 held=536870912 requested=536870912
2026-09-09T08:56:22.744686Z DEBUG transparent_shard_server::memory: work memory admission denied current=5905301504 limit=7516192768 held=536870912 requested=536870912
2026-09-09T08:56:22.846063Z DEBUG transparent_shard_server::memory: work memory admission denied current=5905358848 limit=7516192768 held=536870912 requested=536870912
2026-09-09T08:56:22.947431Z DEBUG transparent_shard_server::memory: work memory admission denied current=5905117184 limit=7516192768 held=536870912 requested=536870912
2026-09-09T08:56:23.048940Z DEBUG transparent_shard_server::memory: work memory admission denied current=5905149952 limit=7516192768 held=536870912 requested=536870912
2026-09-09T08:56:23.149381Z DEBUG transparent_shard_server::memory: work memory admission denied current=5905174528 limit=7516192768 held=536870912 requested=536870912
2026-09-09T08:56:23.250742Z DEBUG transparent_shard_server::memory: work memory admission denied current=5905248256 limit=7516192768 held=536870912 requested=536870912
2026-09-09T08:56:23.318213Z DEBUG transparent_shard_server::runtime: runtime stage key=("ced665ae1f1140944bcd0c9aa2b83c1019df768df87fa513f9509106fc5b88c1", Pages, 0) seconds=3.997921 stage="runtime_build"
2026-09-09T08:56:23.352067Z DEBUG transparent_shard_server::memory: work memory admission denied current=5905522688 limit=7516192768 held=536870912 requested=536870912
2026-09-09T08:56:23.453384Z DEBUG transparent_shard_server::memory: work memory admission denied current=5905321984 limit=7516192768 held=536870912 requested=536870912
2026-09-09T08:56:23.554673Z DEBUG transparent_shard_server::memory: work memory admission denied current=5905444864 limit=7516192768 held=536870912 requested=536870912
2026-09-09T08:56:23.655980Z DEBUG transparent_shard_server::memory: work memory admission denied current=5905395712 limit=7516192768 held=536870912 requested=536870912
2026-09-09T08:56:23.756240Z DEBUG transparent_shard_server::memory: work memory admission denied current=5905711104 limit=7516192768 held=536870912 requested=536870912
2026-09-09T08:56:23.857678Z DEBUG transparent_shard_server::memory: work memory admission denied current=5905485824 limit=7516192768 held=536870912 requested=536870912
2026-09-09T08:56:23.958990Z DEBUG transparent_shard_server::memory: work memory admission denied current=5905547264 limit=7516192768 held=536870912 requested=536870912
2026-09-09T08:56:24.057105Z DEBUG transparent_shard_server::runtime: runtime stage key=("ced665ae1f1140944bcd0c9aa2b83c1019df768df87fa513f9509106fc5b88c1", Pages, 0) seconds=0.738840298 stage="disk_save"
2026-09-09T08:56:24.057314Z DEBUG transparent_shard_server::runtime: runtime stage key=("2d4497bf9e8bafc6139ee4e57114238a7ecfa0782702939922bf2a79b1fe05bf", Pages, 0) seconds=9.764212091 stage="build_slot"
2026-09-09T08:56:24.057345Z DEBUG transparent_shard_server::runtime: runtime stage key=("a4bd72b37c0aafb265c77bb09cbc402cf69b65a87a1fabc8a0f12614b35469be", Pages, 0) seconds=8.93e-7 stage="restore_slot"
2026-09-09T08:56:24.057725Z DEBUG transparent_shard_server::runtime: runtime stage key=("a4bd72b37c0aafb265c77bb09cbc402cf69b65a87a1fabc8a0f12614b35469be", Pages, 0) seconds=3.5348e-5 hit=false stage="disk_restore"
2026-09-09T08:56:24.059483Z DEBUG transparent_shard_server::memory: cold build admission wait seconds=4.914911935 admitted=true
2026-09-09T08:56:24.059538Z DEBUG transparent_shard_server::memory: work memory admission denied current=5904977920 limit=7516192768 held=536870912 requested=536870912
2026-09-09T08:56:24.160956Z DEBUG transparent_shard_server::memory: work memory admission denied current=5904977920 limit=7516192768 held=536870912 requested=536870912
2026-09-09T08:56:24.178591Z DEBUG transparent_shard_server::runtime: runtime stage key=("2d4497bf9e8bafc6139ee4e57114238a7ecfa0782702939922bf2a79b1fe05bf", Directory, 0) seconds=0.119065551 stage="source_load"
2026-09-09T08:56:24.261359Z DEBUG transparent_shard_server::memory: work memory admission denied current=5904977920 limit=7516192768 held=536870912 requested=536870912
2026-09-09T08:56:24.362700Z DEBUG transparent_shard_server::memory: work memory admission denied current=5904977920 limit=7516192768 held=536870912 requested=536870912
2026-09-09T08:56:24.464055Z DEBUG transparent_shard_server::memory: work memory admission denied current=5904977920 limit=7516192768 held=536870912 requested=536870912
2026-09-09T08:56:24.568294Z DEBUG transparent_shard_server::memory: work memory admission denied current=5904977920 limit=7516192768 held=536870912 requested=536870912
2026-09-09T08:56:24.669602Z DEBUG transparent_shard_server::memory: work memory admission denied current=5904977920 limit=7516192768 held=536870912 requested=536870912
2026-09-09T08:56:24.770890Z DEBUG transparent_shard_server::memory: work memory admission denied current=5904977920 limit=7516192768 held=536870912 requested=536870912
2026-09-09T08:56:24.871192Z DEBUG transparent_shard_server::memory: work memory admission denied current=5904977920 limit=7516192768 held=536870912 requested=536870912
2026-09-09T08:56:24.972512Z DEBUG transparent_shard_server::memory: work memory admission denied current=5905473536 limit=7516192768 held=536870912 requested=536870912
2026-09-09T08:56:25.074063Z DEBUG transparent_shard_server::memory: work memory admission denied current=5905178624 limit=7516192768 held=536870912 requested=536870912
2026-09-09T08:56:25.175423Z DEBUG transparent_shard_server::memory: work memory admission denied current=5905178624 limit=7516192768 held=536870912 requested=536870912
2026-09-09T08:56:25.276833Z DEBUG transparent_shard_server::memory: work memory admission denied current=5905178624 limit=7516192768 held=536870912 requested=536870912
2026-09-09T08:56:25.377301Z DEBUG transparent_shard_server::memory: work memory admission denied current=5905371136 limit=7516192768 held=536870912 requested=536870912
2026-09-09T08:56:25.478627Z DEBUG transparent_shard_server::memory: work memory admission denied current=5905371136 limit=7516192768 held=536870912 requested=536870912
2026-09-09T08:56:25.580113Z DEBUG transparent_shard_server::memory: work memory admission denied current=5905371136 limit=7516192768 held=536870912 requested=536870912
2026-09-09T08:56:25.681467Z DEBUG transparent_shard_server::memory: work memory admission denied current=5905371136 limit=7516192768 held=536870912 requested=536870912
2026-09-09T08:56:25.782341Z DEBUG transparent_shard_server::memory: work memory admission denied current=5905485824 limit=7516192768 held=536870912 requested=536870912
2026-09-09T08:56:25.883676Z DEBUG transparent_shard_server::memory: work memory admission denied current=5871706112 limit=7516192768 held=536870912 requested=536870912
2026-09-09T08:56:25.984970Z DEBUG transparent_shard_server::memory: work memory admission denied current=5871894528 limit=7516192768 held=536870912 requested=536870912
2026-09-09T08:56:26.085413Z DEBUG transparent_shard_server::memory: work memory admission denied current=5867417600 limit=7516192768 held=536870912 requested=536870912
2026-09-09T08:56:26.186794Z DEBUG transparent_shard_server::memory: work memory admission denied current=5875544064 limit=7516192768 held=536870912 requested=536870912
2026-09-09T08:56:26.288298Z DEBUG transparent_shard_server::memory: work memory admission denied current=5878951936 limit=7516192768 held=536870912 requested=536870912
2026-09-09T08:56:26.389933Z DEBUG transparent_shard_server::memory: work memory admission denied current=5882097664 limit=7516192768 held=536870912 requested=536870912
2026-09-09T08:56:26.490518Z DEBUG transparent_shard_server::memory: work memory admission denied current=5885448192 limit=7516192768 held=536870912 requested=536870912
2026-09-09T08:56:26.591972Z DEBUG transparent_shard_server::memory: work memory admission denied current=5888856064 limit=7516192768 held=536870912 requested=536870912
2026-09-09T08:56:26.692424Z DEBUG transparent_shard_server::memory: work memory admission denied current=5892001792 limit=7516192768 held=536870912 requested=536870912
2026-09-09T08:56:26.793884Z DEBUG transparent_shard_server::memory: work memory admission denied current=5895409664 limit=7516192768 held=536870912 requested=536870912
2026-09-09T08:56:26.894423Z DEBUG transparent_shard_server::memory: work memory admission denied current=5898817536 limit=7516192768 held=536870912 requested=536870912
2026-09-09T08:56:26.995955Z DEBUG transparent_shard_server::memory: work memory admission denied current=5902225408 limit=7516192768 held=536870912 requested=536870912
2026-09-09T08:56:27.096380Z DEBUG transparent_shard_server::memory: work memory admission denied current=5905113088 limit=7516192768 held=536870912 requested=536870912
2026-09-09T08:56:27.197825Z DEBUG transparent_shard_server::memory: work memory admission denied current=5905137664 limit=7516192768 held=536870912 requested=536870912
2026-09-09T08:56:27.298268Z DEBUG transparent_shard_server::memory: work memory admission denied current=5905162240 limit=7516192768 held=536870912 requested=536870912
2026-09-09T08:56:27.399665Z DEBUG transparent_shard_server::memory: work memory admission denied current=5905190912 limit=7516192768 held=536870912 requested=536870912
2026-09-09T08:56:27.501105Z DEBUG transparent_shard_server::memory: work memory admission denied current=5905215488 limit=7516192768 held=536870912 requested=536870912
2026-09-09T08:56:27.602484Z DEBUG transparent_shard_server::memory: work memory admission denied current=5905522688 limit=7516192768 held=536870912 requested=536870912
2026-09-09T08:56:27.703897Z DEBUG transparent_shard_server::memory: work memory admission denied current=5905539072 limit=7516192768 held=536870912 requested=536870912
2026-09-09T08:56:27.804419Z DEBUG transparent_shard_server::memory: work memory admission denied current=5905563648 limit=7516192768 held=536870912 requested=536870912
2026-09-09T08:56:27.905823Z DEBUG transparent_shard_server::memory: work memory admission denied current=5905141760 limit=7516192768 held=536870912 requested=536870912
2026-09-09T08:56:28.006305Z DEBUG transparent_shard_server::memory: work memory admission denied current=5905428480 limit=7516192768 held=536870912 requested=536870912
2026-09-09T08:56:28.107625Z DEBUG transparent_shard_server::memory: work memory admission denied current=5905453056 limit=7516192768 held=536870912 requested=536870912
2026-09-09T08:56:28.134835Z DEBUG transparent_shard_server::runtime: runtime stage key=("2d4497bf9e8bafc6139ee4e57114238a7ecfa0782702939922bf2a79b1fe05bf", Directory, 0) seconds=3.956215188 stage="runtime_build"
2026-09-09T08:56:28.209216Z DEBUG transparent_shard_server::memory: work memory admission denied current=5886513152 limit=7516192768 held=536870912 requested=536870912
2026-09-09T08:56:28.310627Z DEBUG transparent_shard_server::memory: work memory admission denied current=5905391616 limit=7516192768 held=536870912 requested=536870912
2026-09-09T08:56:28.412040Z DEBUG transparent_shard_server::memory: work memory admission denied current=5905154048 limit=7516192768 held=536870912 requested=536870912
2026-09-09T08:56:28.513465Z DEBUG transparent_shard_server::memory: work memory admission denied current=5905195008 limit=7516192768 held=536870912 requested=536870912
2026-09-09T08:56:28.614807Z DEBUG transparent_shard_server::memory: work memory admission denied current=5905244160 limit=7516192768 held=536870912 requested=536870912
2026-09-09T08:56:28.715244Z DEBUG transparent_shard_server::memory: work memory admission denied current=5905043456 limit=7516192768 held=536870912 requested=536870912
2026-09-09T08:56:28.816636Z DEBUG transparent_shard_server::memory: work memory admission denied current=5905051648 limit=7516192768 held=536870912 requested=536870912
2026-09-09T08:56:28.860680Z DEBUG transparent_shard_server::runtime: runtime stage key=("2d4497bf9e8bafc6139ee4e57114238a7ecfa0782702939922bf2a79b1fe05bf", Directory, 0) seconds=0.725802875 stage="disk_save"
2026-09-09T08:56:28.860752Z DEBUG transparent_shard_server::runtime: runtime stage key=("a4bd72b37c0aafb265c77bb09cbc402cf69b65a87a1fabc8a0f12614b35469be", Directory, 0) seconds=9.716000239 stage="build_slot"
2026-09-09T08:56:28.860787Z DEBUG transparent_shard_server::runtime: runtime stage key=("c907a0aa45b2551520863990845279fd25135889865e088c2dad6ea0d32b8fde", Directory, 0) seconds=4.86e-7 stage="restore_slot"
2026-09-09T08:56:28.860906Z DEBUG transparent_shard_server::runtime: runtime stage key=("c907a0aa45b2551520863990845279fd25135889865e088c2dad6ea0d32b8fde", Directory, 0) seconds=2.5525e-5 hit=false stage="disk_restore"
2026-09-09T08:56:28.917296Z DEBUG transparent_shard_server::memory: cold build admission wait seconds=4.859954849 admitted=true
2026-09-09T08:56:28.917377Z DEBUG transparent_shard_server::memory: work memory admission denied current=5905313792 limit=7516192768 held=536870912 requested=536870912
2026-09-09T08:56:29.018738Z DEBUG transparent_shard_server::memory: work memory admission denied current=5905313792 limit=7516192768 held=536870912 requested=536870912
2026-09-09T08:56:29.038718Z DEBUG transparent_shard_server::runtime: runtime stage key=("2d4497bf9e8bafc6139ee4e57114238a7ecfa0782702939922bf2a79b1fe05bf", Pages, 0) seconds=0.121226474 stage="source_load"
2026-09-09T08:56:29.120179Z DEBUG transparent_shard_server::memory: work memory admission denied current=5905313792 limit=7516192768 held=536870912 requested=536870912
2026-09-09T08:56:29.221590Z DEBUG transparent_shard_server::memory: work memory admission denied current=5905313792 limit=7516192768 held=536870912 requested=536870912
2026-09-09T08:56:29.322962Z DEBUG transparent_shard_server::memory: work memory admission denied current=5905313792 limit=7516192768 held=536870912 requested=536870912
2026-09-09T08:56:29.423368Z DEBUG transparent_shard_server::memory: work memory admission denied current=5905313792 limit=7516192768 held=536870912 requested=536870912
2026-09-09T08:56:29.524732Z DEBUG transparent_shard_server::memory: work memory admission denied current=5905313792 limit=7516192768 held=536870912 requested=536870912
2026-09-09T08:56:29.626038Z DEBUG transparent_shard_server::memory: work memory admission denied current=5905313792 limit=7516192768 held=536870912 requested=536870912
2026-09-09T08:56:29.727366Z DEBUG transparent_shard_server::memory: work memory admission denied current=5905313792 limit=7516192768 held=536870912 requested=536870912
2026-09-09T08:56:29.828666Z DEBUG transparent_shard_server::memory: work memory admission denied current=5905313792 limit=7516192768 held=536870912 requested=536870912
2026-09-09T08:56:29.930109Z DEBUG transparent_shard_server::memory: work memory admission denied current=5905313792 limit=7516192768 held=536870912 requested=536870912
2026-09-09T08:56:30.031484Z DEBUG transparent_shard_server::memory: work memory admission denied current=5905313792 limit=7516192768 held=536870912 requested=536870912
2026-09-09T08:56:30.132940Z DEBUG transparent_shard_server::memory: work memory admission denied current=5905313792 limit=7516192768 held=536870912 requested=536870912
2026-09-09T08:56:30.233412Z DEBUG transparent_shard_server::memory: work memory admission denied current=5905313792 limit=7516192768 held=536870912 requested=536870912
2026-09-09T08:56:30.334758Z DEBUG transparent_shard_server::memory: work memory admission denied current=5905313792 limit=7516192768 held=536870912 requested=536870912
2026-09-09T08:56:30.436242Z DEBUG transparent_shard_server::memory: work memory admission denied current=5905313792 limit=7516192768 held=536870912 requested=536870912
2026-09-09T08:56:30.537632Z DEBUG transparent_shard_server::memory: work memory admission denied current=5905313792 limit=7516192768 held=536870912 requested=536870912
2026-09-09T08:56:30.640283Z DEBUG transparent_shard_server::memory: work memory admission denied current=5905313792 limit=7516192768 held=536870912 requested=536870912
2026-09-09T08:56:30.741626Z DEBUG transparent_shard_server::memory: work memory admission denied current=5905305600 limit=7516192768 held=536870912 requested=536870912
2026-09-09T08:56:30.844285Z DEBUG transparent_shard_server::memory: work memory admission denied current=5871792128 limit=7516192768 held=536870912 requested=536870912
2026-09-09T08:56:30.945662Z DEBUG transparent_shard_server::memory: work memory admission denied current=5905350656 limit=7516192768 held=536870912 requested=536870912
2026-09-09T08:56:31.047005Z DEBUG transparent_shard_server::memory: work memory admission denied current=5905227776 limit=7516192768 held=536870912 requested=536870912
2026-09-09T08:56:31.148374Z DEBUG transparent_shard_server::memory: work memory admission denied current=5905252352 limit=7516192768 held=536870912 requested=536870912
2026-09-09T08:56:31.249732Z DEBUG transparent_shard_server::memory: work memory admission denied current=5905276928 limit=7516192768 held=536870912 requested=536870912
2026-09-09T08:56:31.351045Z DEBUG transparent_shard_server::memory: work memory admission denied current=5905563648 limit=7516192768 held=536870912 requested=536870912
2026-09-09T08:56:31.452349Z DEBUG transparent_shard_server::memory: work memory admission denied current=5905145856 limit=7516192768 held=536870912 requested=536870912
2026-09-09T08:56:31.553735Z DEBUG transparent_shard_server::memory: work memory admission denied current=5905170432 limit=7516192768 held=536870912 requested=536870912
2026-09-09T08:56:31.655038Z DEBUG transparent_shard_server::memory: work memory admission denied current=5905457152 limit=7516192768 held=536870912 requested=536870912
2026-09-09T08:56:31.756354Z DEBUG transparent_shard_server::memory: work memory admission denied current=5905481728 limit=7516192768 held=536870912 requested=536870912
2026-09-09T08:56:31.857676Z DEBUG transparent_shard_server::memory: work memory admission denied current=5905248256 limit=7516192768 held=536870912 requested=536870912
2026-09-09T08:56:31.959041Z DEBUG transparent_shard_server::memory: work memory admission denied current=5905272832 limit=7516192768 held=536870912 requested=536870912
2026-09-09T08:56:32.060342Z DEBUG transparent_shard_server::memory: work memory admission denied current=5905559552 limit=7516192768 held=536870912 requested=536870912
2026-09-09T08:56:32.161670Z DEBUG transparent_shard_server::memory: work memory admission denied current=5905072128 limit=7516192768 held=536870912 requested=536870912
2026-09-09T08:56:32.262969Z DEBUG transparent_shard_server::memory: work memory admission denied current=5905350656 limit=7516192768 held=536870912 requested=536870912
2026-09-09T08:56:32.363335Z DEBUG transparent_shard_server::memory: work memory admission denied current=5905375232 limit=7516192768 held=536870912 requested=536870912
2026-09-09T08:56:32.464744Z DEBUG transparent_shard_server::memory: work memory admission denied current=5905399808 limit=7516192768 held=536870912 requested=536870912
2026-09-09T08:56:32.566198Z DEBUG transparent_shard_server::memory: work memory admission denied current=5905166336 limit=7516192768 held=536870912 requested=536870912
2026-09-09T08:56:32.667555Z DEBUG transparent_shard_server::memory: work memory admission denied current=5905190912 limit=7516192768 held=536870912 requested=536870912
2026-09-09T08:56:32.768930Z DEBUG transparent_shard_server::memory: work memory admission denied current=5905477632 limit=7516192768 held=536870912 requested=536870912
2026-09-09T08:56:32.869444Z DEBUG transparent_shard_server::memory: work memory admission denied current=5905502208 limit=7516192768 held=536870912 requested=536870912
2026-09-09T08:56:32.970766Z DEBUG transparent_shard_server::memory: work memory admission denied current=5905268736 limit=7516192768 held=536870912 requested=536870912
2026-09-09T08:56:32.997101Z DEBUG transparent_shard_server::runtime: runtime stage key=("2d4497bf9e8bafc6139ee4e57114238a7ecfa0782702939922bf2a79b1fe05bf", Pages, 0) seconds=3.958338363 stage="runtime_build"
2026-09-09T08:56:33.072100Z DEBUG transparent_shard_server::memory: work memory admission denied current=5905244160 limit=7516192768 held=536870912 requested=536870912
2026-09-09T08:56:33.173413Z DEBUG transparent_shard_server::memory: work memory admission denied current=5905281024 limit=7516192768 held=536870912 requested=536870912
2026-09-09T08:56:33.274688Z DEBUG transparent_shard_server::memory: work memory admission denied current=5905080320 limit=7516192768 held=536870912 requested=536870912
2026-09-09T08:56:33.375986Z DEBUG transparent_shard_server::memory: work memory admission denied current=5905391616 limit=7516192768 held=536870912 requested=536870912
2026-09-09T08:56:33.476315Z DEBUG transparent_shard_server::memory: work memory admission denied current=5905432576 limit=7516192768 held=536870912 requested=536870912
2026-09-09T08:56:33.577606Z DEBUG transparent_shard_server::memory: work memory admission denied current=5905448960 limit=7516192768 held=536870912 requested=536870912
2026-09-09T08:56:33.678926Z DEBUG transparent_shard_server::memory: work memory admission denied current=5905178624 limit=7516192768 held=536870912 requested=536870912
2026-09-09T08:56:33.698061Z DEBUG transparent_shard_server::runtime: runtime stage key=("2d4497bf9e8bafc6139ee4e57114238a7ecfa0782702939922bf2a79b1fe05bf", Pages, 0) seconds=0.700933572 stage="disk_save"
2026-09-09T08:56:33.698141Z DEBUG transparent_shard_server::runtime: runtime stage key=("a4bd72b37c0aafb265c77bb09cbc402cf69b65a87a1fabc8a0f12614b35469be", Pages, 0) seconds=9.640376282 stage="build_slot"
2026-09-09T08:56:33.698185Z DEBUG transparent_shard_server::runtime: runtime stage key=("c907a0aa45b2551520863990845279fd25135889865e088c2dad6ea0d32b8fde", Pages, 0) seconds=1.172e-6 stage="restore_slot"
2026-09-09T08:56:33.698347Z DEBUG transparent_shard_server::runtime: runtime stage key=("c907a0aa45b2551520863990845279fd25135889865e088c2dad6ea0d32b8fde", Pages, 0) seconds=4.6605e-5 hit=false stage="disk_restore"
2026-09-09T08:56:33.779480Z DEBUG transparent_shard_server::memory: cold build admission wait seconds=4.918705431 admitted=true
2026-09-09T08:56:33.779555Z DEBUG transparent_shard_server::memory: work memory admission denied current=5905440768 limit=7516192768 held=536870912 requested=536870912
2026-09-09T08:56:33.880966Z DEBUG transparent_shard_server::memory: work memory admission denied current=5905440768 limit=7516192768 held=536870912 requested=536870912
2026-09-09T08:56:33.897186Z DEBUG transparent_shard_server::runtime: runtime stage key=("a4bd72b37c0aafb265c77bb09cbc402cf69b65a87a1fabc8a0f12614b35469be", Directory, 0) seconds=0.117615734 stage="source_load"
2026-09-09T08:56:33.981432Z DEBUG transparent_shard_server::memory: work memory admission denied current=5905440768 limit=7516192768 held=536870912 requested=536870912
2026-09-09T08:56:34.082776Z DEBUG transparent_shard_server::memory: work memory admission denied current=5905440768 limit=7516192768 held=536870912 requested=536870912
2026-09-09T08:56:34.184175Z DEBUG transparent_shard_server::memory: work memory admission denied current=5905440768 limit=7516192768 held=536870912 requested=536870912
2026-09-09T08:56:34.285353Z DEBUG transparent_shard_server::memory: work memory admission denied current=5905440768 limit=7516192768 held=536870912 requested=536870912
2026-09-09T08:56:34.386698Z DEBUG transparent_shard_server::memory: work memory admission denied current=5905440768 limit=7516192768 held=536870912 requested=536870912
2026-09-09T08:56:34.488014Z DEBUG transparent_shard_server::memory: work memory admission denied current=5905440768 limit=7516192768 held=536870912 requested=536870912
2026-09-09T08:56:34.589342Z DEBUG transparent_shard_server::memory: work memory admission denied current=5905440768 limit=7516192768 held=536870912 requested=536870912
2026-09-09T08:56:34.690637Z DEBUG transparent_shard_server::memory: work memory admission denied current=5905440768 limit=7516192768 held=536870912 requested=536870912
2026-09-09T08:56:34.792189Z DEBUG transparent_shard_server::memory: work memory admission denied current=5905100800 limit=7516192768 held=536870912 requested=536870912
2026-09-09T08:56:34.893559Z DEBUG transparent_shard_server::memory: work memory admission denied current=5905100800 limit=7516192768 held=536870912 requested=536870912
2026-09-09T08:56:34.994907Z DEBUG transparent_shard_server::memory: work memory admission denied current=5905100800 limit=7516192768 held=536870912 requested=536870912
2026-09-09T08:56:35.095282Z DEBUG transparent_shard_server::memory: work memory admission denied current=5905293312 limit=7516192768 held=536870912 requested=536870912
2026-09-09T08:56:35.196607Z DEBUG transparent_shard_server::memory: work memory admission denied current=5905293312 limit=7516192768 held=536870912 requested=536870912
2026-09-09T08:56:35.297971Z DEBUG transparent_shard_server::memory: work memory admission denied current=5905293312 limit=7516192768 held=536870912 requested=536870912
2026-09-09T08:56:35.398330Z DEBUG transparent_shard_server::memory: work memory admission denied current=5905293312 limit=7516192768 held=536870912 requested=536870912
2026-09-09T08:56:35.499336Z DEBUG transparent_shard_server::memory: work memory admission denied current=5904932864 limit=7516192768 held=536870912 requested=536870912
2026-09-09T08:56:35.600689Z DEBUG transparent_shard_server::memory: work memory admission denied current=5871931392 limit=7516192768 held=536870912 requested=536870912
2026-09-09T08:56:35.704287Z DEBUG transparent_shard_server::memory: work memory admission denied current=5871857664 limit=7516192768 held=536870912 requested=536870912
2026-09-09T08:56:35.805745Z DEBUG transparent_shard_server::memory: work memory admission denied current=5835632640 limit=7516192768 held=536870912 requested=536870912
2026-09-09T08:56:35.907429Z DEBUG transparent_shard_server::memory: work memory admission denied current=5874692096 limit=7516192768 held=536870912 requested=536870912
2026-09-09T08:56:36.008861Z DEBUG transparent_shard_server::memory: work memory admission denied current=5877837824 limit=7516192768 held=536870912 requested=536870912
2026-09-09T08:56:36.109288Z DEBUG transparent_shard_server::memory: work memory admission denied current=5881245696 limit=7516192768 held=536870912 requested=536870912
2026-09-09T08:56:36.210633Z DEBUG transparent_shard_server::memory: work memory admission denied current=5884653568 limit=7516192768 held=536870912 requested=536870912
2026-09-09T08:56:36.311979Z DEBUG transparent_shard_server::memory: work memory admission denied current=5888061440 limit=7516192768 held=536870912 requested=536870912
2026-09-09T08:56:36.412328Z DEBUG transparent_shard_server::memory: work memory admission denied current=5891207168 limit=7516192768 held=536870912 requested=536870912
2026-09-09T08:56:36.513695Z DEBUG transparent_shard_server::memory: work memory admission denied current=5894615040 limit=7516192768 held=536870912 requested=536870912
2026-09-09T08:56:36.615018Z DEBUG transparent_shard_server::memory: work memory admission denied current=5898022912 limit=7516192768 held=536870912 requested=536870912
2026-09-09T08:56:36.716361Z DEBUG transparent_shard_server::memory: work memory admission denied current=5901430784 limit=7516192768 held=536870912 requested=536870912
2026-09-09T08:56:36.817714Z DEBUG transparent_shard_server::memory: work memory admission denied current=5904838656 limit=7516192768 held=536870912 requested=536870912
2026-09-09T08:56:36.919013Z DEBUG transparent_shard_server::memory: work memory admission denied current=5905530880 limit=7516192768 held=536870912 requested=536870912
2026-09-09T08:56:37.020339Z DEBUG transparent_shard_server::memory: work memory admission denied current=5905342464 limit=7516192768 held=536870912 requested=536870912
2026-09-09T08:56:37.121736Z DEBUG transparent_shard_server::memory: work memory admission denied current=5905371136 limit=7516192768 held=536870912 requested=536870912
2026-09-09T08:56:37.223127Z DEBUG transparent_shard_server::memory: work memory admission denied current=5905387520 limit=7516192768 held=536870912 requested=536870912
2026-09-09T08:56:37.324476Z DEBUG transparent_shard_server::memory: work memory admission denied current=5905543168 limit=7516192768 held=536870912 requested=536870912
2026-09-09T08:56:37.425822Z DEBUG transparent_shard_server::memory: work memory admission denied current=5905354752 limit=7516192768 held=536870912 requested=536870912
2026-09-09T08:56:37.526301Z DEBUG transparent_shard_server::memory: work memory admission denied current=5905379328 limit=7516192768 held=536870912 requested=536870912
2026-09-09T08:56:37.627628Z DEBUG transparent_shard_server::memory: work memory admission denied current=5905457152 limit=7516192768 held=536870912 requested=536870912
2026-09-09T08:56:37.729059Z DEBUG transparent_shard_server::memory: work memory admission denied current=5905432576 limit=7516192768 held=536870912 requested=536870912
2026-09-09T08:56:37.830405Z DEBUG transparent_shard_server::memory: work memory admission denied current=5905395712 limit=7516192768 held=536870912 requested=536870912
2026-09-09T08:56:37.871459Z DEBUG transparent_shard_server::runtime: runtime stage key=("a4bd72b37c0aafb265c77bb09cbc402cf69b65a87a1fabc8a0f12614b35469be", Directory, 0) seconds=3.974245672 stage="runtime_build"
2026-09-09T08:56:37.931736Z DEBUG transparent_shard_server::memory: work memory admission denied current=5882720256 limit=7516192768 held=536870912 requested=536870912
2026-09-09T08:56:38.033065Z DEBUG transparent_shard_server::memory: work memory admission denied current=5902118912 limit=7516192768 held=536870912 requested=536870912
2026-09-09T08:56:38.134412Z DEBUG transparent_shard_server::memory: work memory admission denied current=5905403904 limit=7516192768 held=536870912 requested=536870912
2026-09-09T08:56:38.235730Z DEBUG transparent_shard_server::memory: work memory admission denied current=5905518592 limit=7516192768 held=536870912 requested=536870912
2026-09-09T08:56:38.337019Z DEBUG transparent_shard_server::memory: work memory admission denied current=5905567744 limit=7516192768 held=536870912 requested=536870912
2026-09-09T08:56:38.438373Z DEBUG transparent_shard_server::memory: work memory admission denied current=5905391616 limit=7516192768 held=536870912 requested=536870912
2026-09-09T08:56:38.539629Z DEBUG transparent_shard_server::memory: work memory admission denied current=5905645568 limit=7516192768 held=536870912 requested=536870912
2026-09-09T08:56:38.640946Z DEBUG transparent_shard_server::memory: work memory admission denied current=5905645568 limit=7516192768 held=536870912 requested=536870912
2026-09-09T08:56:38.675027Z DEBUG transparent_shard_server::runtime: runtime stage key=("a4bd72b37c0aafb265c77bb09cbc402cf69b65a87a1fabc8a0f12614b35469be", Directory, 0) seconds=0.803529528 stage="disk_save"
2026-09-09T08:56:38.675088Z DEBUG transparent_shard_server::runtime: runtime stage key=("c907a0aa45b2551520863990845279fd25135889865e088c2dad6ea0d32b8fde", Directory, 0) seconds=9.814161606 stage="build_slot"
2026-09-09T08:56:38.675120Z DEBUG transparent_shard_server::runtime: runtime stage key=("67574e8d4c7f7c258f8c7488f73e80a9476f8074c3db3540325133ff25020c2b", Directory, 0) seconds=6.14e-7 stage="restore_slot"
2026-09-09T08:56:38.675240Z DEBUG transparent_shard_server::runtime: runtime stage key=("67574e8d4c7f7c258f8c7488f73e80a9476f8074c3db3540325133ff25020c2b", Directory, 0) seconds=2.7802e-5 hit=false stage="disk_restore"
2026-09-09T08:56:38.741389Z DEBUG transparent_shard_server::memory: cold build admission wait seconds=5.043228703 admitted=true
2026-09-09T08:56:38.741479Z DEBUG transparent_shard_server::memory: work memory admission denied current=5905125376 limit=7516192768 held=536870912 requested=536870912
2026-09-09T08:56:38.842802Z DEBUG transparent_shard_server::memory: work memory admission denied current=5905125376 limit=7516192768 held=536870912 requested=536870912
2026-09-09T08:56:38.860784Z DEBUG transparent_shard_server::runtime: runtime stage key=("a4bd72b37c0aafb265c77bb09cbc402cf69b65a87a1fabc8a0f12614b35469be", Pages, 0) seconds=0.119181155 stage="source_load"
2026-09-09T08:56:38.944156Z DEBUG transparent_shard_server::memory: work memory admission denied current=5905125376 limit=7516192768 held=536870912 requested=536870912
2026-09-09T08:56:39.045489Z DEBUG transparent_shard_server::memory: work memory admission denied current=5905125376 limit=7516192768 held=536870912 requested=536870912
2026-09-09T08:56:39.146844Z DEBUG transparent_shard_server::memory: work memory admission denied current=5905125376 limit=7516192768 held=536870912 requested=536870912
2026-09-09T08:56:39.247328Z DEBUG transparent_shard_server::memory: work memory admission denied current=5905125376 limit=7516192768 held=536870912 requested=536870912
2026-09-09T08:56:39.348605Z DEBUG transparent_shard_server::memory: work memory admission denied current=5905125376 limit=7516192768 held=536870912 requested=536870912
2026-09-09T08:56:39.449984Z DEBUG transparent_shard_server::memory: work memory admission denied current=5905125376 limit=7516192768 held=536870912 requested=536870912
2026-09-09T08:56:39.550308Z DEBUG transparent_shard_server::memory: work memory admission denied current=5905125376 limit=7516192768 held=536870912 requested=536870912
2026-09-09T08:56:39.651628Z DEBUG transparent_shard_server::memory: work memory admission denied current=5905125376 limit=7516192768 held=536870912 requested=536870912
2026-09-09T08:56:39.752965Z DEBUG transparent_shard_server::memory: work memory admission denied current=5905125376 limit=7516192768 held=536870912 requested=536870912
2026-09-09T08:56:39.853314Z DEBUG transparent_shard_server::memory: work memory admission denied current=5905125376 limit=7516192768 held=536870912 requested=536870912
2026-09-09T08:56:39.954703Z DEBUG transparent_shard_server::memory: work memory admission denied current=5905125376 limit=7516192768 held=536870912 requested=536870912
2026-09-09T08:56:40.056045Z DEBUG transparent_shard_server::memory: work memory admission denied current=5905125376 limit=7516192768 held=536870912 requested=536870912
2026-09-09T08:56:40.157417Z DEBUG transparent_shard_server::memory: work memory admission denied current=5905125376 limit=7516192768 held=536870912 requested=536870912
2026-09-09T08:56:40.258754Z DEBUG transparent_shard_server::memory: work memory admission denied current=5905125376 limit=7516192768 held=536870912 requested=536870912
2026-09-09T08:56:40.360128Z DEBUG transparent_shard_server::memory: work memory admission denied current=5905125376 limit=7516192768 held=536870912 requested=536870912
2026-09-09T08:56:40.461292Z DEBUG transparent_shard_server::memory: work memory admission denied current=5905125376 limit=7516192768 held=536870912 requested=536870912
2026-09-09T08:56:40.562587Z DEBUG transparent_shard_server::memory: work memory admission denied current=5905436672 limit=7516192768 held=536870912 requested=536870912
2026-09-09T08:56:40.663909Z DEBUG transparent_shard_server::memory: work memory admission denied current=5871964160 limit=7516192768 held=536870912 requested=536870912
2026-09-09T08:56:40.764246Z DEBUG transparent_shard_server::memory: work memory admission denied current=5905559552 limit=7516192768 held=536870912 requested=536870912
2026-09-09T08:56:40.865568Z DEBUG transparent_shard_server::memory: work memory admission denied current=5905391616 limit=7516192768 held=536870912 requested=536870912
2026-09-09T08:56:40.966865Z DEBUG transparent_shard_server::memory: work memory admission denied current=5905510400 limit=7516192768 held=536870912 requested=536870912
2026-09-09T08:56:41.068190Z DEBUG transparent_shard_server::memory: work memory admission denied current=5905539072 limit=7516192768 held=536870912 requested=536870912
2026-09-09T08:56:41.169498Z DEBUG transparent_shard_server::memory: work memory admission denied current=5905420288 limit=7516192768 held=536870912 requested=536870912
2026-09-09T08:56:41.270813Z DEBUG transparent_shard_server::memory: work memory admission denied current=5905555456 limit=7516192768 held=536870912 requested=536870912
2026-09-09T08:56:41.372136Z DEBUG transparent_shard_server::memory: work memory admission denied current=5905371136 limit=7516192768 held=536870912 requested=536870912
2026-09-09T08:56:41.473449Z DEBUG transparent_shard_server::memory: work memory admission denied current=5905485824 limit=7516192768 held=536870912 requested=536870912
2026-09-09T08:56:41.574759Z DEBUG transparent_shard_server::memory: work memory admission denied current=5905596416 limit=7516192768 held=536870912 requested=536870912
2026-09-09T08:56:41.676037Z DEBUG transparent_shard_server::memory: work memory admission denied current=5905354752 limit=7516192768 held=536870912 requested=536870912
2026-09-09T08:56:41.777401Z DEBUG transparent_shard_server::memory: work memory admission denied current=5905481728 limit=7516192768 held=536870912 requested=536870912
2026-09-09T08:56:41.878723Z DEBUG transparent_shard_server::memory: work memory admission denied current=5905342464 limit=7516192768 held=536870912 requested=536870912
2026-09-09T08:56:41.980020Z DEBUG transparent_shard_server::memory: work memory admission denied current=5905412096 limit=7516192768 held=536870912 requested=536870912
2026-09-09T08:56:42.081356Z DEBUG transparent_shard_server::memory: work memory admission denied current=5905522688 limit=7516192768 held=536870912 requested=536870912
2026-09-09T08:56:42.182671Z DEBUG transparent_shard_server::memory: work memory admission denied current=5905338368 limit=7516192768 held=536870912 requested=536870912
2026-09-09T08:56:42.283988Z DEBUG transparent_shard_server::memory: work memory admission denied current=5905362944 limit=7516192768 held=536870912 requested=536870912
2026-09-09T08:56:42.384357Z DEBUG transparent_shard_server::memory: work memory admission denied current=5905346560 limit=7516192768 held=536870912 requested=536870912
2026-09-09T08:56:42.485735Z DEBUG transparent_shard_server::memory: work memory admission denied current=5905412096 limit=7516192768 held=536870912 requested=536870912
2026-09-09T08:56:42.587068Z DEBUG transparent_shard_server::memory: work memory admission denied current=5905309696 limit=7516192768 held=536870912 requested=536870912
2026-09-09T08:56:42.688443Z DEBUG transparent_shard_server::memory: work memory admission denied current=5905547264 limit=7516192768 held=536870912 requested=536870912
2026-09-09T08:56:42.789861Z DEBUG transparent_shard_server::memory: work memory admission denied current=5905575936 limit=7516192768 held=536870912 requested=536870912
2026-09-09T08:56:42.801009Z DEBUG transparent_shard_server::runtime: runtime stage key=("a4bd72b37c0aafb265c77bb09cbc402cf69b65a87a1fabc8a0f12614b35469be", Pages, 0) seconds=3.940197496 stage="runtime_build"
2026-09-09T08:56:42.891193Z DEBUG transparent_shard_server::memory: work memory admission denied current=5905342464 limit=7516192768 held=536870912 requested=536870912
2026-09-09T08:56:42.992511Z DEBUG transparent_shard_server::memory: work memory admission denied current=5905383424 limit=7516192768 held=536870912 requested=536870912
2026-09-09T08:56:43.093827Z DEBUG transparent_shard_server::memory: work memory admission denied current=5905182720 limit=7516192768 held=536870912 requested=536870912
2026-09-09T08:56:43.195120Z DEBUG transparent_shard_server::memory: work memory admission denied current=5905489920 limit=7516192768 held=536870912 requested=536870912
2026-09-09T08:56:43.296516Z DEBUG transparent_shard_server::memory: work memory admission denied current=5905534976 limit=7516192768 held=536870912 requested=536870912
2026-09-09T08:56:43.397946Z DEBUG transparent_shard_server::memory: work memory admission denied current=5905313792 limit=7516192768 held=536870912 requested=536870912
2026-09-09T08:56:43.498274Z DEBUG transparent_shard_server::memory: work memory admission denied current=5905334272 limit=7516192768 held=536870912 requested=536870912
2026-09-09T08:56:43.520240Z DEBUG transparent_shard_server::runtime: runtime stage key=("a4bd72b37c0aafb265c77bb09cbc402cf69b65a87a1fabc8a0f12614b35469be", Pages, 0) seconds=0.71920547 stage="disk_save"
2026-09-09T08:56:43.520381Z DEBUG transparent_shard_server::runtime: runtime stage key=("c907a0aa45b2551520863990845279fd25135889865e088c2dad6ea0d32b8fde", Pages, 0) seconds=9.822002978 stage="build_slot"
2026-09-09T08:56:43.520413Z DEBUG transparent_shard_server::runtime: runtime stage key=("67574e8d4c7f7c258f8c7488f73e80a9476f8074c3db3540325133ff25020c2b", Pages, 0) seconds=6.78e-7 stage="restore_slot"
2026-09-09T08:56:43.520632Z DEBUG transparent_shard_server::runtime: runtime stage key=("67574e8d4c7f7c258f8c7488f73e80a9476f8074c3db3540325133ff25020c2b", Pages, 0) seconds=5.2157e-5 hit=false stage="disk_restore"
2026-09-09T08:56:43.599864Z DEBUG transparent_shard_server::memory: cold build admission wait seconds=4.924756824 admitted=true
2026-09-09T08:56:43.599950Z DEBUG transparent_shard_server::memory: work memory admission denied current=5905014784 limit=7516192768 held=536870912 requested=536870912
2026-09-09T08:56:43.700341Z DEBUG transparent_shard_server::memory: work memory admission denied current=5905276928 limit=7516192768 held=536870912 requested=536870912
2026-09-09T08:56:43.719126Z DEBUG transparent_shard_server::runtime: runtime stage key=("c907a0aa45b2551520863990845279fd25135889865e088c2dad6ea0d32b8fde", Directory, 0) seconds=0.119107888 stage="source_load"
2026-09-09T08:56:43.801732Z DEBUG transparent_shard_server::memory: work memory admission denied current=5905276928 limit=7516192768 held=536870912 requested=536870912
2026-09-09T08:56:43.903084Z DEBUG transparent_shard_server::memory: work memory admission denied current=5905276928 limit=7516192768 held=536870912 requested=536870912
2026-09-09T08:56:44.004486Z DEBUG transparent_shard_server::memory: work memory admission denied current=5905276928 limit=7516192768 held=536870912 requested=536870912
2026-09-09T08:56:44.105391Z DEBUG transparent_shard_server::memory: work memory admission denied current=5905276928 limit=7516192768 held=536870912 requested=536870912
2026-09-09T08:56:44.206710Z DEBUG transparent_shard_server::memory: work memory admission denied current=5905276928 limit=7516192768 held=536870912 requested=536870912
2026-09-09T08:56:44.308060Z DEBUG transparent_shard_server::memory: work memory admission denied current=5905276928 limit=7516192768 held=536870912 requested=536870912
2026-09-09T08:56:44.409321Z DEBUG transparent_shard_server::memory: work memory admission denied current=5905276928 limit=7516192768 held=536870912 requested=536870912
2026-09-09T08:56:44.510633Z DEBUG transparent_shard_server::memory: work memory admission denied current=5905276928 limit=7516192768 held=536870912 requested=536870912
2026-09-09T08:56:44.612013Z DEBUG transparent_shard_server::memory: work memory admission denied current=5905477632 limit=7516192768 held=536870912 requested=536870912
2026-09-09T08:56:44.713469Z DEBUG transparent_shard_server::memory: work memory admission denied current=5905477632 limit=7516192768 held=536870912 requested=536870912
2026-09-09T08:56:44.814843Z DEBUG transparent_shard_server::memory: work memory admission denied current=5905477632 limit=7516192768 held=536870912 requested=536870912
2026-09-09T08:56:44.915262Z DEBUG transparent_shard_server::memory: work memory admission denied current=5905412096 limit=7516192768 held=536870912 requested=536870912
2026-09-09T08:56:45.016591Z DEBUG transparent_shard_server::memory: work memory admission denied current=5905412096 limit=7516192768 held=536870912 requested=536870912
2026-09-09T08:56:45.117917Z DEBUG transparent_shard_server::memory: work memory admission denied current=5905412096 limit=7516192768 held=536870912 requested=536870912
2026-09-09T08:56:45.218370Z DEBUG transparent_shard_server::memory: work memory admission denied current=5905412096 limit=7516192768 held=536870912 requested=536870912
2026-09-09T08:56:45.322331Z DEBUG transparent_shard_server::memory: work memory admission denied current=5905362944 limit=7516192768 held=536870912 requested=536870912
2026-09-09T08:56:45.423626Z DEBUG transparent_shard_server::memory: work memory admission denied current=5871673344 limit=7516192768 held=536870912 requested=536870912
2026-09-09T08:56:45.525010Z DEBUG transparent_shard_server::memory: work memory admission denied current=5871861760 limit=7516192768 held=536870912 requested=536870912
2026-09-09T08:56:45.626369Z DEBUG transparent_shard_server::memory: work memory admission denied current=5865275392 limit=7516192768 held=536870912 requested=536870912
2026-09-09T08:56:45.727820Z DEBUG transparent_shard_server::memory: work memory admission denied current=5875236864 limit=7516192768 held=536870912 requested=536870912
2026-09-09T08:56:45.829138Z DEBUG transparent_shard_server::memory: work memory admission denied current=5878644736 limit=7516192768 held=536870912 requested=536870912
2026-09-09T08:56:45.930509Z DEBUG transparent_shard_server::memory: work memory admission denied current=5882052608 limit=7516192768 held=536870912 requested=536870912
2026-09-09T08:56:46.031915Z DEBUG transparent_shard_server::memory: work memory admission denied current=5885460480 limit=7516192768 held=536870912 requested=536870912
2026-09-09T08:56:46.132326Z DEBUG transparent_shard_server::memory: work memory admission denied current=5888868352 limit=7516192768 held=536870912 requested=536870912
2026-09-09T08:56:46.233687Z DEBUG transparent_shard_server::memory: work memory admission denied current=5892276224 limit=7516192768 held=536870912 requested=536870912
2026-09-09T08:56:46.335030Z DEBUG transparent_shard_server::memory: work memory admission denied current=5895421952 limit=7516192768 held=536870912 requested=536870912
2026-09-09T08:56:46.436385Z DEBUG transparent_shard_server::memory: work memory admission denied current=5898829824 limit=7516192768 held=536870912 requested=536870912
2026-09-09T08:56:46.537777Z DEBUG transparent_shard_server::memory: work memory admission denied current=5902237696 limit=7516192768 held=536870912 requested=536870912
2026-09-09T08:56:46.639102Z DEBUG transparent_shard_server::memory: work memory admission denied current=5905383424 limit=7516192768 held=536870912 requested=536870912
2026-09-09T08:56:46.740447Z DEBUG transparent_shard_server::memory: work memory admission denied current=5905444864 limit=7516192768 held=536870912 requested=536870912
2026-09-09T08:56:46.841891Z DEBUG transparent_shard_server::memory: work memory admission denied current=5905555456 limit=7516192768 held=536870912 requested=536870912
2026-09-09T08:56:46.942249Z DEBUG transparent_shard_server::memory: work memory admission denied current=5905362944 limit=7516192768 held=536870912 requested=536870912
2026-09-09T08:56:47.043535Z DEBUG transparent_shard_server::memory: work memory admission denied current=5905391616 limit=7516192768 held=536870912 requested=536870912
2026-09-09T08:56:47.144913Z DEBUG transparent_shard_server::memory: work memory admission denied current=5905477632 limit=7516192768 held=536870912 requested=536870912
2026-09-09T08:56:47.245304Z DEBUG transparent_shard_server::memory: work memory admission denied current=5905547264 limit=7516192768 held=536870912 requested=536870912
2026-09-09T08:56:47.346614Z DEBUG transparent_shard_server::memory: work memory admission denied current=5905444864 limit=7516192768 held=536870912 requested=536870912
2026-09-09T08:56:47.447936Z DEBUG transparent_shard_server::memory: work memory admission denied current=5905559552 limit=7516192768 held=536870912 requested=536870912
2026-09-09T08:56:47.548235Z DEBUG transparent_shard_server::memory: work memory admission denied current=5905375232 limit=7516192768 held=536870912 requested=536870912
2026-09-09T08:56:47.649680Z DEBUG transparent_shard_server::memory: work memory admission denied current=5905399808 limit=7516192768 held=536870912 requested=536870912
2026-09-09T08:56:47.655739Z DEBUG transparent_shard_server::runtime: runtime stage key=("c907a0aa45b2551520863990845279fd25135889865e088c2dad6ea0d32b8fde", Directory, 0) seconds=3.936583075 stage="runtime_build"
2026-09-09T08:56:47.751099Z DEBUG transparent_shard_server::memory: work memory admission denied current=5890146304 limit=7516192768 held=536870912 requested=536870912
2026-09-09T08:56:47.852565Z DEBUG transparent_shard_server::memory: work memory admission denied current=5905289216 limit=7516192768 held=536870912 requested=536870912
2026-09-09T08:56:47.953948Z DEBUG transparent_shard_server::memory: work memory admission denied current=5904805888 limit=7516192768 held=536870912 requested=536870912
2026-09-09T08:56:48.054335Z DEBUG transparent_shard_server::memory: work memory admission denied current=5905637376 limit=7516192768 held=536870912 requested=536870912
2026-09-09T08:56:48.155641Z DEBUG transparent_shard_server::memory: work memory admission denied current=5905420288 limit=7516192768 held=536870912 requested=536870912
2026-09-09T08:56:48.256915Z DEBUG transparent_shard_server::memory: work memory admission denied current=5905461248 limit=7516192768 held=536870912 requested=536870912
2026-09-09T08:56:48.357239Z DEBUG transparent_shard_server::memory: work memory admission denied current=5905477632 limit=7516192768 held=536870912 requested=536870912
2026-09-09T08:56:48.360634Z DEBUG transparent_shard_server::runtime: runtime stage key=("c907a0aa45b2551520863990845279fd25135889865e088c2dad6ea0d32b8fde", Directory, 0) seconds=0.704849065 stage="disk_save"
2026-09-09T08:56:48.360684Z DEBUG transparent_shard_server::runtime: runtime stage key=("67574e8d4c7f7c258f8c7488f73e80a9476f8074c3db3540325133ff25020c2b", Directory, 0) seconds=9.685426352 stage="build_slot"
2026-09-09T08:56:48.459057Z DEBUG transparent_shard_server::memory: cold build admission wait seconds=4.938653433 admitted=true
2026-09-09T08:56:48.459136Z DEBUG transparent_shard_server::memory: work memory admission denied current=5905207296 limit=7516192768 held=536870912 requested=536870912
2026-09-09T08:56:48.560486Z DEBUG transparent_shard_server::memory: work memory admission denied current=5905207296 limit=7516192768 held=536870912 requested=536870912
2026-09-09T08:56:48.585223Z DEBUG transparent_shard_server::runtime: runtime stage key=("c907a0aa45b2551520863990845279fd25135889865e088c2dad6ea0d32b8fde", Pages, 0) seconds=0.126047066 stage="source_load"
2026-09-09T08:56:48.661943Z DEBUG transparent_shard_server::memory: work memory admission denied current=5905207296 limit=7516192768 held=536870912 requested=536870912
2026-09-09T08:56:48.762302Z DEBUG transparent_shard_server::memory: work memory admission denied current=5905207296 limit=7516192768 held=536870912 requested=536870912
2026-09-09T08:56:48.863796Z DEBUG transparent_shard_server::memory: work memory admission denied current=5905207296 limit=7516192768 held=536870912 requested=536870912
2026-09-09T08:56:48.964288Z DEBUG transparent_shard_server::memory: work memory admission denied current=5905207296 limit=7516192768 held=536870912 requested=536870912
2026-09-09T08:56:49.065567Z DEBUG transparent_shard_server::memory: work memory admission denied current=5905207296 limit=7516192768 held=536870912 requested=536870912
2026-09-09T08:56:49.166884Z DEBUG transparent_shard_server::memory: work memory admission denied current=5905207296 limit=7516192768 held=536870912 requested=536870912
2026-09-09T08:56:49.267182Z DEBUG transparent_shard_server::memory: work memory admission denied current=5905207296 limit=7516192768 held=536870912 requested=536870912
2026-09-09T08:56:49.368471Z DEBUG transparent_shard_server::memory: work memory admission denied current=5905207296 limit=7516192768 held=536870912 requested=536870912
2026-09-09T08:56:49.469814Z DEBUG transparent_shard_server::memory: work memory admission denied current=5905207296 limit=7516192768 held=536870912 requested=536870912
2026-09-09T08:56:49.571180Z DEBUG transparent_shard_server::memory: work memory admission denied current=5905207296 limit=7516192768 held=536870912 requested=536870912
2026-09-09T08:56:49.672538Z DEBUG transparent_shard_server::memory: work memory admission denied current=5905207296 limit=7516192768 held=536870912 requested=536870912
2026-09-09T08:56:49.773986Z DEBUG transparent_shard_server::memory: work memory admission denied current=5905149952 limit=7516192768 held=536870912 requested=536870912
2026-09-09T08:56:49.874378Z DEBUG transparent_shard_server::memory: work memory admission denied current=5905149952 limit=7516192768 held=536870912 requested=536870912
2026-09-09T08:56:49.975711Z DEBUG transparent_shard_server::memory: work memory admission denied current=5905149952 limit=7516192768 held=536870912 requested=536870912
2026-09-09T08:56:50.077051Z DEBUG transparent_shard_server::memory: work memory admission denied current=5905149952 limit=7516192768 held=536870912 requested=536870912
2026-09-09T08:56:50.180291Z DEBUG transparent_shard_server::memory: work memory admission denied current=5905395712 limit=7516192768 held=536870912 requested=536870912
2026-09-09T08:56:50.281594Z DEBUG transparent_shard_server::memory: work memory admission denied current=5871624192 limit=7516192768 held=536870912 requested=536870912
2026-09-09T08:56:50.382968Z DEBUG transparent_shard_server::memory: work memory admission denied current=5871816704 limit=7516192768 held=536870912 requested=536870912
2026-09-09T08:56:50.483294Z DEBUG transparent_shard_server::memory: work memory admission denied current=5905387520 limit=7516192768 held=536870912 requested=536870912
2026-09-09T08:56:50.584620Z DEBUG transparent_shard_server::memory: work memory admission denied current=5905416192 limit=7516192768 held=536870912 requested=536870912
2026-09-09T08:56:50.686005Z DEBUG transparent_shard_server::memory: work memory admission denied current=5905444864 limit=7516192768 held=536870912 requested=536870912
2026-09-09T08:56:50.787347Z DEBUG transparent_shard_server::memory: work memory admission denied current=5905567744 limit=7516192768 held=536870912 requested=536870912
2026-09-09T08:56:50.888663Z DEBUG transparent_shard_server::memory: work memory admission denied current=5905367040 limit=7516192768 held=536870912 requested=536870912
2026-09-09T08:56:50.990118Z DEBUG transparent_shard_server::memory: work memory admission denied current=5905395712 limit=7516192768 held=536870912 requested=536870912
2026-09-09T08:56:51.091450Z DEBUG transparent_shard_server::memory: work memory admission denied current=5905416192 limit=7516192768 held=536870912 requested=536870912
2026-09-09T08:56:51.192794Z DEBUG transparent_shard_server::memory: work memory admission denied current=5905448960 limit=7516192768 held=536870912 requested=536870912
2026-09-09T08:56:51.294190Z DEBUG transparent_shard_server::memory: work memory admission denied current=5905469440 limit=7516192768 held=536870912 requested=536870912
2026-09-09T08:56:51.395520Z DEBUG transparent_shard_server::memory: work memory admission denied current=5905367040 limit=7516192768 held=536870912 requested=536870912
2026-09-09T08:56:51.496907Z DEBUG transparent_shard_server::memory: work memory admission denied current=5905489920 limit=7516192768 held=536870912 requested=536870912
2026-09-09T08:56:51.597317Z DEBUG transparent_shard_server::memory: work memory admission denied current=5905440768 limit=7516192768 held=536870912 requested=536870912
2026-09-09T08:56:51.698625Z DEBUG transparent_shard_server::memory: work memory admission denied current=5905469440 limit=7516192768 held=536870912 requested=536870912
2026-09-09T08:56:51.800030Z DEBUG transparent_shard_server::memory: work memory admission denied current=5905547264 limit=7516192768 held=536870912 requested=536870912
2026-09-09T08:56:51.901341Z DEBUG transparent_shard_server::memory: work memory admission denied current=5905440768 limit=7516192768 held=536870912 requested=536870912
2026-09-09T08:56:52.002664Z DEBUG transparent_shard_server::memory: work memory admission denied current=5905465344 limit=7516192768 held=536870912 requested=536870912
2026-09-09T08:56:52.103982Z DEBUG transparent_shard_server::memory: work memory admission denied current=5905539072 limit=7516192768 held=536870912 requested=536870912
2026-09-09T08:56:52.205297Z DEBUG transparent_shard_server::memory: work memory admission denied current=5905354752 limit=7516192768 held=536870912 requested=536870912
2026-09-09T08:56:52.306630Z DEBUG transparent_shard_server::memory: work memory admission denied current=5905457152 limit=7516192768 held=536870912 requested=536870912
2026-09-09T08:56:52.408027Z DEBUG transparent_shard_server::memory: work memory admission denied current=5905317888 limit=7516192768 held=536870912 requested=536870912
2026-09-09T08:56:52.509357Z DEBUG transparent_shard_server::memory: work memory admission denied current=5905391616 limit=7516192768 held=536870912 requested=536870912
2026-09-09T08:56:52.516548Z DEBUG transparent_shard_server::runtime: runtime stage key=("c907a0aa45b2551520863990845279fd25135889865e088c2dad6ea0d32b8fde", Pages, 0) seconds=3.931288546 stage="runtime_build"
2026-09-09T08:56:52.610675Z DEBUG transparent_shard_server::memory: work memory admission denied current=5905448960 limit=7516192768 held=536870912 requested=536870912
2026-09-09T08:56:52.712067Z DEBUG transparent_shard_server::memory: work memory admission denied current=5905489920 limit=7516192768 held=536870912 requested=536870912
2026-09-09T08:56:52.813400Z DEBUG transparent_shard_server::memory: work memory admission denied current=5905547264 limit=7516192768 held=536870912 requested=536870912
2026-09-09T08:56:52.914700Z DEBUG transparent_shard_server::memory: work memory admission denied current=5905321984 limit=7516192768 held=536870912 requested=536870912
2026-09-09T08:56:53.016026Z DEBUG transparent_shard_server::memory: work memory admission denied current=5905326080 limit=7516192768 held=536870912 requested=536870912
2026-09-09T08:56:53.117378Z DEBUG transparent_shard_server::memory: work memory admission denied current=5905354752 limit=7516192768 held=536870912 requested=536870912
2026-09-09T08:56:53.218694Z DEBUG transparent_shard_server::memory: work memory admission denied current=5905375232 limit=7516192768 held=536870912 requested=536870912
2026-09-09T08:56:53.237047Z DEBUG transparent_shard_server::runtime: runtime stage key=("c907a0aa45b2551520863990845279fd25135889865e088c2dad6ea0d32b8fde", Pages, 0) seconds=0.720468877 stage="disk_save"
2026-09-09T08:56:53.237135Z DEBUG transparent_shard_server::runtime: runtime stage key=("67574e8d4c7f7c258f8c7488f73e80a9476f8074c3db3540325133ff25020c2b", Pages, 0) seconds=9.716471183 stage="build_slot"
2026-09-09T08:56:53.319457Z DEBUG transparent_shard_server::memory: cold build admission wait seconds=4.958757103 admitted=true
2026-09-09T08:56:53.319545Z DEBUG transparent_shard_server::memory: work memory admission denied current=5905367040 limit=7516192768 held=536870912 requested=536870912
2026-09-09T08:56:53.420909Z DEBUG transparent_shard_server::memory: work memory admission denied current=5905367040 limit=7516192768 held=536870912 requested=536870912
2026-09-09T08:56:53.439435Z DEBUG transparent_shard_server::runtime: runtime stage key=("67574e8d4c7f7c258f8c7488f73e80a9476f8074c3db3540325133ff25020c2b", Directory, 0) seconds=0.119822979 stage="source_load"
2026-09-09T08:56:53.521274Z DEBUG transparent_shard_server::memory: work memory admission denied current=5905354752 limit=7516192768 held=536870912 requested=536870912
2026-09-09T08:56:53.622596Z DEBUG transparent_shard_server::memory: work memory admission denied current=5905354752 limit=7516192768 held=536870912 requested=536870912
2026-09-09T08:56:53.723973Z DEBUG transparent_shard_server::memory: work memory admission denied current=5905354752 limit=7516192768 held=536870912 requested=536870912
2026-09-09T08:56:53.826306Z DEBUG transparent_shard_server::memory: work memory admission denied current=5905354752 limit=7516192768 held=536870912 requested=536870912
2026-09-09T08:56:53.927604Z DEBUG transparent_shard_server::memory: work memory admission denied current=5905354752 limit=7516192768 held=536870912 requested=536870912
2026-09-09T08:56:54.028927Z DEBUG transparent_shard_server::memory: work memory admission denied current=5905354752 limit=7516192768 held=536870912 requested=536870912
2026-09-09T08:56:54.129301Z DEBUG transparent_shard_server::memory: work memory admission denied current=5905354752 limit=7516192768 held=536870912 requested=536870912
2026-09-09T08:56:54.230626Z DEBUG transparent_shard_server::memory: work memory admission denied current=5905354752 limit=7516192768 held=536870912 requested=536870912
2026-09-09T08:56:54.332166Z DEBUG transparent_shard_server::memory: work memory admission denied current=5905354752 limit=7516192768 held=536870912 requested=536870912
2026-09-09T08:56:54.433519Z DEBUG transparent_shard_server::memory: work memory admission denied current=5905354752 limit=7516192768 held=536870912 requested=536870912
2026-09-09T08:56:54.534907Z DEBUG transparent_shard_server::memory: work memory admission denied current=5905354752 limit=7516192768 held=536870912 requested=536870912
2026-09-09T08:56:54.635255Z DEBUG transparent_shard_server::memory: work memory admission denied current=5905354752 limit=7516192768 held=536870912 requested=536870912
2026-09-09T08:56:54.736677Z DEBUG transparent_shard_server::memory: work memory admission denied current=5905354752 limit=7516192768 held=536870912 requested=536870912
2026-09-09T08:56:54.838014Z DEBUG transparent_shard_server::memory: work memory admission denied current=5905354752 limit=7516192768 held=536870912 requested=536870912
2026-09-09T08:56:54.939385Z DEBUG transparent_shard_server::memory: work memory admission denied current=5905354752 limit=7516192768 held=536870912 requested=536870912
2026-09-09T08:56:55.040313Z DEBUG transparent_shard_server::memory: work memory admission denied current=5905498112 limit=7516192768 held=536870912 requested=536870912
2026-09-09T08:56:55.143278Z DEBUG transparent_shard_server::memory: work memory admission denied current=5871751168 limit=7516192768 held=536870912 requested=536870912
2026-09-09T08:56:55.244634Z DEBUG transparent_shard_server::memory: work memory admission denied current=5871751168 limit=7516192768 held=536870912 requested=536870912
2026-09-09T08:56:55.346077Z DEBUG transparent_shard_server::memory: work memory admission denied current=5905469440 limit=7516192768 held=536870912 requested=536870912
2026-09-09T08:56:55.447402Z DEBUG transparent_shard_server::memory: work memory admission denied current=5905367040 limit=7516192768 held=536870912 requested=536870912
2026-09-09T08:56:55.548777Z DEBUG transparent_shard_server::memory: work memory admission denied current=5905432576 limit=7516192768 held=536870912 requested=536870912
2026-09-09T08:56:55.650268Z DEBUG transparent_shard_server::memory: work memory admission denied current=5905514496 limit=7516192768 held=536870912 requested=536870912
2026-09-09T08:56:55.751582Z DEBUG transparent_shard_server::memory: work memory admission denied current=5905539072 limit=7516192768 held=536870912 requested=536870912
2026-09-09T08:56:55.853103Z DEBUG transparent_shard_server::memory: work memory admission denied current=5905391616 limit=7516192768 held=536870912 requested=536870912
2026-09-09T08:56:55.954430Z DEBUG transparent_shard_server::memory: work memory admission denied current=5905416192 limit=7516192768 held=536870912 requested=536870912
2026-09-09T08:56:56.055792Z DEBUG transparent_shard_server::memory: work memory admission denied current=5905494016 limit=7516192768 held=536870912 requested=536870912
2026-09-09T08:56:56.156252Z DEBUG transparent_shard_server::memory: work memory admission denied current=5905408000 limit=7516192768 held=536870912 requested=536870912
2026-09-09T08:56:56.257539Z DEBUG transparent_shard_server::memory: work memory admission denied current=5905432576 limit=7516192768 held=536870912 requested=536870912
2026-09-09T08:56:56.358859Z DEBUG transparent_shard_server::memory: work memory admission denied current=5905367040 limit=7516192768 held=536870912 requested=536870912
2026-09-09T08:56:56.460125Z DEBUG transparent_shard_server::memory: work memory admission denied current=5905567744 limit=7516192768 held=536870912 requested=536870912
2026-09-09T08:56:56.561507Z DEBUG transparent_shard_server::memory: work memory admission denied current=5905428480 limit=7516192768 held=536870912 requested=536870912
2026-09-09T08:56:56.662891Z DEBUG transparent_shard_server::memory: work memory admission denied current=5905444864 limit=7516192768 held=536870912 requested=536870912
2026-09-09T08:56:56.763254Z DEBUG transparent_shard_server::memory: work memory admission denied current=5905473536 limit=7516192768 held=536870912 requested=536870912
2026-09-09T08:56:56.864682Z DEBUG transparent_shard_server::memory: work memory admission denied current=5905551360 limit=7516192768 held=536870912 requested=536870912
2026-09-09T08:56:56.965982Z DEBUG transparent_shard_server::memory: work memory admission denied current=5905485824 limit=7516192768 held=536870912 requested=536870912
2026-09-09T08:56:57.066366Z DEBUG transparent_shard_server::memory: work memory admission denied current=5905350656 limit=7516192768 held=536870912 requested=536870912
2026-09-09T08:56:57.167699Z DEBUG transparent_shard_server::memory: work memory admission denied current=5905420288 limit=7516192768 held=536870912 requested=536870912
2026-09-09T08:56:57.269055Z DEBUG transparent_shard_server::memory: work memory admission denied current=5905502208 limit=7516192768 held=536870912 requested=536870912
2026-09-09T08:56:57.347715Z DEBUG transparent_shard_server::runtime: runtime stage key=("67574e8d4c7f7c258f8c7488f73e80a9476f8074c3db3540325133ff25020c2b", Directory, 0) seconds=3.908235008 stage="runtime_build"
2026-09-09T08:56:57.370409Z DEBUG transparent_shard_server::memory: work memory admission denied current=5905334272 limit=7516192768 held=536870912 requested=536870912
2026-09-09T08:56:57.471690Z DEBUG transparent_shard_server::memory: work memory admission denied current=5905350656 limit=7516192768 held=536870912 requested=536870912
2026-09-09T08:56:57.573023Z DEBUG transparent_shard_server::memory: work memory admission denied current=5905395712 limit=7516192768 held=536870912 requested=536870912
2026-09-09T08:56:57.674332Z DEBUG transparent_shard_server::memory: work memory admission denied current=5905440768 limit=7516192768 held=536870912 requested=536870912
2026-09-09T08:56:57.775668Z DEBUG transparent_shard_server::memory: work memory admission denied current=5905481728 limit=7516192768 held=536870912 requested=536870912
2026-09-09T08:56:57.877071Z DEBUG transparent_shard_server::memory: work memory admission denied current=5905526784 limit=7516192768 held=536870912 requested=536870912
2026-09-09T08:56:57.978429Z DEBUG transparent_shard_server::memory: work memory admission denied current=5905326080 limit=7516192768 held=536870912 requested=536870912
2026-09-09T08:56:58.049999Z DEBUG transparent_shard_server::runtime: runtime stage key=("67574e8d4c7f7c258f8c7488f73e80a9476f8074c3db3540325133ff25020c2b", Directory, 0) seconds=0.702250759 stage="disk_save"
2026-09-09T08:56:58.079304Z DEBUG transparent_shard_server::memory: cold build admission wait seconds=4.84214351 admitted=true
2026-09-09T08:56:58.202118Z DEBUG transparent_shard_server::runtime: runtime stage key=("67574e8d4c7f7c258f8c7488f73e80a9476f8074c3db3540325133ff25020c2b", Pages, 0) seconds=0.12275694 stage="source_load"
2026-09-09T08:57:02.245003Z DEBUG transparent_shard_server::runtime: runtime stage key=("67574e8d4c7f7c258f8c7488f73e80a9476f8074c3db3540325133ff25020c2b", Pages, 0) seconds=4.042842824 stage="runtime_build"
2026-09-09T08:57:02.938677Z DEBUG transparent_shard_server::runtime: runtime stage key=("67574e8d4c7f7c258f8c7488f73e80a9476f8074c3db3540325133ff25020c2b", Pages, 0) seconds=0.693636174 stage="disk_save"
2026-09-09T08:57:02.938745Z  INFO transparent_shard_server::service: prewarm finished warm=28 target=28 failed=0 seconds=101.614640848
2026-09-09T08:57:03.379368Z  INFO transparent_shard_server::runtime: retired runtime memory reclaimed rss_before=5491273728 rss_after=4397838336
2026-09-09T08:57:03.963767Z DEBUG transparent_shard_server::runtime: runtime stage key=("be059aab39ac34125e0452548d6fbcfb1e7cdb7237a597bd59ee86011ed4882b", Pages, 0) seconds=8.05e-7 stage="restore_slot"
2026-09-09T08:57:03.963754Z DEBUG transparent_shard_server::runtime: runtime stage key=("be059aab39ac34125e0452548d6fbcfb1e7cdb7237a597bd59ee86011ed4882b", Directory, 0) seconds=9.03e-7 stage="restore_slot"
2026-09-09T08:57:03.963925Z DEBUG transparent_shard_server::runtime: runtime stage key=("be059aab39ac34125e0452548d6fbcfb1e7cdb7237a597bd59ee86011ed4882b", Directory, 0) seconds=3.536e-5 hit=false stage="disk_restore"
2026-09-09T08:57:03.963941Z DEBUG transparent_shard_server::runtime: runtime stage key=("be059aab39ac34125e0452548d6fbcfb1e7cdb7237a597bd59ee86011ed4882b", Directory, 0) seconds=6.7e-7 stage="build_slot"
2026-09-09T08:57:03.963947Z DEBUG transparent_shard_server::runtime: runtime stage key=("be059aab39ac34125e0452548d6fbcfb1e7cdb7237a597bd59ee86011ed4882b", Pages, 0) seconds=3.4757e-5 hit=false stage="disk_restore"
2026-09-09T08:57:03.963970Z DEBUG transparent_shard_server::memory: cold build admission wait seconds=2.6335e-5 admitted=true
2026-09-09T08:57:03.963981Z DEBUG transparent_shard_server::runtime: runtime stage key=("be059aab39ac34125e0452548d6fbcfb1e7cdb7237a597bd59ee86011ed4882b", Pages, 0) seconds=1.84e-7 stage="build_slot"
2026-09-09T08:57:03.964004Z DEBUG transparent_shard_server::memory: cold build admission wait seconds=2.0395e-5 admitted=true
2026-09-09T08:57:04.111418Z DEBUG transparent_shard_server::runtime: runtime stage key=("be059aab39ac34125e0452548d6fbcfb1e7cdb7237a597bd59ee86011ed4882b", Pages, 0) seconds=0.147404479 stage="source_load"
2026-09-09T08:57:04.113318Z DEBUG transparent_shard_server::runtime: runtime stage key=("be059aab39ac34125e0452548d6fbcfb1e7cdb7237a597bd59ee86011ed4882b", Directory, 0) seconds=0.149333895 stage="source_load"
2026-09-09T08:57:06.344334Z DEBUG transparent_shard_server::memory: work memory admission denied current=5262258176 limit=7516192768 held=1342177280 requested=268435456
2026-09-09T08:57:06.630636Z DEBUG transparent_shard_server::memory: work memory admission denied current=5310312448 limit=7516192768 held=1342177280 requested=268435456
2026-09-09T08:57:06.837201Z DEBUG transparent_shard_server::memory: work memory admission denied current=5378256896 limit=7516192768 held=1342177280 requested=268435456
2026-09-09T08:57:07.016195Z DEBUG transparent_shard_server::memory: work memory admission denied current=5584330752 limit=7516192768 held=1073741824 requested=268435456
2026-09-09T08:57:07.041391Z DEBUG transparent_shard_server::memory: work memory admission denied current=5586190336 limit=7516192768 held=1073741824 requested=268435456
2026-09-09T08:57:07.218096Z DEBUG transparent_shard_server::memory: work memory admission denied current=5597560832 limit=7516192768 held=1073741824 requested=268435456
2026-09-09T08:57:07.244290Z DEBUG transparent_shard_server::memory: work memory admission denied current=5599125504 limit=7516192768 held=1073741824 requested=268435456
2026-09-09T08:57:07.419706Z DEBUG transparent_shard_server::memory: work memory admission denied current=5610659840 limit=7516192768 held=1073741824 requested=268435456
2026-09-09T08:57:07.446076Z DEBUG transparent_shard_server::memory: work memory admission denied current=5612228608 limit=7516192768 held=1073741824 requested=268435456
2026-09-09T08:57:07.623321Z DEBUG transparent_shard_server::memory: work memory admission denied current=5623779328 limit=7516192768 held=1073741824 requested=268435456
2026-09-09T08:57:07.656966Z DEBUG transparent_shard_server::memory: work memory admission denied current=5626142720 limit=7516192768 held=1073741824 requested=268435456
2026-09-09T08:57:07.826313Z DEBUG transparent_shard_server::memory: work memory admission denied current=5637169152 limit=7516192768 held=1073741824 requested=268435456
2026-09-09T08:57:07.868570Z DEBUG transparent_shard_server::memory: work memory admission denied current=5639782400 limit=7516192768 held=1073741824 requested=268435456
2026-09-09T08:57:08.028790Z DEBUG transparent_shard_server::memory: work memory admission denied current=5650780160 limit=7516192768 held=1073741824 requested=268435456
2026-09-09T08:57:08.077221Z DEBUG transparent_shard_server::memory: work memory admission denied current=5653798912 limit=7516192768 held=1073741824 requested=268435456
2026-09-09T08:57:08.231371Z DEBUG transparent_shard_server::memory: work memory admission denied current=5663608832 limit=7516192768 held=1073741824 requested=268435456
2026-09-09T08:57:08.281323Z DEBUG transparent_shard_server::memory: work memory admission denied current=5666742272 limit=7516192768 held=1073741824 requested=268435456
2026-09-09T08:57:08.434624Z DEBUG transparent_shard_server::memory: work memory admission denied current=5677182976 limit=7516192768 held=1073741824 requested=268435456
2026-09-09T08:57:08.484897Z DEBUG transparent_shard_server::memory: work memory admission denied current=5680074752 limit=7516192768 held=1073741824 requested=268435456
2026-09-09T08:57:08.636517Z DEBUG transparent_shard_server::memory: work memory admission denied current=5690040320 limit=7516192768 held=1073741824 requested=268435456
2026-09-09T08:57:08.688135Z DEBUG transparent_shard_server::memory: work memory admission denied current=5693706240 limit=7516192768 held=1073741824 requested=268435456
2026-09-09T08:57:08.840247Z DEBUG transparent_shard_server::memory: work memory admission denied current=5703147520 limit=7516192768 held=1073741824 requested=268435456
2026-09-09T08:57:08.890931Z DEBUG transparent_shard_server::memory: work memory admission denied current=5706813440 limit=7516192768 held=1073741824 requested=268435456
2026-09-09T08:57:09.023012Z DEBUG transparent_shard_server::runtime: runtime stage key=("be059aab39ac34125e0452548d6fbcfb1e7cdb7237a597bd59ee86011ed4882b", Pages, 0) seconds=4.911560203 stage="runtime_build"
2026-09-09T08:57:09.039454Z DEBUG transparent_shard_server::runtime: runtime stage key=("be059aab39ac34125e0452548d6fbcfb1e7cdb7237a597bd59ee86011ed4882b", Directory, 0) seconds=4.926108621 stage="runtime_build"
2026-09-09T08:57:09.043941Z DEBUG transparent_shard_server::memory: work memory admission denied current=5686296576 limit=7516192768 held=1073741824 requested=268435456
2026-09-09T08:57:09.094897Z DEBUG transparent_shard_server::memory: work memory admission denied current=5696008192 limit=7516192768 held=1073741824 requested=268435456
2026-09-09T08:57:09.246391Z DEBUG transparent_shard_server::memory: work memory admission denied current=5726420992 limit=7516192768 held=1073741824 requested=268435456
2026-09-09T08:57:09.298406Z DEBUG transparent_shard_server::memory: work memory admission denied current=5737172992 limit=7516192768 held=1073741824 requested=268435456
2026-09-09T08:57:09.449004Z DEBUG transparent_shard_server::memory: work memory admission denied current=5770727424 limit=7516192768 held=1073741824 requested=268435456
2026-09-09T08:57:09.501760Z DEBUG transparent_shard_server::memory: work memory admission denied current=5781479424 limit=7516192768 held=1073741824 requested=268435456
2026-09-09T08:57:09.651129Z DEBUG transparent_shard_server::memory: work memory admission denied current=5815033856 limit=7516192768 held=1073741824 requested=268435456
2026-09-09T08:57:09.706635Z DEBUG transparent_shard_server::memory: work memory admission denied current=5820280832 limit=7516192768 held=1073741824 requested=268435456
2026-09-09T08:57:09.719065Z DEBUG transparent_shard_server::runtime: runtime stage key=("be059aab39ac34125e0452548d6fbcfb1e7cdb7237a597bd59ee86011ed4882b", Pages, 0) seconds=0.696009527 stage="disk_save"
2026-09-09T08:57:10.439275Z DEBUG transparent_shard_server::runtime: runtime stage key=("be059aab39ac34125e0452548d6fbcfb1e7cdb7237a597bd59ee86011ed4882b", Directory, 0) seconds=1.399778372 stage="disk_save"
2026-09-09T08:57:10.439464Z  INFO transparent_shard_server::service: prewarm finished warm=28 target=28 failed=0 seconds=6.475772378
2026-09-09T08:57:10.439511Z DEBUG transparent_shard_server::live: publication preparation stages map=32426d9e9300c44558210d8540b636402af2b3c322627f9e9f26e0082b489725 loading_seconds=0.640043387 warming_seconds=6.475851979
2026-09-09T08:57:10.487539Z  INFO transparent_shard_server::runtime: retired runtime memory reclaimed rss_before=5233532928 rss_after=4464537600
2026-09-09T08:57:10.494334Z DEBUG transparent_shard_server::runtime: runtime stage key=("5b7ee9849d47f5ee67d04eb6ca4588beacf42dce75e5a1b481dfd02607b1fb20", Pages, 0) seconds=6.3e-7 stage="restore_slot"
2026-09-09T08:57:10.562634Z DEBUG transparent_shard_server::runtime: runtime stage key=("5b7ee9849d47f5ee67d04eb6ca4588beacf42dce75e5a1b481dfd02607b1fb20", Directory, 0) seconds=9.45e-7 stage="restore_slot"
2026-09-09T08:57:11.037251Z DEBUG transparent_shard_server::runtime: runtime stage key=("268f5c527d35817d37919707b04a706c850d449156baa071b5438dbf8eb53aec", Directory, 0) seconds=9.95e-7 stage="restore_slot"
2026-09-09T08:57:11.037327Z DEBUG transparent_shard_server::runtime: runtime stage key=("268f5c527d35817d37919707b04a706c850d449156baa071b5438dbf8eb53aec", Pages, 0) seconds=2.18e-7 stage="restore_slot"
2026-09-09T08:57:11.040223Z DEBUG transparent_shard_server::runtime: runtime stage key=("268f5c527d35817d37919707b04a706c850d449156baa071b5438dbf8eb53aec", Directory, 0) seconds=4.0776e-5 hit=false stage="disk_restore"
2026-09-09T08:57:11.040261Z DEBUG transparent_shard_server::runtime: runtime stage key=("268f5c527d35817d37919707b04a706c850d449156baa071b5438dbf8eb53aec", Pages, 0) seconds=4.3695e-5 hit=false stage="disk_restore"
2026-09-09T08:57:11.040265Z DEBUG transparent_shard_server::runtime: runtime stage key=("268f5c527d35817d37919707b04a706c850d449156baa071b5438dbf8eb53aec", Directory, 0) seconds=4.24e-7 stage="build_slot"
2026-09-09T08:57:11.040298Z DEBUG transparent_shard_server::runtime: runtime stage key=("268f5c527d35817d37919707b04a706c850d449156baa071b5438dbf8eb53aec", Pages, 0) seconds=1.5e-6 stage="build_slot"
2026-09-09T08:57:11.040329Z DEBUG transparent_shard_server::memory: cold build admission wait seconds=4.5472e-5 admitted=true
2026-09-09T08:57:11.040412Z DEBUG transparent_shard_server::memory: work memory admission denied current=5428232192 limit=7516192768 held=1073741824 requested=536870912
2026-09-09T08:57:11.142034Z DEBUG transparent_shard_server::memory: work memory admission denied current=5526798336 limit=7516192768 held=1073741824 requested=536870912
2026-09-09T08:57:11.179601Z DEBUG transparent_shard_server::runtime: runtime stage key=("268f5c527d35817d37919707b04a706c850d449156baa071b5438dbf8eb53aec", Directory, 0) seconds=0.139253199 stage="source_load"
2026-09-09T08:57:11.243833Z DEBUG transparent_shard_server::memory: work memory admission denied current=5634015232 limit=7516192768 held=1073741824 requested=536870912
2026-09-09T08:57:11.344149Z DEBUG transparent_shard_server::memory: work memory admission denied current=5705580544 limit=7516192768 held=1073741824 requested=536870912
2026-09-09T08:57:11.406458Z DEBUG transparent_shard_server::runtime: runtime stage key=("5b7ee9849d47f5ee67d04eb6ca4588beacf42dce75e5a1b481dfd02607b1fb20", Pages, 0) seconds=0.911982006 hit=true stage="disk_restore"
2026-09-09T08:57:11.445975Z DEBUG transparent_shard_server::memory: work memory admission denied current=5764300800 limit=7516192768 held=1073741824 requested=536870912
2026-09-09T08:57:11.474221Z DEBUG transparent_shard_server::runtime: runtime stage key=("5b7ee9849d47f5ee67d04eb6ca4588beacf42dce75e5a1b481dfd02607b1fb20", Directory, 0) seconds=0.91101677 hit=true stage="disk_restore"
2026-09-09T08:57:11.547308Z DEBUG transparent_shard_server::memory: work memory admission denied current=5772951552 limit=7516192768 held=1073741824 requested=536870912
2026-09-09T08:57:11.556570Z DEBUG transparent_shard_server::runtime: runtime stage key=("5b7ee9849d47f5ee67d04eb6ca4588beacf42dce75e5a1b481dfd02607b1fb20", Pages, 0) seconds=0.150081313 stage="source_verify"
2026-09-09T08:57:11.556592Z  INFO transparent_shard_server::runtime: restored runtime cache seconds=1.062118504
2026-09-09T08:57:11.590443Z DEBUG transparent_shard_server::memory: work memory admission denied current=5773488128 limit=7516192768 held=805306368 requested=268435456
2026-09-09T08:57:11.640700Z DEBUG transparent_shard_server::runtime: runtime stage key=("5b7ee9849d47f5ee67d04eb6ca4588beacf42dce75e5a1b481dfd02607b1fb20", Directory, 0) seconds=0.166442307 stage="source_verify"
2026-09-09T08:57:11.640726Z  INFO transparent_shard_server::runtime: restored runtime cache seconds=1.077527401
2026-09-09T08:57:11.649139Z DEBUG transparent_shard_server::memory: work memory admission denied current=5772996608 limit=7516192768 held=536870912 requested=536870912
2026-09-09T08:57:11.750569Z DEBUG transparent_shard_server::memory: work memory admission denied current=5773631488 limit=7516192768 held=805306368 requested=536870912
2026-09-09T08:57:11.795838Z DEBUG transparent_shard_server::memory: work memory admission denied current=5773746176 limit=7516192768 held=805306368 requested=268435456
2026-09-09T08:57:11.851240Z DEBUG transparent_shard_server::memory: work memory admission denied current=5773262848 limit=7516192768 held=805306368 requested=536870912
2026-09-09T08:57:11.952331Z DEBUG transparent_shard_server::memory: work memory admission denied current=5773520896 limit=7516192768 held=805306368 requested=536870912
2026-09-09T08:57:12.000492Z DEBUG transparent_shard_server::memory: work memory admission denied current=5773758464 limit=7516192768 held=805306368 requested=268435456
2026-09-09T08:57:12.053918Z DEBUG transparent_shard_server::memory: work memory admission denied current=5773271040 limit=7516192768 held=805306368 requested=536870912
2026-09-09T08:57:12.154961Z DEBUG transparent_shard_server::memory: work memory admission denied current=5840515072 limit=7516192768 held=536870912 requested=536870912
2026-09-09T08:57:12.256172Z DEBUG transparent_shard_server::memory: work memory admission denied current=5840683008 limit=7516192768 held=536870912 requested=536870912
2026-09-09T08:57:12.357268Z DEBUG transparent_shard_server::memory: work memory admission denied current=5840449536 limit=7516192768 held=536870912 requested=536870912
2026-09-09T08:57:12.459077Z DEBUG transparent_shard_server::memory: work memory admission denied current=5840777216 limit=7516192768 held=536870912 requested=536870912
2026-09-09T08:57:12.560980Z DEBUG transparent_shard_server::memory: work memory admission denied current=5840777216 limit=7516192768 held=536870912 requested=536870912
2026-09-09T08:57:12.661762Z DEBUG transparent_shard_server::memory: work memory admission denied current=5840633856 limit=7516192768 held=536870912 requested=536870912
2026-09-09T08:57:12.762752Z DEBUG transparent_shard_server::memory: work memory admission denied current=5841391616 limit=7516192768 held=536870912 requested=536870912
2026-09-09T08:57:12.863222Z DEBUG transparent_shard_server::memory: work memory admission denied current=5885677568 limit=7516192768 held=805306368 requested=536870912
2026-09-09T08:57:12.892828Z DEBUG transparent_shard_server::memory: work memory admission denied current=5896658944 limit=7516192768 held=805306368 requested=268435456
2026-09-09T08:57:12.965244Z DEBUG transparent_shard_server::memory: work memory admission denied current=5871742976 limit=7516192768 held=536870912 requested=536870912
2026-09-09T08:57:13.067128Z DEBUG transparent_shard_server::memory: work memory admission denied current=5901053952 limit=7516192768 held=536870912 requested=536870912
2026-09-09T08:57:13.097502Z DEBUG transparent_shard_server::memory: work memory admission denied current=5905485824 limit=7516192768 held=805306368 requested=268435456
2026-09-09T08:57:13.168902Z DEBUG transparent_shard_server::memory: work memory admission denied current=5872250880 limit=7516192768 held=536870912 requested=536870912
2026-09-09T08:57:13.270174Z DEBUG transparent_shard_server::memory: work memory admission denied current=5905104896 limit=7516192768 held=536870912 requested=536870912
2026-09-09T08:57:13.311296Z DEBUG transparent_shard_server::memory: work memory admission denied current=5905252352 limit=7516192768 held=805306368 requested=268435456
2026-09-09T08:57:13.371837Z DEBUG transparent_shard_server::memory: work memory admission denied current=5905113088 limit=7516192768 held=536870912 requested=536870912
2026-09-09T08:57:13.474189Z DEBUG transparent_shard_server::memory: work memory admission denied current=5905477632 limit=7516192768 held=805306368 requested=536870912
2026-09-09T08:57:13.576060Z DEBUG transparent_shard_server::memory: work memory admission denied current=5905412096 limit=7516192768 held=536870912 requested=536870912
2026-09-09T08:57:13.677748Z DEBUG transparent_shard_server::memory: work memory admission denied current=5905424384 limit=7516192768 held=805306368 requested=536870912
2026-09-09T08:57:13.778299Z DEBUG transparent_shard_server::memory: work memory admission denied current=5905547264 limit=7516192768 held=536870912 requested=536870912
2026-09-09T08:57:13.879515Z DEBUG transparent_shard_server::memory: work memory admission denied current=5905391616 limit=7516192768 held=536870912 requested=536870912
2026-09-09T08:57:13.980968Z DEBUG transparent_shard_server::memory: work memory admission denied current=5905469440 limit=7516192768 held=536870912 requested=536870912
2026-09-09T08:57:14.081779Z DEBUG transparent_shard_server::memory: work memory admission denied current=5905485824 limit=7516192768 held=536870912 requested=536870912
2026-09-09T08:57:14.183112Z DEBUG transparent_shard_server::memory: work memory admission denied current=5904859136 limit=7516192768 held=536870912 requested=536870912
2026-09-09T08:57:14.284831Z DEBUG transparent_shard_server::memory: work memory admission denied current=5905551360 limit=7516192768 held=536870912 requested=536870912
2026-09-09T08:57:14.385596Z DEBUG transparent_shard_server::memory: work memory admission denied current=5905428480 limit=7516192768 held=536870912 requested=536870912
2026-09-09T08:57:14.486314Z DEBUG transparent_shard_server::memory: work memory admission denied current=5905408000 limit=7516192768 held=536870912 requested=536870912
2026-09-09T08:57:14.587381Z DEBUG transparent_shard_server::memory: work memory admission denied current=5905543168 limit=7516192768 held=536870912 requested=536870912
2026-09-09T08:57:14.688208Z DEBUG transparent_shard_server::memory: work memory admission denied current=5905301504 limit=7516192768 held=536870912 requested=536870912
2026-09-09T08:57:14.791386Z DEBUG transparent_shard_server::memory: work memory admission denied current=5905502208 limit=7516192768 held=536870912 requested=536870912
2026-09-09T08:57:14.892314Z DEBUG transparent_shard_server::memory: work memory admission denied current=5905166336 limit=7516192768 held=536870912 requested=536870912
2026-09-09T08:57:14.994652Z DEBUG transparent_shard_server::memory: work memory admission denied current=5905506304 limit=7516192768 held=805306368 requested=536870912
2026-09-09T08:57:15.095636Z DEBUG transparent_shard_server::memory: work memory admission denied current=5905567744 limit=7516192768 held=536870912 requested=536870912
2026-09-09T08:57:15.196715Z DEBUG transparent_shard_server::memory: work memory admission denied current=5905391616 limit=7516192768 held=536870912 requested=536870912
2026-09-09T08:57:15.298110Z DEBUG transparent_shard_server::memory: work memory admission denied current=5905453056 limit=7516192768 held=536870912 requested=536870912
2026-09-09T08:57:15.346091Z DEBUG transparent_shard_server::runtime: runtime stage key=("268f5c527d35817d37919707b04a706c850d449156baa071b5438dbf8eb53aec", Directory, 0) seconds=4.166454206 stage="runtime_build"
2026-09-09T08:57:15.400108Z DEBUG transparent_shard_server::memory: work memory admission denied current=5905346560 limit=7516192768 held=536870912 requested=536870912
2026-09-09T08:57:15.501779Z DEBUG transparent_shard_server::memory: work memory admission denied current=5905686528 limit=7516192768 held=536870912 requested=536870912
2026-09-09T08:57:15.603239Z DEBUG transparent_shard_server::memory: work memory admission denied current=5905395712 limit=7516192768 held=536870912 requested=536870912
2026-09-09T08:57:15.644480Z DEBUG transparent_shard_server::memory: work memory admission denied current=5905477632 limit=7516192768 held=805306368 requested=268435456
2026-09-09T08:57:15.705112Z DEBUG transparent_shard_server::memory: work memory admission denied current=5905469440 limit=7516192768 held=536870912 requested=536870912
2026-09-09T08:57:15.806747Z DEBUG transparent_shard_server::memory: work memory admission denied current=5905575936 limit=7516192768 held=536870912 requested=536870912
2026-09-09T08:57:15.907518Z DEBUG transparent_shard_server::memory: work memory admission denied current=5905342464 limit=7516192768 held=536870912 requested=536870912
2026-09-09T08:57:16.009182Z DEBUG transparent_shard_server::memory: work memory admission denied current=5905403904 limit=7516192768 held=536870912 requested=536870912
2026-09-09T08:57:16.081375Z DEBUG transparent_shard_server::runtime: runtime stage key=("268f5c527d35817d37919707b04a706c850d449156baa071b5438dbf8eb53aec", Directory, 0) seconds=0.735253857 stage="disk_save"
2026-09-09T08:57:16.110696Z DEBUG transparent_shard_server::memory: cold build admission wait seconds=5.070383497 admitted=true
2026-09-09T08:57:16.256982Z DEBUG transparent_shard_server::runtime: runtime stage key=("268f5c527d35817d37919707b04a706c850d449156baa071b5438dbf8eb53aec", Pages, 0) seconds=0.146249793 stage="source_load"
2026-09-09T08:57:16.727589Z DEBUG transparent_shard_server::memory: work memory admission denied current=5905432576 limit=7516192768 held=805306368 requested=268435456
2026-09-09T08:57:16.939025Z DEBUG transparent_shard_server::memory: work memory admission denied current=5905207296 limit=7516192768 held=805306368 requested=268435456
2026-09-09T08:57:17.969706Z DEBUG transparent_shard_server::memory: work memory admission denied current=5905305600 limit=7516192768 held=805306368 requested=268435456
2026-09-09T08:57:18.187826Z DEBUG transparent_shard_server::memory: work memory admission denied current=5905420288 limit=7516192768 held=805306368 requested=268435456
2026-09-09T08:57:18.398530Z DEBUG transparent_shard_server::memory: work memory admission denied current=5905416192 limit=7516192768 held=805306368 requested=268435456
2026-09-09T08:57:19.906259Z DEBUG transparent_shard_server::memory: work memory admission denied current=5905399808 limit=7516192768 held=805306368 requested=268435456
2026-09-09T08:57:20.421535Z DEBUG transparent_shard_server::runtime: runtime stage key=("268f5c527d35817d37919707b04a706c850d449156baa071b5438dbf8eb53aec", Pages, 0) seconds=4.164523061 stage="runtime_build"
2026-09-09T08:57:21.163896Z DEBUG transparent_shard_server::runtime: runtime stage key=("268f5c527d35817d37919707b04a706c850d449156baa071b5438dbf8eb53aec", Pages, 0) seconds=0.742331088 stage="disk_save"
2026-09-09T08:57:21.163968Z  INFO transparent_shard_server::service: prewarm finished warm=28 target=28 failed=0 seconds=10.126755809
2026-09-09T08:57:21.164008Z DEBUG transparent_shard_server::live: publication preparation stages map=12cbb58695cd66166197842d179b61598c15effb06ad32efcd899a13e36e7b10 loading_seconds=0.596369559 warming_seconds=10.126816041
test burst::publication_burst_under_exact_load ... ok

test result: ok. 1 passed; 0 failed; 0 ignored; 0 measured; 14 filtered out; finished in 125.13s

Finished with result: success
Main processes terminated with: code=exited/status=0
Service runtime: 2min 5.180s
CPU time consumed: 3min 57.624s
Memory peak: 772.0K
Memory swap peak: 0B
