Running as unit: transparent-full-burst-b89169367bc0469980f536bd961bf824.service; invocation ID: 8a7ddabb3f7240ab9ae76c71ad20f1de

running 1 test
2026-09-09T20:52:10.322813Z DEBUG transparent_shard_server::runtime: runtime stage key=("5b7ee9849d47f5ee67d04eb6ca4588beacf42dce75e5a1b481dfd02607b1fb20", Pages, 0) seconds=3.07e-6 stage="restore_slot"
2026-09-09T20:52:10.322813Z DEBUG transparent_shard_server::runtime: runtime stage key=("5b7ee9849d47f5ee67d04eb6ca4588beacf42dce75e5a1b481dfd02607b1fb20", Directory, 0) seconds=3.357e-6 stage="restore_slot"
2026-09-09T20:52:10.322907Z DEBUG transparent_shard_server::runtime: runtime stage key=("1f5d7213a380745d83cc554ad16bdf9e039a0304d0de0b71376828e1838d0ea4", Pages, 0) seconds=3.027e-6 stage="restore_slot"
2026-09-09T20:52:10.322863Z DEBUG transparent_shard_server::runtime: runtime stage key=("1f5d7213a380745d83cc554ad16bdf9e039a0304d0de0b71376828e1838d0ea4", Directory, 0) seconds=2.202e-6 stage="restore_slot"
2026-09-09T20:52:10.323453Z DEBUG transparent_shard_server::runtime: runtime stage key=("5b7ee9849d47f5ee67d04eb6ca4588beacf42dce75e5a1b481dfd02607b1fb20", Pages, 0) seconds=3.8248e-5 hit=false stage="disk_restore"
2026-09-09T20:52:10.323453Z DEBUG transparent_shard_server::runtime: runtime stage key=("1f5d7213a380745d83cc554ad16bdf9e039a0304d0de0b71376828e1838d0ea4", Pages, 0) seconds=3.5315e-5 hit=false stage="disk_restore"
2026-09-09T20:52:10.323478Z DEBUG transparent_shard_server::runtime: runtime stage key=("1f5d7213a380745d83cc554ad16bdf9e039a0304d0de0b71376828e1838d0ea4", Directory, 0) seconds=2.6001e-5 hit=false stage="disk_restore"
2026-09-09T20:52:10.323490Z DEBUG transparent_shard_server::runtime: runtime stage key=("5b7ee9849d47f5ee67d04eb6ca4588beacf42dce75e5a1b481dfd02607b1fb20", Directory, 0) seconds=1.0604e-5 hit=false stage="disk_restore"
2026-09-09T20:52:10.323496Z DEBUG transparent_shard_server::runtime: runtime stage key=("5b7ee9849d47f5ee67d04eb6ca4588beacf42dce75e5a1b481dfd02607b1fb20", Pages, 0) seconds=1.62e-7 stage="build_slot"
2026-09-09T20:52:10.323540Z DEBUG transparent_shard_server::memory: cold build admission wait seconds=4.0034e-5 admitted=true
2026-09-09T20:52:10.323486Z DEBUG transparent_shard_server::runtime: runtime stage key=("1f5d7213a380745d83cc554ad16bdf9e039a0304d0de0b71376828e1838d0ea4", Pages, 0) seconds=6.1e-7 stage="build_slot"
2026-09-09T20:52:10.323576Z DEBUG transparent_shard_server::memory: cold build admission wait seconds=2.2941e-5 admitted=true
2026-09-09T20:52:10.471252Z DEBUG transparent_shard_server::runtime: runtime stage key=("5b7ee9849d47f5ee67d04eb6ca4588beacf42dce75e5a1b481dfd02607b1fb20", Pages, 0) seconds=0.147666609 stage="source_load"
2026-09-09T20:52:10.471306Z DEBUG transparent_shard_server::runtime: runtime stage key=("1f5d7213a380745d83cc554ad16bdf9e039a0304d0de0b71376828e1838d0ea4", Pages, 0) seconds=0.147654948 stage="source_load"
2026-09-09T20:52:10.776430Z DEBUG transparent_shard_server::runtime: construction stage geometry="recent-8k" table="pages" seconds=0.305134124 stage="encode_database"
2026-09-09T20:52:10.776550Z DEBUG transparent_shard_server::runtime: construction stage geometry="recent-8k" table="pages" seconds=6.5984e-5 stage="public_setup"
2026-09-09T20:52:10.778420Z DEBUG transparent_shard_server::runtime: construction stage geometry="recent-8k" table="pages" seconds=0.307086553 stage="encode_database"
2026-09-09T20:52:10.778503Z DEBUG transparent_shard_server::runtime: construction stage geometry="recent-8k" table="pages" seconds=5.4843e-5 stage="public_setup"
2026-09-09T20:52:11.870017Z DEBUG transparent_shard_server::runtime: construction stage geometry="recent-8k" table="pages" seconds=1.091508028 stage="hint_columns"
2026-09-09T20:52:11.870241Z DEBUG transparent_shard_server::runtime: construction stage geometry="recent-8k" table="pages" seconds=1.093683872 stage="hint_columns"
2026-09-09T20:52:14.117959Z DEBUG transparent_shard_server::runtime: construction stage geometry="recent-8k" table="pages" seconds=2.247688898 stage="pack_preprocessing"
2026-09-09T20:52:14.118253Z DEBUG transparent_shard_server::runtime: construction stage geometry="recent-8k" table="pages" seconds=0.000255815 stage="publish_parameters"
2026-09-09T20:52:14.118829Z DEBUG transparent_shard_server::runtime: runtime stage key=("5b7ee9849d47f5ee67d04eb6ca4588beacf42dce75e5a1b481dfd02607b1fb20", Pages, 0) seconds=3.647535671 stage="runtime_build"
2026-09-09T20:52:14.120500Z DEBUG transparent_shard_server::runtime: runtime stage key=("1f5d7213a380745d83cc554ad16bdf9e039a0304d0de0b71376828e1838d0ea4", Directory, 0) seconds=3.796991346 stage="build_slot"
2026-09-09T20:52:14.120616Z DEBUG transparent_shard_server::memory: cold build admission wait seconds=9.2292e-5 admitted=true
2026-09-09T20:52:14.120639Z DEBUG transparent_shard_server::runtime: runtime stage key=("ca7afe810c988a8b4b561668f3456a9f38d1fdbb0776614e07ddfeb1a2132000", Directory, 0) seconds=5.49e-7 stage="restore_slot"
2026-09-09T20:52:14.122100Z DEBUG transparent_shard_server::runtime: construction stage geometry="recent-8k" table="pages" seconds=2.252040683 stage="pack_preprocessing"
2026-09-09T20:52:14.122401Z DEBUG transparent_shard_server::runtime: runtime stage key=("ca7afe810c988a8b4b561668f3456a9f38d1fdbb0776614e07ddfeb1a2132000", Directory, 0) seconds=3.9995e-5 hit=false stage="disk_restore"
2026-09-09T20:52:14.122463Z DEBUG transparent_shard_server::runtime: construction stage geometry="recent-8k" table="pages" seconds=0.000337858 stage="publish_parameters"
2026-09-09T20:52:14.123013Z DEBUG transparent_shard_server::runtime: runtime stage key=("1f5d7213a380745d83cc554ad16bdf9e039a0304d0de0b71376828e1838d0ea4", Pages, 0) seconds=3.6516806280000003 stage="runtime_build"
2026-09-09T20:52:14.124836Z DEBUG transparent_shard_server::runtime: runtime stage key=("ca7afe810c988a8b4b561668f3456a9f38d1fdbb0776614e07ddfeb1a2132000", Pages, 0) seconds=1.012e-6 stage="restore_slot"
2026-09-09T20:52:14.124973Z DEBUG transparent_shard_server::runtime: runtime stage key=("ca7afe810c988a8b4b561668f3456a9f38d1fdbb0776614e07ddfeb1a2132000", Pages, 0) seconds=3.9763e-5 hit=false stage="disk_restore"
2026-09-09T20:52:14.125922Z DEBUG transparent_shard_server::runtime: runtime stage key=("5b7ee9849d47f5ee67d04eb6ca4588beacf42dce75e5a1b481dfd02607b1fb20", Directory, 0) seconds=3.802412693 stage="build_slot"
2026-09-09T20:52:14.125981Z DEBUG transparent_shard_server::memory: cold build admission wait seconds=4.44e-5 admitted=true
2026-09-09T20:52:14.259322Z DEBUG transparent_shard_server::runtime: runtime stage key=("1f5d7213a380745d83cc554ad16bdf9e039a0304d0de0b71376828e1838d0ea4", Directory, 0) seconds=0.137103026 stage="source_load"
2026-09-09T20:52:14.266228Z DEBUG transparent_shard_server::runtime: runtime stage key=("5b7ee9849d47f5ee67d04eb6ca4588beacf42dce75e5a1b481dfd02607b1fb20", Directory, 0) seconds=0.140216966 stage="source_load"
2026-09-09T20:52:14.561075Z DEBUG transparent_shard_server::runtime: construction stage geometry="recent-8k" table="directory" seconds=0.301720577 stage="encode_database"
2026-09-09T20:52:14.561187Z DEBUG transparent_shard_server::runtime: construction stage geometry="recent-8k" table="directory" seconds=8.2403e-5 stage="public_setup"
2026-09-09T20:52:14.578728Z DEBUG transparent_shard_server::runtime: construction stage geometry="recent-8k" table="directory" seconds=0.312469112 stage="encode_database"
2026-09-09T20:52:14.578829Z DEBUG transparent_shard_server::runtime: construction stage geometry="recent-8k" table="directory" seconds=6.1647e-5 stage="public_setup"
2026-09-09T20:52:15.039738Z DEBUG transparent_shard_server::runtime: runtime stage key=("5b7ee9849d47f5ee67d04eb6ca4588beacf42dce75e5a1b481dfd02607b1fb20", Pages, 0) seconds=0.919238968 stage="disk_save"
2026-09-09T20:52:15.716317Z DEBUG transparent_shard_server::runtime: construction stage geometry="recent-8k" table="directory" seconds=1.137480722 stage="hint_columns"
2026-09-09T20:52:15.722337Z DEBUG transparent_shard_server::runtime: construction stage geometry="recent-8k" table="directory" seconds=1.161142735 stage="hint_columns"
2026-09-09T20:52:16.091992Z DEBUG transparent_shard_server::runtime: runtime stage key=("1f5d7213a380745d83cc554ad16bdf9e039a0304d0de0b71376828e1838d0ea4", Pages, 0) seconds=1.96731374 stage="disk_save"
2026-09-09T20:52:17.949386Z DEBUG transparent_shard_server::runtime: construction stage geometry="recent-8k" table="directory" seconds=2.227019516 stage="pack_preprocessing"
2026-09-09T20:52:17.949709Z DEBUG transparent_shard_server::runtime: construction stage geometry="recent-8k" table="directory" seconds=0.000283291 stage="publish_parameters"
2026-09-09T20:52:17.950536Z DEBUG transparent_shard_server::runtime: runtime stage key=("1f5d7213a380745d83cc554ad16bdf9e039a0304d0de0b71376828e1838d0ea4", Directory, 0) seconds=3.691183023 stage="runtime_build"
2026-09-09T20:52:17.950602Z DEBUG transparent_shard_server::runtime: runtime stage key=("ca7afe810c988a8b4b561668f3456a9f38d1fdbb0776614e07ddfeb1a2132000", Directory, 0) seconds=3.828141499 stage="build_slot"
2026-09-09T20:52:17.950704Z DEBUG transparent_shard_server::memory: cold build admission wait seconds=8.4186e-5 admitted=true
2026-09-09T20:52:17.950733Z DEBUG transparent_shard_server::runtime: runtime stage key=("95df7205357fe2d9c962d2b41daded841e05afa7b6fc8d06dfec46ad04e15335", Directory, 0) seconds=4.93e-7 stage="restore_slot"
2026-09-09T20:52:17.950801Z DEBUG transparent_shard_server::runtime: runtime stage key=("95df7205357fe2d9c962d2b41daded841e05afa7b6fc8d06dfec46ad04e15335", Directory, 0) seconds=2.6935e-5 hit=false stage="disk_restore"
2026-09-09T20:52:17.978036Z DEBUG transparent_shard_server::runtime: construction stage geometry="recent-8k" table="directory" seconds=2.261679307 stage="pack_preprocessing"
2026-09-09T20:52:17.979501Z DEBUG transparent_shard_server::runtime: construction stage geometry="recent-8k" table="directory" seconds=0.001423663 stage="publish_parameters"
2026-09-09T20:52:17.980012Z DEBUG transparent_shard_server::runtime: runtime stage key=("5b7ee9849d47f5ee67d04eb6ca4588beacf42dce75e5a1b481dfd02607b1fb20", Directory, 0) seconds=3.713755595 stage="runtime_build"
2026-09-09T20:52:17.980067Z DEBUG transparent_shard_server::runtime: runtime stage key=("ca7afe810c988a8b4b561668f3456a9f38d1fdbb0776614e07ddfeb1a2132000", Pages, 0) seconds=3.855061834 stage="build_slot"
2026-09-09T20:52:17.980107Z DEBUG transparent_shard_server::runtime: runtime stage key=("95df7205357fe2d9c962d2b41daded841e05afa7b6fc8d06dfec46ad04e15335", Pages, 0) seconds=6.698e-6 stage="restore_slot"
2026-09-09T20:52:17.980176Z DEBUG transparent_shard_server::memory: cold build admission wait seconds=0.000103635 admitted=true
2026-09-09T20:52:17.980324Z DEBUG transparent_shard_server::runtime: runtime stage key=("95df7205357fe2d9c962d2b41daded841e05afa7b6fc8d06dfec46ad04e15335", Pages, 0) seconds=2.4733e-5 hit=false stage="disk_restore"
2026-09-09T20:52:18.100345Z DEBUG transparent_shard_server::runtime: runtime stage key=("ca7afe810c988a8b4b561668f3456a9f38d1fdbb0776614e07ddfeb1a2132000", Directory, 0) seconds=0.149612449 stage="source_load"
2026-09-09T20:52:18.114313Z DEBUG transparent_shard_server::runtime: runtime stage key=("ca7afe810c988a8b4b561668f3456a9f38d1fdbb0776614e07ddfeb1a2132000", Pages, 0) seconds=0.133969094 stage="source_load"
2026-09-09T20:52:18.406524Z DEBUG transparent_shard_server::runtime: construction stage geometry="recent-8k" table="pages" seconds=0.29218407 stage="encode_database"
2026-09-09T20:52:18.406622Z DEBUG transparent_shard_server::runtime: construction stage geometry="recent-8k" table="pages" seconds=6.7872e-5 stage="public_setup"
2026-09-09T20:52:18.406749Z DEBUG transparent_shard_server::runtime: construction stage geometry="recent-8k" table="directory" seconds=0.306371574 stage="encode_database"
2026-09-09T20:52:18.406839Z DEBUG transparent_shard_server::runtime: construction stage geometry="recent-8k" table="directory" seconds=7.1393e-5 stage="public_setup"
2026-09-09T20:52:18.678132Z DEBUG transparent_shard_server::runtime: runtime stage key=("1f5d7213a380745d83cc554ad16bdf9e039a0304d0de0b71376828e1838d0ea4", Directory, 0) seconds=0.727513042 stage="disk_save"
2026-09-09T20:52:19.656370Z DEBUG transparent_shard_server::runtime: construction stage geometry="recent-8k" table="directory" seconds=1.249525598 stage="hint_columns"
2026-09-09T20:52:19.662353Z DEBUG transparent_shard_server::runtime: construction stage geometry="recent-8k" table="pages" seconds=1.255724713 stage="hint_columns"
2026-09-09T20:52:19.899205Z DEBUG transparent_shard_server::runtime: runtime stage key=("5b7ee9849d47f5ee67d04eb6ca4588beacf42dce75e5a1b481dfd02607b1fb20", Directory, 0) seconds=1.919047489 stage="disk_save"
2026-09-09T20:52:21.906236Z DEBUG transparent_shard_server::runtime: construction stage geometry="recent-8k" table="pages" seconds=2.243850608 stage="pack_preprocessing"
2026-09-09T20:52:21.906550Z DEBUG transparent_shard_server::runtime: construction stage geometry="recent-8k" table="pages" seconds=0.000267338 stage="publish_parameters"
2026-09-09T20:52:21.907395Z DEBUG transparent_shard_server::runtime: runtime stage key=("ca7afe810c988a8b4b561668f3456a9f38d1fdbb0776614e07ddfeb1a2132000", Pages, 0) seconds=3.793055401 stage="runtime_build"
2026-09-09T20:52:21.907447Z DEBUG transparent_shard_server::runtime: runtime stage key=("95df7205357fe2d9c962d2b41daded841e05afa7b6fc8d06dfec46ad04e15335", Directory, 0) seconds=3.9532420999999998 stage="build_slot"
2026-09-09T20:52:21.907484Z DEBUG transparent_shard_server::runtime: runtime stage key=("73d46a59d0d03d7616f9a47e53b50448d4c5a3504e6e296600d8884c8c4403b8", Directory, 0) seconds=9.77e-7 stage="restore_slot"
2026-09-09T20:52:21.907552Z DEBUG transparent_shard_server::memory: cold build admission wait seconds=7.7391e-5 admitted=true
2026-09-09T20:52:21.907602Z DEBUG transparent_shard_server::runtime: runtime stage key=("73d46a59d0d03d7616f9a47e53b50448d4c5a3504e6e296600d8884c8c4403b8", Directory, 0) seconds=2.7623e-5 hit=false stage="disk_restore"
2026-09-09T20:52:21.920180Z DEBUG transparent_shard_server::runtime: construction stage geometry="recent-8k" table="directory" seconds=2.263760121 stage="pack_preprocessing"
2026-09-09T20:52:21.920508Z DEBUG transparent_shard_server::runtime: construction stage geometry="recent-8k" table="directory" seconds=0.000293096 stage="publish_parameters"
2026-09-09T20:52:21.921048Z DEBUG transparent_shard_server::runtime: runtime stage key=("ca7afe810c988a8b4b561668f3456a9f38d1fdbb0776614e07ddfeb1a2132000", Directory, 0) seconds=3.820671678 stage="runtime_build"
2026-09-09T20:52:21.921129Z DEBUG transparent_shard_server::runtime: runtime stage key=("95df7205357fe2d9c962d2b41daded841e05afa7b6fc8d06dfec46ad04e15335", Pages, 0) seconds=3.940788464 stage="build_slot"
2026-09-09T20:52:21.921174Z DEBUG transparent_shard_server::runtime: runtime stage key=("73d46a59d0d03d7616f9a47e53b50448d4c5a3504e6e296600d8884c8c4403b8", Pages, 0) seconds=1.137e-6 stage="restore_slot"
2026-09-09T20:52:21.921294Z DEBUG transparent_shard_server::runtime: runtime stage key=("73d46a59d0d03d7616f9a47e53b50448d4c5a3504e6e296600d8884c8c4403b8", Pages, 0) seconds=2.6966e-5 hit=false stage="disk_restore"
2026-09-09T20:52:21.921257Z DEBUG transparent_shard_server::memory: cold build admission wait seconds=7.7678e-5 admitted=true
2026-09-09T20:52:22.054042Z DEBUG transparent_shard_server::runtime: runtime stage key=("95df7205357fe2d9c962d2b41daded841e05afa7b6fc8d06dfec46ad04e15335", Directory, 0) seconds=0.146427607 stage="source_load"
2026-09-09T20:52:22.082407Z DEBUG transparent_shard_server::runtime: runtime stage key=("95df7205357fe2d9c962d2b41daded841e05afa7b6fc8d06dfec46ad04e15335", Pages, 0) seconds=0.161067201 stage="source_load"
2026-09-09T20:52:22.355287Z DEBUG transparent_shard_server::runtime: construction stage geometry="recent-8k" table="directory" seconds=0.301212241 stage="encode_database"
2026-09-09T20:52:22.355391Z DEBUG transparent_shard_server::runtime: construction stage geometry="recent-8k" table="directory" seconds=7.2829e-5 stage="public_setup"
2026-09-09T20:52:22.411594Z DEBUG transparent_shard_server::runtime: construction stage geometry="recent-8k" table="pages" seconds=0.329152695 stage="encode_database"
2026-09-09T20:52:22.411690Z DEBUG transparent_shard_server::runtime: construction stage geometry="recent-8k" table="pages" seconds=5.6333e-5 stage="public_setup"
2026-09-09T20:52:22.652192Z DEBUG transparent_shard_server::runtime: runtime stage key=("ca7afe810c988a8b4b561668f3456a9f38d1fdbb0776614e07ddfeb1a2132000", Pages, 0) seconds=0.744733396 stage="disk_save"
2026-09-09T20:52:23.620244Z DEBUG transparent_shard_server::runtime: construction stage geometry="recent-8k" table="pages" seconds=1.208537024 stage="hint_columns"
2026-09-09T20:52:23.625329Z DEBUG transparent_shard_server::runtime: construction stage geometry="recent-8k" table="directory" seconds=1.269929332 stage="hint_columns"
2026-09-09T20:52:23.865277Z DEBUG transparent_shard_server::runtime: runtime stage key=("ca7afe810c988a8b4b561668f3456a9f38d1fdbb0776614e07ddfeb1a2132000", Directory, 0) seconds=1.944173975 stage="disk_save"
2026-09-09T20:52:25.848081Z DEBUG transparent_shard_server::runtime: construction stage geometry="recent-8k" table="pages" seconds=2.227800847 stage="pack_preprocessing"
2026-09-09T20:52:25.848404Z DEBUG transparent_shard_server::runtime: construction stage geometry="recent-8k" table="pages" seconds=0.000277543 stage="publish_parameters"
2026-09-09T20:52:25.848960Z DEBUG transparent_shard_server::runtime: runtime stage key=("95df7205357fe2d9c962d2b41daded841e05afa7b6fc8d06dfec46ad04e15335", Pages, 0) seconds=3.7665213680000003 stage="runtime_build"
2026-09-09T20:52:25.849042Z DEBUG transparent_shard_server::runtime: runtime stage key=("b16be2933ab920bc4745ea8917e5167a7a685c211e0b4febe88b4d3018f970bc", Directory, 0) seconds=1.257e-6 stage="restore_slot"
2026-09-09T20:52:25.849183Z DEBUG transparent_shard_server::runtime: runtime stage key=("b16be2933ab920bc4745ea8917e5167a7a685c211e0b4febe88b4d3018f970bc", Directory, 0) seconds=3.9697e-5 hit=false stage="disk_restore"
2026-09-09T20:52:25.849211Z DEBUG transparent_shard_server::runtime: runtime stage key=("73d46a59d0d03d7616f9a47e53b50448d4c5a3504e6e296600d8884c8c4403b8", Directory, 0) seconds=3.941535868 stage="build_slot"
2026-09-09T20:52:25.849244Z DEBUG transparent_shard_server::memory: cold build admission wait seconds=2.8695e-5 admitted=true
2026-09-09T20:52:25.893271Z DEBUG transparent_shard_server::runtime: construction stage geometry="recent-8k" table="directory" seconds=2.267907503 stage="pack_preprocessing"
2026-09-09T20:52:25.893579Z DEBUG transparent_shard_server::runtime: construction stage geometry="recent-8k" table="directory" seconds=0.000268754 stage="publish_parameters"
2026-09-09T20:52:25.894417Z DEBUG transparent_shard_server::runtime: runtime stage key=("95df7205357fe2d9c962d2b41daded841e05afa7b6fc8d06dfec46ad04e15335", Directory, 0) seconds=3.840344395 stage="runtime_build"
2026-09-09T20:52:25.894511Z DEBUG transparent_shard_server::runtime: runtime stage key=("73d46a59d0d03d7616f9a47e53b50448d4c5a3504e6e296600d8884c8c4403b8", Pages, 0) seconds=3.973191913 stage="build_slot"
2026-09-09T20:52:25.894541Z DEBUG transparent_shard_server::runtime: runtime stage key=("b16be2933ab920bc4745ea8917e5167a7a685c211e0b4febe88b4d3018f970bc", Pages, 0) seconds=1.008e-6 stage="restore_slot"
2026-09-09T20:52:25.894624Z DEBUG transparent_shard_server::memory: cold build admission wait seconds=8.2112e-5 admitted=true
2026-09-09T20:52:25.895248Z DEBUG transparent_shard_server::runtime: runtime stage key=("b16be2933ab920bc4745ea8917e5167a7a685c211e0b4febe88b4d3018f970bc", Pages, 0) seconds=2.7785e-5 hit=false stage="disk_restore"
2026-09-09T20:52:26.018289Z DEBUG transparent_shard_server::runtime: runtime stage key=("73d46a59d0d03d7616f9a47e53b50448d4c5a3504e6e296600d8884c8c4403b8", Directory, 0) seconds=0.164109705 stage="source_load"
2026-09-09T20:52:26.030461Z DEBUG transparent_shard_server::runtime: runtime stage key=("73d46a59d0d03d7616f9a47e53b50448d4c5a3504e6e296600d8884c8c4403b8", Pages, 0) seconds=0.135192082 stage="source_load"
2026-09-09T20:52:26.324598Z DEBUG transparent_shard_server::runtime: construction stage geometry="recent-8k" table="directory" seconds=0.306274331 stage="encode_database"
2026-09-09T20:52:26.324724Z DEBUG transparent_shard_server::runtime: construction stage geometry="recent-8k" table="directory" seconds=8.7763e-5 stage="public_setup"
2026-09-09T20:52:26.350068Z DEBUG transparent_shard_server::runtime: construction stage geometry="recent-8k" table="pages" seconds=0.319574082 stage="encode_database"
2026-09-09T20:52:26.350184Z DEBUG transparent_shard_server::runtime: construction stage geometry="recent-8k" table="pages" seconds=8.3167e-5 stage="public_setup"
2026-09-09T20:52:26.630938Z DEBUG transparent_shard_server::runtime: runtime stage key=("95df7205357fe2d9c962d2b41daded841e05afa7b6fc8d06dfec46ad04e15335", Pages, 0) seconds=0.781904439 stage="disk_save"
2026-09-09T20:52:27.582256Z DEBUG transparent_shard_server::runtime: construction stage geometry="recent-8k" table="directory" seconds=1.257512963 stage="hint_columns"
2026-09-09T20:52:27.582393Z DEBUG transparent_shard_server::runtime: construction stage geometry="recent-8k" table="pages" seconds=1.23220046 stage="hint_columns"
2026-09-09T20:52:27.846614Z DEBUG transparent_shard_server::runtime: runtime stage key=("95df7205357fe2d9c962d2b41daded841e05afa7b6fc8d06dfec46ad04e15335", Directory, 0) seconds=1.9514296340000001 stage="disk_save"
2026-09-09T20:52:29.672896Z DEBUG transparent_shard_server::runtime: construction stage geometry="recent-8k" table="directory" seconds=2.090607219 stage="pack_preprocessing"
2026-09-09T20:52:29.676224Z DEBUG transparent_shard_server::runtime: construction stage geometry="recent-8k" table="directory" seconds=0.003283096 stage="publish_parameters"
2026-09-09T20:52:29.677034Z DEBUG transparent_shard_server::runtime: runtime stage key=("73d46a59d0d03d7616f9a47e53b50448d4c5a3504e6e296600d8884c8c4403b8", Directory, 0) seconds=3.658711963 stage="runtime_build"
2026-09-09T20:52:29.679189Z DEBUG transparent_shard_server::runtime: runtime stage key=("b16be2933ab920bc4745ea8917e5167a7a685c211e0b4febe88b4d3018f970bc", Directory, 0) seconds=3.829983378 stage="build_slot"
2026-09-09T20:52:29.679290Z DEBUG transparent_shard_server::memory: cold build admission wait seconds=7.5302e-5 admitted=true
2026-09-09T20:52:29.679315Z DEBUG transparent_shard_server::runtime: runtime stage key=("16b8227360ce35dd2e111156f5e31fd5eb500ff877879a212fef6cf8471de8a5", Directory, 0) seconds=5.25e-7 stage="restore_slot"
2026-09-09T20:52:29.680763Z DEBUG transparent_shard_server::runtime: runtime stage key=("16b8227360ce35dd2e111156f5e31fd5eb500ff877879a212fef6cf8471de8a5", Directory, 0) seconds=4.3572e-5 hit=false stage="disk_restore"
2026-09-09T20:52:29.823792Z DEBUG transparent_shard_server::runtime: runtime stage key=("b16be2933ab920bc4745ea8917e5167a7a685c211e0b4febe88b4d3018f970bc", Directory, 0) seconds=0.144434019 stage="source_load"
2026-09-09T20:52:29.872823Z DEBUG transparent_shard_server::runtime: construction stage geometry="recent-8k" table="pages" seconds=2.290400867 stage="pack_preprocessing"
2026-09-09T20:52:29.873122Z DEBUG transparent_shard_server::runtime: construction stage geometry="recent-8k" table="pages" seconds=0.000264605 stage="publish_parameters"
2026-09-09T20:52:29.873807Z DEBUG transparent_shard_server::runtime: runtime stage key=("73d46a59d0d03d7616f9a47e53b50448d4c5a3504e6e296600d8884c8c4403b8", Pages, 0) seconds=3.843315084 stage="runtime_build"
2026-09-09T20:52:29.873867Z DEBUG transparent_shard_server::runtime: runtime stage key=("b16be2933ab920bc4745ea8917e5167a7a685c211e0b4febe88b4d3018f970bc", Pages, 0) seconds=3.978589889 stage="build_slot"
2026-09-09T20:52:29.873949Z DEBUG transparent_shard_server::memory: cold build admission wait seconds=7.7074e-5 admitted=true
2026-09-09T20:52:29.873977Z DEBUG transparent_shard_server::runtime: runtime stage key=("16b8227360ce35dd2e111156f5e31fd5eb500ff877879a212fef6cf8471de8a5", Pages, 0) seconds=4.54e-7 stage="restore_slot"
2026-09-09T20:52:29.875238Z DEBUG transparent_shard_server::runtime: runtime stage key=("16b8227360ce35dd2e111156f5e31fd5eb500ff877879a212fef6cf8471de8a5", Pages, 0) seconds=2.9222e-5 hit=false stage="disk_restore"
2026-09-09T20:52:30.012426Z DEBUG transparent_shard_server::runtime: runtime stage key=("b16be2933ab920bc4745ea8917e5167a7a685c211e0b4febe88b4d3018f970bc", Pages, 0) seconds=0.137139473 stage="source_load"
2026-09-09T20:52:30.115610Z DEBUG transparent_shard_server::runtime: construction stage geometry="recent-8k" table="directory" seconds=0.291779302 stage="encode_database"
2026-09-09T20:52:30.115710Z DEBUG transparent_shard_server::runtime: construction stage geometry="recent-8k" table="directory" seconds=6.8974e-5 stage="public_setup"
2026-09-09T20:52:30.500871Z DEBUG transparent_shard_server::runtime: construction stage geometry="recent-8k" table="pages" seconds=0.488395633 stage="encode_database"
2026-09-09T20:52:30.500981Z DEBUG transparent_shard_server::runtime: construction stage geometry="recent-8k" table="pages" seconds=7.1023e-5 stage="public_setup"
2026-09-09T20:52:30.573546Z DEBUG transparent_shard_server::runtime: runtime stage key=("73d46a59d0d03d7616f9a47e53b50448d4c5a3504e6e296600d8884c8c4403b8", Directory, 0) seconds=0.896430086 stage="disk_save"
2026-09-09T20:52:31.384273Z DEBUG transparent_shard_server::runtime: construction stage geometry="recent-8k" table="pages" seconds=0.883285341 stage="hint_columns"
2026-09-09T20:52:31.393259Z DEBUG transparent_shard_server::runtime: construction stage geometry="recent-8k" table="directory" seconds=1.277541967 stage="hint_columns"
2026-09-09T20:52:31.729820Z DEBUG transparent_shard_server::runtime: runtime stage key=("73d46a59d0d03d7616f9a47e53b50448d4c5a3504e6e296600d8884c8c4403b8", Pages, 0) seconds=1.8546221539999999 stage="disk_save"
2026-09-09T20:52:33.604186Z DEBUG transparent_shard_server::runtime: construction stage geometry="recent-8k" table="pages" seconds=2.21987735 stage="pack_preprocessing"
2026-09-09T20:52:33.604528Z DEBUG transparent_shard_server::runtime: construction stage geometry="recent-8k" table="pages" seconds=0.000297686 stage="publish_parameters"
2026-09-09T20:52:33.605183Z DEBUG transparent_shard_server::runtime: runtime stage key=("b16be2933ab920bc4745ea8917e5167a7a685c211e0b4febe88b4d3018f970bc", Pages, 0) seconds=3.592710451 stage="runtime_build"
2026-09-09T20:52:33.606207Z DEBUG transparent_shard_server::runtime: runtime stage key=("16b8227360ce35dd2e111156f5e31fd5eb500ff877879a212fef6cf8471de8a5", Directory, 0) seconds=3.925396064 stage="build_slot"
2026-09-09T20:52:33.606255Z DEBUG transparent_shard_server::runtime: runtime stage key=("1cd27964911287b2a127c1f8df5e6b0c19f5b4db309391c5adb2db3072bfec6e", Directory, 0) seconds=1.104e-6 stage="restore_slot"
2026-09-09T20:52:33.606294Z DEBUG transparent_shard_server::memory: cold build admission wait seconds=7.737e-5 admitted=true
2026-09-09T20:52:33.606369Z DEBUG transparent_shard_server::runtime: runtime stage key=("1cd27964911287b2a127c1f8df5e6b0c19f5b4db309391c5adb2db3072bfec6e", Directory, 0) seconds=3.0075e-5 hit=false stage="disk_restore"
2026-09-09T20:52:33.614087Z DEBUG transparent_shard_server::runtime: construction stage geometry="recent-8k" table="directory" seconds=2.22079636 stage="pack_preprocessing"
2026-09-09T20:52:33.617439Z DEBUG transparent_shard_server::runtime: construction stage geometry="recent-8k" table="directory" seconds=0.003303185 stage="publish_parameters"
2026-09-09T20:52:33.618186Z DEBUG transparent_shard_server::runtime: runtime stage key=("b16be2933ab920bc4745ea8917e5167a7a685c211e0b4febe88b4d3018f970bc", Directory, 0) seconds=3.794358056 stage="runtime_build"
2026-09-09T20:52:33.618272Z DEBUG transparent_shard_server::runtime: runtime stage key=("16b8227360ce35dd2e111156f5e31fd5eb500ff877879a212fef6cf8471de8a5", Pages, 0) seconds=3.7430040780000002 stage="build_slot"
2026-09-09T20:52:33.618338Z DEBUG transparent_shard_server::runtime: runtime stage key=("1cd27964911287b2a127c1f8df5e6b0c19f5b4db309391c5adb2db3072bfec6e", Pages, 0) seconds=1.062e-6 stage="restore_slot"
2026-09-09T20:52:33.618368Z DEBUG transparent_shard_server::memory: cold build admission wait seconds=7.3499e-5 admitted=true
2026-09-09T20:52:33.618441Z DEBUG transparent_shard_server::runtime: runtime stage key=("1cd27964911287b2a127c1f8df5e6b0c19f5b4db309391c5adb2db3072bfec6e", Pages, 0) seconds=2.4477e-5 hit=false stage="disk_restore"
2026-09-09T20:52:33.741678Z DEBUG transparent_shard_server::runtime: runtime stage key=("16b8227360ce35dd2e111156f5e31fd5eb500ff877879a212fef6cf8471de8a5", Directory, 0) seconds=0.135348837 stage="source_load"
2026-09-09T20:52:33.756011Z DEBUG transparent_shard_server::runtime: runtime stage key=("16b8227360ce35dd2e111156f5e31fd5eb500ff877879a212fef6cf8471de8a5", Pages, 0) seconds=0.137618303 stage="source_load"
2026-09-09T20:52:34.032550Z DEBUG transparent_shard_server::runtime: construction stage geometry="recent-8k" table="directory" seconds=0.290837906 stage="encode_database"
2026-09-09T20:52:34.032655Z DEBUG transparent_shard_server::runtime: construction stage geometry="recent-8k" table="directory" seconds=7.3168e-5 stage="public_setup"
2026-09-09T20:52:34.047410Z DEBUG transparent_shard_server::runtime: construction stage geometry="recent-8k" table="pages" seconds=0.291367965 stage="encode_database"
2026-09-09T20:52:34.047508Z DEBUG transparent_shard_server::runtime: construction stage geometry="recent-8k" table="pages" seconds=6.9297e-5 stage="public_setup"
2026-09-09T20:52:34.333221Z DEBUG transparent_shard_server::runtime: runtime stage key=("b16be2933ab920bc4745ea8917e5167a7a685c211e0b4febe88b4d3018f970bc", Pages, 0) seconds=0.727968245 stage="disk_save"
2026-09-09T20:52:35.298369Z DEBUG transparent_shard_server::runtime: construction stage geometry="recent-8k" table="pages" seconds=1.250852673 stage="hint_columns"
2026-09-09T20:52:35.301232Z DEBUG transparent_shard_server::runtime: construction stage geometry="recent-8k" table="directory" seconds=1.268568343 stage="hint_columns"
2026-09-09T20:52:35.513930Z DEBUG transparent_shard_server::runtime: runtime stage key=("b16be2933ab920bc4745ea8917e5167a7a685c211e0b4febe88b4d3018f970bc", Directory, 0) seconds=1.895671348 stage="disk_save"
2026-09-09T20:52:37.486691Z DEBUG transparent_shard_server::runtime: construction stage geometry="recent-8k" table="directory" seconds=2.185420068 stage="pack_preprocessing"
2026-09-09T20:52:37.486997Z DEBUG transparent_shard_server::runtime: construction stage geometry="recent-8k" table="directory" seconds=0.000263591 stage="publish_parameters"
2026-09-09T20:52:37.487710Z DEBUG transparent_shard_server::runtime: runtime stage key=("16b8227360ce35dd2e111156f5e31fd5eb500ff877879a212fef6cf8471de8a5", Directory, 0) seconds=3.745999567 stage="runtime_build"
2026-09-09T20:52:37.488197Z DEBUG transparent_shard_server::runtime: runtime stage key=("1cd27964911287b2a127c1f8df5e6b0c19f5b4db309391c5adb2db3072bfec6e", Directory, 0) seconds=3.881796332 stage="build_slot"
2026-09-09T20:52:37.488280Z DEBUG transparent_shard_server::memory: cold build admission wait seconds=7.5791e-5 admitted=true
2026-09-09T20:52:37.488300Z DEBUG transparent_shard_server::runtime: runtime stage key=("27f56c565263ecffb8c7736d4e811665d81bf4ed71c7978431fcc4f45b645ee1", Directory, 0) seconds=5.59e-7 stage="restore_slot"
2026-09-09T20:52:37.488367Z DEBUG transparent_shard_server::runtime: runtime stage key=("27f56c565263ecffb8c7736d4e811665d81bf4ed71c7978431fcc4f45b645ee1", Directory, 0) seconds=2.6731e-5 hit=false stage="disk_restore"
2026-09-09T20:52:37.489362Z DEBUG transparent_shard_server::runtime: construction stage geometry="recent-8k" table="pages" seconds=2.19095867 stage="pack_preprocessing"
2026-09-09T20:52:37.489652Z DEBUG transparent_shard_server::runtime: construction stage geometry="recent-8k" table="pages" seconds=0.00026928 stage="publish_parameters"
2026-09-09T20:52:37.490318Z DEBUG transparent_shard_server::runtime: runtime stage key=("16b8227360ce35dd2e111156f5e31fd5eb500ff877879a212fef6cf8471de8a5", Pages, 0) seconds=3.734278866 stage="runtime_build"
2026-09-09T20:52:37.490346Z DEBUG transparent_shard_server::runtime: runtime stage key=("1cd27964911287b2a127c1f8df5e6b0c19f5b4db309391c5adb2db3072bfec6e", Pages, 0) seconds=3.871879426 stage="build_slot"
2026-09-09T20:52:37.490363Z DEBUG transparent_shard_server::runtime: runtime stage key=("27f56c565263ecffb8c7736d4e811665d81bf4ed71c7978431fcc4f45b645ee1", Pages, 0) seconds=7.61e-7 stage="restore_slot"
2026-09-09T20:52:37.490382Z DEBUG transparent_shard_server::memory: cold build admission wait seconds=2.8967e-5 admitted=true
2026-09-09T20:52:37.490475Z DEBUG transparent_shard_server::runtime: runtime stage key=("27f56c565263ecffb8c7736d4e811665d81bf4ed71c7978431fcc4f45b645ee1", Pages, 0) seconds=3.1591e-5 hit=false stage="disk_restore"
2026-09-09T20:52:37.623970Z DEBUG transparent_shard_server::runtime: runtime stage key=("1cd27964911287b2a127c1f8df5e6b0c19f5b4db309391c5adb2db3072bfec6e", Directory, 0) seconds=0.135662249 stage="source_load"
2026-09-09T20:52:37.625738Z DEBUG transparent_shard_server::runtime: runtime stage key=("1cd27964911287b2a127c1f8df5e6b0c19f5b4db309391c5adb2db3072bfec6e", Pages, 0) seconds=0.135344899 stage="source_load"
2026-09-09T20:52:37.914211Z DEBUG transparent_shard_server::runtime: construction stage geometry="recent-8k" table="directory" seconds=0.290207996 stage="encode_database"
2026-09-09T20:52:37.914332Z DEBUG transparent_shard_server::runtime: construction stage geometry="recent-8k" table="directory" seconds=9.3172e-5 stage="public_setup"
2026-09-09T20:52:37.916274Z DEBUG transparent_shard_server::runtime: construction stage geometry="recent-8k" table="pages" seconds=0.290502823 stage="encode_database"
2026-09-09T20:52:37.916366Z DEBUG transparent_shard_server::runtime: construction stage geometry="recent-8k" table="pages" seconds=6.8753e-5 stage="public_setup"
2026-09-09T20:52:38.216591Z DEBUG transparent_shard_server::runtime: runtime stage key=("16b8227360ce35dd2e111156f5e31fd5eb500ff877879a212fef6cf8471de8a5", Directory, 0) seconds=0.728835266 stage="disk_save"
2026-09-09T20:52:39.153852Z DEBUG transparent_shard_server::runtime: construction stage geometry="recent-8k" table="pages" seconds=1.23747956 stage="hint_columns"
2026-09-09T20:52:39.166363Z DEBUG transparent_shard_server::runtime: construction stage geometry="recent-8k" table="directory" seconds=1.252024586 stage="hint_columns"
2026-09-09T20:52:39.395316Z DEBUG transparent_shard_server::runtime: runtime stage key=("16b8227360ce35dd2e111156f5e31fd5eb500ff877879a212fef6cf8471de8a5", Pages, 0) seconds=1.90493529 stage="disk_save"
2026-09-09T20:52:41.312486Z DEBUG transparent_shard_server::runtime: construction stage geometry="recent-8k" table="directory" seconds=2.146089342 stage="pack_preprocessing"
2026-09-09T20:52:41.312819Z DEBUG transparent_shard_server::runtime: construction stage geometry="recent-8k" table="directory" seconds=0.000281748 stage="publish_parameters"
2026-09-09T20:52:41.313535Z DEBUG transparent_shard_server::runtime: runtime stage key=("1cd27964911287b2a127c1f8df5e6b0c19f5b4db309391c5adb2db3072bfec6e", Directory, 0) seconds=3.6895345 stage="runtime_build"
2026-09-09T20:52:41.314881Z DEBUG transparent_shard_server::runtime: construction stage geometry="recent-8k" table="pages" seconds=2.160987131 stage="pack_preprocessing"
2026-09-09T20:52:41.315197Z DEBUG transparent_shard_server::runtime: construction stage geometry="recent-8k" table="pages" seconds=0.000285849 stage="publish_parameters"
2026-09-09T20:52:41.315832Z DEBUG transparent_shard_server::runtime: runtime stage key=("1cd27964911287b2a127c1f8df5e6b0c19f5b4db309391c5adb2db3072bfec6e", Pages, 0) seconds=3.690063014 stage="runtime_build"
2026-09-09T20:52:41.315884Z DEBUG transparent_shard_server::runtime: runtime stage key=("27f56c565263ecffb8c7736d4e811665d81bf4ed71c7978431fcc4f45b645ee1", Directory, 0) seconds=3.825684527 stage="build_slot"
2026-09-09T20:52:41.315919Z DEBUG transparent_shard_server::runtime: runtime stage key=("27f56c565263ecffb8c7736d4e811665d81bf4ed71c7978431fcc4f45b645ee1", Pages, 0) seconds=3.825424837 stage="build_slot"
2026-09-09T20:52:41.315957Z DEBUG transparent_shard_server::runtime: runtime stage key=("ced665ae1f1140944bcd0c9aa2b83c1019df768df87fa513f9509106fc5b88c1", Pages, 0) seconds=5.93e-7 stage="restore_slot"
2026-09-09T20:52:41.315957Z DEBUG transparent_shard_server::runtime: runtime stage key=("ced665ae1f1140944bcd0c9aa2b83c1019df768df87fa513f9509106fc5b88c1", Directory, 0) seconds=1.268e-6 stage="restore_slot"
2026-09-09T20:52:41.315975Z DEBUG transparent_shard_server::memory: cold build admission wait seconds=8.4415e-5 admitted=true
2026-09-09T20:52:41.316042Z DEBUG transparent_shard_server::memory: cold build admission wait seconds=0.000100461 admitted=true
2026-09-09T20:52:41.316201Z DEBUG transparent_shard_server::runtime: runtime stage key=("ced665ae1f1140944bcd0c9aa2b83c1019df768df87fa513f9509106fc5b88c1", Directory, 0) seconds=2.6721e-5 hit=false stage="disk_restore"
2026-09-09T20:52:41.316249Z DEBUG transparent_shard_server::runtime: runtime stage key=("ced665ae1f1140944bcd0c9aa2b83c1019df768df87fa513f9509106fc5b88c1", Pages, 0) seconds=2.7786e-5 hit=false stage="disk_restore"
2026-09-09T20:52:41.457255Z DEBUG transparent_shard_server::runtime: runtime stage key=("27f56c565263ecffb8c7736d4e811665d81bf4ed71c7978431fcc4f45b645ee1", Directory, 0) seconds=0.140973425 stage="source_load"
2026-09-09T20:52:41.464692Z DEBUG transparent_shard_server::runtime: runtime stage key=("27f56c565263ecffb8c7736d4e811665d81bf4ed71c7978431fcc4f45b645ee1", Pages, 0) seconds=0.148422533 stage="source_load"
2026-09-09T20:52:41.748580Z DEBUG transparent_shard_server::runtime: construction stage geometry="recent-8k" table="directory" seconds=0.291289608 stage="encode_database"
2026-09-09T20:52:41.748744Z DEBUG transparent_shard_server::runtime: construction stage geometry="recent-8k" table="directory" seconds=0.000113529 stage="public_setup"
2026-09-09T20:52:41.766813Z DEBUG transparent_shard_server::runtime: construction stage geometry="recent-8k" table="pages" seconds=0.302088661 stage="encode_database"
2026-09-09T20:52:41.766918Z DEBUG transparent_shard_server::runtime: construction stage geometry="recent-8k" table="pages" seconds=5.5467e-5 stage="public_setup"
2026-09-09T20:52:42.035240Z DEBUG transparent_shard_server::runtime: runtime stage key=("1cd27964911287b2a127c1f8df5e6b0c19f5b4db309391c5adb2db3072bfec6e", Directory, 0) seconds=0.721651145 stage="disk_save"
2026-09-09T20:52:43.012192Z DEBUG transparent_shard_server::runtime: construction stage geometry="recent-8k" table="pages" seconds=1.245267515 stage="hint_columns"
2026-09-09T20:52:43.021266Z DEBUG transparent_shard_server::runtime: construction stage geometry="recent-8k" table="directory" seconds=1.272514357 stage="hint_columns"
2026-09-09T20:52:43.245515Z DEBUG transparent_shard_server::runtime: runtime stage key=("1cd27964911287b2a127c1f8df5e6b0c19f5b4db309391c5adb2db3072bfec6e", Pages, 0) seconds=1.929474613 stage="disk_save"
2026-09-09T20:52:45.098500Z DEBUG transparent_shard_server::runtime: construction stage geometry="recent-8k" table="pages" seconds=2.086276268 stage="pack_preprocessing"
2026-09-09T20:52:45.098796Z DEBUG transparent_shard_server::runtime: construction stage geometry="recent-8k" table="pages" seconds=0.000251556 stage="publish_parameters"
2026-09-09T20:52:45.099491Z DEBUG transparent_shard_server::runtime: runtime stage key=("27f56c565263ecffb8c7736d4e811665d81bf4ed71c7978431fcc4f45b645ee1", Pages, 0) seconds=3.6347685419999998 stage="runtime_build"
2026-09-09T20:52:45.099663Z DEBUG transparent_shard_server::runtime: runtime stage key=("ced665ae1f1140944bcd0c9aa2b83c1019df768df87fa513f9509106fc5b88c1", Directory, 0) seconds=3.783391896 stage="build_slot"
2026-09-09T20:52:45.099692Z DEBUG transparent_shard_server::runtime: runtime stage key=("2d4497bf9e8bafc6139ee4e57114238a7ecfa0782702939922bf2a79b1fe05bf", Directory, 0) seconds=6.286e-6 stage="restore_slot"
2026-09-09T20:52:45.099760Z DEBUG transparent_shard_server::memory: cold build admission wait seconds=7.3859e-5 admitted=true
2026-09-09T20:52:45.099806Z DEBUG transparent_shard_server::runtime: runtime stage key=("2d4497bf9e8bafc6139ee4e57114238a7ecfa0782702939922bf2a79b1fe05bf", Directory, 0) seconds=2.491e-5 hit=false stage="disk_restore"
2026-09-09T20:52:45.298006Z DEBUG transparent_shard_server::runtime: runtime stage key=("ced665ae1f1140944bcd0c9aa2b83c1019df768df87fa513f9509106fc5b88c1", Directory, 0) seconds=0.194799425 stage="source_load"
2026-09-09T20:52:45.588846Z DEBUG transparent_shard_server::runtime: construction stage geometry="recent-8k" table="directory" seconds=0.290795913 stage="encode_database"
2026-09-09T20:52:45.588953Z DEBUG transparent_shard_server::runtime: construction stage geometry="recent-8k" table="directory" seconds=7.1881e-5 stage="public_setup"
2026-09-09T20:52:45.833053Z DEBUG transparent_shard_server::runtime: runtime stage key=("27f56c565263ecffb8c7736d4e811665d81bf4ed71c7978431fcc4f45b645ee1", Pages, 0) seconds=0.733500723 stage="disk_save"
2026-09-09T20:52:46.451177Z DEBUG transparent_shard_server::runtime: construction stage geometry="recent-8k" table="directory" seconds=0.86221649 stage="hint_columns"
2026-09-09T20:52:46.453597Z DEBUG transparent_shard_server::runtime: construction stage geometry="recent-8k" table="directory" seconds=3.4322918270000002 stage="pack_preprocessing"
2026-09-09T20:52:46.453903Z DEBUG transparent_shard_server::runtime: construction stage geometry="recent-8k" table="directory" seconds=0.000271719 stage="publish_parameters"
2026-09-09T20:52:46.454642Z DEBUG transparent_shard_server::runtime: runtime stage key=("27f56c565263ecffb8c7736d4e811665d81bf4ed71c7978431fcc4f45b645ee1", Directory, 0) seconds=4.997353763 stage="runtime_build"
2026-09-09T20:52:46.454716Z DEBUG transparent_shard_server::runtime: runtime stage key=("ced665ae1f1140944bcd0c9aa2b83c1019df768df87fa513f9509106fc5b88c1", Pages, 0) seconds=5.138444497 stage="build_slot"
2026-09-09T20:52:46.454746Z DEBUG transparent_shard_server::runtime: runtime stage key=("2d4497bf9e8bafc6139ee4e57114238a7ecfa0782702939922bf2a79b1fe05bf", Pages, 0) seconds=1.199e-6 stage="restore_slot"
2026-09-09T20:52:46.454830Z DEBUG transparent_shard_server::memory: cold build admission wait seconds=9.4422e-5 admitted=true
2026-09-09T20:52:46.454889Z DEBUG transparent_shard_server::runtime: runtime stage key=("2d4497bf9e8bafc6139ee4e57114238a7ecfa0782702939922bf2a79b1fe05bf", Pages, 0) seconds=3.3175e-5 hit=false stage="disk_restore"
2026-09-09T20:52:46.589735Z DEBUG transparent_shard_server::runtime: runtime stage key=("ced665ae1f1140944bcd0c9aa2b83c1019df768df87fa513f9509106fc5b88c1", Pages, 0) seconds=0.134828202 stage="source_load"
2026-09-09T20:52:46.878756Z DEBUG transparent_shard_server::runtime: construction stage geometry="recent-8k" table="pages" seconds=0.288966849 stage="encode_database"
2026-09-09T20:52:46.878862Z DEBUG transparent_shard_server::runtime: construction stage geometry="recent-8k" table="pages" seconds=7.1589e-5 stage="public_setup"
2026-09-09T20:52:47.182629Z DEBUG transparent_shard_server::runtime: runtime stage key=("27f56c565263ecffb8c7736d4e811665d81bf4ed71c7978431fcc4f45b645ee1", Directory, 0) seconds=0.727929984 stage="disk_save"
2026-09-09T20:52:47.673719Z DEBUG transparent_shard_server::runtime: construction stage geometry="recent-8k" table="pages" seconds=0.794849434 stage="hint_columns"
2026-09-09T20:52:48.808369Z DEBUG transparent_shard_server::runtime: construction stage geometry="recent-8k" table="directory" seconds=2.357149095 stage="pack_preprocessing"
2026-09-09T20:52:48.808720Z DEBUG transparent_shard_server::runtime: construction stage geometry="recent-8k" table="directory" seconds=0.000312156 stage="publish_parameters"
2026-09-09T20:52:48.809336Z DEBUG transparent_shard_server::runtime: runtime stage key=("ced665ae1f1140944bcd0c9aa2b83c1019df768df87fa513f9509106fc5b88c1", Directory, 0) seconds=3.511287787 stage="runtime_build"
2026-09-09T20:52:48.809391Z DEBUG transparent_shard_server::runtime: runtime stage key=("2d4497bf9e8bafc6139ee4e57114238a7ecfa0782702939922bf2a79b1fe05bf", Directory, 0) seconds=3.7095614120000002 stage="build_slot"
2026-09-09T20:52:48.809487Z DEBUG transparent_shard_server::memory: cold build admission wait seconds=7.4647e-5 admitted=true
2026-09-09T20:52:48.809897Z DEBUG transparent_shard_server::runtime: runtime stage key=("a4bd72b37c0aafb265c77bb09cbc402cf69b65a87a1fabc8a0f12614b35469be", Directory, 0) seconds=5.21e-7 stage="restore_slot"
2026-09-09T20:52:48.810074Z DEBUG transparent_shard_server::runtime: runtime stage key=("a4bd72b37c0aafb265c77bb09cbc402cf69b65a87a1fabc8a0f12614b35469be", Directory, 0) seconds=0.000108612 hit=false stage="disk_restore"
2026-09-09T20:52:49.015173Z DEBUG transparent_shard_server::runtime: runtime stage key=("2d4497bf9e8bafc6139ee4e57114238a7ecfa0782702939922bf2a79b1fe05bf", Directory, 0) seconds=0.205669298 stage="source_load"
2026-09-09T20:52:49.304371Z DEBUG transparent_shard_server::runtime: construction stage geometry="recent-8k" table="directory" seconds=0.289167701 stage="encode_database"
2026-09-09T20:52:49.304471Z DEBUG transparent_shard_server::runtime: construction stage geometry="recent-8k" table="directory" seconds=6.8889e-5 stage="public_setup"
2026-09-09T20:52:49.550206Z DEBUG transparent_shard_server::runtime: runtime stage key=("ced665ae1f1140944bcd0c9aa2b83c1019df768df87fa513f9509106fc5b88c1", Directory, 0) seconds=0.74081109 stage="disk_save"
2026-09-09T20:52:50.139932Z DEBUG transparent_shard_server::runtime: construction stage geometry="recent-8k" table="directory" seconds=0.835454271 stage="hint_columns"
2026-09-09T20:52:50.142385Z DEBUG transparent_shard_server::runtime: construction stage geometry="recent-8k" table="pages" seconds=2.468622238 stage="pack_preprocessing"
2026-09-09T20:52:50.142667Z DEBUG transparent_shard_server::runtime: construction stage geometry="recent-8k" table="pages" seconds=0.000252934 stage="publish_parameters"
2026-09-09T20:52:50.143413Z DEBUG transparent_shard_server::runtime: runtime stage key=("ced665ae1f1140944bcd0c9aa2b83c1019df768df87fa513f9509106fc5b88c1", Pages, 0) seconds=3.553625776 stage="runtime_build"
2026-09-09T20:52:50.143462Z DEBUG transparent_shard_server::runtime: runtime stage key=("2d4497bf9e8bafc6139ee4e57114238a7ecfa0782702939922bf2a79b1fe05bf", Pages, 0) seconds=3.688540877 stage="build_slot"
2026-09-09T20:52:50.143546Z DEBUG transparent_shard_server::memory: cold build admission wait seconds=7.2816e-5 admitted=true
2026-09-09T20:52:50.147270Z DEBUG transparent_shard_server::runtime: runtime stage key=("a4bd72b37c0aafb265c77bb09cbc402cf69b65a87a1fabc8a0f12614b35469be", Pages, 0) seconds=8.34e-7 stage="restore_slot"
2026-09-09T20:52:50.147489Z DEBUG transparent_shard_server::runtime: runtime stage key=("a4bd72b37c0aafb265c77bb09cbc402cf69b65a87a1fabc8a0f12614b35469be", Pages, 0) seconds=3.8239e-5 hit=false stage="disk_restore"
2026-09-09T20:52:50.294758Z DEBUG transparent_shard_server::runtime: runtime stage key=("2d4497bf9e8bafc6139ee4e57114238a7ecfa0782702939922bf2a79b1fe05bf", Pages, 0) seconds=0.147580534 stage="source_load"
2026-09-09T20:52:50.595913Z DEBUG transparent_shard_server::runtime: construction stage geometry="recent-8k" table="pages" seconds=0.30112076 stage="encode_database"
2026-09-09T20:52:50.596026Z DEBUG transparent_shard_server::runtime: construction stage geometry="recent-8k" table="pages" seconds=7.089e-5 stage="public_setup"
2026-09-09T20:52:50.881215Z DEBUG transparent_shard_server::runtime: runtime stage key=("ced665ae1f1140944bcd0c9aa2b83c1019df768df87fa513f9509106fc5b88c1", Pages, 0) seconds=0.737762795 stage="disk_save"
2026-09-09T20:52:51.364371Z DEBUG transparent_shard_server::runtime: construction stage geometry="recent-8k" table="pages" seconds=0.768337335 stage="hint_columns"
2026-09-09T20:52:52.519025Z DEBUG transparent_shard_server::runtime: construction stage geometry="recent-8k" table="directory" seconds=2.379050115 stage="pack_preprocessing"
2026-09-09T20:52:52.519344Z DEBUG transparent_shard_server::runtime: construction stage geometry="recent-8k" table="directory" seconds=0.000274 stage="publish_parameters"
2026-09-09T20:52:52.519955Z DEBUG transparent_shard_server::runtime: runtime stage key=("2d4497bf9e8bafc6139ee4e57114238a7ecfa0782702939922bf2a79b1fe05bf", Directory, 0) seconds=3.504753678 stage="runtime_build"
2026-09-09T20:52:52.522191Z DEBUG transparent_shard_server::runtime: runtime stage key=("a4bd72b37c0aafb265c77bb09cbc402cf69b65a87a1fabc8a0f12614b35469be", Directory, 0) seconds=3.705968103 stage="build_slot"
2026-09-09T20:52:52.522301Z DEBUG transparent_shard_server::memory: cold build admission wait seconds=7.2468e-5 admitted=true
2026-09-09T20:52:52.525305Z DEBUG transparent_shard_server::runtime: runtime stage key=("c907a0aa45b2551520863990845279fd25135889865e088c2dad6ea0d32b8fde", Directory, 0) seconds=1.507e-6 stage="restore_slot"
2026-09-09T20:52:52.525439Z DEBUG transparent_shard_server::runtime: runtime stage key=("c907a0aa45b2551520863990845279fd25135889865e088c2dad6ea0d32b8fde", Directory, 0) seconds=3.8032e-5 hit=false stage="disk_restore"
2026-09-09T20:52:52.674187Z DEBUG transparent_shard_server::runtime: runtime stage key=("a4bd72b37c0aafb265c77bb09cbc402cf69b65a87a1fabc8a0f12614b35469be", Directory, 0) seconds=0.15186184 stage="source_load"
2026-09-09T20:52:52.974860Z DEBUG transparent_shard_server::runtime: construction stage geometry="recent-8k" table="directory" seconds=0.300639077 stage="encode_database"
2026-09-09T20:52:52.974963Z DEBUG transparent_shard_server::runtime: construction stage geometry="recent-8k" table="directory" seconds=6.8256e-5 stage="public_setup"
2026-09-09T20:52:53.515621Z DEBUG transparent_shard_server::runtime: runtime stage key=("2d4497bf9e8bafc6139ee4e57114238a7ecfa0782702939922bf2a79b1fe05bf", Directory, 0) seconds=0.995627171 stage="disk_save"
2026-09-09T20:52:53.851099Z DEBUG transparent_shard_server::runtime: construction stage geometry="recent-8k" table="directory" seconds=0.876129276 stage="hint_columns"
2026-09-09T20:52:53.853592Z DEBUG transparent_shard_server::runtime: construction stage geometry="recent-8k" table="pages" seconds=2.489176885 stage="pack_preprocessing"
2026-09-09T20:52:53.853887Z DEBUG transparent_shard_server::runtime: construction stage geometry="recent-8k" table="pages" seconds=0.000264627 stage="publish_parameters"
2026-09-09T20:52:53.854617Z DEBUG transparent_shard_server::runtime: runtime stage key=("2d4497bf9e8bafc6139ee4e57114238a7ecfa0782702939922bf2a79b1fe05bf", Pages, 0) seconds=3.5598276699999998 stage="runtime_build"
2026-09-09T20:52:53.854752Z DEBUG transparent_shard_server::runtime: runtime stage key=("a4bd72b37c0aafb265c77bb09cbc402cf69b65a87a1fabc8a0f12614b35469be", Pages, 0) seconds=3.707226412 stage="build_slot"
2026-09-09T20:52:53.854776Z DEBUG transparent_shard_server::runtime: runtime stage key=("c907a0aa45b2551520863990845279fd25135889865e088c2dad6ea0d32b8fde", Pages, 0) seconds=1.11e-6 stage="restore_slot"
2026-09-09T20:52:53.854849Z DEBUG transparent_shard_server::memory: cold build admission wait seconds=8.15e-5 admitted=true
2026-09-09T20:52:53.854914Z DEBUG transparent_shard_server::runtime: runtime stage key=("c907a0aa45b2551520863990845279fd25135889865e088c2dad6ea0d32b8fde", Pages, 0) seconds=3.4622e-5 hit=false stage="disk_restore"
2026-09-09T20:52:53.990376Z DEBUG transparent_shard_server::runtime: runtime stage key=("a4bd72b37c0aafb265c77bb09cbc402cf69b65a87a1fabc8a0f12614b35469be", Pages, 0) seconds=0.13544418 stage="source_load"
2026-09-09T20:52:54.288154Z DEBUG transparent_shard_server::runtime: construction stage geometry="recent-8k" table="pages" seconds=0.297745882 stage="encode_database"
2026-09-09T20:52:54.288263Z DEBUG transparent_shard_server::runtime: construction stage geometry="recent-8k" table="pages" seconds=6.9267e-5 stage="public_setup"
2026-09-09T20:52:54.578249Z DEBUG transparent_shard_server::runtime: runtime stage key=("2d4497bf9e8bafc6139ee4e57114238a7ecfa0782702939922bf2a79b1fe05bf", Pages, 0) seconds=0.723587175 stage="disk_save"
2026-09-09T20:52:55.055118Z DEBUG transparent_shard_server::runtime: construction stage geometry="recent-8k" table="pages" seconds=0.766848466 stage="hint_columns"
2026-09-09T20:52:56.292754Z DEBUG transparent_shard_server::runtime: construction stage geometry="recent-8k" table="directory" seconds=2.441612899 stage="pack_preprocessing"
2026-09-09T20:52:56.293071Z DEBUG transparent_shard_server::runtime: construction stage geometry="recent-8k" table="directory" seconds=0.000267992 stage="publish_parameters"
2026-09-09T20:52:56.296791Z DEBUG transparent_shard_server::runtime: runtime stage key=("a4bd72b37c0aafb265c77bb09cbc402cf69b65a87a1fabc8a0f12614b35469be", Directory, 0) seconds=3.622571996 stage="runtime_build"
2026-09-09T20:52:56.299188Z DEBUG transparent_shard_server::runtime: runtime stage key=("c907a0aa45b2551520863990845279fd25135889865e088c2dad6ea0d32b8fde", Directory, 0) seconds=3.770974875 stage="build_slot"
2026-09-09T20:52:56.299284Z DEBUG transparent_shard_server::memory: cold build admission wait seconds=7.2903e-5 admitted=true
2026-09-09T20:52:56.299306Z DEBUG transparent_shard_server::runtime: runtime stage key=("67574e8d4c7f7c258f8c7488f73e80a9476f8074c3db3540325133ff25020c2b", Directory, 0) seconds=4.97e-7 stage="restore_slot"
2026-09-09T20:52:56.305309Z DEBUG transparent_shard_server::runtime: runtime stage key=("67574e8d4c7f7c258f8c7488f73e80a9476f8074c3db3540325133ff25020c2b", Directory, 0) seconds=5.3778e-5 hit=false stage="disk_restore"
2026-09-09T20:52:56.487177Z DEBUG transparent_shard_server::runtime: runtime stage key=("c907a0aa45b2551520863990845279fd25135889865e088c2dad6ea0d32b8fde", Directory, 0) seconds=0.183999785 stage="source_load"
2026-09-09T20:52:56.788015Z DEBUG transparent_shard_server::runtime: construction stage geometry="recent-8k" table="directory" seconds=0.300803702 stage="encode_database"
2026-09-09T20:52:56.788125Z DEBUG transparent_shard_server::runtime: construction stage geometry="recent-8k" table="directory" seconds=7.4163e-5 stage="public_setup"
2026-09-09T20:52:57.051782Z DEBUG transparent_shard_server::runtime: runtime stage key=("a4bd72b37c0aafb265c77bb09cbc402cf69b65a87a1fabc8a0f12614b35469be", Directory, 0) seconds=0.754896856 stage="disk_save"
2026-09-09T20:52:57.277746Z DEBUG transparent_shard_server::runtime: construction stage geometry="recent-8k" table="pages" seconds=2.222574075 stage="pack_preprocessing"
2026-09-09T20:52:57.278065Z DEBUG transparent_shard_server::runtime: construction stage geometry="recent-8k" table="pages" seconds=0.000264852 stage="publish_parameters"
2026-09-09T20:52:57.281235Z DEBUG transparent_shard_server::runtime: runtime stage key=("a4bd72b37c0aafb265c77bb09cbc402cf69b65a87a1fabc8a0f12614b35469be", Pages, 0) seconds=3.290828228 stage="runtime_build"
2026-09-09T20:52:57.281293Z DEBUG transparent_shard_server::runtime: runtime stage key=("c907a0aa45b2551520863990845279fd25135889865e088c2dad6ea0d32b8fde", Pages, 0) seconds=3.4257760839999998 stage="build_slot"
2026-09-09T20:52:57.281324Z DEBUG transparent_shard_server::runtime: runtime stage key=("67574e8d4c7f7c258f8c7488f73e80a9476f8074c3db3540325133ff25020c2b", Pages, 0) seconds=1.052e-6 stage="restore_slot"
2026-09-09T20:52:57.281377Z DEBUG transparent_shard_server::memory: cold build admission wait seconds=7.899e-5 admitted=true
2026-09-09T20:52:57.286233Z DEBUG transparent_shard_server::runtime: runtime stage key=("67574e8d4c7f7c258f8c7488f73e80a9476f8074c3db3540325133ff25020c2b", Pages, 0) seconds=4.7108e-5 hit=false stage="disk_restore"
2026-09-09T20:52:57.658141Z DEBUG transparent_shard_server::runtime: runtime stage key=("c907a0aa45b2551520863990845279fd25135889865e088c2dad6ea0d32b8fde", Pages, 0) seconds=0.373966514 stage="source_load"
2026-09-09T20:52:57.671198Z DEBUG transparent_shard_server::runtime: construction stage geometry="recent-8k" table="directory" seconds=0.883067483 stage="hint_columns"
2026-09-09T20:52:57.957955Z DEBUG transparent_shard_server::runtime: construction stage geometry="recent-8k" table="pages" seconds=0.299776533 stage="encode_database"
2026-09-09T20:52:57.958060Z DEBUG transparent_shard_server::runtime: construction stage geometry="recent-8k" table="pages" seconds=7.3347e-5 stage="public_setup"
2026-09-09T20:52:58.441256Z DEBUG transparent_shard_server::runtime: runtime stage key=("a4bd72b37c0aafb265c77bb09cbc402cf69b65a87a1fabc8a0f12614b35469be", Pages, 0) seconds=1.159961892 stage="disk_save"
2026-09-09T20:52:58.787056Z DEBUG transparent_shard_server::runtime: construction stage geometry="recent-8k" table="pages" seconds=0.828988675 stage="hint_columns"
2026-09-09T20:52:59.961564Z DEBUG transparent_shard_server::runtime: construction stage geometry="recent-8k" table="directory" seconds=2.290338404 stage="pack_preprocessing"
2026-09-09T20:52:59.961891Z DEBUG transparent_shard_server::runtime: construction stage geometry="recent-8k" table="directory" seconds=0.000276234 stage="publish_parameters"
2026-09-09T20:52:59.962577Z DEBUG transparent_shard_server::runtime: runtime stage key=("c907a0aa45b2551520863990845279fd25135889865e088c2dad6ea0d32b8fde", Directory, 0) seconds=3.475367775 stage="runtime_build"
2026-09-09T20:52:59.962626Z DEBUG transparent_shard_server::runtime: runtime stage key=("67574e8d4c7f7c258f8c7488f73e80a9476f8074c3db3540325133ff25020c2b", Directory, 0) seconds=3.656528536 stage="build_slot"
2026-09-09T20:52:59.962734Z DEBUG transparent_shard_server::memory: cold build admission wait seconds=8.7315e-5 admitted=true
2026-09-09T20:53:00.149769Z DEBUG transparent_shard_server::runtime: runtime stage key=("67574e8d4c7f7c258f8c7488f73e80a9476f8074c3db3540325133ff25020c2b", Directory, 0) seconds=0.186989745 stage="source_load"
2026-09-09T20:53:00.452880Z DEBUG transparent_shard_server::runtime: construction stage geometry="recent-8k" table="directory" seconds=0.303076244 stage="encode_database"
2026-09-09T20:53:00.452992Z DEBUG transparent_shard_server::runtime: construction stage geometry="recent-8k" table="directory" seconds=7.8763e-5 stage="public_setup"
2026-09-09T20:53:00.889629Z DEBUG transparent_shard_server::runtime: runtime stage key=("c907a0aa45b2551520863990845279fd25135889865e088c2dad6ea0d32b8fde", Directory, 0) seconds=0.927006164 stage="disk_save"
2026-09-09T20:53:00.992499Z DEBUG transparent_shard_server::runtime: construction stage geometry="recent-8k" table="pages" seconds=2.205401071 stage="pack_preprocessing"
2026-09-09T20:53:00.992812Z DEBUG transparent_shard_server::runtime: construction stage geometry="recent-8k" table="pages" seconds=0.000273207 stage="publish_parameters"
2026-09-09T20:53:00.993595Z DEBUG transparent_shard_server::runtime: runtime stage key=("c907a0aa45b2551520863990845279fd25135889865e088c2dad6ea0d32b8fde", Pages, 0) seconds=3.335419161 stage="runtime_build"
2026-09-09T20:53:00.993638Z DEBUG transparent_shard_server::runtime: runtime stage key=("67574e8d4c7f7c258f8c7488f73e80a9476f8074c3db3540325133ff25020c2b", Pages, 0) seconds=3.707353698 stage="build_slot"
2026-09-09T20:53:00.993722Z DEBUG transparent_shard_server::memory: cold build admission wait seconds=7.8493e-5 admitted=true
2026-09-09T20:53:01.338864Z DEBUG transparent_shard_server::runtime: construction stage geometry="recent-8k" table="directory" seconds=0.885865187 stage="hint_columns"
2026-09-09T20:53:01.356403Z DEBUG transparent_shard_server::runtime: runtime stage key=("67574e8d4c7f7c258f8c7488f73e80a9476f8074c3db3540325133ff25020c2b", Pages, 0) seconds=0.362659158 stage="source_load"
2026-09-09T20:53:01.657566Z DEBUG transparent_shard_server::runtime: construction stage geometry="recent-8k" table="pages" seconds=0.30113047 stage="encode_database"
2026-09-09T20:53:01.657679Z DEBUG transparent_shard_server::runtime: construction stage geometry="recent-8k" table="pages" seconds=7.4217e-5 stage="public_setup"
2026-09-09T20:53:02.116172Z DEBUG transparent_shard_server::runtime: runtime stage key=("c907a0aa45b2551520863990845279fd25135889865e088c2dad6ea0d32b8fde", Pages, 0) seconds=1.121739523 stage="disk_save"
2026-09-09T20:53:02.474199Z DEBUG transparent_shard_server::runtime: construction stage geometry="recent-8k" table="pages" seconds=0.816512481 stage="hint_columns"
2026-09-09T20:53:03.633645Z DEBUG transparent_shard_server::runtime: construction stage geometry="recent-8k" table="directory" seconds=2.294743355 stage="pack_preprocessing"
2026-09-09T20:53:03.633951Z DEBUG transparent_shard_server::runtime: construction stage geometry="recent-8k" table="directory" seconds=0.000265839 stage="publish_parameters"
2026-09-09T20:53:03.634713Z DEBUG transparent_shard_server::runtime: runtime stage key=("67574e8d4c7f7c258f8c7488f73e80a9476f8074c3db3540325133ff25020c2b", Directory, 0) seconds=3.484911379 stage="runtime_build"
2026-09-09T20:53:04.361361Z DEBUG transparent_shard_server::runtime: runtime stage key=("67574e8d4c7f7c258f8c7488f73e80a9476f8074c3db3540325133ff25020c2b", Directory, 0) seconds=0.724166893 stage="disk_save"
2026-09-09T20:53:04.657151Z DEBUG transparent_shard_server::runtime: construction stage geometry="recent-8k" table="pages" seconds=2.182903294 stage="pack_preprocessing"
2026-09-09T20:53:04.657473Z DEBUG transparent_shard_server::runtime: construction stage geometry="recent-8k" table="pages" seconds=0.000267545 stage="publish_parameters"
2026-09-09T20:53:04.658246Z DEBUG transparent_shard_server::runtime: runtime stage key=("67574e8d4c7f7c258f8c7488f73e80a9476f8074c3db3540325133ff25020c2b", Pages, 0) seconds=3.3018142360000002 stage="runtime_build"
2026-09-09T20:53:04.658308Z  INFO transparent_shard_server::service: prewarm finished warm=28 target=28 failed=0 seconds=54.335564286
test burst::publication_burst_under_exact_load has been running for over 60 seconds
2026-09-09T20:53:05.313609Z DEBUG transparent_shard_server::runtime: runtime stage key=("67574e8d4c7f7c258f8c7488f73e80a9476f8074c3db3540325133ff25020c2b", Pages, 0) seconds=0.655176977 stage="disk_save"
2026-09-09T20:53:05.605659Z DEBUG transparent_shard_server::service: query stage revision=5b7ee9849d47f5ee67d04eb6ca4588beacf42dce75e5a1b481dfd02607b1fb20 table="directory" seconds=4.684e-6 stage="query_admission"
2026-09-09T20:53:05.605674Z DEBUG transparent_shard_server::service: query stage revision=5b7ee9849d47f5ee67d04eb6ca4588beacf42dce75e5a1b481dfd02607b1fb20 table="directory" seconds=2.113e-6 stage="query_admission"
2026-09-09T20:53:05.605712Z DEBUG transparent_shard_server::service: query stage revision=5b7ee9849d47f5ee67d04eb6ca4588beacf42dce75e5a1b481dfd02607b1fb20 table="directory" seconds=3.993e-6 stage="query_runtime"
2026-09-09T20:53:05.605700Z DEBUG transparent_shard_server::service: query stage revision=5b7ee9849d47f5ee67d04eb6ca4588beacf42dce75e5a1b481dfd02607b1fb20 table="directory" seconds=6.237e-6 stage="query_runtime"
2026-09-09T20:53:05.605786Z DEBUG transparent_shard_server::service: query stage revision=5b7ee9849d47f5ee67d04eb6ca4588beacf42dce75e5a1b481dfd02607b1fb20 table="directory" seconds=6.91e-5 admitted=true stage="query_memory_admission"
2026-09-09T20:53:05.605788Z DEBUG transparent_shard_server::service: query stage revision=5b7ee9849d47f5ee67d04eb6ca4588beacf42dce75e5a1b481dfd02607b1fb20 table="directory" seconds=7.2387e-5 admitted=true stage="query_memory_admission"
2026-09-09T20:53:05.605805Z DEBUG transparent_shard_server::service: query stage revision=5b7ee9849d47f5ee67d04eb6ca4588beacf42dce75e5a1b481dfd02607b1fb20 table="directory" seconds=1.4444e-5 stage="query_dispatch"
2026-09-09T20:53:05.608255Z DEBUG transparent_shard_server::service: query stage revision=5b7ee9849d47f5ee67d04eb6ca4588beacf42dce75e5a1b481dfd02607b1fb20 table="directory" seconds=0.002460546 stage="query_dispatch"
2026-09-09T20:53:05.617956Z DEBUG transparent_shard_server::service: query stage revision=5b7ee9849d47f5ee67d04eb6ca4588beacf42dce75e5a1b481dfd02607b1fb20 table="directory" seconds=0.01214371 stage="query_evaluate"
2026-09-09T20:53:05.624897Z DEBUG transparent_shard_server::service: query stage revision=5b7ee9849d47f5ee67d04eb6ca4588beacf42dce75e5a1b481dfd02607b1fb20 table="directory" seconds=0.016608824 stage="query_evaluate"
2026-09-09T20:53:05.796694Z DEBUG transparent_shard_server::service: query stage revision=5b7ee9849d47f5ee67d04eb6ca4588beacf42dce75e5a1b481dfd02607b1fb20 table="pages" seconds=3.069e-6 stage="query_admission"
2026-09-09T20:53:05.796730Z DEBUG transparent_shard_server::service: query stage revision=5b7ee9849d47f5ee67d04eb6ca4588beacf42dce75e5a1b481dfd02607b1fb20 table="pages" seconds=5.069e-6 stage="query_runtime"
2026-09-09T20:53:05.796807Z DEBUG transparent_shard_server::service: query stage revision=5b7ee9849d47f5ee67d04eb6ca4588beacf42dce75e5a1b481dfd02607b1fb20 table="pages" seconds=7.3816e-5 admitted=true stage="query_memory_admission"
2026-09-09T20:53:05.796834Z DEBUG transparent_shard_server::service: query stage revision=5b7ee9849d47f5ee67d04eb6ca4588beacf42dce75e5a1b481dfd02607b1fb20 table="pages" seconds=2.1583e-5 stage="query_dispatch"
2026-09-09T20:53:05.796882Z DEBUG transparent_shard_server::service: query stage revision=5b7ee9849d47f5ee67d04eb6ca4588beacf42dce75e5a1b481dfd02607b1fb20 table="pages" seconds=1.46e-6 stage="query_admission"
2026-09-09T20:53:05.796897Z DEBUG transparent_shard_server::service: query stage revision=5b7ee9849d47f5ee67d04eb6ca4588beacf42dce75e5a1b481dfd02607b1fb20 table="pages" seconds=3.784e-6 stage="query_runtime"
2026-09-09T20:53:05.796959Z DEBUG transparent_shard_server::service: query stage revision=5b7ee9849d47f5ee67d04eb6ca4588beacf42dce75e5a1b481dfd02607b1fb20 table="pages" seconds=5.8817e-5 admitted=true stage="query_memory_admission"
2026-09-09T20:53:05.796980Z DEBUG transparent_shard_server::service: query stage revision=5b7ee9849d47f5ee67d04eb6ca4588beacf42dce75e5a1b481dfd02607b1fb20 table="pages" seconds=1.7095e-5 stage="query_dispatch"
2026-09-09T20:53:05.809980Z DEBUG transparent_shard_server::service: query stage revision=5b7ee9849d47f5ee67d04eb6ca4588beacf42dce75e5a1b481dfd02607b1fb20 table="pages" seconds=0.012994809 stage="query_evaluate"
2026-09-09T20:53:05.809980Z DEBUG transparent_shard_server::service: query stage revision=5b7ee9849d47f5ee67d04eb6ca4588beacf42dce75e5a1b481dfd02607b1fb20 table="pages" seconds=0.013111942 stage="query_evaluate"
2026-09-09T20:53:05.894127Z  INFO transparent_shard_server::runtime: retired runtime memory reclaimed rss_before=5305065472 rss_after=4556431360
2026-09-09T20:53:05.965730Z DEBUG transparent_shard_server::service: query stage revision=5b7ee9849d47f5ee67d04eb6ca4588beacf42dce75e5a1b481dfd02607b1fb20 table="directory" seconds=2.473e-6 stage="query_admission"
2026-09-09T20:53:05.965770Z DEBUG transparent_shard_server::service: query stage revision=5b7ee9849d47f5ee67d04eb6ca4588beacf42dce75e5a1b481dfd02607b1fb20 table="directory" seconds=4.702e-6 stage="query_runtime"
2026-09-09T20:53:05.965747Z DEBUG transparent_shard_server::service: query stage revision=5b7ee9849d47f5ee67d04eb6ca4588beacf42dce75e5a1b481dfd02607b1fb20 table="directory" seconds=1.961e-6 stage="query_admission"
2026-09-09T20:53:05.965789Z DEBUG transparent_shard_server::service: query stage revision=5b7ee9849d47f5ee67d04eb6ca4588beacf42dce75e5a1b481dfd02607b1fb20 table="directory" seconds=3.879e-6 stage="query_runtime"
2026-09-09T20:53:05.965850Z DEBUG transparent_shard_server::service: query stage revision=5b7ee9849d47f5ee67d04eb6ca4588beacf42dce75e5a1b481dfd02607b1fb20 table="directory" seconds=7.6399e-5 admitted=true stage="query_memory_admission"
2026-09-09T20:53:05.965852Z DEBUG transparent_shard_server::service: query stage revision=5b7ee9849d47f5ee67d04eb6ca4588beacf42dce75e5a1b481dfd02607b1fb20 table="directory" seconds=5.9628e-5 admitted=true stage="query_memory_admission"
2026-09-09T20:53:05.965870Z DEBUG transparent_shard_server::service: query stage revision=5b7ee9849d47f5ee67d04eb6ca4588beacf42dce75e5a1b481dfd02607b1fb20 table="directory" seconds=1.5218e-5 stage="query_dispatch"
2026-09-09T20:53:05.965925Z DEBUG transparent_shard_server::service: query stage revision=5b7ee9849d47f5ee67d04eb6ca4588beacf42dce75e5a1b481dfd02607b1fb20 table="directory" seconds=6.8026e-5 stage="query_dispatch"
2026-09-09T20:53:05.984289Z DEBUG transparent_shard_server::service: query stage revision=5b7ee9849d47f5ee67d04eb6ca4588beacf42dce75e5a1b481dfd02607b1fb20 table="directory" seconds=0.018347334 stage="query_evaluate"
2026-09-09T20:53:05.985149Z DEBUG transparent_shard_server::service: query stage revision=5b7ee9849d47f5ee67d04eb6ca4588beacf42dce75e5a1b481dfd02607b1fb20 table="directory" seconds=0.019273253 stage="query_evaluate"
2026-09-09T20:53:06.138140Z DEBUG transparent_shard_server::service: query stage revision=5b7ee9849d47f5ee67d04eb6ca4588beacf42dce75e5a1b481dfd02607b1fb20 table="pages" seconds=2.669e-6 stage="query_admission"
2026-09-09T20:53:06.138186Z DEBUG transparent_shard_server::service: query stage revision=5b7ee9849d47f5ee67d04eb6ca4588beacf42dce75e5a1b481dfd02607b1fb20 table="pages" seconds=6.251e-6 stage="query_runtime"
2026-09-09T20:53:06.138237Z DEBUG transparent_shard_server::service: query stage revision=5b7ee9849d47f5ee67d04eb6ca4588beacf42dce75e5a1b481dfd02607b1fb20 table="pages" seconds=1.742e-6 stage="query_admission"
2026-09-09T20:53:06.138255Z DEBUG transparent_shard_server::service: query stage revision=5b7ee9849d47f5ee67d04eb6ca4588beacf42dce75e5a1b481dfd02607b1fb20 table="pages" seconds=3.245e-6 stage="query_runtime"
2026-09-09T20:53:06.138268Z DEBUG transparent_shard_server::service: query stage revision=5b7ee9849d47f5ee67d04eb6ca4588beacf42dce75e5a1b481dfd02607b1fb20 table="pages" seconds=6.7934e-5 admitted=true stage="query_memory_admission"
2026-09-09T20:53:06.138289Z DEBUG transparent_shard_server::service: query stage revision=5b7ee9849d47f5ee67d04eb6ca4588beacf42dce75e5a1b481dfd02607b1fb20 table="pages" seconds=1.5749e-5 stage="query_dispatch"
2026-09-09T20:53:06.138313Z DEBUG transparent_shard_server::service: query stage revision=5b7ee9849d47f5ee67d04eb6ca4588beacf42dce75e5a1b481dfd02607b1fb20 table="pages" seconds=5.4883e-5 admitted=true stage="query_memory_admission"
2026-09-09T20:53:06.138338Z DEBUG transparent_shard_server::service: query stage revision=5b7ee9849d47f5ee67d04eb6ca4588beacf42dce75e5a1b481dfd02607b1fb20 table="pages" seconds=2.1572e-5 stage="query_dispatch"
2026-09-09T20:53:06.157925Z DEBUG transparent_shard_server::service: query stage revision=5b7ee9849d47f5ee67d04eb6ca4588beacf42dce75e5a1b481dfd02607b1fb20 table="pages" seconds=0.019621254 stage="query_evaluate"
2026-09-09T20:53:06.157945Z DEBUG transparent_shard_server::service: query stage revision=5b7ee9849d47f5ee67d04eb6ca4588beacf42dce75e5a1b481dfd02607b1fb20 table="pages" seconds=0.019601308 stage="query_evaluate"
2026-09-09T20:53:06.312012Z DEBUG transparent_shard_server::service: query stage revision=5b7ee9849d47f5ee67d04eb6ca4588beacf42dce75e5a1b481dfd02607b1fb20 table="directory" seconds=3.041e-6 stage="query_admission"
2026-09-09T20:53:06.312049Z DEBUG transparent_shard_server::service: query stage revision=5b7ee9849d47f5ee67d04eb6ca4588beacf42dce75e5a1b481dfd02607b1fb20 table="directory" seconds=6.132e-6 stage="query_runtime"
2026-09-09T20:53:06.312125Z DEBUG transparent_shard_server::service: query stage revision=5b7ee9849d47f5ee67d04eb6ca4588beacf42dce75e5a1b481dfd02607b1fb20 table="directory" seconds=7.2463e-5 admitted=true stage="query_memory_admission"
2026-09-09T20:53:06.312198Z DEBUG transparent_shard_server::service: query stage revision=5b7ee9849d47f5ee67d04eb6ca4588beacf42dce75e5a1b481dfd02607b1fb20 table="directory" seconds=6.631e-5 stage="query_dispatch"
2026-09-09T20:53:06.315270Z DEBUG transparent_shard_server::service: query stage revision=5b7ee9849d47f5ee67d04eb6ca4588beacf42dce75e5a1b481dfd02607b1fb20 table="directory" seconds=2.214e-6 stage="query_admission"
2026-09-09T20:53:06.315295Z DEBUG transparent_shard_server::service: query stage revision=5b7ee9849d47f5ee67d04eb6ca4588beacf42dce75e5a1b481dfd02607b1fb20 table="directory" seconds=4.932e-6 stage="query_runtime"
2026-09-09T20:53:06.315361Z DEBUG transparent_shard_server::service: query stage revision=5b7ee9849d47f5ee67d04eb6ca4588beacf42dce75e5a1b481dfd02607b1fb20 table="directory" seconds=6.3067e-5 admitted=true stage="query_memory_admission"
2026-09-09T20:53:06.315388Z DEBUG transparent_shard_server::service: query stage revision=5b7ee9849d47f5ee67d04eb6ca4588beacf42dce75e5a1b481dfd02607b1fb20 table="directory" seconds=2.2184e-5 stage="query_dispatch"
2026-09-09T20:53:06.329731Z DEBUG transparent_shard_server::service: query stage revision=5b7ee9849d47f5ee67d04eb6ca4588beacf42dce75e5a1b481dfd02607b1fb20 table="directory" seconds=0.017507341 stage="query_evaluate"
2026-09-09T20:53:06.330297Z DEBUG transparent_shard_server::service: query stage revision=5b7ee9849d47f5ee67d04eb6ca4588beacf42dce75e5a1b481dfd02607b1fb20 table="directory" seconds=0.014903589 stage="query_evaluate"
2026-09-09T20:53:06.449696Z DEBUG transparent_shard_server::runtime: runtime stage key=("be059aab39ac34125e0452548d6fbcfb1e7cdb7237a597bd59ee86011ed4882b", Directory, 0) seconds=1.903e-6 stage="restore_slot"
2026-09-09T20:53:06.449698Z DEBUG transparent_shard_server::runtime: runtime stage key=("be059aab39ac34125e0452548d6fbcfb1e7cdb7237a597bd59ee86011ed4882b", Pages, 0) seconds=1.079e-6 stage="restore_slot"
2026-09-09T20:53:06.449901Z DEBUG transparent_shard_server::runtime: runtime stage key=("be059aab39ac34125e0452548d6fbcfb1e7cdb7237a597bd59ee86011ed4882b", Pages, 0) seconds=3.068e-5 hit=false stage="disk_restore"
2026-09-09T20:53:06.449937Z DEBUG transparent_shard_server::runtime: runtime stage key=("be059aab39ac34125e0452548d6fbcfb1e7cdb7237a597bd59ee86011ed4882b", Pages, 0) seconds=5.26e-7 stage="build_slot"
2026-09-09T20:53:06.449977Z DEBUG transparent_shard_server::memory: cold build admission wait seconds=3.2453e-5 admitted=true
2026-09-09T20:53:06.450009Z DEBUG transparent_shard_server::runtime: runtime stage key=("be059aab39ac34125e0452548d6fbcfb1e7cdb7237a597bd59ee86011ed4882b", Directory, 0) seconds=2.9657e-5 hit=false stage="disk_restore"
2026-09-09T20:53:06.450041Z DEBUG transparent_shard_server::runtime: runtime stage key=("be059aab39ac34125e0452548d6fbcfb1e7cdb7237a597bd59ee86011ed4882b", Directory, 0) seconds=1.91e-7 stage="build_slot"
2026-09-09T20:53:06.450067Z DEBUG transparent_shard_server::memory: cold build admission wait seconds=2.2617e-5 admitted=true
2026-09-09T20:53:06.490254Z DEBUG transparent_shard_server::service: query stage revision=5b7ee9849d47f5ee67d04eb6ca4588beacf42dce75e5a1b481dfd02607b1fb20 table="pages" seconds=3.086e-6 stage="query_admission"
2026-09-09T20:53:06.490291Z DEBUG transparent_shard_server::service: query stage revision=5b7ee9849d47f5ee67d04eb6ca4588beacf42dce75e5a1b481dfd02607b1fb20 table="pages" seconds=5.513e-6 stage="query_runtime"
2026-09-09T20:53:06.490360Z DEBUG transparent_shard_server::service: query stage revision=5b7ee9849d47f5ee67d04eb6ca4588beacf42dce75e5a1b481dfd02607b1fb20 table="pages" seconds=2.541e-6 stage="query_admission"
2026-09-09T20:53:06.490368Z DEBUG transparent_shard_server::service: query stage revision=5b7ee9849d47f5ee67d04eb6ca4588beacf42dce75e5a1b481dfd02607b1fb20 table="pages" seconds=7.3637e-5 admitted=true stage="query_memory_admission"
2026-09-09T20:53:06.490417Z DEBUG transparent_shard_server::service: query stage revision=5b7ee9849d47f5ee67d04eb6ca4588beacf42dce75e5a1b481dfd02607b1fb20 table="pages" seconds=2.1696e-5 stage="query_dispatch"
2026-09-09T20:53:06.490386Z DEBUG transparent_shard_server::service: query stage revision=5b7ee9849d47f5ee67d04eb6ca4588beacf42dce75e5a1b481dfd02607b1fb20 table="pages" seconds=5.493e-6 stage="query_runtime"
2026-09-09T20:53:06.494438Z DEBUG transparent_shard_server::service: query stage revision=5b7ee9849d47f5ee67d04eb6ca4588beacf42dce75e5a1b481dfd02607b1fb20 table="pages" seconds=7.6875e-5 admitted=true stage="query_memory_admission"
2026-09-09T20:53:06.494476Z DEBUG transparent_shard_server::service: query stage revision=5b7ee9849d47f5ee67d04eb6ca4588beacf42dce75e5a1b481dfd02607b1fb20 table="pages" seconds=2.8227e-5 stage="query_dispatch"
2026-09-09T20:53:06.509736Z DEBUG transparent_shard_server::service: query stage revision=5b7ee9849d47f5ee67d04eb6ca4588beacf42dce75e5a1b481dfd02607b1fb20 table="pages" seconds=0.019304904 stage="query_evaluate"
2026-09-09T20:53:06.522754Z DEBUG transparent_shard_server::service: query stage revision=5b7ee9849d47f5ee67d04eb6ca4588beacf42dce75e5a1b481dfd02607b1fb20 table="pages" seconds=0.028259719 stage="query_evaluate"
2026-09-09T20:53:06.607816Z DEBUG transparent_shard_server::runtime: runtime stage key=("be059aab39ac34125e0452548d6fbcfb1e7cdb7237a597bd59ee86011ed4882b", Pages, 0) seconds=0.157814203 stage="source_load"
2026-09-09T20:53:06.616813Z DEBUG transparent_shard_server::runtime: runtime stage key=("be059aab39ac34125e0452548d6fbcfb1e7cdb7237a597bd59ee86011ed4882b", Directory, 0) seconds=0.166734915 stage="source_load"
2026-09-09T20:53:06.667889Z DEBUG transparent_shard_server::service: query stage revision=5b7ee9849d47f5ee67d04eb6ca4588beacf42dce75e5a1b481dfd02607b1fb20 table="directory" seconds=2.984e-6 stage="query_admission"
2026-09-09T20:53:06.667937Z DEBUG transparent_shard_server::service: query stage revision=5b7ee9849d47f5ee67d04eb6ca4588beacf42dce75e5a1b481dfd02607b1fb20 table="directory" seconds=5.494e-6 stage="query_runtime"
2026-09-09T20:53:06.668012Z DEBUG transparent_shard_server::service: query stage revision=5b7ee9849d47f5ee67d04eb6ca4588beacf42dce75e5a1b481dfd02607b1fb20 table="directory" seconds=7.1614e-5 admitted=true stage="query_memory_admission"
2026-09-09T20:53:06.668045Z DEBUG transparent_shard_server::service: query stage revision=5b7ee9849d47f5ee67d04eb6ca4588beacf42dce75e5a1b481dfd02607b1fb20 table="directory" seconds=2.9761e-5 stage="query_dispatch"
2026-09-09T20:53:06.679077Z DEBUG transparent_shard_server::service: query stage revision=5b7ee9849d47f5ee67d04eb6ca4588beacf42dce75e5a1b481dfd02607b1fb20 table="directory" seconds=2.287e-6 stage="query_admission"
2026-09-09T20:53:06.679111Z DEBUG transparent_shard_server::service: query stage revision=5b7ee9849d47f5ee67d04eb6ca4588beacf42dce75e5a1b481dfd02607b1fb20 table="directory" seconds=4.489e-6 stage="query_runtime"
2026-09-09T20:53:06.679160Z DEBUG transparent_shard_server::service: query stage revision=5b7ee9849d47f5ee67d04eb6ca4588beacf42dce75e5a1b481dfd02607b1fb20 table="directory" seconds=4.5362e-5 admitted=true stage="query_memory_admission"
2026-09-09T20:53:06.681628Z DEBUG transparent_shard_server::service: query stage revision=5b7ee9849d47f5ee67d04eb6ca4588beacf42dce75e5a1b481dfd02607b1fb20 table="directory" seconds=0.002463401 stage="query_dispatch"
2026-09-09T20:53:06.689693Z DEBUG transparent_shard_server::service: query stage revision=5b7ee9849d47f5ee67d04eb6ca4588beacf42dce75e5a1b481dfd02607b1fb20 table="directory" seconds=0.021642538 stage="query_evaluate"
2026-09-09T20:53:06.695739Z DEBUG transparent_shard_server::service: query stage revision=5b7ee9849d47f5ee67d04eb6ca4588beacf42dce75e5a1b481dfd02607b1fb20 table="directory" seconds=0.014085222 stage="query_evaluate"
2026-09-09T20:53:06.849153Z DEBUG transparent_shard_server::service: query stage revision=5b7ee9849d47f5ee67d04eb6ca4588beacf42dce75e5a1b481dfd02607b1fb20 table="pages" seconds=2.338e-6 stage="query_admission"
2026-09-09T20:53:06.849203Z DEBUG transparent_shard_server::service: query stage revision=5b7ee9849d47f5ee67d04eb6ca4588beacf42dce75e5a1b481dfd02607b1fb20 table="pages" seconds=6.009e-6 stage="query_runtime"
2026-09-09T20:53:06.849282Z DEBUG transparent_shard_server::service: query stage revision=5b7ee9849d47f5ee67d04eb6ca4588beacf42dce75e5a1b481dfd02607b1fb20 table="pages" seconds=7.5805e-5 admitted=true stage="query_memory_admission"
2026-09-09T20:53:06.849311Z DEBUG transparent_shard_server::service: query stage revision=5b7ee9849d47f5ee67d04eb6ca4588beacf42dce75e5a1b481dfd02607b1fb20 table="pages" seconds=2.3452e-5 stage="query_dispatch"
2026-09-09T20:53:06.849930Z DEBUG transparent_shard_server::service: query stage revision=5b7ee9849d47f5ee67d04eb6ca4588beacf42dce75e5a1b481dfd02607b1fb20 table="pages" seconds=1.636e-6 stage="query_admission"
2026-09-09T20:53:06.849942Z DEBUG transparent_shard_server::service: query stage revision=5b7ee9849d47f5ee67d04eb6ca4588beacf42dce75e5a1b481dfd02607b1fb20 table="pages" seconds=3.536e-6 stage="query_runtime"
2026-09-09T20:53:06.850005Z DEBUG transparent_shard_server::service: query stage revision=5b7ee9849d47f5ee67d04eb6ca4588beacf42dce75e5a1b481dfd02607b1fb20 table="pages" seconds=6.0768e-5 admitted=true stage="query_memory_admission"
2026-09-09T20:53:06.850027Z DEBUG transparent_shard_server::service: query stage revision=5b7ee9849d47f5ee67d04eb6ca4588beacf42dce75e5a1b481dfd02607b1fb20 table="pages" seconds=1.8239e-5 stage="query_dispatch"
2026-09-09T20:53:06.873676Z DEBUG transparent_shard_server::service: query stage revision=5b7ee9849d47f5ee67d04eb6ca4588beacf42dce75e5a1b481dfd02607b1fb20 table="pages" seconds=0.023640824 stage="query_evaluate"
2026-09-09T20:53:06.875008Z DEBUG transparent_shard_server::service: query stage revision=5b7ee9849d47f5ee67d04eb6ca4588beacf42dce75e5a1b481dfd02607b1fb20 table="pages" seconds=0.025674612 stage="query_evaluate"
2026-09-09T20:53:06.912155Z DEBUG transparent_shard_server::runtime: construction stage geometry="recent-8k" table="directory" seconds=0.295305998 stage="encode_database"
2026-09-09T20:53:06.912272Z DEBUG transparent_shard_server::runtime: construction stage geometry="recent-8k" table="directory" seconds=7.2188e-5 stage="public_setup"
2026-09-09T20:53:06.915051Z DEBUG transparent_shard_server::runtime: construction stage geometry="recent-8k" table="pages" seconds=0.307196692 stage="encode_database"
2026-09-09T20:53:06.915228Z DEBUG transparent_shard_server::runtime: construction stage geometry="recent-8k" table="pages" seconds=0.000150584 stage="public_setup"
2026-09-09T20:53:07.033221Z DEBUG transparent_shard_server::service: query stage revision=5b7ee9849d47f5ee67d04eb6ca4588beacf42dce75e5a1b481dfd02607b1fb20 table="directory" seconds=2.923e-6 stage="query_admission"
2026-09-09T20:53:07.033257Z DEBUG transparent_shard_server::service: query stage revision=5b7ee9849d47f5ee67d04eb6ca4588beacf42dce75e5a1b481dfd02607b1fb20 table="directory" seconds=5.488e-6 stage="query_runtime"
2026-09-09T20:53:07.033331Z DEBUG transparent_shard_server::service: query stage revision=5b7ee9849d47f5ee67d04eb6ca4588beacf42dce75e5a1b481dfd02607b1fb20 table="directory" seconds=7.0903e-5 admitted=true stage="query_memory_admission"
2026-09-09T20:53:07.033335Z DEBUG transparent_shard_server::service: query stage revision=5b7ee9849d47f5ee67d04eb6ca4588beacf42dce75e5a1b481dfd02607b1fb20 table="directory" seconds=2.122e-6 stage="query_admission"
2026-09-09T20:53:07.033355Z DEBUG transparent_shard_server::service: query stage revision=5b7ee9849d47f5ee67d04eb6ca4588beacf42dce75e5a1b481dfd02607b1fb20 table="directory" seconds=3.512e-6 stage="query_runtime"
2026-09-09T20:53:07.033359Z DEBUG transparent_shard_server::service: query stage revision=5b7ee9849d47f5ee67d04eb6ca4588beacf42dce75e5a1b481dfd02607b1fb20 table="directory" seconds=2.3363e-5 stage="query_dispatch"
2026-09-09T20:53:07.033419Z DEBUG transparent_shard_server::service: query stage revision=5b7ee9849d47f5ee67d04eb6ca4588beacf42dce75e5a1b481dfd02607b1fb20 table="directory" seconds=6.0367e-5 admitted=true stage="query_memory_admission"
2026-09-09T20:53:07.033729Z DEBUG transparent_shard_server::service: query stage revision=5b7ee9849d47f5ee67d04eb6ca4588beacf42dce75e5a1b481dfd02607b1fb20 table="directory" seconds=0.000305708 stage="query_dispatch"
2026-09-09T20:53:07.966877Z DEBUG transparent_shard_server::runtime: construction stage geometry="recent-8k" table="pages" seconds=1.05164136 stage="hint_columns"
2026-09-09T20:53:07.967378Z DEBUG transparent_shard_server::service: query stage revision=5b7ee9849d47f5ee67d04eb6ca4588beacf42dce75e5a1b481dfd02607b1fb20 table="directory" seconds=0.934013452 stage="query_evaluate"
2026-09-09T20:53:07.967934Z DEBUG transparent_shard_server::service: query stage revision=5b7ee9849d47f5ee67d04eb6ca4588beacf42dce75e5a1b481dfd02607b1fb20 table="directory" seconds=0.934200303 stage="query_evaluate"
2026-09-09T20:53:07.976371Z DEBUG transparent_shard_server::runtime: construction stage geometry="recent-8k" table="directory" seconds=1.064093373 stage="hint_columns"
2026-09-09T20:53:08.122570Z DEBUG transparent_shard_server::service: query stage revision=5b7ee9849d47f5ee67d04eb6ca4588beacf42dce75e5a1b481dfd02607b1fb20 table="pages" seconds=3.451e-6 stage="query_admission"
2026-09-09T20:53:08.122608Z DEBUG transparent_shard_server::service: query stage revision=5b7ee9849d47f5ee67d04eb6ca4588beacf42dce75e5a1b481dfd02607b1fb20 table="pages" seconds=5.5e-6 stage="query_runtime"
2026-09-09T20:53:08.122680Z DEBUG transparent_shard_server::service: query stage revision=5b7ee9849d47f5ee67d04eb6ca4588beacf42dce75e5a1b481dfd02607b1fb20 table="pages" seconds=6.925e-5 admitted=true stage="query_memory_admission"
2026-09-09T20:53:08.122695Z DEBUG transparent_shard_server::service: query stage revision=5b7ee9849d47f5ee67d04eb6ca4588beacf42dce75e5a1b481dfd02607b1fb20 table="pages" seconds=1.0949e-5 stage="query_dispatch"
2026-09-09T20:53:08.125580Z DEBUG transparent_shard_server::service: query stage revision=5b7ee9849d47f5ee67d04eb6ca4588beacf42dce75e5a1b481dfd02607b1fb20 table="pages" seconds=2.391e-6 stage="query_admission"
2026-09-09T20:53:08.125611Z DEBUG transparent_shard_server::service: query stage revision=5b7ee9849d47f5ee67d04eb6ca4588beacf42dce75e5a1b481dfd02607b1fb20 table="pages" seconds=4.781e-6 stage="query_runtime"
2026-09-09T20:53:08.125685Z DEBUG transparent_shard_server::service: query stage revision=5b7ee9849d47f5ee67d04eb6ca4588beacf42dce75e5a1b481dfd02607b1fb20 table="pages" seconds=7.0039e-5 admitted=true stage="query_memory_admission"
2026-09-09T20:53:08.125702Z DEBUG transparent_shard_server::service: query stage revision=5b7ee9849d47f5ee67d04eb6ca4588beacf42dce75e5a1b481dfd02607b1fb20 table="pages" seconds=1.2819e-5 stage="query_dispatch"
2026-09-09T20:53:08.140829Z DEBUG transparent_shard_server::service: query stage revision=5b7ee9849d47f5ee67d04eb6ca4588beacf42dce75e5a1b481dfd02607b1fb20 table="pages" seconds=0.018115989 stage="query_evaluate"
2026-09-09T20:53:08.150525Z DEBUG transparent_shard_server::service: query stage revision=5b7ee9849d47f5ee67d04eb6ca4588beacf42dce75e5a1b481dfd02607b1fb20 table="pages" seconds=0.024816341 stage="query_evaluate"
2026-09-09T20:53:08.298451Z DEBUG transparent_shard_server::service: query stage revision=5b7ee9849d47f5ee67d04eb6ca4588beacf42dce75e5a1b481dfd02607b1fb20 table="directory" seconds=3.635e-6 stage="query_admission"
2026-09-09T20:53:08.298493Z DEBUG transparent_shard_server::service: query stage revision=5b7ee9849d47f5ee67d04eb6ca4588beacf42dce75e5a1b481dfd02607b1fb20 table="directory" seconds=6.95e-6 stage="query_runtime"
2026-09-09T20:53:08.298576Z DEBUG transparent_shard_server::service: query stage revision=5b7ee9849d47f5ee67d04eb6ca4588beacf42dce75e5a1b481dfd02607b1fb20 table="directory" seconds=7.9466e-5 admitted=true stage="query_memory_admission"
2026-09-09T20:53:08.298607Z DEBUG transparent_shard_server::service: query stage revision=5b7ee9849d47f5ee67d04eb6ca4588beacf42dce75e5a1b481dfd02607b1fb20 table="directory" seconds=2.5671e-5 stage="query_dispatch"
2026-09-09T20:53:08.309393Z DEBUG transparent_shard_server::service: query stage revision=5b7ee9849d47f5ee67d04eb6ca4588beacf42dce75e5a1b481dfd02607b1fb20 table="directory" seconds=2.325e-6 stage="query_admission"
2026-09-09T20:53:08.309429Z DEBUG transparent_shard_server::service: query stage revision=5b7ee9849d47f5ee67d04eb6ca4588beacf42dce75e5a1b481dfd02607b1fb20 table="directory" seconds=4.753e-6 stage="query_runtime"
2026-09-09T20:53:08.309504Z DEBUG transparent_shard_server::service: query stage revision=5b7ee9849d47f5ee67d04eb6ca4588beacf42dce75e5a1b481dfd02607b1fb20 table="directory" seconds=7.2637e-5 admitted=true stage="query_memory_admission"
2026-09-09T20:53:08.309526Z DEBUG transparent_shard_server::service: query stage revision=5b7ee9849d47f5ee67d04eb6ca4588beacf42dce75e5a1b481dfd02607b1fb20 table="directory" seconds=1.6565e-5 stage="query_dispatch"
2026-09-09T20:53:08.315502Z DEBUG transparent_shard_server::service: query stage revision=5b7ee9849d47f5ee67d04eb6ca4588beacf42dce75e5a1b481dfd02607b1fb20 table="directory" seconds=0.016878152 stage="query_evaluate"
2026-09-09T20:53:08.324503Z DEBUG transparent_shard_server::service: query stage revision=5b7ee9849d47f5ee67d04eb6ca4588beacf42dce75e5a1b481dfd02607b1fb20 table="directory" seconds=0.014957364 stage="query_evaluate"
2026-09-09T20:53:08.474618Z DEBUG transparent_shard_server::service: query stage revision=5b7ee9849d47f5ee67d04eb6ca4588beacf42dce75e5a1b481dfd02607b1fb20 table="pages" seconds=2.635e-6 stage="query_admission"
2026-09-09T20:53:08.474656Z DEBUG transparent_shard_server::service: query stage revision=5b7ee9849d47f5ee67d04eb6ca4588beacf42dce75e5a1b481dfd02607b1fb20 table="pages" seconds=5.222e-6 stage="query_runtime"
2026-09-09T20:53:08.474733Z DEBUG transparent_shard_server::service: query stage revision=5b7ee9849d47f5ee67d04eb6ca4588beacf42dce75e5a1b481dfd02607b1fb20 table="pages" seconds=7.3825e-5 admitted=true stage="query_memory_admission"
2026-09-09T20:53:08.474774Z DEBUG transparent_shard_server::service: query stage revision=5b7ee9849d47f5ee67d04eb6ca4588beacf42dce75e5a1b481dfd02607b1fb20 table="pages" seconds=2.6838e-5 stage="query_dispatch"
2026-09-09T20:53:08.485441Z DEBUG transparent_shard_server::service: query stage revision=5b7ee9849d47f5ee67d04eb6ca4588beacf42dce75e5a1b481dfd02607b1fb20 table="pages" seconds=2.344e-6 stage="query_admission"
2026-09-09T20:53:08.485478Z DEBUG transparent_shard_server::service: query stage revision=5b7ee9849d47f5ee67d04eb6ca4588beacf42dce75e5a1b481dfd02607b1fb20 table="pages" seconds=4.135e-6 stage="query_runtime"
2026-09-09T20:53:08.485559Z DEBUG transparent_shard_server::service: query stage revision=5b7ee9849d47f5ee67d04eb6ca4588beacf42dce75e5a1b481dfd02607b1fb20 table="pages" seconds=7.7097e-5 admitted=true stage="query_memory_admission"
2026-09-09T20:53:08.485579Z DEBUG transparent_shard_server::service: query stage revision=5b7ee9849d47f5ee67d04eb6ca4588beacf42dce75e5a1b481dfd02607b1fb20 table="pages" seconds=1.4622e-5 stage="query_dispatch"
2026-09-09T20:53:08.495676Z DEBUG transparent_shard_server::service: query stage revision=5b7ee9849d47f5ee67d04eb6ca4588beacf42dce75e5a1b481dfd02607b1fb20 table="pages" seconds=0.020895359 stage="query_evaluate"
2026-09-09T20:53:08.501070Z DEBUG transparent_shard_server::service: query stage revision=5b7ee9849d47f5ee67d04eb6ca4588beacf42dce75e5a1b481dfd02607b1fb20 table="pages" seconds=0.015470972 stage="query_evaluate"
2026-09-09T20:53:08.654696Z DEBUG transparent_shard_server::service: query stage revision=5b7ee9849d47f5ee67d04eb6ca4588beacf42dce75e5a1b481dfd02607b1fb20 table="directory" seconds=3.174e-6 stage="query_admission"
2026-09-09T20:53:08.654731Z DEBUG transparent_shard_server::service: query stage revision=5b7ee9849d47f5ee67d04eb6ca4588beacf42dce75e5a1b481dfd02607b1fb20 table="directory" seconds=4.475e-6 stage="query_runtime"
2026-09-09T20:53:08.654782Z DEBUG transparent_shard_server::service: query stage revision=5b7ee9849d47f5ee67d04eb6ca4588beacf42dce75e5a1b481dfd02607b1fb20 table="directory" seconds=4.8842e-5 admitted=true stage="query_memory_admission"
2026-09-09T20:53:08.654811Z DEBUG transparent_shard_server::service: query stage revision=5b7ee9849d47f5ee67d04eb6ca4588beacf42dce75e5a1b481dfd02607b1fb20 table="directory" seconds=2.3181e-5 stage="query_dispatch"
2026-09-09T20:53:08.655384Z DEBUG transparent_shard_server::service: query stage revision=5b7ee9849d47f5ee67d04eb6ca4588beacf42dce75e5a1b481dfd02607b1fb20 table="directory" seconds=1.576e-6 stage="query_admission"
2026-09-09T20:53:08.655401Z DEBUG transparent_shard_server::service: query stage revision=5b7ee9849d47f5ee67d04eb6ca4588beacf42dce75e5a1b481dfd02607b1fb20 table="directory" seconds=3.221e-6 stage="query_runtime"
2026-09-09T20:53:08.655464Z DEBUG transparent_shard_server::service: query stage revision=5b7ee9849d47f5ee67d04eb6ca4588beacf42dce75e5a1b481dfd02607b1fb20 table="directory" seconds=5.9627e-5 admitted=true stage="query_memory_admission"
2026-09-09T20:53:08.655483Z DEBUG transparent_shard_server::service: query stage revision=5b7ee9849d47f5ee67d04eb6ca4588beacf42dce75e5a1b481dfd02607b1fb20 table="directory" seconds=1.5191e-5 stage="query_dispatch"
2026-09-09T20:53:08.679356Z DEBUG transparent_shard_server::service: query stage revision=5b7ee9849d47f5ee67d04eb6ca4588beacf42dce75e5a1b481dfd02607b1fb20 table="directory" seconds=0.024523776 stage="query_evaluate"
2026-09-09T20:53:08.679376Z DEBUG transparent_shard_server::service: query stage revision=5b7ee9849d47f5ee67d04eb6ca4588beacf42dce75e5a1b481dfd02607b1fb20 table="directory" seconds=0.023886879 stage="query_evaluate"
2026-09-09T20:53:08.838903Z DEBUG transparent_shard_server::service: query stage revision=5b7ee9849d47f5ee67d04eb6ca4588beacf42dce75e5a1b481dfd02607b1fb20 table="pages" seconds=2.594e-6 stage="query_admission"
2026-09-09T20:53:08.838939Z DEBUG transparent_shard_server::service: query stage revision=5b7ee9849d47f5ee67d04eb6ca4588beacf42dce75e5a1b481dfd02607b1fb20 table="pages" seconds=5.729e-6 stage="query_runtime"
2026-09-09T20:53:08.839022Z DEBUG transparent_shard_server::service: query stage revision=5b7ee9849d47f5ee67d04eb6ca4588beacf42dce75e5a1b481dfd02607b1fb20 table="pages" seconds=6.9534e-5 admitted=true stage="query_memory_admission"
2026-09-09T20:53:08.839050Z DEBUG transparent_shard_server::service: query stage revision=5b7ee9849d47f5ee67d04eb6ca4588beacf42dce75e5a1b481dfd02607b1fb20 table="pages" seconds=2.2306e-5 stage="query_dispatch"
2026-09-09T20:53:08.839266Z DEBUG transparent_shard_server::service: query stage revision=5b7ee9849d47f5ee67d04eb6ca4588beacf42dce75e5a1b481dfd02607b1fb20 table="pages" seconds=1.086e-6 stage="query_admission"
2026-09-09T20:53:08.839280Z DEBUG transparent_shard_server::service: query stage revision=5b7ee9849d47f5ee67d04eb6ca4588beacf42dce75e5a1b481dfd02607b1fb20 table="pages" seconds=3.204e-6 stage="query_runtime"
2026-09-09T20:53:08.839319Z DEBUG transparent_shard_server::service: query stage revision=5b7ee9849d47f5ee67d04eb6ca4588beacf42dce75e5a1b481dfd02607b1fb20 table="pages" seconds=3.6739e-5 admitted=true stage="query_memory_admission"
2026-09-09T20:53:08.839343Z DEBUG transparent_shard_server::service: query stage revision=5b7ee9849d47f5ee67d04eb6ca4588beacf42dce75e5a1b481dfd02607b1fb20 table="pages" seconds=1.9837e-5 stage="query_dispatch"
2026-09-09T20:53:08.947926Z DEBUG transparent_shard_server::service: query stage revision=5b7ee9849d47f5ee67d04eb6ca4588beacf42dce75e5a1b481dfd02607b1fb20 table="pages" seconds=0.108854131 stage="query_evaluate"
2026-09-09T20:53:08.949539Z DEBUG transparent_shard_server::service: query stage revision=5b7ee9849d47f5ee67d04eb6ca4588beacf42dce75e5a1b481dfd02607b1fb20 table="pages" seconds=0.110190883 stage="query_evaluate"
2026-09-09T20:53:09.111380Z DEBUG transparent_shard_server::service: query stage revision=5b7ee9849d47f5ee67d04eb6ca4588beacf42dce75e5a1b481dfd02607b1fb20 table="directory" seconds=2.462e-6 stage="query_admission"
2026-09-09T20:53:09.111416Z DEBUG transparent_shard_server::service: query stage revision=5b7ee9849d47f5ee67d04eb6ca4588beacf42dce75e5a1b481dfd02607b1fb20 table="directory" seconds=4.693e-6 stage="query_runtime"
2026-09-09T20:53:09.111434Z DEBUG transparent_shard_server::service: query stage revision=5b7ee9849d47f5ee67d04eb6ca4588beacf42dce75e5a1b481dfd02607b1fb20 table="directory" seconds=1.985e-6 stage="query_admission"
2026-09-09T20:53:09.111453Z DEBUG transparent_shard_server::service: query stage revision=5b7ee9849d47f5ee67d04eb6ca4588beacf42dce75e5a1b481dfd02607b1fb20 table="directory" seconds=4.245e-6 stage="query_runtime"
2026-09-09T20:53:09.111495Z DEBUG transparent_shard_server::service: query stage revision=5b7ee9849d47f5ee67d04eb6ca4588beacf42dce75e5a1b481dfd02607b1fb20 table="directory" seconds=7.5441e-5 admitted=true stage="query_memory_admission"
2026-09-09T20:53:09.111514Z DEBUG transparent_shard_server::service: query stage revision=5b7ee9849d47f5ee67d04eb6ca4588beacf42dce75e5a1b481dfd02607b1fb20 table="directory" seconds=5.7356e-5 admitted=true stage="query_memory_admission"
2026-09-09T20:53:09.111524Z DEBUG transparent_shard_server::service: query stage revision=5b7ee9849d47f5ee67d04eb6ca4588beacf42dce75e5a1b481dfd02607b1fb20 table="directory" seconds=2.3713e-5 stage="query_dispatch"
2026-09-09T20:53:09.118171Z DEBUG transparent_shard_server::service: query stage revision=5b7ee9849d47f5ee67d04eb6ca4588beacf42dce75e5a1b481dfd02607b1fb20 table="directory" seconds=0.006652422 stage="query_dispatch"
2026-09-09T20:53:10.119369Z DEBUG transparent_shard_server::service: query stage revision=5b7ee9849d47f5ee67d04eb6ca4588beacf42dce75e5a1b481dfd02607b1fb20 table="directory" seconds=1.001170257 stage="query_evaluate"
2026-09-09T20:53:10.119924Z DEBUG transparent_shard_server::service: query stage revision=5b7ee9849d47f5ee67d04eb6ca4588beacf42dce75e5a1b481dfd02607b1fb20 table="directory" seconds=1.008395709 stage="query_evaluate"
2026-09-09T20:53:10.121505Z DEBUG transparent_shard_server::runtime: construction stage geometry="recent-8k" table="directory" seconds=2.14510803 stage="pack_preprocessing"
2026-09-09T20:53:10.121803Z DEBUG transparent_shard_server::runtime: construction stage geometry="recent-8k" table="directory" seconds=0.000264538 stage="publish_parameters"
2026-09-09T20:53:10.125584Z DEBUG transparent_shard_server::runtime: runtime stage key=("be059aab39ac34125e0452548d6fbcfb1e7cdb7237a597bd59ee86011ed4882b", Directory, 0) seconds=3.508736629 stage="runtime_build"
2026-09-09T20:53:10.276745Z DEBUG transparent_shard_server::service: query stage revision=5b7ee9849d47f5ee67d04eb6ca4588beacf42dce75e5a1b481dfd02607b1fb20 table="pages" seconds=2.537e-6 stage="query_admission"
2026-09-09T20:53:10.276775Z DEBUG transparent_shard_server::service: query stage revision=5b7ee9849d47f5ee67d04eb6ca4588beacf42dce75e5a1b481dfd02607b1fb20 table="pages" seconds=5.349e-6 stage="query_runtime"
2026-09-09T20:53:10.276848Z DEBUG transparent_shard_server::service: query stage revision=5b7ee9849d47f5ee67d04eb6ca4588beacf42dce75e5a1b481dfd02607b1fb20 table="pages" seconds=6.9932e-5 admitted=true stage="query_memory_admission"
2026-09-09T20:53:10.276863Z DEBUG transparent_shard_server::service: query stage revision=5b7ee9849d47f5ee67d04eb6ca4588beacf42dce75e5a1b481dfd02607b1fb20 table="pages" seconds=1.1242e-5 stage="query_dispatch"
2026-09-09T20:53:10.283415Z DEBUG transparent_shard_server::service: query stage revision=5b7ee9849d47f5ee67d04eb6ca4588beacf42dce75e5a1b481dfd02607b1fb20 table="pages" seconds=1.871e-6 stage="query_admission"
2026-09-09T20:53:10.283438Z DEBUG transparent_shard_server::service: query stage revision=5b7ee9849d47f5ee67d04eb6ca4588beacf42dce75e5a1b481dfd02607b1fb20 table="pages" seconds=4.304e-6 stage="query_runtime"
2026-09-09T20:53:10.283503Z DEBUG transparent_shard_server::service: query stage revision=5b7ee9849d47f5ee67d04eb6ca4588beacf42dce75e5a1b481dfd02607b1fb20 table="pages" seconds=6.1953e-5 admitted=true stage="query_memory_admission"
2026-09-09T20:53:10.283529Z DEBUG transparent_shard_server::service: query stage revision=5b7ee9849d47f5ee67d04eb6ca4588beacf42dce75e5a1b481dfd02607b1fb20 table="pages" seconds=2.2705e-5 stage="query_dispatch"
2026-09-09T20:53:10.325273Z DEBUG transparent_shard_server::service: query stage revision=5b7ee9849d47f5ee67d04eb6ca4588beacf42dce75e5a1b481dfd02607b1fb20 table="pages" seconds=0.041737258 stage="query_evaluate"
2026-09-09T20:53:10.325851Z DEBUG transparent_shard_server::service: query stage revision=5b7ee9849d47f5ee67d04eb6ca4588beacf42dce75e5a1b481dfd02607b1fb20 table="pages" seconds=0.048983983 stage="query_evaluate"
2026-09-09T20:53:10.482242Z DEBUG transparent_shard_server::service: query stage revision=5b7ee9849d47f5ee67d04eb6ca4588beacf42dce75e5a1b481dfd02607b1fb20 table="directory" seconds=2.53e-6 stage="query_admission"
2026-09-09T20:53:10.482271Z DEBUG transparent_shard_server::service: query stage revision=5b7ee9849d47f5ee67d04eb6ca4588beacf42dce75e5a1b481dfd02607b1fb20 table="directory" seconds=5.28e-6 stage="query_runtime"
2026-09-09T20:53:10.482343Z DEBUG transparent_shard_server::service: query stage revision=5b7ee9849d47f5ee67d04eb6ca4588beacf42dce75e5a1b481dfd02607b1fb20 table="directory" seconds=6.9177e-5 admitted=true stage="query_memory_admission"
2026-09-09T20:53:10.482369Z DEBUG transparent_shard_server::service: query stage revision=5b7ee9849d47f5ee67d04eb6ca4588beacf42dce75e5a1b481dfd02607b1fb20 table="directory" seconds=1.9878e-5 stage="query_dispatch"
2026-09-09T20:53:10.484134Z DEBUG transparent_shard_server::service: query stage revision=5b7ee9849d47f5ee67d04eb6ca4588beacf42dce75e5a1b481dfd02607b1fb20 table="directory" seconds=1.33e-6 stage="query_admission"
2026-09-09T20:53:10.484153Z DEBUG transparent_shard_server::service: query stage revision=5b7ee9849d47f5ee67d04eb6ca4588beacf42dce75e5a1b481dfd02607b1fb20 table="directory" seconds=3.172e-6 stage="query_runtime"
2026-09-09T20:53:10.484223Z DEBUG transparent_shard_server::service: query stage revision=5b7ee9849d47f5ee67d04eb6ca4588beacf42dce75e5a1b481dfd02607b1fb20 table="directory" seconds=6.668e-5 admitted=true stage="query_memory_admission"
2026-09-09T20:53:10.484248Z DEBUG transparent_shard_server::service: query stage revision=5b7ee9849d47f5ee67d04eb6ca4588beacf42dce75e5a1b481dfd02607b1fb20 table="directory" seconds=1.0033e-5 stage="query_dispatch"
2026-09-09T20:53:10.530477Z DEBUG transparent_shard_server::service: query stage revision=5b7ee9849d47f5ee67d04eb6ca4588beacf42dce75e5a1b481dfd02607b1fb20 table="directory" seconds=0.046222687 stage="query_evaluate"
2026-09-09T20:53:10.530486Z DEBUG transparent_shard_server::service: query stage revision=5b7ee9849d47f5ee67d04eb6ca4588beacf42dce75e5a1b481dfd02607b1fb20 table="directory" seconds=0.048102484 stage="query_evaluate"
2026-09-09T20:53:10.684988Z DEBUG transparent_shard_server::service: query stage revision=5b7ee9849d47f5ee67d04eb6ca4588beacf42dce75e5a1b481dfd02607b1fb20 table="pages" seconds=2.77e-6 stage="query_admission"
2026-09-09T20:53:10.685016Z DEBUG transparent_shard_server::service: query stage revision=5b7ee9849d47f5ee67d04eb6ca4588beacf42dce75e5a1b481dfd02607b1fb20 table="pages" seconds=4.075e-6 stage="query_runtime"
2026-09-09T20:53:10.685088Z DEBUG transparent_shard_server::service: query stage revision=5b7ee9849d47f5ee67d04eb6ca4588beacf42dce75e5a1b481dfd02607b1fb20 table="pages" seconds=6.8176e-5 admitted=true stage="query_memory_admission"
2026-09-09T20:53:10.685123Z DEBUG transparent_shard_server::service: query stage revision=5b7ee9849d47f5ee67d04eb6ca4588beacf42dce75e5a1b481dfd02607b1fb20 table="pages" seconds=2.9563e-5 stage="query_dispatch"
2026-09-09T20:53:10.689268Z DEBUG transparent_shard_server::service: query stage revision=5b7ee9849d47f5ee67d04eb6ca4588beacf42dce75e5a1b481dfd02607b1fb20 table="pages" seconds=2.586e-6 stage="query_admission"
2026-09-09T20:53:10.689291Z DEBUG transparent_shard_server::service: query stage revision=5b7ee9849d47f5ee67d04eb6ca4588beacf42dce75e5a1b481dfd02607b1fb20 table="pages" seconds=6.223e-6 stage="query_runtime"
2026-09-09T20:53:10.689358Z DEBUG transparent_shard_server::service: query stage revision=5b7ee9849d47f5ee67d04eb6ca4588beacf42dce75e5a1b481dfd02607b1fb20 table="pages" seconds=6.3354e-5 admitted=true stage="query_memory_admission"
2026-09-09T20:53:10.689381Z DEBUG transparent_shard_server::service: query stage revision=5b7ee9849d47f5ee67d04eb6ca4588beacf42dce75e5a1b481dfd02607b1fb20 table="pages" seconds=1.7997e-5 stage="query_dispatch"
2026-09-09T20:53:10.739312Z DEBUG transparent_shard_server::service: query stage revision=5b7ee9849d47f5ee67d04eb6ca4588beacf42dce75e5a1b481dfd02607b1fb20 table="pages" seconds=0.049917232 stage="query_evaluate"
2026-09-09T20:53:10.739849Z DEBUG transparent_shard_server::service: query stage revision=5b7ee9849d47f5ee67d04eb6ca4588beacf42dce75e5a1b481dfd02607b1fb20 table="pages" seconds=0.054708128 stage="query_evaluate"
2026-09-09T20:53:10.800531Z DEBUG transparent_shard_server::runtime: runtime stage key=("be059aab39ac34125e0452548d6fbcfb1e7cdb7237a597bd59ee86011ed4882b", Directory, 0) seconds=0.674900741 stage="disk_save"
2026-09-09T20:53:10.897127Z DEBUG transparent_shard_server::service: query stage revision=5b7ee9849d47f5ee67d04eb6ca4588beacf42dce75e5a1b481dfd02607b1fb20 table="directory" seconds=3.246e-6 stage="query_admission"
2026-09-09T20:53:10.897182Z DEBUG transparent_shard_server::service: query stage revision=5b7ee9849d47f5ee67d04eb6ca4588beacf42dce75e5a1b481dfd02607b1fb20 table="directory" seconds=6.749e-6 stage="query_runtime"
2026-09-09T20:53:10.897263Z DEBUG transparent_shard_server::service: query stage revision=5b7ee9849d47f5ee67d04eb6ca4588beacf42dce75e5a1b481dfd02607b1fb20 table="directory" seconds=7.5859e-5 admitted=true stage="query_memory_admission"
2026-09-09T20:53:10.897300Z DEBUG transparent_shard_server::service: query stage revision=5b7ee9849d47f5ee67d04eb6ca4588beacf42dce75e5a1b481dfd02607b1fb20 table="directory" seconds=3.0318e-5 stage="query_dispatch"
2026-09-09T20:53:10.921170Z DEBUG transparent_shard_server::service: query stage revision=5b7ee9849d47f5ee67d04eb6ca4588beacf42dce75e5a1b481dfd02607b1fb20 table="directory" seconds=0.023842217 stage="query_evaluate"
2026-09-09T20:53:10.921574Z DEBUG transparent_shard_server::service: query stage revision=5b7ee9849d47f5ee67d04eb6ca4588beacf42dce75e5a1b481dfd02607b1fb20 table="directory" seconds=1.782e-6 stage="query_admission"
2026-09-09T20:53:10.921591Z DEBUG transparent_shard_server::service: query stage revision=5b7ee9849d47f5ee67d04eb6ca4588beacf42dce75e5a1b481dfd02607b1fb20 table="directory" seconds=4.067e-6 stage="query_runtime"
2026-09-09T20:53:10.921664Z DEBUG transparent_shard_server::service: query stage revision=5b7ee9849d47f5ee67d04eb6ca4588beacf42dce75e5a1b481dfd02607b1fb20 table="directory" seconds=6.9542e-5 admitted=true stage="query_memory_admission"
2026-09-09T20:53:10.921676Z DEBUG transparent_shard_server::service: query stage revision=5b7ee9849d47f5ee67d04eb6ca4588beacf42dce75e5a1b481dfd02607b1fb20 table="directory" seconds=8.134e-6 stage="query_dispatch"
2026-09-09T20:53:10.937420Z DEBUG transparent_shard_server::service: query stage revision=5b7ee9849d47f5ee67d04eb6ca4588beacf42dce75e5a1b481dfd02607b1fb20 table="directory" seconds=0.015739196 stage="query_evaluate"
2026-09-09T20:53:11.076395Z DEBUG transparent_shard_server::service: query stage revision=5b7ee9849d47f5ee67d04eb6ca4588beacf42dce75e5a1b481dfd02607b1fb20 table="pages" seconds=2.561e-6 stage="query_admission"
2026-09-09T20:53:11.076432Z DEBUG transparent_shard_server::service: query stage revision=5b7ee9849d47f5ee67d04eb6ca4588beacf42dce75e5a1b481dfd02607b1fb20 table="pages" seconds=6.05e-6 stage="query_runtime"
2026-09-09T20:53:11.076507Z DEBUG transparent_shard_server::service: query stage revision=5b7ee9849d47f5ee67d04eb6ca4588beacf42dce75e5a1b481dfd02607b1fb20 table="pages" seconds=7.2088e-5 admitted=true stage="query_memory_admission"
2026-09-09T20:53:11.076523Z DEBUG transparent_shard_server::service: query stage revision=5b7ee9849d47f5ee67d04eb6ca4588beacf42dce75e5a1b481dfd02607b1fb20 table="pages" seconds=1.1568e-5 stage="query_dispatch"
2026-09-09T20:53:11.089453Z DEBUG transparent_shard_server::service: query stage revision=5b7ee9849d47f5ee67d04eb6ca4588beacf42dce75e5a1b481dfd02607b1fb20 table="pages" seconds=0.012924268 stage="query_evaluate"
2026-09-09T20:53:11.090627Z DEBUG transparent_shard_server::service: query stage revision=5b7ee9849d47f5ee67d04eb6ca4588beacf42dce75e5a1b481dfd02607b1fb20 table="pages" seconds=1.711e-6 stage="query_admission"
2026-09-09T20:53:11.090644Z DEBUG transparent_shard_server::service: query stage revision=5b7ee9849d47f5ee67d04eb6ca4588beacf42dce75e5a1b481dfd02607b1fb20 table="pages" seconds=4.022e-6 stage="query_runtime"
2026-09-09T20:53:11.090717Z DEBUG transparent_shard_server::service: query stage revision=5b7ee9849d47f5ee67d04eb6ca4588beacf42dce75e5a1b481dfd02607b1fb20 table="pages" seconds=7.0023e-5 admitted=true stage="query_memory_admission"
2026-09-09T20:53:11.090744Z DEBUG transparent_shard_server::service: query stage revision=5b7ee9849d47f5ee67d04eb6ca4588beacf42dce75e5a1b481dfd02607b1fb20 table="pages" seconds=2.1791e-5 stage="query_dispatch"
2026-09-09T20:53:11.103327Z DEBUG transparent_shard_server::service: query stage revision=5b7ee9849d47f5ee67d04eb6ca4588beacf42dce75e5a1b481dfd02607b1fb20 table="pages" seconds=0.01256376 stage="query_evaluate"
2026-09-09T20:53:11.179852Z DEBUG transparent_shard_server::runtime: construction stage geometry="recent-8k" table="pages" seconds=3.212919133 stage="pack_preprocessing"
2026-09-09T20:53:11.180154Z DEBUG transparent_shard_server::runtime: construction stage geometry="recent-8k" table="pages" seconds=0.000263084 stage="publish_parameters"
2026-09-09T20:53:11.180928Z DEBUG transparent_shard_server::runtime: runtime stage key=("be059aab39ac34125e0452548d6fbcfb1e7cdb7237a597bd59ee86011ed4882b", Pages, 0) seconds=4.573074636 stage="runtime_build"
2026-09-09T20:53:11.181041Z  INFO transparent_shard_server::service: prewarm finished warm=28 target=28 failed=0 seconds=4.731397203
2026-09-09T20:53:11.181091Z DEBUG transparent_shard_server::live: publication preparation stages map=32426d9e9300c44558210d8540b636402af2b3c322627f9e9f26e0082b489725 loading_seconds=0.627670654 warming_seconds=4.731521979
2026-09-09T20:53:11.213585Z DEBUG transparent_shard_server::runtime: runtime stage key=("5b7ee9849d47f5ee67d04eb6ca4588beacf42dce75e5a1b481dfd02607b1fb20", Directory, 0) seconds=1.567e-6 stage="restore_slot"
2026-09-09T20:53:11.259127Z  INFO transparent_shard_server::runtime: retired runtime memory reclaimed rss_before=5051817984 rss_after=4620558336
2026-09-09T20:53:11.800343Z DEBUG transparent_shard_server::runtime: runtime stage key=("268f5c527d35817d37919707b04a706c850d449156baa071b5438dbf8eb53aec", Directory, 0) seconds=1.797e-6 stage="restore_slot"
2026-09-09T20:53:11.800346Z DEBUG transparent_shard_server::runtime: runtime stage key=("268f5c527d35817d37919707b04a706c850d449156baa071b5438dbf8eb53aec", Pages, 0) seconds=1.008e-6 stage="restore_slot"
2026-09-09T20:53:11.800500Z DEBUG transparent_shard_server::runtime: runtime stage key=("268f5c527d35817d37919707b04a706c850d449156baa071b5438dbf8eb53aec", Directory, 0) seconds=3.6505e-5 hit=false stage="disk_restore"
2026-09-09T20:53:11.800532Z DEBUG transparent_shard_server::runtime: runtime stage key=("268f5c527d35817d37919707b04a706c850d449156baa071b5438dbf8eb53aec", Pages, 0) seconds=1.2125e-5 hit=false stage="disk_restore"
2026-09-09T20:53:11.800532Z DEBUG transparent_shard_server::runtime: runtime stage key=("268f5c527d35817d37919707b04a706c850d449156baa071b5438dbf8eb53aec", Directory, 0) seconds=4.65e-7 stage="build_slot"
2026-09-09T20:53:11.800548Z DEBUG transparent_shard_server::runtime: runtime stage key=("268f5c527d35817d37919707b04a706c850d449156baa071b5438dbf8eb53aec", Pages, 0) seconds=4.28e-7 stage="build_slot"
2026-09-09T20:53:11.800563Z DEBUG transparent_shard_server::memory: cold build admission wait seconds=2.5144e-5 admitted=true
2026-09-09T20:53:11.800609Z DEBUG transparent_shard_server::memory: cold build admission wait seconds=5.5122e-5 admitted=true
2026-09-09T20:53:11.905918Z DEBUG transparent_shard_server::runtime: runtime stage key=("be059aab39ac34125e0452548d6fbcfb1e7cdb7237a597bd59ee86011ed4882b", Pages, 0) seconds=0.724914685 stage="disk_save"
2026-09-09T20:53:12.004478Z DEBUG transparent_shard_server::runtime: runtime stage key=("268f5c527d35817d37919707b04a706c850d449156baa071b5438dbf8eb53aec", Directory, 0) seconds=0.203855921 stage="source_load"
2026-09-09T20:53:12.006111Z DEBUG transparent_shard_server::runtime: runtime stage key=("268f5c527d35817d37919707b04a706c850d449156baa071b5438dbf8eb53aec", Pages, 0) seconds=0.205488619 stage="source_load"
2026-09-09T20:53:12.010281Z DEBUG transparent_shard_server::runtime: runtime stage key=("5b7ee9849d47f5ee67d04eb6ca4588beacf42dce75e5a1b481dfd02607b1fb20", Directory, 0) seconds=0.796582647 hit=true stage="disk_restore"
2026-09-09T20:53:12.132665Z DEBUG transparent_shard_server::runtime: runtime stage key=("5b7ee9849d47f5ee67d04eb6ca4588beacf42dce75e5a1b481dfd02607b1fb20", Directory, 0) seconds=0.122356057 stage="source_verify"
2026-09-09T20:53:12.132698Z  INFO transparent_shard_server::runtime: restored runtime cache seconds=0.919001852
2026-09-09T20:53:12.182042Z DEBUG transparent_shard_server::service: query stage revision=5b7ee9849d47f5ee67d04eb6ca4588beacf42dce75e5a1b481dfd02607b1fb20 table="directory" seconds=2.241e-6 stage="query_admission"
2026-09-09T20:53:12.182077Z DEBUG transparent_shard_server::service: query stage revision=5b7ee9849d47f5ee67d04eb6ca4588beacf42dce75e5a1b481dfd02607b1fb20 table="directory" seconds=4.773e-6 stage="query_runtime"
2026-09-09T20:53:12.182121Z DEBUG transparent_shard_server::service: query stage revision=5b7ee9849d47f5ee67d04eb6ca4588beacf42dce75e5a1b481dfd02607b1fb20 table="directory" seconds=4.0748e-5 admitted=true stage="query_memory_admission"
2026-09-09T20:53:12.182229Z DEBUG transparent_shard_server::service: query stage revision=5b7ee9849d47f5ee67d04eb6ca4588beacf42dce75e5a1b481dfd02607b1fb20 table="directory" seconds=0.000102532 stage="query_dispatch"
2026-09-09T20:53:12.182360Z DEBUG transparent_shard_server::service: query stage revision=5b7ee9849d47f5ee67d04eb6ca4588beacf42dce75e5a1b481dfd02607b1fb20 table="directory" seconds=1.493e-6 stage="query_admission"
2026-09-09T20:53:12.182383Z DEBUG transparent_shard_server::service: query stage revision=5b7ee9849d47f5ee67d04eb6ca4588beacf42dce75e5a1b481dfd02607b1fb20 table="directory" seconds=3.558e-6 stage="query_runtime"
2026-09-09T20:53:12.182425Z DEBUG transparent_shard_server::service: query stage revision=5b7ee9849d47f5ee67d04eb6ca4588beacf42dce75e5a1b481dfd02607b1fb20 table="directory" seconds=3.8947e-5 admitted=true stage="query_memory_admission"
2026-09-09T20:53:12.182448Z DEBUG transparent_shard_server::service: query stage revision=5b7ee9849d47f5ee67d04eb6ca4588beacf42dce75e5a1b481dfd02607b1fb20 table="directory" seconds=1.9039e-5 stage="query_dispatch"
2026-09-09T20:53:12.207243Z DEBUG transparent_shard_server::service: query stage revision=5b7ee9849d47f5ee67d04eb6ca4588beacf42dce75e5a1b481dfd02607b1fb20 table="directory" seconds=0.024779205 stage="query_evaluate"
2026-09-09T20:53:12.207276Z DEBUG transparent_shard_server::service: query stage revision=5b7ee9849d47f5ee67d04eb6ca4588beacf42dce75e5a1b481dfd02607b1fb20 table="directory" seconds=0.025020408 stage="query_evaluate"
2026-09-09T20:53:12.313013Z DEBUG transparent_shard_server::runtime: construction stage geometry="recent-8k" table="directory" seconds=0.308497111 stage="encode_database"
2026-09-09T20:53:12.313087Z DEBUG transparent_shard_server::runtime: construction stage geometry="recent-8k" table="pages" seconds=0.306948936 stage="encode_database"
2026-09-09T20:53:12.313193Z DEBUG transparent_shard_server::runtime: construction stage geometry="recent-8k" table="directory" seconds=0.000143836 stage="public_setup"
2026-09-09T20:53:12.313195Z DEBUG transparent_shard_server::runtime: construction stage geometry="recent-8k" table="pages" seconds=8.726e-5 stage="public_setup"
2026-09-09T20:53:12.414574Z DEBUG transparent_shard_server::service: query stage revision=be059aab39ac34125e0452548d6fbcfb1e7cdb7237a597bd59ee86011ed4882b table="pages" seconds=2.626e-6 stage="query_admission"
2026-09-09T20:53:12.414630Z DEBUG transparent_shard_server::service: query stage revision=be059aab39ac34125e0452548d6fbcfb1e7cdb7237a597bd59ee86011ed4882b table="pages" seconds=4.834e-6 stage="query_runtime"
2026-09-09T20:53:12.414704Z DEBUG transparent_shard_server::service: query stage revision=be059aab39ac34125e0452548d6fbcfb1e7cdb7237a597bd59ee86011ed4882b table="pages" seconds=7.0831e-5 admitted=true stage="query_memory_admission"
2026-09-09T20:53:12.414823Z DEBUG transparent_shard_server::service: query stage revision=be059aab39ac34125e0452548d6fbcfb1e7cdb7237a597bd59ee86011ed4882b table="pages" seconds=1.102e-6 stage="query_admission"
2026-09-09T20:53:12.414830Z DEBUG transparent_shard_server::service: query stage revision=be059aab39ac34125e0452548d6fbcfb1e7cdb7237a597bd59ee86011ed4882b table="pages" seconds=2.631e-6 stage="query_runtime"
2026-09-09T20:53:12.414861Z DEBUG transparent_shard_server::service: query stage revision=be059aab39ac34125e0452548d6fbcfb1e7cdb7237a597bd59ee86011ed4882b table="pages" seconds=2.8212e-5 admitted=true stage="query_memory_admission"
2026-09-09T20:53:12.416174Z DEBUG transparent_shard_server::service: query stage revision=be059aab39ac34125e0452548d6fbcfb1e7cdb7237a597bd59ee86011ed4882b table="pages" seconds=0.001463093 stage="query_dispatch"
2026-09-09T20:53:12.418225Z DEBUG transparent_shard_server::service: query stage revision=be059aab39ac34125e0452548d6fbcfb1e7cdb7237a597bd59ee86011ed4882b table="pages" seconds=0.003359781 stage="query_dispatch"
2026-09-09T20:53:13.371229Z DEBUG transparent_shard_server::service: query stage revision=be059aab39ac34125e0452548d6fbcfb1e7cdb7237a597bd59ee86011ed4882b table="pages" seconds=0.952979879 stage="query_evaluate"
2026-09-09T20:53:13.371269Z DEBUG transparent_shard_server::service: query stage revision=be059aab39ac34125e0452548d6fbcfb1e7cdb7237a597bd59ee86011ed4882b table="pages" seconds=0.955069079 stage="query_evaluate"
2026-09-09T20:53:13.371481Z DEBUG transparent_shard_server::runtime: construction stage geometry="recent-8k" table="pages" seconds=1.058279048 stage="hint_columns"
2026-09-09T20:53:13.371505Z DEBUG transparent_shard_server::runtime: construction stage geometry="recent-8k" table="directory" seconds=1.058303382 stage="hint_columns"
2026-09-09T20:53:13.559606Z DEBUG transparent_shard_server::service: query stage revision=be059aab39ac34125e0452548d6fbcfb1e7cdb7237a597bd59ee86011ed4882b table="directory" seconds=3.09e-6 stage="query_admission"
2026-09-09T20:53:13.559642Z DEBUG transparent_shard_server::service: query stage revision=be059aab39ac34125e0452548d6fbcfb1e7cdb7237a597bd59ee86011ed4882b table="directory" seconds=6.727e-6 stage="query_runtime"
2026-09-09T20:53:13.559718Z DEBUG transparent_shard_server::service: query stage revision=be059aab39ac34125e0452548d6fbcfb1e7cdb7237a597bd59ee86011ed4882b table="directory" seconds=7.2277e-5 admitted=true stage="query_memory_admission"
2026-09-09T20:53:13.559767Z DEBUG transparent_shard_server::service: query stage revision=be059aab39ac34125e0452548d6fbcfb1e7cdb7237a597bd59ee86011ed4882b table="directory" seconds=4.4196e-5 stage="query_dispatch"
2026-09-09T20:53:13.561516Z DEBUG transparent_shard_server::service: query stage revision=be059aab39ac34125e0452548d6fbcfb1e7cdb7237a597bd59ee86011ed4882b table="directory" seconds=1.912e-6 stage="query_admission"
2026-09-09T20:53:13.561542Z DEBUG transparent_shard_server::service: query stage revision=be059aab39ac34125e0452548d6fbcfb1e7cdb7237a597bd59ee86011ed4882b table="directory" seconds=4.355e-6 stage="query_runtime"
2026-09-09T20:53:13.561609Z DEBUG transparent_shard_server::service: query stage revision=be059aab39ac34125e0452548d6fbcfb1e7cdb7237a597bd59ee86011ed4882b table="directory" seconds=6.3385e-5 admitted=true stage="query_memory_admission"
2026-09-09T20:53:13.561630Z DEBUG transparent_shard_server::service: query stage revision=be059aab39ac34125e0452548d6fbcfb1e7cdb7237a597bd59ee86011ed4882b table="directory" seconds=1.6555e-5 stage="query_dispatch"
2026-09-09T20:53:13.578459Z DEBUG transparent_shard_server::service: query stage revision=be059aab39ac34125e0452548d6fbcfb1e7cdb7237a597bd59ee86011ed4882b table="directory" seconds=0.016818045 stage="query_evaluate"
2026-09-09T20:53:13.584057Z DEBUG transparent_shard_server::service: query stage revision=be059aab39ac34125e0452548d6fbcfb1e7cdb7237a597bd59ee86011ed4882b table="directory" seconds=0.02426899 stage="query_evaluate"
2026-09-09T20:53:13.734771Z DEBUG transparent_shard_server::service: query stage revision=be059aab39ac34125e0452548d6fbcfb1e7cdb7237a597bd59ee86011ed4882b table="pages" seconds=2.945e-6 stage="query_admission"
2026-09-09T20:53:13.734808Z DEBUG transparent_shard_server::service: query stage revision=be059aab39ac34125e0452548d6fbcfb1e7cdb7237a597bd59ee86011ed4882b table="pages" seconds=6.436e-6 stage="query_runtime"
2026-09-09T20:53:13.734884Z DEBUG transparent_shard_server::service: query stage revision=be059aab39ac34125e0452548d6fbcfb1e7cdb7237a597bd59ee86011ed4882b table="pages" seconds=7.2783e-5 admitted=true stage="query_memory_admission"
2026-09-09T20:53:13.734989Z DEBUG transparent_shard_server::service: query stage revision=be059aab39ac34125e0452548d6fbcfb1e7cdb7237a597bd59ee86011ed4882b table="pages" seconds=9.9721e-5 stage="query_dispatch"
2026-09-09T20:53:13.739841Z DEBUG transparent_shard_server::service: query stage revision=be059aab39ac34125e0452548d6fbcfb1e7cdb7237a597bd59ee86011ed4882b table="pages" seconds=2.034e-6 stage="query_admission"
2026-09-09T20:53:13.739871Z DEBUG transparent_shard_server::service: query stage revision=be059aab39ac34125e0452548d6fbcfb1e7cdb7237a597bd59ee86011ed4882b table="pages" seconds=4.359e-6 stage="query_runtime"
2026-09-09T20:53:13.739912Z DEBUG transparent_shard_server::service: query stage revision=be059aab39ac34125e0452548d6fbcfb1e7cdb7237a597bd59ee86011ed4882b table="pages" seconds=3.7573e-5 admitted=true stage="query_memory_admission"
2026-09-09T20:53:13.739935Z DEBUG transparent_shard_server::service: query stage revision=be059aab39ac34125e0452548d6fbcfb1e7cdb7237a597bd59ee86011ed4882b table="pages" seconds=1.7907e-5 stage="query_dispatch"
2026-09-09T20:53:13.760661Z DEBUG transparent_shard_server::service: query stage revision=be059aab39ac34125e0452548d6fbcfb1e7cdb7237a597bd59ee86011ed4882b table="pages" seconds=0.025650038 stage="query_evaluate"
2026-09-09T20:53:13.761352Z DEBUG transparent_shard_server::service: query stage revision=be059aab39ac34125e0452548d6fbcfb1e7cdb7237a597bd59ee86011ed4882b table="pages" seconds=0.021389965 stage="query_evaluate"
2026-09-09T20:53:13.915544Z DEBUG transparent_shard_server::service: query stage revision=be059aab39ac34125e0452548d6fbcfb1e7cdb7237a597bd59ee86011ed4882b table="directory" seconds=2.817e-6 stage="query_admission"
2026-09-09T20:53:13.915579Z DEBUG transparent_shard_server::service: query stage revision=be059aab39ac34125e0452548d6fbcfb1e7cdb7237a597bd59ee86011ed4882b table="directory" seconds=4.676e-6 stage="query_runtime"
2026-09-09T20:53:13.915656Z DEBUG transparent_shard_server::service: query stage revision=be059aab39ac34125e0452548d6fbcfb1e7cdb7237a597bd59ee86011ed4882b table="directory" seconds=7.4033e-5 admitted=true stage="query_memory_admission"
2026-09-09T20:53:13.915704Z DEBUG transparent_shard_server::service: query stage revision=be059aab39ac34125e0452548d6fbcfb1e7cdb7237a597bd59ee86011ed4882b table="directory" seconds=4.1118e-5 stage="query_dispatch"
2026-09-09T20:53:13.915804Z DEBUG transparent_shard_server::service: query stage revision=be059aab39ac34125e0452548d6fbcfb1e7cdb7237a597bd59ee86011ed4882b table="directory" seconds=8.63e-7 stage="query_admission"
2026-09-09T20:53:13.915811Z DEBUG transparent_shard_server::service: query stage revision=be059aab39ac34125e0452548d6fbcfb1e7cdb7237a597bd59ee86011ed4882b table="directory" seconds=1.664e-6 stage="query_runtime"
2026-09-09T20:53:13.915856Z DEBUG transparent_shard_server::service: query stage revision=be059aab39ac34125e0452548d6fbcfb1e7cdb7237a597bd59ee86011ed4882b table="directory" seconds=4.3228e-5 admitted=true stage="query_memory_admission"
2026-09-09T20:53:13.915871Z DEBUG transparent_shard_server::service: query stage revision=be059aab39ac34125e0452548d6fbcfb1e7cdb7237a597bd59ee86011ed4882b table="directory" seconds=1.1306e-5 stage="query_dispatch"
2026-09-09T20:53:13.939928Z DEBUG transparent_shard_server::service: query stage revision=be059aab39ac34125e0452548d6fbcfb1e7cdb7237a597bd59ee86011ed4882b table="directory" seconds=0.024203403 stage="query_evaluate"
2026-09-09T20:53:13.940524Z DEBUG transparent_shard_server::service: query stage revision=be059aab39ac34125e0452548d6fbcfb1e7cdb7237a597bd59ee86011ed4882b table="directory" seconds=0.024648493 stage="query_evaluate"
2026-09-09T20:53:14.095839Z DEBUG transparent_shard_server::service: query stage revision=be059aab39ac34125e0452548d6fbcfb1e7cdb7237a597bd59ee86011ed4882b table="pages" seconds=2.371e-6 stage="query_admission"
2026-09-09T20:53:14.095875Z DEBUG transparent_shard_server::service: query stage revision=be059aab39ac34125e0452548d6fbcfb1e7cdb7237a597bd59ee86011ed4882b table="pages" seconds=4.773e-6 stage="query_runtime"
2026-09-09T20:53:14.095948Z DEBUG transparent_shard_server::service: query stage revision=be059aab39ac34125e0452548d6fbcfb1e7cdb7237a597bd59ee86011ed4882b table="pages" seconds=6.9999e-5 admitted=true stage="query_memory_admission"
2026-09-09T20:53:14.095976Z DEBUG transparent_shard_server::service: query stage revision=be059aab39ac34125e0452548d6fbcfb1e7cdb7237a597bd59ee86011ed4882b table="pages" seconds=2.1367e-5 stage="query_dispatch"
2026-09-09T20:53:14.096109Z DEBUG transparent_shard_server::service: query stage revision=be059aab39ac34125e0452548d6fbcfb1e7cdb7237a597bd59ee86011ed4882b table="pages" seconds=1.021e-6 stage="query_admission"
2026-09-09T20:53:14.096116Z DEBUG transparent_shard_server::service: query stage revision=be059aab39ac34125e0452548d6fbcfb1e7cdb7237a597bd59ee86011ed4882b table="pages" seconds=1.671e-6 stage="query_runtime"
2026-09-09T20:53:14.096149Z DEBUG transparent_shard_server::service: query stage revision=be059aab39ac34125e0452548d6fbcfb1e7cdb7237a597bd59ee86011ed4882b table="pages" seconds=3.0932e-5 admitted=true stage="query_memory_admission"
2026-09-09T20:53:14.096214Z DEBUG transparent_shard_server::service: query stage revision=be059aab39ac34125e0452548d6fbcfb1e7cdb7237a597bd59ee86011ed4882b table="pages" seconds=3.1502e-5 stage="query_dispatch"
2026-09-09T20:53:14.112114Z DEBUG transparent_shard_server::service: query stage revision=be059aab39ac34125e0452548d6fbcfb1e7cdb7237a597bd59ee86011ed4882b table="pages" seconds=0.016117456 stage="query_evaluate"
2026-09-09T20:53:14.120080Z DEBUG transparent_shard_server::service: query stage revision=be059aab39ac34125e0452548d6fbcfb1e7cdb7237a597bd59ee86011ed4882b table="pages" seconds=0.023846213 stage="query_evaluate"
2026-09-09T20:53:14.275499Z DEBUG transparent_shard_server::service: query stage revision=be059aab39ac34125e0452548d6fbcfb1e7cdb7237a597bd59ee86011ed4882b table="directory" seconds=2.457e-6 stage="query_admission"
2026-09-09T20:53:14.275537Z DEBUG transparent_shard_server::service: query stage revision=be059aab39ac34125e0452548d6fbcfb1e7cdb7237a597bd59ee86011ed4882b table="directory" seconds=5.078e-6 stage="query_runtime"
2026-09-09T20:53:14.275611Z DEBUG transparent_shard_server::service: query stage revision=be059aab39ac34125e0452548d6fbcfb1e7cdb7237a597bd59ee86011ed4882b table="directory" seconds=7.1375e-5 admitted=true stage="query_memory_admission"
2026-09-09T20:53:14.275642Z DEBUG transparent_shard_server::service: query stage revision=be059aab39ac34125e0452548d6fbcfb1e7cdb7237a597bd59ee86011ed4882b table="directory" seconds=2.4972e-5 stage="query_dispatch"
2026-09-09T20:53:14.275718Z DEBUG transparent_shard_server::service: query stage revision=be059aab39ac34125e0452548d6fbcfb1e7cdb7237a597bd59ee86011ed4882b table="directory" seconds=1.289e-6 stage="query_admission"
2026-09-09T20:53:14.275725Z DEBUG transparent_shard_server::service: query stage revision=be059aab39ac34125e0452548d6fbcfb1e7cdb7237a597bd59ee86011ed4882b table="directory" seconds=3.319e-6 stage="query_runtime"
2026-09-09T20:53:14.275754Z DEBUG transparent_shard_server::memory: work memory admission denied current=5198962688 limit=7516192768 held=1342177280 requested=268435456
2026-09-09T20:53:14.286932Z DEBUG transparent_shard_server::memory: work memory admission denied current=5203943424 limit=7516192768 held=1342177280 requested=268435456
2026-09-09T20:53:14.298126Z DEBUG transparent_shard_server::memory: work memory admission denied current=5208662016 limit=7516192768 held=1342177280 requested=268435456
2026-09-09T20:53:14.309303Z DEBUG transparent_shard_server::memory: work memory admission denied current=5213642752 limit=7516192768 held=1342177280 requested=268435456
2026-09-09T20:53:14.320518Z DEBUG transparent_shard_server::memory: work memory admission denied current=5218623488 limit=7516192768 held=1342177280 requested=268435456
2026-09-09T20:53:14.331790Z DEBUG transparent_shard_server::memory: work memory admission denied current=5221244928 limit=7516192768 held=1342177280 requested=268435456
2026-09-09T20:53:14.333534Z DEBUG transparent_shard_server::service: query stage revision=be059aab39ac34125e0452548d6fbcfb1e7cdb7237a597bd59ee86011ed4882b table="directory" seconds=0.057869977 stage="query_evaluate"
2026-09-09T20:53:14.342972Z DEBUG transparent_shard_server::service: query stage revision=be059aab39ac34125e0452548d6fbcfb1e7cdb7237a597bd59ee86011ed4882b table="directory" seconds=0.067242822 admitted=true stage="query_memory_admission"
2026-09-09T20:53:14.343020Z DEBUG transparent_shard_server::service: query stage revision=be059aab39ac34125e0452548d6fbcfb1e7cdb7237a597bd59ee86011ed4882b table="directory" seconds=2.1944e-5 stage="query_dispatch"
2026-09-09T20:53:14.490244Z DEBUG transparent_shard_server::service: query stage revision=be059aab39ac34125e0452548d6fbcfb1e7cdb7237a597bd59ee86011ed4882b table="pages" seconds=3.525e-6 stage="query_admission"
2026-09-09T20:53:14.490283Z DEBUG transparent_shard_server::service: query stage revision=be059aab39ac34125e0452548d6fbcfb1e7cdb7237a597bd59ee86011ed4882b table="pages" seconds=6.463e-6 stage="query_runtime"
2026-09-09T20:53:14.490354Z DEBUG transparent_shard_server::memory: work memory admission denied current=5221928960 limit=7516192768 held=1342177280 requested=268435456
2026-09-09T20:53:14.501551Z DEBUG transparent_shard_server::memory: work memory admission denied current=5221928960 limit=7516192768 held=1342177280 requested=268435456
2026-09-09T20:53:14.512799Z DEBUG transparent_shard_server::memory: work memory admission denied current=5237395456 limit=7516192768 held=1342177280 requested=268435456
2026-09-09T20:53:14.524113Z DEBUG transparent_shard_server::memory: work memory admission denied current=5233131520 limit=7516192768 held=1342177280 requested=268435456
2026-09-09T20:53:14.527781Z DEBUG transparent_shard_server::service: query stage revision=be059aab39ac34125e0452548d6fbcfb1e7cdb7237a597bd59ee86011ed4882b table="directory" seconds=0.18474068 stage="query_evaluate"
2026-09-09T20:53:14.535264Z DEBUG transparent_shard_server::service: query stage revision=be059aab39ac34125e0452548d6fbcfb1e7cdb7237a597bd59ee86011ed4882b table="pages" seconds=0.044976137 admitted=true stage="query_memory_admission"
2026-09-09T20:53:14.535317Z DEBUG transparent_shard_server::service: query stage revision=be059aab39ac34125e0452548d6fbcfb1e7cdb7237a597bd59ee86011ed4882b table="pages" seconds=2.5084e-5 stage="query_dispatch"
2026-09-09T20:53:14.554907Z DEBUG transparent_shard_server::service: query stage revision=be059aab39ac34125e0452548d6fbcfb1e7cdb7237a597bd59ee86011ed4882b table="pages" seconds=0.019569282 stage="query_evaluate"
2026-09-09T20:53:14.686419Z DEBUG transparent_shard_server::service: query stage revision=be059aab39ac34125e0452548d6fbcfb1e7cdb7237a597bd59ee86011ed4882b table="pages" seconds=2.761e-6 stage="query_admission"
2026-09-09T20:53:14.686457Z DEBUG transparent_shard_server::service: query stage revision=be059aab39ac34125e0452548d6fbcfb1e7cdb7237a597bd59ee86011ed4882b table="pages" seconds=3.86e-6 stage="query_runtime"
2026-09-09T20:53:14.686533Z DEBUG transparent_shard_server::service: query stage revision=be059aab39ac34125e0452548d6fbcfb1e7cdb7237a597bd59ee86011ed4882b table="pages" seconds=7.2648e-5 admitted=true stage="query_memory_admission"
2026-09-09T20:53:14.686559Z DEBUG transparent_shard_server::service: query stage revision=be059aab39ac34125e0452548d6fbcfb1e7cdb7237a597bd59ee86011ed4882b table="pages" seconds=2.0465e-5 stage="query_dispatch"
2026-09-09T20:53:14.716427Z DEBUG transparent_shard_server::service: query stage revision=be059aab39ac34125e0452548d6fbcfb1e7cdb7237a597bd59ee86011ed4882b table="directory" seconds=3.181e-6 stage="query_admission"
2026-09-09T20:53:14.716465Z DEBUG transparent_shard_server::service: query stage revision=be059aab39ac34125e0452548d6fbcfb1e7cdb7237a597bd59ee86011ed4882b table="directory" seconds=6.662e-6 stage="query_runtime"
2026-09-09T20:53:14.716538Z DEBUG transparent_shard_server::memory: work memory admission denied current=5303275520 limit=7516192768 held=1342177280 requested=268435456
2026-09-09T20:53:14.727401Z DEBUG transparent_shard_server::service: query stage revision=be059aab39ac34125e0452548d6fbcfb1e7cdb7237a597bd59ee86011ed4882b table="pages" seconds=0.040820616 stage="query_evaluate"
2026-09-09T20:53:14.727738Z DEBUG transparent_shard_server::service: query stage revision=be059aab39ac34125e0452548d6fbcfb1e7cdb7237a597bd59ee86011ed4882b table="directory" seconds=0.0112685 admitted=true stage="query_memory_admission"
2026-09-09T20:53:14.727773Z DEBUG transparent_shard_server::service: query stage revision=be059aab39ac34125e0452548d6fbcfb1e7cdb7237a597bd59ee86011ed4882b table="directory" seconds=1.8723e-5 stage="query_dispatch"
2026-09-09T20:53:14.887584Z DEBUG transparent_shard_server::service: query stage revision=be059aab39ac34125e0452548d6fbcfb1e7cdb7237a597bd59ee86011ed4882b table="directory" seconds=3.164e-6 stage="query_admission"
2026-09-09T20:53:14.887624Z DEBUG transparent_shard_server::service: query stage revision=be059aab39ac34125e0452548d6fbcfb1e7cdb7237a597bd59ee86011ed4882b table="directory" seconds=7.975e-6 stage="query_runtime"
2026-09-09T20:53:14.887736Z DEBUG transparent_shard_server::memory: work memory admission denied current=5201793024 limit=7516192768 held=1342177280 requested=268435456
2026-09-09T20:53:14.898910Z DEBUG transparent_shard_server::memory: work memory admission denied current=5204414464 limit=7516192768 held=1342177280 requested=268435456
2026-09-09T20:53:14.910179Z DEBUG transparent_shard_server::memory: work memory admission denied current=5206511616 limit=7516192768 held=1342177280 requested=268435456
2026-09-09T20:53:14.921363Z DEBUG transparent_shard_server::memory: work memory admission denied current=5209395200 limit=7516192768 held=1342177280 requested=268435456
2026-09-09T20:53:14.932571Z DEBUG transparent_shard_server::memory: work memory admission denied current=5211754496 limit=7516192768 held=1342177280 requested=268435456
2026-09-09T20:53:14.944261Z DEBUG transparent_shard_server::memory: work memory admission denied current=5214113792 limit=7516192768 held=1342177280 requested=268435456
2026-09-09T20:53:14.955455Z DEBUG transparent_shard_server::memory: work memory admission denied current=5216997376 limit=7516192768 held=1342177280 requested=268435456
2026-09-09T20:53:14.966626Z DEBUG transparent_shard_server::memory: work memory admission denied current=5219094528 limit=7516192768 held=1342177280 requested=268435456
2026-09-09T20:53:14.977896Z DEBUG transparent_shard_server::memory: work memory admission denied current=5221978112 limit=7516192768 held=1342177280 requested=268435456
2026-09-09T20:53:14.995262Z DEBUG transparent_shard_server::memory: work memory admission denied current=5225385984 limit=7516192768 held=1342177280 requested=268435456
2026-09-09T20:53:15.006447Z DEBUG transparent_shard_server::memory: work memory admission denied current=5228269568 limit=7516192768 held=1342177280 requested=268435456
2026-09-09T20:53:15.017614Z DEBUG transparent_shard_server::memory: work memory admission denied current=5230366720 limit=7516192768 held=1342177280 requested=268435456
2026-09-09T20:53:15.028792Z DEBUG transparent_shard_server::memory: work memory admission denied current=5233250304 limit=7516192768 held=1342177280 requested=268435456
2026-09-09T20:53:15.040049Z DEBUG transparent_shard_server::memory: work memory admission denied current=5235609600 limit=7516192768 held=1342177280 requested=268435456
2026-09-09T20:53:15.051211Z DEBUG transparent_shard_server::memory: work memory admission denied current=5237968896 limit=7516192768 held=1342177280 requested=268435456
2026-09-09T20:53:15.062401Z DEBUG transparent_shard_server::memory: work memory admission denied current=5240852480 limit=7516192768 held=1342177280 requested=268435456
2026-09-09T20:53:15.073589Z DEBUG transparent_shard_server::memory: work memory admission denied current=5242949632 limit=7516192768 held=1342177280 requested=268435456
2026-09-09T20:53:15.086204Z DEBUG transparent_shard_server::memory: work memory admission denied current=5246095360 limit=7516192768 held=1342177280 requested=268435456
2026-09-09T20:53:15.098995Z DEBUG transparent_shard_server::memory: work memory admission denied current=5248716800 limit=7516192768 held=1342177280 requested=268435456
2026-09-09T20:53:15.110211Z DEBUG transparent_shard_server::memory: work memory admission denied current=5251338240 limit=7516192768 held=1342177280 requested=268435456
2026-09-09T20:53:15.121387Z DEBUG transparent_shard_server::memory: work memory admission denied current=5253959680 limit=7516192768 held=1342177280 requested=268435456
2026-09-09T20:53:15.132547Z DEBUG transparent_shard_server::memory: work memory admission denied current=5256581120 limit=7516192768 held=1342177280 requested=268435456
2026-09-09T20:53:15.138644Z DEBUG transparent_shard_server::service: query stage revision=be059aab39ac34125e0452548d6fbcfb1e7cdb7237a597bd59ee86011ed4882b table="directory" seconds=0.251016565 admitted=false stage="query_memory_admission"
2026-09-09T20:53:15.346338Z DEBUG transparent_shard_server::service: query stage revision=be059aab39ac34125e0452548d6fbcfb1e7cdb7237a597bd59ee86011ed4882b table="directory" seconds=2.885e-6 stage="query_admission"
2026-09-09T20:53:15.346387Z DEBUG transparent_shard_server::service: query stage revision=be059aab39ac34125e0452548d6fbcfb1e7cdb7237a597bd59ee86011ed4882b table="directory" seconds=5.088e-6 stage="query_runtime"
2026-09-09T20:53:15.346459Z DEBUG transparent_shard_server::memory: work memory admission denied current=5294243840 limit=7516192768 held=1342177280 requested=268435456
2026-09-09T20:53:15.357666Z DEBUG transparent_shard_server::memory: work memory admission denied current=5296603136 limit=7516192768 held=1342177280 requested=268435456
2026-09-09T20:53:15.370263Z DEBUG transparent_shard_server::memory: work memory admission denied current=5299486720 limit=7516192768 held=1342177280 requested=268435456
2026-09-09T20:53:15.381436Z DEBUG transparent_shard_server::memory: work memory admission denied current=5301846016 limit=7516192768 held=1342177280 requested=268435456
2026-09-09T20:53:15.392598Z DEBUG transparent_shard_server::memory: work memory admission denied current=5304205312 limit=7516192768 held=1342177280 requested=268435456
2026-09-09T20:53:15.406251Z DEBUG transparent_shard_server::memory: work memory admission denied current=5306826752 limit=7516192768 held=1342177280 requested=268435456
2026-09-09T20:53:15.417425Z DEBUG transparent_shard_server::memory: work memory admission denied current=5309710336 limit=7516192768 held=1342177280 requested=268435456
2026-09-09T20:53:15.428586Z DEBUG transparent_shard_server::memory: work memory admission denied current=5312069632 limit=7516192768 held=1342177280 requested=268435456
2026-09-09T20:53:15.439776Z DEBUG transparent_shard_server::memory: work memory admission denied current=5314691072 limit=7516192768 held=1342177280 requested=268435456
2026-09-09T20:53:15.450988Z DEBUG transparent_shard_server::memory: work memory admission denied current=5317312512 limit=7516192768 held=1342177280 requested=268435456
2026-09-09T20:53:15.462166Z DEBUG transparent_shard_server::memory: work memory admission denied current=5319409664 limit=7516192768 held=1342177280 requested=268435456
2026-09-09T20:53:15.475261Z DEBUG transparent_shard_server::memory: work memory admission denied current=5308923904 limit=7516192768 held=1342177280 requested=268435456
2026-09-09T20:53:15.486510Z DEBUG transparent_shard_server::memory: work memory admission denied current=5311283200 limit=7516192768 held=1342177280 requested=268435456
2026-09-09T20:53:15.497682Z DEBUG transparent_shard_server::memory: work memory admission denied current=5314166784 limit=7516192768 held=1342177280 requested=268435456
2026-09-09T20:53:15.511279Z DEBUG transparent_shard_server::memory: work memory admission denied current=5317050368 limit=7516192768 held=1342177280 requested=268435456
2026-09-09T20:53:15.522464Z DEBUG transparent_shard_server::memory: work memory admission denied current=5319409664 limit=7516192768 held=1342177280 requested=268435456
2026-09-09T20:53:15.533665Z DEBUG transparent_shard_server::memory: work memory admission denied current=5322031104 limit=7516192768 held=1342177280 requested=268435456
2026-09-09T20:53:15.544877Z DEBUG transparent_shard_server::memory: work memory admission denied current=5324390400 limit=7516192768 held=1342177280 requested=268435456
2026-09-09T20:53:15.556054Z DEBUG transparent_shard_server::memory: work memory admission denied current=5326749696 limit=7516192768 held=1342177280 requested=268435456
2026-09-09T20:53:15.567255Z DEBUG transparent_shard_server::memory: work memory admission denied current=5329633280 limit=7516192768 held=1342177280 requested=268435456
2026-09-09T20:53:15.581276Z DEBUG transparent_shard_server::memory: work memory admission denied current=5332779008 limit=7516192768 held=1342177280 requested=268435456
2026-09-09T20:53:15.592488Z DEBUG transparent_shard_server::memory: work memory admission denied current=5334876160 limit=7516192768 held=1342177280 requested=268435456
2026-09-09T20:53:15.597598Z DEBUG transparent_shard_server::service: query stage revision=be059aab39ac34125e0452548d6fbcfb1e7cdb7237a597bd59ee86011ed4882b table="directory" seconds=0.251206409 admitted=false stage="query_memory_admission"
2026-09-09T20:53:15.644550Z DEBUG transparent_shard_server::runtime: construction stage geometry="recent-8k" table="directory" seconds=2.273029292 stage="pack_preprocessing"
2026-09-09T20:53:15.644900Z DEBUG transparent_shard_server::runtime: construction stage geometry="recent-8k" table="directory" seconds=0.000308871 stage="publish_parameters"
2026-09-09T20:53:15.645684Z DEBUG transparent_shard_server::runtime: runtime stage key=("268f5c527d35817d37919707b04a706c850d449156baa071b5438dbf8eb53aec", Directory, 0) seconds=3.641169937 stage="runtime_build"
2026-09-09T20:53:15.669302Z DEBUG transparent_shard_server::service: query stage revision=be059aab39ac34125e0452548d6fbcfb1e7cdb7237a597bd59ee86011ed4882b table="directory" seconds=0.941520846 stage="query_evaluate"
2026-09-09T20:53:15.672750Z DEBUG transparent_shard_server::runtime: construction stage geometry="recent-8k" table="pages" seconds=2.301243641 stage="pack_preprocessing"
2026-09-09T20:53:15.673045Z DEBUG transparent_shard_server::runtime: construction stage geometry="recent-8k" table="pages" seconds=0.000275825 stage="publish_parameters"
2026-09-09T20:53:15.673782Z DEBUG transparent_shard_server::runtime: runtime stage key=("268f5c527d35817d37919707b04a706c850d449156baa071b5438dbf8eb53aec", Pages, 0) seconds=3.667645728 stage="runtime_build"
2026-09-09T20:53:15.673974Z  INFO transparent_shard_server::service: prewarm finished warm=28 target=28 failed=0 seconds=3.8736978730000002
2026-09-09T20:53:15.674002Z DEBUG transparent_shard_server::live: publication preparation stages map=12cbb58695cd66166197842d179b61598c15effb06ad32efcd899a13e36e7b10 loading_seconds=0.617409262 warming_seconds=3.873799635
2026-09-09T20:53:15.811582Z DEBUG transparent_shard_server::service: query stage revision=be059aab39ac34125e0452548d6fbcfb1e7cdb7237a597bd59ee86011ed4882b table="directory" seconds=2.196e-6 stage="query_admission"
2026-09-09T20:53:15.811611Z DEBUG transparent_shard_server::service: query stage revision=be059aab39ac34125e0452548d6fbcfb1e7cdb7237a597bd59ee86011ed4882b table="directory" seconds=3.421e-6 stage="query_runtime"
2026-09-09T20:53:15.811687Z DEBUG transparent_shard_server::service: query stage revision=be059aab39ac34125e0452548d6fbcfb1e7cdb7237a597bd59ee86011ed4882b table="directory" seconds=7.2933e-5 admitted=true stage="query_memory_admission"
2026-09-09T20:53:15.811719Z DEBUG transparent_shard_server::service: query stage revision=be059aab39ac34125e0452548d6fbcfb1e7cdb7237a597bd59ee86011ed4882b table="directory" seconds=2.5669e-5 stage="query_dispatch"
2026-09-09T20:53:15.822051Z DEBUG transparent_shard_server::service: query stage revision=be059aab39ac34125e0452548d6fbcfb1e7cdb7237a597bd59ee86011ed4882b table="directory" seconds=0.010313876 stage="query_evaluate"
2026-09-09T20:53:15.841257Z DEBUG transparent_shard_server::service: query stage revision=be059aab39ac34125e0452548d6fbcfb1e7cdb7237a597bd59ee86011ed4882b table="pages" seconds=2.743e-6 stage="query_admission"
2026-09-09T20:53:15.841285Z DEBUG transparent_shard_server::service: query stage revision=be059aab39ac34125e0452548d6fbcfb1e7cdb7237a597bd59ee86011ed4882b table="pages" seconds=4.433e-6 stage="query_runtime"
2026-09-09T20:53:15.841358Z DEBUG transparent_shard_server::service: query stage revision=be059aab39ac34125e0452548d6fbcfb1e7cdb7237a597bd59ee86011ed4882b table="pages" seconds=6.9656e-5 admitted=true stage="query_memory_admission"
2026-09-09T20:53:15.841394Z DEBUG transparent_shard_server::service: query stage revision=be059aab39ac34125e0452548d6fbcfb1e7cdb7237a597bd59ee86011ed4882b table="pages" seconds=3.0421e-5 stage="query_dispatch"
2026-09-09T20:53:15.851403Z DEBUG transparent_shard_server::service: query stage revision=be059aab39ac34125e0452548d6fbcfb1e7cdb7237a597bd59ee86011ed4882b table="pages" seconds=0.009987067 stage="query_evaluate"
2026-09-09T20:53:15.992101Z DEBUG transparent_shard_server::service: query stage revision=268f5c527d35817d37919707b04a706c850d449156baa071b5438dbf8eb53aec table="pages" seconds=3.245e-6 stage="query_admission"
2026-09-09T20:53:15.992156Z DEBUG transparent_shard_server::service: query stage revision=268f5c527d35817d37919707b04a706c850d449156baa071b5438dbf8eb53aec table="pages" seconds=7.251e-6 stage="query_runtime"
2026-09-09T20:53:15.992242Z DEBUG transparent_shard_server::service: query stage revision=268f5c527d35817d37919707b04a706c850d449156baa071b5438dbf8eb53aec table="pages" seconds=7.0418e-5 admitted=true stage="query_memory_admission"
2026-09-09T20:53:15.992269Z DEBUG transparent_shard_server::service: query stage revision=268f5c527d35817d37919707b04a706c850d449156baa071b5438dbf8eb53aec table="pages" seconds=2.121e-5 stage="query_dispatch"
2026-09-09T20:53:16.002528Z DEBUG transparent_shard_server::service: query stage revision=268f5c527d35817d37919707b04a706c850d449156baa071b5438dbf8eb53aec table="pages" seconds=0.010241538 stage="query_evaluate"
2026-09-09T20:53:16.025543Z DEBUG transparent_shard_server::service: query stage revision=268f5c527d35817d37919707b04a706c850d449156baa071b5438dbf8eb53aec table="directory" seconds=2.299e-6 stage="query_admission"
2026-09-09T20:53:16.025569Z DEBUG transparent_shard_server::service: query stage revision=268f5c527d35817d37919707b04a706c850d449156baa071b5438dbf8eb53aec table="directory" seconds=5.225e-6 stage="query_runtime"
2026-09-09T20:53:16.025616Z DEBUG transparent_shard_server::service: query stage revision=268f5c527d35817d37919707b04a706c850d449156baa071b5438dbf8eb53aec table="directory" seconds=4.2624e-5 admitted=true stage="query_memory_admission"
2026-09-09T20:53:16.025643Z DEBUG transparent_shard_server::service: query stage revision=268f5c527d35817d37919707b04a706c850d449156baa071b5438dbf8eb53aec table="directory" seconds=2.1004e-5 stage="query_dispatch"
2026-09-09T20:53:16.036249Z DEBUG transparent_shard_server::service: query stage revision=268f5c527d35817d37919707b04a706c850d449156baa071b5438dbf8eb53aec table="directory" seconds=0.010582896 stage="query_evaluate"
2026-09-09T20:53:16.161458Z DEBUG transparent_shard_server::service: query stage revision=268f5c527d35817d37919707b04a706c850d449156baa071b5438dbf8eb53aec table="directory" seconds=2.328e-6 stage="query_admission"
2026-09-09T20:53:16.161487Z DEBUG transparent_shard_server::service: query stage revision=268f5c527d35817d37919707b04a706c850d449156baa071b5438dbf8eb53aec table="directory" seconds=4.344e-6 stage="query_runtime"
2026-09-09T20:53:16.161563Z DEBUG transparent_shard_server::service: query stage revision=268f5c527d35817d37919707b04a706c850d449156baa071b5438dbf8eb53aec table="directory" seconds=7.113e-5 admitted=true stage="query_memory_admission"
2026-09-09T20:53:16.161582Z DEBUG transparent_shard_server::service: query stage revision=268f5c527d35817d37919707b04a706c850d449156baa071b5438dbf8eb53aec table="directory" seconds=1.3226e-5 stage="query_dispatch"
2026-09-09T20:53:16.171541Z DEBUG transparent_shard_server::service: query stage revision=268f5c527d35817d37919707b04a706c850d449156baa071b5438dbf8eb53aec table="directory" seconds=0.00995219 stage="query_evaluate"
2026-09-09T20:53:16.194738Z DEBUG transparent_shard_server::service: query stage revision=268f5c527d35817d37919707b04a706c850d449156baa071b5438dbf8eb53aec table="pages" seconds=2.226e-6 stage="query_admission"
2026-09-09T20:53:16.194771Z DEBUG transparent_shard_server::service: query stage revision=268f5c527d35817d37919707b04a706c850d449156baa071b5438dbf8eb53aec table="pages" seconds=5.223e-6 stage="query_runtime"
2026-09-09T20:53:16.194852Z DEBUG transparent_shard_server::service: query stage revision=268f5c527d35817d37919707b04a706c850d449156baa071b5438dbf8eb53aec table="pages" seconds=7.7323e-5 admitted=true stage="query_memory_admission"
2026-09-09T20:53:16.194871Z DEBUG transparent_shard_server::service: query stage revision=268f5c527d35817d37919707b04a706c850d449156baa071b5438dbf8eb53aec table="pages" seconds=1.2908e-5 stage="query_dispatch"
2026-09-09T20:53:16.204698Z DEBUG transparent_shard_server::service: query stage revision=268f5c527d35817d37919707b04a706c850d449156baa071b5438dbf8eb53aec table="pages" seconds=0.009820749 stage="query_evaluate"
2026-09-09T20:53:16.333227Z DEBUG transparent_shard_server::runtime: runtime stage key=("268f5c527d35817d37919707b04a706c850d449156baa071b5438dbf8eb53aec", Directory, 0) seconds=0.687475541 stage="disk_save"
2026-09-09T20:53:17.010174Z DEBUG transparent_shard_server::runtime: runtime stage key=("268f5c527d35817d37919707b04a706c850d449156baa071b5438dbf8eb53aec", Pages, 0) seconds=1.336164643 stage="disk_save"
test burst::publication_burst_under_exact_load ... ok

test result: ok. 1 passed; 0 failed; 0 ignored; 0 measured; 16 filtered out; finished in 72.13s

Finished with result: success
Main processes terminated with: code=exited/status=0
Service runtime: 1min 12.220s
CPU time consumed: 3min 45.797s
Memory peak: 512.0K
Memory swap peak: 0B
