Running as unit: transparent-full-burst-5f9839381b2e46d3aa3a1fd5015c6500.service

running 1 test
2026-09-09T20:53:22.636584Z DEBUG transparent_shard_server::runtime: runtime stage key=("5b7ee9849d47f5ee67d04eb6ca4588beacf42dce75e5a1b481dfd02607b1fb20", Directory, 0) seconds=6.087e-6 stage="restore_slot"
2026-09-09T20:53:22.636663Z DEBUG transparent_shard_server::runtime: runtime stage key=("5b7ee9849d47f5ee67d04eb6ca4588beacf42dce75e5a1b481dfd02607b1fb20", Pages, 0) seconds=3.368e-6 stage="restore_slot"
2026-09-09T20:53:22.636723Z DEBUG transparent_shard_server::runtime: runtime stage key=("1f5d7213a380745d83cc554ad16bdf9e039a0304d0de0b71376828e1838d0ea4", Directory, 0) seconds=3.301e-6 stage="restore_slot"
2026-09-09T20:53:22.636825Z DEBUG transparent_shard_server::runtime: runtime stage key=("1f5d7213a380745d83cc554ad16bdf9e039a0304d0de0b71376828e1838d0ea4", Pages, 0) seconds=2.022e-6 stage="restore_slot"
2026-09-09T20:53:22.637007Z DEBUG transparent_shard_server::runtime: runtime stage key=("5b7ee9849d47f5ee67d04eb6ca4588beacf42dce75e5a1b481dfd02607b1fb20", Directory, 0) seconds=3.9987e-5 hit=false stage="disk_restore"
2026-09-09T20:53:22.637049Z DEBUG transparent_shard_server::runtime: runtime stage key=("5b7ee9849d47f5ee67d04eb6ca4588beacf42dce75e5a1b481dfd02607b1fb20", Directory, 0) seconds=1.437e-6 stage="build_slot"
2026-09-09T20:53:22.637095Z DEBUG transparent_shard_server::memory: cold build admission wait seconds=3.8451e-5 admitted=true
2026-09-09T20:53:22.637107Z DEBUG transparent_shard_server::runtime: runtime stage key=("1f5d7213a380745d83cc554ad16bdf9e039a0304d0de0b71376828e1838d0ea4", Pages, 0) seconds=1.555e-5 hit=false stage="disk_restore"
2026-09-09T20:53:22.637112Z DEBUG transparent_shard_server::runtime: runtime stage key=("5b7ee9849d47f5ee67d04eb6ca4588beacf42dce75e5a1b481dfd02607b1fb20", Pages, 0) seconds=3.0451e-5 hit=false stage="disk_restore"
2026-09-09T20:53:22.637138Z DEBUG transparent_shard_server::runtime: runtime stage key=("1f5d7213a380745d83cc554ad16bdf9e039a0304d0de0b71376828e1838d0ea4", Pages, 0) seconds=2.12e-7 stage="build_slot"
2026-09-09T20:53:22.637180Z DEBUG transparent_shard_server::memory: cold build admission wait seconds=3.735e-5 admitted=true
2026-09-09T20:53:22.637411Z DEBUG transparent_shard_server::runtime: runtime stage key=("1f5d7213a380745d83cc554ad16bdf9e039a0304d0de0b71376828e1838d0ea4", Directory, 0) seconds=1.5307e-5 hit=false stage="disk_restore"
2026-09-09T20:53:22.785460Z DEBUG transparent_shard_server::runtime: runtime stage key=("1f5d7213a380745d83cc554ad16bdf9e039a0304d0de0b71376828e1838d0ea4", Pages, 0) seconds=0.148154792 stage="source_load"
2026-09-09T20:53:22.787891Z DEBUG transparent_shard_server::runtime: runtime stage key=("5b7ee9849d47f5ee67d04eb6ca4588beacf42dce75e5a1b481dfd02607b1fb20", Directory, 0) seconds=0.150743197 stage="source_load"
2026-09-09T20:53:23.087814Z DEBUG transparent_shard_server::runtime: construction stage geometry="recent-8k" table="pages" seconds=0.302297596 stage="encode_database"
2026-09-09T20:53:23.087932Z DEBUG transparent_shard_server::runtime: construction stage geometry="recent-8k" table="pages" seconds=6.1195e-5 stage="public_setup"
2026-09-09T20:53:23.089651Z DEBUG transparent_shard_server::runtime: construction stage geometry="recent-8k" table="directory" seconds=0.301713146 stage="encode_database"
2026-09-09T20:53:23.089741Z DEBUG transparent_shard_server::runtime: construction stage geometry="recent-8k" table="directory" seconds=6.1136e-5 stage="public_setup"
2026-09-09T20:53:24.205153Z DEBUG transparent_shard_server::runtime: construction stage geometry="recent-8k" table="directory" seconds=1.115406304 stage="hint_columns"
2026-09-09T20:53:24.205289Z DEBUG transparent_shard_server::runtime: construction stage geometry="recent-8k" table="pages" seconds=1.117351371 stage="hint_columns"
2026-09-09T20:53:26.435977Z DEBUG transparent_shard_server::runtime: construction stage geometry="recent-8k" table="pages" seconds=2.230666137 stage="pack_preprocessing"
2026-09-09T20:53:26.436291Z DEBUG transparent_shard_server::runtime: construction stage geometry="recent-8k" table="pages" seconds=0.000275431 stage="publish_parameters"
2026-09-09T20:53:26.436822Z DEBUG transparent_shard_server::runtime: runtime stage key=("1f5d7213a380745d83cc554ad16bdf9e039a0304d0de0b71376828e1838d0ea4", Pages, 0) seconds=3.651307054 stage="runtime_build"
2026-09-09T20:53:26.438454Z DEBUG transparent_shard_server::runtime: runtime stage key=("5b7ee9849d47f5ee67d04eb6ca4588beacf42dce75e5a1b481dfd02607b1fb20", Pages, 0) seconds=3.801244123 stage="build_slot"
2026-09-09T20:53:26.438551Z DEBUG transparent_shard_server::memory: cold build admission wait seconds=7.5481e-5 admitted=true
2026-09-09T20:53:26.438574Z DEBUG transparent_shard_server::runtime: runtime stage key=("ca7afe810c988a8b4b561668f3456a9f38d1fdbb0776614e07ddfeb1a2132000", Directory, 0) seconds=7.33e-7 stage="restore_slot"
2026-09-09T20:53:26.440366Z DEBUG transparent_shard_server::runtime: construction stage geometry="recent-8k" table="directory" seconds=2.235163812 stage="pack_preprocessing"
2026-09-09T20:53:26.440681Z DEBUG transparent_shard_server::runtime: construction stage geometry="recent-8k" table="directory" seconds=0.000294937 stage="publish_parameters"
2026-09-09T20:53:26.441108Z DEBUG transparent_shard_server::runtime: runtime stage key=("5b7ee9849d47f5ee67d04eb6ca4588beacf42dce75e5a1b481dfd02607b1fb20", Directory, 0) seconds=3.653171972 stage="runtime_build"
2026-09-09T20:53:26.441202Z DEBUG transparent_shard_server::runtime: runtime stage key=("ca7afe810c988a8b4b561668f3456a9f38d1fdbb0776614e07ddfeb1a2132000", Directory, 0) seconds=2.7693e-5 hit=false stage="disk_restore"
2026-09-09T20:53:26.443271Z DEBUG transparent_shard_server::runtime: runtime stage key=("1f5d7213a380745d83cc554ad16bdf9e039a0304d0de0b71376828e1838d0ea4", Directory, 0) seconds=3.80583964 stage="build_slot"
2026-09-09T20:53:26.443316Z DEBUG transparent_shard_server::runtime: runtime stage key=("ca7afe810c988a8b4b561668f3456a9f38d1fdbb0776614e07ddfeb1a2132000", Pages, 0) seconds=9e-7 stage="restore_slot"
2026-09-09T20:53:26.443350Z DEBUG transparent_shard_server::memory: cold build admission wait seconds=6.2623e-5 admitted=true
2026-09-09T20:53:26.443415Z DEBUG transparent_shard_server::runtime: runtime stage key=("ca7afe810c988a8b4b561668f3456a9f38d1fdbb0776614e07ddfeb1a2132000", Pages, 0) seconds=2.5806e-5 hit=false stage="disk_restore"
2026-09-09T20:53:26.589536Z DEBUG transparent_shard_server::runtime: runtime stage key=("1f5d7213a380745d83cc554ad16bdf9e039a0304d0de0b71376828e1838d0ea4", Directory, 0) seconds=0.14616352 stage="source_load"
2026-09-09T20:53:26.592738Z DEBUG transparent_shard_server::runtime: runtime stage key=("5b7ee9849d47f5ee67d04eb6ca4588beacf42dce75e5a1b481dfd02607b1fb20", Pages, 0) seconds=0.154134297 stage="source_load"
2026-09-09T20:53:26.893431Z DEBUG transparent_shard_server::runtime: construction stage geometry="recent-8k" table="directory" seconds=0.303863887 stage="encode_database"
2026-09-09T20:53:26.893525Z DEBUG transparent_shard_server::runtime: construction stage geometry="recent-8k" table="directory" seconds=6.0792e-5 stage="public_setup"
2026-09-09T20:53:26.898426Z DEBUG transparent_shard_server::runtime: construction stage geometry="recent-8k" table="pages" seconds=0.30566055 stage="encode_database"
2026-09-09T20:53:26.898522Z DEBUG transparent_shard_server::runtime: construction stage geometry="recent-8k" table="pages" seconds=5.8419e-5 stage="public_setup"
2026-09-09T20:53:27.359258Z DEBUG transparent_shard_server::runtime: runtime stage key=("1f5d7213a380745d83cc554ad16bdf9e039a0304d0de0b71376828e1838d0ea4", Pages, 0) seconds=0.920799363 stage="disk_save"
2026-09-09T20:53:28.072211Z DEBUG transparent_shard_server::runtime: construction stage geometry="recent-8k" table="pages" seconds=1.173682717 stage="hint_columns"
2026-09-09T20:53:28.075394Z DEBUG transparent_shard_server::runtime: construction stage geometry="recent-8k" table="directory" seconds=1.181863607 stage="hint_columns"
2026-09-09T20:53:28.425738Z DEBUG transparent_shard_server::runtime: runtime stage key=("5b7ee9849d47f5ee67d04eb6ca4588beacf42dce75e5a1b481dfd02607b1fb20", Directory, 0) seconds=1.9829836589999998 stage="disk_save"
2026-09-09T20:53:30.352082Z DEBUG transparent_shard_server::runtime: construction stage geometry="recent-8k" table="pages" seconds=2.279848796 stage="pack_preprocessing"
2026-09-09T20:53:30.352423Z DEBUG transparent_shard_server::runtime: construction stage geometry="recent-8k" table="pages" seconds=0.000302094 stage="publish_parameters"
2026-09-09T20:53:30.352931Z DEBUG transparent_shard_server::runtime: runtime stage key=("5b7ee9849d47f5ee67d04eb6ca4588beacf42dce75e5a1b481dfd02607b1fb20", Pages, 0) seconds=3.760167393 stage="runtime_build"
2026-09-09T20:53:30.352974Z DEBUG transparent_shard_server::runtime: runtime stage key=("ca7afe810c988a8b4b561668f3456a9f38d1fdbb0776614e07ddfeb1a2132000", Directory, 0) seconds=3.911731852 stage="build_slot"
2026-09-09T20:53:30.353074Z DEBUG transparent_shard_server::memory: cold build admission wait seconds=7.6736e-5 admitted=true
2026-09-09T20:53:30.354656Z DEBUG transparent_shard_server::runtime: runtime stage key=("95df7205357fe2d9c962d2b41daded841e05afa7b6fc8d06dfec46ad04e15335", Directory, 0) seconds=1.348e-6 stage="restore_slot"
2026-09-09T20:53:30.355049Z DEBUG transparent_shard_server::runtime: runtime stage key=("95df7205357fe2d9c962d2b41daded841e05afa7b6fc8d06dfec46ad04e15335", Directory, 0) seconds=2.4686e-5 hit=false stage="disk_restore"
2026-09-09T20:53:30.357341Z DEBUG transparent_shard_server::runtime: construction stage geometry="recent-8k" table="directory" seconds=2.2819174589999998 stage="pack_preprocessing"
2026-09-09T20:53:30.357630Z DEBUG transparent_shard_server::runtime: construction stage geometry="recent-8k" table="directory" seconds=0.000265156 stage="publish_parameters"
2026-09-09T20:53:30.358363Z DEBUG transparent_shard_server::runtime: runtime stage key=("1f5d7213a380745d83cc554ad16bdf9e039a0304d0de0b71376828e1838d0ea4", Directory, 0) seconds=3.768797428 stage="runtime_build"
2026-09-09T20:53:30.358414Z DEBUG transparent_shard_server::runtime: runtime stage key=("ca7afe810c988a8b4b561668f3456a9f38d1fdbb0776614e07ddfeb1a2132000", Pages, 0) seconds=3.91496784 stage="build_slot"
2026-09-09T20:53:30.358504Z DEBUG transparent_shard_server::memory: cold build admission wait seconds=7.3049e-5 admitted=true
2026-09-09T20:53:30.358554Z DEBUG transparent_shard_server::runtime: runtime stage key=("95df7205357fe2d9c962d2b41daded841e05afa7b6fc8d06dfec46ad04e15335", Pages, 0) seconds=5.45e-7 stage="restore_slot"
2026-09-09T20:53:30.361215Z DEBUG transparent_shard_server::runtime: runtime stage key=("95df7205357fe2d9c962d2b41daded841e05afa7b6fc8d06dfec46ad04e15335", Pages, 0) seconds=3.6503e-5 hit=false stage="disk_restore"
2026-09-09T20:53:30.495883Z DEBUG transparent_shard_server::runtime: runtime stage key=("ca7afe810c988a8b4b561668f3456a9f38d1fdbb0776614e07ddfeb1a2132000", Pages, 0) seconds=0.137282636 stage="source_load"
2026-09-09T20:53:30.500216Z DEBUG transparent_shard_server::runtime: runtime stage key=("ca7afe810c988a8b4b561668f3456a9f38d1fdbb0776614e07ddfeb1a2132000", Directory, 0) seconds=0.147119961 stage="source_load"
2026-09-09T20:53:30.786327Z DEBUG transparent_shard_server::runtime: construction stage geometry="recent-8k" table="pages" seconds=0.290411712 stage="encode_database"
2026-09-09T20:53:30.786425Z DEBUG transparent_shard_server::runtime: construction stage geometry="recent-8k" table="pages" seconds=6.7968e-5 stage="public_setup"
2026-09-09T20:53:30.813608Z DEBUG transparent_shard_server::runtime: construction stage geometry="recent-8k" table="directory" seconds=0.313364272 stage="encode_database"
2026-09-09T20:53:30.813709Z DEBUG transparent_shard_server::runtime: construction stage geometry="recent-8k" table="directory" seconds=7.0214e-5 stage="public_setup"
2026-09-09T20:53:31.092191Z DEBUG transparent_shard_server::runtime: runtime stage key=("5b7ee9849d47f5ee67d04eb6ca4588beacf42dce75e5a1b481dfd02607b1fb20", Pages, 0) seconds=0.73921885 stage="disk_save"
2026-09-09T20:53:32.047646Z DEBUG transparent_shard_server::runtime: construction stage geometry="recent-8k" table="directory" seconds=1.23393022 stage="hint_columns"
2026-09-09T20:53:32.054320Z DEBUG transparent_shard_server::runtime: construction stage geometry="recent-8k" table="pages" seconds=1.267889334 stage="hint_columns"
2026-09-09T20:53:32.288881Z DEBUG transparent_shard_server::runtime: runtime stage key=("1f5d7213a380745d83cc554ad16bdf9e039a0304d0de0b71376828e1838d0ea4", Directory, 0) seconds=1.930357577 stage="disk_save"
2026-09-09T20:53:34.259468Z DEBUG transparent_shard_server::runtime: construction stage geometry="recent-8k" table="pages" seconds=2.205121938 stage="pack_preprocessing"
2026-09-09T20:53:34.259771Z DEBUG transparent_shard_server::runtime: construction stage geometry="recent-8k" table="pages" seconds=0.000260487 stage="publish_parameters"
2026-09-09T20:53:34.260521Z DEBUG transparent_shard_server::runtime: runtime stage key=("ca7afe810c988a8b4b561668f3456a9f38d1fdbb0776614e07ddfeb1a2132000", Pages, 0) seconds=3.764607839 stage="runtime_build"
2026-09-09T20:53:34.260615Z DEBUG transparent_shard_server::runtime: runtime stage key=("95df7205357fe2d9c962d2b41daded841e05afa7b6fc8d06dfec46ad04e15335", Directory, 0) seconds=3.905545 stage="build_slot"
2026-09-09T20:53:34.260661Z DEBUG transparent_shard_server::runtime: runtime stage key=("73d46a59d0d03d7616f9a47e53b50448d4c5a3504e6e296600d8884c8c4403b8", Directory, 0) seconds=1.447e-6 stage="restore_slot"
2026-09-09T20:53:34.260757Z DEBUG transparent_shard_server::memory: cold build admission wait seconds=0.000121136 admitted=true
2026-09-09T20:53:34.260806Z DEBUG transparent_shard_server::runtime: runtime stage key=("73d46a59d0d03d7616f9a47e53b50448d4c5a3504e6e296600d8884c8c4403b8", Directory, 0) seconds=3.3565e-5 hit=false stage="disk_restore"
2026-09-09T20:53:34.261512Z DEBUG transparent_shard_server::runtime: construction stage geometry="recent-8k" table="directory" seconds=2.213825717 stage="pack_preprocessing"
2026-09-09T20:53:34.261807Z DEBUG transparent_shard_server::runtime: construction stage geometry="recent-8k" table="directory" seconds=0.000284325 stage="publish_parameters"
2026-09-09T20:53:34.262406Z DEBUG transparent_shard_server::runtime: runtime stage key=("ca7afe810c988a8b4b561668f3456a9f38d1fdbb0776614e07ddfeb1a2132000", Directory, 0) seconds=3.762164167 stage="runtime_build"
2026-09-09T20:53:34.262439Z DEBUG transparent_shard_server::runtime: runtime stage key=("95df7205357fe2d9c962d2b41daded841e05afa7b6fc8d06dfec46ad04e15335", Pages, 0) seconds=3.901176725 stage="build_slot"
2026-09-09T20:53:34.262488Z DEBUG transparent_shard_server::memory: cold build admission wait seconds=4.5069e-5 admitted=true
2026-09-09T20:53:34.262519Z DEBUG transparent_shard_server::runtime: runtime stage key=("73d46a59d0d03d7616f9a47e53b50448d4c5a3504e6e296600d8884c8c4403b8", Pages, 0) seconds=3.43e-7 stage="restore_slot"
2026-09-09T20:53:34.262570Z DEBUG transparent_shard_server::runtime: runtime stage key=("73d46a59d0d03d7616f9a47e53b50448d4c5a3504e6e296600d8884c8c4403b8", Pages, 0) seconds=2.2658e-5 hit=false stage="disk_restore"
2026-09-09T20:53:34.396583Z DEBUG transparent_shard_server::runtime: runtime stage key=("95df7205357fe2d9c962d2b41daded841e05afa7b6fc8d06dfec46ad04e15335", Directory, 0) seconds=0.13580181 stage="source_load"
2026-09-09T20:53:34.399023Z DEBUG transparent_shard_server::runtime: runtime stage key=("95df7205357fe2d9c962d2b41daded841e05afa7b6fc8d06dfec46ad04e15335", Pages, 0) seconds=0.13649674 stage="source_load"
2026-09-09T20:53:34.690253Z DEBUG transparent_shard_server::runtime: construction stage geometry="recent-8k" table="directory" seconds=0.293638661 stage="encode_database"
2026-09-09T20:53:34.690361Z DEBUG transparent_shard_server::runtime: construction stage geometry="recent-8k" table="directory" seconds=8.0273e-5 stage="public_setup"
2026-09-09T20:53:34.710394Z DEBUG transparent_shard_server::runtime: construction stage geometry="recent-8k" table="pages" seconds=0.311343985 stage="encode_database"
2026-09-09T20:53:34.710506Z DEBUG transparent_shard_server::runtime: construction stage geometry="recent-8k" table="pages" seconds=6.7858e-5 stage="public_setup"
2026-09-09T20:53:35.179281Z DEBUG transparent_shard_server::runtime: runtime stage key=("ca7afe810c988a8b4b561668f3456a9f38d1fdbb0776614e07ddfeb1a2132000", Pages, 0) seconds=0.918684857 stage="disk_save"
2026-09-09T20:53:35.904269Z DEBUG transparent_shard_server::runtime: construction stage geometry="recent-8k" table="pages" seconds=1.193747373 stage="hint_columns"
2026-09-09T20:53:35.907375Z DEBUG transparent_shard_server::runtime: construction stage geometry="recent-8k" table="directory" seconds=1.217006664 stage="hint_columns"
2026-09-09T20:53:36.240270Z DEBUG transparent_shard_server::runtime: runtime stage key=("ca7afe810c988a8b4b561668f3456a9f38d1fdbb0776614e07ddfeb1a2132000", Directory, 0) seconds=1.977769562 stage="disk_save"
2026-09-09T20:53:38.119650Z DEBUG transparent_shard_server::runtime: construction stage geometry="recent-8k" table="pages" seconds=2.215349805 stage="pack_preprocessing"
2026-09-09T20:53:38.119960Z DEBUG transparent_shard_server::runtime: construction stage geometry="recent-8k" table="pages" seconds=0.000270838 stage="publish_parameters"
2026-09-09T20:53:38.123591Z DEBUG transparent_shard_server::runtime: runtime stage key=("95df7205357fe2d9c962d2b41daded841e05afa7b6fc8d06dfec46ad04e15335", Pages, 0) seconds=3.724542761 stage="runtime_build"
2026-09-09T20:53:38.130207Z DEBUG transparent_shard_server::runtime: runtime stage key=("73d46a59d0d03d7616f9a47e53b50448d4c5a3504e6e296600d8884c8c4403b8", Directory, 0) seconds=3.869363199 stage="build_slot"
2026-09-09T20:53:38.130306Z DEBUG transparent_shard_server::memory: cold build admission wait seconds=7.3228e-5 admitted=true
2026-09-09T20:53:38.130343Z DEBUG transparent_shard_server::runtime: runtime stage key=("b16be2933ab920bc4745ea8917e5167a7a685c211e0b4febe88b4d3018f970bc", Directory, 0) seconds=1.602e-6 stage="restore_slot"
2026-09-09T20:53:38.130495Z DEBUG transparent_shard_server::runtime: runtime stage key=("b16be2933ab920bc4745ea8917e5167a7a685c211e0b4febe88b4d3018f970bc", Directory, 0) seconds=2.581e-5 hit=false stage="disk_restore"
2026-09-09T20:53:38.278332Z DEBUG transparent_shard_server::runtime: runtime stage key=("73d46a59d0d03d7616f9a47e53b50448d4c5a3504e6e296600d8884c8c4403b8", Directory, 0) seconds=0.14788623 stage="source_load"
2026-09-09T20:53:38.577664Z DEBUG transparent_shard_server::runtime: construction stage geometry="recent-8k" table="directory" seconds=0.299294033 stage="encode_database"
2026-09-09T20:53:38.577766Z DEBUG transparent_shard_server::runtime: construction stage geometry="recent-8k" table="directory" seconds=6.7697e-5 stage="public_setup"
2026-09-09T20:53:38.866244Z DEBUG transparent_shard_server::runtime: runtime stage key=("95df7205357fe2d9c962d2b41daded841e05afa7b6fc8d06dfec46ad04e15335", Pages, 0) seconds=0.742596168 stage="disk_save"
2026-09-09T20:53:39.362871Z DEBUG transparent_shard_server::runtime: construction stage geometry="recent-8k" table="directory" seconds=3.455460412 stage="pack_preprocessing"
2026-09-09T20:53:39.363150Z DEBUG transparent_shard_server::runtime: construction stage geometry="recent-8k" table="directory" seconds=0.000238892 stage="publish_parameters"
2026-09-09T20:53:39.363917Z DEBUG transparent_shard_server::runtime: runtime stage key=("95df7205357fe2d9c962d2b41daded841e05afa7b6fc8d06dfec46ad04e15335", Directory, 0) seconds=4.967304468 stage="runtime_build"
2026-09-09T20:53:39.364063Z DEBUG transparent_shard_server::runtime: runtime stage key=("73d46a59d0d03d7616f9a47e53b50448d4c5a3504e6e296600d8884c8c4403b8", Pages, 0) seconds=5.101484032 stage="build_slot"
2026-09-09T20:53:39.364150Z DEBUG transparent_shard_server::runtime: runtime stage key=("b16be2933ab920bc4745ea8917e5167a7a685c211e0b4febe88b4d3018f970bc", Pages, 0) seconds=1.173e-6 stage="restore_slot"
2026-09-09T20:53:39.364193Z DEBUG transparent_shard_server::memory: cold build admission wait seconds=0.000110629 admitted=true
2026-09-09T20:53:39.364386Z DEBUG transparent_shard_server::runtime: runtime stage key=("b16be2933ab920bc4745ea8917e5167a7a685c211e0b4febe88b4d3018f970bc", Pages, 0) seconds=4.0475e-5 hit=false stage="disk_restore"
2026-09-09T20:53:39.371240Z DEBUG transparent_shard_server::runtime: construction stage geometry="recent-8k" table="directory" seconds=0.793467264 stage="hint_columns"
2026-09-09T20:53:39.500177Z DEBUG transparent_shard_server::runtime: runtime stage key=("73d46a59d0d03d7616f9a47e53b50448d4c5a3504e6e296600d8884c8c4403b8", Pages, 0) seconds=0.13583411 stage="source_load"
2026-09-09T20:53:39.788331Z DEBUG transparent_shard_server::runtime: construction stage geometry="recent-8k" table="pages" seconds=0.288115105 stage="encode_database"
2026-09-09T20:53:39.788433Z DEBUG transparent_shard_server::runtime: construction stage geometry="recent-8k" table="pages" seconds=6.808e-5 stage="public_setup"
2026-09-09T20:53:40.075025Z DEBUG transparent_shard_server::runtime: runtime stage key=("95df7205357fe2d9c962d2b41daded841e05afa7b6fc8d06dfec46ad04e15335", Directory, 0) seconds=0.710726797 stage="disk_save"
2026-09-09T20:53:40.578155Z DEBUG transparent_shard_server::runtime: construction stage geometry="recent-8k" table="pages" seconds=0.789715715 stage="hint_columns"
2026-09-09T20:53:41.718666Z DEBUG transparent_shard_server::runtime: construction stage geometry="recent-8k" table="directory" seconds=2.34739144 stage="pack_preprocessing"
2026-09-09T20:53:41.718969Z DEBUG transparent_shard_server::runtime: construction stage geometry="recent-8k" table="directory" seconds=0.000262936 stage="publish_parameters"
2026-09-09T20:53:41.719613Z DEBUG transparent_shard_server::runtime: runtime stage key=("73d46a59d0d03d7616f9a47e53b50448d4c5a3504e6e296600d8884c8c4403b8", Directory, 0) seconds=3.44124505 stage="runtime_build"
2026-09-09T20:53:41.721313Z DEBUG transparent_shard_server::runtime: runtime stage key=("b16be2933ab920bc4745ea8917e5167a7a685c211e0b4febe88b4d3018f970bc", Directory, 0) seconds=3.588114059 stage="build_slot"
2026-09-09T20:53:41.721368Z DEBUG transparent_shard_server::runtime: runtime stage key=("16b8227360ce35dd2e111156f5e31fd5eb500ff877879a212fef6cf8471de8a5", Directory, 0) seconds=1.271e-6 stage="restore_slot"
2026-09-09T20:53:41.721405Z DEBUG transparent_shard_server::memory: cold build admission wait seconds=6.8253e-5 admitted=true
2026-09-09T20:53:41.729234Z DEBUG transparent_shard_server::runtime: runtime stage key=("16b8227360ce35dd2e111156f5e31fd5eb500ff877879a212fef6cf8471de8a5", Directory, 0) seconds=4.1702e-5 hit=false stage="disk_restore"
2026-09-09T20:53:41.935765Z DEBUG transparent_shard_server::runtime: runtime stage key=("b16be2933ab920bc4745ea8917e5167a7a685c211e0b4febe88b4d3018f970bc", Directory, 0) seconds=0.209553653 stage="source_load"
2026-09-09T20:53:42.226545Z DEBUG transparent_shard_server::runtime: construction stage geometry="recent-8k" table="directory" seconds=0.290725369 stage="encode_database"
2026-09-09T20:53:42.226674Z DEBUG transparent_shard_server::runtime: construction stage geometry="recent-8k" table="directory" seconds=7.6128e-5 stage="public_setup"
2026-09-09T20:53:42.711487Z DEBUG transparent_shard_server::runtime: runtime stage key=("73d46a59d0d03d7616f9a47e53b50448d4c5a3504e6e296600d8884c8c4403b8", Directory, 0) seconds=0.991825327 stage="disk_save"
2026-09-09T20:53:43.052817Z DEBUG transparent_shard_server::runtime: construction stage geometry="recent-8k" table="directory" seconds=0.826135495 stage="hint_columns"
2026-09-09T20:53:43.055396Z DEBUG transparent_shard_server::runtime: construction stage geometry="recent-8k" table="pages" seconds=2.477191452 stage="pack_preprocessing"
2026-09-09T20:53:43.055722Z DEBUG transparent_shard_server::runtime: construction stage geometry="recent-8k" table="pages" seconds=0.000296186 stage="publish_parameters"
2026-09-09T20:53:43.056498Z DEBUG transparent_shard_server::runtime: runtime stage key=("73d46a59d0d03d7616f9a47e53b50448d4c5a3504e6e296600d8884c8c4403b8", Pages, 0) seconds=3.55628446 stage="runtime_build"
2026-09-09T20:53:43.057236Z DEBUG transparent_shard_server::runtime: runtime stage key=("b16be2933ab920bc4745ea8917e5167a7a685c211e0b4febe88b4d3018f970bc", Pages, 0) seconds=3.6928155670000002 stage="build_slot"
2026-09-09T20:53:43.057260Z DEBUG transparent_shard_server::runtime: runtime stage key=("16b8227360ce35dd2e111156f5e31fd5eb500ff877879a212fef6cf8471de8a5", Pages, 0) seconds=1.483e-6 stage="restore_slot"
2026-09-09T20:53:43.057335Z DEBUG transparent_shard_server::memory: cold build admission wait seconds=7.2319e-5 admitted=true
2026-09-09T20:53:43.059246Z DEBUG transparent_shard_server::runtime: runtime stage key=("16b8227360ce35dd2e111156f5e31fd5eb500ff877879a212fef6cf8471de8a5", Pages, 0) seconds=3.0659e-5 hit=false stage="disk_restore"
2026-09-09T20:53:43.191399Z DEBUG transparent_shard_server::runtime: runtime stage key=("b16be2933ab920bc4745ea8917e5167a7a685c211e0b4febe88b4d3018f970bc", Pages, 0) seconds=0.134012967 stage="source_load"
2026-09-09T20:53:43.481451Z DEBUG transparent_shard_server::runtime: construction stage geometry="recent-8k" table="pages" seconds=0.290021639 stage="encode_database"
2026-09-09T20:53:43.481554Z DEBUG transparent_shard_server::runtime: construction stage geometry="recent-8k" table="pages" seconds=7.3582e-5 stage="public_setup"
2026-09-09T20:53:43.949961Z DEBUG transparent_shard_server::runtime: runtime stage key=("73d46a59d0d03d7616f9a47e53b50448d4c5a3504e6e296600d8884c8c4403b8", Pages, 0) seconds=0.893379387 stage="disk_save"
2026-09-09T20:53:44.261248Z DEBUG transparent_shard_server::runtime: construction stage geometry="recent-8k" table="pages" seconds=0.779686984 stage="hint_columns"
2026-09-09T20:53:45.422775Z DEBUG transparent_shard_server::runtime: construction stage geometry="recent-8k" table="directory" seconds=2.369913877 stage="pack_preprocessing"
2026-09-09T20:53:45.423073Z DEBUG transparent_shard_server::runtime: construction stage geometry="recent-8k" table="directory" seconds=0.000257872 stage="publish_parameters"
2026-09-09T20:53:45.423741Z DEBUG transparent_shard_server::runtime: runtime stage key=("b16be2933ab920bc4745ea8917e5167a7a685c211e0b4febe88b4d3018f970bc", Directory, 0) seconds=3.487946224 stage="runtime_build"
2026-09-09T20:53:45.423784Z DEBUG transparent_shard_server::runtime: runtime stage key=("16b8227360ce35dd2e111156f5e31fd5eb500ff877879a212fef6cf8471de8a5", Directory, 0) seconds=3.6945075000000003 stage="build_slot"
2026-09-09T20:53:45.423865Z DEBUG transparent_shard_server::memory: cold build admission wait seconds=7.7751e-5 admitted=true
2026-09-09T20:53:45.427211Z DEBUG transparent_shard_server::runtime: runtime stage key=("1cd27964911287b2a127c1f8df5e6b0c19f5b4db309391c5adb2db3072bfec6e", Directory, 0) seconds=1.154e-6 stage="restore_slot"
2026-09-09T20:53:45.427381Z DEBUG transparent_shard_server::runtime: runtime stage key=("1cd27964911287b2a127c1f8df5e6b0c19f5b4db309391c5adb2db3072bfec6e", Directory, 0) seconds=4.2669e-5 hit=false stage="disk_restore"
2026-09-09T20:53:45.631405Z DEBUG transparent_shard_server::runtime: runtime stage key=("16b8227360ce35dd2e111156f5e31fd5eb500ff877879a212fef6cf8471de8a5", Directory, 0) seconds=0.207514022 stage="source_load"
2026-09-09T20:53:45.926582Z DEBUG transparent_shard_server::runtime: construction stage geometry="recent-8k" table="directory" seconds=0.295137775 stage="encode_database"
2026-09-09T20:53:45.926684Z DEBUG transparent_shard_server::runtime: construction stage geometry="recent-8k" table="directory" seconds=7.2529e-5 stage="public_setup"
2026-09-09T20:53:46.164086Z DEBUG transparent_shard_server::runtime: runtime stage key=("b16be2933ab920bc4745ea8917e5167a7a685c211e0b4febe88b4d3018f970bc", Directory, 0) seconds=0.740187043 stage="disk_save"
2026-09-09T20:53:46.712552Z DEBUG transparent_shard_server::runtime: construction stage geometry="recent-8k" table="pages" seconds=2.451259473 stage="pack_preprocessing"
2026-09-09T20:53:46.712870Z DEBUG transparent_shard_server::runtime: construction stage geometry="recent-8k" table="pages" seconds=0.000276011 stage="publish_parameters"
2026-09-09T20:53:46.713674Z DEBUG transparent_shard_server::runtime: runtime stage key=("b16be2933ab920bc4745ea8917e5167a7a685c211e0b4febe88b4d3018f970bc", Pages, 0) seconds=3.522247335 stage="runtime_build"
2026-09-09T20:53:46.713739Z DEBUG transparent_shard_server::runtime: runtime stage key=("16b8227360ce35dd2e111156f5e31fd5eb500ff877879a212fef6cf8471de8a5", Pages, 0) seconds=3.654456518 stage="build_slot"
2026-09-09T20:53:46.713769Z DEBUG transparent_shard_server::runtime: runtime stage key=("1cd27964911287b2a127c1f8df5e6b0c19f5b4db309391c5adb2db3072bfec6e", Pages, 0) seconds=1.283e-6 stage="restore_slot"
2026-09-09T20:53:46.713852Z DEBUG transparent_shard_server::memory: cold build admission wait seconds=8.8688e-5 admitted=true
2026-09-09T20:53:46.717592Z DEBUG transparent_shard_server::runtime: runtime stage key=("1cd27964911287b2a127c1f8df5e6b0c19f5b4db309391c5adb2db3072bfec6e", Pages, 0) seconds=3.2477e-5 hit=false stage="disk_restore"
2026-09-09T20:53:46.790175Z DEBUG transparent_shard_server::runtime: construction stage geometry="recent-8k" table="directory" seconds=0.863484041 stage="hint_columns"
2026-09-09T20:53:46.905490Z DEBUG transparent_shard_server::runtime: runtime stage key=("16b8227360ce35dd2e111156f5e31fd5eb500ff877879a212fef6cf8471de8a5", Pages, 0) seconds=0.188315411 stage="source_load"
2026-09-09T20:53:47.195215Z DEBUG transparent_shard_server::runtime: construction stage geometry="recent-8k" table="pages" seconds=0.289690491 stage="encode_database"
2026-09-09T20:53:47.195324Z DEBUG transparent_shard_server::runtime: construction stage geometry="recent-8k" table="pages" seconds=7.044e-5 stage="public_setup"
2026-09-09T20:53:47.692340Z DEBUG transparent_shard_server::runtime: runtime stage key=("b16be2933ab920bc4745ea8917e5167a7a685c211e0b4febe88b4d3018f970bc", Pages, 0) seconds=0.978479311 stage="disk_save"
2026-09-09T20:53:47.994220Z DEBUG transparent_shard_server::runtime: construction stage geometry="recent-8k" table="pages" seconds=0.798889821 stage="hint_columns"
2026-09-09T20:53:49.140456Z DEBUG transparent_shard_server::runtime: construction stage geometry="recent-8k" table="directory" seconds=2.350240641 stage="pack_preprocessing"
2026-09-09T20:53:49.140778Z DEBUG transparent_shard_server::runtime: construction stage geometry="recent-8k" table="directory" seconds=0.000276992 stage="publish_parameters"
2026-09-09T20:53:49.141434Z DEBUG transparent_shard_server::runtime: runtime stage key=("16b8227360ce35dd2e111156f5e31fd5eb500ff877879a212fef6cf8471de8a5", Directory, 0) seconds=3.509991497 stage="runtime_build"
2026-09-09T20:53:49.141493Z DEBUG transparent_shard_server::runtime: runtime stage key=("1cd27964911287b2a127c1f8df5e6b0c19f5b4db309391c5adb2db3072bfec6e", Directory, 0) seconds=3.713089247 stage="build_slot"
2026-09-09T20:53:49.141527Z DEBUG transparent_shard_server::runtime: runtime stage key=("27f56c565263ecffb8c7736d4e811665d81bf4ed71c7978431fcc4f45b645ee1", Directory, 0) seconds=1.689e-6 stage="restore_slot"
2026-09-09T20:53:49.141583Z DEBUG transparent_shard_server::memory: cold build admission wait seconds=8.4896e-5 admitted=true
2026-09-09T20:53:49.141642Z DEBUG transparent_shard_server::runtime: runtime stage key=("27f56c565263ecffb8c7736d4e811665d81bf4ed71c7978431fcc4f45b645ee1", Directory, 0) seconds=1.7377e-5 hit=false stage="disk_restore"
2026-09-09T20:53:49.345595Z DEBUG transparent_shard_server::runtime: runtime stage key=("1cd27964911287b2a127c1f8df5e6b0c19f5b4db309391c5adb2db3072bfec6e", Directory, 0) seconds=0.203963752 stage="source_load"
2026-09-09T20:53:49.647524Z DEBUG transparent_shard_server::runtime: construction stage geometry="recent-8k" table="directory" seconds=0.30189778 stage="encode_database"
2026-09-09T20:53:49.647631Z DEBUG transparent_shard_server::runtime: construction stage geometry="recent-8k" table="directory" seconds=7.5523e-5 stage="public_setup"
2026-09-09T20:53:49.887019Z DEBUG transparent_shard_server::runtime: runtime stage key=("16b8227360ce35dd2e111156f5e31fd5eb500ff877879a212fef6cf8471de8a5", Directory, 0) seconds=0.745513596 stage="disk_save"
2026-09-09T20:53:50.480063Z DEBUG transparent_shard_server::runtime: construction stage geometry="recent-8k" table="pages" seconds=2.485793516 stage="pack_preprocessing"
2026-09-09T20:53:50.480406Z DEBUG transparent_shard_server::runtime: construction stage geometry="recent-8k" table="pages" seconds=0.000291728 stage="publish_parameters"
2026-09-09T20:53:50.481232Z DEBUG transparent_shard_server::runtime: runtime stage key=("16b8227360ce35dd2e111156f5e31fd5eb500ff877879a212fef6cf8471de8a5", Pages, 0) seconds=3.575709738 stage="runtime_build"
2026-09-09T20:53:50.481313Z DEBUG transparent_shard_server::runtime: runtime stage key=("27f56c565263ecffb8c7736d4e811665d81bf4ed71c7978431fcc4f45b645ee1", Pages, 0) seconds=2.038e-6 stage="restore_slot"
2026-09-09T20:53:50.481422Z DEBUG transparent_shard_server::runtime: runtime stage key=("1cd27964911287b2a127c1f8df5e6b0c19f5b4db309391c5adb2db3072bfec6e", Pages, 0) seconds=3.763801178 stage="build_slot"
2026-09-09T20:53:50.481456Z DEBUG transparent_shard_server::memory: cold build admission wait seconds=2.8412e-5 admitted=true
2026-09-09T20:53:50.481473Z DEBUG transparent_shard_server::runtime: runtime stage key=("27f56c565263ecffb8c7736d4e811665d81bf4ed71c7978431fcc4f45b645ee1", Pages, 0) seconds=5.1591e-5 hit=false stage="disk_restore"
2026-09-09T20:53:50.518945Z DEBUG transparent_shard_server::runtime: construction stage geometry="recent-8k" table="directory" seconds=0.871308359 stage="hint_columns"
2026-09-09T20:53:50.628445Z DEBUG transparent_shard_server::runtime: runtime stage key=("1cd27964911287b2a127c1f8df5e6b0c19f5b4db309391c5adb2db3072bfec6e", Pages, 0) seconds=0.146949702 stage="source_load"
2026-09-09T20:53:50.917986Z DEBUG transparent_shard_server::runtime: construction stage geometry="recent-8k" table="pages" seconds=0.289509054 stage="encode_database"
2026-09-09T20:53:50.918098Z DEBUG transparent_shard_server::runtime: construction stage geometry="recent-8k" table="pages" seconds=7.234e-5 stage="public_setup"
2026-09-09T20:53:51.223213Z DEBUG transparent_shard_server::runtime: runtime stage key=("16b8227360ce35dd2e111156f5e31fd5eb500ff877879a212fef6cf8471de8a5", Pages, 0) seconds=0.74191905 stage="disk_save"
2026-09-09T20:53:51.708201Z DEBUG transparent_shard_server::runtime: construction stage geometry="recent-8k" table="pages" seconds=0.790096873 stage="hint_columns"
2026-09-09T20:53:52.864543Z DEBUG transparent_shard_server::runtime: construction stage geometry="recent-8k" table="directory" seconds=2.345559668 stage="pack_preprocessing"
2026-09-09T20:53:52.864872Z DEBUG transparent_shard_server::runtime: construction stage geometry="recent-8k" table="directory" seconds=0.000287054 stage="publish_parameters"
2026-09-09T20:53:52.865509Z DEBUG transparent_shard_server::runtime: runtime stage key=("1cd27964911287b2a127c1f8df5e6b0c19f5b4db309391c5adb2db3072bfec6e", Directory, 0) seconds=3.519885365 stage="runtime_build"
2026-09-09T20:53:52.865596Z DEBUG transparent_shard_server::runtime: runtime stage key=("ced665ae1f1140944bcd0c9aa2b83c1019df768df87fa513f9509106fc5b88c1", Directory, 0) seconds=2.063e-6 stage="restore_slot"
2026-09-09T20:53:52.865712Z DEBUG transparent_shard_server::runtime: runtime stage key=("27f56c565263ecffb8c7736d4e811665d81bf4ed71c7978431fcc4f45b645ee1", Directory, 0) seconds=3.724026935 stage="build_slot"
2026-09-09T20:53:52.865745Z DEBUG transparent_shard_server::memory: cold build admission wait seconds=2.4923e-5 admitted=true
2026-09-09T20:53:52.865747Z DEBUG transparent_shard_server::runtime: runtime stage key=("ced665ae1f1140944bcd0c9aa2b83c1019df768df87fa513f9509106fc5b88c1", Directory, 0) seconds=3.2252e-5 hit=false stage="disk_restore"
2026-09-09T20:53:53.051683Z DEBUG transparent_shard_server::runtime: runtime stage key=("27f56c565263ecffb8c7736d4e811665d81bf4ed71c7978431fcc4f45b645ee1", Directory, 0) seconds=0.185919588 stage="source_load"
2026-09-09T20:53:53.343807Z DEBUG transparent_shard_server::runtime: construction stage geometry="recent-8k" table="directory" seconds=0.292092153 stage="encode_database"
2026-09-09T20:53:53.343913Z DEBUG transparent_shard_server::runtime: construction stage geometry="recent-8k" table="directory" seconds=7.2987e-5 stage="public_setup"
2026-09-09T20:53:53.648533Z DEBUG transparent_shard_server::runtime: runtime stage key=("1cd27964911287b2a127c1f8df5e6b0c19f5b4db309391c5adb2db3072bfec6e", Directory, 0) seconds=0.782959664 stage="disk_save"
2026-09-09T20:53:54.188417Z DEBUG transparent_shard_server::runtime: construction stage geometry="recent-8k" table="pages" seconds=2.480172038 stage="pack_preprocessing"
2026-09-09T20:53:54.188751Z DEBUG transparent_shard_server::runtime: construction stage geometry="recent-8k" table="pages" seconds=0.000293882 stage="publish_parameters"
2026-09-09T20:53:54.189451Z DEBUG transparent_shard_server::runtime: runtime stage key=("1cd27964911287b2a127c1f8df5e6b0c19f5b4db309391c5adb2db3072bfec6e", Pages, 0) seconds=3.560976729 stage="runtime_build"
2026-09-09T20:53:54.189514Z DEBUG transparent_shard_server::runtime: runtime stage key=("27f56c565263ecffb8c7736d4e811665d81bf4ed71c7978431fcc4f45b645ee1", Pages, 0) seconds=3.708009734 stage="build_slot"
2026-09-09T20:53:54.189542Z DEBUG transparent_shard_server::runtime: runtime stage key=("ced665ae1f1140944bcd0c9aa2b83c1019df768df87fa513f9509106fc5b88c1", Pages, 0) seconds=1.462e-6 stage="restore_slot"
2026-09-09T20:53:54.189623Z DEBUG transparent_shard_server::memory: cold build admission wait seconds=8.5938e-5 admitted=true
2026-09-09T20:53:54.189676Z DEBUG transparent_shard_server::runtime: runtime stage key=("ced665ae1f1140944bcd0c9aa2b83c1019df768df87fa513f9509106fc5b88c1", Pages, 0) seconds=3.0844e-5 hit=false stage="disk_restore"
2026-09-09T20:53:54.211218Z DEBUG transparent_shard_server::runtime: construction stage geometry="recent-8k" table="directory" seconds=0.86729765 stage="hint_columns"
2026-09-09T20:53:54.329584Z DEBUG transparent_shard_server::runtime: runtime stage key=("27f56c565263ecffb8c7736d4e811665d81bf4ed71c7978431fcc4f45b645ee1", Pages, 0) seconds=0.139891302 stage="source_load"
2026-09-09T20:53:54.629136Z DEBUG transparent_shard_server::runtime: construction stage geometry="recent-8k" table="pages" seconds=0.299519896 stage="encode_database"
2026-09-09T20:53:54.629249Z DEBUG transparent_shard_server::runtime: construction stage geometry="recent-8k" table="pages" seconds=7.4828e-5 stage="public_setup"
2026-09-09T20:53:54.931298Z DEBUG transparent_shard_server::runtime: runtime stage key=("1cd27964911287b2a127c1f8df5e6b0c19f5b4db309391c5adb2db3072bfec6e", Pages, 0) seconds=0.741789177 stage="disk_save"
2026-09-09T20:53:55.422178Z DEBUG transparent_shard_server::runtime: construction stage geometry="recent-8k" table="pages" seconds=0.792919098 stage="hint_columns"
2026-09-09T20:53:56.562778Z DEBUG transparent_shard_server::runtime: construction stage geometry="recent-8k" table="directory" seconds=2.351535149 stage="pack_preprocessing"
2026-09-09T20:53:56.563084Z DEBUG transparent_shard_server::runtime: construction stage geometry="recent-8k" table="directory" seconds=0.000259433 stage="publish_parameters"
2026-09-09T20:53:56.566780Z DEBUG transparent_shard_server::runtime: runtime stage key=("27f56c565263ecffb8c7736d4e811665d81bf4ed71c7978431fcc4f45b645ee1", Directory, 0) seconds=3.515066959 stage="runtime_build"
2026-09-09T20:53:56.569197Z DEBUG transparent_shard_server::runtime: runtime stage key=("ced665ae1f1140944bcd0c9aa2b83c1019df768df87fa513f9509106fc5b88c1", Directory, 0) seconds=3.6999877310000002 stage="build_slot"
2026-09-09T20:53:56.569320Z DEBUG transparent_shard_server::memory: cold build admission wait seconds=8.8816e-5 admitted=true
2026-09-09T20:53:56.569353Z DEBUG transparent_shard_server::runtime: runtime stage key=("2d4497bf9e8bafc6139ee4e57114238a7ecfa0782702939922bf2a79b1fe05bf", Directory, 0) seconds=6.23e-7 stage="restore_slot"
2026-09-09T20:53:56.569465Z DEBUG transparent_shard_server::runtime: runtime stage key=("2d4497bf9e8bafc6139ee4e57114238a7ecfa0782702939922bf2a79b1fe05bf", Directory, 0) seconds=3.5911e-5 hit=false stage="disk_restore"
2026-09-09T20:53:56.759007Z DEBUG transparent_shard_server::runtime: runtime stage key=("ced665ae1f1140944bcd0c9aa2b83c1019df768df87fa513f9509106fc5b88c1", Directory, 0) seconds=0.189653093 stage="source_load"
2026-09-09T20:53:57.051338Z DEBUG transparent_shard_server::runtime: construction stage geometry="recent-8k" table="directory" seconds=0.292288593 stage="encode_database"
2026-09-09T20:53:57.051445Z DEBUG transparent_shard_server::runtime: construction stage geometry="recent-8k" table="directory" seconds=7.6331e-5 stage="public_setup"
2026-09-09T20:53:57.347196Z DEBUG transparent_shard_server::runtime: runtime stage key=("27f56c565263ecffb8c7736d4e811665d81bf4ed71c7978431fcc4f45b645ee1", Directory, 0) seconds=0.780339513 stage="disk_save"
2026-09-09T20:53:57.733609Z DEBUG transparent_shard_server::runtime: construction stage geometry="recent-8k" table="pages" seconds=2.311382825 stage="pack_preprocessing"
2026-09-09T20:53:57.733912Z DEBUG transparent_shard_server::runtime: construction stage geometry="recent-8k" table="pages" seconds=0.000265071 stage="publish_parameters"
2026-09-09T20:53:57.735684Z DEBUG transparent_shard_server::runtime: runtime stage key=("27f56c565263ecffb8c7736d4e811665d81bf4ed71c7978431fcc4f45b645ee1", Pages, 0) seconds=3.406068066 stage="runtime_build"
2026-09-09T20:53:57.735748Z DEBUG transparent_shard_server::runtime: runtime stage key=("ced665ae1f1140944bcd0c9aa2b83c1019df768df87fa513f9509106fc5b88c1", Pages, 0) seconds=3.546043146 stage="build_slot"
2026-09-09T20:53:57.735836Z DEBUG transparent_shard_server::memory: cold build admission wait seconds=8.2163e-5 admitted=true
2026-09-09T20:53:57.735880Z DEBUG transparent_shard_server::runtime: runtime stage key=("2d4497bf9e8bafc6139ee4e57114238a7ecfa0782702939922bf2a79b1fe05bf", Pages, 0) seconds=6.68e-7 stage="restore_slot"
2026-09-09T20:53:57.735949Z DEBUG transparent_shard_server::runtime: runtime stage key=("2d4497bf9e8bafc6139ee4e57114238a7ecfa0782702939922bf2a79b1fe05bf", Pages, 0) seconds=3.1991e-5 hit=false stage="disk_restore"
2026-09-09T20:53:57.991191Z DEBUG transparent_shard_server::runtime: construction stage geometry="recent-8k" table="directory" seconds=0.939739174 stage="hint_columns"
2026-09-09T20:53:57.996949Z DEBUG transparent_shard_server::runtime: runtime stage key=("ced665ae1f1140944bcd0c9aa2b83c1019df768df87fa513f9509106fc5b88c1", Pages, 0) seconds=0.261088338 stage="source_load"
2026-09-09T20:53:58.303530Z DEBUG transparent_shard_server::runtime: construction stage geometry="recent-8k" table="pages" seconds=0.306552762 stage="encode_database"
2026-09-09T20:53:58.303633Z DEBUG transparent_shard_server::runtime: construction stage geometry="recent-8k" table="pages" seconds=7.228e-5 stage="public_setup"
2026-09-09T20:53:58.594216Z DEBUG transparent_shard_server::runtime: runtime stage key=("27f56c565263ecffb8c7736d4e811665d81bf4ed71c7978431fcc4f45b645ee1", Pages, 0) seconds=0.858333481 stage="disk_save"
2026-09-09T20:53:59.124585Z DEBUG transparent_shard_server::runtime: construction stage geometry="recent-8k" table="pages" seconds=0.820945517 stage="hint_columns"
2026-09-09T20:54:00.270532Z DEBUG transparent_shard_server::runtime: construction stage geometry="recent-8k" table="directory" seconds=2.279309891 stage="pack_preprocessing"
2026-09-09T20:54:00.270839Z DEBUG transparent_shard_server::runtime: construction stage geometry="recent-8k" table="directory" seconds=0.000262832 stage="publish_parameters"
2026-09-09T20:54:00.271590Z DEBUG transparent_shard_server::runtime: runtime stage key=("ced665ae1f1140944bcd0c9aa2b83c1019df768df87fa513f9509106fc5b88c1", Directory, 0) seconds=3.512541727 stage="runtime_build"
2026-09-09T20:54:00.271642Z DEBUG transparent_shard_server::runtime: runtime stage key=("2d4497bf9e8bafc6139ee4e57114238a7ecfa0782702939922bf2a79b1fe05bf", Directory, 0) seconds=3.702142156 stage="build_slot"
2026-09-09T20:54:00.271743Z DEBUG transparent_shard_server::memory: cold build admission wait seconds=7.9557e-5 admitted=true
2026-09-09T20:54:00.271772Z DEBUG transparent_shard_server::runtime: runtime stage key=("a4bd72b37c0aafb265c77bb09cbc402cf69b65a87a1fabc8a0f12614b35469be", Directory, 0) seconds=5.5e-7 stage="restore_slot"
2026-09-09T20:54:00.278288Z DEBUG transparent_shard_server::runtime: runtime stage key=("a4bd72b37c0aafb265c77bb09cbc402cf69b65a87a1fabc8a0f12614b35469be", Directory, 0) seconds=7.2218e-5 hit=false stage="disk_restore"
2026-09-09T20:54:00.472054Z DEBUG transparent_shard_server::runtime: runtime stage key=("2d4497bf9e8bafc6139ee4e57114238a7ecfa0782702939922bf2a79b1fe05bf", Directory, 0) seconds=0.193711041 stage="source_load"
2026-09-09T20:54:00.766228Z DEBUG transparent_shard_server::runtime: construction stage geometry="recent-8k" table="directory" seconds=0.294140608 stage="encode_database"
2026-09-09T20:54:00.766337Z DEBUG transparent_shard_server::runtime: construction stage geometry="recent-8k" table="directory" seconds=7.2502e-5 stage="public_setup"
2026-09-09T20:54:01.043466Z DEBUG transparent_shard_server::runtime: runtime stage key=("ced665ae1f1140944bcd0c9aa2b83c1019df768df87fa513f9509106fc5b88c1", Directory, 0) seconds=0.771656571 stage="disk_save"
2026-09-09T20:54:01.445482Z DEBUG transparent_shard_server::runtime: construction stage geometry="recent-8k" table="pages" seconds=2.32085531 stage="pack_preprocessing"
2026-09-09T20:54:01.445792Z DEBUG transparent_shard_server::runtime: construction stage geometry="recent-8k" table="pages" seconds=0.000267909 stage="publish_parameters"
2026-09-09T20:54:01.449735Z DEBUG transparent_shard_server::runtime: runtime stage key=("ced665ae1f1140944bcd0c9aa2b83c1019df768df87fa513f9509106fc5b88c1", Pages, 0) seconds=3.452758997 stage="runtime_build"
2026-09-09T20:54:01.449807Z DEBUG transparent_shard_server::runtime: runtime stage key=("2d4497bf9e8bafc6139ee4e57114238a7ecfa0782702939922bf2a79b1fe05bf", Pages, 0) seconds=3.71384561 stage="build_slot"
2026-09-09T20:54:01.449908Z DEBUG transparent_shard_server::memory: cold build admission wait seconds=8.0507e-5 admitted=true
2026-09-09T20:54:01.449935Z DEBUG transparent_shard_server::runtime: runtime stage key=("a4bd72b37c0aafb265c77bb09cbc402cf69b65a87a1fabc8a0f12614b35469be", Pages, 0) seconds=6.01e-7 stage="restore_slot"
2026-09-09T20:54:01.450001Z DEBUG transparent_shard_server::runtime: runtime stage key=("a4bd72b37c0aafb265c77bb09cbc402cf69b65a87a1fabc8a0f12614b35469be", Pages, 0) seconds=2.3926e-5 hit=false stage="disk_restore"
2026-09-09T20:54:01.693251Z DEBUG transparent_shard_server::runtime: construction stage geometry="recent-8k" table="directory" seconds=0.926906499 stage="hint_columns"
2026-09-09T20:54:01.716037Z DEBUG transparent_shard_server::runtime: runtime stage key=("2d4497bf9e8bafc6139ee4e57114238a7ecfa0782702939922bf2a79b1fe05bf", Pages, 0) seconds=0.266101026 stage="source_load"
2026-09-09T20:54:02.019286Z DEBUG transparent_shard_server::runtime: construction stage geometry="recent-8k" table="pages" seconds=0.303212117 stage="encode_database"
2026-09-09T20:54:02.019390Z DEBUG transparent_shard_server::runtime: construction stage geometry="recent-8k" table="pages" seconds=7.1007e-5 stage="public_setup"
2026-09-09T20:54:02.307728Z DEBUG transparent_shard_server::runtime: runtime stage key=("ced665ae1f1140944bcd0c9aa2b83c1019df768df87fa513f9509106fc5b88c1", Pages, 0) seconds=0.857921691 stage="disk_save"
2026-09-09T20:54:02.846490Z DEBUG transparent_shard_server::runtime: construction stage geometry="recent-8k" table="pages" seconds=0.827092846 stage="hint_columns"
2026-09-09T20:54:03.977312Z DEBUG transparent_shard_server::runtime: construction stage geometry="recent-8k" table="directory" seconds=2.284024658 stage="pack_preprocessing"
2026-09-09T20:54:03.977624Z DEBUG transparent_shard_server::runtime: construction stage geometry="recent-8k" table="directory" seconds=0.000267793 stage="publish_parameters"
2026-09-09T20:54:03.981341Z DEBUG transparent_shard_server::runtime: runtime stage key=("2d4497bf9e8bafc6139ee4e57114238a7ecfa0782702939922bf2a79b1fe05bf", Directory, 0) seconds=3.5092539179999998 stage="runtime_build"
2026-09-09T20:54:03.981413Z DEBUG transparent_shard_server::runtime: runtime stage key=("a4bd72b37c0aafb265c77bb09cbc402cf69b65a87a1fabc8a0f12614b35469be", Directory, 0) seconds=3.703063671 stage="build_slot"
2026-09-09T20:54:03.981516Z DEBUG transparent_shard_server::memory: cold build admission wait seconds=8.1669e-5 admitted=true
2026-09-09T20:54:03.985206Z DEBUG transparent_shard_server::runtime: runtime stage key=("c907a0aa45b2551520863990845279fd25135889865e088c2dad6ea0d32b8fde", Directory, 0) seconds=2.055e-6 stage="restore_slot"
2026-09-09T20:54:03.985364Z DEBUG transparent_shard_server::runtime: runtime stage key=("c907a0aa45b2551520863990845279fd25135889865e088c2dad6ea0d32b8fde", Directory, 0) seconds=4.6328e-5 hit=false stage="disk_restore"
2026-09-09T20:54:04.132713Z DEBUG transparent_shard_server::runtime: runtime stage key=("a4bd72b37c0aafb265c77bb09cbc402cf69b65a87a1fabc8a0f12614b35469be", Directory, 0) seconds=0.146672782 stage="source_load"
2026-09-09T20:54:04.433467Z DEBUG transparent_shard_server::runtime: construction stage geometry="recent-8k" table="directory" seconds=0.300724503 stage="encode_database"
2026-09-09T20:54:04.433572Z DEBUG transparent_shard_server::runtime: construction stage geometry="recent-8k" table="directory" seconds=7.4622e-5 stage="public_setup"
2026-09-09T20:54:04.721506Z DEBUG transparent_shard_server::runtime: runtime stage key=("2d4497bf9e8bafc6139ee4e57114238a7ecfa0782702939922bf2a79b1fe05bf", Directory, 0) seconds=0.739962309 stage="disk_save"
2026-09-09T20:54:05.167528Z DEBUG transparent_shard_server::runtime: construction stage geometry="recent-8k" table="pages" seconds=2.320991872 stage="pack_preprocessing"
2026-09-09T20:54:05.167832Z DEBUG transparent_shard_server::runtime: construction stage geometry="recent-8k" table="pages" seconds=0.000263021 stage="publish_parameters"
2026-09-09T20:54:05.171536Z DEBUG transparent_shard_server::runtime: runtime stage key=("2d4497bf9e8bafc6139ee4e57114238a7ecfa0782702939922bf2a79b1fe05bf", Pages, 0) seconds=3.455462509 stage="runtime_build"
2026-09-09T20:54:05.171602Z DEBUG transparent_shard_server::runtime: runtime stage key=("a4bd72b37c0aafb265c77bb09cbc402cf69b65a87a1fabc8a0f12614b35469be", Pages, 0) seconds=3.721583677 stage="build_slot"
2026-09-09T20:54:05.171635Z DEBUG transparent_shard_server::runtime: runtime stage key=("c907a0aa45b2551520863990845279fd25135889865e088c2dad6ea0d32b8fde", Pages, 0) seconds=1.452e-6 stage="restore_slot"
2026-09-09T20:54:05.171705Z DEBUG transparent_shard_server::memory: cold build admission wait seconds=7.3506e-5 admitted=true
2026-09-09T20:54:05.171780Z DEBUG transparent_shard_server::runtime: runtime stage key=("c907a0aa45b2551520863990845279fd25135889865e088c2dad6ea0d32b8fde", Pages, 0) seconds=5.5334e-5 hit=false stage="disk_restore"
2026-09-09T20:54:05.380262Z DEBUG transparent_shard_server::runtime: construction stage geometry="recent-8k" table="directory" seconds=0.946682691 stage="hint_columns"
2026-09-09T20:54:05.403603Z DEBUG transparent_shard_server::runtime: runtime stage key=("a4bd72b37c0aafb265c77bb09cbc402cf69b65a87a1fabc8a0f12614b35469be", Pages, 0) seconds=0.231808826 stage="source_load"
2026-09-09T20:54:05.706771Z DEBUG transparent_shard_server::runtime: construction stage geometry="recent-8k" table="pages" seconds=0.303140086 stage="encode_database"
2026-09-09T20:54:05.706883Z DEBUG transparent_shard_server::runtime: construction stage geometry="recent-8k" table="pages" seconds=7.3996e-5 stage="public_setup"
2026-09-09T20:54:06.007402Z DEBUG transparent_shard_server::runtime: runtime stage key=("2d4497bf9e8bafc6139ee4e57114238a7ecfa0782702939922bf2a79b1fe05bf", Pages, 0) seconds=0.835807484 stage="disk_save"
2026-09-09T20:54:06.545647Z DEBUG transparent_shard_server::runtime: construction stage geometry="recent-8k" table="pages" seconds=0.838757579 stage="hint_columns"
2026-09-09T20:54:07.708206Z DEBUG transparent_shard_server::runtime: construction stage geometry="recent-8k" table="directory" seconds=2.327907095 stage="pack_preprocessing"
2026-09-09T20:54:07.708517Z DEBUG transparent_shard_server::runtime: construction stage geometry="recent-8k" table="directory" seconds=0.000271059 stage="publish_parameters"
2026-09-09T20:54:07.709249Z DEBUG transparent_shard_server::runtime: runtime stage key=("a4bd72b37c0aafb265c77bb09cbc402cf69b65a87a1fabc8a0f12614b35469be", Directory, 0) seconds=3.576507295 stage="runtime_build"
2026-09-09T20:54:07.709314Z DEBUG transparent_shard_server::runtime: runtime stage key=("c907a0aa45b2551520863990845279fd25135889865e088c2dad6ea0d32b8fde", Directory, 0) seconds=3.723294901 stage="build_slot"
2026-09-09T20:54:07.709353Z DEBUG transparent_shard_server::runtime: runtime stage key=("67574e8d4c7f7c258f8c7488f73e80a9476f8074c3db3540325133ff25020c2b", Directory, 0) seconds=1.187e-6 stage="restore_slot"
2026-09-09T20:54:07.709417Z DEBUG transparent_shard_server::memory: cold build admission wait seconds=8.0142e-5 admitted=true
2026-09-09T20:54:07.709456Z DEBUG transparent_shard_server::runtime: runtime stage key=("67574e8d4c7f7c258f8c7488f73e80a9476f8074c3db3540325133ff25020c2b", Directory, 0) seconds=1.9461e-5 hit=false stage="disk_restore"
2026-09-09T20:54:07.901814Z DEBUG transparent_shard_server::runtime: runtime stage key=("c907a0aa45b2551520863990845279fd25135889865e088c2dad6ea0d32b8fde", Directory, 0) seconds=0.192368335 stage="source_load"
2026-09-09T20:54:08.205147Z DEBUG transparent_shard_server::runtime: construction stage geometry="recent-8k" table="directory" seconds=0.303296419 stage="encode_database"
2026-09-09T20:54:08.205260Z DEBUG transparent_shard_server::runtime: construction stage geometry="recent-8k" table="directory" seconds=8.1671e-5 stage="public_setup"
2026-09-09T20:54:08.495198Z DEBUG transparent_shard_server::runtime: runtime stage key=("a4bd72b37c0aafb265c77bb09cbc402cf69b65a87a1fabc8a0f12614b35469be", Directory, 0) seconds=0.78587315 stage="disk_save"
2026-09-09T20:54:08.851886Z DEBUG transparent_shard_server::runtime: construction stage geometry="recent-8k" table="pages" seconds=2.306194543 stage="pack_preprocessing"
2026-09-09T20:54:08.852179Z DEBUG transparent_shard_server::runtime: construction stage geometry="recent-8k" table="pages" seconds=0.000252316 stage="publish_parameters"
2026-09-09T20:54:08.857993Z DEBUG transparent_shard_server::runtime: runtime stage key=("a4bd72b37c0aafb265c77bb09cbc402cf69b65a87a1fabc8a0f12614b35469be", Pages, 0) seconds=3.454362919 stage="runtime_build"
2026-09-09T20:54:08.861187Z DEBUG transparent_shard_server::runtime: runtime stage key=("c907a0aa45b2551520863990845279fd25135889865e088c2dad6ea0d32b8fde", Pages, 0) seconds=3.689386818 stage="build_slot"
2026-09-09T20:54:08.861212Z DEBUG transparent_shard_server::runtime: runtime stage key=("67574e8d4c7f7c258f8c7488f73e80a9476f8074c3db3540325133ff25020c2b", Pages, 0) seconds=1.594e-6 stage="restore_slot"
2026-09-09T20:54:08.861304Z DEBUG transparent_shard_server::memory: cold build admission wait seconds=7.6326e-5 admitted=true
2026-09-09T20:54:08.861367Z DEBUG transparent_shard_server::runtime: runtime stage key=("67574e8d4c7f7c258f8c7488f73e80a9476f8074c3db3540325133ff25020c2b", Pages, 0) seconds=4.6954e-5 hit=false stage="disk_restore"
2026-09-09T20:54:09.122239Z DEBUG transparent_shard_server::runtime: construction stage geometry="recent-8k" table="directory" seconds=0.916971214 stage="hint_columns"
2026-09-09T20:54:09.129814Z DEBUG transparent_shard_server::runtime: runtime stage key=("c907a0aa45b2551520863990845279fd25135889865e088c2dad6ea0d32b8fde", Pages, 0) seconds=0.262599696 stage="source_load"
2026-09-09T20:54:09.431148Z DEBUG transparent_shard_server::runtime: construction stage geometry="recent-8k" table="pages" seconds=0.301301108 stage="encode_database"
2026-09-09T20:54:09.431274Z DEBUG transparent_shard_server::runtime: construction stage geometry="recent-8k" table="pages" seconds=9.0573e-5 stage="public_setup"
2026-09-09T20:54:09.713212Z DEBUG transparent_shard_server::runtime: runtime stage key=("a4bd72b37c0aafb265c77bb09cbc402cf69b65a87a1fabc8a0f12614b35469be", Pages, 0) seconds=0.855162319 stage="disk_save"
2026-09-09T20:54:10.263646Z DEBUG transparent_shard_server::runtime: construction stage geometry="recent-8k" table="pages" seconds=0.832363537 stage="hint_columns"
2026-09-09T20:54:11.416806Z DEBUG transparent_shard_server::runtime: construction stage geometry="recent-8k" table="directory" seconds=2.294530448 stage="pack_preprocessing"
2026-09-09T20:54:11.417136Z DEBUG transparent_shard_server::runtime: construction stage geometry="recent-8k" table="directory" seconds=0.000264409 stage="publish_parameters"
2026-09-09T20:54:11.417833Z DEBUG transparent_shard_server::runtime: runtime stage key=("c907a0aa45b2551520863990845279fd25135889865e088c2dad6ea0d32b8fde", Directory, 0) seconds=3.515985607 stage="runtime_build"
2026-09-09T20:54:11.417953Z DEBUG transparent_shard_server::runtime: runtime stage key=("67574e8d4c7f7c258f8c7488f73e80a9476f8074c3db3540325133ff25020c2b", Directory, 0) seconds=3.708469951 stage="build_slot"
2026-09-09T20:54:11.418051Z DEBUG transparent_shard_server::memory: cold build admission wait seconds=8.0052e-5 admitted=true
2026-09-09T20:54:11.615547Z DEBUG transparent_shard_server::runtime: runtime stage key=("67574e8d4c7f7c258f8c7488f73e80a9476f8074c3db3540325133ff25020c2b", Directory, 0) seconds=0.197472445 stage="source_load"
2026-09-09T20:54:11.916900Z DEBUG transparent_shard_server::runtime: construction stage geometry="recent-8k" table="directory" seconds=0.301319823 stage="encode_database"
2026-09-09T20:54:11.917013Z DEBUG transparent_shard_server::runtime: construction stage geometry="recent-8k" table="directory" seconds=7.6188e-5 stage="public_setup"
2026-09-09T20:54:12.229055Z DEBUG transparent_shard_server::runtime: runtime stage key=("c907a0aa45b2551520863990845279fd25135889865e088c2dad6ea0d32b8fde", Directory, 0) seconds=0.811160518 stage="disk_save"
2026-09-09T20:54:12.771861Z DEBUG transparent_shard_server::runtime: construction stage geometry="recent-8k" table="directory" seconds=0.854841311 stage="hint_columns"
2026-09-09T20:54:12.774352Z DEBUG transparent_shard_server::runtime: construction stage geometry="recent-8k" table="pages" seconds=2.510663873 stage="pack_preprocessing"
2026-09-09T20:54:12.774661Z DEBUG transparent_shard_server::runtime: construction stage geometry="recent-8k" table="pages" seconds=0.000261014 stage="publish_parameters"
2026-09-09T20:54:12.775327Z DEBUG transparent_shard_server::runtime: runtime stage key=("c907a0aa45b2551520863990845279fd25135889865e088c2dad6ea0d32b8fde", Pages, 0) seconds=3.645481831 stage="runtime_build"
2026-09-09T20:54:12.778219Z DEBUG transparent_shard_server::runtime: runtime stage key=("67574e8d4c7f7c258f8c7488f73e80a9476f8074c3db3540325133ff25020c2b", Pages, 0) seconds=3.91682488 stage="build_slot"
2026-09-09T20:54:12.778315Z DEBUG transparent_shard_server::memory: cold build admission wait seconds=7.5893e-5 admitted=true
2026-09-09T20:54:12.912988Z DEBUG transparent_shard_server::runtime: runtime stage key=("67574e8d4c7f7c258f8c7488f73e80a9476f8074c3db3540325133ff25020c2b", Pages, 0) seconds=0.134510441 stage="source_load"
2026-09-09T20:54:13.211410Z DEBUG transparent_shard_server::runtime: construction stage geometry="recent-8k" table="pages" seconds=0.298387477 stage="encode_database"
2026-09-09T20:54:13.211518Z DEBUG transparent_shard_server::runtime: construction stage geometry="recent-8k" table="pages" seconds=7.2677e-5 stage="public_setup"
2026-09-09T20:54:13.500225Z DEBUG transparent_shard_server::runtime: runtime stage key=("c907a0aa45b2551520863990845279fd25135889865e088c2dad6ea0d32b8fde", Pages, 0) seconds=0.724853706 stage="disk_save"
2026-09-09T20:54:13.986523Z DEBUG transparent_shard_server::runtime: construction stage geometry="recent-8k" table="pages" seconds=0.774997831 stage="hint_columns"
2026-09-09T20:54:15.127432Z DEBUG transparent_shard_server::runtime: construction stage geometry="recent-8k" table="directory" seconds=2.3555259 stage="pack_preprocessing"
2026-09-09T20:54:15.127730Z DEBUG transparent_shard_server::runtime: construction stage geometry="recent-8k" table="directory" seconds=0.000258301 stage="publish_parameters"
2026-09-09T20:54:15.128407Z DEBUG transparent_shard_server::runtime: runtime stage key=("67574e8d4c7f7c258f8c7488f73e80a9476f8074c3db3540325133ff25020c2b", Directory, 0) seconds=3.51282975 stage="runtime_build"
2026-09-09T20:54:15.831797Z DEBUG transparent_shard_server::runtime: runtime stage key=("67574e8d4c7f7c258f8c7488f73e80a9476f8074c3db3540325133ff25020c2b", Directory, 0) seconds=0.703350171 stage="disk_save"
2026-09-09T20:54:16.196461Z DEBUG transparent_shard_server::runtime: construction stage geometry="recent-8k" table="pages" seconds=2.209896716 stage="pack_preprocessing"
2026-09-09T20:54:16.196784Z DEBUG transparent_shard_server::runtime: construction stage geometry="recent-8k" table="pages" seconds=0.000282541 stage="publish_parameters"
2026-09-09T20:54:16.197496Z DEBUG transparent_shard_server::runtime: runtime stage key=("67574e8d4c7f7c258f8c7488f73e80a9476f8074c3db3540325133ff25020c2b", Pages, 0) seconds=3.284475387 stage="runtime_build"
2026-09-09T20:54:16.197596Z  INFO transparent_shard_server::service: prewarm finished warm=28 target=28 failed=0 seconds=53.561083385
2026-09-09T20:54:16.915785Z DEBUG transparent_shard_server::runtime: runtime stage key=("67574e8d4c7f7c258f8c7488f73e80a9476f8074c3db3540325133ff25020c2b", Pages, 0) seconds=0.718204969 stage="disk_save"
2026-09-09T20:54:17.133702Z DEBUG transparent_shard_server::service: query stage revision=5b7ee9849d47f5ee67d04eb6ca4588beacf42dce75e5a1b481dfd02607b1fb20 table="directory" seconds=3.939e-6 stage="query_admission"
2026-09-09T20:54:17.133740Z DEBUG transparent_shard_server::service: query stage revision=5b7ee9849d47f5ee67d04eb6ca4588beacf42dce75e5a1b481dfd02607b1fb20 table="directory" seconds=5.785e-6 stage="query_runtime"
2026-09-09T20:54:17.133793Z DEBUG transparent_shard_server::service: query stage revision=5b7ee9849d47f5ee67d04eb6ca4588beacf42dce75e5a1b481dfd02607b1fb20 table="directory" seconds=5.0378e-5 admitted=true stage="query_memory_admission"
2026-09-09T20:54:17.133839Z DEBUG transparent_shard_server::service: query stage revision=5b7ee9849d47f5ee67d04eb6ca4588beacf42dce75e5a1b481dfd02607b1fb20 table="directory" seconds=4.0365e-5 stage="query_dispatch"
2026-09-09T20:54:17.137059Z DEBUG transparent_shard_server::service: query stage revision=5b7ee9849d47f5ee67d04eb6ca4588beacf42dce75e5a1b481dfd02607b1fb20 table="directory" seconds=2.38e-6 stage="query_admission"
2026-09-09T20:54:17.137083Z DEBUG transparent_shard_server::service: query stage revision=5b7ee9849d47f5ee67d04eb6ca4588beacf42dce75e5a1b481dfd02607b1fb20 table="directory" seconds=4.904e-6 stage="query_runtime"
2026-09-09T20:54:17.137138Z DEBUG transparent_shard_server::service: query stage revision=5b7ee9849d47f5ee67d04eb6ca4588beacf42dce75e5a1b481dfd02607b1fb20 table="directory" seconds=5.1866e-5 admitted=true stage="query_memory_admission"
2026-09-09T20:54:17.137176Z DEBUG transparent_shard_server::service: query stage revision=5b7ee9849d47f5ee67d04eb6ca4588beacf42dce75e5a1b481dfd02607b1fb20 table="directory" seconds=3.2231e-5 stage="query_dispatch"
2026-09-09T20:54:17.149730Z DEBUG transparent_shard_server::service: query stage revision=5b7ee9849d47f5ee67d04eb6ca4588beacf42dce75e5a1b481dfd02607b1fb20 table="directory" seconds=0.015870604 stage="query_evaluate"
2026-09-09T20:54:17.150506Z DEBUG transparent_shard_server::service: query stage revision=5b7ee9849d47f5ee67d04eb6ca4588beacf42dce75e5a1b481dfd02607b1fb20 table="directory" seconds=0.013305138 stage="query_evaluate"
2026-09-09T20:54:17.324890Z DEBUG transparent_shard_server::service: query stage revision=5b7ee9849d47f5ee67d04eb6ca4588beacf42dce75e5a1b481dfd02607b1fb20 table="pages" seconds=2.673e-6 stage="query_admission"
2026-09-09T20:54:17.324926Z DEBUG transparent_shard_server::service: query stage revision=5b7ee9849d47f5ee67d04eb6ca4588beacf42dce75e5a1b481dfd02607b1fb20 table="pages" seconds=4.838e-6 stage="query_runtime"
2026-09-09T20:54:17.325002Z DEBUG transparent_shard_server::service: query stage revision=5b7ee9849d47f5ee67d04eb6ca4588beacf42dce75e5a1b481dfd02607b1fb20 table="pages" seconds=7.3202e-5 admitted=true stage="query_memory_admission"
2026-09-09T20:54:17.325038Z DEBUG transparent_shard_server::service: query stage revision=5b7ee9849d47f5ee67d04eb6ca4588beacf42dce75e5a1b481dfd02607b1fb20 table="pages" seconds=2.066e-6 stage="query_admission"
2026-09-09T20:54:17.325052Z DEBUG transparent_shard_server::service: query stage revision=5b7ee9849d47f5ee67d04eb6ca4588beacf42dce75e5a1b481dfd02607b1fb20 table="pages" seconds=4.4806e-5 stage="query_dispatch"
2026-09-09T20:54:17.325058Z DEBUG transparent_shard_server::service: query stage revision=5b7ee9849d47f5ee67d04eb6ca4588beacf42dce75e5a1b481dfd02607b1fb20 table="pages" seconds=3.986e-6 stage="query_runtime"
2026-09-09T20:54:17.325181Z DEBUG transparent_shard_server::service: query stage revision=5b7ee9849d47f5ee67d04eb6ca4588beacf42dce75e5a1b481dfd02607b1fb20 table="pages" seconds=7.8805e-5 admitted=true stage="query_memory_admission"
2026-09-09T20:54:17.325225Z DEBUG transparent_shard_server::service: query stage revision=5b7ee9849d47f5ee67d04eb6ca4588beacf42dce75e5a1b481dfd02607b1fb20 table="pages" seconds=3.2695e-5 stage="query_dispatch"
2026-09-09T20:54:17.337617Z DEBUG transparent_shard_server::service: query stage revision=5b7ee9849d47f5ee67d04eb6ca4588beacf42dce75e5a1b481dfd02607b1fb20 table="pages" seconds=0.012376266 stage="query_evaluate"
2026-09-09T20:54:17.337631Z DEBUG transparent_shard_server::service: query stage revision=5b7ee9849d47f5ee67d04eb6ca4588beacf42dce75e5a1b481dfd02607b1fb20 table="pages" seconds=0.012543563 stage="query_evaluate"
2026-09-09T20:54:17.405436Z  INFO transparent_shard_server::runtime: retired runtime memory reclaimed rss_before=4997378048 rss_after=4423446528
2026-09-09T20:54:17.490949Z DEBUG transparent_shard_server::service: query stage revision=5b7ee9849d47f5ee67d04eb6ca4588beacf42dce75e5a1b481dfd02607b1fb20 table="directory" seconds=3.386e-6 stage="query_admission"
2026-09-09T20:54:17.491001Z DEBUG transparent_shard_server::service: query stage revision=5b7ee9849d47f5ee67d04eb6ca4588beacf42dce75e5a1b481dfd02607b1fb20 table="directory" seconds=1.7516e-5 stage="query_runtime"
2026-09-09T20:54:17.491083Z DEBUG transparent_shard_server::service: query stage revision=5b7ee9849d47f5ee67d04eb6ca4588beacf42dce75e5a1b481dfd02607b1fb20 table="directory" seconds=7.754e-5 admitted=true stage="query_memory_admission"
2026-09-09T20:54:17.491185Z DEBUG transparent_shard_server::service: query stage revision=5b7ee9849d47f5ee67d04eb6ca4588beacf42dce75e5a1b481dfd02607b1fb20 table="directory" seconds=9.5767e-5 stage="query_dispatch"
2026-09-09T20:54:17.491771Z DEBUG transparent_shard_server::service: query stage revision=5b7ee9849d47f5ee67d04eb6ca4588beacf42dce75e5a1b481dfd02607b1fb20 table="directory" seconds=1.508e-6 stage="query_admission"
2026-09-09T20:54:17.491790Z DEBUG transparent_shard_server::service: query stage revision=5b7ee9849d47f5ee67d04eb6ca4588beacf42dce75e5a1b481dfd02607b1fb20 table="directory" seconds=3.133e-6 stage="query_runtime"
2026-09-09T20:54:17.491840Z DEBUG transparent_shard_server::service: query stage revision=5b7ee9849d47f5ee67d04eb6ca4588beacf42dce75e5a1b481dfd02607b1fb20 table="directory" seconds=4.7762e-5 admitted=true stage="query_memory_admission"
2026-09-09T20:54:17.491860Z DEBUG transparent_shard_server::service: query stage revision=5b7ee9849d47f5ee67d04eb6ca4588beacf42dce75e5a1b481dfd02607b1fb20 table="directory" seconds=1.5356e-5 stage="query_dispatch"
test burst::publication_burst_under_exact_load has been running for over 60 seconds
2026-09-09T20:54:17.509369Z DEBUG transparent_shard_server::service: query stage revision=5b7ee9849d47f5ee67d04eb6ca4588beacf42dce75e5a1b481dfd02607b1fb20 table="directory" seconds=0.017494431 stage="query_evaluate"
2026-09-09T20:54:17.509405Z DEBUG transparent_shard_server::service: query stage revision=5b7ee9849d47f5ee67d04eb6ca4588beacf42dce75e5a1b481dfd02607b1fb20 table="directory" seconds=0.018194966 stage="query_evaluate"
2026-09-09T20:54:17.666741Z DEBUG transparent_shard_server::service: query stage revision=5b7ee9849d47f5ee67d04eb6ca4588beacf42dce75e5a1b481dfd02607b1fb20 table="pages" seconds=4.489e-6 stage="query_admission"
2026-09-09T20:54:17.666787Z DEBUG transparent_shard_server::service: query stage revision=5b7ee9849d47f5ee67d04eb6ca4588beacf42dce75e5a1b481dfd02607b1fb20 table="pages" seconds=8.038e-6 stage="query_runtime"
2026-09-09T20:54:17.666868Z DEBUG transparent_shard_server::service: query stage revision=5b7ee9849d47f5ee67d04eb6ca4588beacf42dce75e5a1b481dfd02607b1fb20 table="pages" seconds=7.6917e-5 admitted=true stage="query_memory_admission"
2026-09-09T20:54:17.666904Z DEBUG transparent_shard_server::service: query stage revision=5b7ee9849d47f5ee67d04eb6ca4588beacf42dce75e5a1b481dfd02607b1fb20 table="pages" seconds=2.0432e-5 stage="query_dispatch"
2026-09-09T20:54:17.667166Z DEBUG transparent_shard_server::service: query stage revision=5b7ee9849d47f5ee67d04eb6ca4588beacf42dce75e5a1b481dfd02607b1fb20 table="pages" seconds=1.296e-6 stage="query_admission"
2026-09-09T20:54:17.667214Z DEBUG transparent_shard_server::service: query stage revision=5b7ee9849d47f5ee67d04eb6ca4588beacf42dce75e5a1b481dfd02607b1fb20 table="pages" seconds=4e-6 stage="query_runtime"
2026-09-09T20:54:17.667255Z DEBUG transparent_shard_server::service: query stage revision=5b7ee9849d47f5ee67d04eb6ca4588beacf42dce75e5a1b481dfd02607b1fb20 table="pages" seconds=3.7826e-5 admitted=true stage="query_memory_admission"
2026-09-09T20:54:17.667300Z DEBUG transparent_shard_server::service: query stage revision=5b7ee9849d47f5ee67d04eb6ca4588beacf42dce75e5a1b481dfd02607b1fb20 table="pages" seconds=4.0991e-5 stage="query_dispatch"
2026-09-09T20:54:17.684112Z DEBUG transparent_shard_server::service: query stage revision=5b7ee9849d47f5ee67d04eb6ca4588beacf42dce75e5a1b481dfd02607b1fb20 table="pages" seconds=0.01679324 stage="query_evaluate"
2026-09-09T20:54:17.685743Z DEBUG transparent_shard_server::service: query stage revision=5b7ee9849d47f5ee67d04eb6ca4588beacf42dce75e5a1b481dfd02607b1fb20 table="pages" seconds=0.01882132 stage="query_evaluate"
2026-09-09T20:54:17.838594Z DEBUG transparent_shard_server::service: query stage revision=5b7ee9849d47f5ee67d04eb6ca4588beacf42dce75e5a1b481dfd02607b1fb20 table="directory" seconds=2.896e-6 stage="query_admission"
2026-09-09T20:54:17.838636Z DEBUG transparent_shard_server::service: query stage revision=5b7ee9849d47f5ee67d04eb6ca4588beacf42dce75e5a1b481dfd02607b1fb20 table="directory" seconds=5.802e-6 stage="query_runtime"
2026-09-09T20:54:17.838727Z DEBUG transparent_shard_server::service: query stage revision=5b7ee9849d47f5ee67d04eb6ca4588beacf42dce75e5a1b481dfd02607b1fb20 table="directory" seconds=8.4996e-5 admitted=true stage="query_memory_admission"
2026-09-09T20:54:17.838773Z DEBUG transparent_shard_server::service: query stage revision=5b7ee9849d47f5ee67d04eb6ca4588beacf42dce75e5a1b481dfd02607b1fb20 table="directory" seconds=3.891e-5 stage="query_dispatch"
2026-09-09T20:54:17.841761Z DEBUG transparent_shard_server::service: query stage revision=5b7ee9849d47f5ee67d04eb6ca4588beacf42dce75e5a1b481dfd02607b1fb20 table="directory" seconds=2.267e-6 stage="query_admission"
2026-09-09T20:54:17.841794Z DEBUG transparent_shard_server::service: query stage revision=5b7ee9849d47f5ee67d04eb6ca4588beacf42dce75e5a1b481dfd02607b1fb20 table="directory" seconds=4.568e-6 stage="query_runtime"
2026-09-09T20:54:17.841872Z DEBUG transparent_shard_server::service: query stage revision=5b7ee9849d47f5ee67d04eb6ca4588beacf42dce75e5a1b481dfd02607b1fb20 table="directory" seconds=7.3785e-5 admitted=true stage="query_memory_admission"
2026-09-09T20:54:17.841895Z DEBUG transparent_shard_server::service: query stage revision=5b7ee9849d47f5ee67d04eb6ca4588beacf42dce75e5a1b481dfd02607b1fb20 table="directory" seconds=1.7874e-5 stage="query_dispatch"
2026-09-09T20:54:17.856718Z DEBUG transparent_shard_server::service: query stage revision=5b7ee9849d47f5ee67d04eb6ca4588beacf42dce75e5a1b481dfd02607b1fb20 table="directory" seconds=0.014804398 stage="query_evaluate"
2026-09-09T20:54:17.856749Z DEBUG transparent_shard_server::service: query stage revision=5b7ee9849d47f5ee67d04eb6ca4588beacf42dce75e5a1b481dfd02607b1fb20 table="directory" seconds=0.017955546 stage="query_evaluate"
2026-09-09T20:54:17.955141Z DEBUG transparent_shard_server::runtime: runtime stage key=("be059aab39ac34125e0452548d6fbcfb1e7cdb7237a597bd59ee86011ed4882b", Directory, 0) seconds=2.02e-6 stage="restore_slot"
2026-09-09T20:54:17.955312Z DEBUG transparent_shard_server::runtime: runtime stage key=("be059aab39ac34125e0452548d6fbcfb1e7cdb7237a597bd59ee86011ed4882b", Pages, 0) seconds=4.26e-7 stage="restore_slot"
2026-09-09T20:54:17.955359Z DEBUG transparent_shard_server::runtime: runtime stage key=("be059aab39ac34125e0452548d6fbcfb1e7cdb7237a597bd59ee86011ed4882b", Directory, 0) seconds=3.8773e-5 hit=false stage="disk_restore"
2026-09-09T20:54:17.955393Z DEBUG transparent_shard_server::runtime: runtime stage key=("be059aab39ac34125e0452548d6fbcfb1e7cdb7237a597bd59ee86011ed4882b", Pages, 0) seconds=1.2658e-5 hit=false stage="disk_restore"
2026-09-09T20:54:17.955407Z DEBUG transparent_shard_server::runtime: runtime stage key=("be059aab39ac34125e0452548d6fbcfb1e7cdb7237a597bd59ee86011ed4882b", Directory, 0) seconds=6.72e-7 stage="build_slot"
2026-09-09T20:54:17.955445Z DEBUG transparent_shard_server::memory: cold build admission wait seconds=3.2108e-5 admitted=true
2026-09-09T20:54:17.955457Z DEBUG transparent_shard_server::runtime: runtime stage key=("be059aab39ac34125e0452548d6fbcfb1e7cdb7237a597bd59ee86011ed4882b", Pages, 0) seconds=1.33e-7 stage="build_slot"
2026-09-09T20:54:17.955490Z DEBUG transparent_shard_server::memory: cold build admission wait seconds=2.9373e-5 admitted=true
2026-09-09T20:54:18.010634Z DEBUG transparent_shard_server::service: query stage revision=5b7ee9849d47f5ee67d04eb6ca4588beacf42dce75e5a1b481dfd02607b1fb20 table="pages" seconds=2.964e-6 stage="query_admission"
2026-09-09T20:54:18.010678Z DEBUG transparent_shard_server::service: query stage revision=5b7ee9849d47f5ee67d04eb6ca4588beacf42dce75e5a1b481dfd02607b1fb20 table="pages" seconds=5.978e-6 stage="query_runtime"
2026-09-09T20:54:18.010767Z DEBUG transparent_shard_server::service: query stage revision=5b7ee9849d47f5ee67d04eb6ca4588beacf42dce75e5a1b481dfd02607b1fb20 table="pages" seconds=8.4862e-5 admitted=true stage="query_memory_admission"
2026-09-09T20:54:18.011227Z DEBUG transparent_shard_server::service: query stage revision=5b7ee9849d47f5ee67d04eb6ca4588beacf42dce75e5a1b481dfd02607b1fb20 table="pages" seconds=0.000452955 stage="query_dispatch"
2026-09-09T20:54:18.012478Z DEBUG transparent_shard_server::service: query stage revision=5b7ee9849d47f5ee67d04eb6ca4588beacf42dce75e5a1b481dfd02607b1fb20 table="pages" seconds=1.676e-6 stage="query_admission"
2026-09-09T20:54:18.012497Z DEBUG transparent_shard_server::service: query stage revision=5b7ee9849d47f5ee67d04eb6ca4588beacf42dce75e5a1b481dfd02607b1fb20 table="pages" seconds=3.192e-6 stage="query_runtime"
2026-09-09T20:54:18.012547Z DEBUG transparent_shard_server::service: query stage revision=5b7ee9849d47f5ee67d04eb6ca4588beacf42dce75e5a1b481dfd02607b1fb20 table="pages" seconds=4.662e-5 admitted=true stage="query_memory_admission"
2026-09-09T20:54:18.012720Z DEBUG transparent_shard_server::service: query stage revision=5b7ee9849d47f5ee67d04eb6ca4588beacf42dce75e5a1b481dfd02607b1fb20 table="pages" seconds=0.000166301 stage="query_dispatch"
2026-09-09T20:54:18.027488Z DEBUG transparent_shard_server::service: query stage revision=5b7ee9849d47f5ee67d04eb6ca4588beacf42dce75e5a1b481dfd02607b1fb20 table="pages" seconds=0.016233043 stage="query_evaluate"
2026-09-09T20:54:18.036660Z DEBUG transparent_shard_server::service: query stage revision=5b7ee9849d47f5ee67d04eb6ca4588beacf42dce75e5a1b481dfd02607b1fb20 table="pages" seconds=0.023911201 stage="query_evaluate"
2026-09-09T20:54:18.101731Z DEBUG transparent_shard_server::runtime: runtime stage key=("be059aab39ac34125e0452548d6fbcfb1e7cdb7237a597bd59ee86011ed4882b", Directory, 0) seconds=0.146265025 stage="source_load"
2026-09-09T20:54:18.113450Z DEBUG transparent_shard_server::runtime: runtime stage key=("be059aab39ac34125e0452548d6fbcfb1e7cdb7237a597bd59ee86011ed4882b", Pages, 0) seconds=0.15793889 stage="source_load"
2026-09-09T20:54:18.182806Z DEBUG transparent_shard_server::service: query stage revision=5b7ee9849d47f5ee67d04eb6ca4588beacf42dce75e5a1b481dfd02607b1fb20 table="directory" seconds=3.746e-6 stage="query_admission"
2026-09-09T20:54:18.182848Z DEBUG transparent_shard_server::service: query stage revision=5b7ee9849d47f5ee67d04eb6ca4588beacf42dce75e5a1b481dfd02607b1fb20 table="directory" seconds=5.655e-6 stage="query_runtime"
2026-09-09T20:54:18.182944Z DEBUG transparent_shard_server::service: query stage revision=5b7ee9849d47f5ee67d04eb6ca4588beacf42dce75e5a1b481dfd02607b1fb20 table="directory" seconds=7.9652e-5 admitted=true stage="query_memory_admission"
2026-09-09T20:54:18.182996Z DEBUG transparent_shard_server::service: query stage revision=5b7ee9849d47f5ee67d04eb6ca4588beacf42dce75e5a1b481dfd02607b1fb20 table="directory" seconds=4.5337e-5 stage="query_dispatch"
2026-09-09T20:54:18.198633Z DEBUG transparent_shard_server::service: query stage revision=5b7ee9849d47f5ee67d04eb6ca4588beacf42dce75e5a1b481dfd02607b1fb20 table="directory" seconds=0.015618079 stage="query_evaluate"
2026-09-09T20:54:18.200353Z DEBUG transparent_shard_server::service: query stage revision=5b7ee9849d47f5ee67d04eb6ca4588beacf42dce75e5a1b481dfd02607b1fb20 table="directory" seconds=2.265e-6 stage="query_admission"
2026-09-09T20:54:18.200379Z DEBUG transparent_shard_server::service: query stage revision=5b7ee9849d47f5ee67d04eb6ca4588beacf42dce75e5a1b481dfd02607b1fb20 table="directory" seconds=4.486e-6 stage="query_runtime"
2026-09-09T20:54:18.200453Z DEBUG transparent_shard_server::service: query stage revision=5b7ee9849d47f5ee67d04eb6ca4588beacf42dce75e5a1b481dfd02607b1fb20 table="directory" seconds=7.1227e-5 admitted=true stage="query_memory_admission"
2026-09-09T20:54:18.200477Z DEBUG transparent_shard_server::service: query stage revision=5b7ee9849d47f5ee67d04eb6ca4588beacf42dce75e5a1b481dfd02607b1fb20 table="directory" seconds=1.9113e-5 stage="query_dispatch"
2026-09-09T20:54:18.213902Z DEBUG transparent_shard_server::service: query stage revision=5b7ee9849d47f5ee67d04eb6ca4588beacf42dce75e5a1b481dfd02607b1fb20 table="directory" seconds=0.013411303 stage="query_evaluate"
2026-09-09T20:54:18.358319Z DEBUG transparent_shard_server::service: query stage revision=5b7ee9849d47f5ee67d04eb6ca4588beacf42dce75e5a1b481dfd02607b1fb20 table="pages" seconds=2.774e-6 stage="query_admission"
2026-09-09T20:54:18.358356Z DEBUG transparent_shard_server::service: query stage revision=5b7ee9849d47f5ee67d04eb6ca4588beacf42dce75e5a1b481dfd02607b1fb20 table="pages" seconds=5.831e-6 stage="query_runtime"
2026-09-09T20:54:18.358447Z DEBUG transparent_shard_server::service: query stage revision=5b7ee9849d47f5ee67d04eb6ca4588beacf42dce75e5a1b481dfd02607b1fb20 table="pages" seconds=8.7969e-5 admitted=true stage="query_memory_admission"
2026-09-09T20:54:18.358465Z DEBUG transparent_shard_server::service: query stage revision=5b7ee9849d47f5ee67d04eb6ca4588beacf42dce75e5a1b481dfd02607b1fb20 table="pages" seconds=1.3783e-5 stage="query_dispatch"
2026-09-09T20:54:18.374410Z DEBUG transparent_shard_server::service: query stage revision=5b7ee9849d47f5ee67d04eb6ca4588beacf42dce75e5a1b481dfd02607b1fb20 table="pages" seconds=0.015937924 stage="query_evaluate"
2026-09-09T20:54:18.375395Z DEBUG transparent_shard_server::service: query stage revision=5b7ee9849d47f5ee67d04eb6ca4588beacf42dce75e5a1b481dfd02607b1fb20 table="pages" seconds=2.414e-6 stage="query_admission"
2026-09-09T20:54:18.375420Z DEBUG transparent_shard_server::service: query stage revision=5b7ee9849d47f5ee67d04eb6ca4588beacf42dce75e5a1b481dfd02607b1fb20 table="pages" seconds=5.325e-6 stage="query_runtime"
2026-09-09T20:54:18.375492Z DEBUG transparent_shard_server::service: query stage revision=5b7ee9849d47f5ee67d04eb6ca4588beacf42dce75e5a1b481dfd02607b1fb20 table="pages" seconds=6.9254e-5 admitted=true stage="query_memory_admission"
2026-09-09T20:54:18.375507Z DEBUG transparent_shard_server::service: query stage revision=5b7ee9849d47f5ee67d04eb6ca4588beacf42dce75e5a1b481dfd02607b1fb20 table="pages" seconds=1.0984e-5 stage="query_dispatch"
2026-09-09T20:54:18.391304Z DEBUG transparent_shard_server::service: query stage revision=5b7ee9849d47f5ee67d04eb6ca4588beacf42dce75e5a1b481dfd02607b1fb20 table="pages" seconds=0.015791505 stage="query_evaluate"
2026-09-09T20:54:18.405558Z DEBUG transparent_shard_server::runtime: construction stage geometry="recent-8k" table="directory" seconds=0.303789305 stage="encode_database"
2026-09-09T20:54:18.405662Z DEBUG transparent_shard_server::runtime: construction stage geometry="recent-8k" table="directory" seconds=7.645e-5 stage="public_setup"
2026-09-09T20:54:18.417415Z DEBUG transparent_shard_server::runtime: construction stage geometry="recent-8k" table="pages" seconds=0.303930878 stage="encode_database"
2026-09-09T20:54:18.417546Z DEBUG transparent_shard_server::runtime: construction stage geometry="recent-8k" table="pages" seconds=0.000106215 stage="public_setup"
2026-09-09T20:54:18.530498Z DEBUG transparent_shard_server::service: query stage revision=5b7ee9849d47f5ee67d04eb6ca4588beacf42dce75e5a1b481dfd02607b1fb20 table="directory" seconds=3.277e-6 stage="query_admission"
2026-09-09T20:54:18.530541Z DEBUG transparent_shard_server::service: query stage revision=5b7ee9849d47f5ee67d04eb6ca4588beacf42dce75e5a1b481dfd02607b1fb20 table="directory" seconds=5.245e-6 stage="query_runtime"
2026-09-09T20:54:18.530632Z DEBUG transparent_shard_server::service: query stage revision=5b7ee9849d47f5ee67d04eb6ca4588beacf42dce75e5a1b481dfd02607b1fb20 table="directory" seconds=8.5385e-5 admitted=true stage="query_memory_admission"
2026-09-09T20:54:18.530656Z DEBUG transparent_shard_server::service: query stage revision=5b7ee9849d47f5ee67d04eb6ca4588beacf42dce75e5a1b481dfd02607b1fb20 table="directory" seconds=1.8188e-5 stage="query_dispatch"
2026-09-09T20:54:18.598492Z DEBUG transparent_shard_server::service: query stage revision=5b7ee9849d47f5ee67d04eb6ca4588beacf42dce75e5a1b481dfd02607b1fb20 table="directory" seconds=3.679e-6 stage="query_admission"
2026-09-09T20:54:18.598532Z DEBUG transparent_shard_server::service: query stage revision=5b7ee9849d47f5ee67d04eb6ca4588beacf42dce75e5a1b481dfd02607b1fb20 table="directory" seconds=7.011e-6 stage="query_runtime"
2026-09-09T20:54:18.598596Z DEBUG transparent_shard_server::service: query stage revision=5b7ee9849d47f5ee67d04eb6ca4588beacf42dce75e5a1b481dfd02607b1fb20 table="directory" seconds=6.0995e-5 admitted=true stage="query_memory_admission"
2026-09-09T20:54:18.598612Z DEBUG transparent_shard_server::service: query stage revision=5b7ee9849d47f5ee67d04eb6ca4588beacf42dce75e5a1b481dfd02607b1fb20 table="directory" seconds=1.1999e-5 stage="query_dispatch"
2026-09-09T20:54:19.482754Z DEBUG transparent_shard_server::runtime: construction stage geometry="recent-8k" table="pages" seconds=1.065200911 stage="hint_columns"
2026-09-09T20:54:19.492503Z DEBUG transparent_shard_server::service: query stage revision=5b7ee9849d47f5ee67d04eb6ca4588beacf42dce75e5a1b481dfd02607b1fb20 table="directory" seconds=0.893884631 stage="query_evaluate"
2026-09-09T20:54:19.495896Z DEBUG transparent_shard_server::service: query stage revision=5b7ee9849d47f5ee67d04eb6ca4588beacf42dce75e5a1b481dfd02607b1fb20 table="directory" seconds=0.965218043 stage="query_evaluate"
2026-09-09T20:54:19.501244Z DEBUG transparent_shard_server::runtime: construction stage geometry="recent-8k" table="directory" seconds=1.09557803 stage="hint_columns"
2026-09-09T20:54:19.647187Z DEBUG transparent_shard_server::service: query stage revision=5b7ee9849d47f5ee67d04eb6ca4588beacf42dce75e5a1b481dfd02607b1fb20 table="pages" seconds=2.426e-6 stage="query_admission"
2026-09-09T20:54:19.647224Z DEBUG transparent_shard_server::service: query stage revision=5b7ee9849d47f5ee67d04eb6ca4588beacf42dce75e5a1b481dfd02607b1fb20 table="pages" seconds=4.656e-6 stage="query_runtime"
2026-09-09T20:54:19.647300Z DEBUG transparent_shard_server::service: query stage revision=5b7ee9849d47f5ee67d04eb6ca4588beacf42dce75e5a1b481dfd02607b1fb20 table="pages" seconds=7.2676e-5 admitted=true stage="query_memory_admission"
2026-09-09T20:54:19.647336Z DEBUG transparent_shard_server::service: query stage revision=5b7ee9849d47f5ee67d04eb6ca4588beacf42dce75e5a1b481dfd02607b1fb20 table="pages" seconds=2.9886e-5 stage="query_dispatch"
2026-09-09T20:54:19.651654Z DEBUG transparent_shard_server::service: query stage revision=5b7ee9849d47f5ee67d04eb6ca4588beacf42dce75e5a1b481dfd02607b1fb20 table="pages" seconds=3.46e-6 stage="query_admission"
2026-09-09T20:54:19.651698Z DEBUG transparent_shard_server::service: query stage revision=5b7ee9849d47f5ee67d04eb6ca4588beacf42dce75e5a1b481dfd02607b1fb20 table="pages" seconds=5.318e-6 stage="query_runtime"
2026-09-09T20:54:19.651786Z DEBUG transparent_shard_server::service: query stage revision=5b7ee9849d47f5ee67d04eb6ca4588beacf42dce75e5a1b481dfd02607b1fb20 table="pages" seconds=8.4136e-5 admitted=true stage="query_memory_admission"
2026-09-09T20:54:19.651820Z DEBUG transparent_shard_server::service: query stage revision=5b7ee9849d47f5ee67d04eb6ca4588beacf42dce75e5a1b481dfd02607b1fb20 table="pages" seconds=2.8854e-5 stage="query_dispatch"
2026-09-09T20:54:19.672654Z DEBUG transparent_shard_server::service: query stage revision=5b7ee9849d47f5ee67d04eb6ca4588beacf42dce75e5a1b481dfd02607b1fb20 table="pages" seconds=0.020815088 stage="query_evaluate"
2026-09-09T20:54:19.673305Z DEBUG transparent_shard_server::service: query stage revision=5b7ee9849d47f5ee67d04eb6ca4588beacf42dce75e5a1b481dfd02607b1fb20 table="pages" seconds=0.025947823 stage="query_evaluate"
2026-09-09T20:54:19.827502Z DEBUG transparent_shard_server::service: query stage revision=5b7ee9849d47f5ee67d04eb6ca4588beacf42dce75e5a1b481dfd02607b1fb20 table="directory" seconds=2.215e-6 stage="query_admission"
2026-09-09T20:54:19.827539Z DEBUG transparent_shard_server::service: query stage revision=5b7ee9849d47f5ee67d04eb6ca4588beacf42dce75e5a1b481dfd02607b1fb20 table="directory" seconds=4.508e-6 stage="query_runtime"
2026-09-09T20:54:19.827613Z DEBUG transparent_shard_server::service: query stage revision=5b7ee9849d47f5ee67d04eb6ca4588beacf42dce75e5a1b481dfd02607b1fb20 table="directory" seconds=7.0337e-5 admitted=true stage="query_memory_admission"
2026-09-09T20:54:19.827646Z DEBUG transparent_shard_server::service: query stage revision=5b7ee9849d47f5ee67d04eb6ca4588beacf42dce75e5a1b481dfd02607b1fb20 table="directory" seconds=2.7878e-5 stage="query_dispatch"
2026-09-09T20:54:19.827725Z DEBUG transparent_shard_server::service: query stage revision=5b7ee9849d47f5ee67d04eb6ca4588beacf42dce75e5a1b481dfd02607b1fb20 table="directory" seconds=1.159e-6 stage="query_admission"
2026-09-09T20:54:19.827732Z DEBUG transparent_shard_server::service: query stage revision=5b7ee9849d47f5ee67d04eb6ca4588beacf42dce75e5a1b481dfd02607b1fb20 table="directory" seconds=3.022e-6 stage="query_runtime"
2026-09-09T20:54:19.827761Z DEBUG transparent_shard_server::service: query stage revision=5b7ee9849d47f5ee67d04eb6ca4588beacf42dce75e5a1b481dfd02607b1fb20 table="directory" seconds=2.7161e-5 admitted=true stage="query_memory_admission"
2026-09-09T20:54:19.827778Z DEBUG transparent_shard_server::service: query stage revision=5b7ee9849d47f5ee67d04eb6ca4588beacf42dce75e5a1b481dfd02607b1fb20 table="directory" seconds=1.3222e-5 stage="query_dispatch"
2026-09-09T20:54:19.853724Z DEBUG transparent_shard_server::service: query stage revision=5b7ee9849d47f5ee67d04eb6ca4588beacf42dce75e5a1b481dfd02607b1fb20 table="directory" seconds=0.025939141 stage="query_evaluate"
2026-09-09T20:54:19.855788Z DEBUG transparent_shard_server::service: query stage revision=5b7ee9849d47f5ee67d04eb6ca4588beacf42dce75e5a1b481dfd02607b1fb20 table="directory" seconds=0.028121832 stage="query_evaluate"
2026-09-09T20:54:20.008151Z DEBUG transparent_shard_server::service: query stage revision=5b7ee9849d47f5ee67d04eb6ca4588beacf42dce75e5a1b481dfd02607b1fb20 table="pages" seconds=2.23e-6 stage="query_admission"
2026-09-09T20:54:20.008201Z DEBUG transparent_shard_server::service: query stage revision=5b7ee9849d47f5ee67d04eb6ca4588beacf42dce75e5a1b481dfd02607b1fb20 table="pages" seconds=4.815e-6 stage="query_runtime"
2026-09-09T20:54:20.008276Z DEBUG transparent_shard_server::service: query stage revision=5b7ee9849d47f5ee67d04eb6ca4588beacf42dce75e5a1b481dfd02607b1fb20 table="pages" seconds=7.1748e-5 admitted=true stage="query_memory_admission"
2026-09-09T20:54:20.008314Z DEBUG transparent_shard_server::service: query stage revision=5b7ee9849d47f5ee67d04eb6ca4588beacf42dce75e5a1b481dfd02607b1fb20 table="pages" seconds=3.2456e-5 stage="query_dispatch"
2026-09-09T20:54:20.012434Z DEBUG transparent_shard_server::service: query stage revision=5b7ee9849d47f5ee67d04eb6ca4588beacf42dce75e5a1b481dfd02607b1fb20 table="pages" seconds=1.995e-6 stage="query_admission"
2026-09-09T20:54:20.012463Z DEBUG transparent_shard_server::service: query stage revision=5b7ee9849d47f5ee67d04eb6ca4588beacf42dce75e5a1b481dfd02607b1fb20 table="pages" seconds=3.623e-6 stage="query_runtime"
2026-09-09T20:54:20.012547Z DEBUG transparent_shard_server::service: query stage revision=5b7ee9849d47f5ee67d04eb6ca4588beacf42dce75e5a1b481dfd02607b1fb20 table="pages" seconds=8.1661e-5 admitted=true stage="query_memory_admission"
2026-09-09T20:54:20.012582Z DEBUG transparent_shard_server::service: query stage revision=5b7ee9849d47f5ee67d04eb6ca4588beacf42dce75e5a1b481dfd02607b1fb20 table="pages" seconds=2.9406e-5 stage="query_dispatch"
2026-09-09T20:54:20.034097Z DEBUG transparent_shard_server::service: query stage revision=5b7ee9849d47f5ee67d04eb6ca4588beacf42dce75e5a1b481dfd02607b1fb20 table="pages" seconds=0.021495742 stage="query_evaluate"
2026-09-09T20:54:20.034674Z DEBUG transparent_shard_server::service: query stage revision=5b7ee9849d47f5ee67d04eb6ca4588beacf42dce75e5a1b481dfd02607b1fb20 table="pages" seconds=0.026324445 stage="query_evaluate"
2026-09-09T20:54:20.189968Z DEBUG transparent_shard_server::service: query stage revision=5b7ee9849d47f5ee67d04eb6ca4588beacf42dce75e5a1b481dfd02607b1fb20 table="directory" seconds=2.311e-6 stage="query_admission"
2026-09-09T20:54:20.190021Z DEBUG transparent_shard_server::service: query stage revision=5b7ee9849d47f5ee67d04eb6ca4588beacf42dce75e5a1b481dfd02607b1fb20 table="directory" seconds=1.8657e-5 stage="query_runtime"
2026-09-09T20:54:20.190103Z DEBUG transparent_shard_server::service: query stage revision=5b7ee9849d47f5ee67d04eb6ca4588beacf42dce75e5a1b481dfd02607b1fb20 table="directory" seconds=7.7993e-5 admitted=true stage="query_memory_admission"
2026-09-09T20:54:20.190154Z DEBUG transparent_shard_server::service: query stage revision=5b7ee9849d47f5ee67d04eb6ca4588beacf42dce75e5a1b481dfd02607b1fb20 table="directory" seconds=4.5777e-5 stage="query_dispatch"
2026-09-09T20:54:20.190326Z DEBUG transparent_shard_server::service: query stage revision=5b7ee9849d47f5ee67d04eb6ca4588beacf42dce75e5a1b481dfd02607b1fb20 table="directory" seconds=1.703e-6 stage="query_admission"
2026-09-09T20:54:20.190338Z DEBUG transparent_shard_server::service: query stage revision=5b7ee9849d47f5ee67d04eb6ca4588beacf42dce75e5a1b481dfd02607b1fb20 table="directory" seconds=3.122e-6 stage="query_runtime"
2026-09-09T20:54:20.190383Z DEBUG transparent_shard_server::service: query stage revision=5b7ee9849d47f5ee67d04eb6ca4588beacf42dce75e5a1b481dfd02607b1fb20 table="directory" seconds=4.1741e-5 admitted=true stage="query_memory_admission"
2026-09-09T20:54:20.190401Z DEBUG transparent_shard_server::service: query stage revision=5b7ee9849d47f5ee67d04eb6ca4588beacf42dce75e5a1b481dfd02607b1fb20 table="directory" seconds=1.5218e-5 stage="query_dispatch"
2026-09-09T20:54:20.206950Z DEBUG transparent_shard_server::service: query stage revision=5b7ee9849d47f5ee67d04eb6ca4588beacf42dce75e5a1b481dfd02607b1fb20 table="directory" seconds=0.016540917 stage="query_evaluate"
2026-09-09T20:54:20.216152Z DEBUG transparent_shard_server::service: query stage revision=5b7ee9849d47f5ee67d04eb6ca4588beacf42dce75e5a1b481dfd02607b1fb20 table="directory" seconds=0.025958284 stage="query_evaluate"
2026-09-09T20:54:20.365898Z DEBUG transparent_shard_server::service: query stage revision=5b7ee9849d47f5ee67d04eb6ca4588beacf42dce75e5a1b481dfd02607b1fb20 table="pages" seconds=2.459e-6 stage="query_admission"
2026-09-09T20:54:20.365935Z DEBUG transparent_shard_server::service: query stage revision=5b7ee9849d47f5ee67d04eb6ca4588beacf42dce75e5a1b481dfd02607b1fb20 table="pages" seconds=4.841e-6 stage="query_runtime"
2026-09-09T20:54:20.365993Z DEBUG transparent_shard_server::service: query stage revision=5b7ee9849d47f5ee67d04eb6ca4588beacf42dce75e5a1b481dfd02607b1fb20 table="pages" seconds=5.4507e-5 admitted=true stage="query_memory_admission"
2026-09-09T20:54:20.366032Z DEBUG transparent_shard_server::service: query stage revision=5b7ee9849d47f5ee67d04eb6ca4588beacf42dce75e5a1b481dfd02607b1fb20 table="pages" seconds=2.1882e-5 stage="query_dispatch"
2026-09-09T20:54:20.370484Z DEBUG transparent_shard_server::service: query stage revision=5b7ee9849d47f5ee67d04eb6ca4588beacf42dce75e5a1b481dfd02607b1fb20 table="pages" seconds=3.011e-6 stage="query_admission"
2026-09-09T20:54:20.370518Z DEBUG transparent_shard_server::service: query stage revision=5b7ee9849d47f5ee67d04eb6ca4588beacf42dce75e5a1b481dfd02607b1fb20 table="pages" seconds=4.951e-6 stage="query_runtime"
2026-09-09T20:54:20.370579Z DEBUG transparent_shard_server::service: query stage revision=5b7ee9849d47f5ee67d04eb6ca4588beacf42dce75e5a1b481dfd02607b1fb20 table="pages" seconds=5.8029e-5 admitted=true stage="query_memory_admission"
2026-09-09T20:54:20.370602Z DEBUG transparent_shard_server::service: query stage revision=5b7ee9849d47f5ee67d04eb6ca4588beacf42dce75e5a1b481dfd02607b1fb20 table="pages" seconds=1.8202e-5 stage="query_dispatch"
2026-09-09T20:54:20.459315Z DEBUG transparent_shard_server::service: query stage revision=5b7ee9849d47f5ee67d04eb6ca4588beacf42dce75e5a1b481dfd02607b1fb20 table="pages" seconds=0.093260708 stage="query_evaluate"
2026-09-09T20:54:20.459356Z DEBUG transparent_shard_server::service: query stage revision=5b7ee9849d47f5ee67d04eb6ca4588beacf42dce75e5a1b481dfd02607b1fb20 table="pages" seconds=0.08871789 stage="query_evaluate"
2026-09-09T20:54:20.621343Z DEBUG transparent_shard_server::service: query stage revision=5b7ee9849d47f5ee67d04eb6ca4588beacf42dce75e5a1b481dfd02607b1fb20 table="directory" seconds=2.992e-6 stage="query_admission"
2026-09-09T20:54:20.621382Z DEBUG transparent_shard_server::service: query stage revision=5b7ee9849d47f5ee67d04eb6ca4588beacf42dce75e5a1b481dfd02607b1fb20 table="directory" seconds=6.753e-6 stage="query_runtime"
2026-09-09T20:54:20.621460Z DEBUG transparent_shard_server::service: query stage revision=5b7ee9849d47f5ee67d04eb6ca4588beacf42dce75e5a1b481dfd02607b1fb20 table="directory" seconds=7.501e-5 admitted=true stage="query_memory_admission"
2026-09-09T20:54:20.621485Z DEBUG transparent_shard_server::service: query stage revision=5b7ee9849d47f5ee67d04eb6ca4588beacf42dce75e5a1b481dfd02607b1fb20 table="directory" seconds=1.9523e-5 stage="query_dispatch"
2026-09-09T20:54:20.624898Z DEBUG transparent_shard_server::service: query stage revision=5b7ee9849d47f5ee67d04eb6ca4588beacf42dce75e5a1b481dfd02607b1fb20 table="directory" seconds=2.401e-6 stage="query_admission"
2026-09-09T20:54:20.624932Z DEBUG transparent_shard_server::service: query stage revision=5b7ee9849d47f5ee67d04eb6ca4588beacf42dce75e5a1b481dfd02607b1fb20 table="directory" seconds=4.638e-6 stage="query_runtime"
2026-09-09T20:54:20.625005Z DEBUG transparent_shard_server::service: query stage revision=5b7ee9849d47f5ee67d04eb6ca4588beacf42dce75e5a1b481dfd02607b1fb20 table="directory" seconds=6.9584e-5 admitted=true stage="query_memory_admission"
2026-09-09T20:54:20.625030Z DEBUG transparent_shard_server::service: query stage revision=5b7ee9849d47f5ee67d04eb6ca4588beacf42dce75e5a1b481dfd02607b1fb20 table="directory" seconds=1.9835e-5 stage="query_dispatch"
2026-09-09T20:54:20.641045Z DEBUG transparent_shard_server::service: query stage revision=5b7ee9849d47f5ee67d04eb6ca4588beacf42dce75e5a1b481dfd02607b1fb20 table="directory" seconds=0.015996732 stage="query_evaluate"
2026-09-09T20:54:20.641101Z DEBUG transparent_shard_server::service: query stage revision=5b7ee9849d47f5ee67d04eb6ca4588beacf42dce75e5a1b481dfd02607b1fb20 table="directory" seconds=0.019595945 stage="query_evaluate"
2026-09-09T20:54:20.800516Z DEBUG transparent_shard_server::service: query stage revision=5b7ee9849d47f5ee67d04eb6ca4588beacf42dce75e5a1b481dfd02607b1fb20 table="pages" seconds=2.764e-6 stage="query_admission"
2026-09-09T20:54:20.800555Z DEBUG transparent_shard_server::service: query stage revision=5b7ee9849d47f5ee67d04eb6ca4588beacf42dce75e5a1b481dfd02607b1fb20 table="pages" seconds=5.213e-6 stage="query_runtime"
2026-09-09T20:54:20.800643Z DEBUG transparent_shard_server::service: query stage revision=5b7ee9849d47f5ee67d04eb6ca4588beacf42dce75e5a1b481dfd02607b1fb20 table="pages" seconds=7.4644e-5 admitted=true stage="query_memory_admission"
2026-09-09T20:54:20.800673Z DEBUG transparent_shard_server::service: query stage revision=5b7ee9849d47f5ee67d04eb6ca4588beacf42dce75e5a1b481dfd02607b1fb20 table="pages" seconds=2.4871e-5 stage="query_dispatch"
2026-09-09T20:54:20.800758Z DEBUG transparent_shard_server::service: query stage revision=5b7ee9849d47f5ee67d04eb6ca4588beacf42dce75e5a1b481dfd02607b1fb20 table="pages" seconds=1.849e-6 stage="query_admission"
2026-09-09T20:54:20.800766Z DEBUG transparent_shard_server::service: query stage revision=5b7ee9849d47f5ee67d04eb6ca4588beacf42dce75e5a1b481dfd02607b1fb20 table="pages" seconds=3.18e-6 stage="query_runtime"
2026-09-09T20:54:20.800801Z DEBUG transparent_shard_server::service: query stage revision=5b7ee9849d47f5ee67d04eb6ca4588beacf42dce75e5a1b481dfd02607b1fb20 table="pages" seconds=3.3612e-5 admitted=true stage="query_memory_admission"
2026-09-09T20:54:20.800824Z DEBUG transparent_shard_server::service: query stage revision=5b7ee9849d47f5ee67d04eb6ca4588beacf42dce75e5a1b481dfd02607b1fb20 table="pages" seconds=1.8916e-5 stage="query_dispatch"
2026-09-09T20:54:20.851686Z DEBUG transparent_shard_server::service: query stage revision=5b7ee9849d47f5ee67d04eb6ca4588beacf42dce75e5a1b481dfd02607b1fb20 table="pages" seconds=0.05084491 stage="query_evaluate"
2026-09-09T20:54:20.851718Z DEBUG transparent_shard_server::service: query stage revision=5b7ee9849d47f5ee67d04eb6ca4588beacf42dce75e5a1b481dfd02607b1fb20 table="pages" seconds=0.051021352 stage="query_evaluate"
2026-09-09T20:54:21.009641Z DEBUG transparent_shard_server::service: query stage revision=5b7ee9849d47f5ee67d04eb6ca4588beacf42dce75e5a1b481dfd02607b1fb20 table="directory" seconds=2.44e-6 stage="query_admission"
2026-09-09T20:54:21.009677Z DEBUG transparent_shard_server::service: query stage revision=5b7ee9849d47f5ee67d04eb6ca4588beacf42dce75e5a1b481dfd02607b1fb20 table="directory" seconds=4.546e-6 stage="query_runtime"
2026-09-09T20:54:21.009746Z DEBUG transparent_shard_server::service: query stage revision=5b7ee9849d47f5ee67d04eb6ca4588beacf42dce75e5a1b481dfd02607b1fb20 table="directory" seconds=6.5533e-5 admitted=true stage="query_memory_admission"
2026-09-09T20:54:21.009771Z DEBUG transparent_shard_server::service: query stage revision=5b7ee9849d47f5ee67d04eb6ca4588beacf42dce75e5a1b481dfd02607b1fb20 table="directory" seconds=1.9524e-5 stage="query_dispatch"
2026-09-09T20:54:21.009827Z DEBUG transparent_shard_server::service: query stage revision=5b7ee9849d47f5ee67d04eb6ca4588beacf42dce75e5a1b481dfd02607b1fb20 table="directory" seconds=1.302e-6 stage="query_admission"
2026-09-09T20:54:21.009833Z DEBUG transparent_shard_server::service: query stage revision=5b7ee9849d47f5ee67d04eb6ca4588beacf42dce75e5a1b481dfd02607b1fb20 table="directory" seconds=2.504e-6 stage="query_runtime"
2026-09-09T20:54:21.009862Z DEBUG transparent_shard_server::service: query stage revision=5b7ee9849d47f5ee67d04eb6ca4588beacf42dce75e5a1b481dfd02607b1fb20 table="directory" seconds=2.6056e-5 admitted=true stage="query_memory_admission"
2026-09-09T20:54:21.009883Z DEBUG transparent_shard_server::service: query stage revision=5b7ee9849d47f5ee67d04eb6ca4588beacf42dce75e5a1b481dfd02607b1fb20 table="directory" seconds=1.7562e-5 stage="query_dispatch"
2026-09-09T20:54:21.774079Z DEBUG transparent_shard_server::runtime: construction stage geometry="recent-8k" table="directory" seconds=2.272811897 stage="pack_preprocessing"
2026-09-09T20:54:21.774397Z DEBUG transparent_shard_server::runtime: construction stage geometry="recent-8k" table="directory" seconds=0.000280324 stage="publish_parameters"
2026-09-09T20:54:21.776670Z DEBUG transparent_shard_server::runtime: runtime stage key=("be059aab39ac34125e0452548d6fbcfb1e7cdb7237a597bd59ee86011ed4882b", Directory, 0) seconds=3.67490205 stage="runtime_build"
2026-09-09T20:54:21.786641Z DEBUG transparent_shard_server::service: query stage revision=5b7ee9849d47f5ee67d04eb6ca4588beacf42dce75e5a1b481dfd02607b1fb20 table="directory" seconds=0.776851138 stage="query_evaluate"
2026-09-09T20:54:21.786664Z DEBUG transparent_shard_server::service: query stage revision=5b7ee9849d47f5ee67d04eb6ca4588beacf42dce75e5a1b481dfd02607b1fb20 table="directory" seconds=0.776764566 stage="query_evaluate"
2026-09-09T20:54:21.803377Z DEBUG transparent_shard_server::runtime: construction stage geometry="recent-8k" table="pages" seconds=2.320582564 stage="pack_preprocessing"
2026-09-09T20:54:21.803652Z DEBUG transparent_shard_server::runtime: construction stage geometry="recent-8k" table="pages" seconds=0.000249622 stage="publish_parameters"
2026-09-09T20:54:21.804319Z DEBUG transparent_shard_server::runtime: runtime stage key=("be059aab39ac34125e0452548d6fbcfb1e7cdb7237a597bd59ee86011ed4882b", Pages, 0) seconds=3.69083587 stage="runtime_build"
2026-09-09T20:54:21.804411Z  INFO transparent_shard_server::service: prewarm finished warm=28 target=28 failed=0 seconds=3.849335013
2026-09-09T20:54:21.804489Z DEBUG transparent_shard_server::live: publication preparation stages map=32426d9e9300c44558210d8540b636402af2b3c322627f9e9f26e0082b489725 loading_seconds=0.604500671 warming_seconds=3.849452844
2026-09-09T20:54:21.866635Z  INFO transparent_shard_server::runtime: retired runtime memory reclaimed rss_before=4990210048 rss_after=4500295680
2026-09-09T20:54:21.913422Z DEBUG transparent_shard_server::runtime: runtime stage key=("5b7ee9849d47f5ee67d04eb6ca4588beacf42dce75e5a1b481dfd02607b1fb20", Pages, 0) seconds=1.426e-6 stage="restore_slot"
2026-09-09T20:54:22.409907Z DEBUG transparent_shard_server::runtime: runtime stage key=("268f5c527d35817d37919707b04a706c850d449156baa071b5438dbf8eb53aec", Directory, 0) seconds=2.219e-6 stage="restore_slot"
2026-09-09T20:54:22.410048Z DEBUG transparent_shard_server::runtime: runtime stage key=("268f5c527d35817d37919707b04a706c850d449156baa071b5438dbf8eb53aec", Pages, 0) seconds=3.98e-7 stage="restore_slot"
2026-09-09T20:54:22.410113Z DEBUG transparent_shard_server::runtime: runtime stage key=("268f5c527d35817d37919707b04a706c850d449156baa071b5438dbf8eb53aec", Directory, 0) seconds=5.3283e-5 hit=false stage="disk_restore"
2026-09-09T20:54:22.410143Z DEBUG transparent_shard_server::runtime: runtime stage key=("268f5c527d35817d37919707b04a706c850d449156baa071b5438dbf8eb53aec", Directory, 0) seconds=4.5e-7 stage="build_slot"
2026-09-09T20:54:22.410145Z DEBUG transparent_shard_server::runtime: runtime stage key=("268f5c527d35817d37919707b04a706c850d449156baa071b5438dbf8eb53aec", Pages, 0) seconds=1.3268e-5 hit=false stage="disk_restore"
2026-09-09T20:54:22.410168Z DEBUG transparent_shard_server::memory: cold build admission wait seconds=2.066e-5 admitted=true
2026-09-09T20:54:22.410191Z DEBUG transparent_shard_server::runtime: runtime stage key=("268f5c527d35817d37919707b04a706c850d449156baa071b5438dbf8eb53aec", Pages, 0) seconds=1.48e-7 stage="build_slot"
2026-09-09T20:54:22.410214Z DEBUG transparent_shard_server::memory: cold build admission wait seconds=1.9679e-5 admitted=true
2026-09-09T20:54:22.498190Z DEBUG transparent_shard_server::runtime: runtime stage key=("be059aab39ac34125e0452548d6fbcfb1e7cdb7237a597bd59ee86011ed4882b", Directory, 0) seconds=0.721318554 stage="disk_save"
2026-09-09T20:54:22.600147Z DEBUG transparent_shard_server::runtime: runtime stage key=("268f5c527d35817d37919707b04a706c850d449156baa071b5438dbf8eb53aec", Directory, 0) seconds=0.1899508 stage="source_load"
2026-09-09T20:54:22.605575Z DEBUG transparent_shard_server::runtime: runtime stage key=("268f5c527d35817d37919707b04a706c850d449156baa071b5438dbf8eb53aec", Pages, 0) seconds=0.195336598 stage="source_load"
2026-09-09T20:54:22.666312Z DEBUG transparent_shard_server::runtime: runtime stage key=("5b7ee9849d47f5ee67d04eb6ca4588beacf42dce75e5a1b481dfd02607b1fb20", Pages, 0) seconds=0.752761366 hit=true stage="disk_restore"
2026-09-09T20:54:22.791534Z DEBUG transparent_shard_server::runtime: runtime stage key=("5b7ee9849d47f5ee67d04eb6ca4588beacf42dce75e5a1b481dfd02607b1fb20", Pages, 0) seconds=0.125175167 stage="source_verify"
2026-09-09T20:54:22.791573Z  INFO transparent_shard_server::runtime: restored runtime cache seconds=0.878023708
2026-09-09T20:54:22.824438Z DEBUG transparent_shard_server::service: query stage revision=5b7ee9849d47f5ee67d04eb6ca4588beacf42dce75e5a1b481dfd02607b1fb20 table="pages" seconds=2.928e-6 stage="query_admission"
2026-09-09T20:54:22.824472Z DEBUG transparent_shard_server::service: query stage revision=5b7ee9849d47f5ee67d04eb6ca4588beacf42dce75e5a1b481dfd02607b1fb20 table="pages" seconds=5.305e-6 stage="query_runtime"
2026-09-09T20:54:22.824548Z DEBUG transparent_shard_server::service: query stage revision=5b7ee9849d47f5ee67d04eb6ca4588beacf42dce75e5a1b481dfd02607b1fb20 table="pages" seconds=7.3105e-5 admitted=true stage="query_memory_admission"
2026-09-09T20:54:22.824576Z DEBUG transparent_shard_server::service: query stage revision=5b7ee9849d47f5ee67d04eb6ca4588beacf42dce75e5a1b481dfd02607b1fb20 table="pages" seconds=2.227e-5 stage="query_dispatch"
2026-09-09T20:54:22.824716Z DEBUG transparent_shard_server::service: query stage revision=5b7ee9849d47f5ee67d04eb6ca4588beacf42dce75e5a1b481dfd02607b1fb20 table="pages" seconds=1.104e-6 stage="query_admission"
2026-09-09T20:54:22.824725Z DEBUG transparent_shard_server::service: query stage revision=5b7ee9849d47f5ee67d04eb6ca4588beacf42dce75e5a1b481dfd02607b1fb20 table="pages" seconds=3.152e-6 stage="query_runtime"
2026-09-09T20:54:22.824782Z DEBUG transparent_shard_server::service: query stage revision=5b7ee9849d47f5ee67d04eb6ca4588beacf42dce75e5a1b481dfd02607b1fb20 table="pages" seconds=5.3551e-5 admitted=true stage="query_memory_admission"
2026-09-09T20:54:22.824812Z DEBUG transparent_shard_server::service: query stage revision=5b7ee9849d47f5ee67d04eb6ca4588beacf42dce75e5a1b481dfd02607b1fb20 table="pages" seconds=2.5297e-5 stage="query_dispatch"
2026-09-09T20:54:22.857892Z DEBUG transparent_shard_server::service: query stage revision=5b7ee9849d47f5ee67d04eb6ca4588beacf42dce75e5a1b481dfd02607b1fb20 table="pages" seconds=0.033062626 stage="query_evaluate"
2026-09-09T20:54:22.863723Z DEBUG transparent_shard_server::service: query stage revision=5b7ee9849d47f5ee67d04eb6ca4588beacf42dce75e5a1b481dfd02607b1fb20 table="pages" seconds=0.039131419 stage="query_evaluate"
2026-09-09T20:54:22.915532Z DEBUG transparent_shard_server::runtime: construction stage geometry="recent-8k" table="directory" seconds=0.315349624 stage="encode_database"
2026-09-09T20:54:22.915704Z DEBUG transparent_shard_server::runtime: construction stage geometry="recent-8k" table="directory" seconds=0.000138939 stage="public_setup"
2026-09-09T20:54:22.955059Z DEBUG transparent_shard_server::runtime: construction stage geometry="recent-8k" table="pages" seconds=0.349456733 stage="encode_database"
2026-09-09T20:54:22.955166Z DEBUG transparent_shard_server::runtime: construction stage geometry="recent-8k" table="pages" seconds=7.7369e-5 stage="public_setup"
2026-09-09T20:54:23.034268Z DEBUG transparent_shard_server::service: query stage revision=be059aab39ac34125e0452548d6fbcfb1e7cdb7237a597bd59ee86011ed4882b table="directory" seconds=2.345e-6 stage="query_admission"
2026-09-09T20:54:23.034299Z DEBUG transparent_shard_server::service: query stage revision=be059aab39ac34125e0452548d6fbcfb1e7cdb7237a597bd59ee86011ed4882b table="directory" seconds=5.874e-6 stage="query_runtime"
2026-09-09T20:54:23.034368Z DEBUG transparent_shard_server::service: query stage revision=be059aab39ac34125e0452548d6fbcfb1e7cdb7237a597bd59ee86011ed4882b table="directory" seconds=6.6595e-5 admitted=true stage="query_memory_admission"
2026-09-09T20:54:23.034464Z DEBUG transparent_shard_server::service: query stage revision=be059aab39ac34125e0452548d6fbcfb1e7cdb7237a597bd59ee86011ed4882b table="directory" seconds=8.94e-7 stage="query_admission"
2026-09-09T20:54:23.034470Z DEBUG transparent_shard_server::service: query stage revision=be059aab39ac34125e0452548d6fbcfb1e7cdb7237a597bd59ee86011ed4882b table="directory" seconds=2.47e-6 stage="query_runtime"
2026-09-09T20:54:23.034507Z DEBUG transparent_shard_server::service: query stage revision=be059aab39ac34125e0452548d6fbcfb1e7cdb7237a597bd59ee86011ed4882b table="directory" seconds=2.7105e-5 admitted=true stage="query_memory_admission"
2026-09-09T20:54:23.038202Z DEBUG transparent_shard_server::service: query stage revision=be059aab39ac34125e0452548d6fbcfb1e7cdb7237a597bd59ee86011ed4882b table="directory" seconds=0.003828244 stage="query_dispatch"
2026-09-09T20:54:23.039220Z DEBUG transparent_shard_server::service: query stage revision=be059aab39ac34125e0452548d6fbcfb1e7cdb7237a597bd59ee86011ed4882b table="directory" seconds=0.004709027 stage="query_dispatch"
2026-09-09T20:54:23.235194Z DEBUG transparent_shard_server::runtime: runtime stage key=("be059aab39ac34125e0452548d6fbcfb1e7cdb7237a597bd59ee86011ed4882b", Pages, 0) seconds=1.430806404 stage="disk_save"
2026-09-09T20:54:24.045326Z DEBUG transparent_shard_server::runtime: construction stage geometry="recent-8k" table="pages" seconds=1.09015397 stage="hint_columns"
2026-09-09T20:54:24.045802Z DEBUG transparent_shard_server::service: query stage revision=be059aab39ac34125e0452548d6fbcfb1e7cdb7237a597bd59ee86011ed4882b table="directory" seconds=1.007574191 stage="query_evaluate"
2026-09-09T20:54:24.045817Z DEBUG transparent_shard_server::service: query stage revision=be059aab39ac34125e0452548d6fbcfb1e7cdb7237a597bd59ee86011ed4882b table="directory" seconds=1.006572213 stage="query_evaluate"
2026-09-09T20:54:24.058459Z DEBUG transparent_shard_server::runtime: construction stage geometry="recent-8k" table="directory" seconds=1.1427493659999999 stage="hint_columns"
2026-09-09T20:54:24.230684Z DEBUG transparent_shard_server::service: query stage revision=be059aab39ac34125e0452548d6fbcfb1e7cdb7237a597bd59ee86011ed4882b table="pages" seconds=3.612e-6 stage="query_admission"
2026-09-09T20:54:24.230726Z DEBUG transparent_shard_server::service: query stage revision=be059aab39ac34125e0452548d6fbcfb1e7cdb7237a597bd59ee86011ed4882b table="pages" seconds=7.272e-6 stage="query_runtime"
2026-09-09T20:54:24.230802Z DEBUG transparent_shard_server::service: query stage revision=be059aab39ac34125e0452548d6fbcfb1e7cdb7237a597bd59ee86011ed4882b table="pages" seconds=7.31e-5 admitted=true stage="query_memory_admission"
2026-09-09T20:54:24.230842Z DEBUG transparent_shard_server::service: query stage revision=be059aab39ac34125e0452548d6fbcfb1e7cdb7237a597bd59ee86011ed4882b table="pages" seconds=3.3551e-5 stage="query_dispatch"
2026-09-09T20:54:24.234177Z DEBUG transparent_shard_server::service: query stage revision=be059aab39ac34125e0452548d6fbcfb1e7cdb7237a597bd59ee86011ed4882b table="pages" seconds=1.906e-6 stage="query_admission"
2026-09-09T20:54:24.234208Z DEBUG transparent_shard_server::service: query stage revision=be059aab39ac34125e0452548d6fbcfb1e7cdb7237a597bd59ee86011ed4882b table="pages" seconds=4.983e-6 stage="query_runtime"
2026-09-09T20:54:24.234275Z DEBUG transparent_shard_server::service: query stage revision=be059aab39ac34125e0452548d6fbcfb1e7cdb7237a597bd59ee86011ed4882b table="pages" seconds=6.334e-5 admitted=true stage="query_memory_admission"
2026-09-09T20:54:24.234297Z DEBUG transparent_shard_server::service: query stage revision=be059aab39ac34125e0452548d6fbcfb1e7cdb7237a597bd59ee86011ed4882b table="pages" seconds=1.5356e-5 stage="query_dispatch"
2026-09-09T20:54:24.256639Z DEBUG transparent_shard_server::service: query stage revision=be059aab39ac34125e0452548d6fbcfb1e7cdb7237a597bd59ee86011ed4882b table="pages" seconds=0.025768026 stage="query_evaluate"
2026-09-09T20:54:24.261706Z DEBUG transparent_shard_server::service: query stage revision=be059aab39ac34125e0452548d6fbcfb1e7cdb7237a597bd59ee86011ed4882b table="pages" seconds=0.027386882 stage="query_evaluate"
2026-09-09T20:54:24.413391Z DEBUG transparent_shard_server::service: query stage revision=be059aab39ac34125e0452548d6fbcfb1e7cdb7237a597bd59ee86011ed4882b table="directory" seconds=3.941e-6 stage="query_admission"
2026-09-09T20:54:24.413447Z DEBUG transparent_shard_server::service: query stage revision=be059aab39ac34125e0452548d6fbcfb1e7cdb7237a597bd59ee86011ed4882b table="directory" seconds=7.756e-6 stage="query_runtime"
2026-09-09T20:54:24.413526Z DEBUG transparent_shard_server::service: query stage revision=be059aab39ac34125e0452548d6fbcfb1e7cdb7237a597bd59ee86011ed4882b table="directory" seconds=7.551e-5 admitted=true stage="query_memory_admission"
2026-09-09T20:54:24.413562Z DEBUG transparent_shard_server::service: query stage revision=be059aab39ac34125e0452548d6fbcfb1e7cdb7237a597bd59ee86011ed4882b table="directory" seconds=3.0726e-5 stage="query_dispatch"
2026-09-09T20:54:24.417435Z DEBUG transparent_shard_server::service: query stage revision=be059aab39ac34125e0452548d6fbcfb1e7cdb7237a597bd59ee86011ed4882b table="directory" seconds=2.178e-6 stage="query_admission"
2026-09-09T20:54:24.417462Z DEBUG transparent_shard_server::service: query stage revision=be059aab39ac34125e0452548d6fbcfb1e7cdb7237a597bd59ee86011ed4882b table="directory" seconds=5.63e-6 stage="query_runtime"
2026-09-09T20:54:24.417523Z DEBUG transparent_shard_server::service: query stage revision=be059aab39ac34125e0452548d6fbcfb1e7cdb7237a597bd59ee86011ed4882b table="directory" seconds=5.7931e-5 admitted=true stage="query_memory_admission"
2026-09-09T20:54:24.417544Z DEBUG transparent_shard_server::service: query stage revision=be059aab39ac34125e0452548d6fbcfb1e7cdb7237a597bd59ee86011ed4882b table="directory" seconds=1.7089e-5 stage="query_dispatch"
2026-09-09T20:54:24.439094Z DEBUG transparent_shard_server::service: query stage revision=be059aab39ac34125e0452548d6fbcfb1e7cdb7237a597bd59ee86011ed4882b table="directory" seconds=0.02551024 stage="query_evaluate"
2026-09-09T20:54:24.439687Z DEBUG transparent_shard_server::service: query stage revision=be059aab39ac34125e0452548d6fbcfb1e7cdb7237a597bd59ee86011ed4882b table="directory" seconds=0.02212883 stage="query_evaluate"
2026-09-09T20:54:24.593234Z DEBUG transparent_shard_server::service: query stage revision=be059aab39ac34125e0452548d6fbcfb1e7cdb7237a597bd59ee86011ed4882b table="pages" seconds=2.223e-6 stage="query_admission"
2026-09-09T20:54:24.593270Z DEBUG transparent_shard_server::service: query stage revision=be059aab39ac34125e0452548d6fbcfb1e7cdb7237a597bd59ee86011ed4882b table="pages" seconds=4.387e-6 stage="query_runtime"
2026-09-09T20:54:24.593346Z DEBUG transparent_shard_server::service: query stage revision=be059aab39ac34125e0452548d6fbcfb1e7cdb7237a597bd59ee86011ed4882b table="pages" seconds=7.2277e-5 admitted=true stage="query_memory_admission"
2026-09-09T20:54:24.593362Z DEBUG transparent_shard_server::service: query stage revision=be059aab39ac34125e0452548d6fbcfb1e7cdb7237a597bd59ee86011ed4882b table="pages" seconds=1.2349e-5 stage="query_dispatch"
2026-09-09T20:54:24.593425Z DEBUG transparent_shard_server::service: query stage revision=be059aab39ac34125e0452548d6fbcfb1e7cdb7237a597bd59ee86011ed4882b table="pages" seconds=2.034e-6 stage="query_admission"
2026-09-09T20:54:24.593445Z DEBUG transparent_shard_server::service: query stage revision=be059aab39ac34125e0452548d6fbcfb1e7cdb7237a597bd59ee86011ed4882b table="pages" seconds=3.963e-6 stage="query_runtime"
2026-09-09T20:54:24.593510Z DEBUG transparent_shard_server::service: query stage revision=be059aab39ac34125e0452548d6fbcfb1e7cdb7237a597bd59ee86011ed4882b table="pages" seconds=6.1887e-5 admitted=true stage="query_memory_admission"
2026-09-09T20:54:24.593548Z DEBUG transparent_shard_server::service: query stage revision=be059aab39ac34125e0452548d6fbcfb1e7cdb7237a597bd59ee86011ed4882b table="pages" seconds=3.3073e-5 stage="query_dispatch"
2026-09-09T20:54:24.616301Z DEBUG transparent_shard_server::service: query stage revision=be059aab39ac34125e0452548d6fbcfb1e7cdb7237a597bd59ee86011ed4882b table="pages" seconds=0.022931895 stage="query_evaluate"
2026-09-09T20:54:24.616308Z DEBUG transparent_shard_server::service: query stage revision=be059aab39ac34125e0452548d6fbcfb1e7cdb7237a597bd59ee86011ed4882b table="pages" seconds=0.022743927 stage="query_evaluate"
2026-09-09T20:54:24.769274Z DEBUG transparent_shard_server::service: query stage revision=be059aab39ac34125e0452548d6fbcfb1e7cdb7237a597bd59ee86011ed4882b table="directory" seconds=2.445e-6 stage="query_admission"
2026-09-09T20:54:24.769309Z DEBUG transparent_shard_server::service: query stage revision=be059aab39ac34125e0452548d6fbcfb1e7cdb7237a597bd59ee86011ed4882b table="directory" seconds=5.425e-6 stage="query_runtime"
2026-09-09T20:54:24.769387Z DEBUG transparent_shard_server::service: query stage revision=be059aab39ac34125e0452548d6fbcfb1e7cdb7237a597bd59ee86011ed4882b table="directory" seconds=7.4755e-5 admitted=true stage="query_memory_admission"
2026-09-09T20:54:24.769399Z DEBUG transparent_shard_server::service: query stage revision=be059aab39ac34125e0452548d6fbcfb1e7cdb7237a597bd59ee86011ed4882b table="directory" seconds=2.33e-6 stage="query_admission"
2026-09-09T20:54:24.769425Z DEBUG transparent_shard_server::service: query stage revision=be059aab39ac34125e0452548d6fbcfb1e7cdb7237a597bd59ee86011ed4882b table="directory" seconds=4.446e-6 stage="query_runtime"
2026-09-09T20:54:24.769423Z DEBUG transparent_shard_server::service: query stage revision=be059aab39ac34125e0452548d6fbcfb1e7cdb7237a597bd59ee86011ed4882b table="directory" seconds=3.1134e-5 stage="query_dispatch"
2026-09-09T20:54:24.769502Z DEBUG transparent_shard_server::service: query stage revision=be059aab39ac34125e0452548d6fbcfb1e7cdb7237a597bd59ee86011ed4882b table="directory" seconds=7.2515e-5 admitted=true stage="query_memory_admission"
2026-09-09T20:54:24.769539Z DEBUG transparent_shard_server::service: query stage revision=be059aab39ac34125e0452548d6fbcfb1e7cdb7237a597bd59ee86011ed4882b table="directory" seconds=3.1006e-5 stage="query_dispatch"
2026-09-09T20:54:24.796343Z DEBUG transparent_shard_server::service: query stage revision=be059aab39ac34125e0452548d6fbcfb1e7cdb7237a597bd59ee86011ed4882b table="directory" seconds=0.026796475 stage="query_evaluate"
2026-09-09T20:54:24.796359Z DEBUG transparent_shard_server::service: query stage revision=be059aab39ac34125e0452548d6fbcfb1e7cdb7237a597bd59ee86011ed4882b table="directory" seconds=0.026918639 stage="query_evaluate"
2026-09-09T20:54:24.952411Z DEBUG transparent_shard_server::service: query stage revision=be059aab39ac34125e0452548d6fbcfb1e7cdb7237a597bd59ee86011ed4882b table="pages" seconds=2.766e-6 stage="query_admission"
2026-09-09T20:54:24.952445Z DEBUG transparent_shard_server::service: query stage revision=be059aab39ac34125e0452548d6fbcfb1e7cdb7237a597bd59ee86011ed4882b table="pages" seconds=4.465e-6 stage="query_runtime"
2026-09-09T20:54:24.952509Z DEBUG transparent_shard_server::service: query stage revision=be059aab39ac34125e0452548d6fbcfb1e7cdb7237a597bd59ee86011ed4882b table="pages" seconds=6.1338e-5 admitted=true stage="query_memory_admission"
2026-09-09T20:54:24.952535Z DEBUG transparent_shard_server::service: query stage revision=be059aab39ac34125e0452548d6fbcfb1e7cdb7237a597bd59ee86011ed4882b table="pages" seconds=2.0654e-5 stage="query_dispatch"
2026-09-09T20:54:24.953598Z DEBUG transparent_shard_server::service: query stage revision=be059aab39ac34125e0452548d6fbcfb1e7cdb7237a597bd59ee86011ed4882b table="pages" seconds=1.475e-6 stage="query_admission"
2026-09-09T20:54:24.953616Z DEBUG transparent_shard_server::service: query stage revision=be059aab39ac34125e0452548d6fbcfb1e7cdb7237a597bd59ee86011ed4882b table="pages" seconds=2.531e-6 stage="query_runtime"
2026-09-09T20:54:24.953663Z DEBUG transparent_shard_server::memory: work memory admission denied current=5157937152 limit=7516192768 held=1342177280 requested=268435456
2026-09-09T20:54:24.964878Z DEBUG transparent_shard_server::memory: work memory admission denied current=5162917888 limit=7516192768 held=1342177280 requested=268435456
2026-09-09T20:54:24.977261Z DEBUG transparent_shard_server::memory: work memory admission denied current=5168160768 limit=7516192768 held=1342177280 requested=268435456
2026-09-09T20:54:24.988451Z DEBUG transparent_shard_server::memory: work memory admission denied current=5172879360 limit=7516192768 held=1342177280 requested=268435456
2026-09-09T20:54:24.999679Z DEBUG transparent_shard_server::memory: work memory admission denied current=5176287232 limit=7516192768 held=1342177280 requested=268435456
2026-09-09T20:54:25.010890Z DEBUG transparent_shard_server::memory: work memory admission denied current=5204860928 limit=7516192768 held=1342177280 requested=268435456
2026-09-09T20:54:25.013320Z DEBUG transparent_shard_server::service: query stage revision=be059aab39ac34125e0452548d6fbcfb1e7cdb7237a597bd59ee86011ed4882b table="pages" seconds=0.06076461 stage="query_evaluate"
2026-09-09T20:54:25.024239Z DEBUG transparent_shard_server::service: query stage revision=be059aab39ac34125e0452548d6fbcfb1e7cdb7237a597bd59ee86011ed4882b table="pages" seconds=0.070619124 admitted=true stage="query_memory_admission"
2026-09-09T20:54:25.024277Z DEBUG transparent_shard_server::service: query stage revision=be059aab39ac34125e0452548d6fbcfb1e7cdb7237a597bd59ee86011ed4882b table="pages" seconds=1.5931e-5 stage="query_dispatch"
2026-09-09T20:54:25.094142Z DEBUG transparent_shard_server::service: query stage revision=be059aab39ac34125e0452548d6fbcfb1e7cdb7237a597bd59ee86011ed4882b table="pages" seconds=0.069848032 stage="query_evaluate"
2026-09-09T20:54:25.171426Z DEBUG transparent_shard_server::service: query stage revision=be059aab39ac34125e0452548d6fbcfb1e7cdb7237a597bd59ee86011ed4882b table="directory" seconds=2.445e-6 stage="query_admission"
2026-09-09T20:54:25.171465Z DEBUG transparent_shard_server::service: query stage revision=be059aab39ac34125e0452548d6fbcfb1e7cdb7237a597bd59ee86011ed4882b table="directory" seconds=6.031e-6 stage="query_runtime"
2026-09-09T20:54:25.171538Z DEBUG transparent_shard_server::service: query stage revision=be059aab39ac34125e0452548d6fbcfb1e7cdb7237a597bd59ee86011ed4882b table="directory" seconds=7.0298e-5 admitted=true stage="query_memory_admission"
2026-09-09T20:54:25.171576Z DEBUG transparent_shard_server::service: query stage revision=be059aab39ac34125e0452548d6fbcfb1e7cdb7237a597bd59ee86011ed4882b table="directory" seconds=3.2071e-5 stage="query_dispatch"
2026-09-09T20:54:25.254417Z DEBUG transparent_shard_server::service: query stage revision=be059aab39ac34125e0452548d6fbcfb1e7cdb7237a597bd59ee86011ed4882b table="directory" seconds=2.3e-6 stage="query_admission"
2026-09-09T20:54:25.254454Z DEBUG transparent_shard_server::service: query stage revision=be059aab39ac34125e0452548d6fbcfb1e7cdb7237a597bd59ee86011ed4882b table="directory" seconds=5.431e-6 stage="query_runtime"
2026-09-09T20:54:25.254521Z DEBUG transparent_shard_server::memory: work memory admission denied current=5213515776 limit=7516192768 held=1342177280 requested=268435456
2026-09-09T20:54:25.265699Z DEBUG transparent_shard_server::memory: work memory admission denied current=5213249536 limit=7516192768 held=1342177280 requested=268435456
2026-09-09T20:54:25.276925Z DEBUG transparent_shard_server::memory: work memory admission denied current=5188489216 limit=7516192768 held=1342177280 requested=268435456
2026-09-09T20:54:25.279725Z DEBUG transparent_shard_server::service: query stage revision=be059aab39ac34125e0452548d6fbcfb1e7cdb7237a597bd59ee86011ed4882b table="directory" seconds=0.108126834 stage="query_evaluate"
2026-09-09T20:54:25.287970Z DEBUG transparent_shard_server::service: query stage revision=be059aab39ac34125e0452548d6fbcfb1e7cdb7237a597bd59ee86011ed4882b table="directory" seconds=0.033511458 admitted=true stage="query_memory_admission"
2026-09-09T20:54:25.288011Z DEBUG transparent_shard_server::service: query stage revision=be059aab39ac34125e0452548d6fbcfb1e7cdb7237a597bd59ee86011ed4882b table="directory" seconds=1.6612e-5 stage="query_dispatch"
2026-09-09T20:54:25.302712Z DEBUG transparent_shard_server::service: query stage revision=be059aab39ac34125e0452548d6fbcfb1e7cdb7237a597bd59ee86011ed4882b table="directory" seconds=0.014687397 stage="query_evaluate"
2026-09-09T20:54:25.434093Z DEBUG transparent_shard_server::service: query stage revision=be059aab39ac34125e0452548d6fbcfb1e7cdb7237a597bd59ee86011ed4882b table="pages" seconds=2.235e-6 stage="query_admission"
2026-09-09T20:54:25.434139Z DEBUG transparent_shard_server::service: query stage revision=be059aab39ac34125e0452548d6fbcfb1e7cdb7237a597bd59ee86011ed4882b table="pages" seconds=4.087e-6 stage="query_runtime"
2026-09-09T20:54:25.434223Z DEBUG transparent_shard_server::service: query stage revision=be059aab39ac34125e0452548d6fbcfb1e7cdb7237a597bd59ee86011ed4882b table="pages" seconds=8.0267e-5 admitted=true stage="query_memory_admission"
2026-09-09T20:54:25.434249Z DEBUG transparent_shard_server::service: query stage revision=be059aab39ac34125e0452548d6fbcfb1e7cdb7237a597bd59ee86011ed4882b table="pages" seconds=1.8772e-5 stage="query_dispatch"
2026-09-09T20:54:25.446734Z DEBUG transparent_shard_server::service: query stage revision=be059aab39ac34125e0452548d6fbcfb1e7cdb7237a597bd59ee86011ed4882b table="pages" seconds=0.012464506 stage="query_evaluate"
2026-09-09T20:54:25.458597Z DEBUG transparent_shard_server::service: query stage revision=be059aab39ac34125e0452548d6fbcfb1e7cdb7237a597bd59ee86011ed4882b table="pages" seconds=2.662e-6 stage="query_admission"
2026-09-09T20:54:25.458626Z DEBUG transparent_shard_server::service: query stage revision=be059aab39ac34125e0452548d6fbcfb1e7cdb7237a597bd59ee86011ed4882b table="pages" seconds=4.365e-6 stage="query_runtime"
2026-09-09T20:54:25.458669Z DEBUG transparent_shard_server::service: query stage revision=be059aab39ac34125e0452548d6fbcfb1e7cdb7237a597bd59ee86011ed4882b table="pages" seconds=4.0722e-5 admitted=true stage="query_memory_admission"
2026-09-09T20:54:25.458692Z DEBUG transparent_shard_server::service: query stage revision=be059aab39ac34125e0452548d6fbcfb1e7cdb7237a597bd59ee86011ed4882b table="pages" seconds=1.7316e-5 stage="query_dispatch"
2026-09-09T20:54:25.471149Z DEBUG transparent_shard_server::service: query stage revision=be059aab39ac34125e0452548d6fbcfb1e7cdb7237a597bd59ee86011ed4882b table="pages" seconds=0.012439652 stage="query_evaluate"
2026-09-09T20:54:25.602175Z DEBUG transparent_shard_server::service: query stage revision=be059aab39ac34125e0452548d6fbcfb1e7cdb7237a597bd59ee86011ed4882b table="directory" seconds=2.245e-6 stage="query_admission"
2026-09-09T20:54:25.602209Z DEBUG transparent_shard_server::service: query stage revision=be059aab39ac34125e0452548d6fbcfb1e7cdb7237a597bd59ee86011ed4882b table="directory" seconds=4.776e-6 stage="query_runtime"
2026-09-09T20:54:25.602283Z DEBUG transparent_shard_server::service: query stage revision=be059aab39ac34125e0452548d6fbcfb1e7cdb7237a597bd59ee86011ed4882b table="directory" seconds=7.1398e-5 admitted=true stage="query_memory_admission"
2026-09-09T20:54:25.602305Z DEBUG transparent_shard_server::service: query stage revision=be059aab39ac34125e0452548d6fbcfb1e7cdb7237a597bd59ee86011ed4882b table="directory" seconds=1.5635e-5 stage="query_dispatch"
2026-09-09T20:54:25.615790Z DEBUG transparent_shard_server::service: query stage revision=be059aab39ac34125e0452548d6fbcfb1e7cdb7237a597bd59ee86011ed4882b table="directory" seconds=0.01346745 stage="query_evaluate"
2026-09-09T20:54:25.626913Z DEBUG transparent_shard_server::service: query stage revision=be059aab39ac34125e0452548d6fbcfb1e7cdb7237a597bd59ee86011ed4882b table="directory" seconds=2.78e-6 stage="query_admission"
2026-09-09T20:54:25.626946Z DEBUG transparent_shard_server::service: query stage revision=be059aab39ac34125e0452548d6fbcfb1e7cdb7237a597bd59ee86011ed4882b table="directory" seconds=5.533e-6 stage="query_runtime"
2026-09-09T20:54:25.627015Z DEBUG transparent_shard_server::service: query stage revision=be059aab39ac34125e0452548d6fbcfb1e7cdb7237a597bd59ee86011ed4882b table="directory" seconds=6.5666e-5 admitted=true stage="query_memory_admission"
2026-09-09T20:54:25.627046Z DEBUG transparent_shard_server::service: query stage revision=be059aab39ac34125e0452548d6fbcfb1e7cdb7237a597bd59ee86011ed4882b table="directory" seconds=2.5501e-5 stage="query_dispatch"
2026-09-09T20:54:25.639537Z DEBUG transparent_shard_server::service: query stage revision=be059aab39ac34125e0452548d6fbcfb1e7cdb7237a597bd59ee86011ed4882b table="directory" seconds=0.012470533 stage="query_evaluate"
2026-09-09T20:54:25.772265Z DEBUG transparent_shard_server::service: query stage revision=be059aab39ac34125e0452548d6fbcfb1e7cdb7237a597bd59ee86011ed4882b table="pages" seconds=2.532e-6 stage="query_admission"
2026-09-09T20:54:25.772301Z DEBUG transparent_shard_server::service: query stage revision=be059aab39ac34125e0452548d6fbcfb1e7cdb7237a597bd59ee86011ed4882b table="pages" seconds=5.095e-6 stage="query_runtime"
2026-09-09T20:54:25.772355Z DEBUG transparent_shard_server::service: query stage revision=be059aab39ac34125e0452548d6fbcfb1e7cdb7237a597bd59ee86011ed4882b table="pages" seconds=5.0249e-5 admitted=true stage="query_memory_admission"
2026-09-09T20:54:25.773175Z DEBUG transparent_shard_server::service: query stage revision=be059aab39ac34125e0452548d6fbcfb1e7cdb7237a597bd59ee86011ed4882b table="pages" seconds=0.000814891 stage="query_dispatch"
2026-09-09T20:54:25.785378Z DEBUG transparent_shard_server::service: query stage revision=be059aab39ac34125e0452548d6fbcfb1e7cdb7237a597bd59ee86011ed4882b table="pages" seconds=0.012177361 stage="query_evaluate"
2026-09-09T20:54:25.794952Z DEBUG transparent_shard_server::service: query stage revision=be059aab39ac34125e0452548d6fbcfb1e7cdb7237a597bd59ee86011ed4882b table="pages" seconds=2.606e-6 stage="query_admission"
2026-09-09T20:54:25.794977Z DEBUG transparent_shard_server::service: query stage revision=be059aab39ac34125e0452548d6fbcfb1e7cdb7237a597bd59ee86011ed4882b table="pages" seconds=4.659e-6 stage="query_runtime"
2026-09-09T20:54:25.795038Z DEBUG transparent_shard_server::service: query stage revision=be059aab39ac34125e0452548d6fbcfb1e7cdb7237a597bd59ee86011ed4882b table="pages" seconds=5.8634e-5 admitted=true stage="query_memory_admission"
2026-09-09T20:54:25.795348Z DEBUG transparent_shard_server::service: query stage revision=be059aab39ac34125e0452548d6fbcfb1e7cdb7237a597bd59ee86011ed4882b table="pages" seconds=0.000305474 stage="query_dispatch"
2026-09-09T20:54:25.807833Z DEBUG transparent_shard_server::service: query stage revision=be059aab39ac34125e0452548d6fbcfb1e7cdb7237a597bd59ee86011ed4882b table="pages" seconds=0.012461588 stage="query_evaluate"
2026-09-09T20:54:25.938844Z DEBUG transparent_shard_server::service: query stage revision=be059aab39ac34125e0452548d6fbcfb1e7cdb7237a597bd59ee86011ed4882b table="directory" seconds=2.145e-6 stage="query_admission"
2026-09-09T20:54:25.938876Z DEBUG transparent_shard_server::service: query stage revision=be059aab39ac34125e0452548d6fbcfb1e7cdb7237a597bd59ee86011ed4882b table="directory" seconds=2.887e-6 stage="query_runtime"
2026-09-09T20:54:25.938943Z DEBUG transparent_shard_server::service: query stage revision=be059aab39ac34125e0452548d6fbcfb1e7cdb7237a597bd59ee86011ed4882b table="directory" seconds=6.4326e-5 admitted=true stage="query_memory_admission"
2026-09-09T20:54:25.938983Z DEBUG transparent_shard_server::service: query stage revision=be059aab39ac34125e0452548d6fbcfb1e7cdb7237a597bd59ee86011ed4882b table="directory" seconds=3.6483e-5 stage="query_dispatch"
2026-09-09T20:54:25.951303Z DEBUG transparent_shard_server::service: query stage revision=be059aab39ac34125e0452548d6fbcfb1e7cdb7237a597bd59ee86011ed4882b table="directory" seconds=0.012312846 stage="query_evaluate"
2026-09-09T20:54:25.960879Z DEBUG transparent_shard_server::service: query stage revision=be059aab39ac34125e0452548d6fbcfb1e7cdb7237a597bd59ee86011ed4882b table="directory" seconds=2.033e-6 stage="query_admission"
2026-09-09T20:54:25.960901Z DEBUG transparent_shard_server::service: query stage revision=be059aab39ac34125e0452548d6fbcfb1e7cdb7237a597bd59ee86011ed4882b table="directory" seconds=4.106e-6 stage="query_runtime"
2026-09-09T20:54:25.960966Z DEBUG transparent_shard_server::service: query stage revision=be059aab39ac34125e0452548d6fbcfb1e7cdb7237a597bd59ee86011ed4882b table="directory" seconds=6.096e-5 admitted=true stage="query_memory_admission"
2026-09-09T20:54:25.964184Z DEBUG transparent_shard_server::service: query stage revision=be059aab39ac34125e0452548d6fbcfb1e7cdb7237a597bd59ee86011ed4882b table="directory" seconds=0.003213603 stage="query_dispatch"
2026-09-09T20:54:25.976558Z DEBUG transparent_shard_server::service: query stage revision=be059aab39ac34125e0452548d6fbcfb1e7cdb7237a597bd59ee86011ed4882b table="directory" seconds=0.012346697 stage="query_evaluate"
2026-09-09T20:54:26.104858Z DEBUG transparent_shard_server::service: query stage revision=be059aab39ac34125e0452548d6fbcfb1e7cdb7237a597bd59ee86011ed4882b table="pages" seconds=2.314e-6 stage="query_admission"
2026-09-09T20:54:26.104914Z DEBUG transparent_shard_server::service: query stage revision=be059aab39ac34125e0452548d6fbcfb1e7cdb7237a597bd59ee86011ed4882b table="pages" seconds=4.438e-6 stage="query_runtime"
2026-09-09T20:54:26.104991Z DEBUG transparent_shard_server::service: query stage revision=be059aab39ac34125e0452548d6fbcfb1e7cdb7237a597bd59ee86011ed4882b table="pages" seconds=7.2767e-5 admitted=true stage="query_memory_admission"
2026-09-09T20:54:26.105033Z DEBUG transparent_shard_server::service: query stage revision=be059aab39ac34125e0452548d6fbcfb1e7cdb7237a597bd59ee86011ed4882b table="pages" seconds=3.6743e-5 stage="query_dispatch"
2026-09-09T20:54:26.117480Z DEBUG transparent_shard_server::service: query stage revision=be059aab39ac34125e0452548d6fbcfb1e7cdb7237a597bd59ee86011ed4882b table="pages" seconds=0.012427814 stage="query_evaluate"
2026-09-09T20:54:26.131980Z DEBUG transparent_shard_server::service: query stage revision=be059aab39ac34125e0452548d6fbcfb1e7cdb7237a597bd59ee86011ed4882b table="pages" seconds=2.466e-6 stage="query_admission"
2026-09-09T20:54:26.132009Z DEBUG transparent_shard_server::service: query stage revision=be059aab39ac34125e0452548d6fbcfb1e7cdb7237a597bd59ee86011ed4882b table="pages" seconds=4.991e-6 stage="query_runtime"
2026-09-09T20:54:26.132093Z DEBUG transparent_shard_server::service: query stage revision=be059aab39ac34125e0452548d6fbcfb1e7cdb7237a597bd59ee86011ed4882b table="pages" seconds=8.0711e-5 admitted=true stage="query_memory_admission"
2026-09-09T20:54:26.132107Z DEBUG transparent_shard_server::service: query stage revision=be059aab39ac34125e0452548d6fbcfb1e7cdb7237a597bd59ee86011ed4882b table="pages" seconds=1.0446e-5 stage="query_dispatch"
2026-09-09T20:54:26.144408Z DEBUG transparent_shard_server::service: query stage revision=be059aab39ac34125e0452548d6fbcfb1e7cdb7237a597bd59ee86011ed4882b table="pages" seconds=0.012294691 stage="query_evaluate"
2026-09-09T20:54:26.195273Z DEBUG transparent_shard_server::runtime: construction stage geometry="recent-8k" table="directory" seconds=2.136783167 stage="pack_preprocessing"
2026-09-09T20:54:26.195576Z DEBUG transparent_shard_server::runtime: construction stage geometry="recent-8k" table="directory" seconds=0.000266037 stage="publish_parameters"
2026-09-09T20:54:26.199354Z DEBUG transparent_shard_server::runtime: runtime stage key=("268f5c527d35817d37919707b04a706c850d449156baa071b5438dbf8eb53aec", Directory, 0) seconds=3.599172074 stage="runtime_build"
2026-09-09T20:54:26.272584Z DEBUG transparent_shard_server::service: query stage revision=be059aab39ac34125e0452548d6fbcfb1e7cdb7237a597bd59ee86011ed4882b table="directory" seconds=2.511e-6 stage="query_admission"
2026-09-09T20:54:26.272611Z DEBUG transparent_shard_server::service: query stage revision=be059aab39ac34125e0452548d6fbcfb1e7cdb7237a597bd59ee86011ed4882b table="directory" seconds=2.621e-6 stage="query_runtime"
2026-09-09T20:54:26.272683Z DEBUG transparent_shard_server::service: query stage revision=be059aab39ac34125e0452548d6fbcfb1e7cdb7237a597bd59ee86011ed4882b table="directory" seconds=6.9497e-5 admitted=true stage="query_memory_admission"
2026-09-09T20:54:26.272710Z DEBUG transparent_shard_server::service: query stage revision=be059aab39ac34125e0452548d6fbcfb1e7cdb7237a597bd59ee86011ed4882b table="directory" seconds=2.0437e-5 stage="query_dispatch"
2026-09-09T20:54:26.306416Z DEBUG transparent_shard_server::service: query stage revision=be059aab39ac34125e0452548d6fbcfb1e7cdb7237a597bd59ee86011ed4882b table="directory" seconds=2.65e-6 stage="query_admission"
2026-09-09T20:54:26.306459Z DEBUG transparent_shard_server::service: query stage revision=be059aab39ac34125e0452548d6fbcfb1e7cdb7237a597bd59ee86011ed4882b table="directory" seconds=5.586e-6 stage="query_runtime"
2026-09-09T20:54:26.306532Z DEBUG transparent_shard_server::service: query stage revision=be059aab39ac34125e0452548d6fbcfb1e7cdb7237a597bd59ee86011ed4882b table="directory" seconds=6.9329e-5 admitted=true stage="query_memory_admission"
2026-09-09T20:54:26.306563Z DEBUG transparent_shard_server::service: query stage revision=be059aab39ac34125e0452548d6fbcfb1e7cdb7237a597bd59ee86011ed4882b table="directory" seconds=2.7242e-5 stage="query_dispatch"
2026-09-09T20:54:26.358472Z DEBUG transparent_shard_server::service: query stage revision=be059aab39ac34125e0452548d6fbcfb1e7cdb7237a597bd59ee86011ed4882b table="directory" seconds=0.085742938 stage="query_evaluate"
2026-09-09T20:54:26.359080Z DEBUG transparent_shard_server::service: query stage revision=be059aab39ac34125e0452548d6fbcfb1e7cdb7237a597bd59ee86011ed4882b table="directory" seconds=0.052511417 stage="query_evaluate"
2026-09-09T20:54:26.513095Z DEBUG transparent_shard_server::service: query stage revision=be059aab39ac34125e0452548d6fbcfb1e7cdb7237a597bd59ee86011ed4882b table="pages" seconds=3.446e-6 stage="query_admission"
2026-09-09T20:54:26.513130Z DEBUG transparent_shard_server::service: query stage revision=be059aab39ac34125e0452548d6fbcfb1e7cdb7237a597bd59ee86011ed4882b table="pages" seconds=6.924e-6 stage="query_runtime"
2026-09-09T20:54:26.513233Z DEBUG transparent_shard_server::service: query stage revision=be059aab39ac34125e0452548d6fbcfb1e7cdb7237a597bd59ee86011ed4882b table="pages" seconds=9.8215e-5 admitted=true stage="query_memory_admission"
2026-09-09T20:54:26.513265Z DEBUG transparent_shard_server::service: query stage revision=be059aab39ac34125e0452548d6fbcfb1e7cdb7237a597bd59ee86011ed4882b table="pages" seconds=1.9391e-5 stage="query_dispatch"
2026-09-09T20:54:26.513394Z DEBUG transparent_shard_server::service: query stage revision=be059aab39ac34125e0452548d6fbcfb1e7cdb7237a597bd59ee86011ed4882b table="pages" seconds=1.284e-6 stage="query_admission"
2026-09-09T20:54:26.513404Z DEBUG transparent_shard_server::service: query stage revision=be059aab39ac34125e0452548d6fbcfb1e7cdb7237a597bd59ee86011ed4882b table="pages" seconds=3.668e-6 stage="query_runtime"
2026-09-09T20:54:26.513441Z DEBUG transparent_shard_server::service: query stage revision=be059aab39ac34125e0452548d6fbcfb1e7cdb7237a597bd59ee86011ed4882b table="pages" seconds=3.4426e-5 admitted=true stage="query_memory_admission"
2026-09-09T20:54:26.513462Z DEBUG transparent_shard_server::service: query stage revision=be059aab39ac34125e0452548d6fbcfb1e7cdb7237a597bd59ee86011ed4882b table="pages" seconds=1.6374e-5 stage="query_dispatch"
2026-09-09T20:54:26.543298Z DEBUG transparent_shard_server::service: query stage revision=be059aab39ac34125e0452548d6fbcfb1e7cdb7237a597bd59ee86011ed4882b table="pages" seconds=0.030014857 stage="query_evaluate"
2026-09-09T20:54:26.559757Z DEBUG transparent_shard_server::service: query stage revision=be059aab39ac34125e0452548d6fbcfb1e7cdb7237a597bd59ee86011ed4882b table="pages" seconds=0.046280055 stage="query_evaluate"
2026-09-09T20:54:26.706787Z DEBUG transparent_shard_server::service: query stage revision=be059aab39ac34125e0452548d6fbcfb1e7cdb7237a597bd59ee86011ed4882b table="directory" seconds=2.827e-6 stage="query_admission"
2026-09-09T20:54:26.706818Z DEBUG transparent_shard_server::service: query stage revision=be059aab39ac34125e0452548d6fbcfb1e7cdb7237a597bd59ee86011ed4882b table="directory" seconds=6.371e-6 stage="query_runtime"
2026-09-09T20:54:26.706876Z DEBUG transparent_shard_server::service: query stage revision=be059aab39ac34125e0452548d6fbcfb1e7cdb7237a597bd59ee86011ed4882b table="directory" seconds=5.3061e-5 admitted=true stage="query_memory_admission"
2026-09-09T20:54:26.706892Z DEBUG transparent_shard_server::service: query stage revision=be059aab39ac34125e0452548d6fbcfb1e7cdb7237a597bd59ee86011ed4882b table="directory" seconds=1.1297e-5 stage="query_dispatch"
2026-09-09T20:54:26.714081Z DEBUG transparent_shard_server::service: query stage revision=be059aab39ac34125e0452548d6fbcfb1e7cdb7237a597bd59ee86011ed4882b table="directory" seconds=2.665e-6 stage="query_admission"
2026-09-09T20:54:26.714104Z DEBUG transparent_shard_server::service: query stage revision=be059aab39ac34125e0452548d6fbcfb1e7cdb7237a597bd59ee86011ed4882b table="directory" seconds=4.891e-6 stage="query_runtime"
2026-09-09T20:54:26.714160Z DEBUG transparent_shard_server::service: query stage revision=be059aab39ac34125e0452548d6fbcfb1e7cdb7237a597bd59ee86011ed4882b table="directory" seconds=5.2419e-5 admitted=true stage="query_memory_admission"
2026-09-09T20:54:26.714188Z DEBUG transparent_shard_server::service: query stage revision=be059aab39ac34125e0452548d6fbcfb1e7cdb7237a597bd59ee86011ed4882b table="directory" seconds=2.2879e-5 stage="query_dispatch"
2026-09-09T20:54:26.740763Z DEBUG transparent_shard_server::service: query stage revision=be059aab39ac34125e0452548d6fbcfb1e7cdb7237a597bd59ee86011ed4882b table="directory" seconds=0.026551535 stage="query_evaluate"
2026-09-09T20:54:26.754267Z DEBUG transparent_shard_server::service: query stage revision=be059aab39ac34125e0452548d6fbcfb1e7cdb7237a597bd59ee86011ed4882b table="directory" seconds=0.047360705 stage="query_evaluate"
2026-09-09T20:54:26.875172Z DEBUG transparent_shard_server::runtime: runtime stage key=("268f5c527d35817d37919707b04a706c850d449156baa071b5438dbf8eb53aec", Directory, 0) seconds=0.675751571 stage="disk_save"
2026-09-09T20:54:26.897907Z DEBUG transparent_shard_server::service: query stage revision=be059aab39ac34125e0452548d6fbcfb1e7cdb7237a597bd59ee86011ed4882b table="pages" seconds=2.456e-6 stage="query_admission"
2026-09-09T20:54:26.897945Z DEBUG transparent_shard_server::service: query stage revision=be059aab39ac34125e0452548d6fbcfb1e7cdb7237a597bd59ee86011ed4882b table="pages" seconds=4.921e-6 stage="query_runtime"
2026-09-09T20:54:26.898036Z DEBUG transparent_shard_server::service: query stage revision=be059aab39ac34125e0452548d6fbcfb1e7cdb7237a597bd59ee86011ed4882b table="pages" seconds=7.5686e-5 admitted=true stage="query_memory_admission"
2026-09-09T20:54:26.898284Z DEBUG transparent_shard_server::service: query stage revision=be059aab39ac34125e0452548d6fbcfb1e7cdb7237a597bd59ee86011ed4882b table="pages" seconds=0.000244315 stage="query_dispatch"
2026-09-09T20:54:26.911073Z DEBUG transparent_shard_server::service: query stage revision=be059aab39ac34125e0452548d6fbcfb1e7cdb7237a597bd59ee86011ed4882b table="pages" seconds=2.368e-6 stage="query_admission"
2026-09-09T20:54:26.911105Z DEBUG transparent_shard_server::service: query stage revision=be059aab39ac34125e0452548d6fbcfb1e7cdb7237a597bd59ee86011ed4882b table="pages" seconds=4.403e-6 stage="query_runtime"
2026-09-09T20:54:26.911149Z DEBUG transparent_shard_server::service: query stage revision=be059aab39ac34125e0452548d6fbcfb1e7cdb7237a597bd59ee86011ed4882b table="pages" seconds=4.0306e-5 admitted=true stage="query_memory_admission"
2026-09-09T20:54:26.911237Z DEBUG transparent_shard_server::service: query stage revision=be059aab39ac34125e0452548d6fbcfb1e7cdb7237a597bd59ee86011ed4882b table="pages" seconds=6.713e-5 stage="query_dispatch"
2026-09-09T20:54:26.929408Z DEBUG transparent_shard_server::service: query stage revision=be059aab39ac34125e0452548d6fbcfb1e7cdb7237a597bd59ee86011ed4882b table="pages" seconds=0.03111178 stage="query_evaluate"
2026-09-09T20:54:26.939732Z DEBUG transparent_shard_server::service: query stage revision=be059aab39ac34125e0452548d6fbcfb1e7cdb7237a597bd59ee86011ed4882b table="pages" seconds=0.028466027 stage="query_evaluate"
2026-09-09T20:54:27.085294Z DEBUG transparent_shard_server::service: query stage revision=be059aab39ac34125e0452548d6fbcfb1e7cdb7237a597bd59ee86011ed4882b table="directory" seconds=2.156e-6 stage="query_admission"
2026-09-09T20:54:27.085333Z DEBUG transparent_shard_server::service: query stage revision=be059aab39ac34125e0452548d6fbcfb1e7cdb7237a597bd59ee86011ed4882b table="directory" seconds=6.708e-6 stage="query_runtime"
2026-09-09T20:54:27.085420Z DEBUG transparent_shard_server::service: query stage revision=be059aab39ac34125e0452548d6fbcfb1e7cdb7237a597bd59ee86011ed4882b table="directory" seconds=7.0399e-5 admitted=true stage="query_memory_admission"
2026-09-09T20:54:27.085437Z DEBUG transparent_shard_server::service: query stage revision=be059aab39ac34125e0452548d6fbcfb1e7cdb7237a597bd59ee86011ed4882b table="directory" seconds=1.278e-5 stage="query_dispatch"
2026-09-09T20:54:27.095363Z DEBUG transparent_shard_server::service: query stage revision=be059aab39ac34125e0452548d6fbcfb1e7cdb7237a597bd59ee86011ed4882b table="directory" seconds=3.226e-6 stage="query_admission"
2026-09-09T20:54:27.095404Z DEBUG transparent_shard_server::service: query stage revision=be059aab39ac34125e0452548d6fbcfb1e7cdb7237a597bd59ee86011ed4882b table="directory" seconds=8.517e-6 stage="query_runtime"
2026-09-09T20:54:27.095478Z DEBUG transparent_shard_server::service: query stage revision=be059aab39ac34125e0452548d6fbcfb1e7cdb7237a597bd59ee86011ed4882b table="directory" seconds=7.1313e-5 admitted=true stage="query_memory_admission"
2026-09-09T20:54:27.097179Z DEBUG transparent_shard_server::service: query stage revision=be059aab39ac34125e0452548d6fbcfb1e7cdb7237a597bd59ee86011ed4882b table="directory" seconds=0.001696269 stage="query_dispatch"
2026-09-09T20:54:27.102006Z DEBUG transparent_shard_server::service: query stage revision=be059aab39ac34125e0452548d6fbcfb1e7cdb7237a597bd59ee86011ed4882b table="directory" seconds=0.016563892 stage="query_evaluate"
2026-09-09T20:54:27.110859Z DEBUG transparent_shard_server::service: query stage revision=be059aab39ac34125e0452548d6fbcfb1e7cdb7237a597bd59ee86011ed4882b table="directory" seconds=0.013649997 stage="query_evaluate"
2026-09-09T20:54:27.259494Z DEBUG transparent_shard_server::service: query stage revision=be059aab39ac34125e0452548d6fbcfb1e7cdb7237a597bd59ee86011ed4882b table="pages" seconds=2.623e-6 stage="query_admission"
2026-09-09T20:54:27.259533Z DEBUG transparent_shard_server::service: query stage revision=be059aab39ac34125e0452548d6fbcfb1e7cdb7237a597bd59ee86011ed4882b table="pages" seconds=5.875e-6 stage="query_runtime"
2026-09-09T20:54:27.259607Z DEBUG transparent_shard_server::service: query stage revision=be059aab39ac34125e0452548d6fbcfb1e7cdb7237a597bd59ee86011ed4882b table="pages" seconds=7.0101e-5 admitted=true stage="query_memory_admission"
2026-09-09T20:54:27.259632Z DEBUG transparent_shard_server::service: query stage revision=be059aab39ac34125e0452548d6fbcfb1e7cdb7237a597bd59ee86011ed4882b table="pages" seconds=2.0367e-5 stage="query_dispatch"
2026-09-09T20:54:27.266029Z DEBUG transparent_shard_server::service: query stage revision=be059aab39ac34125e0452548d6fbcfb1e7cdb7237a597bd59ee86011ed4882b table="pages" seconds=2.408e-6 stage="query_admission"
2026-09-09T20:54:27.266067Z DEBUG transparent_shard_server::service: query stage revision=be059aab39ac34125e0452548d6fbcfb1e7cdb7237a597bd59ee86011ed4882b table="pages" seconds=5.155e-6 stage="query_runtime"
2026-09-09T20:54:27.266146Z DEBUG transparent_shard_server::service: query stage revision=be059aab39ac34125e0452548d6fbcfb1e7cdb7237a597bd59ee86011ed4882b table="pages" seconds=7.6123e-5 admitted=true stage="query_memory_admission"
2026-09-09T20:54:27.267177Z DEBUG transparent_shard_server::service: query stage revision=be059aab39ac34125e0452548d6fbcfb1e7cdb7237a597bd59ee86011ed4882b table="pages" seconds=0.001026432 stage="query_dispatch"
2026-09-09T20:54:27.272995Z DEBUG transparent_shard_server::service: query stage revision=be059aab39ac34125e0452548d6fbcfb1e7cdb7237a597bd59ee86011ed4882b table="pages" seconds=0.013344064 stage="query_evaluate"
2026-09-09T20:54:27.278225Z DEBUG transparent_shard_server::service: query stage revision=be059aab39ac34125e0452548d6fbcfb1e7cdb7237a597bd59ee86011ed4882b table="pages" seconds=0.011021364 stage="query_evaluate"
2026-09-09T20:54:27.279579Z DEBUG transparent_shard_server::runtime: construction stage geometry="recent-8k" table="pages" seconds=3.234212533 stage="pack_preprocessing"
2026-09-09T20:54:27.279881Z DEBUG transparent_shard_server::runtime: construction stage geometry="recent-8k" table="pages" seconds=0.000270454 stage="publish_parameters"
2026-09-09T20:54:27.280408Z DEBUG transparent_shard_server::runtime: runtime stage key=("268f5c527d35817d37919707b04a706c850d449156baa071b5438dbf8eb53aec", Pages, 0) seconds=4.674808887 stage="runtime_build"
2026-09-09T20:54:27.280457Z  INFO transparent_shard_server::service: prewarm finished warm=28 target=28 failed=0 seconds=4.870596674
2026-09-09T20:54:27.280494Z DEBUG transparent_shard_server::live: publication preparation stages map=12cbb58695cd66166197842d179b61598c15effb06ad32efcd899a13e36e7b10 loading_seconds=0.603386241 warming_seconds=4.870685483
2026-09-09T20:54:27.428782Z DEBUG transparent_shard_server::service: query stage revision=be059aab39ac34125e0452548d6fbcfb1e7cdb7237a597bd59ee86011ed4882b table="directory" seconds=2.813e-6 stage="query_admission"
2026-09-09T20:54:27.428830Z DEBUG transparent_shard_server::service: query stage revision=be059aab39ac34125e0452548d6fbcfb1e7cdb7237a597bd59ee86011ed4882b table="directory" seconds=5.106e-6 stage="query_runtime"
2026-09-09T20:54:27.428871Z DEBUG transparent_shard_server::service: query stage revision=be059aab39ac34125e0452548d6fbcfb1e7cdb7237a597bd59ee86011ed4882b table="directory" seconds=3.7927e-5 admitted=true stage="query_memory_admission"
2026-09-09T20:54:27.428889Z DEBUG transparent_shard_server::service: query stage revision=be059aab39ac34125e0452548d6fbcfb1e7cdb7237a597bd59ee86011ed4882b table="directory" seconds=1.3965e-5 stage="query_dispatch"
2026-09-09T20:54:27.440003Z DEBUG transparent_shard_server::service: query stage revision=be059aab39ac34125e0452548d6fbcfb1e7cdb7237a597bd59ee86011ed4882b table="directory" seconds=0.011106581 stage="query_evaluate"
2026-09-09T20:54:27.440857Z DEBUG transparent_shard_server::service: query stage revision=268f5c527d35817d37919707b04a706c850d449156baa071b5438dbf8eb53aec table="directory" seconds=1.927e-6 stage="query_admission"
2026-09-09T20:54:27.440876Z DEBUG transparent_shard_server::service: query stage revision=268f5c527d35817d37919707b04a706c850d449156baa071b5438dbf8eb53aec table="directory" seconds=5.537e-6 stage="query_runtime"
2026-09-09T20:54:27.440949Z DEBUG transparent_shard_server::service: query stage revision=268f5c527d35817d37919707b04a706c850d449156baa071b5438dbf8eb53aec table="directory" seconds=6.9863e-5 admitted=true stage="query_memory_admission"
2026-09-09T20:54:27.440987Z DEBUG transparent_shard_server::service: query stage revision=268f5c527d35817d37919707b04a706c850d449156baa071b5438dbf8eb53aec table="directory" seconds=3.2635e-5 stage="query_dispatch"
2026-09-09T20:54:27.452735Z DEBUG transparent_shard_server::service: query stage revision=268f5c527d35817d37919707b04a706c850d449156baa071b5438dbf8eb53aec table="directory" seconds=0.011728572 stage="query_evaluate"
2026-09-09T20:54:27.604426Z DEBUG transparent_shard_server::service: query stage revision=268f5c527d35817d37919707b04a706c850d449156baa071b5438dbf8eb53aec table="pages" seconds=2.832e-6 stage="query_admission"
2026-09-09T20:54:27.604457Z DEBUG transparent_shard_server::service: query stage revision=268f5c527d35817d37919707b04a706c850d449156baa071b5438dbf8eb53aec table="pages" seconds=4.72e-6 stage="query_runtime"
2026-09-09T20:54:27.604526Z DEBUG transparent_shard_server::service: query stage revision=268f5c527d35817d37919707b04a706c850d449156baa071b5438dbf8eb53aec table="pages" seconds=6.5661e-5 admitted=true stage="query_memory_admission"
2026-09-09T20:54:27.604541Z DEBUG transparent_shard_server::service: query stage revision=268f5c527d35817d37919707b04a706c850d449156baa071b5438dbf8eb53aec table="pages" seconds=1.157e-5 stage="query_dispatch"
2026-09-09T20:54:27.608304Z DEBUG transparent_shard_server::service: query stage revision=268f5c527d35817d37919707b04a706c850d449156baa071b5438dbf8eb53aec table="pages" seconds=2.626e-6 stage="query_admission"
2026-09-09T20:54:27.608330Z DEBUG transparent_shard_server::service: query stage revision=268f5c527d35817d37919707b04a706c850d449156baa071b5438dbf8eb53aec table="pages" seconds=6.833e-6 stage="query_runtime"
2026-09-09T20:54:27.608409Z DEBUG transparent_shard_server::service: query stage revision=268f5c527d35817d37919707b04a706c850d449156baa071b5438dbf8eb53aec table="pages" seconds=6.9517e-5 admitted=true stage="query_memory_admission"
2026-09-09T20:54:27.608433Z DEBUG transparent_shard_server::service: query stage revision=268f5c527d35817d37919707b04a706c850d449156baa071b5438dbf8eb53aec table="pages" seconds=1.8673e-5 stage="query_dispatch"
2026-09-09T20:54:27.617161Z DEBUG transparent_shard_server::service: query stage revision=268f5c527d35817d37919707b04a706c850d449156baa071b5438dbf8eb53aec table="pages" seconds=0.012613911 stage="query_evaluate"
2026-09-09T20:54:27.623354Z DEBUG transparent_shard_server::service: query stage revision=268f5c527d35817d37919707b04a706c850d449156baa071b5438dbf8eb53aec table="pages" seconds=0.014900063 stage="query_evaluate"
2026-09-09T20:54:27.770654Z DEBUG transparent_shard_server::service: query stage revision=268f5c527d35817d37919707b04a706c850d449156baa071b5438dbf8eb53aec table="directory" seconds=3.154e-6 stage="query_admission"
2026-09-09T20:54:27.770697Z DEBUG transparent_shard_server::service: query stage revision=268f5c527d35817d37919707b04a706c850d449156baa071b5438dbf8eb53aec table="directory" seconds=6.888e-6 stage="query_runtime"
2026-09-09T20:54:27.770798Z DEBUG transparent_shard_server::service: query stage revision=268f5c527d35817d37919707b04a706c850d449156baa071b5438dbf8eb53aec table="directory" seconds=9.3099e-5 admitted=true stage="query_memory_admission"
2026-09-09T20:54:27.770824Z DEBUG transparent_shard_server::service: query stage revision=268f5c527d35817d37919707b04a706c850d449156baa071b5438dbf8eb53aec table="directory" seconds=1.8031e-5 stage="query_dispatch"
2026-09-09T20:54:27.776739Z DEBUG transparent_shard_server::service: query stage revision=268f5c527d35817d37919707b04a706c850d449156baa071b5438dbf8eb53aec table="directory" seconds=2.483e-6 stage="query_admission"
2026-09-09T20:54:27.776782Z DEBUG transparent_shard_server::service: query stage revision=268f5c527d35817d37919707b04a706c850d449156baa071b5438dbf8eb53aec table="directory" seconds=5.249e-6 stage="query_runtime"
2026-09-09T20:54:27.776854Z DEBUG transparent_shard_server::service: query stage revision=268f5c527d35817d37919707b04a706c850d449156baa071b5438dbf8eb53aec table="directory" seconds=6.7762e-5 admitted=true stage="query_memory_admission"
2026-09-09T20:54:27.776879Z DEBUG transparent_shard_server::service: query stage revision=268f5c527d35817d37919707b04a706c850d449156baa071b5438dbf8eb53aec table="directory" seconds=1.7602e-5 stage="query_dispatch"
2026-09-09T20:54:27.791052Z DEBUG transparent_shard_server::service: query stage revision=268f5c527d35817d37919707b04a706c850d449156baa071b5438dbf8eb53aec table="directory" seconds=0.020217856 stage="query_evaluate"
2026-09-09T20:54:27.797784Z DEBUG transparent_shard_server::service: query stage revision=268f5c527d35817d37919707b04a706c850d449156baa071b5438dbf8eb53aec table="directory" seconds=0.02088227 stage="query_evaluate"
2026-09-09T20:54:27.969401Z DEBUG transparent_shard_server::runtime: runtime stage key=("268f5c527d35817d37919707b04a706c850d449156baa071b5438dbf8eb53aec", Pages, 0) seconds=0.688911809 stage="disk_save"
test burst::publication_burst_under_exact_load ... ok

test result: ok. 1 passed; 0 failed; 0 ignored; 0 measured; 16 filtered out; finished in 70.87s

Finished with result: success
Main processes terminated with: code=exited/status=0
Service runtime: 1min 10.921s
CPU time consumed: 3min 46.554s
Memory peak: 2.0M
Memory swap peak: 0B
