Running as unit: transparent-full-burst-cc918308c2ca432787053c26160039c3.service; invocation ID: 7567572a7d034dcfa9ea7abb7c40ee1a

running 1 test
2026-09-09T20:50:58.549854Z DEBUG transparent_shard_server::runtime: runtime stage key=("5b7ee9849d47f5ee67d04eb6ca4588beacf42dce75e5a1b481dfd02607b1fb20", Directory, 0) seconds=4.149e-6 stage="restore_slot"
2026-09-09T20:50:58.549864Z DEBUG transparent_shard_server::runtime: runtime stage key=("5b7ee9849d47f5ee67d04eb6ca4588beacf42dce75e5a1b481dfd02607b1fb20", Pages, 0) seconds=3.542e-6 stage="restore_slot"
2026-09-09T20:50:58.549912Z DEBUG transparent_shard_server::runtime: runtime stage key=("1f5d7213a380745d83cc554ad16bdf9e039a0304d0de0b71376828e1838d0ea4", Directory, 0) seconds=3.297e-6 stage="restore_slot"
2026-09-09T20:50:58.550014Z DEBUG transparent_shard_server::runtime: runtime stage key=("1f5d7213a380745d83cc554ad16bdf9e039a0304d0de0b71376828e1838d0ea4", Pages, 0) seconds=3.083e-6 stage="restore_slot"
2026-09-09T20:50:58.550341Z DEBUG transparent_shard_server::runtime: runtime stage key=("1f5d7213a380745d83cc554ad16bdf9e039a0304d0de0b71376828e1838d0ea4", Directory, 0) seconds=3.7854e-5 hit=false stage="disk_restore"
2026-09-09T20:50:58.550364Z DEBUG transparent_shard_server::runtime: runtime stage key=("5b7ee9849d47f5ee67d04eb6ca4588beacf42dce75e5a1b481dfd02607b1fb20", Pages, 0) seconds=3.2978e-5 hit=false stage="disk_restore"
2026-09-09T20:50:58.550374Z DEBUG transparent_shard_server::runtime: runtime stage key=("1f5d7213a380745d83cc554ad16bdf9e039a0304d0de0b71376828e1838d0ea4", Pages, 0) seconds=2.8012e-5 hit=false stage="disk_restore"
2026-09-09T20:50:58.550398Z DEBUG transparent_shard_server::runtime: runtime stage key=("5b7ee9849d47f5ee67d04eb6ca4588beacf42dce75e5a1b481dfd02607b1fb20", Pages, 0) seconds=1.94e-7 stage="build_slot"
2026-09-09T20:50:58.550444Z DEBUG transparent_shard_server::memory: cold build admission wait seconds=4.0861e-5 admitted=true
2026-09-09T20:50:58.550381Z DEBUG transparent_shard_server::runtime: runtime stage key=("1f5d7213a380745d83cc554ad16bdf9e039a0304d0de0b71376828e1838d0ea4", Directory, 0) seconds=1.136e-6 stage="build_slot"
2026-09-09T20:50:58.550381Z DEBUG transparent_shard_server::runtime: runtime stage key=("5b7ee9849d47f5ee67d04eb6ca4588beacf42dce75e5a1b481dfd02607b1fb20", Directory, 0) seconds=1.0302e-5 hit=false stage="disk_restore"
2026-09-09T20:50:58.550484Z DEBUG transparent_shard_server::memory: cold build admission wait seconds=2.5393e-5 admitted=true
2026-09-09T20:50:58.699168Z DEBUG transparent_shard_server::runtime: runtime stage key=("5b7ee9849d47f5ee67d04eb6ca4588beacf42dce75e5a1b481dfd02607b1fb20", Pages, 0) seconds=0.148707366 stage="source_load"
2026-09-09T20:50:58.699529Z DEBUG transparent_shard_server::runtime: runtime stage key=("1f5d7213a380745d83cc554ad16bdf9e039a0304d0de0b71376828e1838d0ea4", Directory, 0) seconds=0.149029306 stage="source_load"
2026-09-09T20:50:59.003434Z DEBUG transparent_shard_server::runtime: construction stage geometry="recent-8k" table="pages" seconds=0.30422079 stage="encode_database"
2026-09-09T20:50:59.003540Z DEBUG transparent_shard_server::runtime: construction stage geometry="recent-8k" table="pages" seconds=6.129e-5 stage="public_setup"
2026-09-09T20:50:59.004576Z DEBUG transparent_shard_server::runtime: construction stage geometry="recent-8k" table="directory" seconds=0.305027898 stage="encode_database"
2026-09-09T20:50:59.004660Z DEBUG transparent_shard_server::runtime: construction stage geometry="recent-8k" table="directory" seconds=6.1589e-5 stage="public_setup"
2026-09-09T20:51:00.084193Z DEBUG transparent_shard_server::runtime: construction stage geometry="recent-8k" table="directory" seconds=1.079526269 stage="hint_columns"
2026-09-09T20:51:00.084319Z DEBUG transparent_shard_server::runtime: construction stage geometry="recent-8k" table="pages" seconds=1.080771954 stage="hint_columns"
2026-09-09T20:51:02.329008Z DEBUG transparent_shard_server::runtime: construction stage geometry="recent-8k" table="pages" seconds=2.24464351 stage="pack_preprocessing"
2026-09-09T20:51:02.329325Z DEBUG transparent_shard_server::runtime: construction stage geometry="recent-8k" table="pages" seconds=0.000278542 stage="publish_parameters"
2026-09-09T20:51:02.329829Z DEBUG transparent_shard_server::runtime: runtime stage key=("5b7ee9849d47f5ee67d04eb6ca4588beacf42dce75e5a1b481dfd02607b1fb20", Pages, 0) seconds=3.630617414 stage="runtime_build"
2026-09-09T20:51:02.331476Z DEBUG transparent_shard_server::runtime: runtime stage key=("ca7afe810c988a8b4b561668f3456a9f38d1fdbb0776614e07ddfeb1a2132000", Directory, 0) seconds=1.837e-6 stage="restore_slot"
2026-09-09T20:51:02.331582Z DEBUG transparent_shard_server::runtime: runtime stage key=("1f5d7213a380745d83cc554ad16bdf9e039a0304d0de0b71376828e1838d0ea4", Pages, 0) seconds=3.78116575 stage="build_slot"
2026-09-09T20:51:02.331614Z DEBUG transparent_shard_server::memory: cold build admission wait seconds=2.5438e-5 admitted=true
2026-09-09T20:51:02.331772Z DEBUG transparent_shard_server::runtime: runtime stage key=("ca7afe810c988a8b4b561668f3456a9f38d1fdbb0776614e07ddfeb1a2132000", Directory, 0) seconds=2.9344e-5 hit=false stage="disk_restore"
2026-09-09T20:51:02.352920Z DEBUG transparent_shard_server::runtime: construction stage geometry="recent-8k" table="directory" seconds=2.268681923 stage="pack_preprocessing"
2026-09-09T20:51:02.353228Z DEBUG transparent_shard_server::runtime: construction stage geometry="recent-8k" table="directory" seconds=0.000276252 stage="publish_parameters"
2026-09-09T20:51:02.353726Z DEBUG transparent_shard_server::runtime: runtime stage key=("1f5d7213a380745d83cc554ad16bdf9e039a0304d0de0b71376828e1838d0ea4", Directory, 0) seconds=3.654178482 stage="runtime_build"
2026-09-09T20:51:02.358194Z DEBUG transparent_shard_server::runtime: runtime stage key=("5b7ee9849d47f5ee67d04eb6ca4588beacf42dce75e5a1b481dfd02607b1fb20", Directory, 0) seconds=3.807699592 stage="build_slot"
2026-09-09T20:51:02.358295Z DEBUG transparent_shard_server::memory: cold build admission wait seconds=7.614e-5 admitted=true
2026-09-09T20:51:02.361223Z DEBUG transparent_shard_server::runtime: runtime stage key=("ca7afe810c988a8b4b561668f3456a9f38d1fdbb0776614e07ddfeb1a2132000", Pages, 0) seconds=1.717e-6 stage="restore_slot"
2026-09-09T20:51:02.363416Z DEBUG transparent_shard_server::runtime: runtime stage key=("ca7afe810c988a8b4b561668f3456a9f38d1fdbb0776614e07ddfeb1a2132000", Pages, 0) seconds=4.4417e-5 hit=false stage="disk_restore"
2026-09-09T20:51:02.484980Z DEBUG transparent_shard_server::runtime: runtime stage key=("1f5d7213a380745d83cc554ad16bdf9e039a0304d0de0b71376828e1838d0ea4", Pages, 0) seconds=0.153196909 stage="source_load"
2026-09-09T20:51:02.506691Z DEBUG transparent_shard_server::runtime: runtime stage key=("5b7ee9849d47f5ee67d04eb6ca4588beacf42dce75e5a1b481dfd02607b1fb20", Directory, 0) seconds=0.148277808 stage="source_load"
2026-09-09T20:51:02.790791Z DEBUG transparent_shard_server::runtime: construction stage geometry="recent-8k" table="pages" seconds=0.305779388 stage="encode_database"
2026-09-09T20:51:02.790882Z DEBUG transparent_shard_server::runtime: construction stage geometry="recent-8k" table="pages" seconds=5.9468e-5 stage="public_setup"
2026-09-09T20:51:02.810501Z DEBUG transparent_shard_server::runtime: construction stage geometry="recent-8k" table="directory" seconds=0.303774758 stage="encode_database"
2026-09-09T20:51:02.810593Z DEBUG transparent_shard_server::runtime: construction stage geometry="recent-8k" table="directory" seconds=6.1323e-5 stage="public_setup"
2026-09-09T20:51:03.064226Z DEBUG transparent_shard_server::runtime: runtime stage key=("5b7ee9849d47f5ee67d04eb6ca4588beacf42dce75e5a1b481dfd02607b1fb20", Pages, 0) seconds=0.732807122 stage="disk_save"
2026-09-09T20:51:04.058224Z DEBUG transparent_shard_server::runtime: construction stage geometry="recent-8k" table="directory" seconds=1.247624358 stage="hint_columns"
2026-09-09T20:51:04.075261Z DEBUG transparent_shard_server::runtime: construction stage geometry="recent-8k" table="pages" seconds=1.284372387 stage="hint_columns"
2026-09-09T20:51:04.280770Z DEBUG transparent_shard_server::runtime: runtime stage key=("1f5d7213a380745d83cc554ad16bdf9e039a0304d0de0b71376828e1838d0ea4", Directory, 0) seconds=1.919573076 stage="disk_save"
2026-09-09T20:51:06.297886Z DEBUG transparent_shard_server::runtime: construction stage geometry="recent-8k" table="directory" seconds=2.239621504 stage="pack_preprocessing"
2026-09-09T20:51:06.298195Z DEBUG transparent_shard_server::runtime: construction stage geometry="recent-8k" table="directory" seconds=0.000262284 stage="publish_parameters"
2026-09-09T20:51:06.298714Z DEBUG transparent_shard_server::runtime: runtime stage key=("5b7ee9849d47f5ee67d04eb6ca4588beacf42dce75e5a1b481dfd02607b1fb20", Directory, 0) seconds=3.791989567 stage="runtime_build"
2026-09-09T20:51:06.298755Z DEBUG transparent_shard_server::runtime: runtime stage key=("ca7afe810c988a8b4b561668f3456a9f38d1fdbb0776614e07ddfeb1a2132000", Directory, 0) seconds=3.963507292 stage="build_slot"
2026-09-09T20:51:06.298836Z DEBUG transparent_shard_server::memory: cold build admission wait seconds=7.5376e-5 admitted=true
2026-09-09T20:51:06.302228Z DEBUG transparent_shard_server::runtime: runtime stage key=("95df7205357fe2d9c962d2b41daded841e05afa7b6fc8d06dfec46ad04e15335", Directory, 0) seconds=1.279e-6 stage="restore_slot"
2026-09-09T20:51:06.302312Z DEBUG transparent_shard_server::runtime: runtime stage key=("95df7205357fe2d9c962d2b41daded841e05afa7b6fc8d06dfec46ad04e15335", Directory, 0) seconds=2.8134e-5 hit=false stage="disk_restore"
2026-09-09T20:51:06.331458Z DEBUG transparent_shard_server::runtime: construction stage geometry="recent-8k" table="pages" seconds=2.25616038 stage="pack_preprocessing"
2026-09-09T20:51:06.331759Z DEBUG transparent_shard_server::runtime: construction stage geometry="recent-8k" table="pages" seconds=0.000262302 stage="publish_parameters"
2026-09-09T20:51:06.332254Z DEBUG transparent_shard_server::runtime: runtime stage key=("1f5d7213a380745d83cc554ad16bdf9e039a0304d0de0b71376828e1838d0ea4", Pages, 0) seconds=3.847244218 stage="runtime_build"
2026-09-09T20:51:06.332318Z DEBUG transparent_shard_server::runtime: runtime stage key=("ca7afe810c988a8b4b561668f3456a9f38d1fdbb0776614e07ddfeb1a2132000", Pages, 0) seconds=3.968831588 stage="build_slot"
2026-09-09T20:51:06.332405Z DEBUG transparent_shard_server::memory: cold build admission wait seconds=8.0772e-5 admitted=true
2026-09-09T20:51:06.335224Z DEBUG transparent_shard_server::runtime: runtime stage key=("95df7205357fe2d9c962d2b41daded841e05afa7b6fc8d06dfec46ad04e15335", Pages, 0) seconds=1.518e-6 stage="restore_slot"
2026-09-09T20:51:06.335400Z DEBUG transparent_shard_server::runtime: runtime stage key=("95df7205357fe2d9c962d2b41daded841e05afa7b6fc8d06dfec46ad04e15335", Pages, 0) seconds=2.6632e-5 hit=false stage="disk_restore"
2026-09-09T20:51:06.471556Z DEBUG transparent_shard_server::runtime: runtime stage key=("ca7afe810c988a8b4b561668f3456a9f38d1fdbb0776614e07ddfeb1a2132000", Directory, 0) seconds=0.169366832 stage="source_load"
2026-09-09T20:51:06.498317Z DEBUG transparent_shard_server::runtime: runtime stage key=("ca7afe810c988a8b4b561668f3456a9f38d1fdbb0776614e07ddfeb1a2132000", Pages, 0) seconds=0.162992027 stage="source_load"
2026-09-09T20:51:06.773699Z DEBUG transparent_shard_server::runtime: construction stage geometry="recent-8k" table="directory" seconds=0.302108402 stage="encode_database"
2026-09-09T20:51:06.773794Z DEBUG transparent_shard_server::runtime: construction stage geometry="recent-8k" table="directory" seconds=6.038e-5 stage="public_setup"
2026-09-09T20:51:06.825820Z DEBUG transparent_shard_server::runtime: construction stage geometry="recent-8k" table="pages" seconds=0.327470442 stage="encode_database"
2026-09-09T20:51:06.825923Z DEBUG transparent_shard_server::runtime: construction stage geometry="recent-8k" table="pages" seconds=6.8042e-5 stage="public_setup"
2026-09-09T20:51:07.040212Z DEBUG transparent_shard_server::runtime: runtime stage key=("5b7ee9849d47f5ee67d04eb6ca4588beacf42dce75e5a1b481dfd02607b1fb20", Directory, 0) seconds=0.737929019 stage="disk_save"
2026-09-09T20:51:08.059798Z DEBUG transparent_shard_server::runtime: construction stage geometry="recent-8k" table="pages" seconds=1.233868272 stage="hint_columns"
2026-09-09T20:51:08.072443Z DEBUG transparent_shard_server::runtime: construction stage geometry="recent-8k" table="directory" seconds=1.29864026 stage="hint_columns"
2026-09-09T20:51:08.262907Z DEBUG transparent_shard_server::runtime: runtime stage key=("1f5d7213a380745d83cc554ad16bdf9e039a0304d0de0b71376828e1838d0ea4", Pages, 0) seconds=1.927723485 stage="disk_save"
2026-09-09T20:51:10.308257Z DEBUG transparent_shard_server::runtime: construction stage geometry="recent-8k" table="pages" seconds=2.248412191 stage="pack_preprocessing"
2026-09-09T20:51:10.308599Z DEBUG transparent_shard_server::runtime: construction stage geometry="recent-8k" table="pages" seconds=0.000290268 stage="publish_parameters"
2026-09-09T20:51:10.309062Z DEBUG transparent_shard_server::runtime: runtime stage key=("ca7afe810c988a8b4b561668f3456a9f38d1fdbb0776614e07ddfeb1a2132000", Pages, 0) seconds=3.810714823 stage="runtime_build"
2026-09-09T20:51:10.309104Z DEBUG transparent_shard_server::runtime: runtime stage key=("95df7205357fe2d9c962d2b41daded841e05afa7b6fc8d06dfec46ad04e15335", Directory, 0) seconds=4.006768803 stage="build_slot"
2026-09-09T20:51:10.309202Z DEBUG transparent_shard_server::memory: cold build admission wait seconds=9.2755e-5 admitted=true
2026-09-09T20:51:10.309624Z DEBUG transparent_shard_server::runtime: runtime stage key=("73d46a59d0d03d7616f9a47e53b50448d4c5a3504e6e296600d8884c8c4403b8", Directory, 0) seconds=1.205e-6 stage="restore_slot"
2026-09-09T20:51:10.309746Z DEBUG transparent_shard_server::runtime: runtime stage key=("73d46a59d0d03d7616f9a47e53b50448d4c5a3504e6e296600d8884c8c4403b8", Directory, 0) seconds=4.0788e-5 hit=false stage="disk_restore"
2026-09-09T20:51:10.323568Z DEBUG transparent_shard_server::runtime: construction stage geometry="recent-8k" table="directory" seconds=2.251091412 stage="pack_preprocessing"
2026-09-09T20:51:10.323849Z DEBUG transparent_shard_server::runtime: construction stage geometry="recent-8k" table="directory" seconds=0.00025104 stage="publish_parameters"
2026-09-09T20:51:10.324395Z DEBUG transparent_shard_server::runtime: runtime stage key=("ca7afe810c988a8b4b561668f3456a9f38d1fdbb0776614e07ddfeb1a2132000", Directory, 0) seconds=3.852806624 stage="runtime_build"
2026-09-09T20:51:10.324444Z DEBUG transparent_shard_server::runtime: runtime stage key=("95df7205357fe2d9c962d2b41daded841e05afa7b6fc8d06dfec46ad04e15335", Pages, 0) seconds=3.989020962 stage="build_slot"
2026-09-09T20:51:10.324526Z DEBUG transparent_shard_server::memory: cold build admission wait seconds=7.7572e-5 admitted=true
2026-09-09T20:51:10.324558Z DEBUG transparent_shard_server::runtime: runtime stage key=("73d46a59d0d03d7616f9a47e53b50448d4c5a3504e6e296600d8884c8c4403b8", Pages, 0) seconds=8.34e-7 stage="restore_slot"
2026-09-09T20:51:10.324655Z DEBUG transparent_shard_server::runtime: runtime stage key=("73d46a59d0d03d7616f9a47e53b50448d4c5a3504e6e296600d8884c8c4403b8", Pages, 0) seconds=2.3854e-5 hit=false stage="disk_restore"
2026-09-09T20:51:10.453295Z DEBUG transparent_shard_server::runtime: runtime stage key=("95df7205357fe2d9c962d2b41daded841e05afa7b6fc8d06dfec46ad04e15335", Directory, 0) seconds=0.144061686 stage="source_load"
2026-09-09T20:51:10.460685Z DEBUG transparent_shard_server::runtime: runtime stage key=("95df7205357fe2d9c962d2b41daded841e05afa7b6fc8d06dfec46ad04e15335", Pages, 0) seconds=0.136086632 stage="source_load"
2026-09-09T20:51:10.747121Z DEBUG transparent_shard_server::runtime: construction stage geometry="recent-8k" table="directory" seconds=0.293792828 stage="encode_database"
2026-09-09T20:51:10.747233Z DEBUG transparent_shard_server::runtime: construction stage geometry="recent-8k" table="directory" seconds=8.2744e-5 stage="public_setup"
2026-09-09T20:51:10.753818Z DEBUG transparent_shard_server::runtime: construction stage geometry="recent-8k" table="pages" seconds=0.293103322 stage="encode_database"
2026-09-09T20:51:10.753962Z DEBUG transparent_shard_server::runtime: construction stage geometry="recent-8k" table="pages" seconds=0.000115239 stage="public_setup"
2026-09-09T20:51:11.027805Z DEBUG transparent_shard_server::runtime: runtime stage key=("ca7afe810c988a8b4b561668f3456a9f38d1fdbb0776614e07ddfeb1a2132000", Pages, 0) seconds=0.718510355 stage="disk_save"
2026-09-09T20:51:11.991258Z DEBUG transparent_shard_server::runtime: construction stage geometry="recent-8k" table="pages" seconds=1.2372768 stage="hint_columns"
2026-09-09T20:51:11.996214Z DEBUG transparent_shard_server::runtime: construction stage geometry="recent-8k" table="directory" seconds=1.248973054 stage="hint_columns"
2026-09-09T20:51:12.230139Z DEBUG transparent_shard_server::runtime: runtime stage key=("ca7afe810c988a8b4b561668f3456a9f38d1fdbb0776614e07ddfeb1a2132000", Directory, 0) seconds=1.9056424010000002 stage="disk_save"
2026-09-09T20:51:14.064045Z DEBUG transparent_shard_server::runtime: construction stage geometry="recent-8k" table="directory" seconds=2.067803446 stage="pack_preprocessing"
2026-09-09T20:51:14.064381Z DEBUG transparent_shard_server::runtime: construction stage geometry="recent-8k" table="directory" seconds=0.000292612 stage="publish_parameters"
2026-09-09T20:51:14.064913Z DEBUG transparent_shard_server::runtime: runtime stage key=("95df7205357fe2d9c962d2b41daded841e05afa7b6fc8d06dfec46ad04e15335", Directory, 0) seconds=3.611587599 stage="runtime_build"
2026-09-09T20:51:14.067199Z DEBUG transparent_shard_server::runtime: runtime stage key=("73d46a59d0d03d7616f9a47e53b50448d4c5a3504e6e296600d8884c8c4403b8", Directory, 0) seconds=3.757392557 stage="build_slot"
2026-09-09T20:51:14.067233Z DEBUG transparent_shard_server::runtime: runtime stage key=("b16be2933ab920bc4745ea8917e5167a7a685c211e0b4febe88b4d3018f970bc", Directory, 0) seconds=1.947e-6 stage="restore_slot"
2026-09-09T20:51:14.067320Z DEBUG transparent_shard_server::memory: cold build admission wait seconds=8.8669e-5 admitted=true
2026-09-09T20:51:14.073236Z DEBUG transparent_shard_server::runtime: runtime stage key=("b16be2933ab920bc4745ea8917e5167a7a685c211e0b4febe88b4d3018f970bc", Directory, 0) seconds=4.8405e-5 hit=false stage="disk_restore"
2026-09-09T20:51:14.210663Z DEBUG transparent_shard_server::runtime: runtime stage key=("73d46a59d0d03d7616f9a47e53b50448d4c5a3504e6e296600d8884c8c4403b8", Directory, 0) seconds=0.137463512 stage="source_load"
2026-09-09T20:51:14.504951Z DEBUG transparent_shard_server::runtime: construction stage geometry="recent-8k" table="directory" seconds=0.294255158 stage="encode_database"
2026-09-09T20:51:14.505057Z DEBUG transparent_shard_server::runtime: construction stage geometry="recent-8k" table="directory" seconds=7.2676e-5 stage="public_setup"
2026-09-09T20:51:15.166296Z DEBUG transparent_shard_server::runtime: runtime stage key=("95df7205357fe2d9c962d2b41daded841e05afa7b6fc8d06dfec46ad04e15335", Directory, 0) seconds=1.098951198 stage="disk_save"
2026-09-09T20:51:15.418102Z DEBUG transparent_shard_server::runtime: construction stage geometry="recent-8k" table="directory" seconds=0.913037115 stage="hint_columns"
2026-09-09T20:51:15.420590Z DEBUG transparent_shard_server::runtime: construction stage geometry="recent-8k" table="pages" seconds=3.429291449 stage="pack_preprocessing"
2026-09-09T20:51:15.420885Z DEBUG transparent_shard_server::runtime: construction stage geometry="recent-8k" table="pages" seconds=0.000266253 stage="publish_parameters"
2026-09-09T20:51:15.421364Z DEBUG transparent_shard_server::runtime: runtime stage key=("95df7205357fe2d9c962d2b41daded841e05afa7b6fc8d06dfec46ad04e15335", Pages, 0) seconds=4.960651775 stage="runtime_build"
2026-09-09T20:51:15.424221Z DEBUG transparent_shard_server::runtime: runtime stage key=("73d46a59d0d03d7616f9a47e53b50448d4c5a3504e6e296600d8884c8c4403b8", Pages, 0) seconds=5.098024234 stage="build_slot"
2026-09-09T20:51:15.424246Z DEBUG transparent_shard_server::runtime: runtime stage key=("b16be2933ab920bc4745ea8917e5167a7a685c211e0b4febe88b4d3018f970bc", Pages, 0) seconds=1.6e-6 stage="restore_slot"
2026-09-09T20:51:15.424331Z DEBUG transparent_shard_server::memory: cold build admission wait seconds=8.6969e-5 admitted=true
2026-09-09T20:51:15.424513Z DEBUG transparent_shard_server::runtime: runtime stage key=("b16be2933ab920bc4745ea8917e5167a7a685c211e0b4febe88b4d3018f970bc", Pages, 0) seconds=5.1031e-5 hit=false stage="disk_restore"
2026-09-09T20:51:15.580796Z DEBUG transparent_shard_server::runtime: runtime stage key=("73d46a59d0d03d7616f9a47e53b50448d4c5a3504e6e296600d8884c8c4403b8", Pages, 0) seconds=0.153501694 stage="source_load"
2026-09-09T20:51:15.884504Z DEBUG transparent_shard_server::runtime: construction stage geometry="recent-8k" table="pages" seconds=0.303671778 stage="encode_database"
2026-09-09T20:51:15.884603Z DEBUG transparent_shard_server::runtime: construction stage geometry="recent-8k" table="pages" seconds=6.6978e-5 stage="public_setup"
2026-09-09T20:51:16.156631Z DEBUG transparent_shard_server::runtime: runtime stage key=("95df7205357fe2d9c962d2b41daded841e05afa7b6fc8d06dfec46ad04e15335", Pages, 0) seconds=0.735211115 stage="disk_save"
2026-09-09T20:51:16.665562Z DEBUG transparent_shard_server::runtime: construction stage geometry="recent-8k" table="pages" seconds=0.780951335 stage="hint_columns"
2026-09-09T20:51:17.855561Z DEBUG transparent_shard_server::runtime: construction stage geometry="recent-8k" table="directory" seconds=2.437415159 stage="pack_preprocessing"
2026-09-09T20:51:17.855886Z DEBUG transparent_shard_server::runtime: construction stage geometry="recent-8k" table="directory" seconds=0.000282652 stage="publish_parameters"
2026-09-09T20:51:17.856392Z DEBUG transparent_shard_server::runtime: runtime stage key=("73d46a59d0d03d7616f9a47e53b50448d4c5a3504e6e296600d8884c8c4403b8", Directory, 0) seconds=3.645698423 stage="runtime_build"
2026-09-09T20:51:17.856437Z DEBUG transparent_shard_server::runtime: runtime stage key=("b16be2933ab920bc4745ea8917e5167a7a685c211e0b4febe88b4d3018f970bc", Directory, 0) seconds=3.780218526 stage="build_slot"
2026-09-09T20:51:17.856523Z DEBUG transparent_shard_server::memory: cold build admission wait seconds=8.0509e-5 admitted=true
2026-09-09T20:51:17.856545Z DEBUG transparent_shard_server::runtime: runtime stage key=("16b8227360ce35dd2e111156f5e31fd5eb500ff877879a212fef6cf8471de8a5", Directory, 0) seconds=4.64e-7 stage="restore_slot"
2026-09-09T20:51:17.856631Z DEBUG transparent_shard_server::runtime: runtime stage key=("16b8227360ce35dd2e111156f5e31fd5eb500ff877879a212fef6cf8471de8a5", Directory, 0) seconds=3.6375e-5 hit=false stage="disk_restore"
2026-09-09T20:51:18.047206Z DEBUG transparent_shard_server::runtime: runtime stage key=("b16be2933ab920bc4745ea8917e5167a7a685c211e0b4febe88b4d3018f970bc", Directory, 0) seconds=0.190617563 stage="source_load"
2026-09-09T20:51:18.338426Z DEBUG transparent_shard_server::runtime: construction stage geometry="recent-8k" table="directory" seconds=0.291185823 stage="encode_database"
2026-09-09T20:51:18.338557Z DEBUG transparent_shard_server::runtime: construction stage geometry="recent-8k" table="directory" seconds=7.195e-5 stage="public_setup"
2026-09-09T20:51:18.827200Z DEBUG transparent_shard_server::runtime: runtime stage key=("73d46a59d0d03d7616f9a47e53b50448d4c5a3504e6e296600d8884c8c4403b8", Directory, 0) seconds=0.970673456 stage="disk_save"
2026-09-09T20:51:19.184927Z DEBUG transparent_shard_server::runtime: construction stage geometry="recent-8k" table="directory" seconds=0.846361666 stage="hint_columns"
2026-09-09T20:51:19.187437Z DEBUG transparent_shard_server::runtime: construction stage geometry="recent-8k" table="pages" seconds=2.521819026 stage="pack_preprocessing"
2026-09-09T20:51:19.187716Z DEBUG transparent_shard_server::runtime: construction stage geometry="recent-8k" table="pages" seconds=0.000249103 stage="publish_parameters"
2026-09-09T20:51:19.188178Z DEBUG transparent_shard_server::runtime: runtime stage key=("73d46a59d0d03d7616f9a47e53b50448d4c5a3504e6e296600d8884c8c4403b8", Pages, 0) seconds=3.607348879 stage="runtime_build"
2026-09-09T20:51:19.191191Z DEBUG transparent_shard_server::runtime: runtime stage key=("b16be2933ab920bc4745ea8917e5167a7a685c211e0b4febe88b4d3018f970bc", Pages, 0) seconds=3.763925332 stage="build_slot"
2026-09-09T20:51:19.191302Z DEBUG transparent_shard_server::memory: cold build admission wait seconds=7.7067e-5 admitted=true
2026-09-09T20:51:19.191329Z DEBUG transparent_shard_server::runtime: runtime stage key=("16b8227360ce35dd2e111156f5e31fd5eb500ff877879a212fef6cf8471de8a5", Pages, 0) seconds=5.52e-7 stage="restore_slot"
2026-09-09T20:51:19.191414Z DEBUG transparent_shard_server::runtime: runtime stage key=("16b8227360ce35dd2e111156f5e31fd5eb500ff877879a212fef6cf8471de8a5", Pages, 0) seconds=3.426e-5 hit=false stage="disk_restore"
2026-09-09T20:51:19.326049Z DEBUG transparent_shard_server::runtime: runtime stage key=("b16be2933ab920bc4745ea8917e5167a7a685c211e0b4febe88b4d3018f970bc", Pages, 0) seconds=0.134696245 stage="source_load"
2026-09-09T20:51:19.615769Z DEBUG transparent_shard_server::runtime: construction stage geometry="recent-8k" table="pages" seconds=0.289687519 stage="encode_database"
2026-09-09T20:51:19.615872Z DEBUG transparent_shard_server::runtime: construction stage geometry="recent-8k" table="pages" seconds=7.1282e-5 stage="public_setup"
2026-09-09T20:51:19.906218Z DEBUG transparent_shard_server::runtime: runtime stage key=("73d46a59d0d03d7616f9a47e53b50448d4c5a3504e6e296600d8884c8c4403b8", Pages, 0) seconds=0.717968993 stage="disk_save"
2026-09-09T20:51:20.395829Z DEBUG transparent_shard_server::runtime: construction stage geometry="recent-8k" table="pages" seconds=0.779949771 stage="hint_columns"
2026-09-09T20:51:21.561471Z DEBUG transparent_shard_server::runtime: construction stage geometry="recent-8k" table="directory" seconds=2.376499018 stage="pack_preprocessing"
2026-09-09T20:51:21.561804Z DEBUG transparent_shard_server::runtime: construction stage geometry="recent-8k" table="directory" seconds=0.000293397 stage="publish_parameters"
2026-09-09T20:51:21.562338Z DEBUG transparent_shard_server::runtime: runtime stage key=("b16be2933ab920bc4745ea8917e5167a7a685c211e0b4febe88b4d3018f970bc", Directory, 0) seconds=3.515099124 stage="runtime_build"
2026-09-09T20:51:21.562386Z DEBUG transparent_shard_server::runtime: runtime stage key=("16b8227360ce35dd2e111156f5e31fd5eb500ff877879a212fef6cf8471de8a5", Directory, 0) seconds=3.7034654270000003 stage="build_slot"
2026-09-09T20:51:21.562470Z DEBUG transparent_shard_server::memory: cold build admission wait seconds=7.9134e-5 admitted=true
2026-09-09T20:51:21.562512Z DEBUG transparent_shard_server::runtime: runtime stage key=("1cd27964911287b2a127c1f8df5e6b0c19f5b4db309391c5adb2db3072bfec6e", Directory, 0) seconds=6.76e-7 stage="restore_slot"
2026-09-09T20:51:21.562591Z DEBUG transparent_shard_server::runtime: runtime stage key=("1cd27964911287b2a127c1f8df5e6b0c19f5b4db309391c5adb2db3072bfec6e", Directory, 0) seconds=3.5266e-5 hit=false stage="disk_restore"
2026-09-09T20:51:21.752242Z DEBUG transparent_shard_server::runtime: runtime stage key=("16b8227360ce35dd2e111156f5e31fd5eb500ff877879a212fef6cf8471de8a5", Directory, 0) seconds=0.189670361 stage="source_load"
2026-09-09T20:51:22.044316Z DEBUG transparent_shard_server::runtime: construction stage geometry="recent-8k" table="directory" seconds=0.292040315 stage="encode_database"
2026-09-09T20:51:22.044461Z DEBUG transparent_shard_server::runtime: construction stage geometry="recent-8k" table="directory" seconds=0.000102292 stage="public_setup"
2026-09-09T20:51:22.539681Z DEBUG transparent_shard_server::runtime: runtime stage key=("b16be2933ab920bc4745ea8917e5167a7a685c211e0b4febe88b4d3018f970bc", Directory, 0) seconds=0.977163685 stage="disk_save"
2026-09-09T20:51:22.886202Z DEBUG transparent_shard_server::runtime: construction stage geometry="recent-8k" table="directory" seconds=0.841734301 stage="hint_columns"
2026-09-09T20:51:22.888683Z DEBUG transparent_shard_server::runtime: construction stage geometry="recent-8k" table="pages" seconds=2.492812663 stage="pack_preprocessing"
2026-09-09T20:51:22.888985Z DEBUG transparent_shard_server::runtime: construction stage geometry="recent-8k" table="pages" seconds=0.000273714 stage="publish_parameters"
2026-09-09T20:51:22.889511Z DEBUG transparent_shard_server::runtime: runtime stage key=("b16be2933ab920bc4745ea8917e5167a7a685c211e0b4febe88b4d3018f970bc", Pages, 0) seconds=3.563431409 stage="runtime_build"
2026-09-09T20:51:22.892187Z DEBUG transparent_shard_server::runtime: runtime stage key=("16b8227360ce35dd2e111156f5e31fd5eb500ff877879a212fef6cf8471de8a5", Pages, 0) seconds=3.697927891 stage="build_slot"
2026-09-09T20:51:22.892276Z DEBUG transparent_shard_server::memory: cold build admission wait seconds=7.1868e-5 admitted=true
2026-09-09T20:51:22.892301Z DEBUG transparent_shard_server::runtime: runtime stage key=("1cd27964911287b2a127c1f8df5e6b0c19f5b4db309391c5adb2db3072bfec6e", Pages, 0) seconds=6.08e-7 stage="restore_slot"
2026-09-09T20:51:22.892405Z DEBUG transparent_shard_server::runtime: runtime stage key=("1cd27964911287b2a127c1f8df5e6b0c19f5b4db309391c5adb2db3072bfec6e", Pages, 0) seconds=5.7361e-5 hit=false stage="disk_restore"
2026-09-09T20:51:23.027301Z DEBUG transparent_shard_server::runtime: runtime stage key=("16b8227360ce35dd2e111156f5e31fd5eb500ff877879a212fef6cf8471de8a5", Pages, 0) seconds=0.135000471 stage="source_load"
2026-09-09T20:51:23.317577Z DEBUG transparent_shard_server::runtime: construction stage geometry="recent-8k" table="pages" seconds=0.290247066 stage="encode_database"
2026-09-09T20:51:23.317732Z DEBUG transparent_shard_server::runtime: construction stage geometry="recent-8k" table="pages" seconds=0.000111359 stage="public_setup"
2026-09-09T20:51:23.603343Z DEBUG transparent_shard_server::runtime: runtime stage key=("b16be2933ab920bc4745ea8917e5167a7a685c211e0b4febe88b4d3018f970bc", Pages, 0) seconds=0.713777558 stage="disk_save"
2026-09-09T20:51:24.097217Z DEBUG transparent_shard_server::runtime: construction stage geometry="recent-8k" table="pages" seconds=0.779478364 stage="hint_columns"
2026-09-09T20:51:25.273938Z DEBUG transparent_shard_server::runtime: construction stage geometry="recent-8k" table="directory" seconds=2.387692163 stage="pack_preprocessing"
2026-09-09T20:51:25.274270Z DEBUG transparent_shard_server::runtime: construction stage geometry="recent-8k" table="directory" seconds=0.000294092 stage="publish_parameters"
2026-09-09T20:51:25.274834Z DEBUG transparent_shard_server::runtime: runtime stage key=("16b8227360ce35dd2e111156f5e31fd5eb500ff877879a212fef6cf8471de8a5", Directory, 0) seconds=3.52255997 stage="runtime_build"
2026-09-09T20:51:25.274888Z DEBUG transparent_shard_server::runtime: runtime stage key=("1cd27964911287b2a127c1f8df5e6b0c19f5b4db309391c5adb2db3072bfec6e", Directory, 0) seconds=3.712259988 stage="build_slot"
2026-09-09T20:51:25.274972Z DEBUG transparent_shard_server::memory: cold build admission wait seconds=7.8021e-5 admitted=true
2026-09-09T20:51:25.277246Z DEBUG transparent_shard_server::runtime: runtime stage key=("27f56c565263ecffb8c7736d4e811665d81bf4ed71c7978431fcc4f45b645ee1", Directory, 0) seconds=1.603e-6 stage="restore_slot"
2026-09-09T20:51:25.277354Z DEBUG transparent_shard_server::runtime: runtime stage key=("27f56c565263ecffb8c7736d4e811665d81bf4ed71c7978431fcc4f45b645ee1", Directory, 0) seconds=1.3592e-5 hit=false stage="disk_restore"
2026-09-09T20:51:25.461687Z DEBUG transparent_shard_server::runtime: runtime stage key=("1cd27964911287b2a127c1f8df5e6b0c19f5b4db309391c5adb2db3072bfec6e", Directory, 0) seconds=0.186686532 stage="source_load"
2026-09-09T20:51:25.752202Z DEBUG transparent_shard_server::runtime: construction stage geometry="recent-8k" table="directory" seconds=0.290480418 stage="encode_database"
2026-09-09T20:51:25.752301Z DEBUG transparent_shard_server::runtime: construction stage geometry="recent-8k" table="directory" seconds=6.7654e-5 stage="public_setup"
2026-09-09T20:51:26.050401Z DEBUG transparent_shard_server::runtime: runtime stage key=("16b8227360ce35dd2e111156f5e31fd5eb500ff877879a212fef6cf8471de8a5", Directory, 0) seconds=0.773175725 stage="disk_save"
2026-09-09T20:51:26.597577Z DEBUG transparent_shard_server::runtime: construction stage geometry="recent-8k" table="directory" seconds=0.845268032 stage="hint_columns"
2026-09-09T20:51:26.599868Z DEBUG transparent_shard_server::runtime: construction stage geometry="recent-8k" table="pages" seconds=2.502608182 stage="pack_preprocessing"
2026-09-09T20:51:26.600178Z DEBUG transparent_shard_server::runtime: construction stage geometry="recent-8k" table="pages" seconds=0.000281018 stage="publish_parameters"
2026-09-09T20:51:26.600704Z DEBUG transparent_shard_server::runtime: runtime stage key=("16b8227360ce35dd2e111156f5e31fd5eb500ff877879a212fef6cf8471de8a5", Pages, 0) seconds=3.573375892 stage="runtime_build"
2026-09-09T20:51:26.600790Z DEBUG transparent_shard_server::runtime: runtime stage key=("27f56c565263ecffb8c7736d4e811665d81bf4ed71c7978431fcc4f45b645ee1", Pages, 0) seconds=1.873e-6 stage="restore_slot"
2026-09-09T20:51:26.600926Z DEBUG transparent_shard_server::runtime: runtime stage key=("27f56c565263ecffb8c7736d4e811665d81bf4ed71c7978431fcc4f45b645ee1", Pages, 0) seconds=2.687e-5 hit=false stage="disk_restore"
2026-09-09T20:51:26.600950Z DEBUG transparent_shard_server::runtime: runtime stage key=("1cd27964911287b2a127c1f8df5e6b0c19f5b4db309391c5adb2db3072bfec6e", Pages, 0) seconds=3.708509897 stage="build_slot"
2026-09-09T20:51:26.600981Z DEBUG transparent_shard_server::memory: cold build admission wait seconds=2.6081e-5 admitted=true
2026-09-09T20:51:26.736520Z DEBUG transparent_shard_server::runtime: runtime stage key=("1cd27964911287b2a127c1f8df5e6b0c19f5b4db309391c5adb2db3072bfec6e", Pages, 0) seconds=0.135509806 stage="source_load"
2026-09-09T20:51:27.027286Z DEBUG transparent_shard_server::runtime: construction stage geometry="recent-8k" table="pages" seconds=0.290731323 stage="encode_database"
2026-09-09T20:51:27.027388Z DEBUG transparent_shard_server::runtime: construction stage geometry="recent-8k" table="pages" seconds=6.9098e-5 stage="public_setup"
2026-09-09T20:51:27.325191Z DEBUG transparent_shard_server::runtime: runtime stage key=("16b8227360ce35dd2e111156f5e31fd5eb500ff877879a212fef6cf8471de8a5", Pages, 0) seconds=0.724436124 stage="disk_save"
2026-09-09T20:51:27.813672Z DEBUG transparent_shard_server::runtime: construction stage geometry="recent-8k" table="pages" seconds=0.786278247 stage="hint_columns"
2026-09-09T20:51:29.040215Z DEBUG transparent_shard_server::runtime: construction stage geometry="recent-8k" table="directory" seconds=2.4425806899999998 stage="pack_preprocessing"
2026-09-09T20:51:29.040538Z DEBUG transparent_shard_server::runtime: construction stage geometry="recent-8k" table="directory" seconds=0.000279868 stage="publish_parameters"
2026-09-09T20:51:29.041127Z DEBUG transparent_shard_server::runtime: runtime stage key=("1cd27964911287b2a127c1f8df5e6b0c19f5b4db309391c5adb2db3072bfec6e", Directory, 0) seconds=3.579408182 stage="runtime_build"
2026-09-09T20:51:29.043229Z DEBUG transparent_shard_server::runtime: runtime stage key=("ced665ae1f1140944bcd0c9aa2b83c1019df768df87fa513f9509106fc5b88c1", Directory, 0) seconds=2.249e-6 stage="restore_slot"
2026-09-09T20:51:29.043342Z DEBUG transparent_shard_server::runtime: runtime stage key=("27f56c565263ecffb8c7736d4e811665d81bf4ed71c7978431fcc4f45b645ee1", Directory, 0) seconds=3.7659521959999998 stage="build_slot"
2026-09-09T20:51:29.043371Z DEBUG transparent_shard_server::runtime: runtime stage key=("ced665ae1f1140944bcd0c9aa2b83c1019df768df87fa513f9509106fc5b88c1", Directory, 0) seconds=3.3551e-5 hit=false stage="disk_restore"
2026-09-09T20:51:29.043375Z DEBUG transparent_shard_server::memory: cold build admission wait seconds=2.5857e-5 admitted=true
2026-09-09T20:51:29.192769Z DEBUG transparent_shard_server::runtime: runtime stage key=("27f56c565263ecffb8c7736d4e811665d81bf4ed71c7978431fcc4f45b645ee1", Directory, 0) seconds=0.149353051 stage="source_load"
2026-09-09T20:51:29.494084Z DEBUG transparent_shard_server::runtime: construction stage geometry="recent-8k" table="directory" seconds=0.301281535 stage="encode_database"
2026-09-09T20:51:29.494194Z DEBUG transparent_shard_server::runtime: construction stage geometry="recent-8k" table="directory" seconds=7.6908e-5 stage="public_setup"
2026-09-09T20:51:29.962596Z DEBUG transparent_shard_server::runtime: runtime stage key=("1cd27964911287b2a127c1f8df5e6b0c19f5b4db309391c5adb2db3072bfec6e", Directory, 0) seconds=0.921412299 stage="disk_save"
2026-09-09T20:51:30.290605Z DEBUG transparent_shard_server::runtime: construction stage geometry="recent-8k" table="directory" seconds=0.796392521 stage="hint_columns"
2026-09-09T20:51:30.292989Z DEBUG transparent_shard_server::runtime: construction stage geometry="recent-8k" table="pages" seconds=2.479275295 stage="pack_preprocessing"
2026-09-09T20:51:30.293295Z DEBUG transparent_shard_server::runtime: construction stage geometry="recent-8k" table="pages" seconds=0.000275594 stage="publish_parameters"
2026-09-09T20:51:30.293902Z DEBUG transparent_shard_server::runtime: runtime stage key=("1cd27964911287b2a127c1f8df5e6b0c19f5b4db309391c5adb2db3072bfec6e", Pages, 0) seconds=3.5573494070000002 stage="runtime_build"
2026-09-09T20:51:30.293981Z DEBUG transparent_shard_server::runtime: runtime stage key=("ced665ae1f1140944bcd0c9aa2b83c1019df768df87fa513f9509106fc5b88c1", Pages, 0) seconds=2.025e-6 stage="restore_slot"
2026-09-09T20:51:30.294080Z DEBUG transparent_shard_server::runtime: runtime stage key=("27f56c565263ecffb8c7736d4e811665d81bf4ed71c7978431fcc4f45b645ee1", Pages, 0) seconds=3.693137503 stage="build_slot"
2026-09-09T20:51:30.294108Z DEBUG transparent_shard_server::memory: cold build admission wait seconds=2.245e-5 admitted=true
2026-09-09T20:51:30.294227Z DEBUG transparent_shard_server::runtime: runtime stage key=("ced665ae1f1140944bcd0c9aa2b83c1019df768df87fa513f9509106fc5b88c1", Pages, 0) seconds=3.5148e-5 hit=false stage="disk_restore"
2026-09-09T20:51:30.432946Z DEBUG transparent_shard_server::runtime: runtime stage key=("27f56c565263ecffb8c7736d4e811665d81bf4ed71c7978431fcc4f45b645ee1", Pages, 0) seconds=0.135731077 stage="source_load"
2026-09-09T20:51:30.736174Z DEBUG transparent_shard_server::runtime: construction stage geometry="recent-8k" table="pages" seconds=0.303191712 stage="encode_database"
2026-09-09T20:51:30.736283Z DEBUG transparent_shard_server::runtime: construction stage geometry="recent-8k" table="pages" seconds=7.2162e-5 stage="public_setup"
2026-09-09T20:51:31.204204Z DEBUG transparent_shard_server::runtime: runtime stage key=("1cd27964911287b2a127c1f8df5e6b0c19f5b4db309391c5adb2db3072bfec6e", Pages, 0) seconds=0.910244534 stage="disk_save"
2026-09-09T20:51:31.493997Z DEBUG transparent_shard_server::runtime: construction stage geometry="recent-8k" table="pages" seconds=0.757706627 stage="hint_columns"
2026-09-09T20:51:32.645091Z DEBUG transparent_shard_server::runtime: construction stage geometry="recent-8k" table="directory" seconds=2.35444402 stage="pack_preprocessing"
2026-09-09T20:51:32.645408Z DEBUG transparent_shard_server::runtime: construction stage geometry="recent-8k" table="directory" seconds=0.000277687 stage="publish_parameters"
2026-09-09T20:51:32.645974Z DEBUG transparent_shard_server::runtime: runtime stage key=("27f56c565263ecffb8c7736d4e811665d81bf4ed71c7978431fcc4f45b645ee1", Directory, 0) seconds=3.453173624 stage="runtime_build"
2026-09-09T20:51:32.646012Z DEBUG transparent_shard_server::runtime: runtime stage key=("ced665ae1f1140944bcd0c9aa2b83c1019df768df87fa513f9509106fc5b88c1", Directory, 0) seconds=3.602613473 stage="build_slot"
2026-09-09T20:51:32.646092Z DEBUG transparent_shard_server::memory: cold build admission wait seconds=7.5664e-5 admitted=true
2026-09-09T20:51:32.649234Z DEBUG transparent_shard_server::runtime: runtime stage key=("2d4497bf9e8bafc6139ee4e57114238a7ecfa0782702939922bf2a79b1fe05bf", Directory, 0) seconds=1.686e-6 stage="restore_slot"
2026-09-09T20:51:32.655235Z DEBUG transparent_shard_server::runtime: runtime stage key=("2d4497bf9e8bafc6139ee4e57114238a7ecfa0782702939922bf2a79b1fe05bf", Directory, 0) seconds=5.1851e-5 hit=false stage="disk_restore"
2026-09-09T20:51:32.841558Z DEBUG transparent_shard_server::runtime: runtime stage key=("ced665ae1f1140944bcd0c9aa2b83c1019df768df87fa513f9509106fc5b88c1", Directory, 0) seconds=0.195337565 stage="source_load"
2026-09-09T20:51:33.137807Z DEBUG transparent_shard_server::runtime: construction stage geometry="recent-8k" table="directory" seconds=0.296205305 stage="encode_database"
2026-09-09T20:51:33.137930Z DEBUG transparent_shard_server::runtime: construction stage geometry="recent-8k" table="directory" seconds=9.101e-5 stage="public_setup"
2026-09-09T20:51:33.436104Z DEBUG transparent_shard_server::runtime: runtime stage key=("27f56c565263ecffb8c7736d4e811665d81bf4ed71c7978431fcc4f45b645ee1", Directory, 0) seconds=0.783918471 stage="disk_save"
2026-09-09T20:51:33.995865Z DEBUG transparent_shard_server::runtime: construction stage geometry="recent-8k" table="directory" seconds=0.857912589 stage="hint_columns"
2026-09-09T20:51:33.998241Z DEBUG transparent_shard_server::runtime: construction stage geometry="recent-8k" table="pages" seconds=2.504202889 stage="pack_preprocessing"
2026-09-09T20:51:33.998534Z DEBUG transparent_shard_server::runtime: construction stage geometry="recent-8k" table="pages" seconds=0.00026482 stage="publish_parameters"
2026-09-09T20:51:33.999130Z DEBUG transparent_shard_server::runtime: runtime stage key=("27f56c565263ecffb8c7736d4e811665d81bf4ed71c7978431fcc4f45b645ee1", Pages, 0) seconds=3.5661505890000003 stage="runtime_build"
2026-09-09T20:51:33.999218Z DEBUG transparent_shard_server::runtime: runtime stage key=("2d4497bf9e8bafc6139ee4e57114238a7ecfa0782702939922bf2a79b1fe05bf", Pages, 0) seconds=1.513e-6 stage="restore_slot"
2026-09-09T20:51:33.999349Z DEBUG transparent_shard_server::runtime: runtime stage key=("ced665ae1f1140944bcd0c9aa2b83c1019df768df87fa513f9509106fc5b88c1", Pages, 0) seconds=3.705088607 stage="build_slot"
2026-09-09T20:51:33.999366Z DEBUG transparent_shard_server::runtime: runtime stage key=("2d4497bf9e8bafc6139ee4e57114238a7ecfa0782702939922bf2a79b1fe05bf", Pages, 0) seconds=3.7546e-5 hit=false stage="disk_restore"
2026-09-09T20:51:33.999421Z DEBUG transparent_shard_server::memory: cold build admission wait seconds=2.7152e-5 admitted=true
2026-09-09T20:51:34.134804Z DEBUG transparent_shard_server::runtime: runtime stage key=("ced665ae1f1140944bcd0c9aa2b83c1019df768df87fa513f9509106fc5b88c1", Pages, 0) seconds=0.135356468 stage="source_load"
2026-09-09T20:51:34.425204Z DEBUG transparent_shard_server::runtime: construction stage geometry="recent-8k" table="pages" seconds=0.290367682 stage="encode_database"
2026-09-09T20:51:34.425308Z DEBUG transparent_shard_server::runtime: construction stage geometry="recent-8k" table="pages" seconds=7.4587e-5 stage="public_setup"
2026-09-09T20:51:34.927319Z DEBUG transparent_shard_server::runtime: runtime stage key=("27f56c565263ecffb8c7736d4e811665d81bf4ed71c7978431fcc4f45b645ee1", Pages, 0) seconds=0.928122498 stage="disk_save"
2026-09-09T20:51:35.209208Z DEBUG transparent_shard_server::runtime: construction stage geometry="recent-8k" table="pages" seconds=0.78389218 stage="hint_columns"
2026-09-09T20:51:36.350640Z DEBUG transparent_shard_server::runtime: construction stage geometry="recent-8k" table="directory" seconds=2.354734341 stage="pack_preprocessing"
2026-09-09T20:51:36.350948Z DEBUG transparent_shard_server::runtime: construction stage geometry="recent-8k" table="directory" seconds=0.000266631 stage="publish_parameters"
2026-09-09T20:51:36.351524Z DEBUG transparent_shard_server::runtime: runtime stage key=("ced665ae1f1140944bcd0c9aa2b83c1019df768df87fa513f9509106fc5b88c1", Directory, 0) seconds=3.509923994 stage="runtime_build"
2026-09-09T20:51:36.351622Z DEBUG transparent_shard_server::runtime: runtime stage key=("a4bd72b37c0aafb265c77bb09cbc402cf69b65a87a1fabc8a0f12614b35469be", Directory, 0) seconds=1.848e-6 stage="restore_slot"
2026-09-09T20:51:36.351737Z DEBUG transparent_shard_server::runtime: runtime stage key=("2d4497bf9e8bafc6139ee4e57114238a7ecfa0782702939922bf2a79b1fe05bf", Directory, 0) seconds=3.696433752 stage="build_slot"
2026-09-09T20:51:36.351773Z DEBUG transparent_shard_server::memory: cold build admission wait seconds=2.778e-5 admitted=true
2026-09-09T20:51:36.351774Z DEBUG transparent_shard_server::runtime: runtime stage key=("a4bd72b37c0aafb265c77bb09cbc402cf69b65a87a1fabc8a0f12614b35469be", Directory, 0) seconds=3.54e-5 hit=false stage="disk_restore"
2026-09-09T20:51:36.540829Z DEBUG transparent_shard_server::runtime: runtime stage key=("2d4497bf9e8bafc6139ee4e57114238a7ecfa0782702939922bf2a79b1fe05bf", Directory, 0) seconds=0.189040585 stage="source_load"
2026-09-09T20:51:36.847722Z DEBUG transparent_shard_server::runtime: construction stage geometry="recent-8k" table="directory" seconds=0.306859923 stage="encode_database"
2026-09-09T20:51:36.847827Z DEBUG transparent_shard_server::runtime: construction stage geometry="recent-8k" table="directory" seconds=7.315e-5 stage="public_setup"
2026-09-09T20:51:37.314205Z DEBUG transparent_shard_server::runtime: runtime stage key=("ced665ae1f1140944bcd0c9aa2b83c1019df768df87fa513f9509106fc5b88c1", Directory, 0) seconds=0.962625008 stage="disk_save"
2026-09-09T20:51:37.388483Z DEBUG transparent_shard_server::runtime: construction stage geometry="recent-8k" table="pages" seconds=2.179236001 stage="pack_preprocessing"
2026-09-09T20:51:37.388787Z DEBUG transparent_shard_server::runtime: construction stage geometry="recent-8k" table="pages" seconds=0.000265078 stage="publish_parameters"
2026-09-09T20:51:37.392518Z DEBUG transparent_shard_server::runtime: runtime stage key=("ced665ae1f1140944bcd0c9aa2b83c1019df768df87fa513f9509106fc5b88c1", Pages, 0) seconds=3.25768217 stage="runtime_build"
2026-09-09T20:51:37.395190Z DEBUG transparent_shard_server::runtime: runtime stage key=("2d4497bf9e8bafc6139ee4e57114238a7ecfa0782702939922bf2a79b1fe05bf", Pages, 0) seconds=3.395796251 stage="build_slot"
2026-09-09T20:51:37.395303Z DEBUG transparent_shard_server::memory: cold build admission wait seconds=8.2007e-5 admitted=true
2026-09-09T20:51:37.395328Z DEBUG transparent_shard_server::runtime: runtime stage key=("a4bd72b37c0aafb265c77bb09cbc402cf69b65a87a1fabc8a0f12614b35469be", Pages, 0) seconds=6.56e-7 stage="restore_slot"
2026-09-09T20:51:37.396238Z DEBUG transparent_shard_server::runtime: runtime stage key=("a4bd72b37c0aafb265c77bb09cbc402cf69b65a87a1fabc8a0f12614b35469be", Pages, 0) seconds=3.4591e-5 hit=false stage="disk_restore"
2026-09-09T20:51:37.663279Z DEBUG transparent_shard_server::runtime: runtime stage key=("2d4497bf9e8bafc6139ee4e57114238a7ecfa0782702939922bf2a79b1fe05bf", Pages, 0) seconds=0.267948801 stage="source_load"
2026-09-09T20:51:37.775309Z DEBUG transparent_shard_server::runtime: construction stage geometry="recent-8k" table="directory" seconds=0.927474795 stage="hint_columns"
2026-09-09T20:51:38.017078Z DEBUG transparent_shard_server::runtime: construction stage geometry="recent-8k" table="pages" seconds=0.353767689 stage="encode_database"
2026-09-09T20:51:38.017204Z DEBUG transparent_shard_server::runtime: construction stage geometry="recent-8k" table="pages" seconds=8.8632e-5 stage="public_setup"
2026-09-09T20:51:38.331273Z DEBUG transparent_shard_server::runtime: runtime stage key=("ced665ae1f1140944bcd0c9aa2b83c1019df768df87fa513f9509106fc5b88c1", Pages, 0) seconds=0.938683322 stage="disk_save"
2026-09-09T20:51:38.863748Z DEBUG transparent_shard_server::runtime: construction stage geometry="recent-8k" table="pages" seconds=0.846535846 stage="hint_columns"
2026-09-09T20:51:40.007288Z DEBUG transparent_shard_server::runtime: construction stage geometry="recent-8k" table="directory" seconds=2.231938203 stage="pack_preprocessing"
2026-09-09T20:51:40.007605Z DEBUG transparent_shard_server::runtime: construction stage geometry="recent-8k" table="directory" seconds=0.000267031 stage="publish_parameters"
2026-09-09T20:51:40.014284Z DEBUG transparent_shard_server::runtime: runtime stage key=("2d4497bf9e8bafc6139ee4e57114238a7ecfa0782702939922bf2a79b1fe05bf", Directory, 0) seconds=3.473422246 stage="runtime_build"
2026-09-09T20:51:40.014367Z DEBUG transparent_shard_server::runtime: runtime stage key=("a4bd72b37c0aafb265c77bb09cbc402cf69b65a87a1fabc8a0f12614b35469be", Directory, 0) seconds=3.662510208 stage="build_slot"
2026-09-09T20:51:40.014464Z DEBUG transparent_shard_server::memory: cold build admission wait seconds=8.0025e-5 admitted=true
2026-09-09T20:51:40.014489Z DEBUG transparent_shard_server::runtime: runtime stage key=("c907a0aa45b2551520863990845279fd25135889865e088c2dad6ea0d32b8fde", Directory, 0) seconds=8.46e-7 stage="restore_slot"
2026-09-09T20:51:40.014593Z DEBUG transparent_shard_server::runtime: runtime stage key=("c907a0aa45b2551520863990845279fd25135889865e088c2dad6ea0d32b8fde", Directory, 0) seconds=3.3649e-5 hit=false stage="disk_restore"
2026-09-09T20:51:40.204043Z DEBUG transparent_shard_server::runtime: runtime stage key=("a4bd72b37c0aafb265c77bb09cbc402cf69b65a87a1fabc8a0f12614b35469be", Directory, 0) seconds=0.189554184 stage="source_load"
2026-09-09T20:51:40.493973Z DEBUG transparent_shard_server::runtime: construction stage geometry="recent-8k" table="directory" seconds=0.289897855 stage="encode_database"
2026-09-09T20:51:40.494089Z DEBUG transparent_shard_server::runtime: construction stage geometry="recent-8k" table="directory" seconds=8.341e-5 stage="public_setup"
2026-09-09T20:51:40.799208Z DEBUG transparent_shard_server::runtime: runtime stage key=("2d4497bf9e8bafc6139ee4e57114238a7ecfa0782702939922bf2a79b1fe05bf", Directory, 0) seconds=0.784839218 stage="disk_save"
2026-09-09T20:51:41.082308Z DEBUG transparent_shard_server::runtime: construction stage geometry="recent-8k" table="pages" seconds=2.218518689 stage="pack_preprocessing"
2026-09-09T20:51:41.082622Z DEBUG transparent_shard_server::runtime: construction stage geometry="recent-8k" table="pages" seconds=0.000274324 stage="publish_parameters"
2026-09-09T20:51:41.089240Z DEBUG transparent_shard_server::runtime: runtime stage key=("2d4497bf9e8bafc6139ee4e57114238a7ecfa0782702939922bf2a79b1fe05bf", Pages, 0) seconds=3.4259303660000002 stage="runtime_build"
2026-09-09T20:51:41.089316Z DEBUG transparent_shard_server::runtime: runtime stage key=("a4bd72b37c0aafb265c77bb09cbc402cf69b65a87a1fabc8a0f12614b35469be", Pages, 0) seconds=3.693044134 stage="build_slot"
2026-09-09T20:51:41.089420Z DEBUG transparent_shard_server::memory: cold build admission wait seconds=8.2865e-5 admitted=true
2026-09-09T20:51:41.089445Z DEBUG transparent_shard_server::runtime: runtime stage key=("c907a0aa45b2551520863990845279fd25135889865e088c2dad6ea0d32b8fde", Pages, 0) seconds=6.3e-7 stage="restore_slot"
2026-09-09T20:51:41.089516Z DEBUG transparent_shard_server::runtime: runtime stage key=("c907a0aa45b2551520863990845279fd25135889865e088c2dad6ea0d32b8fde", Pages, 0) seconds=2.5578e-5 hit=false stage="disk_restore"
2026-09-09T20:51:41.356885Z DEBUG transparent_shard_server::runtime: runtime stage key=("a4bd72b37c0aafb265c77bb09cbc402cf69b65a87a1fabc8a0f12614b35469be", Pages, 0) seconds=0.267441073 stage="source_load"
2026-09-09T20:51:41.460228Z DEBUG transparent_shard_server::runtime: construction stage geometry="recent-8k" table="directory" seconds=0.966129933 stage="hint_columns"
2026-09-09T20:51:41.729271Z DEBUG transparent_shard_server::runtime: construction stage geometry="recent-8k" table="pages" seconds=0.372352785 stage="encode_database"
2026-09-09T20:51:41.729385Z DEBUG transparent_shard_server::runtime: construction stage geometry="recent-8k" table="pages" seconds=7.3966e-5 stage="public_setup"
2026-09-09T20:51:41.988267Z DEBUG transparent_shard_server::runtime: runtime stage key=("2d4497bf9e8bafc6139ee4e57114238a7ecfa0782702939922bf2a79b1fe05bf", Pages, 0) seconds=0.89895735 stage="disk_save"
2026-09-09T20:51:42.556706Z DEBUG transparent_shard_server::runtime: construction stage geometry="recent-8k" table="pages" seconds=0.827312321 stage="hint_columns"
2026-09-09T20:51:43.693384Z DEBUG transparent_shard_server::runtime: construction stage geometry="recent-8k" table="directory" seconds=2.233112672 stage="pack_preprocessing"
2026-09-09T20:51:43.693698Z DEBUG transparent_shard_server::runtime: construction stage geometry="recent-8k" table="directory" seconds=0.000272921 stage="publish_parameters"
2026-09-09T20:51:43.697272Z DEBUG transparent_shard_server::runtime: runtime stage key=("a4bd72b37c0aafb265c77bb09cbc402cf69b65a87a1fabc8a0f12614b35469be", Directory, 0) seconds=3.493196569 stage="runtime_build"
2026-09-09T20:51:43.697360Z DEBUG transparent_shard_server::runtime: runtime stage key=("c907a0aa45b2551520863990845279fd25135889865e088c2dad6ea0d32b8fde", Directory, 0) seconds=3.682730891 stage="build_slot"
2026-09-09T20:51:43.697460Z DEBUG transparent_shard_server::memory: cold build admission wait seconds=7.888e-5 admitted=true
2026-09-09T20:51:43.697491Z DEBUG transparent_shard_server::runtime: runtime stage key=("67574e8d4c7f7c258f8c7488f73e80a9476f8074c3db3540325133ff25020c2b", Directory, 0) seconds=7.34e-7 stage="restore_slot"
2026-09-09T20:51:43.697561Z DEBUG transparent_shard_server::runtime: runtime stage key=("67574e8d4c7f7c258f8c7488f73e80a9476f8074c3db3540325133ff25020c2b", Directory, 0) seconds=2.7216e-5 hit=false stage="disk_restore"
2026-09-09T20:51:43.891468Z DEBUG transparent_shard_server::runtime: runtime stage key=("c907a0aa45b2551520863990845279fd25135889865e088c2dad6ea0d32b8fde", Directory, 0) seconds=0.193931081 stage="source_load"
2026-09-09T20:51:44.194764Z DEBUG transparent_shard_server::runtime: construction stage geometry="recent-8k" table="directory" seconds=0.303262465 stage="encode_database"
2026-09-09T20:51:44.194869Z DEBUG transparent_shard_server::runtime: construction stage geometry="recent-8k" table="directory" seconds=7.3429e-5 stage="public_setup"
2026-09-09T20:51:44.494200Z DEBUG transparent_shard_server::runtime: runtime stage key=("a4bd72b37c0aafb265c77bb09cbc402cf69b65a87a1fabc8a0f12614b35469be", Directory, 0) seconds=0.796843411 stage="disk_save"
2026-09-09T20:51:44.886304Z DEBUG transparent_shard_server::runtime: construction stage geometry="recent-8k" table="pages" seconds=2.329554244 stage="pack_preprocessing"
2026-09-09T20:51:44.886639Z DEBUG transparent_shard_server::runtime: construction stage geometry="recent-8k" table="pages" seconds=0.000297565 stage="publish_parameters"
2026-09-09T20:51:44.889599Z DEBUG transparent_shard_server::runtime: runtime stage key=("a4bd72b37c0aafb265c77bb09cbc402cf69b65a87a1fabc8a0f12614b35469be", Pages, 0) seconds=3.5326819179999998 stage="runtime_build"
2026-09-09T20:51:44.889666Z DEBUG transparent_shard_server::runtime: runtime stage key=("c907a0aa45b2551520863990845279fd25135889865e088c2dad6ea0d32b8fde", Pages, 0) seconds=3.800133847 stage="build_slot"
2026-09-09T20:51:44.889751Z DEBUG transparent_shard_server::memory: cold build admission wait seconds=8.0688e-5 admitted=true
2026-09-09T20:51:44.889797Z DEBUG transparent_shard_server::runtime: runtime stage key=("67574e8d4c7f7c258f8c7488f73e80a9476f8074c3db3540325133ff25020c2b", Pages, 0) seconds=9.25e-7 stage="restore_slot"
2026-09-09T20:51:44.889886Z DEBUG transparent_shard_server::runtime: runtime stage key=("67574e8d4c7f7c258f8c7488f73e80a9476f8074c3db3540325133ff25020c2b", Pages, 0) seconds=4.7483e-5 hit=false stage="disk_restore"
2026-09-09T20:51:45.107229Z DEBUG transparent_shard_server::runtime: construction stage geometry="recent-8k" table="directory" seconds=0.912353656 stage="hint_columns"
2026-09-09T20:51:45.125036Z DEBUG transparent_shard_server::runtime: runtime stage key=("c907a0aa45b2551520863990845279fd25135889865e088c2dad6ea0d32b8fde", Pages, 0) seconds=0.235257658 stage="source_load"
2026-09-09T20:51:45.422961Z DEBUG transparent_shard_server::runtime: construction stage geometry="recent-8k" table="pages" seconds=0.297890404 stage="encode_database"
2026-09-09T20:51:45.423066Z DEBUG transparent_shard_server::runtime: construction stage geometry="recent-8k" table="pages" seconds=6.9227e-5 stage="public_setup"
2026-09-09T20:51:45.710150Z DEBUG transparent_shard_server::runtime: runtime stage key=("a4bd72b37c0aafb265c77bb09cbc402cf69b65a87a1fabc8a0f12614b35469be", Pages, 0) seconds=0.820311715 stage="disk_save"
2026-09-09T20:51:46.244768Z DEBUG transparent_shard_server::runtime: construction stage geometry="recent-8k" table="pages" seconds=0.821694278 stage="hint_columns"
2026-09-09T20:51:47.410745Z DEBUG transparent_shard_server::runtime: construction stage geometry="recent-8k" table="directory" seconds=2.303481309 stage="pack_preprocessing"
2026-09-09T20:51:47.411033Z DEBUG transparent_shard_server::runtime: construction stage geometry="recent-8k" table="directory" seconds=0.000237641 stage="publish_parameters"
2026-09-09T20:51:47.411645Z DEBUG transparent_shard_server::runtime: runtime stage key=("c907a0aa45b2551520863990845279fd25135889865e088c2dad6ea0d32b8fde", Directory, 0) seconds=3.520145859 stage="runtime_build"
2026-09-09T20:51:47.411750Z DEBUG transparent_shard_server::runtime: runtime stage key=("67574e8d4c7f7c258f8c7488f73e80a9476f8074c3db3540325133ff25020c2b", Directory, 0) seconds=3.714171871 stage="build_slot"
2026-09-09T20:51:47.411846Z DEBUG transparent_shard_server::memory: cold build admission wait seconds=7.8275e-5 admitted=true
2026-09-09T20:51:47.574930Z DEBUG transparent_shard_server::runtime: runtime stage key=("67574e8d4c7f7c258f8c7488f73e80a9476f8074c3db3540325133ff25020c2b", Directory, 0) seconds=0.163061407 stage="source_load"
2026-09-09T20:51:47.877558Z DEBUG transparent_shard_server::runtime: construction stage geometry="recent-8k" table="directory" seconds=0.302593349 stage="encode_database"
2026-09-09T20:51:47.877748Z DEBUG transparent_shard_server::runtime: construction stage geometry="recent-8k" table="directory" seconds=0.000159484 stage="public_setup"
2026-09-09T20:51:48.201583Z DEBUG transparent_shard_server::runtime: runtime stage key=("c907a0aa45b2551520863990845279fd25135889865e088c2dad6ea0d32b8fde", Directory, 0) seconds=0.789804234 stage="disk_save"
2026-09-09T20:51:48.618613Z DEBUG transparent_shard_server::runtime: construction stage geometry="recent-8k" table="pages" seconds=2.373800036 stage="pack_preprocessing"
2026-09-09T20:51:48.618921Z DEBUG transparent_shard_server::runtime: construction stage geometry="recent-8k" table="pages" seconds=0.000265276 stage="publish_parameters"
2026-09-09T20:51:48.619485Z DEBUG transparent_shard_server::runtime: runtime stage key=("c907a0aa45b2551520863990845279fd25135889865e088c2dad6ea0d32b8fde", Pages, 0) seconds=3.494416974 stage="runtime_build"
2026-09-09T20:51:48.624191Z DEBUG transparent_shard_server::runtime: runtime stage key=("67574e8d4c7f7c258f8c7488f73e80a9476f8074c3db3540325133ff25020c2b", Pages, 0) seconds=3.731005182 stage="build_slot"
2026-09-09T20:51:48.624300Z DEBUG transparent_shard_server::memory: cold build admission wait seconds=8.0215e-5 admitted=true
2026-09-09T20:51:48.810245Z DEBUG transparent_shard_server::runtime: construction stage geometry="recent-8k" table="directory" seconds=0.932488685 stage="hint_columns"
2026-09-09T20:51:48.885666Z DEBUG transparent_shard_server::runtime: runtime stage key=("67574e8d4c7f7c258f8c7488f73e80a9476f8074c3db3540325133ff25020c2b", Pages, 0) seconds=0.26131028 stage="source_load"
2026-09-09T20:51:49.186945Z DEBUG transparent_shard_server::runtime: construction stage geometry="recent-8k" table="pages" seconds=0.301245399 stage="encode_database"
2026-09-09T20:51:49.187052Z DEBUG transparent_shard_server::runtime: construction stage geometry="recent-8k" table="pages" seconds=7.2879e-5 stage="public_setup"
2026-09-09T20:51:49.470210Z DEBUG transparent_shard_server::runtime: runtime stage key=("c907a0aa45b2551520863990845279fd25135889865e088c2dad6ea0d32b8fde", Pages, 0) seconds=0.850674492 stage="disk_save"
2026-09-09T20:51:49.984234Z DEBUG transparent_shard_server::runtime: construction stage geometry="recent-8k" table="pages" seconds=0.797174356 stage="hint_columns"
2026-09-09T20:51:51.131913Z DEBUG transparent_shard_server::runtime: construction stage geometry="recent-8k" table="directory" seconds=2.321626984 stage="pack_preprocessing"
2026-09-09T20:51:51.132217Z DEBUG transparent_shard_server::runtime: construction stage geometry="recent-8k" table="directory" seconds=0.000260215 stage="publish_parameters"
2026-09-09T20:51:51.132819Z DEBUG transparent_shard_server::runtime: runtime stage key=("67574e8d4c7f7c258f8c7488f73e80a9476f8074c3db3540325133ff25020c2b", Directory, 0) seconds=3.557855712 stage="runtime_build"
2026-09-09T20:51:51.836279Z DEBUG transparent_shard_server::runtime: runtime stage key=("67574e8d4c7f7c258f8c7488f73e80a9476f8074c3db3540325133ff25020c2b", Directory, 0) seconds=0.703391658 stage="disk_save"
2026-09-09T20:51:52.151017Z DEBUG transparent_shard_server::runtime: construction stage geometry="recent-8k" table="pages" seconds=2.166736503 stage="pack_preprocessing"
2026-09-09T20:51:52.151321Z DEBUG transparent_shard_server::runtime: construction stage geometry="recent-8k" table="pages" seconds=0.000263254 stage="publish_parameters"
2026-09-09T20:51:52.151881Z DEBUG transparent_shard_server::runtime: runtime stage key=("67574e8d4c7f7c258f8c7488f73e80a9476f8074c3db3540325133ff25020c2b", Pages, 0) seconds=3.2661837719999998 stage="runtime_build"
2026-09-09T20:51:52.151947Z  INFO transparent_shard_server::service: prewarm finished warm=28 target=28 failed=0 seconds=53.60215903
2026-09-09T20:51:52.808331Z DEBUG transparent_shard_server::runtime: runtime stage key=("67574e8d4c7f7c258f8c7488f73e80a9476f8074c3db3540325133ff25020c2b", Pages, 0) seconds=0.656390556 stage="disk_save"
2026-09-09T20:51:53.031485Z DEBUG transparent_shard_server::service: query stage revision=5b7ee9849d47f5ee67d04eb6ca4588beacf42dce75e5a1b481dfd02607b1fb20 table="directory" seconds=4.793e-6 stage="query_admission"
2026-09-09T20:51:53.031521Z DEBUG transparent_shard_server::service: query stage revision=5b7ee9849d47f5ee67d04eb6ca4588beacf42dce75e5a1b481dfd02607b1fb20 table="directory" seconds=6.633e-6 stage="query_runtime"
2026-09-09T20:51:53.031575Z DEBUG transparent_shard_server::service: query stage revision=5b7ee9849d47f5ee67d04eb6ca4588beacf42dce75e5a1b481dfd02607b1fb20 table="directory" seconds=5.1077e-5 admitted=true stage="query_memory_admission"
2026-09-09T20:51:53.031612Z DEBUG transparent_shard_server::service: query stage revision=5b7ee9849d47f5ee67d04eb6ca4588beacf42dce75e5a1b481dfd02607b1fb20 table="directory" seconds=3.0464e-5 stage="query_dispatch"
2026-09-09T20:51:53.031778Z DEBUG transparent_shard_server::service: query stage revision=5b7ee9849d47f5ee67d04eb6ca4588beacf42dce75e5a1b481dfd02607b1fb20 table="directory" seconds=1.142e-6 stage="query_admission"
2026-09-09T20:51:53.031788Z DEBUG transparent_shard_server::service: query stage revision=5b7ee9849d47f5ee67d04eb6ca4588beacf42dce75e5a1b481dfd02607b1fb20 table="directory" seconds=2.349e-6 stage="query_runtime"
2026-09-09T20:51:53.031823Z DEBUG transparent_shard_server::service: query stage revision=5b7ee9849d47f5ee67d04eb6ca4588beacf42dce75e5a1b481dfd02607b1fb20 table="directory" seconds=3.264e-5 admitted=true stage="query_memory_admission"
2026-09-09T20:51:53.031866Z DEBUG transparent_shard_server::service: query stage revision=5b7ee9849d47f5ee67d04eb6ca4588beacf42dce75e5a1b481dfd02607b1fb20 table="directory" seconds=3.7579e-5 stage="query_dispatch"
2026-09-09T20:51:53.048672Z DEBUG transparent_shard_server::service: query stage revision=5b7ee9849d47f5ee67d04eb6ca4588beacf42dce75e5a1b481dfd02607b1fb20 table="directory" seconds=0.01703649 stage="query_evaluate"
2026-09-09T20:51:53.049380Z DEBUG transparent_shard_server::service: query stage revision=5b7ee9849d47f5ee67d04eb6ca4588beacf42dce75e5a1b481dfd02607b1fb20 table="directory" seconds=0.017494652 stage="query_evaluate"
2026-09-09T20:51:53.233864Z DEBUG transparent_shard_server::service: query stage revision=5b7ee9849d47f5ee67d04eb6ca4588beacf42dce75e5a1b481dfd02607b1fb20 table="pages" seconds=2.111e-6 stage="query_admission"
2026-09-09T20:51:53.233901Z DEBUG transparent_shard_server::service: query stage revision=5b7ee9849d47f5ee67d04eb6ca4588beacf42dce75e5a1b481dfd02607b1fb20 table="pages" seconds=5.104e-6 stage="query_runtime"
2026-09-09T20:51:53.233949Z DEBUG transparent_shard_server::service: query stage revision=5b7ee9849d47f5ee67d04eb6ca4588beacf42dce75e5a1b481dfd02607b1fb20 table="pages" seconds=4.5342e-5 admitted=true stage="query_memory_admission"
2026-09-09T20:51:53.233966Z DEBUG transparent_shard_server::service: query stage revision=5b7ee9849d47f5ee67d04eb6ca4588beacf42dce75e5a1b481dfd02607b1fb20 table="pages" seconds=1.2128e-5 stage="query_dispatch"
2026-09-09T20:51:53.236273Z DEBUG transparent_shard_server::service: query stage revision=5b7ee9849d47f5ee67d04eb6ca4588beacf42dce75e5a1b481dfd02607b1fb20 table="pages" seconds=1.952e-6 stage="query_admission"
2026-09-09T20:51:53.236304Z DEBUG transparent_shard_server::service: query stage revision=5b7ee9849d47f5ee67d04eb6ca4588beacf42dce75e5a1b481dfd02607b1fb20 table="pages" seconds=6.073e-6 stage="query_runtime"
2026-09-09T20:51:53.236357Z DEBUG transparent_shard_server::service: query stage revision=5b7ee9849d47f5ee67d04eb6ca4588beacf42dce75e5a1b481dfd02607b1fb20 table="pages" seconds=4.9725e-5 admitted=true stage="query_memory_admission"
2026-09-09T20:51:53.236404Z DEBUG transparent_shard_server::service: query stage revision=5b7ee9849d47f5ee67d04eb6ca4588beacf42dce75e5a1b481dfd02607b1fb20 table="pages" seconds=4.1612e-5 stage="query_dispatch"
2026-09-09T20:51:53.250834Z DEBUG transparent_shard_server::service: query stage revision=5b7ee9849d47f5ee67d04eb6ca4588beacf42dce75e5a1b481dfd02607b1fb20 table="pages" seconds=0.014398913 stage="query_evaluate"
2026-09-09T20:51:53.250834Z DEBUG transparent_shard_server::service: query stage revision=5b7ee9849d47f5ee67d04eb6ca4588beacf42dce75e5a1b481dfd02607b1fb20 table="pages" seconds=0.016853005 stage="query_evaluate"
2026-09-09T20:51:53.316905Z  INFO transparent_shard_server::runtime: retired runtime memory reclaimed rss_before=5129940992 rss_after=4493152256
test burst::publication_burst_under_exact_load has been running for over 60 seconds
2026-09-09T20:51:53.406197Z DEBUG transparent_shard_server::service: query stage revision=5b7ee9849d47f5ee67d04eb6ca4588beacf42dce75e5a1b481dfd02607b1fb20 table="directory" seconds=2.596e-6 stage="query_admission"
2026-09-09T20:51:53.406251Z DEBUG transparent_shard_server::service: query stage revision=5b7ee9849d47f5ee67d04eb6ca4588beacf42dce75e5a1b481dfd02607b1fb20 table="directory" seconds=2.3134e-5 stage="query_runtime"
2026-09-09T20:51:53.406322Z DEBUG transparent_shard_server::service: query stage revision=5b7ee9849d47f5ee67d04eb6ca4588beacf42dce75e5a1b481dfd02607b1fb20 table="directory" seconds=6.7374e-5 admitted=true stage="query_memory_admission"
2026-09-09T20:51:53.406368Z DEBUG transparent_shard_server::service: query stage revision=5b7ee9849d47f5ee67d04eb6ca4588beacf42dce75e5a1b481dfd02607b1fb20 table="directory" seconds=4.0781e-5 stage="query_dispatch"
2026-09-09T20:51:53.406531Z DEBUG transparent_shard_server::service: query stage revision=5b7ee9849d47f5ee67d04eb6ca4588beacf42dce75e5a1b481dfd02607b1fb20 table="directory" seconds=1.38e-6 stage="query_admission"
2026-09-09T20:51:53.406539Z DEBUG transparent_shard_server::service: query stage revision=5b7ee9849d47f5ee67d04eb6ca4588beacf42dce75e5a1b481dfd02607b1fb20 table="directory" seconds=2.311e-6 stage="query_runtime"
2026-09-09T20:51:53.406576Z DEBUG transparent_shard_server::service: query stage revision=5b7ee9849d47f5ee67d04eb6ca4588beacf42dce75e5a1b481dfd02607b1fb20 table="directory" seconds=3.5076e-5 admitted=true stage="query_memory_admission"
2026-09-09T20:51:53.406867Z DEBUG transparent_shard_server::service: query stage revision=5b7ee9849d47f5ee67d04eb6ca4588beacf42dce75e5a1b481dfd02607b1fb20 table="directory" seconds=0.000286834 stage="query_dispatch"
2026-09-09T20:51:53.430915Z DEBUG transparent_shard_server::service: query stage revision=5b7ee9849d47f5ee67d04eb6ca4588beacf42dce75e5a1b481dfd02607b1fb20 table="directory" seconds=0.024038719 stage="query_evaluate"
2026-09-09T20:51:53.431572Z DEBUG transparent_shard_server::service: query stage revision=5b7ee9849d47f5ee67d04eb6ca4588beacf42dce75e5a1b481dfd02607b1fb20 table="directory" seconds=0.02518532 stage="query_evaluate"
2026-09-09T20:51:53.585852Z DEBUG transparent_shard_server::service: query stage revision=5b7ee9849d47f5ee67d04eb6ca4588beacf42dce75e5a1b481dfd02607b1fb20 table="pages" seconds=2.569e-6 stage="query_admission"
2026-09-09T20:51:53.585889Z DEBUG transparent_shard_server::service: query stage revision=5b7ee9849d47f5ee67d04eb6ca4588beacf42dce75e5a1b481dfd02607b1fb20 table="pages" seconds=5.158e-6 stage="query_runtime"
2026-09-09T20:51:53.585982Z DEBUG transparent_shard_server::service: query stage revision=5b7ee9849d47f5ee67d04eb6ca4588beacf42dce75e5a1b481dfd02607b1fb20 table="pages" seconds=6.6276e-5 admitted=true stage="query_memory_admission"
2026-09-09T20:51:53.585999Z DEBUG transparent_shard_server::service: query stage revision=5b7ee9849d47f5ee67d04eb6ca4588beacf42dce75e5a1b481dfd02607b1fb20 table="pages" seconds=1.3332e-5 stage="query_dispatch"
2026-09-09T20:51:53.588314Z DEBUG transparent_shard_server::service: query stage revision=5b7ee9849d47f5ee67d04eb6ca4588beacf42dce75e5a1b481dfd02607b1fb20 table="pages" seconds=3.131e-6 stage="query_admission"
2026-09-09T20:51:53.588351Z DEBUG transparent_shard_server::service: query stage revision=5b7ee9849d47f5ee67d04eb6ca4588beacf42dce75e5a1b481dfd02607b1fb20 table="pages" seconds=8.671e-6 stage="query_runtime"
2026-09-09T20:51:53.588432Z DEBUG transparent_shard_server::service: query stage revision=5b7ee9849d47f5ee67d04eb6ca4588beacf42dce75e5a1b481dfd02607b1fb20 table="pages" seconds=7.742e-5 admitted=true stage="query_memory_admission"
2026-09-09T20:51:53.588469Z DEBUG transparent_shard_server::service: query stage revision=5b7ee9849d47f5ee67d04eb6ca4588beacf42dce75e5a1b481dfd02607b1fb20 table="pages" seconds=3.1405e-5 stage="query_dispatch"
2026-09-09T20:51:53.610537Z DEBUG transparent_shard_server::service: query stage revision=5b7ee9849d47f5ee67d04eb6ca4588beacf42dce75e5a1b481dfd02607b1fb20 table="pages" seconds=0.024532444 stage="query_evaluate"
2026-09-09T20:51:53.611257Z DEBUG transparent_shard_server::service: query stage revision=5b7ee9849d47f5ee67d04eb6ca4588beacf42dce75e5a1b481dfd02607b1fb20 table="pages" seconds=0.022767916 stage="query_evaluate"
2026-09-09T20:51:53.764564Z DEBUG transparent_shard_server::service: query stage revision=5b7ee9849d47f5ee67d04eb6ca4588beacf42dce75e5a1b481dfd02607b1fb20 table="directory" seconds=2.399e-6 stage="query_admission"
2026-09-09T20:51:53.764603Z DEBUG transparent_shard_server::service: query stage revision=5b7ee9849d47f5ee67d04eb6ca4588beacf42dce75e5a1b481dfd02607b1fb20 table="directory" seconds=5.195e-6 stage="query_runtime"
2026-09-09T20:51:53.764669Z DEBUG transparent_shard_server::service: query stage revision=5b7ee9849d47f5ee67d04eb6ca4588beacf42dce75e5a1b481dfd02607b1fb20 table="directory" seconds=1.732e-6 stage="query_admission"
2026-09-09T20:51:53.764675Z DEBUG transparent_shard_server::service: query stage revision=5b7ee9849d47f5ee67d04eb6ca4588beacf42dce75e5a1b481dfd02607b1fb20 table="directory" seconds=6.7968e-5 admitted=true stage="query_memory_admission"
2026-09-09T20:51:53.764690Z DEBUG transparent_shard_server::service: query stage revision=5b7ee9849d47f5ee67d04eb6ca4588beacf42dce75e5a1b481dfd02607b1fb20 table="directory" seconds=4.157e-6 stage="query_runtime"
2026-09-09T20:51:53.764731Z DEBUG transparent_shard_server::service: query stage revision=5b7ee9849d47f5ee67d04eb6ca4588beacf42dce75e5a1b481dfd02607b1fb20 table="directory" seconds=3.8771e-5 stage="query_dispatch"
2026-09-09T20:51:53.764749Z DEBUG transparent_shard_server::service: query stage revision=5b7ee9849d47f5ee67d04eb6ca4588beacf42dce75e5a1b481dfd02607b1fb20 table="directory" seconds=5.5233e-5 admitted=true stage="query_memory_admission"
2026-09-09T20:51:53.764775Z DEBUG transparent_shard_server::service: query stage revision=5b7ee9849d47f5ee67d04eb6ca4588beacf42dce75e5a1b481dfd02607b1fb20 table="directory" seconds=2.1855e-5 stage="query_dispatch"
2026-09-09T20:51:53.785609Z DEBUG transparent_shard_server::service: query stage revision=5b7ee9849d47f5ee67d04eb6ca4588beacf42dce75e5a1b481dfd02607b1fb20 table="directory" seconds=0.020861503 stage="query_evaluate"
2026-09-09T20:51:53.786343Z DEBUG transparent_shard_server::service: query stage revision=5b7ee9849d47f5ee67d04eb6ca4588beacf42dce75e5a1b481dfd02607b1fb20 table="directory" seconds=0.021563103 stage="query_evaluate"
2026-09-09T20:51:53.878658Z DEBUG transparent_shard_server::runtime: runtime stage key=("be059aab39ac34125e0452548d6fbcfb1e7cdb7237a597bd59ee86011ed4882b", Directory, 0) seconds=1.48e-6 stage="restore_slot"
2026-09-09T20:51:53.878672Z DEBUG transparent_shard_server::runtime: runtime stage key=("be059aab39ac34125e0452548d6fbcfb1e7cdb7237a597bd59ee86011ed4882b", Pages, 0) seconds=1.275e-6 stage="restore_slot"
2026-09-09T20:51:53.878859Z DEBUG transparent_shard_server::runtime: runtime stage key=("be059aab39ac34125e0452548d6fbcfb1e7cdb7237a597bd59ee86011ed4882b", Directory, 0) seconds=3.2093e-5 hit=false stage="disk_restore"
2026-09-09T20:51:53.878886Z DEBUG transparent_shard_server::runtime: runtime stage key=("be059aab39ac34125e0452548d6fbcfb1e7cdb7237a597bd59ee86011ed4882b", Directory, 0) seconds=8.47e-7 stage="build_slot"
2026-09-09T20:51:53.878933Z DEBUG transparent_shard_server::memory: cold build admission wait seconds=4.3832e-5 admitted=true
2026-09-09T20:51:53.878958Z DEBUG transparent_shard_server::runtime: runtime stage key=("be059aab39ac34125e0452548d6fbcfb1e7cdb7237a597bd59ee86011ed4882b", Pages, 0) seconds=0.00014791 hit=false stage="disk_restore"
2026-09-09T20:51:53.878972Z DEBUG transparent_shard_server::runtime: runtime stage key=("be059aab39ac34125e0452548d6fbcfb1e7cdb7237a597bd59ee86011ed4882b", Pages, 0) seconds=2.23e-7 stage="build_slot"
2026-09-09T20:51:53.878998Z DEBUG transparent_shard_server::memory: cold build admission wait seconds=2.3288e-5 admitted=true
2026-09-09T20:51:53.938322Z DEBUG transparent_shard_server::service: query stage revision=5b7ee9849d47f5ee67d04eb6ca4588beacf42dce75e5a1b481dfd02607b1fb20 table="pages" seconds=2.577e-6 stage="query_admission"
2026-09-09T20:51:53.938361Z DEBUG transparent_shard_server::service: query stage revision=5b7ee9849d47f5ee67d04eb6ca4588beacf42dce75e5a1b481dfd02607b1fb20 table="pages" seconds=4.728e-6 stage="query_runtime"
2026-09-09T20:51:53.938436Z DEBUG transparent_shard_server::service: query stage revision=5b7ee9849d47f5ee67d04eb6ca4588beacf42dce75e5a1b481dfd02607b1fb20 table="pages" seconds=7.192e-5 admitted=true stage="query_memory_admission"
2026-09-09T20:51:53.938456Z DEBUG transparent_shard_server::service: query stage revision=5b7ee9849d47f5ee67d04eb6ca4588beacf42dce75e5a1b481dfd02607b1fb20 table="pages" seconds=1.5599e-5 stage="query_dispatch"
2026-09-09T20:51:53.939017Z DEBUG transparent_shard_server::service: query stage revision=5b7ee9849d47f5ee67d04eb6ca4588beacf42dce75e5a1b481dfd02607b1fb20 table="pages" seconds=2.012e-6 stage="query_admission"
2026-09-09T20:51:53.939030Z DEBUG transparent_shard_server::service: query stage revision=5b7ee9849d47f5ee67d04eb6ca4588beacf42dce75e5a1b481dfd02607b1fb20 table="pages" seconds=4.047e-6 stage="query_runtime"
2026-09-09T20:51:53.939091Z DEBUG transparent_shard_server::service: query stage revision=5b7ee9849d47f5ee67d04eb6ca4588beacf42dce75e5a1b481dfd02607b1fb20 table="pages" seconds=5.8321e-5 admitted=true stage="query_memory_admission"
2026-09-09T20:51:53.942196Z DEBUG transparent_shard_server::service: query stage revision=5b7ee9849d47f5ee67d04eb6ca4588beacf42dce75e5a1b481dfd02607b1fb20 table="pages" seconds=0.003098968 stage="query_dispatch"
2026-09-09T20:51:53.964216Z DEBUG transparent_shard_server::service: query stage revision=5b7ee9849d47f5ee67d04eb6ca4588beacf42dce75e5a1b481dfd02607b1fb20 table="pages" seconds=0.021989593 stage="query_evaluate"
2026-09-09T20:51:53.964816Z DEBUG transparent_shard_server::service: query stage revision=5b7ee9849d47f5ee67d04eb6ca4588beacf42dce75e5a1b481dfd02607b1fb20 table="pages" seconds=0.026342204 stage="query_evaluate"
2026-09-09T20:51:54.027655Z DEBUG transparent_shard_server::runtime: runtime stage key=("be059aab39ac34125e0452548d6fbcfb1e7cdb7237a597bd59ee86011ed4882b", Pages, 0) seconds=0.148634743 stage="source_load"
2026-09-09T20:51:54.029109Z DEBUG transparent_shard_server::runtime: runtime stage key=("be059aab39ac34125e0452548d6fbcfb1e7cdb7237a597bd59ee86011ed4882b", Directory, 0) seconds=0.150154038 stage="source_load"
2026-09-09T20:51:54.119981Z DEBUG transparent_shard_server::service: query stage revision=5b7ee9849d47f5ee67d04eb6ca4588beacf42dce75e5a1b481dfd02607b1fb20 table="directory" seconds=2.268e-6 stage="query_admission"
2026-09-09T20:51:54.120027Z DEBUG transparent_shard_server::service: query stage revision=5b7ee9849d47f5ee67d04eb6ca4588beacf42dce75e5a1b481dfd02607b1fb20 table="directory" seconds=5.398e-6 stage="query_runtime"
2026-09-09T20:51:54.120103Z DEBUG transparent_shard_server::service: query stage revision=5b7ee9849d47f5ee67d04eb6ca4588beacf42dce75e5a1b481dfd02607b1fb20 table="directory" seconds=7.2834e-5 admitted=true stage="query_memory_admission"
2026-09-09T20:51:54.120121Z DEBUG transparent_shard_server::service: query stage revision=5b7ee9849d47f5ee67d04eb6ca4588beacf42dce75e5a1b481dfd02607b1fb20 table="directory" seconds=1.3145e-5 stage="query_dispatch"
2026-09-09T20:51:54.120185Z DEBUG transparent_shard_server::service: query stage revision=5b7ee9849d47f5ee67d04eb6ca4588beacf42dce75e5a1b481dfd02607b1fb20 table="directory" seconds=1.677e-6 stage="query_admission"
2026-09-09T20:51:54.120211Z DEBUG transparent_shard_server::service: query stage revision=5b7ee9849d47f5ee67d04eb6ca4588beacf42dce75e5a1b481dfd02607b1fb20 table="directory" seconds=3.566e-6 stage="query_runtime"
2026-09-09T20:51:54.120288Z DEBUG transparent_shard_server::service: query stage revision=5b7ee9849d47f5ee67d04eb6ca4588beacf42dce75e5a1b481dfd02607b1fb20 table="directory" seconds=7.4269e-5 admitted=true stage="query_memory_admission"
2026-09-09T20:51:54.120545Z DEBUG transparent_shard_server::service: query stage revision=5b7ee9849d47f5ee67d04eb6ca4588beacf42dce75e5a1b481dfd02607b1fb20 table="directory" seconds=0.000253329 stage="query_dispatch"
2026-09-09T20:51:54.145229Z DEBUG transparent_shard_server::service: query stage revision=5b7ee9849d47f5ee67d04eb6ca4588beacf42dce75e5a1b481dfd02607b1fb20 table="directory" seconds=0.024675838 stage="query_evaluate"
2026-09-09T20:51:54.145812Z DEBUG transparent_shard_server::service: query stage revision=5b7ee9849d47f5ee67d04eb6ca4588beacf42dce75e5a1b481dfd02607b1fb20 table="directory" seconds=0.025687236 stage="query_evaluate"
2026-09-09T20:51:54.298960Z DEBUG transparent_shard_server::service: query stage revision=5b7ee9849d47f5ee67d04eb6ca4588beacf42dce75e5a1b481dfd02607b1fb20 table="pages" seconds=2.4e-6 stage="query_admission"
2026-09-09T20:51:54.298996Z DEBUG transparent_shard_server::service: query stage revision=5b7ee9849d47f5ee67d04eb6ca4588beacf42dce75e5a1b481dfd02607b1fb20 table="pages" seconds=5.309e-6 stage="query_runtime"
2026-09-09T20:51:54.299070Z DEBUG transparent_shard_server::service: query stage revision=5b7ee9849d47f5ee67d04eb6ca4588beacf42dce75e5a1b481dfd02607b1fb20 table="pages" seconds=7.0936e-5 admitted=true stage="query_memory_admission"
2026-09-09T20:51:54.299122Z DEBUG transparent_shard_server::service: query stage revision=5b7ee9849d47f5ee67d04eb6ca4588beacf42dce75e5a1b481dfd02607b1fb20 table="pages" seconds=4.6074e-5 stage="query_dispatch"
2026-09-09T20:51:54.299202Z DEBUG transparent_shard_server::service: query stage revision=5b7ee9849d47f5ee67d04eb6ca4588beacf42dce75e5a1b481dfd02607b1fb20 table="pages" seconds=8.54e-7 stage="query_admission"
2026-09-09T20:51:54.299212Z DEBUG transparent_shard_server::service: query stage revision=5b7ee9849d47f5ee67d04eb6ca4588beacf42dce75e5a1b481dfd02607b1fb20 table="pages" seconds=2.875e-6 stage="query_runtime"
2026-09-09T20:51:54.299244Z DEBUG transparent_shard_server::service: query stage revision=5b7ee9849d47f5ee67d04eb6ca4588beacf42dce75e5a1b481dfd02607b1fb20 table="pages" seconds=2.8895e-5 admitted=true stage="query_memory_admission"
2026-09-09T20:51:54.299506Z DEBUG transparent_shard_server::service: query stage revision=5b7ee9849d47f5ee67d04eb6ca4588beacf42dce75e5a1b481dfd02607b1fb20 table="pages" seconds=0.000258938 stage="query_dispatch"
2026-09-09T20:51:54.323114Z DEBUG transparent_shard_server::service: query stage revision=5b7ee9849d47f5ee67d04eb6ca4588beacf42dce75e5a1b481dfd02607b1fb20 table="pages" seconds=0.023971958 stage="query_evaluate"
2026-09-09T20:51:54.323930Z DEBUG transparent_shard_server::service: query stage revision=5b7ee9849d47f5ee67d04eb6ca4588beacf42dce75e5a1b481dfd02607b1fb20 table="pages" seconds=0.024418111 stage="query_evaluate"
2026-09-09T20:51:54.331251Z DEBUG transparent_shard_server::runtime: construction stage geometry="recent-8k" table="pages" seconds=0.303557141 stage="encode_database"
2026-09-09T20:51:54.331347Z DEBUG transparent_shard_server::runtime: construction stage geometry="recent-8k" table="pages" seconds=7.3683e-5 stage="public_setup"
2026-09-09T20:51:54.336498Z DEBUG transparent_shard_server::runtime: construction stage geometry="recent-8k" table="directory" seconds=0.307365231 stage="encode_database"
2026-09-09T20:51:54.336649Z DEBUG transparent_shard_server::runtime: construction stage geometry="recent-8k" table="directory" seconds=0.00011428 stage="public_setup"
2026-09-09T20:51:54.483439Z DEBUG transparent_shard_server::service: query stage revision=5b7ee9849d47f5ee67d04eb6ca4588beacf42dce75e5a1b481dfd02607b1fb20 table="directory" seconds=2.224e-6 stage="query_admission"
2026-09-09T20:51:54.483476Z DEBUG transparent_shard_server::service: query stage revision=5b7ee9849d47f5ee67d04eb6ca4588beacf42dce75e5a1b481dfd02607b1fb20 table="directory" seconds=4.8e-6 stage="query_runtime"
2026-09-09T20:51:54.483548Z DEBUG transparent_shard_server::service: query stage revision=5b7ee9849d47f5ee67d04eb6ca4588beacf42dce75e5a1b481dfd02607b1fb20 table="directory" seconds=6.8871e-5 admitted=true stage="query_memory_admission"
2026-09-09T20:51:54.483569Z DEBUG transparent_shard_server::service: query stage revision=5b7ee9849d47f5ee67d04eb6ca4588beacf42dce75e5a1b481dfd02607b1fb20 table="directory" seconds=1.5547e-5 stage="query_dispatch"
2026-09-09T20:51:54.483762Z DEBUG transparent_shard_server::service: query stage revision=5b7ee9849d47f5ee67d04eb6ca4588beacf42dce75e5a1b481dfd02607b1fb20 table="directory" seconds=1.464e-6 stage="query_admission"
2026-09-09T20:51:54.483771Z DEBUG transparent_shard_server::service: query stage revision=5b7ee9849d47f5ee67d04eb6ca4588beacf42dce75e5a1b481dfd02607b1fb20 table="directory" seconds=2.57e-6 stage="query_runtime"
2026-09-09T20:51:54.483811Z DEBUG transparent_shard_server::service: query stage revision=5b7ee9849d47f5ee67d04eb6ca4588beacf42dce75e5a1b481dfd02607b1fb20 table="directory" seconds=3.8125e-5 admitted=true stage="query_memory_admission"
2026-09-09T20:51:54.483826Z DEBUG transparent_shard_server::service: query stage revision=5b7ee9849d47f5ee67d04eb6ca4588beacf42dce75e5a1b481dfd02607b1fb20 table="directory" seconds=1.1554e-5 stage="query_dispatch"
2026-09-09T20:51:55.376323Z DEBUG transparent_shard_server::service: query stage revision=5b7ee9849d47f5ee67d04eb6ca4588beacf42dce75e5a1b481dfd02607b1fb20 table="directory" seconds=0.892731585 stage="query_evaluate"
2026-09-09T20:51:55.377013Z DEBUG transparent_shard_server::service: query stage revision=5b7ee9849d47f5ee67d04eb6ca4588beacf42dce75e5a1b481dfd02607b1fb20 table="directory" seconds=0.893181261 stage="query_evaluate"
2026-09-09T20:51:55.403385Z DEBUG transparent_shard_server::runtime: construction stage geometry="recent-8k" table="directory" seconds=1.066729132 stage="hint_columns"
2026-09-09T20:51:55.403510Z DEBUG transparent_shard_server::runtime: construction stage geometry="recent-8k" table="pages" seconds=1.072157186 stage="hint_columns"
2026-09-09T20:51:55.530449Z DEBUG transparent_shard_server::service: query stage revision=5b7ee9849d47f5ee67d04eb6ca4588beacf42dce75e5a1b481dfd02607b1fb20 table="pages" seconds=2.95e-6 stage="query_admission"
2026-09-09T20:51:55.530487Z DEBUG transparent_shard_server::service: query stage revision=5b7ee9849d47f5ee67d04eb6ca4588beacf42dce75e5a1b481dfd02607b1fb20 table="pages" seconds=6.877e-6 stage="query_runtime"
2026-09-09T20:51:55.530557Z DEBUG transparent_shard_server::service: query stage revision=5b7ee9849d47f5ee67d04eb6ca4588beacf42dce75e5a1b481dfd02607b1fb20 table="pages" seconds=6.6407e-5 admitted=true stage="query_memory_admission"
2026-09-09T20:51:55.530589Z DEBUG transparent_shard_server::service: query stage revision=5b7ee9849d47f5ee67d04eb6ca4588beacf42dce75e5a1b481dfd02607b1fb20 table="pages" seconds=2.619e-5 stage="query_dispatch"
2026-09-09T20:51:55.534199Z DEBUG transparent_shard_server::service: query stage revision=5b7ee9849d47f5ee67d04eb6ca4588beacf42dce75e5a1b481dfd02607b1fb20 table="pages" seconds=2.085e-6 stage="query_admission"
2026-09-09T20:51:55.534223Z DEBUG transparent_shard_server::service: query stage revision=5b7ee9849d47f5ee67d04eb6ca4588beacf42dce75e5a1b481dfd02607b1fb20 table="pages" seconds=4.324e-6 stage="query_runtime"
2026-09-09T20:51:55.534287Z DEBUG transparent_shard_server::service: query stage revision=5b7ee9849d47f5ee67d04eb6ca4588beacf42dce75e5a1b481dfd02607b1fb20 table="pages" seconds=6.0629e-5 admitted=true stage="query_memory_admission"
2026-09-09T20:51:55.534312Z DEBUG transparent_shard_server::service: query stage revision=5b7ee9849d47f5ee67d04eb6ca4588beacf42dce75e5a1b481dfd02607b1fb20 table="pages" seconds=2.1838e-5 stage="query_dispatch"
2026-09-09T20:51:55.552874Z DEBUG transparent_shard_server::service: query stage revision=5b7ee9849d47f5ee67d04eb6ca4588beacf42dce75e5a1b481dfd02607b1fb20 table="pages" seconds=0.022255567 stage="query_evaluate"
2026-09-09T20:51:55.553535Z DEBUG transparent_shard_server::service: query stage revision=5b7ee9849d47f5ee67d04eb6ca4588beacf42dce75e5a1b481dfd02607b1fb20 table="pages" seconds=0.019218164 stage="query_evaluate"
2026-09-09T20:51:55.709711Z DEBUG transparent_shard_server::service: query stage revision=5b7ee9849d47f5ee67d04eb6ca4588beacf42dce75e5a1b481dfd02607b1fb20 table="directory" seconds=2.527e-6 stage="query_admission"
2026-09-09T20:51:55.709752Z DEBUG transparent_shard_server::service: query stage revision=5b7ee9849d47f5ee67d04eb6ca4588beacf42dce75e5a1b481dfd02607b1fb20 table="directory" seconds=5.095e-6 stage="query_runtime"
2026-09-09T20:51:55.709826Z DEBUG transparent_shard_server::service: query stage revision=5b7ee9849d47f5ee67d04eb6ca4588beacf42dce75e5a1b481dfd02607b1fb20 table="directory" seconds=7.1486e-5 admitted=true stage="query_memory_admission"
2026-09-09T20:51:55.709843Z DEBUG transparent_shard_server::service: query stage revision=5b7ee9849d47f5ee67d04eb6ca4588beacf42dce75e5a1b481dfd02607b1fb20 table="directory" seconds=1.2359e-5 stage="query_dispatch"
2026-09-09T20:51:55.714261Z DEBUG transparent_shard_server::service: query stage revision=5b7ee9849d47f5ee67d04eb6ca4588beacf42dce75e5a1b481dfd02607b1fb20 table="directory" seconds=1.891e-6 stage="query_admission"
2026-09-09T20:51:55.714295Z DEBUG transparent_shard_server::service: query stage revision=5b7ee9849d47f5ee67d04eb6ca4588beacf42dce75e5a1b481dfd02607b1fb20 table="directory" seconds=5.103e-6 stage="query_runtime"
2026-09-09T20:51:55.714374Z DEBUG transparent_shard_server::service: query stage revision=5b7ee9849d47f5ee67d04eb6ca4588beacf42dce75e5a1b481dfd02607b1fb20 table="directory" seconds=7.3965e-5 admitted=true stage="query_memory_admission"
2026-09-09T20:51:55.714403Z DEBUG transparent_shard_server::service: query stage revision=5b7ee9849d47f5ee67d04eb6ca4588beacf42dce75e5a1b481dfd02607b1fb20 table="directory" seconds=2.31e-5 stage="query_dispatch"
2026-09-09T20:51:55.728602Z DEBUG transparent_shard_server::service: query stage revision=5b7ee9849d47f5ee67d04eb6ca4588beacf42dce75e5a1b481dfd02607b1fb20 table="directory" seconds=0.018752756 stage="query_evaluate"
2026-09-09T20:51:55.737898Z DEBUG transparent_shard_server::service: query stage revision=5b7ee9849d47f5ee67d04eb6ca4588beacf42dce75e5a1b481dfd02607b1fb20 table="directory" seconds=0.023475842 stage="query_evaluate"
2026-09-09T20:51:55.885467Z DEBUG transparent_shard_server::service: query stage revision=5b7ee9849d47f5ee67d04eb6ca4588beacf42dce75e5a1b481dfd02607b1fb20 table="pages" seconds=3.639e-6 stage="query_admission"
2026-09-09T20:51:55.885504Z DEBUG transparent_shard_server::service: query stage revision=5b7ee9849d47f5ee67d04eb6ca4588beacf42dce75e5a1b481dfd02607b1fb20 table="pages" seconds=6.881e-6 stage="query_runtime"
2026-09-09T20:51:55.885580Z DEBUG transparent_shard_server::service: query stage revision=5b7ee9849d47f5ee67d04eb6ca4588beacf42dce75e5a1b481dfd02607b1fb20 table="pages" seconds=7.2759e-5 admitted=true stage="query_memory_admission"
2026-09-09T20:51:55.885611Z DEBUG transparent_shard_server::service: query stage revision=5b7ee9849d47f5ee67d04eb6ca4588beacf42dce75e5a1b481dfd02607b1fb20 table="pages" seconds=1.4129e-5 stage="query_dispatch"
2026-09-09T20:51:55.896406Z DEBUG transparent_shard_server::service: query stage revision=5b7ee9849d47f5ee67d04eb6ca4588beacf42dce75e5a1b481dfd02607b1fb20 table="pages" seconds=2.15e-6 stage="query_admission"
2026-09-09T20:51:55.896457Z DEBUG transparent_shard_server::service: query stage revision=5b7ee9849d47f5ee67d04eb6ca4588beacf42dce75e5a1b481dfd02607b1fb20 table="pages" seconds=5.456e-6 stage="query_runtime"
2026-09-09T20:51:55.896552Z DEBUG transparent_shard_server::service: query stage revision=5b7ee9849d47f5ee67d04eb6ca4588beacf42dce75e5a1b481dfd02607b1fb20 table="pages" seconds=7.3437e-5 admitted=true stage="query_memory_admission"
2026-09-09T20:51:55.896905Z DEBUG transparent_shard_server::service: query stage revision=5b7ee9849d47f5ee67d04eb6ca4588beacf42dce75e5a1b481dfd02607b1fb20 table="pages" seconds=0.000347943 stage="query_dispatch"
2026-09-09T20:51:55.902341Z DEBUG transparent_shard_server::service: query stage revision=5b7ee9849d47f5ee67d04eb6ca4588beacf42dce75e5a1b481dfd02607b1fb20 table="pages" seconds=0.016724612 stage="query_evaluate"
2026-09-09T20:51:55.911235Z DEBUG transparent_shard_server::service: query stage revision=5b7ee9849d47f5ee67d04eb6ca4588beacf42dce75e5a1b481dfd02607b1fb20 table="pages" seconds=0.014310456 stage="query_evaluate"
2026-09-09T20:51:56.059548Z DEBUG transparent_shard_server::service: query stage revision=5b7ee9849d47f5ee67d04eb6ca4588beacf42dce75e5a1b481dfd02607b1fb20 table="directory" seconds=2.44e-6 stage="query_admission"
2026-09-09T20:51:56.059584Z DEBUG transparent_shard_server::service: query stage revision=5b7ee9849d47f5ee67d04eb6ca4588beacf42dce75e5a1b481dfd02607b1fb20 table="directory" seconds=4.092e-6 stage="query_runtime"
2026-09-09T20:51:56.059659Z DEBUG transparent_shard_server::service: query stage revision=5b7ee9849d47f5ee67d04eb6ca4588beacf42dce75e5a1b481dfd02607b1fb20 table="directory" seconds=7.1739e-5 admitted=true stage="query_memory_admission"
2026-09-09T20:51:56.059867Z DEBUG transparent_shard_server::service: query stage revision=5b7ee9849d47f5ee67d04eb6ca4588beacf42dce75e5a1b481dfd02607b1fb20 table="directory" seconds=0.000202798 stage="query_dispatch"
2026-09-09T20:51:56.070394Z DEBUG transparent_shard_server::service: query stage revision=5b7ee9849d47f5ee67d04eb6ca4588beacf42dce75e5a1b481dfd02607b1fb20 table="directory" seconds=2.395e-6 stage="query_admission"
2026-09-09T20:51:56.070425Z DEBUG transparent_shard_server::service: query stage revision=5b7ee9849d47f5ee67d04eb6ca4588beacf42dce75e5a1b481dfd02607b1fb20 table="directory" seconds=4.064e-6 stage="query_runtime"
2026-09-09T20:51:56.070491Z DEBUG transparent_shard_server::service: query stage revision=5b7ee9849d47f5ee67d04eb6ca4588beacf42dce75e5a1b481dfd02607b1fb20 table="directory" seconds=6.3799e-5 admitted=true stage="query_memory_admission"
2026-09-09T20:51:56.071098Z DEBUG transparent_shard_server::service: query stage revision=5b7ee9849d47f5ee67d04eb6ca4588beacf42dce75e5a1b481dfd02607b1fb20 table="directory" seconds=0.00060177 stage="query_dispatch"
2026-09-09T20:51:56.079672Z DEBUG transparent_shard_server::service: query stage revision=5b7ee9849d47f5ee67d04eb6ca4588beacf42dce75e5a1b481dfd02607b1fb20 table="directory" seconds=0.019783796 stage="query_evaluate"
2026-09-09T20:51:56.084720Z DEBUG transparent_shard_server::service: query stage revision=5b7ee9849d47f5ee67d04eb6ca4588beacf42dce75e5a1b481dfd02607b1fb20 table="directory" seconds=0.013607037 stage="query_evaluate"
2026-09-09T20:51:56.240551Z DEBUG transparent_shard_server::service: query stage revision=5b7ee9849d47f5ee67d04eb6ca4588beacf42dce75e5a1b481dfd02607b1fb20 table="pages" seconds=2.245e-6 stage="query_admission"
2026-09-09T20:51:56.240587Z DEBUG transparent_shard_server::service: query stage revision=5b7ee9849d47f5ee67d04eb6ca4588beacf42dce75e5a1b481dfd02607b1fb20 table="pages" seconds=5.123e-6 stage="query_runtime"
2026-09-09T20:51:56.240651Z DEBUG transparent_shard_server::service: query stage revision=5b7ee9849d47f5ee67d04eb6ca4588beacf42dce75e5a1b481dfd02607b1fb20 table="pages" seconds=5.1492e-5 admitted=true stage="query_memory_admission"
2026-09-09T20:51:56.240677Z DEBUG transparent_shard_server::service: query stage revision=5b7ee9849d47f5ee67d04eb6ca4588beacf42dce75e5a1b481dfd02607b1fb20 table="pages" seconds=2.0781e-5 stage="query_dispatch"
2026-09-09T20:51:56.240769Z DEBUG transparent_shard_server::service: query stage revision=5b7ee9849d47f5ee67d04eb6ca4588beacf42dce75e5a1b481dfd02607b1fb20 table="pages" seconds=1.081e-6 stage="query_admission"
2026-09-09T20:51:56.240776Z DEBUG transparent_shard_server::service: query stage revision=5b7ee9849d47f5ee67d04eb6ca4588beacf42dce75e5a1b481dfd02607b1fb20 table="pages" seconds=2.902e-6 stage="query_runtime"
2026-09-09T20:51:56.240805Z DEBUG transparent_shard_server::service: query stage revision=5b7ee9849d47f5ee67d04eb6ca4588beacf42dce75e5a1b481dfd02607b1fb20 table="pages" seconds=2.688e-5 admitted=true stage="query_memory_admission"
2026-09-09T20:51:56.241063Z DEBUG transparent_shard_server::service: query stage revision=5b7ee9849d47f5ee67d04eb6ca4588beacf42dce75e5a1b481dfd02607b1fb20 table="pages" seconds=0.000254715 stage="query_dispatch"
2026-09-09T20:51:56.353181Z DEBUG transparent_shard_server::service: query stage revision=5b7ee9849d47f5ee67d04eb6ca4588beacf42dce75e5a1b481dfd02607b1fb20 table="pages" seconds=0.112110265 stage="query_evaluate"
2026-09-09T20:51:56.358726Z DEBUG transparent_shard_server::service: query stage revision=5b7ee9849d47f5ee67d04eb6ca4588beacf42dce75e5a1b481dfd02607b1fb20 table="pages" seconds=0.118027764 stage="query_evaluate"
2026-09-09T20:51:56.511186Z DEBUG transparent_shard_server::service: query stage revision=5b7ee9849d47f5ee67d04eb6ca4588beacf42dce75e5a1b481dfd02607b1fb20 table="directory" seconds=3.013e-6 stage="query_admission"
2026-09-09T20:51:56.511227Z DEBUG transparent_shard_server::service: query stage revision=5b7ee9849d47f5ee67d04eb6ca4588beacf42dce75e5a1b481dfd02607b1fb20 table="directory" seconds=7.954e-6 stage="query_runtime"
2026-09-09T20:51:56.511303Z DEBUG transparent_shard_server::service: query stage revision=5b7ee9849d47f5ee67d04eb6ca4588beacf42dce75e5a1b481dfd02607b1fb20 table="directory" seconds=7.2971e-5 admitted=true stage="query_memory_admission"
2026-09-09T20:51:56.511318Z DEBUG transparent_shard_server::service: query stage revision=5b7ee9849d47f5ee67d04eb6ca4588beacf42dce75e5a1b481dfd02607b1fb20 table="directory" seconds=1.146e-5 stage="query_dispatch"
2026-09-09T20:51:56.518090Z DEBUG transparent_shard_server::service: query stage revision=5b7ee9849d47f5ee67d04eb6ca4588beacf42dce75e5a1b481dfd02607b1fb20 table="directory" seconds=2.298e-6 stage="query_admission"
2026-09-09T20:51:56.518116Z DEBUG transparent_shard_server::service: query stage revision=5b7ee9849d47f5ee67d04eb6ca4588beacf42dce75e5a1b481dfd02607b1fb20 table="directory" seconds=3.475e-6 stage="query_runtime"
2026-09-09T20:51:56.518185Z DEBUG transparent_shard_server::service: query stage revision=5b7ee9849d47f5ee67d04eb6ca4588beacf42dce75e5a1b481dfd02607b1fb20 table="directory" seconds=6.5638e-5 admitted=true stage="query_memory_admission"
2026-09-09T20:51:56.518204Z DEBUG transparent_shard_server::service: query stage revision=5b7ee9849d47f5ee67d04eb6ca4588beacf42dce75e5a1b481dfd02607b1fb20 table="directory" seconds=1.3317e-5 stage="query_dispatch"
2026-09-09T20:51:56.550265Z DEBUG transparent_shard_server::service: query stage revision=5b7ee9849d47f5ee67d04eb6ca4588beacf42dce75e5a1b481dfd02607b1fb20 table="directory" seconds=0.032048491 stage="query_evaluate"
2026-09-09T20:51:56.550841Z DEBUG transparent_shard_server::service: query stage revision=5b7ee9849d47f5ee67d04eb6ca4588beacf42dce75e5a1b481dfd02607b1fb20 table="directory" seconds=0.039518082 stage="query_evaluate"
2026-09-09T20:51:56.710519Z DEBUG transparent_shard_server::service: query stage revision=5b7ee9849d47f5ee67d04eb6ca4588beacf42dce75e5a1b481dfd02607b1fb20 table="pages" seconds=3.078e-6 stage="query_admission"
2026-09-09T20:51:56.710575Z DEBUG transparent_shard_server::service: query stage revision=5b7ee9849d47f5ee67d04eb6ca4588beacf42dce75e5a1b481dfd02607b1fb20 table="pages" seconds=5.238e-6 stage="query_runtime"
2026-09-09T20:51:56.710669Z DEBUG transparent_shard_server::service: query stage revision=5b7ee9849d47f5ee67d04eb6ca4588beacf42dce75e5a1b481dfd02607b1fb20 table="pages" seconds=8.9623e-5 admitted=true stage="query_memory_admission"
2026-09-09T20:51:56.710852Z DEBUG transparent_shard_server::service: query stage revision=5b7ee9849d47f5ee67d04eb6ca4588beacf42dce75e5a1b481dfd02607b1fb20 table="pages" seconds=2.3e-6 stage="query_admission"
2026-09-09T20:51:56.710865Z DEBUG transparent_shard_server::service: query stage revision=5b7ee9849d47f5ee67d04eb6ca4588beacf42dce75e5a1b481dfd02607b1fb20 table="pages" seconds=3.858e-6 stage="query_runtime"
2026-09-09T20:51:56.710909Z DEBUG transparent_shard_server::service: query stage revision=5b7ee9849d47f5ee67d04eb6ca4588beacf42dce75e5a1b481dfd02607b1fb20 table="pages" seconds=4.2037e-5 admitted=true stage="query_memory_admission"
2026-09-09T20:51:56.713182Z DEBUG transparent_shard_server::service: query stage revision=5b7ee9849d47f5ee67d04eb6ca4588beacf42dce75e5a1b481dfd02607b1fb20 table="pages" seconds=0.002505976 stage="query_dispatch"
2026-09-09T20:51:56.717194Z DEBUG transparent_shard_server::service: query stage revision=5b7ee9849d47f5ee67d04eb6ca4588beacf42dce75e5a1b481dfd02607b1fb20 table="pages" seconds=0.006278737 stage="query_dispatch"
2026-09-09T20:51:56.759306Z DEBUG transparent_shard_server::service: query stage revision=5b7ee9849d47f5ee67d04eb6ca4588beacf42dce75e5a1b481dfd02607b1fb20 table="pages" seconds=0.04208491 stage="query_evaluate"
2026-09-09T20:51:56.914889Z DEBUG transparent_shard_server::service: query stage revision=5b7ee9849d47f5ee67d04eb6ca4588beacf42dce75e5a1b481dfd02607b1fb20 table="directory" seconds=2.616e-6 stage="query_admission"
2026-09-09T20:51:56.914926Z DEBUG transparent_shard_server::service: query stage revision=5b7ee9849d47f5ee67d04eb6ca4588beacf42dce75e5a1b481dfd02607b1fb20 table="directory" seconds=4.954e-6 stage="query_runtime"
2026-09-09T20:51:56.915001Z DEBUG transparent_shard_server::service: query stage revision=5b7ee9849d47f5ee67d04eb6ca4588beacf42dce75e5a1b481dfd02607b1fb20 table="directory" seconds=7.2007e-5 admitted=true stage="query_memory_admission"
2026-09-09T20:51:56.915027Z DEBUG transparent_shard_server::service: query stage revision=5b7ee9849d47f5ee67d04eb6ca4588beacf42dce75e5a1b481dfd02607b1fb20 table="directory" seconds=2.1016e-5 stage="query_dispatch"
2026-09-09T20:51:56.927329Z DEBUG transparent_shard_server::service: query stage revision=5b7ee9849d47f5ee67d04eb6ca4588beacf42dce75e5a1b481dfd02607b1fb20 table="directory" seconds=0.01228188 stage="query_evaluate"
2026-09-09T20:51:57.081046Z DEBUG transparent_shard_server::service: query stage revision=5b7ee9849d47f5ee67d04eb6ca4588beacf42dce75e5a1b481dfd02607b1fb20 table="pages" seconds=2.462e-6 stage="query_admission"
2026-09-09T20:51:57.081082Z DEBUG transparent_shard_server::service: query stage revision=5b7ee9849d47f5ee67d04eb6ca4588beacf42dce75e5a1b481dfd02607b1fb20 table="pages" seconds=4.696e-6 stage="query_runtime"
2026-09-09T20:51:57.081152Z DEBUG transparent_shard_server::service: query stage revision=5b7ee9849d47f5ee67d04eb6ca4588beacf42dce75e5a1b481dfd02607b1fb20 table="pages" seconds=6.6464e-5 admitted=true stage="query_memory_admission"
2026-09-09T20:51:57.082175Z DEBUG transparent_shard_server::service: query stage revision=5b7ee9849d47f5ee67d04eb6ca4588beacf42dce75e5a1b481dfd02607b1fb20 table="pages" seconds=0.001017476 stage="query_dispatch"
2026-09-09T20:51:57.094415Z DEBUG transparent_shard_server::service: query stage revision=5b7ee9849d47f5ee67d04eb6ca4588beacf42dce75e5a1b481dfd02607b1fb20 table="pages" seconds=0.012214294 stage="query_evaluate"
2026-09-09T20:51:57.247584Z DEBUG transparent_shard_server::service: query stage revision=5b7ee9849d47f5ee67d04eb6ca4588beacf42dce75e5a1b481dfd02607b1fb20 table="directory" seconds=2.644e-6 stage="query_admission"
2026-09-09T20:51:57.247636Z DEBUG transparent_shard_server::service: query stage revision=5b7ee9849d47f5ee67d04eb6ca4588beacf42dce75e5a1b481dfd02607b1fb20 table="directory" seconds=5.514e-6 stage="query_runtime"
2026-09-09T20:51:57.247714Z DEBUG transparent_shard_server::service: query stage revision=5b7ee9849d47f5ee67d04eb6ca4588beacf42dce75e5a1b481dfd02607b1fb20 table="directory" seconds=7.409e-5 admitted=true stage="query_memory_admission"
2026-09-09T20:51:57.247764Z DEBUG transparent_shard_server::service: query stage revision=5b7ee9849d47f5ee67d04eb6ca4588beacf42dce75e5a1b481dfd02607b1fb20 table="directory" seconds=4.6292e-5 stage="query_dispatch"
2026-09-09T20:51:57.260173Z DEBUG transparent_shard_server::service: query stage revision=5b7ee9849d47f5ee67d04eb6ca4588beacf42dce75e5a1b481dfd02607b1fb20 table="directory" seconds=0.012402575 stage="query_evaluate"
2026-09-09T20:51:57.414243Z DEBUG transparent_shard_server::service: query stage revision=5b7ee9849d47f5ee67d04eb6ca4588beacf42dce75e5a1b481dfd02607b1fb20 table="pages" seconds=2.636e-6 stage="query_admission"
2026-09-09T20:51:57.414282Z DEBUG transparent_shard_server::service: query stage revision=5b7ee9849d47f5ee67d04eb6ca4588beacf42dce75e5a1b481dfd02607b1fb20 table="pages" seconds=5.658e-6 stage="query_runtime"
2026-09-09T20:51:57.414356Z DEBUG transparent_shard_server::service: query stage revision=5b7ee9849d47f5ee67d04eb6ca4588beacf42dce75e5a1b481dfd02607b1fb20 table="pages" seconds=7.1035e-5 admitted=true stage="query_memory_admission"
2026-09-09T20:51:57.414373Z DEBUG transparent_shard_server::service: query stage revision=5b7ee9849d47f5ee67d04eb6ca4588beacf42dce75e5a1b481dfd02607b1fb20 table="pages" seconds=1.2475e-5 stage="query_dispatch"
2026-09-09T20:51:57.426983Z DEBUG transparent_shard_server::service: query stage revision=5b7ee9849d47f5ee67d04eb6ca4588beacf42dce75e5a1b481dfd02607b1fb20 table="pages" seconds=0.012603819 stage="query_evaluate"
2026-09-09T20:51:57.581340Z DEBUG transparent_shard_server::service: query stage revision=5b7ee9849d47f5ee67d04eb6ca4588beacf42dce75e5a1b481dfd02607b1fb20 table="directory" seconds=2.231e-6 stage="query_admission"
2026-09-09T20:51:57.581376Z DEBUG transparent_shard_server::service: query stage revision=5b7ee9849d47f5ee67d04eb6ca4588beacf42dce75e5a1b481dfd02607b1fb20 table="directory" seconds=5.013e-6 stage="query_runtime"
2026-09-09T20:51:57.581449Z DEBUG transparent_shard_server::service: query stage revision=5b7ee9849d47f5ee67d04eb6ca4588beacf42dce75e5a1b481dfd02607b1fb20 table="directory" seconds=6.9403e-5 admitted=true stage="query_memory_admission"
2026-09-09T20:51:57.581465Z DEBUG transparent_shard_server::service: query stage revision=5b7ee9849d47f5ee67d04eb6ca4588beacf42dce75e5a1b481dfd02607b1fb20 table="directory" seconds=1.1735e-5 stage="query_dispatch"
2026-09-09T20:51:57.595644Z DEBUG transparent_shard_server::service: query stage revision=5b7ee9849d47f5ee67d04eb6ca4588beacf42dce75e5a1b481dfd02607b1fb20 table="directory" seconds=0.014172449 stage="query_evaluate"
2026-09-09T20:51:57.653663Z DEBUG transparent_shard_server::runtime: construction stage geometry="recent-8k" table="pages" seconds=2.250116278 stage="pack_preprocessing"
2026-09-09T20:51:57.654146Z DEBUG transparent_shard_server::runtime: construction stage geometry="recent-8k" table="pages" seconds=0.000430143 stage="publish_parameters"
2026-09-09T20:51:57.654884Z DEBUG transparent_shard_server::runtime: runtime stage key=("be059aab39ac34125e0452548d6fbcfb1e7cdb7237a597bd59ee86011ed4882b", Pages, 0) seconds=3.62719003 stage="runtime_build"
2026-09-09T20:51:57.655499Z DEBUG transparent_shard_server::service: query stage revision=5b7ee9849d47f5ee67d04eb6ca4588beacf42dce75e5a1b481dfd02607b1fb20 table="pages" seconds=0.942284886 stage="query_evaluate"
2026-09-09T20:51:57.756237Z DEBUG transparent_shard_server::service: query stage revision=5b7ee9849d47f5ee67d04eb6ca4588beacf42dce75e5a1b481dfd02607b1fb20 table="pages" seconds=3.325e-6 stage="query_admission"
2026-09-09T20:51:57.756273Z DEBUG transparent_shard_server::service: query stage revision=5b7ee9849d47f5ee67d04eb6ca4588beacf42dce75e5a1b481dfd02607b1fb20 table="pages" seconds=7.746e-6 stage="query_runtime"
2026-09-09T20:51:57.756375Z DEBUG transparent_shard_server::service: query stage revision=5b7ee9849d47f5ee67d04eb6ca4588beacf42dce75e5a1b481dfd02607b1fb20 table="pages" seconds=8.8781e-5 admitted=true stage="query_memory_admission"
2026-09-09T20:51:57.756412Z DEBUG transparent_shard_server::service: query stage revision=5b7ee9849d47f5ee67d04eb6ca4588beacf42dce75e5a1b481dfd02607b1fb20 table="pages" seconds=3.0352e-5 stage="query_dispatch"
2026-09-09T20:51:57.779376Z DEBUG transparent_shard_server::service: query stage revision=5b7ee9849d47f5ee67d04eb6ca4588beacf42dce75e5a1b481dfd02607b1fb20 table="pages" seconds=0.022933606 stage="query_evaluate"
2026-09-09T20:51:57.823550Z DEBUG transparent_shard_server::service: query stage revision=5b7ee9849d47f5ee67d04eb6ca4588beacf42dce75e5a1b481dfd02607b1fb20 table="directory" seconds=3.294e-6 stage="query_admission"
2026-09-09T20:51:57.823585Z DEBUG transparent_shard_server::service: query stage revision=5b7ee9849d47f5ee67d04eb6ca4588beacf42dce75e5a1b481dfd02607b1fb20 table="directory" seconds=6.65e-6 stage="query_runtime"
2026-09-09T20:51:57.823666Z DEBUG transparent_shard_server::service: query stage revision=5b7ee9849d47f5ee67d04eb6ca4588beacf42dce75e5a1b481dfd02607b1fb20 table="directory" seconds=7.7545e-5 admitted=true stage="query_memory_admission"
2026-09-09T20:51:57.823686Z DEBUG transparent_shard_server::service: query stage revision=5b7ee9849d47f5ee67d04eb6ca4588beacf42dce75e5a1b481dfd02607b1fb20 table="directory" seconds=1.5014e-5 stage="query_dispatch"
2026-09-09T20:51:57.856217Z DEBUG transparent_shard_server::service: query stage revision=5b7ee9849d47f5ee67d04eb6ca4588beacf42dce75e5a1b481dfd02607b1fb20 table="directory" seconds=0.032513549 stage="query_evaluate"
2026-09-09T20:51:57.948493Z DEBUG transparent_shard_server::service: query stage revision=5b7ee9849d47f5ee67d04eb6ca4588beacf42dce75e5a1b481dfd02607b1fb20 table="directory" seconds=2.356e-6 stage="query_admission"
2026-09-09T20:51:57.948524Z DEBUG transparent_shard_server::service: query stage revision=5b7ee9849d47f5ee67d04eb6ca4588beacf42dce75e5a1b481dfd02607b1fb20 table="directory" seconds=5.191e-6 stage="query_runtime"
2026-09-09T20:51:57.948599Z DEBUG transparent_shard_server::service: query stage revision=5b7ee9849d47f5ee67d04eb6ca4588beacf42dce75e5a1b481dfd02607b1fb20 table="directory" seconds=7.1736e-5 admitted=true stage="query_memory_admission"
2026-09-09T20:51:57.948616Z DEBUG transparent_shard_server::service: query stage revision=5b7ee9849d47f5ee67d04eb6ca4588beacf42dce75e5a1b481dfd02607b1fb20 table="directory" seconds=1.2348e-5 stage="query_dispatch"
2026-09-09T20:51:57.971821Z DEBUG transparent_shard_server::service: query stage revision=5b7ee9849d47f5ee67d04eb6ca4588beacf42dce75e5a1b481dfd02607b1fb20 table="directory" seconds=0.023199141 stage="query_evaluate"
2026-09-09T20:51:58.011138Z DEBUG transparent_shard_server::service: query stage revision=5b7ee9849d47f5ee67d04eb6ca4588beacf42dce75e5a1b481dfd02607b1fb20 table="pages" seconds=3.134e-6 stage="query_admission"
2026-09-09T20:51:58.011185Z DEBUG transparent_shard_server::service: query stage revision=5b7ee9849d47f5ee67d04eb6ca4588beacf42dce75e5a1b481dfd02607b1fb20 table="pages" seconds=6.564e-6 stage="query_runtime"
2026-09-09T20:51:58.011253Z DEBUG transparent_shard_server::service: query stage revision=5b7ee9849d47f5ee67d04eb6ca4588beacf42dce75e5a1b481dfd02607b1fb20 table="pages" seconds=6.3582e-5 admitted=true stage="query_memory_admission"
2026-09-09T20:51:58.013176Z DEBUG transparent_shard_server::service: query stage revision=5b7ee9849d47f5ee67d04eb6ca4588beacf42dce75e5a1b481dfd02607b1fb20 table="pages" seconds=0.001917408 stage="query_dispatch"
2026-09-09T20:51:58.045842Z DEBUG transparent_shard_server::service: query stage revision=5b7ee9849d47f5ee67d04eb6ca4588beacf42dce75e5a1b481dfd02607b1fb20 table="pages" seconds=0.032639821 stage="query_evaluate"
2026-09-09T20:51:58.143872Z DEBUG transparent_shard_server::service: query stage revision=5b7ee9849d47f5ee67d04eb6ca4588beacf42dce75e5a1b481dfd02607b1fb20 table="pages" seconds=2.082e-6 stage="query_admission"
2026-09-09T20:51:58.143901Z DEBUG transparent_shard_server::service: query stage revision=5b7ee9849d47f5ee67d04eb6ca4588beacf42dce75e5a1b481dfd02607b1fb20 table="pages" seconds=4.773e-6 stage="query_runtime"
2026-09-09T20:51:58.143974Z DEBUG transparent_shard_server::service: query stage revision=5b7ee9849d47f5ee67d04eb6ca4588beacf42dce75e5a1b481dfd02607b1fb20 table="pages" seconds=6.9644e-5 admitted=true stage="query_memory_admission"
2026-09-09T20:51:58.144002Z DEBUG transparent_shard_server::service: query stage revision=5b7ee9849d47f5ee67d04eb6ca4588beacf42dce75e5a1b481dfd02607b1fb20 table="pages" seconds=2.2858e-5 stage="query_dispatch"
2026-09-09T20:51:58.167122Z DEBUG transparent_shard_server::service: query stage revision=5b7ee9849d47f5ee67d04eb6ca4588beacf42dce75e5a1b481dfd02607b1fb20 table="pages" seconds=0.023100835 stage="query_evaluate"
2026-09-09T20:51:58.201367Z DEBUG transparent_shard_server::service: query stage revision=5b7ee9849d47f5ee67d04eb6ca4588beacf42dce75e5a1b481dfd02607b1fb20 table="directory" seconds=3.06e-6 stage="query_admission"
2026-09-09T20:51:58.201406Z DEBUG transparent_shard_server::service: query stage revision=5b7ee9849d47f5ee67d04eb6ca4588beacf42dce75e5a1b481dfd02607b1fb20 table="directory" seconds=6.423e-6 stage="query_runtime"
2026-09-09T20:51:58.201502Z DEBUG transparent_shard_server::service: query stage revision=5b7ee9849d47f5ee67d04eb6ca4588beacf42dce75e5a1b481dfd02607b1fb20 table="directory" seconds=9.0574e-5 admitted=true stage="query_memory_admission"
2026-09-09T20:51:58.201532Z DEBUG transparent_shard_server::service: query stage revision=5b7ee9849d47f5ee67d04eb6ca4588beacf42dce75e5a1b481dfd02607b1fb20 table="directory" seconds=2.1158e-5 stage="query_dispatch"
2026-09-09T20:51:58.242697Z DEBUG transparent_shard_server::service: query stage revision=5b7ee9849d47f5ee67d04eb6ca4588beacf42dce75e5a1b481dfd02607b1fb20 table="directory" seconds=0.041140916 stage="query_evaluate"
2026-09-09T20:51:58.339560Z DEBUG transparent_shard_server::runtime: runtime stage key=("be059aab39ac34125e0452548d6fbcfb1e7cdb7237a597bd59ee86011ed4882b", Pages, 0) seconds=0.684623728 stage="disk_save"
2026-09-09T20:51:58.347690Z DEBUG transparent_shard_server::service: query stage revision=5b7ee9849d47f5ee67d04eb6ca4588beacf42dce75e5a1b481dfd02607b1fb20 table="directory" seconds=1.958e-6 stage="query_admission"
2026-09-09T20:51:58.347725Z DEBUG transparent_shard_server::service: query stage revision=5b7ee9849d47f5ee67d04eb6ca4588beacf42dce75e5a1b481dfd02607b1fb20 table="directory" seconds=4.528e-6 stage="query_runtime"
2026-09-09T20:51:58.347797Z DEBUG transparent_shard_server::service: query stage revision=5b7ee9849d47f5ee67d04eb6ca4588beacf42dce75e5a1b481dfd02607b1fb20 table="directory" seconds=6.8348e-5 admitted=true stage="query_memory_admission"
2026-09-09T20:51:58.347813Z DEBUG transparent_shard_server::service: query stage revision=5b7ee9849d47f5ee67d04eb6ca4588beacf42dce75e5a1b481dfd02607b1fb20 table="directory" seconds=1.1963e-5 stage="query_dispatch"
2026-09-09T20:51:58.370908Z DEBUG transparent_shard_server::service: query stage revision=5b7ee9849d47f5ee67d04eb6ca4588beacf42dce75e5a1b481dfd02607b1fb20 table="directory" seconds=0.023088194 stage="query_evaluate"
2026-09-09T20:51:58.398530Z DEBUG transparent_shard_server::service: query stage revision=5b7ee9849d47f5ee67d04eb6ca4588beacf42dce75e5a1b481dfd02607b1fb20 table="pages" seconds=2.989e-6 stage="query_admission"
2026-09-09T20:51:58.398596Z DEBUG transparent_shard_server::service: query stage revision=5b7ee9849d47f5ee67d04eb6ca4588beacf42dce75e5a1b481dfd02607b1fb20 table="pages" seconds=6.406e-6 stage="query_runtime"
2026-09-09T20:51:58.398700Z DEBUG transparent_shard_server::service: query stage revision=5b7ee9849d47f5ee67d04eb6ca4588beacf42dce75e5a1b481dfd02607b1fb20 table="pages" seconds=9.8008e-5 admitted=true stage="query_memory_admission"
2026-09-09T20:51:58.398738Z DEBUG transparent_shard_server::service: query stage revision=5b7ee9849d47f5ee67d04eb6ca4588beacf42dce75e5a1b481dfd02607b1fb20 table="pages" seconds=1.5937e-5 stage="query_dispatch"
2026-09-09T20:51:58.435300Z DEBUG transparent_shard_server::service: query stage revision=5b7ee9849d47f5ee67d04eb6ca4588beacf42dce75e5a1b481dfd02607b1fb20 table="pages" seconds=0.036553789 stage="query_evaluate"
2026-09-09T20:51:58.542291Z DEBUG transparent_shard_server::service: query stage revision=5b7ee9849d47f5ee67d04eb6ca4588beacf42dce75e5a1b481dfd02607b1fb20 table="pages" seconds=2.795e-6 stage="query_admission"
2026-09-09T20:51:58.542333Z DEBUG transparent_shard_server::service: query stage revision=5b7ee9849d47f5ee67d04eb6ca4588beacf42dce75e5a1b481dfd02607b1fb20 table="pages" seconds=6.102e-6 stage="query_runtime"
2026-09-09T20:51:58.542399Z DEBUG transparent_shard_server::service: query stage revision=5b7ee9849d47f5ee67d04eb6ca4588beacf42dce75e5a1b481dfd02607b1fb20 table="pages" seconds=6.332e-5 admitted=true stage="query_memory_admission"
2026-09-09T20:51:58.542438Z DEBUG transparent_shard_server::service: query stage revision=5b7ee9849d47f5ee67d04eb6ca4588beacf42dce75e5a1b481dfd02607b1fb20 table="pages" seconds=3.3238e-5 stage="query_dispatch"
2026-09-09T20:51:58.566027Z DEBUG transparent_shard_server::service: query stage revision=5b7ee9849d47f5ee67d04eb6ca4588beacf42dce75e5a1b481dfd02607b1fb20 table="pages" seconds=0.023565758 stage="query_evaluate"
2026-09-09T20:51:58.574239Z DEBUG transparent_shard_server::runtime: construction stage geometry="recent-8k" table="directory" seconds=3.170818426 stage="pack_preprocessing"
2026-09-09T20:51:58.574560Z DEBUG transparent_shard_server::runtime: construction stage geometry="recent-8k" table="directory" seconds=0.000291445 stage="publish_parameters"
2026-09-09T20:51:58.575213Z DEBUG transparent_shard_server::runtime: runtime stage key=("be059aab39ac34125e0452548d6fbcfb1e7cdb7237a597bd59ee86011ed4882b", Directory, 0) seconds=4.546079898 stage="runtime_build"
2026-09-09T20:51:58.578214Z  INFO transparent_shard_server::service: prewarm finished warm=28 target=28 failed=0 seconds=4.699605532
2026-09-09T20:51:58.578301Z DEBUG transparent_shard_server::live: publication preparation stages map=32426d9e9300c44558210d8540b636402af2b3c322627f9e9f26e0082b489725 loading_seconds=0.617006316 warming_seconds=4.699841875
2026-09-09T20:51:58.596394Z DEBUG transparent_shard_server::service: query stage revision=5b7ee9849d47f5ee67d04eb6ca4588beacf42dce75e5a1b481dfd02607b1fb20 table="directory" seconds=2.361e-6 stage="query_admission"
2026-09-09T20:51:58.596443Z DEBUG transparent_shard_server::runtime: runtime stage key=("5b7ee9849d47f5ee67d04eb6ca4588beacf42dce75e5a1b481dfd02607b1fb20", Directory, 0) seconds=9.39e-7 stage="restore_slot"
2026-09-09T20:51:58.652938Z  INFO transparent_shard_server::runtime: retired runtime memory reclaimed rss_before=5038915584 rss_after=4575567872
2026-09-09T20:51:59.196351Z DEBUG transparent_shard_server::runtime: runtime stage key=("268f5c527d35817d37919707b04a706c850d449156baa071b5438dbf8eb53aec", Directory, 0) seconds=1.986e-6 stage="restore_slot"
2026-09-09T20:51:59.196359Z DEBUG transparent_shard_server::runtime: runtime stage key=("268f5c527d35817d37919707b04a706c850d449156baa071b5438dbf8eb53aec", Pages, 0) seconds=1.589e-6 stage="restore_slot"
2026-09-09T20:51:59.196520Z DEBUG transparent_shard_server::runtime: runtime stage key=("268f5c527d35817d37919707b04a706c850d449156baa071b5438dbf8eb53aec", Pages, 0) seconds=3.532e-5 hit=false stage="disk_restore"
2026-09-09T20:51:59.196544Z DEBUG transparent_shard_server::runtime: runtime stage key=("268f5c527d35817d37919707b04a706c850d449156baa071b5438dbf8eb53aec", Pages, 0) seconds=4.24e-7 stage="build_slot"
2026-09-09T20:51:59.196582Z DEBUG transparent_shard_server::memory: cold build admission wait seconds=2.9106e-5 admitted=true
2026-09-09T20:51:59.196620Z DEBUG transparent_shard_server::runtime: runtime stage key=("268f5c527d35817d37919707b04a706c850d449156baa071b5438dbf8eb53aec", Directory, 0) seconds=2.5508e-5 hit=false stage="disk_restore"
2026-09-09T20:51:59.196644Z DEBUG transparent_shard_server::runtime: runtime stage key=("268f5c527d35817d37919707b04a706c850d449156baa071b5438dbf8eb53aec", Directory, 0) seconds=3.69e-7 stage="build_slot"
2026-09-09T20:51:59.196671Z DEBUG transparent_shard_server::memory: cold build admission wait seconds=2.4146e-5 admitted=true
2026-09-09T20:51:59.305850Z DEBUG transparent_shard_server::runtime: runtime stage key=("be059aab39ac34125e0452548d6fbcfb1e7cdb7237a597bd59ee86011ed4882b", Directory, 0) seconds=0.730577633 stage="disk_save"
2026-09-09T20:51:59.371026Z DEBUG transparent_shard_server::runtime: runtime stage key=("5b7ee9849d47f5ee67d04eb6ca4588beacf42dce75e5a1b481dfd02607b1fb20", Directory, 0) seconds=0.774462326 hit=true stage="disk_restore"
2026-09-09T20:51:59.380763Z DEBUG transparent_shard_server::runtime: runtime stage key=("268f5c527d35817d37919707b04a706c850d449156baa071b5438dbf8eb53aec", Directory, 0) seconds=0.184082883 stage="source_load"
2026-09-09T20:51:59.394663Z DEBUG transparent_shard_server::runtime: runtime stage key=("268f5c527d35817d37919707b04a706c850d449156baa071b5438dbf8eb53aec", Pages, 0) seconds=0.198057195 stage="source_load"
2026-09-09T20:51:59.492420Z DEBUG transparent_shard_server::runtime: runtime stage key=("5b7ee9849d47f5ee67d04eb6ca4588beacf42dce75e5a1b481dfd02607b1fb20", Directory, 0) seconds=0.121337749 stage="source_verify"
2026-09-09T20:51:59.492466Z  INFO transparent_shard_server::runtime: restored runtime cache seconds=0.8959051
2026-09-09T20:51:59.492596Z DEBUG transparent_shard_server::service: query stage revision=5b7ee9849d47f5ee67d04eb6ca4588beacf42dce75e5a1b481dfd02607b1fb20 table="directory" seconds=0.896175724 stage="query_runtime"
2026-09-09T20:51:59.492699Z DEBUG transparent_shard_server::service: query stage revision=5b7ee9849d47f5ee67d04eb6ca4588beacf42dce75e5a1b481dfd02607b1fb20 table="directory" seconds=8.3428e-5 admitted=true stage="query_memory_admission"
2026-09-09T20:51:59.492921Z DEBUG transparent_shard_server::service: query stage revision=5b7ee9849d47f5ee67d04eb6ca4588beacf42dce75e5a1b481dfd02607b1fb20 table="directory" seconds=0.000213929 stage="query_dispatch"
2026-09-09T20:51:59.513570Z DEBUG transparent_shard_server::service: query stage revision=5b7ee9849d47f5ee67d04eb6ca4588beacf42dce75e5a1b481dfd02607b1fb20 table="directory" seconds=0.020637332 stage="query_evaluate"
2026-09-09T20:51:59.522882Z DEBUG transparent_shard_server::service: query stage revision=5b7ee9849d47f5ee67d04eb6ca4588beacf42dce75e5a1b481dfd02607b1fb20 table="directory" seconds=3.445e-6 stage="query_admission"
2026-09-09T20:51:59.522914Z DEBUG transparent_shard_server::service: query stage revision=5b7ee9849d47f5ee67d04eb6ca4588beacf42dce75e5a1b481dfd02607b1fb20 table="directory" seconds=7.313e-6 stage="query_runtime"
2026-09-09T20:51:59.522980Z DEBUG transparent_shard_server::service: query stage revision=5b7ee9849d47f5ee67d04eb6ca4588beacf42dce75e5a1b481dfd02607b1fb20 table="directory" seconds=6.246e-5 admitted=true stage="query_memory_admission"
2026-09-09T20:51:59.523012Z DEBUG transparent_shard_server::service: query stage revision=5b7ee9849d47f5ee67d04eb6ca4588beacf42dce75e5a1b481dfd02607b1fb20 table="directory" seconds=2.7513e-5 stage="query_dispatch"
2026-09-09T20:51:59.545151Z DEBUG transparent_shard_server::service: query stage revision=5b7ee9849d47f5ee67d04eb6ca4588beacf42dce75e5a1b481dfd02607b1fb20 table="directory" seconds=0.022119599 stage="query_evaluate"
2026-09-09T20:51:59.681452Z DEBUG transparent_shard_server::service: query stage revision=be059aab39ac34125e0452548d6fbcfb1e7cdb7237a597bd59ee86011ed4882b table="pages" seconds=2.359e-6 stage="query_admission"
2026-09-09T20:51:59.681485Z DEBUG transparent_shard_server::service: query stage revision=be059aab39ac34125e0452548d6fbcfb1e7cdb7237a597bd59ee86011ed4882b table="pages" seconds=4.294e-6 stage="query_runtime"
2026-09-09T20:51:59.681549Z DEBUG transparent_shard_server::service: query stage revision=be059aab39ac34125e0452548d6fbcfb1e7cdb7237a597bd59ee86011ed4882b table="pages" seconds=6.089e-5 admitted=true stage="query_memory_admission"
2026-09-09T20:51:59.681577Z DEBUG transparent_shard_server::service: query stage revision=be059aab39ac34125e0452548d6fbcfb1e7cdb7237a597bd59ee86011ed4882b table="pages" seconds=1.185e-5 stage="query_dispatch"
2026-09-09T20:51:59.691627Z DEBUG transparent_shard_server::runtime: construction stage geometry="recent-8k" table="directory" seconds=0.310828474 stage="encode_database"
2026-09-09T20:51:59.691731Z DEBUG transparent_shard_server::runtime: construction stage geometry="recent-8k" table="directory" seconds=7.4813e-5 stage="public_setup"
2026-09-09T20:51:59.704454Z DEBUG transparent_shard_server::service: query stage revision=be059aab39ac34125e0452548d6fbcfb1e7cdb7237a597bd59ee86011ed4882b table="pages" seconds=2.491e-6 stage="query_admission"
2026-09-09T20:51:59.704493Z DEBUG transparent_shard_server::service: query stage revision=be059aab39ac34125e0452548d6fbcfb1e7cdb7237a597bd59ee86011ed4882b table="pages" seconds=5.423e-6 stage="query_runtime"
2026-09-09T20:51:59.704568Z DEBUG transparent_shard_server::service: query stage revision=be059aab39ac34125e0452548d6fbcfb1e7cdb7237a597bd59ee86011ed4882b table="pages" seconds=7.1602e-5 admitted=true stage="query_memory_admission"
2026-09-09T20:51:59.708210Z DEBUG transparent_shard_server::service: query stage revision=be059aab39ac34125e0452548d6fbcfb1e7cdb7237a597bd59ee86011ed4882b table="pages" seconds=0.003636527 stage="query_dispatch"
2026-09-09T20:51:59.713377Z DEBUG transparent_shard_server::runtime: construction stage geometry="recent-8k" table="pages" seconds=0.31867961 stage="encode_database"
2026-09-09T20:51:59.713549Z DEBUG transparent_shard_server::runtime: construction stage geometry="recent-8k" table="pages" seconds=0.000134869 stage="public_setup"
2026-09-09T20:52:00.740150Z DEBUG transparent_shard_server::runtime: construction stage geometry="recent-8k" table="pages" seconds=1.026592618 stage="hint_columns"
2026-09-09T20:52:00.748989Z DEBUG transparent_shard_server::service: query stage revision=be059aab39ac34125e0452548d6fbcfb1e7cdb7237a597bd59ee86011ed4882b table="pages" seconds=1.040746694 stage="query_evaluate"
2026-09-09T20:52:00.749098Z DEBUG transparent_shard_server::runtime: construction stage geometry="recent-8k" table="directory" seconds=1.057361891 stage="hint_columns"
2026-09-09T20:52:00.749719Z DEBUG transparent_shard_server::service: query stage revision=be059aab39ac34125e0452548d6fbcfb1e7cdb7237a597bd59ee86011ed4882b table="pages" seconds=1.068137634 stage="query_evaluate"
2026-09-09T20:52:00.937269Z DEBUG transparent_shard_server::service: query stage revision=be059aab39ac34125e0452548d6fbcfb1e7cdb7237a597bd59ee86011ed4882b table="directory" seconds=2.361e-6 stage="query_admission"
2026-09-09T20:52:00.937308Z DEBUG transparent_shard_server::service: query stage revision=be059aab39ac34125e0452548d6fbcfb1e7cdb7237a597bd59ee86011ed4882b table="directory" seconds=5.745e-6 stage="query_runtime"
2026-09-09T20:52:00.937386Z DEBUG transparent_shard_server::service: query stage revision=be059aab39ac34125e0452548d6fbcfb1e7cdb7237a597bd59ee86011ed4882b table="directory" seconds=7.43e-5 admitted=true stage="query_memory_admission"
2026-09-09T20:52:00.937426Z DEBUG transparent_shard_server::service: query stage revision=be059aab39ac34125e0452548d6fbcfb1e7cdb7237a597bd59ee86011ed4882b table="directory" seconds=3.4547e-5 stage="query_dispatch"
2026-09-09T20:52:00.937488Z DEBUG transparent_shard_server::service: query stage revision=be059aab39ac34125e0452548d6fbcfb1e7cdb7237a597bd59ee86011ed4882b table="directory" seconds=1.279e-6 stage="query_admission"
2026-09-09T20:52:00.937496Z DEBUG transparent_shard_server::service: query stage revision=be059aab39ac34125e0452548d6fbcfb1e7cdb7237a597bd59ee86011ed4882b table="directory" seconds=3.048e-6 stage="query_runtime"
2026-09-09T20:52:00.937526Z DEBUG transparent_shard_server::service: query stage revision=be059aab39ac34125e0452548d6fbcfb1e7cdb7237a597bd59ee86011ed4882b table="directory" seconds=2.7819e-5 admitted=true stage="query_memory_admission"
2026-09-09T20:52:00.937550Z DEBUG transparent_shard_server::service: query stage revision=be059aab39ac34125e0452548d6fbcfb1e7cdb7237a597bd59ee86011ed4882b table="directory" seconds=1.1764e-5 stage="query_dispatch"
2026-09-09T20:52:00.961873Z DEBUG transparent_shard_server::service: query stage revision=be059aab39ac34125e0452548d6fbcfb1e7cdb7237a597bd59ee86011ed4882b table="directory" seconds=0.024317654 stage="query_evaluate"
2026-09-09T20:52:00.962642Z DEBUG transparent_shard_server::service: query stage revision=be059aab39ac34125e0452548d6fbcfb1e7cdb7237a597bd59ee86011ed4882b table="directory" seconds=0.025192214 stage="query_evaluate"
2026-09-09T20:52:01.119091Z DEBUG transparent_shard_server::service: query stage revision=be059aab39ac34125e0452548d6fbcfb1e7cdb7237a597bd59ee86011ed4882b table="pages" seconds=2.492e-6 stage="query_admission"
2026-09-09T20:52:01.119128Z DEBUG transparent_shard_server::service: query stage revision=be059aab39ac34125e0452548d6fbcfb1e7cdb7237a597bd59ee86011ed4882b table="pages" seconds=4.632e-6 stage="query_runtime"
2026-09-09T20:52:01.119218Z DEBUG transparent_shard_server::service: query stage revision=be059aab39ac34125e0452548d6fbcfb1e7cdb7237a597bd59ee86011ed4882b table="pages" seconds=8.7166e-5 admitted=true stage="query_memory_admission"
2026-09-09T20:52:01.119238Z DEBUG transparent_shard_server::service: query stage revision=be059aab39ac34125e0452548d6fbcfb1e7cdb7237a597bd59ee86011ed4882b table="pages" seconds=1.265e-5 stage="query_dispatch"
2026-09-09T20:52:01.123132Z DEBUG transparent_shard_server::service: query stage revision=be059aab39ac34125e0452548d6fbcfb1e7cdb7237a597bd59ee86011ed4882b table="pages" seconds=2.3e-6 stage="query_admission"
2026-09-09T20:52:01.123179Z DEBUG transparent_shard_server::service: query stage revision=be059aab39ac34125e0452548d6fbcfb1e7cdb7237a597bd59ee86011ed4882b table="pages" seconds=5.17e-6 stage="query_runtime"
2026-09-09T20:52:01.123258Z DEBUG transparent_shard_server::service: query stage revision=be059aab39ac34125e0452548d6fbcfb1e7cdb7237a597bd59ee86011ed4882b table="pages" seconds=7.466e-5 admitted=true stage="query_memory_admission"
2026-09-09T20:52:01.123290Z DEBUG transparent_shard_server::service: query stage revision=be059aab39ac34125e0452548d6fbcfb1e7cdb7237a597bd59ee86011ed4882b table="pages" seconds=2.5235e-5 stage="query_dispatch"
2026-09-09T20:52:01.143703Z DEBUG transparent_shard_server::service: query stage revision=be059aab39ac34125e0452548d6fbcfb1e7cdb7237a597bd59ee86011ed4882b table="pages" seconds=0.024458201 stage="query_evaluate"
2026-09-09T20:52:01.146019Z DEBUG transparent_shard_server::service: query stage revision=be059aab39ac34125e0452548d6fbcfb1e7cdb7237a597bd59ee86011ed4882b table="pages" seconds=0.022699418 stage="query_evaluate"
2026-09-09T20:52:01.302449Z DEBUG transparent_shard_server::service: query stage revision=be059aab39ac34125e0452548d6fbcfb1e7cdb7237a597bd59ee86011ed4882b table="directory" seconds=2.055e-6 stage="query_admission"
2026-09-09T20:52:01.302485Z DEBUG transparent_shard_server::service: query stage revision=be059aab39ac34125e0452548d6fbcfb1e7cdb7237a597bd59ee86011ed4882b table="directory" seconds=4.651e-6 stage="query_runtime"
2026-09-09T20:52:01.302579Z DEBUG transparent_shard_server::service: query stage revision=be059aab39ac34125e0452548d6fbcfb1e7cdb7237a597bd59ee86011ed4882b table="directory" seconds=9.0839e-5 admitted=true stage="query_memory_admission"
2026-09-09T20:52:01.302596Z DEBUG transparent_shard_server::service: query stage revision=be059aab39ac34125e0452548d6fbcfb1e7cdb7237a597bd59ee86011ed4882b table="directory" seconds=1.3355e-5 stage="query_dispatch"
2026-09-09T20:52:01.306481Z DEBUG transparent_shard_server::service: query stage revision=be059aab39ac34125e0452548d6fbcfb1e7cdb7237a597bd59ee86011ed4882b table="directory" seconds=2.307e-6 stage="query_admission"
2026-09-09T20:52:01.306511Z DEBUG transparent_shard_server::service: query stage revision=be059aab39ac34125e0452548d6fbcfb1e7cdb7237a597bd59ee86011ed4882b table="directory" seconds=4.594e-6 stage="query_runtime"
2026-09-09T20:52:01.306594Z DEBUG transparent_shard_server::service: query stage revision=be059aab39ac34125e0452548d6fbcfb1e7cdb7237a597bd59ee86011ed4882b table="directory" seconds=7.037e-5 admitted=true stage="query_memory_admission"
2026-09-09T20:52:01.306631Z DEBUG transparent_shard_server::service: query stage revision=be059aab39ac34125e0452548d6fbcfb1e7cdb7237a597bd59ee86011ed4882b table="directory" seconds=3.0627e-5 stage="query_dispatch"
2026-09-09T20:52:01.319372Z DEBUG transparent_shard_server::service: query stage revision=be059aab39ac34125e0452548d6fbcfb1e7cdb7237a597bd59ee86011ed4882b table="directory" seconds=0.016769309 stage="query_evaluate"
2026-09-09T20:52:01.328462Z DEBUG transparent_shard_server::service: query stage revision=be059aab39ac34125e0452548d6fbcfb1e7cdb7237a597bd59ee86011ed4882b table="directory" seconds=0.021809353 stage="query_evaluate"
2026-09-09T20:52:01.478675Z DEBUG transparent_shard_server::service: query stage revision=be059aab39ac34125e0452548d6fbcfb1e7cdb7237a597bd59ee86011ed4882b table="pages" seconds=2.331e-6 stage="query_admission"
2026-09-09T20:52:01.478711Z DEBUG transparent_shard_server::service: query stage revision=be059aab39ac34125e0452548d6fbcfb1e7cdb7237a597bd59ee86011ed4882b table="pages" seconds=4.924e-6 stage="query_runtime"
2026-09-09T20:52:01.478788Z DEBUG transparent_shard_server::service: query stage revision=be059aab39ac34125e0452548d6fbcfb1e7cdb7237a597bd59ee86011ed4882b table="pages" seconds=7.3374e-5 admitted=true stage="query_memory_admission"
2026-09-09T20:52:01.478804Z DEBUG transparent_shard_server::service: query stage revision=be059aab39ac34125e0452548d6fbcfb1e7cdb7237a597bd59ee86011ed4882b table="pages" seconds=1.1775e-5 stage="query_dispatch"
2026-09-09T20:52:01.484097Z DEBUG transparent_shard_server::service: query stage revision=be059aab39ac34125e0452548d6fbcfb1e7cdb7237a597bd59ee86011ed4882b table="pages" seconds=2.169e-6 stage="query_admission"
2026-09-09T20:52:01.484141Z DEBUG transparent_shard_server::service: query stage revision=be059aab39ac34125e0452548d6fbcfb1e7cdb7237a597bd59ee86011ed4882b table="pages" seconds=4.321e-6 stage="query_runtime"
2026-09-09T20:52:01.484241Z DEBUG transparent_shard_server::service: query stage revision=be059aab39ac34125e0452548d6fbcfb1e7cdb7237a597bd59ee86011ed4882b table="pages" seconds=9.5735e-5 admitted=true stage="query_memory_admission"
2026-09-09T20:52:01.484272Z DEBUG transparent_shard_server::service: query stage revision=be059aab39ac34125e0452548d6fbcfb1e7cdb7237a597bd59ee86011ed4882b table="pages" seconds=2.2063e-5 stage="query_dispatch"
2026-09-09T20:52:01.503584Z DEBUG transparent_shard_server::service: query stage revision=be059aab39ac34125e0452548d6fbcfb1e7cdb7237a597bd59ee86011ed4882b table="pages" seconds=0.024772744 stage="query_evaluate"
2026-09-09T20:52:01.503608Z DEBUG transparent_shard_server::service: query stage revision=be059aab39ac34125e0452548d6fbcfb1e7cdb7237a597bd59ee86011ed4882b table="pages" seconds=0.019316942 stage="query_evaluate"
2026-09-09T20:52:01.666415Z DEBUG transparent_shard_server::service: query stage revision=be059aab39ac34125e0452548d6fbcfb1e7cdb7237a597bd59ee86011ed4882b table="directory" seconds=2.399e-6 stage="query_admission"
2026-09-09T20:52:01.666450Z DEBUG transparent_shard_server::service: query stage revision=be059aab39ac34125e0452548d6fbcfb1e7cdb7237a597bd59ee86011ed4882b table="directory" seconds=4.543e-6 stage="query_runtime"
2026-09-09T20:52:01.666551Z DEBUG transparent_shard_server::service: query stage revision=be059aab39ac34125e0452548d6fbcfb1e7cdb7237a597bd59ee86011ed4882b table="directory" seconds=9.7643e-5 admitted=true stage="query_memory_admission"
2026-09-09T20:52:01.666578Z DEBUG transparent_shard_server::service: query stage revision=be059aab39ac34125e0452548d6fbcfb1e7cdb7237a597bd59ee86011ed4882b table="directory" seconds=2.2467e-5 stage="query_dispatch"
2026-09-09T20:52:01.667134Z DEBUG transparent_shard_server::service: query stage revision=be059aab39ac34125e0452548d6fbcfb1e7cdb7237a597bd59ee86011ed4882b table="directory" seconds=1.258e-6 stage="query_admission"
2026-09-09T20:52:01.667158Z DEBUG transparent_shard_server::service: query stage revision=be059aab39ac34125e0452548d6fbcfb1e7cdb7237a597bd59ee86011ed4882b table="directory" seconds=3.497e-6 stage="query_runtime"
2026-09-09T20:52:01.667217Z DEBUG transparent_shard_server::memory: work memory admission denied current=5181992960 limit=7516192768 held=1342177280 requested=268435456
2026-09-09T20:52:01.678355Z DEBUG transparent_shard_server::memory: work memory admission denied current=5186711552 limit=7516192768 held=1342177280 requested=268435456
2026-09-09T20:52:01.689551Z DEBUG transparent_shard_server::memory: work memory admission denied current=5191692288 limit=7516192768 held=1342177280 requested=268435456
2026-09-09T20:52:01.700821Z DEBUG transparent_shard_server::memory: work memory admission denied current=5196148736 limit=7516192768 held=1342177280 requested=268435456
2026-09-09T20:52:01.709170Z DEBUG transparent_shard_server::service: query stage revision=be059aab39ac34125e0452548d6fbcfb1e7cdb7237a597bd59ee86011ed4882b table="directory" seconds=0.042573507 stage="query_evaluate"
2026-09-09T20:52:01.712475Z DEBUG transparent_shard_server::service: query stage revision=be059aab39ac34125e0452548d6fbcfb1e7cdb7237a597bd59ee86011ed4882b table="directory" seconds=0.045313015 admitted=true stage="query_memory_admission"
2026-09-09T20:52:01.712547Z DEBUG transparent_shard_server::service: query stage revision=be059aab39ac34125e0452548d6fbcfb1e7cdb7237a597bd59ee86011ed4882b table="directory" seconds=2.6233e-5 stage="query_dispatch"
2026-09-09T20:52:01.820758Z DEBUG transparent_shard_server::service: query stage revision=be059aab39ac34125e0452548d6fbcfb1e7cdb7237a597bd59ee86011ed4882b table="directory" seconds=0.10818941 stage="query_evaluate"
2026-09-09T20:52:01.864951Z DEBUG transparent_shard_server::service: query stage revision=be059aab39ac34125e0452548d6fbcfb1e7cdb7237a597bd59ee86011ed4882b table="pages" seconds=2.495e-6 stage="query_admission"
2026-09-09T20:52:01.864988Z DEBUG transparent_shard_server::service: query stage revision=be059aab39ac34125e0452548d6fbcfb1e7cdb7237a597bd59ee86011ed4882b table="pages" seconds=5.21e-6 stage="query_runtime"
2026-09-09T20:52:01.865040Z DEBUG transparent_shard_server::service: query stage revision=be059aab39ac34125e0452548d6fbcfb1e7cdb7237a597bd59ee86011ed4882b table="pages" seconds=4.8197e-5 admitted=true stage="query_memory_admission"
2026-09-09T20:52:01.865063Z DEBUG transparent_shard_server::service: query stage revision=be059aab39ac34125e0452548d6fbcfb1e7cdb7237a597bd59ee86011ed4882b table="pages" seconds=1.8844e-5 stage="query_dispatch"
2026-09-09T20:52:01.981068Z DEBUG transparent_shard_server::service: query stage revision=be059aab39ac34125e0452548d6fbcfb1e7cdb7237a597bd59ee86011ed4882b table="pages" seconds=2.728e-6 stage="query_admission"
2026-09-09T20:52:01.981103Z DEBUG transparent_shard_server::service: query stage revision=be059aab39ac34125e0452548d6fbcfb1e7cdb7237a597bd59ee86011ed4882b table="pages" seconds=4.191e-6 stage="query_runtime"
2026-09-09T20:52:01.981192Z DEBUG transparent_shard_server::memory: work memory admission denied current=5247315968 limit=7516192768 held=1342177280 requested=268435456
2026-09-09T20:52:01.992389Z DEBUG transparent_shard_server::memory: work memory admission denied current=5181128704 limit=7516192768 held=1342177280 requested=268435456
2026-09-09T20:52:01.994297Z DEBUG transparent_shard_server::service: query stage revision=be059aab39ac34125e0452548d6fbcfb1e7cdb7237a597bd59ee86011ed4882b table="pages" seconds=0.129228947 stage="query_evaluate"
2026-09-09T20:52:02.003572Z DEBUG transparent_shard_server::service: query stage revision=be059aab39ac34125e0452548d6fbcfb1e7cdb7237a597bd59ee86011ed4882b table="pages" seconds=0.022464061 admitted=true stage="query_memory_admission"
2026-09-09T20:52:02.003732Z DEBUG transparent_shard_server::service: query stage revision=be059aab39ac34125e0452548d6fbcfb1e7cdb7237a597bd59ee86011ed4882b table="pages" seconds=0.000131251 stage="query_dispatch"
2026-09-09T20:52:02.016391Z DEBUG transparent_shard_server::service: query stage revision=be059aab39ac34125e0452548d6fbcfb1e7cdb7237a597bd59ee86011ed4882b table="pages" seconds=0.012639637 stage="query_evaluate"
2026-09-09T20:52:02.150249Z DEBUG transparent_shard_server::service: query stage revision=be059aab39ac34125e0452548d6fbcfb1e7cdb7237a597bd59ee86011ed4882b table="directory" seconds=2.725e-6 stage="query_admission"
2026-09-09T20:52:02.150283Z DEBUG transparent_shard_server::service: query stage revision=be059aab39ac34125e0452548d6fbcfb1e7cdb7237a597bd59ee86011ed4882b table="directory" seconds=4.118e-6 stage="query_runtime"
2026-09-09T20:52:02.150356Z DEBUG transparent_shard_server::service: query stage revision=be059aab39ac34125e0452548d6fbcfb1e7cdb7237a597bd59ee86011ed4882b table="directory" seconds=6.9772e-5 admitted=true stage="query_memory_admission"
2026-09-09T20:52:02.150370Z DEBUG transparent_shard_server::service: query stage revision=be059aab39ac34125e0452548d6fbcfb1e7cdb7237a597bd59ee86011ed4882b table="directory" seconds=1.0483e-5 stage="query_dispatch"
2026-09-09T20:52:02.162573Z DEBUG transparent_shard_server::service: query stage revision=be059aab39ac34125e0452548d6fbcfb1e7cdb7237a597bd59ee86011ed4882b table="directory" seconds=0.012196989 stage="query_evaluate"
2026-09-09T20:52:02.173357Z DEBUG transparent_shard_server::service: query stage revision=be059aab39ac34125e0452548d6fbcfb1e7cdb7237a597bd59ee86011ed4882b table="directory" seconds=2.565e-6 stage="query_admission"
2026-09-09T20:52:02.173393Z DEBUG transparent_shard_server::service: query stage revision=be059aab39ac34125e0452548d6fbcfb1e7cdb7237a597bd59ee86011ed4882b table="directory" seconds=4.996e-6 stage="query_runtime"
2026-09-09T20:52:02.173452Z DEBUG transparent_shard_server::service: query stage revision=be059aab39ac34125e0452548d6fbcfb1e7cdb7237a597bd59ee86011ed4882b table="directory" seconds=5.6062e-5 admitted=true stage="query_memory_admission"
2026-09-09T20:52:02.173478Z DEBUG transparent_shard_server::service: query stage revision=be059aab39ac34125e0452548d6fbcfb1e7cdb7237a597bd59ee86011ed4882b table="directory" seconds=2.0974e-5 stage="query_dispatch"
2026-09-09T20:52:02.186356Z DEBUG transparent_shard_server::service: query stage revision=be059aab39ac34125e0452548d6fbcfb1e7cdb7237a597bd59ee86011ed4882b table="directory" seconds=0.012857891 stage="query_evaluate"
2026-09-09T20:52:02.317632Z DEBUG transparent_shard_server::service: query stage revision=be059aab39ac34125e0452548d6fbcfb1e7cdb7237a597bd59ee86011ed4882b table="pages" seconds=2.691e-6 stage="query_admission"
2026-09-09T20:52:02.317669Z DEBUG transparent_shard_server::service: query stage revision=be059aab39ac34125e0452548d6fbcfb1e7cdb7237a597bd59ee86011ed4882b table="pages" seconds=3.949e-6 stage="query_runtime"
2026-09-09T20:52:02.317751Z DEBUG transparent_shard_server::service: query stage revision=be059aab39ac34125e0452548d6fbcfb1e7cdb7237a597bd59ee86011ed4882b table="pages" seconds=7.7593e-5 admitted=true stage="query_memory_admission"
2026-09-09T20:52:02.317768Z DEBUG transparent_shard_server::service: query stage revision=be059aab39ac34125e0452548d6fbcfb1e7cdb7237a597bd59ee86011ed4882b table="pages" seconds=1.3565e-5 stage="query_dispatch"
2026-09-09T20:52:02.330247Z DEBUG transparent_shard_server::service: query stage revision=be059aab39ac34125e0452548d6fbcfb1e7cdb7237a597bd59ee86011ed4882b table="pages" seconds=0.012472402 stage="query_evaluate"
2026-09-09T20:52:02.342832Z DEBUG transparent_shard_server::service: query stage revision=be059aab39ac34125e0452548d6fbcfb1e7cdb7237a597bd59ee86011ed4882b table="pages" seconds=8.476e-6 stage="query_admission"
2026-09-09T20:52:02.342858Z DEBUG transparent_shard_server::service: query stage revision=be059aab39ac34125e0452548d6fbcfb1e7cdb7237a597bd59ee86011ed4882b table="pages" seconds=6.304e-6 stage="query_runtime"
2026-09-09T20:52:02.342928Z DEBUG transparent_shard_server::service: query stage revision=be059aab39ac34125e0452548d6fbcfb1e7cdb7237a597bd59ee86011ed4882b table="pages" seconds=6.6427e-5 admitted=true stage="query_memory_admission"
2026-09-09T20:52:02.342952Z DEBUG transparent_shard_server::service: query stage revision=be059aab39ac34125e0452548d6fbcfb1e7cdb7237a597bd59ee86011ed4882b table="pages" seconds=1.038e-5 stage="query_dispatch"
2026-09-09T20:52:02.355697Z DEBUG transparent_shard_server::service: query stage revision=be059aab39ac34125e0452548d6fbcfb1e7cdb7237a597bd59ee86011ed4882b table="pages" seconds=0.012738363 stage="query_evaluate"
2026-09-09T20:52:02.488124Z DEBUG transparent_shard_server::service: query stage revision=be059aab39ac34125e0452548d6fbcfb1e7cdb7237a597bd59ee86011ed4882b table="directory" seconds=3.474e-6 stage="query_admission"
2026-09-09T20:52:02.488177Z DEBUG transparent_shard_server::service: query stage revision=be059aab39ac34125e0452548d6fbcfb1e7cdb7237a597bd59ee86011ed4882b table="directory" seconds=1.9744e-5 stage="query_runtime"
2026-09-09T20:52:02.488255Z DEBUG transparent_shard_server::service: query stage revision=be059aab39ac34125e0452548d6fbcfb1e7cdb7237a597bd59ee86011ed4882b table="directory" seconds=7.0323e-5 admitted=true stage="query_memory_admission"
2026-09-09T20:52:02.488286Z DEBUG transparent_shard_server::service: query stage revision=be059aab39ac34125e0452548d6fbcfb1e7cdb7237a597bd59ee86011ed4882b table="directory" seconds=2.5778e-5 stage="query_dispatch"
2026-09-09T20:52:02.508152Z DEBUG transparent_shard_server::service: query stage revision=be059aab39ac34125e0452548d6fbcfb1e7cdb7237a597bd59ee86011ed4882b table="directory" seconds=0.019852455 stage="query_evaluate"
2026-09-09T20:52:02.514034Z DEBUG transparent_shard_server::service: query stage revision=be059aab39ac34125e0452548d6fbcfb1e7cdb7237a597bd59ee86011ed4882b table="directory" seconds=2.88e-6 stage="query_admission"
2026-09-09T20:52:02.514068Z DEBUG transparent_shard_server::service: query stage revision=be059aab39ac34125e0452548d6fbcfb1e7cdb7237a597bd59ee86011ed4882b table="directory" seconds=6.15e-6 stage="query_runtime"
2026-09-09T20:52:02.514136Z DEBUG transparent_shard_server::service: query stage revision=be059aab39ac34125e0452548d6fbcfb1e7cdb7237a597bd59ee86011ed4882b table="directory" seconds=6.5166e-5 admitted=true stage="query_memory_admission"
2026-09-09T20:52:02.514180Z DEBUG transparent_shard_server::service: query stage revision=be059aab39ac34125e0452548d6fbcfb1e7cdb7237a597bd59ee86011ed4882b table="directory" seconds=3.9362e-5 stage="query_dispatch"
2026-09-09T20:52:02.534965Z DEBUG transparent_shard_server::service: query stage revision=be059aab39ac34125e0452548d6fbcfb1e7cdb7237a597bd59ee86011ed4882b table="directory" seconds=0.020772734 stage="query_evaluate"
2026-09-09T20:52:02.664853Z DEBUG transparent_shard_server::service: query stage revision=be059aab39ac34125e0452548d6fbcfb1e7cdb7237a597bd59ee86011ed4882b table="pages" seconds=2.072e-6 stage="query_admission"
2026-09-09T20:52:02.664887Z DEBUG transparent_shard_server::service: query stage revision=be059aab39ac34125e0452548d6fbcfb1e7cdb7237a597bd59ee86011ed4882b table="pages" seconds=3.245e-6 stage="query_runtime"
2026-09-09T20:52:02.664963Z DEBUG transparent_shard_server::service: query stage revision=be059aab39ac34125e0452548d6fbcfb1e7cdb7237a597bd59ee86011ed4882b table="pages" seconds=7.2734e-5 admitted=true stage="query_memory_admission"
2026-09-09T20:52:02.664991Z DEBUG transparent_shard_server::service: query stage revision=be059aab39ac34125e0452548d6fbcfb1e7cdb7237a597bd59ee86011ed4882b table="pages" seconds=2.4068e-5 stage="query_dispatch"
2026-09-09T20:52:02.683940Z DEBUG transparent_shard_server::service: query stage revision=be059aab39ac34125e0452548d6fbcfb1e7cdb7237a597bd59ee86011ed4882b table="pages" seconds=0.018940878 stage="query_evaluate"
2026-09-09T20:52:02.691939Z DEBUG transparent_shard_server::service: query stage revision=be059aab39ac34125e0452548d6fbcfb1e7cdb7237a597bd59ee86011ed4882b table="pages" seconds=2.647e-6 stage="query_admission"
2026-09-09T20:52:02.691966Z DEBUG transparent_shard_server::service: query stage revision=be059aab39ac34125e0452548d6fbcfb1e7cdb7237a597bd59ee86011ed4882b table="pages" seconds=3.76e-6 stage="query_runtime"
2026-09-09T20:52:02.692035Z DEBUG transparent_shard_server::service: query stage revision=be059aab39ac34125e0452548d6fbcfb1e7cdb7237a597bd59ee86011ed4882b table="pages" seconds=5.7356e-5 admitted=true stage="query_memory_admission"
2026-09-09T20:52:02.692071Z DEBUG transparent_shard_server::service: query stage revision=be059aab39ac34125e0452548d6fbcfb1e7cdb7237a597bd59ee86011ed4882b table="pages" seconds=3.0897e-5 stage="query_dispatch"
2026-09-09T20:52:02.710649Z DEBUG transparent_shard_server::service: query stage revision=be059aab39ac34125e0452548d6fbcfb1e7cdb7237a597bd59ee86011ed4882b table="pages" seconds=0.01856483 stage="query_evaluate"
2026-09-09T20:52:02.840834Z DEBUG transparent_shard_server::service: query stage revision=be059aab39ac34125e0452548d6fbcfb1e7cdb7237a597bd59ee86011ed4882b table="directory" seconds=2.236e-6 stage="query_admission"
2026-09-09T20:52:02.840870Z DEBUG transparent_shard_server::service: query stage revision=be059aab39ac34125e0452548d6fbcfb1e7cdb7237a597bd59ee86011ed4882b table="directory" seconds=4.68e-6 stage="query_runtime"
2026-09-09T20:52:02.840950Z DEBUG transparent_shard_server::service: query stage revision=be059aab39ac34125e0452548d6fbcfb1e7cdb7237a597bd59ee86011ed4882b table="directory" seconds=7.677e-5 admitted=true stage="query_memory_admission"
2026-09-09T20:52:02.840967Z DEBUG transparent_shard_server::service: query stage revision=be059aab39ac34125e0452548d6fbcfb1e7cdb7237a597bd59ee86011ed4882b table="directory" seconds=1.2429e-5 stage="query_dispatch"
2026-09-09T20:52:02.853656Z DEBUG transparent_shard_server::service: query stage revision=be059aab39ac34125e0452548d6fbcfb1e7cdb7237a597bd59ee86011ed4882b table="directory" seconds=0.012681761 stage="query_evaluate"
2026-09-09T20:52:02.867726Z DEBUG transparent_shard_server::service: query stage revision=be059aab39ac34125e0452548d6fbcfb1e7cdb7237a597bd59ee86011ed4882b table="directory" seconds=2.579e-6 stage="query_admission"
2026-09-09T20:52:02.867758Z DEBUG transparent_shard_server::service: query stage revision=be059aab39ac34125e0452548d6fbcfb1e7cdb7237a597bd59ee86011ed4882b table="directory" seconds=5.086e-6 stage="query_runtime"
2026-09-09T20:52:02.867829Z DEBUG transparent_shard_server::service: query stage revision=be059aab39ac34125e0452548d6fbcfb1e7cdb7237a597bd59ee86011ed4882b table="directory" seconds=6.8116e-5 admitted=true stage="query_memory_admission"
2026-09-09T20:52:02.867865Z DEBUG transparent_shard_server::service: query stage revision=be059aab39ac34125e0452548d6fbcfb1e7cdb7237a597bd59ee86011ed4882b table="directory" seconds=3.0011e-5 stage="query_dispatch"
2026-09-09T20:52:02.880291Z DEBUG transparent_shard_server::service: query stage revision=be059aab39ac34125e0452548d6fbcfb1e7cdb7237a597bd59ee86011ed4882b table="directory" seconds=0.01240491 stage="query_evaluate"
2026-09-09T20:52:02.906481Z DEBUG transparent_shard_server::runtime: construction stage geometry="recent-8k" table="directory" seconds=2.15736358 stage="pack_preprocessing"
2026-09-09T20:52:02.906780Z DEBUG transparent_shard_server::runtime: construction stage geometry="recent-8k" table="directory" seconds=0.000263152 stage="publish_parameters"
2026-09-09T20:52:02.907462Z DEBUG transparent_shard_server::runtime: runtime stage key=("268f5c527d35817d37919707b04a706c850d449156baa071b5438dbf8eb53aec", Directory, 0) seconds=3.526664281 stage="runtime_build"
2026-09-09T20:52:03.012385Z DEBUG transparent_shard_server::service: query stage revision=be059aab39ac34125e0452548d6fbcfb1e7cdb7237a597bd59ee86011ed4882b table="pages" seconds=1.788e-6 stage="query_admission"
2026-09-09T20:52:03.012410Z DEBUG transparent_shard_server::service: query stage revision=be059aab39ac34125e0452548d6fbcfb1e7cdb7237a597bd59ee86011ed4882b table="pages" seconds=3.57e-6 stage="query_runtime"
2026-09-09T20:52:03.012487Z DEBUG transparent_shard_server::service: query stage revision=be059aab39ac34125e0452548d6fbcfb1e7cdb7237a597bd59ee86011ed4882b table="pages" seconds=7.3842e-5 admitted=true stage="query_memory_admission"
2026-09-09T20:52:03.013193Z DEBUG transparent_shard_server::service: query stage revision=be059aab39ac34125e0452548d6fbcfb1e7cdb7237a597bd59ee86011ed4882b table="pages" seconds=0.000699906 stage="query_dispatch"
2026-09-09T20:52:03.037472Z DEBUG transparent_shard_server::service: query stage revision=be059aab39ac34125e0452548d6fbcfb1e7cdb7237a597bd59ee86011ed4882b table="pages" seconds=2.308e-6 stage="query_admission"
2026-09-09T20:52:03.037509Z DEBUG transparent_shard_server::service: query stage revision=be059aab39ac34125e0452548d6fbcfb1e7cdb7237a597bd59ee86011ed4882b table="pages" seconds=5.34e-6 stage="query_runtime"
2026-09-09T20:52:03.037585Z DEBUG transparent_shard_server::service: query stage revision=be059aab39ac34125e0452548d6fbcfb1e7cdb7237a597bd59ee86011ed4882b table="pages" seconds=7.3481e-5 admitted=true stage="query_memory_admission"
2026-09-09T20:52:03.037617Z DEBUG transparent_shard_server::service: query stage revision=be059aab39ac34125e0452548d6fbcfb1e7cdb7237a597bd59ee86011ed4882b table="pages" seconds=2.5935e-5 stage="query_dispatch"
2026-09-09T20:52:03.043400Z DEBUG transparent_shard_server::service: query stage revision=be059aab39ac34125e0452548d6fbcfb1e7cdb7237a597bd59ee86011ed4882b table="pages" seconds=0.030164509 stage="query_evaluate"
2026-09-09T20:52:03.053590Z DEBUG transparent_shard_server::service: query stage revision=be059aab39ac34125e0452548d6fbcfb1e7cdb7237a597bd59ee86011ed4882b table="pages" seconds=0.015949527 stage="query_evaluate"
2026-09-09T20:52:03.200385Z DEBUG transparent_shard_server::service: query stage revision=be059aab39ac34125e0452548d6fbcfb1e7cdb7237a597bd59ee86011ed4882b table="directory" seconds=3.501e-6 stage="query_admission"
2026-09-09T20:52:03.200414Z DEBUG transparent_shard_server::service: query stage revision=be059aab39ac34125e0452548d6fbcfb1e7cdb7237a597bd59ee86011ed4882b table="directory" seconds=6.327e-6 stage="query_runtime"
2026-09-09T20:52:03.200503Z DEBUG transparent_shard_server::service: query stage revision=be059aab39ac34125e0452548d6fbcfb1e7cdb7237a597bd59ee86011ed4882b table="directory" seconds=8.5883e-5 admitted=true stage="query_memory_admission"
2026-09-09T20:52:03.201223Z DEBUG transparent_shard_server::service: query stage revision=be059aab39ac34125e0452548d6fbcfb1e7cdb7237a597bd59ee86011ed4882b table="directory" seconds=0.000714118 stage="query_dispatch"
2026-09-09T20:52:03.212287Z DEBUG transparent_shard_server::service: query stage revision=be059aab39ac34125e0452548d6fbcfb1e7cdb7237a597bd59ee86011ed4882b table="directory" seconds=2.872e-6 stage="query_admission"
2026-09-09T20:52:03.212314Z DEBUG transparent_shard_server::service: query stage revision=be059aab39ac34125e0452548d6fbcfb1e7cdb7237a597bd59ee86011ed4882b table="directory" seconds=5.59e-6 stage="query_runtime"
2026-09-09T20:52:03.212374Z DEBUG transparent_shard_server::service: query stage revision=be059aab39ac34125e0452548d6fbcfb1e7cdb7237a597bd59ee86011ed4882b table="directory" seconds=5.6753e-5 admitted=true stage="query_memory_admission"
2026-09-09T20:52:03.212420Z DEBUG transparent_shard_server::service: query stage revision=be059aab39ac34125e0452548d6fbcfb1e7cdb7237a597bd59ee86011ed4882b table="directory" seconds=4.1397e-5 stage="query_dispatch"
2026-09-09T20:52:03.235508Z DEBUG transparent_shard_server::service: query stage revision=be059aab39ac34125e0452548d6fbcfb1e7cdb7237a597bd59ee86011ed4882b table="directory" seconds=0.034260647 stage="query_evaluate"
2026-09-09T20:52:03.251569Z DEBUG transparent_shard_server::service: query stage revision=be059aab39ac34125e0452548d6fbcfb1e7cdb7237a597bd59ee86011ed4882b table="directory" seconds=0.039117784 stage="query_evaluate"
2026-09-09T20:52:03.393416Z DEBUG transparent_shard_server::service: query stage revision=be059aab39ac34125e0452548d6fbcfb1e7cdb7237a597bd59ee86011ed4882b table="pages" seconds=2.158e-6 stage="query_admission"
2026-09-09T20:52:03.393446Z DEBUG transparent_shard_server::service: query stage revision=be059aab39ac34125e0452548d6fbcfb1e7cdb7237a597bd59ee86011ed4882b table="pages" seconds=4.207e-6 stage="query_runtime"
2026-09-09T20:52:03.393521Z DEBUG transparent_shard_server::service: query stage revision=be059aab39ac34125e0452548d6fbcfb1e7cdb7237a597bd59ee86011ed4882b table="pages" seconds=7.0972e-5 admitted=true stage="query_memory_admission"
2026-09-09T20:52:03.393558Z DEBUG transparent_shard_server::service: query stage revision=be059aab39ac34125e0452548d6fbcfb1e7cdb7237a597bd59ee86011ed4882b table="pages" seconds=2.4443e-5 stage="query_dispatch"
2026-09-09T20:52:03.408400Z DEBUG transparent_shard_server::service: query stage revision=be059aab39ac34125e0452548d6fbcfb1e7cdb7237a597bd59ee86011ed4882b table="pages" seconds=3.479e-6 stage="query_admission"
2026-09-09T20:52:03.408448Z DEBUG transparent_shard_server::service: query stage revision=be059aab39ac34125e0452548d6fbcfb1e7cdb7237a597bd59ee86011ed4882b table="pages" seconds=2.2867e-5 stage="query_runtime"
2026-09-09T20:52:03.408521Z DEBUG transparent_shard_server::service: query stage revision=be059aab39ac34125e0452548d6fbcfb1e7cdb7237a597bd59ee86011ed4882b table="pages" seconds=7.0262e-5 admitted=true stage="query_memory_admission"
2026-09-09T20:52:03.408544Z DEBUG transparent_shard_server::service: query stage revision=be059aab39ac34125e0452548d6fbcfb1e7cdb7237a597bd59ee86011ed4882b table="pages" seconds=1.7066e-5 stage="query_dispatch"
2026-09-09T20:52:03.427318Z DEBUG transparent_shard_server::service: query stage revision=be059aab39ac34125e0452548d6fbcfb1e7cdb7237a597bd59ee86011ed4882b table="pages" seconds=0.033737878 stage="query_evaluate"
2026-09-09T20:52:03.443324Z DEBUG transparent_shard_server::service: query stage revision=be059aab39ac34125e0452548d6fbcfb1e7cdb7237a597bd59ee86011ed4882b table="pages" seconds=0.034760161 stage="query_evaluate"
2026-09-09T20:52:03.583918Z DEBUG transparent_shard_server::service: query stage revision=be059aab39ac34125e0452548d6fbcfb1e7cdb7237a597bd59ee86011ed4882b table="directory" seconds=2.24e-6 stage="query_admission"
2026-09-09T20:52:03.583951Z DEBUG transparent_shard_server::service: query stage revision=be059aab39ac34125e0452548d6fbcfb1e7cdb7237a597bd59ee86011ed4882b table="directory" seconds=4.895e-6 stage="query_runtime"
2026-09-09T20:52:03.584027Z DEBUG transparent_shard_server::service: query stage revision=be059aab39ac34125e0452548d6fbcfb1e7cdb7237a597bd59ee86011ed4882b table="directory" seconds=7.3231e-5 admitted=true stage="query_memory_admission"
2026-09-09T20:52:03.584047Z DEBUG transparent_shard_server::service: query stage revision=be059aab39ac34125e0452548d6fbcfb1e7cdb7237a597bd59ee86011ed4882b table="directory" seconds=1.5074e-5 stage="query_dispatch"
2026-09-09T20:52:03.599213Z DEBUG transparent_shard_server::service: query stage revision=be059aab39ac34125e0452548d6fbcfb1e7cdb7237a597bd59ee86011ed4882b table="directory" seconds=2.562e-6 stage="query_admission"
2026-09-09T20:52:03.599242Z DEBUG transparent_shard_server::service: query stage revision=be059aab39ac34125e0452548d6fbcfb1e7cdb7237a597bd59ee86011ed4882b table="directory" seconds=4.173e-6 stage="query_runtime"
2026-09-09T20:52:03.599316Z DEBUG transparent_shard_server::service: query stage revision=be059aab39ac34125e0452548d6fbcfb1e7cdb7237a597bd59ee86011ed4882b table="directory" seconds=7.1078e-5 admitted=true stage="query_memory_admission"
2026-09-09T20:52:03.599341Z DEBUG transparent_shard_server::service: query stage revision=be059aab39ac34125e0452548d6fbcfb1e7cdb7237a597bd59ee86011ed4882b table="directory" seconds=2.1226e-5 stage="query_dispatch"
2026-09-09T20:52:03.610732Z DEBUG transparent_shard_server::service: query stage revision=be059aab39ac34125e0452548d6fbcfb1e7cdb7237a597bd59ee86011ed4882b table="directory" seconds=0.026679379 stage="query_evaluate"
2026-09-09T20:52:03.632469Z DEBUG transparent_shard_server::service: query stage revision=be059aab39ac34125e0452548d6fbcfb1e7cdb7237a597bd59ee86011ed4882b table="directory" seconds=0.033120982 stage="query_evaluate"
2026-09-09T20:52:03.657815Z DEBUG transparent_shard_server::runtime: runtime stage key=("268f5c527d35817d37919707b04a706c850d449156baa071b5438dbf8eb53aec", Directory, 0) seconds=0.750306882 stage="disk_save"
2026-09-09T20:52:03.769590Z DEBUG transparent_shard_server::service: query stage revision=be059aab39ac34125e0452548d6fbcfb1e7cdb7237a597bd59ee86011ed4882b table="pages" seconds=2.15e-6 stage="query_admission"
2026-09-09T20:52:03.769635Z DEBUG transparent_shard_server::service: query stage revision=be059aab39ac34125e0452548d6fbcfb1e7cdb7237a597bd59ee86011ed4882b table="pages" seconds=4.112e-6 stage="query_runtime"
2026-09-09T20:52:03.769712Z DEBUG transparent_shard_server::service: query stage revision=be059aab39ac34125e0452548d6fbcfb1e7cdb7237a597bd59ee86011ed4882b table="pages" seconds=7.48e-5 admitted=true stage="query_memory_admission"
2026-09-09T20:52:03.769752Z DEBUG transparent_shard_server::service: query stage revision=be059aab39ac34125e0452548d6fbcfb1e7cdb7237a597bd59ee86011ed4882b table="pages" seconds=3.3524e-5 stage="query_dispatch"
2026-09-09T20:52:03.783328Z DEBUG transparent_shard_server::service: query stage revision=be059aab39ac34125e0452548d6fbcfb1e7cdb7237a597bd59ee86011ed4882b table="pages" seconds=0.013553652 stage="query_evaluate"
2026-09-09T20:52:03.790256Z DEBUG transparent_shard_server::service: query stage revision=be059aab39ac34125e0452548d6fbcfb1e7cdb7237a597bd59ee86011ed4882b table="pages" seconds=2.246e-6 stage="query_admission"
2026-09-09T20:52:03.790282Z DEBUG transparent_shard_server::service: query stage revision=be059aab39ac34125e0452548d6fbcfb1e7cdb7237a597bd59ee86011ed4882b table="pages" seconds=4.468e-6 stage="query_runtime"
2026-09-09T20:52:03.790349Z DEBUG transparent_shard_server::service: query stage revision=be059aab39ac34125e0452548d6fbcfb1e7cdb7237a597bd59ee86011ed4882b table="pages" seconds=6.3271e-5 admitted=true stage="query_memory_admission"
2026-09-09T20:52:03.790362Z DEBUG transparent_shard_server::service: query stage revision=be059aab39ac34125e0452548d6fbcfb1e7cdb7237a597bd59ee86011ed4882b table="pages" seconds=9.637e-6 stage="query_dispatch"
2026-09-09T20:52:03.802541Z DEBUG transparent_shard_server::service: query stage revision=be059aab39ac34125e0452548d6fbcfb1e7cdb7237a597bd59ee86011ed4882b table="pages" seconds=0.012172221 stage="query_evaluate"
2026-09-09T20:52:03.936955Z DEBUG transparent_shard_server::service: query stage revision=be059aab39ac34125e0452548d6fbcfb1e7cdb7237a597bd59ee86011ed4882b table="directory" seconds=2.28e-6 stage="query_admission"
2026-09-09T20:52:03.936991Z DEBUG transparent_shard_server::service: query stage revision=be059aab39ac34125e0452548d6fbcfb1e7cdb7237a597bd59ee86011ed4882b table="directory" seconds=5.277e-6 stage="query_runtime"
2026-09-09T20:52:03.937066Z DEBUG transparent_shard_server::service: query stage revision=be059aab39ac34125e0452548d6fbcfb1e7cdb7237a597bd59ee86011ed4882b table="directory" seconds=7.2506e-5 admitted=true stage="query_memory_admission"
2026-09-09T20:52:03.937115Z DEBUG transparent_shard_server::service: query stage revision=be059aab39ac34125e0452548d6fbcfb1e7cdb7237a597bd59ee86011ed4882b table="directory" seconds=4.307e-5 stage="query_dispatch"
2026-09-09T20:52:03.950929Z DEBUG transparent_shard_server::service: query stage revision=be059aab39ac34125e0452548d6fbcfb1e7cdb7237a597bd59ee86011ed4882b table="directory" seconds=0.013792999 stage="query_evaluate"
2026-09-09T20:52:03.957290Z DEBUG transparent_shard_server::service: query stage revision=be059aab39ac34125e0452548d6fbcfb1e7cdb7237a597bd59ee86011ed4882b table="directory" seconds=2.306e-6 stage="query_admission"
2026-09-09T20:52:03.957314Z DEBUG transparent_shard_server::service: query stage revision=be059aab39ac34125e0452548d6fbcfb1e7cdb7237a597bd59ee86011ed4882b table="directory" seconds=3.906e-6 stage="query_runtime"
2026-09-09T20:52:03.957380Z DEBUG transparent_shard_server::service: query stage revision=be059aab39ac34125e0452548d6fbcfb1e7cdb7237a597bd59ee86011ed4882b table="directory" seconds=6.3075e-5 admitted=true stage="query_memory_admission"
2026-09-09T20:52:03.957406Z DEBUG transparent_shard_server::service: query stage revision=be059aab39ac34125e0452548d6fbcfb1e7cdb7237a597bd59ee86011ed4882b table="directory" seconds=2.1554e-5 stage="query_dispatch"
2026-09-09T20:52:03.968708Z DEBUG transparent_shard_server::service: query stage revision=be059aab39ac34125e0452548d6fbcfb1e7cdb7237a597bd59ee86011ed4882b table="directory" seconds=0.011289399 stage="query_evaluate"
2026-09-09T20:52:03.974677Z DEBUG transparent_shard_server::runtime: construction stage geometry="recent-8k" table="pages" seconds=3.234477244 stage="pack_preprocessing"
2026-09-09T20:52:03.974961Z DEBUG transparent_shard_server::runtime: construction stage geometry="recent-8k" table="pages" seconds=0.000258055 stage="publish_parameters"
2026-09-09T20:52:03.975589Z DEBUG transparent_shard_server::runtime: runtime stage key=("268f5c527d35817d37919707b04a706c850d449156baa071b5438dbf8eb53aec", Pages, 0) seconds=4.580893232 stage="runtime_build"
2026-09-09T20:52:03.979204Z  INFO transparent_shard_server::service: prewarm finished warm=28 target=28 failed=0 seconds=4.782903171
2026-09-09T20:52:03.979280Z DEBUG transparent_shard_server::live: publication preparation stages map=12cbb58695cd66166197842d179b61598c15effb06ad32efcd899a13e36e7b10 loading_seconds=0.616114347 warming_seconds=4.7830392459999995
2026-09-09T20:52:04.105061Z DEBUG transparent_shard_server::service: query stage revision=be059aab39ac34125e0452548d6fbcfb1e7cdb7237a597bd59ee86011ed4882b table="pages" seconds=2.147e-6 stage="query_admission"
2026-09-09T20:52:04.105089Z DEBUG transparent_shard_server::service: query stage revision=be059aab39ac34125e0452548d6fbcfb1e7cdb7237a597bd59ee86011ed4882b table="pages" seconds=5.132e-6 stage="query_runtime"
2026-09-09T20:52:04.105165Z DEBUG transparent_shard_server::service: query stage revision=be059aab39ac34125e0452548d6fbcfb1e7cdb7237a597bd59ee86011ed4882b table="pages" seconds=7.2387e-5 admitted=true stage="query_memory_admission"
2026-09-09T20:52:04.105219Z DEBUG transparent_shard_server::service: query stage revision=be059aab39ac34125e0452548d6fbcfb1e7cdb7237a597bd59ee86011ed4882b table="pages" seconds=4.8476e-5 stage="query_dispatch"
2026-09-09T20:52:04.120765Z DEBUG transparent_shard_server::service: query stage revision=be059aab39ac34125e0452548d6fbcfb1e7cdb7237a597bd59ee86011ed4882b table="pages" seconds=0.015516985 stage="query_evaluate"
2026-09-09T20:52:04.126491Z DEBUG transparent_shard_server::service: query stage revision=be059aab39ac34125e0452548d6fbcfb1e7cdb7237a597bd59ee86011ed4882b table="pages" seconds=2.351e-6 stage="query_admission"
2026-09-09T20:52:04.126516Z DEBUG transparent_shard_server::service: query stage revision=be059aab39ac34125e0452548d6fbcfb1e7cdb7237a597bd59ee86011ed4882b table="pages" seconds=5.504e-6 stage="query_runtime"
2026-09-09T20:52:04.126600Z DEBUG transparent_shard_server::service: query stage revision=be059aab39ac34125e0452548d6fbcfb1e7cdb7237a597bd59ee86011ed4882b table="pages" seconds=8.0343e-5 admitted=true stage="query_memory_admission"
2026-09-09T20:52:04.126624Z DEBUG transparent_shard_server::service: query stage revision=be059aab39ac34125e0452548d6fbcfb1e7cdb7237a597bd59ee86011ed4882b table="pages" seconds=2.0085e-5 stage="query_dispatch"
2026-09-09T20:52:04.136287Z DEBUG transparent_shard_server::service: query stage revision=be059aab39ac34125e0452548d6fbcfb1e7cdb7237a597bd59ee86011ed4882b table="pages" seconds=0.009650064 stage="query_evaluate"
2026-09-09T20:52:04.290107Z DEBUG transparent_shard_server::service: query stage revision=268f5c527d35817d37919707b04a706c850d449156baa071b5438dbf8eb53aec table="directory" seconds=2.972e-6 stage="query_admission"
2026-09-09T20:52:04.290121Z DEBUG transparent_shard_server::service: query stage revision=268f5c527d35817d37919707b04a706c850d449156baa071b5438dbf8eb53aec table="directory" seconds=1.885e-6 stage="query_admission"
2026-09-09T20:52:04.290135Z DEBUG transparent_shard_server::service: query stage revision=268f5c527d35817d37919707b04a706c850d449156baa071b5438dbf8eb53aec table="directory" seconds=7.456e-6 stage="query_runtime"
2026-09-09T20:52:04.290143Z DEBUG transparent_shard_server::service: query stage revision=268f5c527d35817d37919707b04a706c850d449156baa071b5438dbf8eb53aec table="directory" seconds=4.193e-6 stage="query_runtime"
2026-09-09T20:52:04.290226Z DEBUG transparent_shard_server::service: query stage revision=268f5c527d35817d37919707b04a706c850d449156baa071b5438dbf8eb53aec table="directory" seconds=8.5392e-5 admitted=true stage="query_memory_admission"
2026-09-09T20:52:04.290254Z DEBUG transparent_shard_server::service: query stage revision=268f5c527d35817d37919707b04a706c850d449156baa071b5438dbf8eb53aec table="directory" seconds=2.2596e-5 stage="query_dispatch"
2026-09-09T20:52:04.290237Z DEBUG transparent_shard_server::service: query stage revision=268f5c527d35817d37919707b04a706c850d449156baa071b5438dbf8eb53aec table="directory" seconds=7.9344e-5 admitted=true stage="query_memory_admission"
2026-09-09T20:52:04.292952Z DEBUG transparent_shard_server::service: query stage revision=268f5c527d35817d37919707b04a706c850d449156baa071b5438dbf8eb53aec table="directory" seconds=3.1429e-5 stage="query_dispatch"
2026-09-09T20:52:04.302042Z DEBUG transparent_shard_server::service: query stage revision=268f5c527d35817d37919707b04a706c850d449156baa071b5438dbf8eb53aec table="directory" seconds=0.01177985 stage="query_evaluate"
2026-09-09T20:52:04.308030Z DEBUG transparent_shard_server::service: query stage revision=268f5c527d35817d37919707b04a706c850d449156baa071b5438dbf8eb53aec table="directory" seconds=0.015057657 stage="query_evaluate"
2026-09-09T20:52:04.496941Z DEBUG transparent_shard_server::service: query stage revision=268f5c527d35817d37919707b04a706c850d449156baa071b5438dbf8eb53aec table="pages" seconds=2.155e-6 stage="query_admission"
2026-09-09T20:52:04.496974Z DEBUG transparent_shard_server::service: query stage revision=268f5c527d35817d37919707b04a706c850d449156baa071b5438dbf8eb53aec table="pages" seconds=5.657e-6 stage="query_runtime"
2026-09-09T20:52:04.497079Z DEBUG transparent_shard_server::service: query stage revision=268f5c527d35817d37919707b04a706c850d449156baa071b5438dbf8eb53aec table="pages" seconds=0.000100225 admitted=true stage="query_memory_admission"
2026-09-09T20:52:04.497134Z DEBUG transparent_shard_server::service: query stage revision=268f5c527d35817d37919707b04a706c850d449156baa071b5438dbf8eb53aec table="pages" seconds=4.6284e-5 stage="query_dispatch"
2026-09-09T20:52:04.497227Z DEBUG transparent_shard_server::service: query stage revision=268f5c527d35817d37919707b04a706c850d449156baa071b5438dbf8eb53aec table="pages" seconds=1.357e-6 stage="query_admission"
2026-09-09T20:52:04.497260Z DEBUG transparent_shard_server::service: query stage revision=268f5c527d35817d37919707b04a706c850d449156baa071b5438dbf8eb53aec table="pages" seconds=3.995e-6 stage="query_runtime"
2026-09-09T20:52:04.497297Z DEBUG transparent_shard_server::service: query stage revision=268f5c527d35817d37919707b04a706c850d449156baa071b5438dbf8eb53aec table="pages" seconds=3.4134e-5 admitted=true stage="query_memory_admission"
2026-09-09T20:52:04.497313Z DEBUG transparent_shard_server::service: query stage revision=268f5c527d35817d37919707b04a706c850d449156baa071b5438dbf8eb53aec table="pages" seconds=1.1596e-5 stage="query_dispatch"
2026-09-09T20:52:04.514283Z DEBUG transparent_shard_server::service: query stage revision=268f5c527d35817d37919707b04a706c850d449156baa071b5438dbf8eb53aec table="pages" seconds=0.01696253 stage="query_evaluate"
2026-09-09T20:52:04.514954Z DEBUG transparent_shard_server::service: query stage revision=268f5c527d35817d37919707b04a706c850d449156baa071b5438dbf8eb53aec table="pages" seconds=0.017798579 stage="query_evaluate"
2026-09-09T20:52:04.657583Z DEBUG transparent_shard_server::runtime: runtime stage key=("268f5c527d35817d37919707b04a706c850d449156baa071b5438dbf8eb53aec", Pages, 0) seconds=0.681950121 stage="disk_save"
2026-09-09T20:52:04.666987Z DEBUG transparent_shard_server::service: query stage revision=268f5c527d35817d37919707b04a706c850d449156baa071b5438dbf8eb53aec table="directory" seconds=2.84e-6 stage="query_admission"
2026-09-09T20:52:04.667022Z DEBUG transparent_shard_server::service: query stage revision=268f5c527d35817d37919707b04a706c850d449156baa071b5438dbf8eb53aec table="directory" seconds=6.517e-6 stage="query_runtime"
2026-09-09T20:52:04.667088Z DEBUG transparent_shard_server::service: query stage revision=268f5c527d35817d37919707b04a706c850d449156baa071b5438dbf8eb53aec table="directory" seconds=5.0972e-5 admitted=true stage="query_memory_admission"
2026-09-09T20:52:04.667203Z DEBUG transparent_shard_server::service: query stage revision=268f5c527d35817d37919707b04a706c850d449156baa071b5438dbf8eb53aec table="directory" seconds=0.00011038 stage="query_dispatch"
2026-09-09T20:52:04.667324Z DEBUG transparent_shard_server::service: query stage revision=268f5c527d35817d37919707b04a706c850d449156baa071b5438dbf8eb53aec table="directory" seconds=1.435e-6 stage="query_admission"
2026-09-09T20:52:04.667334Z DEBUG transparent_shard_server::service: query stage revision=268f5c527d35817d37919707b04a706c850d449156baa071b5438dbf8eb53aec table="directory" seconds=2.567e-6 stage="query_runtime"
2026-09-09T20:52:04.667372Z DEBUG transparent_shard_server::service: query stage revision=268f5c527d35817d37919707b04a706c850d449156baa071b5438dbf8eb53aec table="directory" seconds=3.5627e-5 admitted=true stage="query_memory_admission"
2026-09-09T20:52:04.667401Z DEBUG transparent_shard_server::service: query stage revision=268f5c527d35817d37919707b04a706c850d449156baa071b5438dbf8eb53aec table="directory" seconds=2.538e-5 stage="query_dispatch"
2026-09-09T20:52:04.683726Z DEBUG transparent_shard_server::service: query stage revision=268f5c527d35817d37919707b04a706c850d449156baa071b5438dbf8eb53aec table="directory" seconds=0.016498107 stage="query_evaluate"
2026-09-09T20:52:04.683730Z DEBUG transparent_shard_server::service: query stage revision=268f5c527d35817d37919707b04a706c850d449156baa071b5438dbf8eb53aec table="directory" seconds=0.016324412 stage="query_evaluate"
test burst::publication_burst_under_exact_load ... ok

test result: ok. 1 passed; 0 failed; 0 ignored; 0 measured; 16 filtered out; finished in 71.70s

Finished with result: success
Main processes terminated with: code=exited/status=0
Service runtime: 1min 11.785s
CPU time consumed: 3min 46.786s
Memory peak: 260.0K
Memory swap peak: 0B
