   Compiling clang-sys v1.9.1
   Compiling zcash_encoding v0.4.0
   Compiling ripemd v0.2.0-pre.4
   Compiling hmac v0.13.0-pre.4
   Compiling sha2 v0.11.0-pre.4
   Compiling cbc v0.1.2
   Compiling memchr v2.8.0
   Compiling zakura-halo2-legacy-pdqsort v1.0.1
   Compiling minimal-lexical v0.2.1
   Compiling bip32 v0.6.0-pre.1
   Compiling nom v7.1.3
   Compiling zakura-halo2-proofs v1.0.1
   Compiling fpe v0.6.1
   Compiling zcash_protocol v0.10.5
   Compiling curve25519-dalek v4.1.3
   Compiling darling_macro v0.23.0
   Compiling zcash_note_encryption v0.4.2
   Compiling zakura-halo2-poseidon v1.0.1
   Compiling zakura-sinsemilla v1.0.1
   Compiling aes v0.8.4
   Compiling f4jumble v0.1.1
   Compiling blake2s_simd v1.0.5
   Compiling bounded-vec v0.9.0
   Compiling incrementalmerkletree v0.8.2
   Compiling ripemd v0.1.3
   Compiling curve25519-dalek-derive v0.1.1
   Compiling equihash v0.3.0
   Compiling allocator-api2 v0.2.21
   Compiling rustc-hex v2.1.0
   Compiling equivalent v1.0.2
   Compiling ref-cast v1.0.27
   Compiling bindgen v0.72.1
   Compiling foldhash v0.2.0
   Compiling prost v0.13.5
   Compiling hashbrown v0.16.1
   Compiling fixed-hash v0.8.0
   Compiling zakura-halo2-gadgets v1.0.1
   Compiling zcash_script v0.4.5
   Compiling zakura-bellman v1.0.1
   Compiling zcash_address v0.13.0
   Compiling darling v0.23.0
   Compiling cexpr v0.6.0
   Compiling getrandom v0.4.2
   Compiling uint v0.9.5
   Compiling zakura-redjubjub v1.0.1
   Compiling serde_derive_internals v0.30.0
   Compiling ref-cast-impl v1.0.27
   Compiling itertools v0.13.0
   Compiling lz4-sys v1.11.1+lz4-1.10.0
   Compiling option-ext v0.2.0
   Compiling rustc-hash v2.1.2
   Compiling signature v2.2.0
   Compiling ed25519 v2.2.3
   Compiling tempfile v3.27.0
   Compiling dirs-sys v0.5.0
   Compiling schemars_derive v1.2.2
   Compiling zakura-sapling-crypto v1.0.1
   Compiling primitive-types v0.12.2
   Compiling serde_with_macros v3.22.0
   Compiling zakura-orchard v1.0.1
   Compiling zcash_transparent v0.10.0
   Compiling prost-types v0.13.5
   Compiling prettyplease v0.2.37
   Compiling strum_macros v0.27.2
   Compiling futures-executor v0.3.32
   Compiling iana-time-zone v0.1.65
   Compiling dyn-clone v1.0.20
   Compiling prost-build v0.13.5
   Compiling schemars v1.2.2
   Compiling strum v0.27.2
   Compiling chrono v0.4.45
   Compiling futures v0.3.32
   Compiling zakura-primitives v1.0.1
   Compiling serde_with v3.22.0
   Compiling zcash_history v0.5.0
   Compiling librocksdb-sys v0.17.3+10.4.2
   Compiling dirs v6.0.0
   Compiling ed25519-zebra v4.2.0
   Compiling x25519-dalek v2.0.1
   Compiling uint v0.10.1
   Compiling bitflags-serde-legacy v0.1.1
   Compiling itertools v0.14.0
   Compiling serde-big-array v0.5.1
   Compiling pin-project-internal v1.1.13
   Compiling derive-getters v0.5.0
   Compiling syn v1.0.109
   Compiling rustix v0.38.44
   Compiling zakura-chain v6.0.0 (https://github.com/zakura-core/zakura.git?rev=1faf150fc3648aae22c55a6b30f8f5a9b9ce934e#1faf150f)
   Compiling pin-project v1.1.13
   Compiling transparent-blocks v0.1.0 (/root/wallet-pir-v10-build-8e69ea75/transparent/crates/transparent-blocks)
   Compiling tokio-util v0.7.19
   Compiling rlimit v0.10.2
   Compiling procfs v0.16.0
   Compiling linux-raw-sys v0.4.15
   Compiling tower v0.4.13
error: failed to run custom build command for `transparent-blocks v0.1.0 (/root/wallet-pir-v10-build-8e69ea75/transparent/crates/transparent-blocks)`

Caused by:
  process didn't exit successfully: `/tmp/wallet-pir-v10-production-target/release/build/transparent-blocks-f2976ace8c3dcd3a/build-script-build` (exit status: 101)
  --- stdout
  cargo:rerun-if-changed=compact_formats.proto

  --- stderr

  thread 'main' (998511) panicked at transparent/crates/transparent-blocks/build.rs:4:10:
  compile pinned compact schema: Custom { kind: NotFound, error: "Could not find `protoc`. If `protoc` is installed, try setting the `PROTOC` environment variable to the path of the `protoc` binary. To install it on Debian, run `apt-get install protobuf-compiler`. It is also available at https://github.com/protocolbuffers/protobuf/releases  For more information: https://docs.rs/prost-build/#sourcing-protoc" }
  note: run with `RUST_BACKTRACE=1` environment variable to display a backtrace
warning: build failed, waiting for other jobs to finish...
warning: librocksdb-sys@0.17.3+10.4.2: In file included from rocksdb/util/crc32c.cc:52:
warning: librocksdb-sys@0.17.3+10.4.2: In function '__m128i _mm_clmulepi64_si128(__m128i, __m128i, int)',
warning: librocksdb-sys@0.17.3+10.4.2:     inlined from 'uint64_t rocksdb::crc32c::CombineCRC(size_t, uint64_t, uint64_t, uint64_t, const uint64_t*)' at rocksdb/util/crc32c.cc:553:41,
warning: librocksdb-sys@0.17.3+10.4.2:     inlined from 'uint32_t rocksdb::crc32c::crc32c_3way(uint32_t, const char*, size_t)' at rocksdb/util/crc32c.cc:995:32:
warning: librocksdb-sys@0.17.3+10.4.2: /usr/lib/gcc/x86_64-linux-gnu/13/include/wmmintrin.h:118:10: error: '__builtin_ia32_pclmulqdq128' needs isa option -mpclmul -msse2
warning: librocksdb-sys@0.17.3+10.4.2:   118 |   return (__m128i) __builtin_ia32_pclmulqdq128 ((__v2di)__X,
warning: librocksdb-sys@0.17.3+10.4.2:       |          ^~~~~~~~~~~~~~~~~~~~~~~~~~~~~~~~~~~~~~~~~~~~~~~~~~~
warning: librocksdb-sys@0.17.3+10.4.2:   119 |                                                 (__v2di)__Y, __I);
warning: librocksdb-sys@0.17.3+10.4.2:       |                                                 ~~~~~~~~~~~~~~~~~
warning: librocksdb-sys@0.17.3+10.4.2: In function '__m128i _mm_clmulepi64_si128(__m128i, __m128i, int)',
warning: librocksdb-sys@0.17.3+10.4.2:     inlined from 'uint64_t rocksdb::crc32c::CombineCRC(size_t, uint64_t, uint64_t, uint64_t, const uint64_t*)' at rocksdb/util/crc32c.cc:555:41,
warning: librocksdb-sys@0.17.3+10.4.2:     inlined from 'uint32_t rocksdb::crc32c::crc32c_3way(uint32_t, const char*, size_t)' at rocksdb/util/crc32c.cc:995:32:
warning: librocksdb-sys@0.17.3+10.4.2: /usr/lib/gcc/x86_64-linux-gnu/13/include/wmmintrin.h:118:10: error: '__builtin_ia32_pclmulqdq128' needs isa option -mpclmul -msse2
warning: librocksdb-sys@0.17.3+10.4.2:   118 |   return (__m128i) __builtin_ia32_pclmulqdq128 ((__v2di)__X,
warning: librocksdb-sys@0.17.3+10.4.2:       |          ^~~~~~~~~~~~~~~~~~~~~~~~~~~~~~~~~~~~~~~~~~~~~~~~~~~
warning: librocksdb-sys@0.17.3+10.4.2:   119 |                                                 (__v2di)__Y, __I);
warning: librocksdb-sys@0.17.3+10.4.2:       |                                                 ~~~~~~~~~~~~~~~~~
warning: librocksdb-sys@0.17.3+10.4.2: ToolExecError: command did not execute successfully (status code exit status: 1): LC_ALL="C" "c++" "-O3" "-ffunction-sections" "-fdata-sections" "-fPIC" "-m64" "-I" "rocksdb/include/" "-I" "rocksdb/" "-I" "rocksdb/third-party/gtest-1.8.1/fused-src/" "-I" "/tmp/wallet-pir-v10-production-target/release/build/lz4-sys-d1aba679ab0d3d55/out/include" "-I" "." "-Wall" "-Wextra" "-std=c++17" "-Wsign-compare" "-Wshadow" "-Wno-unused-parameter" "-Wno-unused-variable" "-Woverloaded-virtual" "-Wnon-virtual-dtor" "-Wno-missing-field-initializers" "-Wno-strict-aliasing" "-Wno-invalid-offsetof" "-msse2" "-msse4.1" "-msse4.2" "-mavx2" "-mbmi" "-mlzcnt" "-std=c++17" "-DLZ4=1" "-DNDEBUG=1" "-DOS_LINUX" "-DROCKSDB_PLATFORM_POSIX" "-DROCKSDB_LIB_IO_POSIX" "-DROCKSDB_SCHED_GETCPU_PRESENT" "-DROCKSDB_SUPPORT_THREAD_LOCAL" "-o" "/tmp/wallet-pir-v10-production-target/release/build/librocksdb-sys-de704949ea0a80f7/out/3b2529d97c048fcf-crc32c.o" "-c" "rocksdb/util/crc32c.cc"cargo:rerun-if-env-changed=CXX_x86_64-unknown-linux-gnu
error: failed to run custom build command for `librocksdb-sys v0.17.3+10.4.2`

Caused by:
  process didn't exit successfully: `/tmp/wallet-pir-v10-production-target/release/build/librocksdb-sys-62e7db6d0cc2d328/build-script-build` (exit status: 1)
  --- stdout
  cargo:rerun-if-env-changed=ROCKSDB_COMPILE
  cargo:rerun-if-env-changed=ROCKSDB_LIB_DIR
  cargo:rerun-if-env-changed=ROCKSDB_STATIC
  cargo:rerun-if-changed=rocksdb/
  cargo:rerun-if-env-changed=CC_FORCE_DISABLE
  CC_FORCE_DISABLE = None
  cargo:rerun-if-env-changed=CXX_x86_64-unknown-linux-gnu
  CXX_x86_64-unknown-linux-gnu = None
  cargo:rerun-if-env-changed=CXX_x86_64_unknown_linux_gnu
  CXX_x86_64_unknown_linux_gnu = None
  cargo:rerun-if-env-changed=HOST_CXX
  HOST_CXX = None
  cargo:rerun-if-env-changed=CXX
  CXX = None
  cargo:rerun-if-env-changed=CC_ENABLE_DEBUG_OUTPUT
  cargo:rerun-if-env-changed=CRATE_CC_NO_DEFAULTS
  CRATE_CC_NO_DEFAULTS = None
  cargo:rerun-if-env-changed=CXXFLAGS
  CXXFLAGS = None
  cargo:rerun-if-env-changed=HOST_CXXFLAGS
  HOST_CXXFLAGS = None
  cargo:rerun-if-env-changed=CXXFLAGS_x86_64_unknown_linux_gnu
  CXXFLAGS_x86_64_unknown_linux_gnu = None
  cargo:rerun-if-env-changed=CXXFLAGS_x86_64-unknown-linux-gnu
  CXXFLAGS_x86_64-unknown-linux-gnu = None
  cargo:rerun-if-env-changed=CC_ENABLE_DEBUG_OUTPUT
  cargo:rerun-if-env-changed=CRATE_CC_NO_DEFAULTS
  CRATE_CC_NO_DEFAULTS = None
  cargo:rerun-if-env-changed=CXXFLAGS
  CXXFLAGS = None
  cargo:rerun-if-env-changed=HOST_CXXFLAGS
  HOST_CXXFLAGS = None
  cargo:rerun-if-env-changed=CXXFLAGS_x86_64_unknown_linux_gnu
  CXXFLAGS_x86_64_unknown_linux_gnu = None
  cargo:rerun-if-env-changed=CXXFLAGS_x86_64-unknown-linux-gnu
  CXXFLAGS_x86_64-unknown-linux-gnu = None
  cargo:rerun-if-env-changed=CC_ENABLE_DEBUG_OUTPUT
  cargo:rerun-if-env-changed=CRATE_CC_NO_DEFAULTS
  CRATE_CC_NO_DEFAULTS = None
  cargo:rerun-if-env-changed=CXXFLAGS
  CXXFLAGS = None
  cargo:rerun-if-env-changed=HOST_CXXFLAGS
  HOST_CXXFLAGS = None
  cargo:rerun-if-env-changed=CXXFLAGS_x86_64_unknown_linux_gnu
  CXXFLAGS_x86_64_unknown_linux_gnu = None
  cargo:rerun-if-env-changed=CXXFLAGS_x86_64-unknown-linux-gnu
  CXXFLAGS_x86_64-unknown-linux-gnu = None
  cargo:rerun-if-env-changed=CC_ENABLE_DEBUG_OUTPUT
  cargo:rerun-if-env-changed=CRATE_CC_NO_DEFAULTS
  CRATE_CC_NO_DEFAULTS = None
  cargo:rerun-if-env-changed=CXXFLAGS
  CXXFLAGS = None
  cargo:rerun-if-env-changed=HOST_CXXFLAGS
  HOST_CXXFLAGS = None
  cargo:rerun-if-env-changed=CXXFLAGS_x86_64_unknown_linux_gnu
  CXXFLAGS_x86_64_unknown_linux_gnu = None
  cargo:rerun-if-env-changed=CXXFLAGS_x86_64-unknown-linux-gnu
  CXXFLAGS_x86_64-unknown-linux-gnu = None
  cargo:rerun-if-env-changed=CC_ENABLE_DEBUG_OUTPUT
  cargo:rerun-if-env-changed=CRATE_CC_NO_DEFAULTS
  CRATE_CC_NO_DEFAULTS = None
  cargo:rerun-if-env-changed=CXXFLAGS
  CXXFLAGS = None
  cargo:rerun-if-env-changed=HOST_CXXFLAGS
  HOST_CXXFLAGS = None
  cargo:rerun-if-env-changed=CXXFLAGS_x86_64_unknown_linux_gnu
  CXXFLAGS_x86_64_unknown_linux_gnu = None
  cargo:rerun-if-env-changed=CXXFLAGS_x86_64-unknown-linux-gnu
  CXXFLAGS_x86_64-unknown-linux-gnu = None
  cargo:rerun-if-env-changed=CC_ENABLE_DEBUG_OUTPUT
  cargo:rerun-if-env-changed=CRATE_CC_NO_DEFAULTS
  CRATE_CC_NO_DEFAULTS = None
  cargo:rerun-if-env-changed=CXXFLAGS
  CXXFLAGS = None
  cargo:rerun-if-env-changed=HOST_CXXFLAGS
  HOST_CXXFLAGS = None
  cargo:rerun-if-env-changed=CXXFLAGS_x86_64_unknown_linux_gnu
  CXXFLAGS_x86_64_unknown_linux_gnu = None
  cargo:rerun-if-env-changed=CXXFLAGS_x86_64-unknown-linux-gnu
  CXXFLAGS_x86_64-unknown-linux-gnu = None
  cargo:rerun-if-env-changed=CC_ENABLE_DEBUG_OUTPUT
  cargo:rerun-if-env-changed=CRATE_CC_NO_DEFAULTS
  CRATE_CC_NO_DEFAULTS = None
  cargo:rerun-if-env-changed=CXXFLAGS
  CXXFLAGS = None
  cargo:rerun-if-env-changed=HOST_CXXFLAGS
  HOST_CXXFLAGS = None
  cargo:rerun-if-env-changed=CXXFLAGS_x86_64_unknown_linux_gnu
  CXXFLAGS_x86_64_unknown_linux_gnu = None
  cargo:rerun-if-env-changed=CXXFLAGS_x86_64-unknown-linux-gnu
  CXXFLAGS_x86_64-unknown-linux-gnu = None
  cargo:rerun-if-env-changed=CC_ENABLE_DEBUG_OUTPUT
  cargo:rerun-if-env-changed=CRATE_CC_NO_DEFAULTS
  CRATE_CC_NO_DEFAULTS = None
  cargo:rerun-if-env-changed=CXXFLAGS
  CXXFLAGS = None
  cargo:rerun-if-env-changed=HOST_CXXFLAGS
  HOST_CXXFLAGS = None
  cargo:rerun-if-env-changed=CXXFLAGS_x86_64_unknown_linux_gnu
  CXXFLAGS_x86_64_unknown_linux_gnu = None
  cargo:rerun-if-env-changed=CXXFLAGS_x86_64-unknown-linux-gnu
  CXXFLAGS_x86_64-unknown-linux-gnu = None
  cargo:rerun-if-env-changed=CXX_x86_64-unknown-linux-gnu
  CXX_x86_64-unknown-linux-gnu = None
  cargo:rerun-if-env-changed=CXX_x86_64_unknown_linux_gnu
  CXX_x86_64_unknown_linux_gnu = None
  cargo:rerun-if-env-changed=HOST_CXX
  HOST_CXX = None
  cargo:rerun-if-env-changed=CXX
  CXX = None
  cargo:rerun-if-env-changed=CRATE_CC_NO_DEFAULTS
  CRATE_CC_NO_DEFAULTS = None
  cargo:rerun-if-env-changed=CXXFLAGS
  CXXFLAGS = None
  cargo:rerun-if-env-changed=HOST_CXXFLAGS
  HOST_CXXFLAGS = None
  cargo:rerun-if-env-changed=CXXFLAGS_x86_64_unknown_linux_gnu
  CXXFLAGS_x86_64_unknown_linux_gnu = None
  cargo:rerun-if-env-changed=CXXFLAGS_x86_64-unknown-linux-gnu
  CXXFLAGS_x86_64-unknown-linux-gnu = None
  cargo:rerun-if-env-changed=CXX_x86_64-unknown-linux-gnu
  CXX_x86_64-unknown-linux-gnu = None
  cargo:rerun-if-env-changed=CXX_x86_64_unknown_linux_gnu
  CXX_x86_64_unknown_linux_gnu = None
  cargo:rerun-if-env-changed=HOST_CXX
  HOST_CXX = None
  cargo:rerun-if-env-changed=CXX
  CXX = None
  cargo:rerun-if-env-changed=CRATE_CC_NO_DEFAULTS
  CRATE_CC_NO_DEFAULTS = None
  cargo:rerun-if-env-changed=CXXFLAGS
  CXXFLAGS = None
  cargo:rerun-if-env-changed=HOST_CXXFLAGS
  HOST_CXXFLAGS = None
  cargo:rerun-if-env-changed=CXXFLAGS_x86_64_unknown_linux_gnu
  CXXFLAGS_x86_64_unknown_linux_gnu = None
  cargo:rerun-if-env-changed=CXXFLAGS_x86_64-unknown-linux-gnu
  CXXFLAGS_x86_64-unknown-linux-gnu = None
  cargo:rerun-if-env-changed=CXX_x86_64-unknown-linux-gnu
  CXX_x86_64-unknown-linux-gnu = None
  cargo:rerun-if-env-changed=CXX_x86_64_unknown_linux_gnu
  CXX_x86_64_unknown_linux_gnu = None
  cargo:rerun-if-env-changed=HOST_CXX
  HOST_CXX = None
  cargo:rerun-if-env-changed=CXX
  CXX = None
  cargo:rerun-if-env-changed=CRATE_CC_NO_DEFAULTS
  CRATE_CC_NO_DEFAULTS = None
  cargo:rerun-if-env-changed=CXXFLAGS
  CXXFLAGS = None
  cargo:rerun-if-env-changed=HOST_CXXFLAGS
  HOST_CXXFLAGS = None
  cargo:rerun-if-env-changed=CXXFLAGS_x86_64_unknown_linux_gnu
  CXXFLAGS_x86_64_unknown_linux_gnu = None
  cargo:rerun-if-env-changed=CXXFLAGS_x86_64-unknown-linux-gnu
  CXXFLAGS_x86_64-unknown-linux-gnu = None
  cargo:rerun-if-env-changed=CXX_x86_64-unknown-linux-gnu
  CXX_x86_64-unknown-linux-gnu = None
  cargo:rerun-if-env-changed=CXX_x86_64_unknown_linux_gnu
  CXX_x86_64_unknown_linux_gnu = None
  cargo:rerun-if-env-changed=HOST_CXX
  HOST_CXX = None
  cargo:rerun-if-env-changed=CXX
  CXX = None
  cargo:rerun-if-env-changed=CRATE_CC_NO_DEFAULTS
  CRATE_CC_NO_DEFAULTS = None
  cargo:rerun-if-env-changed=CXXFLAGS
  CXXFLAGS = None
  cargo:rerun-if-env-changed=HOST_CXXFLAGS
  HOST_CXXFLAGS = None
  cargo:rerun-if-env-changed=CXXFLAGS_x86_64_unknown_linux_gnu
  CXXFLAGS_x86_64_unknown_linux_gnu = None
  cargo:rerun-if-env-changed=CXXFLAGS_x86_64-unknown-linux-gnu
  CXXFLAGS_x86_64-unknown-linux-gnu = None
  cargo:rerun-if-env-changed=CXX_x86_64-unknown-linux-gnu
  CXX_x86_64-unknown-linux-gnu = None
  cargo:rerun-if-env-changed=CXX_x86_64_unknown_linux_gnu
  CXX_x86_64_unknown_linux_gnu = None
  cargo:rerun-if-env-changed=HOST_CXX
  HOST_CXX = None
  cargo:rerun-if-env-changed=CXX
  CXX = None
  cargo:rerun-if-env-changed=CRATE_CC_NO_DEFAULTS
  CRATE_CC_NO_DEFAULTS = None
  cargo:rerun-if-env-changed=CXXFLAGS
  CXXFLAGS = None
  cargo:rerun-if-env-changed=HOST_CXXFLAGS
  HOST_CXXFLAGS = None
  cargo:rerun-if-env-changed=CXXFLAGS_x86_64_unknown_linux_gnu
  CXXFLAGS_x86_64_unknown_linux_gnu = None
  cargo:rerun-if-env-changed=CXXFLAGS_x86_64-unknown-linux-gnu
  CXXFLAGS_x86_64-unknown-linux-gnu = None
  cargo:rerun-if-env-changed=CXX_x86_64-unknown-linux-gnu
  CXX_x86_64-unknown-linux-gnu = None
  cargo:rerun-if-env-changed=CXX_x86_64_unknown_linux_gnu
  CXX_x86_64_unknown_linux_gnu = None
  cargo:rerun-if-env-changed=HOST_CXX
  HOST_CXX = None
  cargo:rerun-if-env-changed=CXX
  CXX = None
  cargo:rerun-if-env-changed=CRATE_CC_NO_DEFAULTS
  CRATE_CC_NO_DEFAULTS = None
  cargo:rerun-if-env-changed=CXXFLAGS
  CXXFLAGS = None
  cargo:rerun-if-env-changed=HOST_CXXFLAGS
  HOST_CXXFLAGS = None
  cargo:rerun-if-env-changed=CXXFLAGS_x86_64_unknown_linux_gnu
  CXXFLAGS_x86_64_unknown_linux_gnu = None
  cargo:rerun-if-env-changed=CXXFLAGS_x86_64-unknown-linux-gnu
  CXXFLAGS_x86_64-unknown-linux-gnu = None
  cargo:rerun-if-env-changed=CXX_x86_64-unknown-linux-gnu
  CXX_x86_64-unknown-linux-gnu = None
  cargo:rerun-if-env-changed=CXX_x86_64_unknown_linux_gnu
  CXX_x86_64_unknown_linux_gnu = None
  cargo:rerun-if-env-changed=HOST_CXX
  HOST_CXX = None
  cargo:rerun-if-env-changed=CXX
  CXX = None
  cargo:rerun-if-env-changed=CRATE_CC_NO_DEFAULTS
  CRATE_CC_NO_DEFAULTS = None
  cargo:rerun-if-env-changed=CXXFLAGS
  CXXFLAGS = None
  cargo:rerun-if-env-changed=HOST_CXXFLAGS
  HOST_CXXFLAGS = None
  cargo:rerun-if-env-changed=CXXFLAGS_x86_64_unknown_linux_gnu
  CXXFLAGS_x86_64_unknown_linux_gnu = None
  cargo:rerun-if-env-changed=CXXFLAGS_x86_64-unknown-linux-gnu
  CXXFLAGS_x86_64-unknown-linux-gnu = None
  cargo:rerun-if-env-changed=CXX_x86_64-unknown-linux-gnu
  CXX_x86_64-unknown-linux-gnu = None
  cargo:rerun-if-env-changed=CXX_x86_64_unknown_linux_gnu
  CXX_x86_64_unknown_linux_gnu = None
  cargo:rerun-if-env-changed=HOST_CXX
  HOST_CXX = None
  cargo:rerun-if-env-changed=CXX
  CXX = None
  cargo:rerun-if-env-changed=CRATE_CC_NO_DEFAULTS
  CRATE_CC_NO_DEFAULTS = None
  cargo:rerun-if-env-changed=CXXFLAGS
  CXXFLAGS = None
  cargo:rerun-if-env-changed=HOST_CXXFLAGS
  HOST_CXXFLAGS = None
  cargo:rerun-if-env-changed=CXXFLAGS_x86_64_unknown_linux_gnu
  CXXFLAGS_x86_64_unknown_linux_gnu = None
  cargo:rerun-if-env-changed=CXXFLAGS_x86_64-unknown-linux-gnu
  CXXFLAGS_x86_64-unknown-linux-gnu = None
  cargo:rerun-if-env-changed=CXX_x86_64-unknown-linux-gnu
  CXX_x86_64-unknown-linux-gnu = None
  cargo:rerun-if-env-changed=CXX_x86_64_unknown_linux_gnu
  CXX_x86_64_unknown_linux_gnu = None
  cargo:rerun-if-env-changed=HOST_CXX
  HOST_CXX = None
  cargo:rerun-if-env-changed=CXX
  CXX = None
  cargo:rerun-if-env-changed=CRATE_CC_NO_DEFAULTS
  CRATE_CC_NO_DEFAULTS = None
  cargo:rerun-if-env-changed=CXXFLAGS
  CXXFLAGS = None
  cargo:rerun-if-env-changed=HOST_CXXFLAGS
  HOST_CXXFLAGS = None
  cargo:rerun-if-env-changed=CXXFLAGS_x86_64_unknown_linux_gnu
  CXXFLAGS_x86_64_unknown_linux_gnu = None
  cargo:rerun-if-env-changed=CXXFLAGS_x86_64-unknown-linux-gnu
  CXXFLAGS_x86_64-unknown-linux-gnu = None
  cargo:rerun-if-env-changed=CXX_x86_64-unknown-linux-gnu
  CXX_x86_64-unknown-linux-gnu = None
  cargo:rerun-if-env-changed=CXX_x86_64_unknown_linux_gnu
  CXX_x86_64_unknown_linux_gnu = None
  cargo:rerun-if-env-changed=HOST_CXX
  HOST_CXX = None
  cargo:rerun-if-env-changed=CXX
  CXX = None
  cargo:rerun-if-env-changed=CRATE_CC_NO_DEFAULTS
  CRATE_CC_NO_DEFAULTS = None
  cargo:rerun-if-env-changed=CXXFLAGS
  CXXFLAGS = None
  cargo:rerun-if-env-changed=HOST_CXXFLAGS
  HOST_CXXFLAGS = None
  cargo:rerun-if-env-changed=CXXFLAGS_x86_64_unknown_linux_gnu
  CXXFLAGS_x86_64_unknown_linux_gnu = None
  cargo:rerun-if-env-changed=CXXFLAGS_x86_64-unknown-linux-gnu
  CXXFLAGS_x86_64-unknown-linux-gnu = None
  exit status: 0
  exit status: 0
  exit status: 0
  exit status: 0
  exit status: 0
  exit status: 0
  exit status: 0
  exit status: 0
  cargo:rerun-if-env-changed=CXX_x86_64-unknown-linux-gnu
  CXX_x86_64-unknown-linux-gnu = None
  cargo:rerun-if-env-changed=CXX_x86_64_unknown_linux_gnu
  CXX_x86_64_unknown_linux_gnu = None
  cargo:rerun-if-env-changed=HOST_CXX
  HOST_CXX = None
  cargo:rerun-if-env-changed=CXX
  CXX = None
  cargo:rerun-if-env-changed=CRATE_CC_NO_DEFAULTS
  CRATE_CC_NO_DEFAULTS = None
  cargo:rerun-if-env-changed=CXXFLAGS
  CXXFLAGS = None
  cargo:rerun-if-env-changed=HOST_CXXFLAGS
  HOST_CXXFLAGS = None
  cargo:rerun-if-env-changed=CXXFLAGS_x86_64_unknown_linux_gnu
  CXXFLAGS_x86_64_unknown_linux_gnu = None
  cargo:rerun-if-env-changed=CXXFLAGS_x86_64-unknown-linux-gnu
  CXXFLAGS_x86_64-unknown-linux-gnu = None
  cargo:rerun-if-env-changed=CXX_x86_64-unknown-linux-gnu
  CXX_x86_64-unknown-linux-gnu = None
  cargo:rerun-if-env-changed=CXX_x86_64_unknown_linux_gnu
  CXX_x86_64_unknown_linux_gnu = None
  cargo:rerun-if-env-changed=HOST_CXX
  HOST_CXX = None
  cargo:rerun-if-env-changed=CXX
  CXX = None
  cargo:rerun-if-env-changed=CRATE_CC_NO_DEFAULTS
  CRATE_CC_NO_DEFAULTS = None
  cargo:rerun-if-env-changed=CXXFLAGS
  CXXFLAGS = None
  cargo:rerun-if-env-changed=HOST_CXXFLAGS
  HOST_CXXFLAGS = None
  cargo:rerun-if-env-changed=CXXFLAGS_x86_64_unknown_linux_gnu
  CXXFLAGS_x86_64_unknown_linux_gnu = None
  cargo:rerun-if-env-changed=CXXFLAGS_x86_64-unknown-linux-gnu
  CXXFLAGS_x86_64-unknown-linux-gnu = None
  cargo:rerun-if-env-changed=CXX_x86_64-unknown-linux-gnu
  CXX_x86_64-unknown-linux-gnu = None
  cargo:rerun-if-env-changed=CXX_x86_64_unknown_linux_gnu
  CXX_x86_64_unknown_linux_gnu = None
  cargo:rerun-if-env-changed=HOST_CXX
  HOST_CXX = None
  cargo:rerun-if-env-changed=CXX
  CXX = None
  cargo:rerun-if-env-changed=CRATE_CC_NO_DEFAULTS
  CRATE_CC_NO_DEFAULTS = None
  cargo:rerun-if-env-changed=CXXFLAGS
  CXXFLAGS = None
  cargo:rerun-if-env-changed=HOST_CXXFLAGS
  HOST_CXXFLAGS = None
  cargo:rerun-if-env-changed=CXXFLAGS_x86_64_unknown_linux_gnu
  CXXFLAGS_x86_64_unknown_linux_gnu = None
  cargo:rerun-if-env-changed=CXXFLAGS_x86_64-unknown-linux-gnu
  CXXFLAGS_x86_64-unknown-linux-gnu = None
  cargo:rerun-if-env-changed=CXX_x86_64-unknown-linux-gnu
  CXX_x86_64-unknown-linux-gnu = None
  cargo:rerun-if-env-changed=CXX_x86_64_unknown_linux_gnu
  CXX_x86_64_unknown_linux_gnu = None
  cargo:rerun-if-env-changed=HOST_CXX
  HOST_CXX = None
  cargo:rerun-if-env-changed=CXX
  CXX = None
  cargo:rerun-if-env-changed=CRATE_CC_NO_DEFAULTS
  CRATE_CC_NO_DEFAULTS = None
  cargo:rerun-if-env-changed=CXXFLAGS
  CXXFLAGS = None
  cargo:rerun-if-env-changed=HOST_CXXFLAGS
  HOST_CXXFLAGS = None
  cargo:rerun-if-env-changed=CXXFLAGS_x86_64_unknown_linux_gnu
  CXXFLAGS_x86_64_unknown_linux_gnu = None
  cargo:rerun-if-env-changed=CXXFLAGS_x86_64-unknown-linux-gnu
  CXXFLAGS_x86_64-unknown-linux-gnu = None
  cargo:rerun-if-env-changed=CXX_x86_64-unknown-linux-gnu
  CXX_x86_64-unknown-linux-gnu = None
  cargo:rerun-if-env-changed=CXX_x86_64_unknown_linux_gnu
  CXX_x86_64_unknown_linux_gnu = None
  cargo:rerun-if-env-changed=HOST_CXX
  HOST_CXX = None
  cargo:rerun-if-env-changed=CXX
  CXX = None
  cargo:rerun-if-env-changed=CRATE_CC_NO_DEFAULTS
  CRATE_CC_NO_DEFAULTS = None
  cargo:rerun-if-env-changed=CXXFLAGS
  CXXFLAGS = None
  cargo:rerun-if-env-changed=HOST_CXXFLAGS
  HOST_CXXFLAGS = None
  cargo:rerun-if-env-changed=CXXFLAGS_x86_64_unknown_linux_gnu
  CXXFLAGS_x86_64_unknown_linux_gnu = None
  cargo:rerun-if-env-changed=CXXFLAGS_x86_64-unknown-linux-gnu
  CXXFLAGS_x86_64-unknown-linux-gnu = None
  cargo:rerun-if-env-changed=CXX_x86_64-unknown-linux-gnu
  CXX_x86_64-unknown-linux-gnu = None
  cargo:rerun-if-env-changed=CXX_x86_64_unknown_linux_gnu
  CXX_x86_64_unknown_linux_gnu = None
  cargo:rerun-if-env-changed=HOST_CXX
  HOST_CXX = None
  cargo:rerun-if-env-changed=CXX
  CXX = None
  cargo:rerun-if-env-changed=CRATE_CC_NO_DEFAULTS
  CRATE_CC_NO_DEFAULTS = None
  cargo:rerun-if-env-changed=CXXFLAGS
  CXXFLAGS = None
  cargo:rerun-if-env-changed=HOST_CXXFLAGS
  HOST_CXXFLAGS = None
  cargo:rerun-if-env-changed=CXXFLAGS_x86_64_unknown_linux_gnu
  CXXFLAGS_x86_64_unknown_linux_gnu = None
  cargo:rerun-if-env-changed=CXXFLAGS_x86_64-unknown-linux-gnu
  CXXFLAGS_x86_64-unknown-linux-gnu = None
  cargo:rerun-if-env-changed=CXX_x86_64-unknown-linux-gnu
  CXX_x86_64-unknown-linux-gnu = None
  cargo:rerun-if-env-changed=CXX_x86_64_unknown_linux_gnu
  CXX_x86_64_unknown_linux_gnu = None
  cargo:rerun-if-env-changed=HOST_CXX
  HOST_CXX = None
  cargo:rerun-if-env-changed=CXX
  CXX = None
  cargo:rerun-if-env-changed=CRATE_CC_NO_DEFAULTS
  CRATE_CC_NO_DEFAULTS = None
  cargo:rerun-if-env-changed=CXXFLAGS
  CXXFLAGS = None
  cargo:rerun-if-env-changed=HOST_CXXFLAGS
  HOST_CXXFLAGS = None
  cargo:rerun-if-env-changed=CXXFLAGS_x86_64_unknown_linux_gnu
  CXXFLAGS_x86_64_unknown_linux_gnu = None
  cargo:rerun-if-env-changed=CXXFLAGS_x86_64-unknown-linux-gnu
  CXXFLAGS_x86_64-unknown-linux-gnu = None
  cargo:rerun-if-env-changed=CXX_x86_64-unknown-linux-gnu
  CXX_x86_64-unknown-linux-gnu = None
  cargo:rerun-if-env-changed=CXX_x86_64_unknown_linux_gnu
  CXX_x86_64_unknown_linux_gnu = None
  cargo:rerun-if-env-changed=HOST_CXX
  HOST_CXX = None
  cargo:rerun-if-env-changed=CXX
  CXX = None
  cargo:rerun-if-env-changed=CRATE_CC_NO_DEFAULTS
  CRATE_CC_NO_DEFAULTS = None
  cargo:rerun-if-env-changed=CXXFLAGS
  CXXFLAGS = None
  cargo:rerun-if-env-changed=HOST_CXXFLAGS
  HOST_CXXFLAGS = None
  cargo:rerun-if-env-changed=CXXFLAGS_x86_64_unknown_linux_gnu
  CXXFLAGS_x86_64_unknown_linux_gnu = None
  cargo:rerun-if-env-changed=CXXFLAGS_x86_64-unknown-linux-gnu
  CXXFLAGS_x86_64-unknown-linux-gnu = None
  cargo:rerun-if-env-changed=CXX_x86_64-unknown-linux-gnu
  CXX_x86_64-unknown-linux-gnu = None
  cargo:rerun-if-env-changed=CXX_x86_64_unknown_linux_gnu
  CXX_x86_64_unknown_linux_gnu = None
  cargo:rerun-if-env-changed=HOST_CXX
  HOST_CXX = None
  cargo:rerun-if-env-changed=CXX
  CXX = None
  cargo:rerun-if-env-changed=CRATE_CC_NO_DEFAULTS
  CRATE_CC_NO_DEFAULTS = None
  cargo:rerun-if-env-changed=CXXFLAGS
  CXXFLAGS = None
  cargo:rerun-if-env-changed=HOST_CXXFLAGS
  HOST_CXXFLAGS = None
  cargo:rerun-if-env-changed=CXXFLAGS_x86_64_unknown_linux_gnu
  CXXFLAGS_x86_64_unknown_linux_gnu = None
  cargo:rerun-if-env-changed=CXXFLAGS_x86_64-unknown-linux-gnu
  CXXFLAGS_x86_64-unknown-linux-gnu = None
  exit status: 0
  exit status: 0
  exit status: 0
  exit status: 0
  exit status: 0
  exit status: 0
  exit status: 0
  exit status: 0
  cargo:rerun-if-env-changed=CXX_x86_64-unknown-linux-gnu
  CXX_x86_64-unknown-linux-gnu = None
  cargo:rerun-if-env-changed=CXX_x86_64_unknown_linux_gnu
  CXX_x86_64_unknown_linux_gnu = None
  cargo:rerun-if-env-changed=HOST_CXX
  HOST_CXX = None
  cargo:rerun-if-env-changed=CXX
  CXX = None
  cargo:rerun-if-env-changed=CRATE_CC_NO_DEFAULTS
  CRATE_CC_NO_DEFAULTS = None
  cargo:rerun-if-env-changed=CXXFLAGS
  CXXFLAGS = None
  cargo:rerun-if-env-changed=HOST_CXXFLAGS
  HOST_CXXFLAGS = None
  cargo:rerun-if-env-changed=CXXFLAGS_x86_64_unknown_linux_gnu
  CXXFLAGS_x86_64_unknown_linux_gnu = None
  cargo:rerun-if-env-changed=CXXFLAGS_x86_64-unknown-linux-gnu
  CXXFLAGS_x86_64-unknown-linux-gnu = None
  cargo:rerun-if-env-changed=CXX_x86_64-unknown-linux-gnu
  CXX_x86_64-unknown-linux-gnu = None
  cargo:rerun-if-env-changed=CXX_x86_64_unknown_linux_gnu
  CXX_x86_64_unknown_linux_gnu = None
  cargo:rerun-if-env-changed=HOST_CXX
  HOST_CXX = None
  cargo:rerun-if-env-changed=CXX
  CXX = None
  cargo:rerun-if-env-changed=CRATE_CC_NO_DEFAULTS
  CRATE_CC_NO_DEFAULTS = None
  cargo:rerun-if-env-changed=CXXFLAGS
  CXXFLAGS = None
  cargo:rerun-if-env-changed=HOST_CXXFLAGS
  HOST_CXXFLAGS = None
  cargo:rerun-if-env-changed=CXXFLAGS_x86_64_unknown_linux_gnu
  CXXFLAGS_x86_64_unknown_linux_gnu = None
  cargo:rerun-if-env-changed=CXXFLAGS_x86_64-unknown-linux-gnu
  CXXFLAGS_x86_64-unknown-linux-gnu = None
  cargo:rerun-if-env-changed=CXX_x86_64-unknown-linux-gnu
  CXX_x86_64-unknown-linux-gnu = None
  cargo:rerun-if-env-changed=CXX_x86_64_unknown_linux_gnu
  CXX_x86_64_unknown_linux_gnu = None
  cargo:rerun-if-env-changed=HOST_CXX
  HOST_CXX = None
  cargo:rerun-if-env-changed=CXX
  CXX = None
  cargo:rerun-if-env-changed=CRATE_CC_NO_DEFAULTS
  CRATE_CC_NO_DEFAULTS = None
  cargo:rerun-if-env-changed=CXXFLAGS
  CXXFLAGS = None
  cargo:rerun-if-env-changed=HOST_CXXFLAGS
  HOST_CXXFLAGS = None
  cargo:rerun-if-env-changed=CXXFLAGS_x86_64_unknown_linux_gnu
  CXXFLAGS_x86_64_unknown_linux_gnu = None
  cargo:rerun-if-env-changed=CXXFLAGS_x86_64-unknown-linux-gnu
  CXXFLAGS_x86_64-unknown-linux-gnu = None
  cargo:rerun-if-env-changed=CXX_x86_64-unknown-linux-gnu
  CXX_x86_64-unknown-linux-gnu = None
  cargo:rerun-if-env-changed=CXX_x86_64_unknown_linux_gnu
  CXX_x86_64_unknown_linux_gnu = None
  cargo:rerun-if-env-changed=HOST_CXX
  HOST_CXX = None
  cargo:rerun-if-env-changed=CXX
  CXX = None
  cargo:rerun-if-env-changed=CRATE_CC_NO_DEFAULTS
  CRATE_CC_NO_DEFAULTS = None
  cargo:rerun-if-env-changed=CXXFLAGS
  CXXFLAGS = None
  cargo:rerun-if-env-changed=HOST_CXXFLAGS
  HOST_CXXFLAGS = None
  cargo:rerun-if-env-changed=CXXFLAGS_x86_64_unknown_linux_gnu
  CXXFLAGS_x86_64_unknown_linux_gnu = None
  cargo:rerun-if-env-changed=CXXFLAGS_x86_64-unknown-linux-gnu
  CXXFLAGS_x86_64-unknown-linux-gnu = None
  cargo:rerun-if-env-changed=CXX_x86_64-unknown-linux-gnu
  CXX_x86_64-unknown-linux-gnu = None
  cargo:rerun-if-env-changed=CXX_x86_64_unknown_linux_gnu
  CXX_x86_64_unknown_linux_gnu = None
  cargo:rerun-if-env-changed=HOST_CXX
  HOST_CXX = None
  cargo:rerun-if-env-changed=CXX
  CXX = None
  cargo:rerun-if-env-changed=CRATE_CC_NO_DEFAULTS
  CRATE_CC_NO_DEFAULTS = None
  cargo:rerun-if-env-changed=CXXFLAGS
  CXXFLAGS = None
  cargo:rerun-if-env-changed=HOST_CXXFLAGS
  HOST_CXXFLAGS = None
  cargo:rerun-if-env-changed=CXXFLAGS_x86_64_unknown_linux_gnu
  CXXFLAGS_x86_64_unknown_linux_gnu = None
  cargo:rerun-if-env-changed=CXXFLAGS_x86_64-unknown-linux-gnu
  CXXFLAGS_x86_64-unknown-linux-gnu = None
  cargo:rerun-if-env-changed=CXX_x86_64-unknown-linux-gnu
  CXX_x86_64-unknown-linux-gnu = None
  cargo:rerun-if-env-changed=CXX_x86_64_unknown_linux_gnu
  CXX_x86_64_unknown_linux_gnu = None
  cargo:rerun-if-env-changed=HOST_CXX
  HOST_CXX = None
  cargo:rerun-if-env-changed=CXX
  CXX = None
  cargo:rerun-if-env-changed=CRATE_CC_NO_DEFAULTS
  CRATE_CC_NO_DEFAULTS = None
  cargo:rerun-if-env-changed=CXXFLAGS
  CXXFLAGS = None
  cargo:rerun-if-env-changed=HOST_CXXFLAGS
  HOST_CXXFLAGS = None
  cargo:rerun-if-env-changed=CXXFLAGS_x86_64_unknown_linux_gnu
  CXXFLAGS_x86_64_unknown_linux_gnu = None
  cargo:rerun-if-env-changed=CXXFLAGS_x86_64-unknown-linux-gnu
  CXXFLAGS_x86_64-unknown-linux-gnu = None
  cargo:rerun-if-env-changed=CXX_x86_64-unknown-linux-gnu
  CXX_x86_64-unknown-linux-gnu = None
  cargo:rerun-if-env-changed=CXX_x86_64_unknown_linux_gnu
  CXX_x86_64_unknown_linux_gnu = None
  cargo:rerun-if-env-changed=HOST_CXX
  HOST_CXX = None
  cargo:rerun-if-env-changed=CXX
  CXX = None
  cargo:rerun-if-env-changed=CRATE_CC_NO_DEFAULTS
  CRATE_CC_NO_DEFAULTS = None
  cargo:rerun-if-env-changed=CXXFLAGS
  CXXFLAGS = None
  cargo:rerun-if-env-changed=HOST_CXXFLAGS
  HOST_CXXFLAGS = None
  cargo:rerun-if-env-changed=CXXFLAGS_x86_64_unknown_linux_gnu
  CXXFLAGS_x86_64_unknown_linux_gnu = None
  cargo:rerun-if-env-changed=CXXFLAGS_x86_64-unknown-linux-gnu
  CXXFLAGS_x86_64-unknown-linux-gnu = None
  cargo:rerun-if-env-changed=CXX_x86_64-unknown-linux-gnu
  CXX_x86_64-unknown-linux-gnu = None
  cargo:rerun-if-env-changed=CXX_x86_64_unknown_linux_gnu
  CXX_x86_64_unknown_linux_gnu = None
  cargo:rerun-if-env-changed=HOST_CXX
  HOST_CXX = None
  cargo:rerun-if-env-changed=CXX
  CXX = None
  cargo:rerun-if-env-changed=CRATE_CC_NO_DEFAULTS
  CRATE_CC_NO_DEFAULTS = None
  cargo:rerun-if-env-changed=CXXFLAGS
  CXXFLAGS = None
  cargo:rerun-if-env-changed=HOST_CXXFLAGS
  HOST_CXXFLAGS = None
  cargo:rerun-if-env-changed=CXXFLAGS_x86_64_unknown_linux_gnu
  CXXFLAGS_x86_64_unknown_linux_gnu = None
  cargo:rerun-if-env-changed=CXXFLAGS_x86_64-unknown-linux-gnu
  CXXFLAGS_x86_64-unknown-linux-gnu = None
  exit status: 0
  exit status: 0
  exit status: 0
  exit status: 0
  exit status: 0
  exit status: 0
  exit status: 0
  exit status: 0
  cargo:rerun-if-env-changed=CXX_x86_64-unknown-linux-gnu
  CXX_x86_64-unknown-linux-gnu = None
  cargo:rerun-if-env-changed=CXX_x86_64_unknown_linux_gnu
  CXX_x86_64_unknown_linux_gnu = None
  cargo:rerun-if-env-changed=HOST_CXX
  HOST_CXX = None
  cargo:rerun-if-env-changed=CXX
  CXX = None
  cargo:rerun-if-env-changed=CRATE_CC_NO_DEFAULTS
  CRATE_CC_NO_DEFAULTS = None
  cargo:rerun-if-env-changed=CXXFLAGS
  CXXFLAGS = None
  cargo:rerun-if-env-changed=HOST_CXXFLAGS
  HOST_CXXFLAGS = None
  cargo:rerun-if-env-changed=CXXFLAGS_x86_64_unknown_linux_gnu
  CXXFLAGS_x86_64_unknown_linux_gnu = None
  cargo:rerun-if-env-changed=CXXFLAGS_x86_64-unknown-linux-gnu
  CXXFLAGS_x86_64-unknown-linux-gnu = None
  cargo:rerun-if-env-changed=CXX_x86_64-unknown-linux-gnu
  CXX_x86_64-unknown-linux-gnu = None
  cargo:rerun-if-env-changed=CXX_x86_64_unknown_linux_gnu
  CXX_x86_64_unknown_linux_gnu = None
  cargo:rerun-if-env-changed=HOST_CXX
  HOST_CXX = None
  cargo:rerun-if-env-changed=CXX
  CXX = None
  cargo:rerun-if-env-changed=CRATE_CC_NO_DEFAULTS
  CRATE_CC_NO_DEFAULTS = None
  cargo:rerun-if-env-changed=CXXFLAGS
  CXXFLAGS = None
  cargo:rerun-if-env-changed=HOST_CXXFLAGS
  HOST_CXXFLAGS = None
  cargo:rerun-if-env-changed=CXXFLAGS_x86_64_unknown_linux_gnu
  CXXFLAGS_x86_64_unknown_linux_gnu = None
  cargo:rerun-if-env-changed=CXXFLAGS_x86_64-unknown-linux-gnu
  CXXFLAGS_x86_64-unknown-linux-gnu = None
  cargo:rerun-if-env-changed=CXX_x86_64-unknown-linux-gnu
  CXX_x86_64-unknown-linux-gnu = None
  cargo:rerun-if-env-changed=CXX_x86_64_unknown_linux_gnu
  CXX_x86_64_unknown_linux_gnu = None
  cargo:rerun-if-env-changed=HOST_CXX
  HOST_CXX = None
  cargo:rerun-if-env-changed=CXX
  CXX = None
  cargo:rerun-if-env-changed=CRATE_CC_NO_DEFAULTS
  CRATE_CC_NO_DEFAULTS = None
  cargo:rerun-if-env-changed=CXXFLAGS
  CXXFLAGS = None
  cargo:rerun-if-env-changed=HOST_CXXFLAGS
  HOST_CXXFLAGS = None
  cargo:rerun-if-env-changed=CXXFLAGS_x86_64_unknown_linux_gnu
  CXXFLAGS_x86_64_unknown_linux_gnu = None
  cargo:rerun-if-env-changed=CXXFLAGS_x86_64-unknown-linux-gnu
  CXXFLAGS_x86_64-unknown-linux-gnu = None
  cargo:rerun-if-env-changed=CXX_x86_64-unknown-linux-gnu
  CXX_x86_64-unknown-linux-gnu = None
  cargo:rerun-if-env-changed=CXX_x86_64_unknown_linux_gnu
  CXX_x86_64_unknown_linux_gnu = None
  cargo:rerun-if-env-changed=HOST_CXX
  HOST_CXX = None
  cargo:rerun-if-env-changed=CXX
  CXX = None
  cargo:rerun-if-env-changed=CRATE_CC_NO_DEFAULTS
  CRATE_CC_NO_DEFAULTS = None
  cargo:rerun-if-env-changed=CXXFLAGS
  CXXFLAGS = None
  cargo:rerun-if-env-changed=HOST_CXXFLAGS
  HOST_CXXFLAGS = None
  cargo:rerun-if-env-changed=CXXFLAGS_x86_64_unknown_linux_gnu
  CXXFLAGS_x86_64_unknown_linux_gnu = None
  cargo:rerun-if-env-changed=CXXFLAGS_x86_64-unknown-linux-gnu
  CXXFLAGS_x86_64-unknown-linux-gnu = None
  cargo:rerun-if-env-changed=CXX_x86_64-unknown-linux-gnu
  CXX_x86_64-unknown-linux-gnu = None
  cargo:rerun-if-env-changed=CXX_x86_64_unknown_linux_gnu
  CXX_x86_64_unknown_linux_gnu = None
  cargo:rerun-if-env-changed=HOST_CXX
  HOST_CXX = None
  cargo:rerun-if-env-changed=CXX
  CXX = None
  cargo:rerun-if-env-changed=CRATE_CC_NO_DEFAULTS
  CRATE_CC_NO_DEFAULTS = None
  cargo:rerun-if-env-changed=CXXFLAGS
  CXXFLAGS = None
  cargo:rerun-if-env-changed=HOST_CXXFLAGS
  HOST_CXXFLAGS = None
  cargo:rerun-if-env-changed=CXXFLAGS_x86_64_unknown_linux_gnu
  CXXFLAGS_x86_64_unknown_linux_gnu = None
  cargo:rerun-if-env-changed=CXXFLAGS_x86_64-unknown-linux-gnu
  CXXFLAGS_x86_64-unknown-linux-gnu = None
  cargo:rerun-if-env-changed=CXX_x86_64-unknown-linux-gnu
  CXX_x86_64-unknown-linux-gnu = None
  cargo:rerun-if-env-changed=CXX_x86_64_unknown_linux_gnu
  CXX_x86_64_unknown_linux_gnu = None
  cargo:rerun-if-env-changed=HOST_CXX
  HOST_CXX = None
  cargo:rerun-if-env-changed=CXX
  CXX = None
  cargo:rerun-if-env-changed=CRATE_CC_NO_DEFAULTS
  CRATE_CC_NO_DEFAULTS = None
  cargo:rerun-if-env-changed=CXXFLAGS
  CXXFLAGS = None
  cargo:rerun-if-env-changed=HOST_CXXFLAGS
  HOST_CXXFLAGS = None
  cargo:rerun-if-env-changed=CXXFLAGS_x86_64_unknown_linux_gnu
  CXXFLAGS_x86_64_unknown_linux_gnu = None
  cargo:rerun-if-env-changed=CXXFLAGS_x86_64-unknown-linux-gnu
  CXXFLAGS_x86_64-unknown-linux-gnu = None
  cargo:rerun-if-env-changed=CXX_x86_64-unknown-linux-gnu
  CXX_x86_64-unknown-linux-gnu = None
  cargo:rerun-if-env-changed=CXX_x86_64_unknown_linux_gnu
  CXX_x86_64_unknown_linux_gnu = None
  cargo:rerun-if-env-changed=HOST_CXX
  HOST_CXX = None
  cargo:rerun-if-env-changed=CXX
  CXX = None
  cargo:rerun-if-env-changed=CRATE_CC_NO_DEFAULTS
  CRATE_CC_NO_DEFAULTS = None
  cargo:rerun-if-env-changed=CXXFLAGS
  CXXFLAGS = None
  cargo:rerun-if-env-changed=HOST_CXXFLAGS
  HOST_CXXFLAGS = None
  cargo:rerun-if-env-changed=CXXFLAGS_x86_64_unknown_linux_gnu
  CXXFLAGS_x86_64_unknown_linux_gnu = None
  cargo:rerun-if-env-changed=CXXFLAGS_x86_64-unknown-linux-gnu
  CXXFLAGS_x86_64-unknown-linux-gnu = None
  cargo:rerun-if-env-changed=CXX_x86_64-unknown-linux-gnu
  CXX_x86_64-unknown-linux-gnu = None
  cargo:rerun-if-env-changed=CXX_x86_64_unknown_linux_gnu
  CXX_x86_64_unknown_linux_gnu = None
  cargo:rerun-if-env-changed=HOST_CXX
  HOST_CXX = None
  cargo:rerun-if-env-changed=CXX
  CXX = None
  cargo:rerun-if-env-changed=CRATE_CC_NO_DEFAULTS
  CRATE_CC_NO_DEFAULTS = None
  cargo:rerun-if-env-changed=CXXFLAGS
  CXXFLAGS = None
  cargo:rerun-if-env-changed=HOST_CXXFLAGS
  HOST_CXXFLAGS = None
  cargo:rerun-if-env-changed=CXXFLAGS_x86_64_unknown_linux_gnu
  CXXFLAGS_x86_64_unknown_linux_gnu = None
  cargo:rerun-if-env-changed=CXXFLAGS_x86_64-unknown-linux-gnu
  CXXFLAGS_x86_64-unknown-linux-gnu = None
  exit status: 0
  exit status: 0
  exit status: 0
  exit status: 0
  exit status: 0
  exit status: 0
  exit status: 0
  exit status: 0
  cargo:rerun-if-env-changed=CXX_x86_64-unknown-linux-gnu
  CXX_x86_64-unknown-linux-gnu = None
  cargo:rerun-if-env-changed=CXX_x86_64_unknown_linux_gnu
  CXX_x86_64_unknown_linux_gnu = None
  cargo:rerun-if-env-changed=HOST_CXX
  HOST_CXX = None
  cargo:rerun-if-env-changed=CXX
  CXX = None
  cargo:rerun-if-env-changed=CRATE_CC_NO_DEFAULTS
  CRATE_CC_NO_DEFAULTS = None
  cargo:rerun-if-env-changed=CXXFLAGS
  CXXFLAGS = None
  cargo:rerun-if-env-changed=HOST_CXXFLAGS
  HOST_CXXFLAGS = None
  cargo:rerun-if-env-changed=CXXFLAGS_x86_64_unknown_linux_gnu
  CXXFLAGS_x86_64_unknown_linux_gnu = None
  cargo:rerun-if-env-changed=CXXFLAGS_x86_64-unknown-linux-gnu
  CXXFLAGS_x86_64-unknown-linux-gnu = None
  cargo:rerun-if-env-changed=CXX_x86_64-unknown-linux-gnu
  CXX_x86_64-unknown-linux-gnu = None
  cargo:rerun-if-env-changed=CXX_x86_64_unknown_linux_gnu
  CXX_x86_64_unknown_linux_gnu = None
  cargo:rerun-if-env-changed=HOST_CXX
  HOST_CXX = None
  cargo:rerun-if-env-changed=CXX
  CXX = None
  cargo:rerun-if-env-changed=CRATE_CC_NO_DEFAULTS
  CRATE_CC_NO_DEFAULTS = None
  cargo:rerun-if-env-changed=CXXFLAGS
  CXXFLAGS = None
  cargo:rerun-if-env-changed=HOST_CXXFLAGS
  HOST_CXXFLAGS = None
  cargo:rerun-if-env-changed=CXXFLAGS_x86_64_unknown_linux_gnu
  CXXFLAGS_x86_64_unknown_linux_gnu = None
  cargo:rerun-if-env-changed=CXXFLAGS_x86_64-unknown-linux-gnu
  CXXFLAGS_x86_64-unknown-linux-gnu = None
  cargo:rerun-if-env-changed=CXX_x86_64-unknown-linux-gnu
  CXX_x86_64-unknown-linux-gnu = None
  cargo:rerun-if-env-changed=CXX_x86_64_unknown_linux_gnu
  CXX_x86_64_unknown_linux_gnu = None
  cargo:rerun-if-env-changed=HOST_CXX
  HOST_CXX = None
  cargo:rerun-if-env-changed=CXX
  CXX = None
  cargo:rerun-if-env-changed=CRATE_CC_NO_DEFAULTS
  CRATE_CC_NO_DEFAULTS = None
  cargo:rerun-if-env-changed=CXXFLAGS
  CXXFLAGS = None
  cargo:rerun-if-env-changed=HOST_CXXFLAGS
  HOST_CXXFLAGS = None
  cargo:rerun-if-env-changed=CXXFLAGS_x86_64_unknown_linux_gnu
  CXXFLAGS_x86_64_unknown_linux_gnu = None
  cargo:rerun-if-env-changed=CXXFLAGS_x86_64-unknown-linux-gnu
  CXXFLAGS_x86_64-unknown-linux-gnu = None
  cargo:rerun-if-env-changed=CXX_x86_64-unknown-linux-gnu
  CXX_x86_64-unknown-linux-gnu = None
  cargo:rerun-if-env-changed=CXX_x86_64_unknown_linux_gnu
  CXX_x86_64_unknown_linux_gnu = None
  cargo:rerun-if-env-changed=HOST_CXX
  HOST_CXX = None
  cargo:rerun-if-env-changed=CXX
  CXX = None
  cargo:rerun-if-env-changed=CRATE_CC_NO_DEFAULTS
  CRATE_CC_NO_DEFAULTS = None
  cargo:rerun-if-env-changed=CXXFLAGS
  CXXFLAGS = None
  cargo:rerun-if-env-changed=HOST_CXXFLAGS
  HOST_CXXFLAGS = None
  cargo:rerun-if-env-changed=CXXFLAGS_x86_64_unknown_linux_gnu
  CXXFLAGS_x86_64_unknown_linux_gnu = None
  cargo:rerun-if-env-changed=CXXFLAGS_x86_64-unknown-linux-gnu
  CXXFLAGS_x86_64-unknown-linux-gnu = None
  cargo:rerun-if-env-changed=CXX_x86_64-unknown-linux-gnu
  CXX_x86_64-unknown-linux-gnu = None
  cargo:rerun-if-env-changed=CXX_x86_64_unknown_linux_gnu
  CXX_x86_64_unknown_linux_gnu = None
  cargo:rerun-if-env-changed=HOST_CXX
  HOST_CXX = None
  cargo:rerun-if-env-changed=CXX
  CXX = None
  cargo:rerun-if-env-changed=CRATE_CC_NO_DEFAULTS
  CRATE_CC_NO_DEFAULTS = None
  cargo:rerun-if-env-changed=CXXFLAGS
  CXXFLAGS = None
  cargo:rerun-if-env-changed=HOST_CXXFLAGS
  HOST_CXXFLAGS = None
  cargo:rerun-if-env-changed=CXXFLAGS_x86_64_unknown_linux_gnu
  CXXFLAGS_x86_64_unknown_linux_gnu = None
  cargo:rerun-if-env-changed=CXXFLAGS_x86_64-unknown-linux-gnu
  CXXFLAGS_x86_64-unknown-linux-gnu = None
  cargo:rerun-if-env-changed=CXX_x86_64-unknown-linux-gnu
  CXX_x86_64-unknown-linux-gnu = None
  cargo:rerun-if-env-changed=CXX_x86_64_unknown_linux_gnu
  CXX_x86_64_unknown_linux_gnu = None
  cargo:rerun-if-env-changed=HOST_CXX
  HOST_CXX = None
  cargo:rerun-if-env-changed=CXX
  CXX = None
  cargo:rerun-if-env-changed=CRATE_CC_NO_DEFAULTS
  CRATE_CC_NO_DEFAULTS = None
  cargo:rerun-if-env-changed=CXXFLAGS
  CXXFLAGS = None
  cargo:rerun-if-env-changed=HOST_CXXFLAGS
  HOST_CXXFLAGS = None
  cargo:rerun-if-env-changed=CXXFLAGS_x86_64_unknown_linux_gnu
  CXXFLAGS_x86_64_unknown_linux_gnu = None
  cargo:rerun-if-env-changed=CXXFLAGS_x86_64-unknown-linux-gnu
  CXXFLAGS_x86_64-unknown-linux-gnu = None
  cargo:rerun-if-env-changed=CXX_x86_64-unknown-linux-gnu
  CXX_x86_64-unknown-linux-gnu = None
  cargo:rerun-if-env-changed=CXX_x86_64_unknown_linux_gnu
  CXX_x86_64_unknown_linux_gnu = None
  cargo:rerun-if-env-changed=HOST_CXX
  HOST_CXX = None
  cargo:rerun-if-env-changed=CXX
  CXX = None
  cargo:rerun-if-env-changed=CRATE_CC_NO_DEFAULTS
  CRATE_CC_NO_DEFAULTS = None
  cargo:rerun-if-env-changed=CXXFLAGS
  CXXFLAGS = None
  cargo:rerun-if-env-changed=HOST_CXXFLAGS
  HOST_CXXFLAGS = None
  cargo:rerun-if-env-changed=CXXFLAGS_x86_64_unknown_linux_gnu
  CXXFLAGS_x86_64_unknown_linux_gnu = None
  cargo:rerun-if-env-changed=CXXFLAGS_x86_64-unknown-linux-gnu
  CXXFLAGS_x86_64-unknown-linux-gnu = None
  cargo:rerun-if-env-changed=CXX_x86_64-unknown-linux-gnu
  CXX_x86_64-unknown-linux-gnu = None
  cargo:rerun-if-env-changed=CXX_x86_64_unknown_linux_gnu
  CXX_x86_64_unknown_linux_gnu = None
  cargo:rerun-if-env-changed=HOST_CXX
  HOST_CXX = None
  cargo:rerun-if-env-changed=CXX
  CXX = None
  cargo:rerun-if-env-changed=CRATE_CC_NO_DEFAULTS
  CRATE_CC_NO_DEFAULTS = None
  cargo:rerun-if-env-changed=CXXFLAGS
  CXXFLAGS = None
  cargo:rerun-if-env-changed=HOST_CXXFLAGS
  HOST_CXXFLAGS = None
  cargo:rerun-if-env-changed=CXXFLAGS_x86_64_unknown_linux_gnu
  CXXFLAGS_x86_64_unknown_linux_gnu = None
  cargo:rerun-if-env-changed=CXXFLAGS_x86_64-unknown-linux-gnu
  CXXFLAGS_x86_64-unknown-linux-gnu = None
  exit status: 0
  exit status: 0
  exit status: 0
  exit status: 0
  exit status: 0
  exit status: 0
  exit status: 0
  exit status: 0
  cargo:rerun-if-env-changed=CXX_x86_64-unknown-linux-gnu
  CXX_x86_64-unknown-linux-gnu = None
  cargo:rerun-if-env-changed=CXX_x86_64_unknown_linux_gnu
  CXX_x86_64_unknown_linux_gnu = None
  cargo:rerun-if-env-changed=HOST_CXX
  HOST_CXX = None
  cargo:rerun-if-env-changed=CXX
  CXX = None
  cargo:rerun-if-env-changed=CRATE_CC_NO_DEFAULTS
  CRATE_CC_NO_DEFAULTS = None
  cargo:rerun-if-env-changed=CXXFLAGS
  CXXFLAGS = None
  cargo:rerun-if-env-changed=HOST_CXXFLAGS
  HOST_CXXFLAGS = None
  cargo:rerun-if-env-changed=CXXFLAGS_x86_64_unknown_linux_gnu
  CXXFLAGS_x86_64_unknown_linux_gnu = None
  cargo:rerun-if-env-changed=CXXFLAGS_x86_64-unknown-linux-gnu
  CXXFLAGS_x86_64-unknown-linux-gnu = None
  cargo:rerun-if-env-changed=CXX_x86_64-unknown-linux-gnu
  CXX_x86_64-unknown-linux-gnu = None
  cargo:rerun-if-env-changed=CXX_x86_64_unknown_linux_gnu
  CXX_x86_64_unknown_linux_gnu = None
  cargo:rerun-if-env-changed=HOST_CXX
  HOST_CXX = None
  cargo:rerun-if-env-changed=CXX
  CXX = None
  cargo:rerun-if-env-changed=CRATE_CC_NO_DEFAULTS
  CRATE_CC_NO_DEFAULTS = None
  cargo:rerun-if-env-changed=CXXFLAGS
  CXXFLAGS = None
  cargo:rerun-if-env-changed=HOST_CXXFLAGS
  HOST_CXXFLAGS = None
  cargo:rerun-if-env-changed=CXXFLAGS_x86_64_unknown_linux_gnu
  CXXFLAGS_x86_64_unknown_linux_gnu = None
  cargo:rerun-if-env-changed=CXXFLAGS_x86_64-unknown-linux-gnu
  CXXFLAGS_x86_64-unknown-linux-gnu = None
  cargo:rerun-if-env-changed=CXX_x86_64-unknown-linux-gnu
  CXX_x86_64-unknown-linux-gnu = None
  cargo:rerun-if-env-changed=CXX_x86_64_unknown_linux_gnu
  CXX_x86_64_unknown_linux_gnu = None
  cargo:rerun-if-env-changed=HOST_CXX
  HOST_CXX = None
  cargo:rerun-if-env-changed=CXX
  CXX = None
  cargo:rerun-if-env-changed=CRATE_CC_NO_DEFAULTS
  CRATE_CC_NO_DEFAULTS = None
  cargo:rerun-if-env-changed=CXXFLAGS
  CXXFLAGS = None
  cargo:rerun-if-env-changed=HOST_CXXFLAGS
  HOST_CXXFLAGS = None
  cargo:rerun-if-env-changed=CXXFLAGS_x86_64_unknown_linux_gnu
  CXXFLAGS_x86_64_unknown_linux_gnu = None
  cargo:rerun-if-env-changed=CXXFLAGS_x86_64-unknown-linux-gnu
  CXXFLAGS_x86_64-unknown-linux-gnu = None
  cargo:rerun-if-env-changed=CXX_x86_64-unknown-linux-gnu
  CXX_x86_64-unknown-linux-gnu = None
  cargo:rerun-if-env-changed=CXX_x86_64_unknown_linux_gnu
  CXX_x86_64_unknown_linux_gnu = None
  cargo:rerun-if-env-changed=HOST_CXX
  HOST_CXX = None
  cargo:rerun-if-env-changed=CXX
  CXX = None
  cargo:rerun-if-env-changed=CRATE_CC_NO_DEFAULTS
  CRATE_CC_NO_DEFAULTS = None
  cargo:rerun-if-env-changed=CXXFLAGS
  CXXFLAGS = None
  cargo:rerun-if-env-changed=HOST_CXXFLAGS
  HOST_CXXFLAGS = None
  cargo:rerun-if-env-changed=CXXFLAGS_x86_64_unknown_linux_gnu
  CXXFLAGS_x86_64_unknown_linux_gnu = None
  cargo:rerun-if-env-changed=CXXFLAGS_x86_64-unknown-linux-gnu
  CXXFLAGS_x86_64-unknown-linux-gnu = None
  cargo:rerun-if-env-changed=CXX_x86_64-unknown-linux-gnu
  CXX_x86_64-unknown-linux-gnu = None
  cargo:rerun-if-env-changed=CXX_x86_64_unknown_linux_gnu
  CXX_x86_64_unknown_linux_gnu = None
  cargo:rerun-if-env-changed=HOST_CXX
  HOST_CXX = None
  cargo:rerun-if-env-changed=CXX
  CXX = None
  cargo:rerun-if-env-changed=CRATE_CC_NO_DEFAULTS
  CRATE_CC_NO_DEFAULTS = None
  cargo:rerun-if-env-changed=CXXFLAGS
  CXXFLAGS = None
  cargo:rerun-if-env-changed=HOST_CXXFLAGS
  HOST_CXXFLAGS = None
  cargo:rerun-if-env-changed=CXXFLAGS_x86_64_unknown_linux_gnu
  CXXFLAGS_x86_64_unknown_linux_gnu = None
  cargo:rerun-if-env-changed=CXXFLAGS_x86_64-unknown-linux-gnu
  CXXFLAGS_x86_64-unknown-linux-gnu = None
  cargo:rerun-if-env-changed=CXX_x86_64-unknown-linux-gnu
  CXX_x86_64-unknown-linux-gnu = None
  cargo:rerun-if-env-changed=CXX_x86_64_unknown_linux_gnu
  CXX_x86_64_unknown_linux_gnu = None
  cargo:rerun-if-env-changed=HOST_CXX
  HOST_CXX = None
  cargo:rerun-if-env-changed=CXX
  CXX = None
  cargo:rerun-if-env-changed=CRATE_CC_NO_DEFAULTS
  CRATE_CC_NO_DEFAULTS = None
  cargo:rerun-if-env-changed=CXXFLAGS
  CXXFLAGS = None
  cargo:rerun-if-env-changed=HOST_CXXFLAGS
  HOST_CXXFLAGS = None
  cargo:rerun-if-env-changed=CXXFLAGS_x86_64_unknown_linux_gnu
  CXXFLAGS_x86_64_unknown_linux_gnu = None
  cargo:rerun-if-env-changed=CXXFLAGS_x86_64-unknown-linux-gnu
  CXXFLAGS_x86_64-unknown-linux-gnu = None
  cargo:rerun-if-env-changed=CXX_x86_64-unknown-linux-gnu
  CXX_x86_64-unknown-linux-gnu = None
  cargo:rerun-if-env-changed=CXX_x86_64_unknown_linux_gnu
  CXX_x86_64_unknown_linux_gnu = None
  cargo:rerun-if-env-changed=HOST_CXX
  HOST_CXX = None
  cargo:rerun-if-env-changed=CXX
  CXX = None
  cargo:rerun-if-env-changed=CRATE_CC_NO_DEFAULTS
  CRATE_CC_NO_DEFAULTS = None
  cargo:rerun-if-env-changed=CXXFLAGS
  CXXFLAGS = None
  cargo:rerun-if-env-changed=HOST_CXXFLAGS
  HOST_CXXFLAGS = None
  cargo:rerun-if-env-changed=CXXFLAGS_x86_64_unknown_linux_gnu
  CXXFLAGS_x86_64_unknown_linux_gnu = None
  cargo:rerun-if-env-changed=CXXFLAGS_x86_64-unknown-linux-gnu
  CXXFLAGS_x86_64-unknown-linux-gnu = None
  cargo:rerun-if-env-changed=CXX_x86_64-unknown-linux-gnu
  CXX_x86_64-unknown-linux-gnu = None
  cargo:rerun-if-env-changed=CXX_x86_64_unknown_linux_gnu
  CXX_x86_64_unknown_linux_gnu = None
  cargo:rerun-if-env-changed=HOST_CXX
  HOST_CXX = None
  cargo:rerun-if-env-changed=CXX
  CXX = None
  cargo:rerun-if-env-changed=CRATE_CC_NO_DEFAULTS
  CRATE_CC_NO_DEFAULTS = None
  cargo:rerun-if-env-changed=CXXFLAGS
  CXXFLAGS = None
  cargo:rerun-if-env-changed=HOST_CXXFLAGS
  HOST_CXXFLAGS = None
  cargo:rerun-if-env-changed=CXXFLAGS_x86_64_unknown_linux_gnu
  CXXFLAGS_x86_64_unknown_linux_gnu = None
  cargo:rerun-if-env-changed=CXXFLAGS_x86_64-unknown-linux-gnu
  CXXFLAGS_x86_64-unknown-linux-gnu = None
  exit status: 0
  exit status: 0
  exit status: 0
  exit status: 0
  exit status: 0
  exit status: 0
  exit status: 0
  exit status: 0
  cargo:rerun-if-env-changed=CXX_x86_64-unknown-linux-gnu
  CXX_x86_64-unknown-linux-gnu = None
  cargo:rerun-if-env-changed=CXX_x86_64_unknown_linux_gnu
  CXX_x86_64_unknown_linux_gnu = None
  cargo:rerun-if-env-changed=HOST_CXX
  HOST_CXX = None
  cargo:rerun-if-env-changed=CXX
  CXX = None
  cargo:rerun-if-env-changed=CRATE_CC_NO_DEFAULTS
  CRATE_CC_NO_DEFAULTS = None
  cargo:rerun-if-env-changed=CXXFLAGS
  CXXFLAGS = None
  cargo:rerun-if-env-changed=HOST_CXXFLAGS
  HOST_CXXFLAGS = None
  cargo:rerun-if-env-changed=CXXFLAGS_x86_64_unknown_linux_gnu
  CXXFLAGS_x86_64_unknown_linux_gnu = None
  cargo:rerun-if-env-changed=CXXFLAGS_x86_64-unknown-linux-gnu
  CXXFLAGS_x86_64-unknown-linux-gnu = None
  cargo:rerun-if-env-changed=CXX_x86_64-unknown-linux-gnu
  CXX_x86_64-unknown-linux-gnu = None
  cargo:rerun-if-env-changed=CXX_x86_64_unknown_linux_gnu
  CXX_x86_64_unknown_linux_gnu = None
  cargo:rerun-if-env-changed=HOST_CXX
  HOST_CXX = None
  cargo:rerun-if-env-changed=CXX
  CXX = None
  cargo:rerun-if-env-changed=CRATE_CC_NO_DEFAULTS
  CRATE_CC_NO_DEFAULTS = None
  cargo:rerun-if-env-changed=CXXFLAGS
  CXXFLAGS = None
  cargo:rerun-if-env-changed=HOST_CXXFLAGS
  HOST_CXXFLAGS = None
  cargo:rerun-if-env-changed=CXXFLAGS_x86_64_unknown_linux_gnu
  CXXFLAGS_x86_64_unknown_linux_gnu = None
  cargo:rerun-if-env-changed=CXXFLAGS_x86_64-unknown-linux-gnu
  CXXFLAGS_x86_64-unknown-linux-gnu = None
  cargo:rerun-if-env-changed=CXX_x86_64-unknown-linux-gnu
  CXX_x86_64-unknown-linux-gnu = None
  cargo:rerun-if-env-changed=CXX_x86_64_unknown_linux_gnu
  CXX_x86_64_unknown_linux_gnu = None
  cargo:rerun-if-env-changed=HOST_CXX
  HOST_CXX = None
  cargo:rerun-if-env-changed=CXX
  CXX = None
  cargo:rerun-if-env-changed=CRATE_CC_NO_DEFAULTS
  CRATE_CC_NO_DEFAULTS = None
  cargo:rerun-if-env-changed=CXXFLAGS
  CXXFLAGS = None
  cargo:rerun-if-env-changed=HOST_CXXFLAGS
  HOST_CXXFLAGS = None
  cargo:rerun-if-env-changed=CXXFLAGS_x86_64_unknown_linux_gnu
  CXXFLAGS_x86_64_unknown_linux_gnu = None
  cargo:rerun-if-env-changed=CXXFLAGS_x86_64-unknown-linux-gnu
  CXXFLAGS_x86_64-unknown-linux-gnu = None
  cargo:rerun-if-env-changed=CXX_x86_64-unknown-linux-gnu
  CXX_x86_64-unknown-linux-gnu = None
  cargo:rerun-if-env-changed=CXX_x86_64_unknown_linux_gnu
  CXX_x86_64_unknown_linux_gnu = None
  cargo:rerun-if-env-changed=HOST_CXX
  HOST_CXX = None
  cargo:rerun-if-env-changed=CXX
  CXX = None
  cargo:rerun-if-env-changed=CRATE_CC_NO_DEFAULTS
  CRATE_CC_NO_DEFAULTS = None
  cargo:rerun-if-env-changed=CXXFLAGS
  CXXFLAGS = None
  cargo:rerun-if-env-changed=HOST_CXXFLAGS
  HOST_CXXFLAGS = None
  cargo:rerun-if-env-changed=CXXFLAGS_x86_64_unknown_linux_gnu
  CXXFLAGS_x86_64_unknown_linux_gnu = None
  cargo:rerun-if-env-changed=CXXFLAGS_x86_64-unknown-linux-gnu
  CXXFLAGS_x86_64-unknown-linux-gnu = None
  cargo:rerun-if-env-changed=CXX_x86_64-unknown-linux-gnu
  CXX_x86_64-unknown-linux-gnu = None
  cargo:rerun-if-env-changed=CXX_x86_64_unknown_linux_gnu
  CXX_x86_64_unknown_linux_gnu = None
  cargo:rerun-if-env-changed=HOST_CXX
  HOST_CXX = None
  cargo:rerun-if-env-changed=CXX
  CXX = None
  cargo:rerun-if-env-changed=CRATE_CC_NO_DEFAULTS
  CRATE_CC_NO_DEFAULTS = None
  cargo:rerun-if-env-changed=CXXFLAGS
  CXXFLAGS = None
  cargo:rerun-if-env-changed=HOST_CXXFLAGS
  HOST_CXXFLAGS = None
  cargo:rerun-if-env-changed=CXXFLAGS_x86_64_unknown_linux_gnu
  CXXFLAGS_x86_64_unknown_linux_gnu = None
  cargo:rerun-if-env-changed=CXXFLAGS_x86_64-unknown-linux-gnu
  CXXFLAGS_x86_64-unknown-linux-gnu = None
  cargo:rerun-if-env-changed=CXX_x86_64-unknown-linux-gnu
  CXX_x86_64-unknown-linux-gnu = None
  cargo:rerun-if-env-changed=CXX_x86_64_unknown_linux_gnu
  CXX_x86_64_unknown_linux_gnu = None
  cargo:rerun-if-env-changed=HOST_CXX
  HOST_CXX = None
  cargo:rerun-if-env-changed=CXX
  CXX = None
  cargo:rerun-if-env-changed=CRATE_CC_NO_DEFAULTS
  CRATE_CC_NO_DEFAULTS = None
  cargo:rerun-if-env-changed=CXXFLAGS
  CXXFLAGS = None
  cargo:rerun-if-env-changed=HOST_CXXFLAGS
  HOST_CXXFLAGS = None
  cargo:rerun-if-env-changed=CXXFLAGS_x86_64_unknown_linux_gnu
  CXXFLAGS_x86_64_unknown_linux_gnu = None
  cargo:rerun-if-env-changed=CXXFLAGS_x86_64-unknown-linux-gnu
  CXXFLAGS_x86_64-unknown-linux-gnu = None
  cargo:rerun-if-env-changed=CXX_x86_64-unknown-linux-gnu
  CXX_x86_64-unknown-linux-gnu = None
  cargo:rerun-if-env-changed=CXX_x86_64_unknown_linux_gnu
  CXX_x86_64_unknown_linux_gnu = None
  cargo:rerun-if-env-changed=HOST_CXX
  HOST_CXX = None
  cargo:rerun-if-env-changed=CXX
  CXX = None
  cargo:rerun-if-env-changed=CRATE_CC_NO_DEFAULTS
  CRATE_CC_NO_DEFAULTS = None
  cargo:rerun-if-env-changed=CXXFLAGS
  CXXFLAGS = None
  cargo:rerun-if-env-changed=HOST_CXXFLAGS
  HOST_CXXFLAGS = None
  cargo:rerun-if-env-changed=CXXFLAGS_x86_64_unknown_linux_gnu
  CXXFLAGS_x86_64_unknown_linux_gnu = None
  cargo:rerun-if-env-changed=CXXFLAGS_x86_64-unknown-linux-gnu
  CXXFLAGS_x86_64-unknown-linux-gnu = None
  cargo:rerun-if-env-changed=CXX_x86_64-unknown-linux-gnu
  CXX_x86_64-unknown-linux-gnu = None
  cargo:rerun-if-env-changed=CXX_x86_64_unknown_linux_gnu
  CXX_x86_64_unknown_linux_gnu = None
  cargo:rerun-if-env-changed=HOST_CXX
  HOST_CXX = None
  cargo:rerun-if-env-changed=CXX
  CXX = None
  cargo:rerun-if-env-changed=CRATE_CC_NO_DEFAULTS
  CRATE_CC_NO_DEFAULTS = None
  cargo:rerun-if-env-changed=CXXFLAGS
  CXXFLAGS = None
  cargo:rerun-if-env-changed=HOST_CXXFLAGS
  HOST_CXXFLAGS = None
  cargo:rerun-if-env-changed=CXXFLAGS_x86_64_unknown_linux_gnu
  CXXFLAGS_x86_64_unknown_linux_gnu = None
  cargo:rerun-if-env-changed=CXXFLAGS_x86_64-unknown-linux-gnu
  CXXFLAGS_x86_64-unknown-linux-gnu = None
  exit status: 0
  exit status: 0
  exit status: 0
  exit status: 0
  exit status: 0
  exit status: 0
  exit status: 0
  exit status: 0
  cargo:rerun-if-env-changed=CXX_x86_64-unknown-linux-gnu
  CXX_x86_64-unknown-linux-gnu = None
  cargo:rerun-if-env-changed=CXX_x86_64_unknown_linux_gnu
  CXX_x86_64_unknown_linux_gnu = None
  cargo:rerun-if-env-changed=HOST_CXX
  HOST_CXX = None
  cargo:rerun-if-env-changed=CXX
  CXX = None
  cargo:rerun-if-env-changed=CRATE_CC_NO_DEFAULTS
  CRATE_CC_NO_DEFAULTS = None
  cargo:rerun-if-env-changed=CXXFLAGS
  CXXFLAGS = None
  cargo:rerun-if-env-changed=HOST_CXXFLAGS
  HOST_CXXFLAGS = None
  cargo:rerun-if-env-changed=CXXFLAGS_x86_64_unknown_linux_gnu
  CXXFLAGS_x86_64_unknown_linux_gnu = None
  cargo:rerun-if-env-changed=CXXFLAGS_x86_64-unknown-linux-gnu
  CXXFLAGS_x86_64-unknown-linux-gnu = None
  cargo:rerun-if-env-changed=CXX_x86_64-unknown-linux-gnu
  CXX_x86_64-unknown-linux-gnu = None
  cargo:rerun-if-env-changed=CXX_x86_64_unknown_linux_gnu
  CXX_x86_64_unknown_linux_gnu = None
  cargo:rerun-if-env-changed=HOST_CXX
  HOST_CXX = None
  cargo:rerun-if-env-changed=CXX
  CXX = None
  cargo:rerun-if-env-changed=CRATE_CC_NO_DEFAULTS
  CRATE_CC_NO_DEFAULTS = None
  cargo:rerun-if-env-changed=CXXFLAGS
  CXXFLAGS = None
  cargo:rerun-if-env-changed=HOST_CXXFLAGS
  HOST_CXXFLAGS = None
  cargo:rerun-if-env-changed=CXXFLAGS_x86_64_unknown_linux_gnu
  CXXFLAGS_x86_64_unknown_linux_gnu = None
  cargo:rerun-if-env-changed=CXXFLAGS_x86_64-unknown-linux-gnu
  CXXFLAGS_x86_64-unknown-linux-gnu = None
  cargo:rerun-if-env-changed=CXX_x86_64-unknown-linux-gnu
  CXX_x86_64-unknown-linux-gnu = None
  cargo:rerun-if-env-changed=CXX_x86_64_unknown_linux_gnu
  CXX_x86_64_unknown_linux_gnu = None
  cargo:rerun-if-env-changed=HOST_CXX
  HOST_CXX = None
  cargo:rerun-if-env-changed=CXX
  CXX = None
  cargo:rerun-if-env-changed=CRATE_CC_NO_DEFAULTS
  CRATE_CC_NO_DEFAULTS = None
  cargo:rerun-if-env-changed=CXXFLAGS
  CXXFLAGS = None
  cargo:rerun-if-env-changed=HOST_CXXFLAGS
  HOST_CXXFLAGS = None
  cargo:rerun-if-env-changed=CXXFLAGS_x86_64_unknown_linux_gnu
  CXXFLAGS_x86_64_unknown_linux_gnu = None
  cargo:rerun-if-env-changed=CXXFLAGS_x86_64-unknown-linux-gnu
  CXXFLAGS_x86_64-unknown-linux-gnu = None
  cargo:rerun-if-env-changed=CXX_x86_64-unknown-linux-gnu
  CXX_x86_64-unknown-linux-gnu = None
  cargo:rerun-if-env-changed=CXX_x86_64_unknown_linux_gnu
  CXX_x86_64_unknown_linux_gnu = None
  cargo:rerun-if-env-changed=HOST_CXX
  HOST_CXX = None
  cargo:rerun-if-env-changed=CXX
  CXX = None
  cargo:rerun-if-env-changed=CRATE_CC_NO_DEFAULTS
  CRATE_CC_NO_DEFAULTS = None
  cargo:rerun-if-env-changed=CXXFLAGS
  CXXFLAGS = None
  cargo:rerun-if-env-changed=HOST_CXXFLAGS
  HOST_CXXFLAGS = None
  cargo:rerun-if-env-changed=CXXFLAGS_x86_64_unknown_linux_gnu
  CXXFLAGS_x86_64_unknown_linux_gnu = None
  cargo:rerun-if-env-changed=CXXFLAGS_x86_64-unknown-linux-gnu
  CXXFLAGS_x86_64-unknown-linux-gnu = None
  cargo:rerun-if-env-changed=CXX_x86_64-unknown-linux-gnu
  CXX_x86_64-unknown-linux-gnu = None
  cargo:rerun-if-env-changed=CXX_x86_64_unknown_linux_gnu
  CXX_x86_64_unknown_linux_gnu = None
  cargo:rerun-if-env-changed=HOST_CXX
  HOST_CXX = None
  cargo:rerun-if-env-changed=CXX
  CXX = None
  cargo:rerun-if-env-changed=CRATE_CC_NO_DEFAULTS
  CRATE_CC_NO_DEFAULTS = None
  cargo:rerun-if-env-changed=CXXFLAGS
  CXXFLAGS = None
  cargo:rerun-if-env-changed=HOST_CXXFLAGS
  HOST_CXXFLAGS = None
  cargo:rerun-if-env-changed=CXXFLAGS_x86_64_unknown_linux_gnu
  CXXFLAGS_x86_64_unknown_linux_gnu = None
  cargo:rerun-if-env-changed=CXXFLAGS_x86_64-unknown-linux-gnu
  CXXFLAGS_x86_64-unknown-linux-gnu = None
  cargo:rerun-if-env-changed=CXX_x86_64-unknown-linux-gnu
  CXX_x86_64-unknown-linux-gnu = None
  cargo:rerun-if-env-changed=CXX_x86_64_unknown_linux_gnu
  CXX_x86_64_unknown_linux_gnu = None
  cargo:rerun-if-env-changed=HOST_CXX
  HOST_CXX = None
  cargo:rerun-if-env-changed=CXX
  CXX = None
  cargo:rerun-if-env-changed=CRATE_CC_NO_DEFAULTS
  CRATE_CC_NO_DEFAULTS = None
  cargo:rerun-if-env-changed=CXXFLAGS
  CXXFLAGS = None
  cargo:rerun-if-env-changed=HOST_CXXFLAGS
  HOST_CXXFLAGS = None
  cargo:rerun-if-env-changed=CXXFLAGS_x86_64_unknown_linux_gnu
  CXXFLAGS_x86_64_unknown_linux_gnu = None
  cargo:rerun-if-env-changed=CXXFLAGS_x86_64-unknown-linux-gnu
  CXXFLAGS_x86_64-unknown-linux-gnu = None
  cargo:rerun-if-env-changed=CXX_x86_64-unknown-linux-gnu
  CXX_x86_64-unknown-linux-gnu = None
  cargo:rerun-if-env-changed=CXX_x86_64_unknown_linux_gnu
  CXX_x86_64_unknown_linux_gnu = None
  cargo:rerun-if-env-changed=HOST_CXX
  HOST_CXX = None
  cargo:rerun-if-env-changed=CXX
  CXX = None
  cargo:rerun-if-env-changed=CRATE_CC_NO_DEFAULTS
  CRATE_CC_NO_DEFAULTS = None
  cargo:rerun-if-env-changed=CXXFLAGS
  CXXFLAGS = None
  cargo:rerun-if-env-changed=HOST_CXXFLAGS
  HOST_CXXFLAGS = None
  cargo:rerun-if-env-changed=CXXFLAGS_x86_64_unknown_linux_gnu
  CXXFLAGS_x86_64_unknown_linux_gnu = None
  cargo:rerun-if-env-changed=CXXFLAGS_x86_64-unknown-linux-gnu
  CXXFLAGS_x86_64-unknown-linux-gnu = None
  cargo:rerun-if-env-changed=CXX_x86_64-unknown-linux-gnu
  CXX_x86_64-unknown-linux-gnu = None
  cargo:rerun-if-env-changed=CXX_x86_64_unknown_linux_gnu
  CXX_x86_64_unknown_linux_gnu = None
  cargo:rerun-if-env-changed=HOST_CXX
  HOST_CXX = None
  cargo:rerun-if-env-changed=CXX
  CXX = None
  cargo:rerun-if-env-changed=CRATE_CC_NO_DEFAULTS
  CRATE_CC_NO_DEFAULTS = None
  cargo:rerun-if-env-changed=CXXFLAGS
  CXXFLAGS = None
  cargo:rerun-if-env-changed=HOST_CXXFLAGS
  HOST_CXXFLAGS = None
  cargo:rerun-if-env-changed=CXXFLAGS_x86_64_unknown_linux_gnu
  CXXFLAGS_x86_64_unknown_linux_gnu = None
  cargo:rerun-if-env-changed=CXXFLAGS_x86_64-unknown-linux-gnu
  CXXFLAGS_x86_64-unknown-linux-gnu = None
  exit status: 0
  exit status: 0
  exit status: 0
  exit status: 0
  exit status: 0
  exit status: 0
  exit status: 0
  exit status: 0
  cargo:rerun-if-env-changed=CXX_x86_64-unknown-linux-gnu
  CXX_x86_64-unknown-linux-gnu = None
  cargo:rerun-if-env-changed=CXX_x86_64_unknown_linux_gnu
  CXX_x86_64_unknown_linux_gnu = None
  cargo:rerun-if-env-changed=HOST_CXX
  HOST_CXX = None
  cargo:rerun-if-env-changed=CXX
  CXX = None
  cargo:rerun-if-env-changed=CRATE_CC_NO_DEFAULTS
  CRATE_CC_NO_DEFAULTS = None
  cargo:rerun-if-env-changed=CXXFLAGS
  CXXFLAGS = None
  cargo:rerun-if-env-changed=HOST_CXXFLAGS
  HOST_CXXFLAGS = None
  cargo:rerun-if-env-changed=CXXFLAGS_x86_64_unknown_linux_gnu
  CXXFLAGS_x86_64_unknown_linux_gnu = None
  cargo:rerun-if-env-changed=CXXFLAGS_x86_64-unknown-linux-gnu
  CXXFLAGS_x86_64-unknown-linux-gnu = None
  cargo:rerun-if-env-changed=CXX_x86_64-unknown-linux-gnu
  CXX_x86_64-unknown-linux-gnu = None
  cargo:rerun-if-env-changed=CXX_x86_64_unknown_linux_gnu
  CXX_x86_64_unknown_linux_gnu = None
  cargo:rerun-if-env-changed=HOST_CXX
  HOST_CXX = None
  cargo:rerun-if-env-changed=CXX
  CXX = None
  cargo:rerun-if-env-changed=CRATE_CC_NO_DEFAULTS
  CRATE_CC_NO_DEFAULTS = None
  cargo:rerun-if-env-changed=CXXFLAGS
  CXXFLAGS = None
  cargo:rerun-if-env-changed=HOST_CXXFLAGS
  HOST_CXXFLAGS = None
  cargo:rerun-if-env-changed=CXXFLAGS_x86_64_unknown_linux_gnu
  CXXFLAGS_x86_64_unknown_linux_gnu = None
  cargo:rerun-if-env-changed=CXXFLAGS_x86_64-unknown-linux-gnu
  CXXFLAGS_x86_64-unknown-linux-gnu = None
  cargo:rerun-if-env-changed=CXX_x86_64-unknown-linux-gnu
  CXX_x86_64-unknown-linux-gnu = None
  cargo:rerun-if-env-changed=CXX_x86_64_unknown_linux_gnu
  CXX_x86_64_unknown_linux_gnu = None
  cargo:rerun-if-env-changed=HOST_CXX
  HOST_CXX = None
  cargo:rerun-if-env-changed=CXX
  CXX = None
  cargo:rerun-if-env-changed=CRATE_CC_NO_DEFAULTS
  CRATE_CC_NO_DEFAULTS = None
  cargo:rerun-if-env-changed=CXXFLAGS
  CXXFLAGS = None
  cargo:rerun-if-env-changed=HOST_CXXFLAGS
  HOST_CXXFLAGS = None
  cargo:rerun-if-env-changed=CXXFLAGS_x86_64_unknown_linux_gnu
  CXXFLAGS_x86_64_unknown_linux_gnu = None
  cargo:rerun-if-env-changed=CXXFLAGS_x86_64-unknown-linux-gnu
  CXXFLAGS_x86_64-unknown-linux-gnu = None
  cargo:rerun-if-env-changed=CXX_x86_64-unknown-linux-gnu
  CXX_x86_64-unknown-linux-gnu = None
  cargo:rerun-if-env-changed=CXX_x86_64_unknown_linux_gnu
  CXX_x86_64_unknown_linux_gnu = None
  cargo:rerun-if-env-changed=HOST_CXX
  HOST_CXX = None
  cargo:rerun-if-env-changed=CXX
  CXX = None
  cargo:rerun-if-env-changed=CRATE_CC_NO_DEFAULTS
  CRATE_CC_NO_DEFAULTS = None
  cargo:rerun-if-env-changed=CXXFLAGS
  CXXFLAGS = None
  cargo:rerun-if-env-changed=HOST_CXXFLAGS
  HOST_CXXFLAGS = None
  cargo:rerun-if-env-changed=CXXFLAGS_x86_64_unknown_linux_gnu
  CXXFLAGS_x86_64_unknown_linux_gnu = None
  cargo:rerun-if-env-changed=CXXFLAGS_x86_64-unknown-linux-gnu
  CXXFLAGS_x86_64-unknown-linux-gnu = None
  cargo:rerun-if-env-changed=CXX_x86_64-unknown-linux-gnu
  CXX_x86_64-unknown-linux-gnu = None
  cargo:rerun-if-env-changed=CXX_x86_64_unknown_linux_gnu
  CXX_x86_64_unknown_linux_gnu = None
  cargo:rerun-if-env-changed=HOST_CXX
  HOST_CXX = None
  cargo:rerun-if-env-changed=CXX
  CXX = None
  cargo:rerun-if-env-changed=CRATE_CC_NO_DEFAULTS
  CRATE_CC_NO_DEFAULTS = None
  cargo:rerun-if-env-changed=CXXFLAGS
  CXXFLAGS = None
  cargo:rerun-if-env-changed=HOST_CXXFLAGS
  HOST_CXXFLAGS = None
  cargo:rerun-if-env-changed=CXXFLAGS_x86_64_unknown_linux_gnu
  CXXFLAGS_x86_64_unknown_linux_gnu = None
  cargo:rerun-if-env-changed=CXXFLAGS_x86_64-unknown-linux-gnu
  CXXFLAGS_x86_64-unknown-linux-gnu = None
  cargo:rerun-if-env-changed=CXX_x86_64-unknown-linux-gnu
  CXX_x86_64-unknown-linux-gnu = None
  cargo:rerun-if-env-changed=CXX_x86_64_unknown_linux_gnu
  CXX_x86_64_unknown_linux_gnu = None
  cargo:rerun-if-env-changed=HOST_CXX
  HOST_CXX = None
  cargo:rerun-if-env-changed=CXX
  CXX = None
  cargo:rerun-if-env-changed=CRATE_CC_NO_DEFAULTS
  CRATE_CC_NO_DEFAULTS = None
  cargo:rerun-if-env-changed=CXXFLAGS
  CXXFLAGS = None
  cargo:rerun-if-env-changed=HOST_CXXFLAGS
  HOST_CXXFLAGS = None
  cargo:rerun-if-env-changed=CXXFLAGS_x86_64_unknown_linux_gnu
  CXXFLAGS_x86_64_unknown_linux_gnu = None
  cargo:rerun-if-env-changed=CXXFLAGS_x86_64-unknown-linux-gnu
  CXXFLAGS_x86_64-unknown-linux-gnu = None
  cargo:rerun-if-env-changed=CXX_x86_64-unknown-linux-gnu
  CXX_x86_64-unknown-linux-gnu = None
  cargo:rerun-if-env-changed=CXX_x86_64_unknown_linux_gnu
  CXX_x86_64_unknown_linux_gnu = None
  cargo:rerun-if-env-changed=HOST_CXX
  HOST_CXX = None
  cargo:rerun-if-env-changed=CXX
  CXX = None
  cargo:rerun-if-env-changed=CRATE_CC_NO_DEFAULTS
  CRATE_CC_NO_DEFAULTS = None
  cargo:rerun-if-env-changed=CXXFLAGS
  CXXFLAGS = None
  cargo:rerun-if-env-changed=HOST_CXXFLAGS
  HOST_CXXFLAGS = None
  cargo:rerun-if-env-changed=CXXFLAGS_x86_64_unknown_linux_gnu
  CXXFLAGS_x86_64_unknown_linux_gnu = None
  cargo:rerun-if-env-changed=CXXFLAGS_x86_64-unknown-linux-gnu
  CXXFLAGS_x86_64-unknown-linux-gnu = None
  cargo:rerun-if-env-changed=CXX_x86_64-unknown-linux-gnu
  CXX_x86_64-unknown-linux-gnu = None
  cargo:rerun-if-env-changed=CXX_x86_64_unknown_linux_gnu
  CXX_x86_64_unknown_linux_gnu = None
  cargo:rerun-if-env-changed=HOST_CXX
  HOST_CXX = None
  cargo:rerun-if-env-changed=CXX
  CXX = None
  cargo:rerun-if-env-changed=CRATE_CC_NO_DEFAULTS
  CRATE_CC_NO_DEFAULTS = None
  cargo:rerun-if-env-changed=CXXFLAGS
  CXXFLAGS = None
  cargo:rerun-if-env-changed=HOST_CXXFLAGS
  HOST_CXXFLAGS = None
  cargo:rerun-if-env-changed=CXXFLAGS_x86_64_unknown_linux_gnu
  CXXFLAGS_x86_64_unknown_linux_gnu = None
  cargo:rerun-if-env-changed=CXXFLAGS_x86_64-unknown-linux-gnu
  CXXFLAGS_x86_64-unknown-linux-gnu = None
  exit status: 0
  exit status: 0
  exit status: 0
  exit status: 0
  exit status: 0
  exit status: 0
  exit status: 0
  exit status: 0
  cargo:rerun-if-env-changed=CXX_x86_64-unknown-linux-gnu
  CXX_x86_64-unknown-linux-gnu = None
  cargo:rerun-if-env-changed=CXX_x86_64_unknown_linux_gnu
  CXX_x86_64_unknown_linux_gnu = None
  cargo:rerun-if-env-changed=HOST_CXX
  HOST_CXX = None
  cargo:rerun-if-env-changed=CXX
  CXX = None
  cargo:rerun-if-env-changed=CRATE_CC_NO_DEFAULTS
  CRATE_CC_NO_DEFAULTS = None
  cargo:rerun-if-env-changed=CXXFLAGS
  CXXFLAGS = None
  cargo:rerun-if-env-changed=HOST_CXXFLAGS
  HOST_CXXFLAGS = None
  cargo:rerun-if-env-changed=CXXFLAGS_x86_64_unknown_linux_gnu
  CXXFLAGS_x86_64_unknown_linux_gnu = None
  cargo:rerun-if-env-changed=CXXFLAGS_x86_64-unknown-linux-gnu
  CXXFLAGS_x86_64-unknown-linux-gnu = None
  cargo:rerun-if-env-changed=CXX_x86_64-unknown-linux-gnu
  CXX_x86_64-unknown-linux-gnu = None
  cargo:rerun-if-env-changed=CXX_x86_64_unknown_linux_gnu
  CXX_x86_64_unknown_linux_gnu = None
  cargo:rerun-if-env-changed=HOST_CXX
  HOST_CXX = None
  cargo:rerun-if-env-changed=CXX
  CXX = None
  cargo:rerun-if-env-changed=CRATE_CC_NO_DEFAULTS
  CRATE_CC_NO_DEFAULTS = None
  cargo:rerun-if-env-changed=CXXFLAGS
  CXXFLAGS = None
  cargo:rerun-if-env-changed=HOST_CXXFLAGS
  HOST_CXXFLAGS = None
  cargo:rerun-if-env-changed=CXXFLAGS_x86_64_unknown_linux_gnu
  CXXFLAGS_x86_64_unknown_linux_gnu = None
  cargo:rerun-if-env-changed=CXXFLAGS_x86_64-unknown-linux-gnu
  CXXFLAGS_x86_64-unknown-linux-gnu = None
  cargo:rerun-if-env-changed=CXX_x86_64-unknown-linux-gnu
  CXX_x86_64-unknown-linux-gnu = None
  cargo:rerun-if-env-changed=CXX_x86_64_unknown_linux_gnu
  CXX_x86_64_unknown_linux_gnu = None
  cargo:rerun-if-env-changed=HOST_CXX
  HOST_CXX = None
  cargo:rerun-if-env-changed=CXX
  CXX = None
  cargo:rerun-if-env-changed=CRATE_CC_NO_DEFAULTS
  CRATE_CC_NO_DEFAULTS = None
  cargo:rerun-if-env-changed=CXXFLAGS
  CXXFLAGS = None
  cargo:rerun-if-env-changed=HOST_CXXFLAGS
  HOST_CXXFLAGS = None
  cargo:rerun-if-env-changed=CXXFLAGS_x86_64_unknown_linux_gnu
  CXXFLAGS_x86_64_unknown_linux_gnu = None
  cargo:rerun-if-env-changed=CXXFLAGS_x86_64-unknown-linux-gnu
  CXXFLAGS_x86_64-unknown-linux-gnu = None
  cargo:rerun-if-env-changed=CXX_x86_64-unknown-linux-gnu
  CXX_x86_64-unknown-linux-gnu = None
  cargo:rerun-if-env-changed=CXX_x86_64_unknown_linux_gnu
  CXX_x86_64_unknown_linux_gnu = None
  cargo:rerun-if-env-changed=HOST_CXX
  HOST_CXX = None
  cargo:rerun-if-env-changed=CXX
  CXX = None
  cargo:rerun-if-env-changed=CRATE_CC_NO_DEFAULTS
  CRATE_CC_NO_DEFAULTS = None
  cargo:rerun-if-env-changed=CXXFLAGS
  CXXFLAGS = None
  cargo:rerun-if-env-changed=HOST_CXXFLAGS
  HOST_CXXFLAGS = None
  cargo:rerun-if-env-changed=CXXFLAGS_x86_64_unknown_linux_gnu
  CXXFLAGS_x86_64_unknown_linux_gnu = None
  cargo:rerun-if-env-changed=CXXFLAGS_x86_64-unknown-linux-gnu
  CXXFLAGS_x86_64-unknown-linux-gnu = None
  cargo:rerun-if-env-changed=CXX_x86_64-unknown-linux-gnu
  CXX_x86_64-unknown-linux-gnu = None
  cargo:rerun-if-env-changed=CXX_x86_64_unknown_linux_gnu
  CXX_x86_64_unknown_linux_gnu = None
  cargo:rerun-if-env-changed=HOST_CXX
  HOST_CXX = None
  cargo:rerun-if-env-changed=CXX
  CXX = None
  cargo:rerun-if-env-changed=CRATE_CC_NO_DEFAULTS
  CRATE_CC_NO_DEFAULTS = None
  cargo:rerun-if-env-changed=CXXFLAGS
  CXXFLAGS = None
  cargo:rerun-if-env-changed=HOST_CXXFLAGS
  HOST_CXXFLAGS = None
  cargo:rerun-if-env-changed=CXXFLAGS_x86_64_unknown_linux_gnu
  CXXFLAGS_x86_64_unknown_linux_gnu = None
  cargo:rerun-if-env-changed=CXXFLAGS_x86_64-unknown-linux-gnu
  CXXFLAGS_x86_64-unknown-linux-gnu = None
  cargo:rerun-if-env-changed=CXX_x86_64-unknown-linux-gnu
  CXX_x86_64-unknown-linux-gnu = None
  cargo:rerun-if-env-changed=CXX_x86_64_unknown_linux_gnu
  CXX_x86_64_unknown_linux_gnu = None
  cargo:rerun-if-env-changed=HOST_CXX
  HOST_CXX = None
  cargo:rerun-if-env-changed=CXX
  CXX = None
  cargo:rerun-if-env-changed=CRATE_CC_NO_DEFAULTS
  CRATE_CC_NO_DEFAULTS = None
  cargo:rerun-if-env-changed=CXXFLAGS
  CXXFLAGS = None
  cargo:rerun-if-env-changed=HOST_CXXFLAGS
  HOST_CXXFLAGS = None
  cargo:rerun-if-env-changed=CXXFLAGS_x86_64_unknown_linux_gnu
  CXXFLAGS_x86_64_unknown_linux_gnu = None
  cargo:rerun-if-env-changed=CXXFLAGS_x86_64-unknown-linux-gnu
  CXXFLAGS_x86_64-unknown-linux-gnu = None
  cargo:rerun-if-env-changed=CXX_x86_64-unknown-linux-gnu
  CXX_x86_64-unknown-linux-gnu = None
  cargo:rerun-if-env-changed=CXX_x86_64_unknown_linux_gnu
  CXX_x86_64_unknown_linux_gnu = None
  cargo:rerun-if-env-changed=HOST_CXX
  HOST_CXX = None
  cargo:rerun-if-env-changed=CXX
  CXX = None
  cargo:rerun-if-env-changed=CRATE_CC_NO_DEFAULTS
  CRATE_CC_NO_DEFAULTS = None
  cargo:rerun-if-env-changed=CXXFLAGS
  CXXFLAGS = None
  cargo:rerun-if-env-changed=HOST_CXXFLAGS
  HOST_CXXFLAGS = None
  cargo:rerun-if-env-changed=CXXFLAGS_x86_64_unknown_linux_gnu
  CXXFLAGS_x86_64_unknown_linux_gnu = None
  cargo:rerun-if-env-changed=CXXFLAGS_x86_64-unknown-linux-gnu
  CXXFLAGS_x86_64-unknown-linux-gnu = None
  cargo:rerun-if-env-changed=CXX_x86_64-unknown-linux-gnu
  CXX_x86_64-unknown-linux-gnu = None
  cargo:rerun-if-env-changed=CXX_x86_64_unknown_linux_gnu
  CXX_x86_64_unknown_linux_gnu = None
  cargo:rerun-if-env-changed=HOST_CXX
  HOST_CXX = None
  cargo:rerun-if-env-changed=CXX
  CXX = None
  cargo:rerun-if-env-changed=CRATE_CC_NO_DEFAULTS
  CRATE_CC_NO_DEFAULTS = None
  cargo:rerun-if-env-changed=CXXFLAGS
  CXXFLAGS = None
  cargo:rerun-if-env-changed=HOST_CXXFLAGS
  HOST_CXXFLAGS = None
  cargo:rerun-if-env-changed=CXXFLAGS_x86_64_unknown_linux_gnu
  CXXFLAGS_x86_64_unknown_linux_gnu = None
  cargo:rerun-if-env-changed=CXXFLAGS_x86_64-unknown-linux-gnu
  CXXFLAGS_x86_64-unknown-linux-gnu = None
  exit status: 0
  exit status: 0
  exit status: 0
  exit status: 0
  exit status: 0
  exit status: 0
  exit status: 0
  exit status: 0
  cargo:rerun-if-env-changed=CXX_x86_64-unknown-linux-gnu
  CXX_x86_64-unknown-linux-gnu = None
  cargo:rerun-if-env-changed=CXX_x86_64_unknown_linux_gnu
  CXX_x86_64_unknown_linux_gnu = None
  cargo:rerun-if-env-changed=HOST_CXX
  HOST_CXX = None
  cargo:rerun-if-env-changed=CXX
  CXX = None
  cargo:rerun-if-env-changed=CRATE_CC_NO_DEFAULTS
  CRATE_CC_NO_DEFAULTS = None
  cargo:rerun-if-env-changed=CXXFLAGS
  CXXFLAGS = None
  cargo:rerun-if-env-changed=HOST_CXXFLAGS
  HOST_CXXFLAGS = None
  cargo:rerun-if-env-changed=CXXFLAGS_x86_64_unknown_linux_gnu
  CXXFLAGS_x86_64_unknown_linux_gnu = None
  cargo:rerun-if-env-changed=CXXFLAGS_x86_64-unknown-linux-gnu
  CXXFLAGS_x86_64-unknown-linux-gnu = None
  cargo:rerun-if-env-changed=CXX_x86_64-unknown-linux-gnu
  CXX_x86_64-unknown-linux-gnu = None
  cargo:rerun-if-env-changed=CXX_x86_64_unknown_linux_gnu
  CXX_x86_64_unknown_linux_gnu = None
  cargo:rerun-if-env-changed=HOST_CXX
  HOST_CXX = None
  cargo:rerun-if-env-changed=CXX
  CXX = None
  cargo:rerun-if-env-changed=CRATE_CC_NO_DEFAULTS
  CRATE_CC_NO_DEFAULTS = None
  cargo:rerun-if-env-changed=CXXFLAGS
  CXXFLAGS = None
  cargo:rerun-if-env-changed=HOST_CXXFLAGS
  HOST_CXXFLAGS = None
  cargo:rerun-if-env-changed=CXXFLAGS_x86_64_unknown_linux_gnu
  CXXFLAGS_x86_64_unknown_linux_gnu = None
  cargo:rerun-if-env-changed=CXXFLAGS_x86_64-unknown-linux-gnu
  CXXFLAGS_x86_64-unknown-linux-gnu = None
  cargo:rerun-if-env-changed=CXX_x86_64-unknown-linux-gnu
  CXX_x86_64-unknown-linux-gnu = None
  cargo:rerun-if-env-changed=CXX_x86_64_unknown_linux_gnu
  CXX_x86_64_unknown_linux_gnu = None
  cargo:rerun-if-env-changed=HOST_CXX
  HOST_CXX = None
  cargo:rerun-if-env-changed=CXX
  CXX = None
  cargo:rerun-if-env-changed=CRATE_CC_NO_DEFAULTS
  CRATE_CC_NO_DEFAULTS = None
  cargo:rerun-if-env-changed=CXXFLAGS
  CXXFLAGS = None
  cargo:rerun-if-env-changed=HOST_CXXFLAGS
  HOST_CXXFLAGS = None
  cargo:rerun-if-env-changed=CXXFLAGS_x86_64_unknown_linux_gnu
  CXXFLAGS_x86_64_unknown_linux_gnu = None
  cargo:rerun-if-env-changed=CXXFLAGS_x86_64-unknown-linux-gnu
  CXXFLAGS_x86_64-unknown-linux-gnu = None
  cargo:rerun-if-env-changed=CXX_x86_64-unknown-linux-gnu
  CXX_x86_64-unknown-linux-gnu = None
  cargo:rerun-if-env-changed=CXX_x86_64_unknown_linux_gnu
  CXX_x86_64_unknown_linux_gnu = None
  cargo:rerun-if-env-changed=HOST_CXX
  HOST_CXX = None
  cargo:rerun-if-env-changed=CXX
  CXX = None
  cargo:rerun-if-env-changed=CRATE_CC_NO_DEFAULTS
  CRATE_CC_NO_DEFAULTS = None
  cargo:rerun-if-env-changed=CXXFLAGS
  CXXFLAGS = None
  cargo:rerun-if-env-changed=HOST_CXXFLAGS
  HOST_CXXFLAGS = None
  cargo:rerun-if-env-changed=CXXFLAGS_x86_64_unknown_linux_gnu
  CXXFLAGS_x86_64_unknown_linux_gnu = None
  cargo:rerun-if-env-changed=CXXFLAGS_x86_64-unknown-linux-gnu
  CXXFLAGS_x86_64-unknown-linux-gnu = None
  cargo:rerun-if-env-changed=CXX_x86_64-unknown-linux-gnu
  CXX_x86_64-unknown-linux-gnu = None
  cargo:rerun-if-env-changed=CXX_x86_64_unknown_linux_gnu
  CXX_x86_64_unknown_linux_gnu = None
  cargo:rerun-if-env-changed=HOST_CXX
  HOST_CXX = None
  cargo:rerun-if-env-changed=CXX
  CXX = None
  cargo:rerun-if-env-changed=CRATE_CC_NO_DEFAULTS
  CRATE_CC_NO_DEFAULTS = None
  cargo:rerun-if-env-changed=CXXFLAGS
  CXXFLAGS = None
  cargo:rerun-if-env-changed=HOST_CXXFLAGS
  HOST_CXXFLAGS = None
  cargo:rerun-if-env-changed=CXXFLAGS_x86_64_unknown_linux_gnu
  CXXFLAGS_x86_64_unknown_linux_gnu = None
  cargo:rerun-if-env-changed=CXXFLAGS_x86_64-unknown-linux-gnu
  CXXFLAGS_x86_64-unknown-linux-gnu = None
  cargo:rerun-if-env-changed=CXX_x86_64-unknown-linux-gnu
  CXX_x86_64-unknown-linux-gnu = None
  cargo:rerun-if-env-changed=CXX_x86_64_unknown_linux_gnu
  CXX_x86_64_unknown_linux_gnu = None
  cargo:rerun-if-env-changed=HOST_CXX
  HOST_CXX = None
  cargo:rerun-if-env-changed=CXX
  CXX = None
  cargo:rerun-if-env-changed=CRATE_CC_NO_DEFAULTS
  CRATE_CC_NO_DEFAULTS = None
  cargo:rerun-if-env-changed=CXXFLAGS
  CXXFLAGS = None
  cargo:rerun-if-env-changed=HOST_CXXFLAGS
  HOST_CXXFLAGS = None
  cargo:rerun-if-env-changed=CXXFLAGS_x86_64_unknown_linux_gnu
  CXXFLAGS_x86_64_unknown_linux_gnu = None
  cargo:rerun-if-env-changed=CXXFLAGS_x86_64-unknown-linux-gnu
  CXXFLAGS_x86_64-unknown-linux-gnu = None
  cargo:rerun-if-env-changed=CXX_x86_64-unknown-linux-gnu
  CXX_x86_64-unknown-linux-gnu = None
  cargo:rerun-if-env-changed=CXX_x86_64_unknown_linux_gnu
  CXX_x86_64_unknown_linux_gnu = None
  cargo:rerun-if-env-changed=HOST_CXX
  HOST_CXX = None
  cargo:rerun-if-env-changed=CXX
  CXX = None
  cargo:rerun-if-env-changed=CRATE_CC_NO_DEFAULTS
  CRATE_CC_NO_DEFAULTS = None
  cargo:rerun-if-env-changed=CXXFLAGS
  CXXFLAGS = None
  cargo:rerun-if-env-changed=HOST_CXXFLAGS
  HOST_CXXFLAGS = None
  cargo:rerun-if-env-changed=CXXFLAGS_x86_64_unknown_linux_gnu
  CXXFLAGS_x86_64_unknown_linux_gnu = None
  cargo:rerun-if-env-changed=CXXFLAGS_x86_64-unknown-linux-gnu
  CXXFLAGS_x86_64-unknown-linux-gnu = None
  cargo:rerun-if-env-changed=CXX_x86_64-unknown-linux-gnu
  CXX_x86_64-unknown-linux-gnu = None
  cargo:rerun-if-env-changed=CXX_x86_64_unknown_linux_gnu
  CXX_x86_64_unknown_linux_gnu = None
  cargo:rerun-if-env-changed=HOST_CXX
  HOST_CXX = None
  cargo:rerun-if-env-changed=CXX
  CXX = None
  cargo:rerun-if-env-changed=CRATE_CC_NO_DEFAULTS
  CRATE_CC_NO_DEFAULTS = None
  cargo:rerun-if-env-changed=CXXFLAGS
  CXXFLAGS = None
  cargo:rerun-if-env-changed=HOST_CXXFLAGS
  HOST_CXXFLAGS = None
  cargo:rerun-if-env-changed=CXXFLAGS_x86_64_unknown_linux_gnu
  CXXFLAGS_x86_64_unknown_linux_gnu = None
  cargo:rerun-if-env-changed=CXXFLAGS_x86_64-unknown-linux-gnu
  CXXFLAGS_x86_64-unknown-linux-gnu = None
  exit status: 0
  exit status: 0
  exit status: 0
  exit status: 0
  exit status: 0
  exit status: 0
  exit status: 0
  exit status: 0
  cargo:rerun-if-env-changed=CXX_x86_64-unknown-linux-gnu
  CXX_x86_64-unknown-linux-gnu = None
  cargo:rerun-if-env-changed=CXX_x86_64_unknown_linux_gnu
  CXX_x86_64_unknown_linux_gnu = None
  cargo:rerun-if-env-changed=HOST_CXX
  HOST_CXX = None
  cargo:rerun-if-env-changed=CXX
  CXX = None
  cargo:rerun-if-env-changed=CRATE_CC_NO_DEFAULTS
  CRATE_CC_NO_DEFAULTS = None
  cargo:rerun-if-env-changed=CXXFLAGS
  CXXFLAGS = None
  cargo:rerun-if-env-changed=HOST_CXXFLAGS
  HOST_CXXFLAGS = None
  cargo:rerun-if-env-changed=CXXFLAGS_x86_64_unknown_linux_gnu
  CXXFLAGS_x86_64_unknown_linux_gnu = None
  cargo:rerun-if-env-changed=CXXFLAGS_x86_64-unknown-linux-gnu
  CXXFLAGS_x86_64-unknown-linux-gnu = None
  cargo:rerun-if-env-changed=CXX_x86_64-unknown-linux-gnu
  CXX_x86_64-unknown-linux-gnu = None
  cargo:rerun-if-env-changed=CXX_x86_64_unknown_linux_gnu
  CXX_x86_64_unknown_linux_gnu = None
  cargo:rerun-if-env-changed=HOST_CXX
  HOST_CXX = None
  cargo:rerun-if-env-changed=CXX
  CXX = None
  cargo:rerun-if-env-changed=CRATE_CC_NO_DEFAULTS
  CRATE_CC_NO_DEFAULTS = None
  cargo:rerun-if-env-changed=CXXFLAGS
  CXXFLAGS = None
  cargo:rerun-if-env-changed=HOST_CXXFLAGS
  HOST_CXXFLAGS = None
  cargo:rerun-if-env-changed=CXXFLAGS_x86_64_unknown_linux_gnu
  CXXFLAGS_x86_64_unknown_linux_gnu = None
  cargo:rerun-if-env-changed=CXXFLAGS_x86_64-unknown-linux-gnu
  CXXFLAGS_x86_64-unknown-linux-gnu = None
  cargo:rerun-if-env-changed=CXX_x86_64-unknown-linux-gnu
  CXX_x86_64-unknown-linux-gnu = None
  cargo:rerun-if-env-changed=CXX_x86_64_unknown_linux_gnu
  CXX_x86_64_unknown_linux_gnu = None
  cargo:rerun-if-env-changed=HOST_CXX
  HOST_CXX = None
  cargo:rerun-if-env-changed=CXX
  CXX = None
  cargo:rerun-if-env-changed=CRATE_CC_NO_DEFAULTS
  CRATE_CC_NO_DEFAULTS = None
  cargo:rerun-if-env-changed=CXXFLAGS
  CXXFLAGS = None
  cargo:rerun-if-env-changed=HOST_CXXFLAGS
  HOST_CXXFLAGS = None
  cargo:rerun-if-env-changed=CXXFLAGS_x86_64_unknown_linux_gnu
  CXXFLAGS_x86_64_unknown_linux_gnu = None
  cargo:rerun-if-env-changed=CXXFLAGS_x86_64-unknown-linux-gnu
  CXXFLAGS_x86_64-unknown-linux-gnu = None
  cargo:rerun-if-env-changed=CXX_x86_64-unknown-linux-gnu
  CXX_x86_64-unknown-linux-gnu = None
  cargo:rerun-if-env-changed=CXX_x86_64_unknown_linux_gnu
  CXX_x86_64_unknown_linux_gnu = None
  cargo:rerun-if-env-changed=HOST_CXX
  HOST_CXX = None
  cargo:rerun-if-env-changed=CXX
  CXX = None
  cargo:rerun-if-env-changed=CRATE_CC_NO_DEFAULTS
  CRATE_CC_NO_DEFAULTS = None
  cargo:rerun-if-env-changed=CXXFLAGS
  CXXFLAGS = None
  cargo:rerun-if-env-changed=HOST_CXXFLAGS
  HOST_CXXFLAGS = None
  cargo:rerun-if-env-changed=CXXFLAGS_x86_64_unknown_linux_gnu
  CXXFLAGS_x86_64_unknown_linux_gnu = None
  cargo:rerun-if-env-changed=CXXFLAGS_x86_64-unknown-linux-gnu
  CXXFLAGS_x86_64-unknown-linux-gnu = None
  cargo:rerun-if-env-changed=CXX_x86_64-unknown-linux-gnu
  CXX_x86_64-unknown-linux-gnu = None
  cargo:rerun-if-env-changed=CXX_x86_64_unknown_linux_gnu
  CXX_x86_64_unknown_linux_gnu = None
  cargo:rerun-if-env-changed=HOST_CXX
  HOST_CXX = None
  cargo:rerun-if-env-changed=CXX
  CXX = None
  cargo:rerun-if-env-changed=CRATE_CC_NO_DEFAULTS
  CRATE_CC_NO_DEFAULTS = None
  cargo:rerun-if-env-changed=CXXFLAGS
  CXXFLAGS = None
  cargo:rerun-if-env-changed=HOST_CXXFLAGS
  HOST_CXXFLAGS = None
  cargo:rerun-if-env-changed=CXXFLAGS_x86_64_unknown_linux_gnu
  CXXFLAGS_x86_64_unknown_linux_gnu = None
  cargo:rerun-if-env-changed=CXXFLAGS_x86_64-unknown-linux-gnu
  CXXFLAGS_x86_64-unknown-linux-gnu = None
  cargo:rerun-if-env-changed=CXX_x86_64-unknown-linux-gnu
  CXX_x86_64-unknown-linux-gnu = None
  cargo:rerun-if-env-changed=CXX_x86_64_unknown_linux_gnu
  CXX_x86_64_unknown_linux_gnu = None
  cargo:rerun-if-env-changed=HOST_CXX
  HOST_CXX = None
  cargo:rerun-if-env-changed=CXX
  CXX = None
  cargo:rerun-if-env-changed=CRATE_CC_NO_DEFAULTS
  CRATE_CC_NO_DEFAULTS = None
  cargo:rerun-if-env-changed=CXXFLAGS
  CXXFLAGS = None
  cargo:rerun-if-env-changed=HOST_CXXFLAGS
  HOST_CXXFLAGS = None
  cargo:rerun-if-env-changed=CXXFLAGS_x86_64_unknown_linux_gnu
  CXXFLAGS_x86_64_unknown_linux_gnu = None
  cargo:rerun-if-env-changed=CXXFLAGS_x86_64-unknown-linux-gnu
  CXXFLAGS_x86_64-unknown-linux-gnu = None
  cargo:rerun-if-env-changed=CXX_x86_64-unknown-linux-gnu
  CXX_x86_64-unknown-linux-gnu = None
  cargo:rerun-if-env-changed=CXX_x86_64_unknown_linux_gnu
  CXX_x86_64_unknown_linux_gnu = None
  cargo:rerun-if-env-changed=HOST_CXX
  HOST_CXX = None
  cargo:rerun-if-env-changed=CXX
  CXX = None
  cargo:rerun-if-env-changed=CRATE_CC_NO_DEFAULTS
  CRATE_CC_NO_DEFAULTS = None
  cargo:rerun-if-env-changed=CXXFLAGS
  CXXFLAGS = None
  cargo:rerun-if-env-changed=HOST_CXXFLAGS
  HOST_CXXFLAGS = None
  cargo:rerun-if-env-changed=CXXFLAGS_x86_64_unknown_linux_gnu
  CXXFLAGS_x86_64_unknown_linux_gnu = None
  cargo:rerun-if-env-changed=CXXFLAGS_x86_64-unknown-linux-gnu
  CXXFLAGS_x86_64-unknown-linux-gnu = None
  cargo:rerun-if-env-changed=CXX_x86_64-unknown-linux-gnu
  CXX_x86_64-unknown-linux-gnu = None
  cargo:rerun-if-env-changed=CXX_x86_64_unknown_linux_gnu
  CXX_x86_64_unknown_linux_gnu = None
  cargo:rerun-if-env-changed=HOST_CXX
  HOST_CXX = None
  cargo:rerun-if-env-changed=CXX
  CXX = None
  cargo:rerun-if-env-changed=CRATE_CC_NO_DEFAULTS
  CRATE_CC_NO_DEFAULTS = None
  cargo:rerun-if-env-changed=CXXFLAGS
  CXXFLAGS = None
  cargo:rerun-if-env-changed=HOST_CXXFLAGS
  HOST_CXXFLAGS = None
  cargo:rerun-if-env-changed=CXXFLAGS_x86_64_unknown_linux_gnu
  CXXFLAGS_x86_64_unknown_linux_gnu = None
  cargo:rerun-if-env-changed=CXXFLAGS_x86_64-unknown-linux-gnu
  CXXFLAGS_x86_64-unknown-linux-gnu = None
  exit status: 0
  exit status: 0
  exit status: 0
  exit status: 0
  exit status: 0
  exit status: 0
  exit status: 0
  exit status: 0
  cargo:rerun-if-env-changed=CXX_x86_64-unknown-linux-gnu
  CXX_x86_64-unknown-linux-gnu = None
  cargo:rerun-if-env-changed=CXX_x86_64_unknown_linux_gnu
  CXX_x86_64_unknown_linux_gnu = None
  cargo:rerun-if-env-changed=HOST_CXX
  HOST_CXX = None
  cargo:rerun-if-env-changed=CXX
  CXX = None
  cargo:rerun-if-env-changed=CRATE_CC_NO_DEFAULTS
  CRATE_CC_NO_DEFAULTS = None
  cargo:rerun-if-env-changed=CXXFLAGS
  CXXFLAGS = None
  cargo:rerun-if-env-changed=HOST_CXXFLAGS
  HOST_CXXFLAGS = None
  cargo:rerun-if-env-changed=CXXFLAGS_x86_64_unknown_linux_gnu
  CXXFLAGS_x86_64_unknown_linux_gnu = None
  cargo:rerun-if-env-changed=CXXFLAGS_x86_64-unknown-linux-gnu
  CXXFLAGS_x86_64-unknown-linux-gnu = None
  cargo:rerun-if-env-changed=CXX_x86_64-unknown-linux-gnu
  CXX_x86_64-unknown-linux-gnu = None
  cargo:rerun-if-env-changed=CXX_x86_64_unknown_linux_gnu
  CXX_x86_64_unknown_linux_gnu = None
  cargo:rerun-if-env-changed=HOST_CXX
  HOST_CXX = None
  cargo:rerun-if-env-changed=CXX
  CXX = None
  cargo:rerun-if-env-changed=CRATE_CC_NO_DEFAULTS
  CRATE_CC_NO_DEFAULTS = None
  cargo:rerun-if-env-changed=CXXFLAGS
  CXXFLAGS = None
  cargo:rerun-if-env-changed=HOST_CXXFLAGS
  HOST_CXXFLAGS = None
  cargo:rerun-if-env-changed=CXXFLAGS_x86_64_unknown_linux_gnu
  CXXFLAGS_x86_64_unknown_linux_gnu = None
  cargo:rerun-if-env-changed=CXXFLAGS_x86_64-unknown-linux-gnu
  CXXFLAGS_x86_64-unknown-linux-gnu = None
  cargo:rerun-if-env-changed=CXX_x86_64-unknown-linux-gnu
  CXX_x86_64-unknown-linux-gnu = None
  cargo:rerun-if-env-changed=CXX_x86_64_unknown_linux_gnu
  CXX_x86_64_unknown_linux_gnu = None
  cargo:rerun-if-env-changed=HOST_CXX
  HOST_CXX = None
  cargo:rerun-if-env-changed=CXX
  CXX = None
  cargo:rerun-if-env-changed=CRATE_CC_NO_DEFAULTS
  CRATE_CC_NO_DEFAULTS = None
  cargo:rerun-if-env-changed=CXXFLAGS
  CXXFLAGS = None
  cargo:rerun-if-env-changed=HOST_CXXFLAGS
  HOST_CXXFLAGS = None
  cargo:rerun-if-env-changed=CXXFLAGS_x86_64_unknown_linux_gnu
  CXXFLAGS_x86_64_unknown_linux_gnu = None
  cargo:rerun-if-env-changed=CXXFLAGS_x86_64-unknown-linux-gnu
  CXXFLAGS_x86_64-unknown-linux-gnu = None
  cargo:rerun-if-env-changed=CXX_x86_64-unknown-linux-gnu
  CXX_x86_64-unknown-linux-gnu = None
  cargo:rerun-if-env-changed=CXX_x86_64_unknown_linux_gnu
  CXX_x86_64_unknown_linux_gnu = None
  cargo:rerun-if-env-changed=HOST_CXX
  HOST_CXX = None
  cargo:rerun-if-env-changed=CXX
  CXX = None
  cargo:rerun-if-env-changed=CRATE_CC_NO_DEFAULTS
  CRATE_CC_NO_DEFAULTS = None
  cargo:rerun-if-env-changed=CXXFLAGS
  CXXFLAGS = None
  cargo:rerun-if-env-changed=HOST_CXXFLAGS
  HOST_CXXFLAGS = None
  cargo:rerun-if-env-changed=CXXFLAGS_x86_64_unknown_linux_gnu
  CXXFLAGS_x86_64_unknown_linux_gnu = None
  cargo:rerun-if-env-changed=CXXFLAGS_x86_64-unknown-linux-gnu
  CXXFLAGS_x86_64-unknown-linux-gnu = None
  cargo:rerun-if-env-changed=CXX_x86_64-unknown-linux-gnu
  CXX_x86_64-unknown-linux-gnu = None
  cargo:rerun-if-env-changed=CXX_x86_64_unknown_linux_gnu
  CXX_x86_64_unknown_linux_gnu = None
  cargo:rerun-if-env-changed=HOST_CXX
  HOST_CXX = None
  cargo:rerun-if-env-changed=CXX
  CXX = None
  cargo:rerun-if-env-changed=CRATE_CC_NO_DEFAULTS
  CRATE_CC_NO_DEFAULTS = None
  cargo:rerun-if-env-changed=CXXFLAGS
  CXXFLAGS = None
  cargo:rerun-if-env-changed=HOST_CXXFLAGS
  HOST_CXXFLAGS = None
  cargo:rerun-if-env-changed=CXXFLAGS_x86_64_unknown_linux_gnu
  CXXFLAGS_x86_64_unknown_linux_gnu = None
  cargo:rerun-if-env-changed=CXXFLAGS_x86_64-unknown-linux-gnu
  CXXFLAGS_x86_64-unknown-linux-gnu = None
  cargo:rerun-if-env-changed=CXX_x86_64-unknown-linux-gnu
  CXX_x86_64-unknown-linux-gnu = None
  cargo:rerun-if-env-changed=CXX_x86_64_unknown_linux_gnu
  CXX_x86_64_unknown_linux_gnu = None
  cargo:rerun-if-env-changed=HOST_CXX
  HOST_CXX = None
  cargo:rerun-if-env-changed=CXX
  CXX = None
  cargo:rerun-if-env-changed=CRATE_CC_NO_DEFAULTS
  CRATE_CC_NO_DEFAULTS = None
  cargo:rerun-if-env-changed=CXXFLAGS
  CXXFLAGS = None
  cargo:rerun-if-env-changed=HOST_CXXFLAGS
  HOST_CXXFLAGS = None
  cargo:rerun-if-env-changed=CXXFLAGS_x86_64_unknown_linux_gnu
  CXXFLAGS_x86_64_unknown_linux_gnu = None
  cargo:rerun-if-env-changed=CXXFLAGS_x86_64-unknown-linux-gnu
  CXXFLAGS_x86_64-unknown-linux-gnu = None
  cargo:rerun-if-env-changed=CXX_x86_64-unknown-linux-gnu
  CXX_x86_64-unknown-linux-gnu = None
  cargo:rerun-if-env-changed=CXX_x86_64_unknown_linux_gnu
  CXX_x86_64_unknown_linux_gnu = None
  cargo:rerun-if-env-changed=HOST_CXX
  HOST_CXX = None
  cargo:rerun-if-env-changed=CXX
  CXX = None
  cargo:rerun-if-env-changed=CRATE_CC_NO_DEFAULTS
  CRATE_CC_NO_DEFAULTS = None
  cargo:rerun-if-env-changed=CXXFLAGS
  CXXFLAGS = None
  cargo:rerun-if-env-changed=HOST_CXXFLAGS
  HOST_CXXFLAGS = None
  cargo:rerun-if-env-changed=CXXFLAGS_x86_64_unknown_linux_gnu
  CXXFLAGS_x86_64_unknown_linux_gnu = None
  cargo:rerun-if-env-changed=CXXFLAGS_x86_64-unknown-linux-gnu
  CXXFLAGS_x86_64-unknown-linux-gnu = None
  exit status: 0
  exit status: 0
  exit status: 0
  exit status: 0
  exit status: 0
  exit status: 0
  exit status: 0
  exit status: 0
  cargo:rerun-if-env-changed=CXX_x86_64-unknown-linux-gnu
  CXX_x86_64-unknown-linux-gnu = None
  cargo:rerun-if-env-changed=CXX_x86_64_unknown_linux_gnu
  CXX_x86_64_unknown_linux_gnu = None
  cargo:rerun-if-env-changed=HOST_CXX
  HOST_CXX = None
  cargo:rerun-if-env-changed=CXX
  CXX = None
  cargo:rerun-if-env-changed=CRATE_CC_NO_DEFAULTS
  CRATE_CC_NO_DEFAULTS = None
  cargo:rerun-if-env-changed=CXXFLAGS
  CXXFLAGS = None
  cargo:rerun-if-env-changed=HOST_CXXFLAGS
  HOST_CXXFLAGS = None
  cargo:rerun-if-env-changed=CXXFLAGS_x86_64_unknown_linux_gnu
  CXXFLAGS_x86_64_unknown_linux_gnu = None
  cargo:rerun-if-env-changed=CXXFLAGS_x86_64-unknown-linux-gnu
  CXXFLAGS_x86_64-unknown-linux-gnu = None
  cargo:rerun-if-env-changed=CXX_x86_64-unknown-linux-gnu
  CXX_x86_64-unknown-linux-gnu = None
  cargo:rerun-if-env-changed=CXX_x86_64_unknown_linux_gnu
  CXX_x86_64_unknown_linux_gnu = None
  cargo:rerun-if-env-changed=HOST_CXX
  HOST_CXX = None
  cargo:rerun-if-env-changed=CXX
  CXX = None
  cargo:rerun-if-env-changed=CRATE_CC_NO_DEFAULTS
  CRATE_CC_NO_DEFAULTS = None
  cargo:rerun-if-env-changed=CXXFLAGS
  CXXFLAGS = None
  cargo:rerun-if-env-changed=HOST_CXXFLAGS
  HOST_CXXFLAGS = None
  cargo:rerun-if-env-changed=CXXFLAGS_x86_64_unknown_linux_gnu
  CXXFLAGS_x86_64_unknown_linux_gnu = None
  cargo:rerun-if-env-changed=CXXFLAGS_x86_64-unknown-linux-gnu
  CXXFLAGS_x86_64-unknown-linux-gnu = None
  cargo:rerun-if-env-changed=CXX_x86_64-unknown-linux-gnu
  CXX_x86_64-unknown-linux-gnu = None
  cargo:rerun-if-env-changed=CXX_x86_64_unknown_linux_gnu
  CXX_x86_64_unknown_linux_gnu = None
  cargo:rerun-if-env-changed=HOST_CXX
  HOST_CXX = None
  cargo:rerun-if-env-changed=CXX
  CXX = None
  cargo:rerun-if-env-changed=CRATE_CC_NO_DEFAULTS
  CRATE_CC_NO_DEFAULTS = None
  cargo:rerun-if-env-changed=CXXFLAGS
  CXXFLAGS = None
  cargo:rerun-if-env-changed=HOST_CXXFLAGS
  HOST_CXXFLAGS = None
  cargo:rerun-if-env-changed=CXXFLAGS_x86_64_unknown_linux_gnu
  CXXFLAGS_x86_64_unknown_linux_gnu = None
  cargo:rerun-if-env-changed=CXXFLAGS_x86_64-unknown-linux-gnu
  CXXFLAGS_x86_64-unknown-linux-gnu = None
  cargo:rerun-if-env-changed=CXX_x86_64-unknown-linux-gnu
  CXX_x86_64-unknown-linux-gnu = None
  cargo:rerun-if-env-changed=CXX_x86_64_unknown_linux_gnu
  CXX_x86_64_unknown_linux_gnu = None
  cargo:rerun-if-env-changed=HOST_CXX
  HOST_CXX = None
  cargo:rerun-if-env-changed=CXX
  CXX = None
  cargo:rerun-if-env-changed=CRATE_CC_NO_DEFAULTS
  CRATE_CC_NO_DEFAULTS = None
  cargo:rerun-if-env-changed=CXXFLAGS
  CXXFLAGS = None
  cargo:rerun-if-env-changed=HOST_CXXFLAGS
  HOST_CXXFLAGS = None
  cargo:rerun-if-env-changed=CXXFLAGS_x86_64_unknown_linux_gnu
  CXXFLAGS_x86_64_unknown_linux_gnu = None
  cargo:rerun-if-env-changed=CXXFLAGS_x86_64-unknown-linux-gnu
  CXXFLAGS_x86_64-unknown-linux-gnu = None
  cargo:rerun-if-env-changed=CXX_x86_64-unknown-linux-gnu
  CXX_x86_64-unknown-linux-gnu = None
  cargo:rerun-if-env-changed=CXX_x86_64_unknown_linux_gnu
  CXX_x86_64_unknown_linux_gnu = None
  cargo:rerun-if-env-changed=HOST_CXX
  HOST_CXX = None
  cargo:rerun-if-env-changed=CXX
  CXX = None
  cargo:rerun-if-env-changed=CRATE_CC_NO_DEFAULTS
  CRATE_CC_NO_DEFAULTS = None
  cargo:rerun-if-env-changed=CXXFLAGS
  CXXFLAGS = None
  cargo:rerun-if-env-changed=HOST_CXXFLAGS
  HOST_CXXFLAGS = None
  cargo:rerun-if-env-changed=CXXFLAGS_x86_64_unknown_linux_gnu
  CXXFLAGS_x86_64_unknown_linux_gnu = None
  cargo:rerun-if-env-changed=CXXFLAGS_x86_64-unknown-linux-gnu
  CXXFLAGS_x86_64-unknown-linux-gnu = None
  cargo:rerun-if-env-changed=CXX_x86_64-unknown-linux-gnu
  CXX_x86_64-unknown-linux-gnu = None
  cargo:rerun-if-env-changed=CXX_x86_64_unknown_linux_gnu
  CXX_x86_64_unknown_linux_gnu = None
  cargo:rerun-if-env-changed=HOST_CXX
  HOST_CXX = None
  cargo:rerun-if-env-changed=CXX
  CXX = None
  cargo:rerun-if-env-changed=CRATE_CC_NO_DEFAULTS
  CRATE_CC_NO_DEFAULTS = None
  cargo:rerun-if-env-changed=CXXFLAGS
  CXXFLAGS = None
  cargo:rerun-if-env-changed=HOST_CXXFLAGS
  HOST_CXXFLAGS = None
  cargo:rerun-if-env-changed=CXXFLAGS_x86_64_unknown_linux_gnu
  CXXFLAGS_x86_64_unknown_linux_gnu = None
  cargo:rerun-if-env-changed=CXXFLAGS_x86_64-unknown-linux-gnu
  CXXFLAGS_x86_64-unknown-linux-gnu = None
  cargo:rerun-if-env-changed=CXX_x86_64-unknown-linux-gnu
  CXX_x86_64-unknown-linux-gnu = None
  cargo:rerun-if-env-changed=CXX_x86_64_unknown_linux_gnu
  CXX_x86_64_unknown_linux_gnu = None
  cargo:rerun-if-env-changed=HOST_CXX
  HOST_CXX = None
  cargo:rerun-if-env-changed=CXX
  CXX = None
  cargo:rerun-if-env-changed=CRATE_CC_NO_DEFAULTS
  CRATE_CC_NO_DEFAULTS = None
  cargo:rerun-if-env-changed=CXXFLAGS
  CXXFLAGS = None
  cargo:rerun-if-env-changed=HOST_CXXFLAGS
  HOST_CXXFLAGS = None
  cargo:rerun-if-env-changed=CXXFLAGS_x86_64_unknown_linux_gnu
  CXXFLAGS_x86_64_unknown_linux_gnu = None
  cargo:rerun-if-env-changed=CXXFLAGS_x86_64-unknown-linux-gnu
  CXXFLAGS_x86_64-unknown-linux-gnu = None
  cargo:rerun-if-env-changed=CXX_x86_64-unknown-linux-gnu
  CXX_x86_64-unknown-linux-gnu = None
  cargo:rerun-if-env-changed=CXX_x86_64_unknown_linux_gnu
  CXX_x86_64_unknown_linux_gnu = None
  cargo:rerun-if-env-changed=HOST_CXX
  HOST_CXX = None
  cargo:rerun-if-env-changed=CXX
  CXX = None
  cargo:rerun-if-env-changed=CRATE_CC_NO_DEFAULTS
  CRATE_CC_NO_DEFAULTS = None
  cargo:rerun-if-env-changed=CXXFLAGS
  CXXFLAGS = None
  cargo:rerun-if-env-changed=HOST_CXXFLAGS
  HOST_CXXFLAGS = None
  cargo:rerun-if-env-changed=CXXFLAGS_x86_64_unknown_linux_gnu
  CXXFLAGS_x86_64_unknown_linux_gnu = None
  cargo:rerun-if-env-changed=CXXFLAGS_x86_64-unknown-linux-gnu
  CXXFLAGS_x86_64-unknown-linux-gnu = None
  cargo:rerun-if-env-changed=CXX_x86_64-unknown-linux-gnu
  CXX_x86_64-unknown-linux-gnu = None
  cargo:rerun-if-env-changed=CXX_x86_64_unknown_linux_gnu
  CXX_x86_64_unknown_linux_gnu = None
  cargo:rerun-if-env-changed=HOST_CXX
  HOST_CXX = None
  cargo:rerun-if-env-changed=CXX
  CXX = None
  cargo:rerun-if-env-changed=CRATE_CC_NO_DEFAULTS
  CRATE_CC_NO_DEFAULTS = None
  cargo:rerun-if-env-changed=CXXFLAGS
  CXXFLAGS = None
  cargo:rerun-if-env-changed=HOST_CXXFLAGS
  HOST_CXXFLAGS = None
  cargo:rerun-if-env-changed=CXXFLAGS_x86_64_unknown_linux_gnu
  CXXFLAGS_x86_64_unknown_linux_gnu = None
  cargo:rerun-if-env-changed=CXXFLAGS_x86_64-unknown-linux-gnu
  CXXFLAGS_x86_64-unknown-linux-gnu = None
  exit status: 0
  exit status: 0
  exit status: 0
  exit status: 0
  exit status: 0
  exit status: 0
  exit status: 0
  exit status: 0
  cargo:rerun-if-env-changed=CXX_x86_64-unknown-linux-gnu
  CXX_x86_64-unknown-linux-gnu = None
  cargo:rerun-if-env-changed=CXX_x86_64_unknown_linux_gnu
  CXX_x86_64_unknown_linux_gnu = None
  cargo:rerun-if-env-changed=HOST_CXX
  HOST_CXX = None
  cargo:rerun-if-env-changed=CXX
  CXX = None
  cargo:rerun-if-env-changed=CRATE_CC_NO_DEFAULTS
  CRATE_CC_NO_DEFAULTS = None
  cargo:rerun-if-env-changed=CXXFLAGS
  CXXFLAGS = None
  cargo:rerun-if-env-changed=HOST_CXXFLAGS
  HOST_CXXFLAGS = None
  cargo:rerun-if-env-changed=CXXFLAGS_x86_64_unknown_linux_gnu
  CXXFLAGS_x86_64_unknown_linux_gnu = None
  cargo:rerun-if-env-changed=CXXFLAGS_x86_64-unknown-linux-gnu
  CXXFLAGS_x86_64-unknown-linux-gnu = None
  cargo:rerun-if-env-changed=CXX_x86_64-unknown-linux-gnu
  CXX_x86_64-unknown-linux-gnu = None
  cargo:rerun-if-env-changed=CXX_x86_64_unknown_linux_gnu
  CXX_x86_64_unknown_linux_gnu = None
  cargo:rerun-if-env-changed=HOST_CXX
  HOST_CXX = None
  cargo:rerun-if-env-changed=CXX
  CXX = None
  cargo:rerun-if-env-changed=CRATE_CC_NO_DEFAULTS
  CRATE_CC_NO_DEFAULTS = None
  cargo:rerun-if-env-changed=CXXFLAGS
  CXXFLAGS = None
  cargo:rerun-if-env-changed=HOST_CXXFLAGS
  HOST_CXXFLAGS = None
  cargo:rerun-if-env-changed=CXXFLAGS_x86_64_unknown_linux_gnu
  CXXFLAGS_x86_64_unknown_linux_gnu = None
  cargo:rerun-if-env-changed=CXXFLAGS_x86_64-unknown-linux-gnu
  CXXFLAGS_x86_64-unknown-linux-gnu = None
  cargo:rerun-if-env-changed=CXX_x86_64-unknown-linux-gnu
  CXX_x86_64-unknown-linux-gnu = None
  cargo:rerun-if-env-changed=CXX_x86_64_unknown_linux_gnu
  CXX_x86_64_unknown_linux_gnu = None
  cargo:rerun-if-env-changed=HOST_CXX
  HOST_CXX = None
  cargo:rerun-if-env-changed=CXX
  CXX = None
  cargo:rerun-if-env-changed=CRATE_CC_NO_DEFAULTS
  CRATE_CC_NO_DEFAULTS = None
  cargo:rerun-if-env-changed=CXXFLAGS
  CXXFLAGS = None
  cargo:rerun-if-env-changed=HOST_CXXFLAGS
  HOST_CXXFLAGS = None
  cargo:rerun-if-env-changed=CXXFLAGS_x86_64_unknown_linux_gnu
  CXXFLAGS_x86_64_unknown_linux_gnu = None
  cargo:rerun-if-env-changed=CXXFLAGS_x86_64-unknown-linux-gnu
  CXXFLAGS_x86_64-unknown-linux-gnu = None
  cargo:rerun-if-env-changed=CXX_x86_64-unknown-linux-gnu
  CXX_x86_64-unknown-linux-gnu = None
  cargo:rerun-if-env-changed=CXX_x86_64_unknown_linux_gnu
  CXX_x86_64_unknown_linux_gnu = None
  cargo:rerun-if-env-changed=HOST_CXX
  HOST_CXX = None
  cargo:rerun-if-env-changed=CXX
  CXX = None
  cargo:rerun-if-env-changed=CRATE_CC_NO_DEFAULTS
  CRATE_CC_NO_DEFAULTS = None
  cargo:rerun-if-env-changed=CXXFLAGS
  CXXFLAGS = None
  cargo:rerun-if-env-changed=HOST_CXXFLAGS
  HOST_CXXFLAGS = None
  cargo:rerun-if-env-changed=CXXFLAGS_x86_64_unknown_linux_gnu
  CXXFLAGS_x86_64_unknown_linux_gnu = None
  cargo:rerun-if-env-changed=CXXFLAGS_x86_64-unknown-linux-gnu
  CXXFLAGS_x86_64-unknown-linux-gnu = None
  cargo:rerun-if-env-changed=CXX_x86_64-unknown-linux-gnu
  CXX_x86_64-unknown-linux-gnu = None
  cargo:rerun-if-env-changed=CXX_x86_64_unknown_linux_gnu
  CXX_x86_64_unknown_linux_gnu = None
  cargo:rerun-if-env-changed=HOST_CXX
  HOST_CXX = None
  cargo:rerun-if-env-changed=CXX
  CXX = None
  cargo:rerun-if-env-changed=CRATE_CC_NO_DEFAULTS
  CRATE_CC_NO_DEFAULTS = None
  cargo:rerun-if-env-changed=CXXFLAGS
  CXXFLAGS = None
  cargo:rerun-if-env-changed=HOST_CXXFLAGS
  HOST_CXXFLAGS = None
  cargo:rerun-if-env-changed=CXXFLAGS_x86_64_unknown_linux_gnu
  CXXFLAGS_x86_64_unknown_linux_gnu = None
  cargo:rerun-if-env-changed=CXXFLAGS_x86_64-unknown-linux-gnu
  CXXFLAGS_x86_64-unknown-linux-gnu = None
  cargo:rerun-if-env-changed=CXX_x86_64-unknown-linux-gnu
  CXX_x86_64-unknown-linux-gnu = None
  cargo:rerun-if-env-changed=CXX_x86_64_unknown_linux_gnu
  CXX_x86_64_unknown_linux_gnu = None
  cargo:rerun-if-env-changed=HOST_CXX
  HOST_CXX = None
  cargo:rerun-if-env-changed=CXX
  CXX = None
  cargo:rerun-if-env-changed=CRATE_CC_NO_DEFAULTS
  CRATE_CC_NO_DEFAULTS = None
  cargo:rerun-if-env-changed=CXXFLAGS
  CXXFLAGS = None
  cargo:rerun-if-env-changed=HOST_CXXFLAGS
  HOST_CXXFLAGS = None
  cargo:rerun-if-env-changed=CXXFLAGS_x86_64_unknown_linux_gnu
  CXXFLAGS_x86_64_unknown_linux_gnu = None
  cargo:rerun-if-env-changed=CXXFLAGS_x86_64-unknown-linux-gnu
  CXXFLAGS_x86_64-unknown-linux-gnu = None
  cargo:rerun-if-env-changed=CXX_x86_64-unknown-linux-gnu
  CXX_x86_64-unknown-linux-gnu = None
  cargo:rerun-if-env-changed=CXX_x86_64_unknown_linux_gnu
  CXX_x86_64_unknown_linux_gnu = None
  cargo:rerun-if-env-changed=HOST_CXX
  HOST_CXX = None
  cargo:rerun-if-env-changed=CXX
  CXX = None
  cargo:rerun-if-env-changed=CRATE_CC_NO_DEFAULTS
  CRATE_CC_NO_DEFAULTS = None
  cargo:rerun-if-env-changed=CXXFLAGS
  CXXFLAGS = None
  cargo:rerun-if-env-changed=HOST_CXXFLAGS
  HOST_CXXFLAGS = None
  cargo:rerun-if-env-changed=CXXFLAGS_x86_64_unknown_linux_gnu
  CXXFLAGS_x86_64_unknown_linux_gnu = None
  cargo:rerun-if-env-changed=CXXFLAGS_x86_64-unknown-linux-gnu
  CXXFLAGS_x86_64-unknown-linux-gnu = None
  cargo:rerun-if-env-changed=CXX_x86_64-unknown-linux-gnu
  CXX_x86_64-unknown-linux-gnu = None
  cargo:rerun-if-env-changed=CXX_x86_64_unknown_linux_gnu
  CXX_x86_64_unknown_linux_gnu = None
  cargo:rerun-if-env-changed=HOST_CXX
  HOST_CXX = None
  cargo:rerun-if-env-changed=CXX
  CXX = None
  cargo:rerun-if-env-changed=CRATE_CC_NO_DEFAULTS
  CRATE_CC_NO_DEFAULTS = None
  cargo:rerun-if-env-changed=CXXFLAGS
  CXXFLAGS = None
  cargo:rerun-if-env-changed=HOST_CXXFLAGS
  HOST_CXXFLAGS = None
  cargo:rerun-if-env-changed=CXXFLAGS_x86_64_unknown_linux_gnu
  CXXFLAGS_x86_64_unknown_linux_gnu = None
  cargo:rerun-if-env-changed=CXXFLAGS_x86_64-unknown-linux-gnu
  CXXFLAGS_x86_64-unknown-linux-gnu = None
  exit status: 0
  exit status: 0
  exit status: 0
  exit status: 0
  exit status: 0
  exit status: 0
  exit status: 0
  exit status: 0
  cargo:rerun-if-env-changed=CXX_x86_64-unknown-linux-gnu
  CXX_x86_64-unknown-linux-gnu = None
  cargo:rerun-if-env-changed=CXX_x86_64_unknown_linux_gnu
  CXX_x86_64_unknown_linux_gnu = None
  cargo:rerun-if-env-changed=HOST_CXX
  HOST_CXX = None
  cargo:rerun-if-env-changed=CXX
  CXX = None
  cargo:rerun-if-env-changed=CRATE_CC_NO_DEFAULTS
  CRATE_CC_NO_DEFAULTS = None
  cargo:rerun-if-env-changed=CXXFLAGS
  CXXFLAGS = None
  cargo:rerun-if-env-changed=HOST_CXXFLAGS
  HOST_CXXFLAGS = None
  cargo:rerun-if-env-changed=CXXFLAGS_x86_64_unknown_linux_gnu
  CXXFLAGS_x86_64_unknown_linux_gnu = None
  cargo:rerun-if-env-changed=CXXFLAGS_x86_64-unknown-linux-gnu
  CXXFLAGS_x86_64-unknown-linux-gnu = None
  cargo:rerun-if-env-changed=CXX_x86_64-unknown-linux-gnu
  CXX_x86_64-unknown-linux-gnu = None
  cargo:rerun-if-env-changed=CXX_x86_64_unknown_linux_gnu
  CXX_x86_64_unknown_linux_gnu = None
  cargo:rerun-if-env-changed=HOST_CXX
  HOST_CXX = None
  cargo:rerun-if-env-changed=CXX
  CXX = None
  cargo:rerun-if-env-changed=CRATE_CC_NO_DEFAULTS
  CRATE_CC_NO_DEFAULTS = None
  cargo:rerun-if-env-changed=CXXFLAGS
  CXXFLAGS = None
  cargo:rerun-if-env-changed=HOST_CXXFLAGS
  HOST_CXXFLAGS = None
  cargo:rerun-if-env-changed=CXXFLAGS_x86_64_unknown_linux_gnu
  CXXFLAGS_x86_64_unknown_linux_gnu = None
  cargo:rerun-if-env-changed=CXXFLAGS_x86_64-unknown-linux-gnu
  CXXFLAGS_x86_64-unknown-linux-gnu = None
  cargo:rerun-if-env-changed=CXX_x86_64-unknown-linux-gnu
  CXX_x86_64-unknown-linux-gnu = None
  cargo:rerun-if-env-changed=CXX_x86_64_unknown_linux_gnu
  CXX_x86_64_unknown_linux_gnu = None
  cargo:rerun-if-env-changed=HOST_CXX
  HOST_CXX = None
  cargo:rerun-if-env-changed=CXX
  CXX = None
  cargo:rerun-if-env-changed=CRATE_CC_NO_DEFAULTS
  CRATE_CC_NO_DEFAULTS = None
  cargo:rerun-if-env-changed=CXXFLAGS
  CXXFLAGS = None
  cargo:rerun-if-env-changed=HOST_CXXFLAGS
  HOST_CXXFLAGS = None
  cargo:rerun-if-env-changed=CXXFLAGS_x86_64_unknown_linux_gnu
  CXXFLAGS_x86_64_unknown_linux_gnu = None
  cargo:rerun-if-env-changed=CXXFLAGS_x86_64-unknown-linux-gnu
  CXXFLAGS_x86_64-unknown-linux-gnu = None
  cargo:rerun-if-env-changed=CXX_x86_64-unknown-linux-gnu
  CXX_x86_64-unknown-linux-gnu = None
  cargo:rerun-if-env-changed=CXX_x86_64_unknown_linux_gnu
  CXX_x86_64_unknown_linux_gnu = None
  cargo:rerun-if-env-changed=HOST_CXX
  HOST_CXX = None
  cargo:rerun-if-env-changed=CXX
  CXX = None
  cargo:rerun-if-env-changed=CRATE_CC_NO_DEFAULTS
  CRATE_CC_NO_DEFAULTS = None
  cargo:rerun-if-env-changed=CXXFLAGS
  CXXFLAGS = None
  cargo:rerun-if-env-changed=HOST_CXXFLAGS
  HOST_CXXFLAGS = None
  cargo:rerun-if-env-changed=CXXFLAGS_x86_64_unknown_linux_gnu
  CXXFLAGS_x86_64_unknown_linux_gnu = None
  cargo:rerun-if-env-changed=CXXFLAGS_x86_64-unknown-linux-gnu
  CXXFLAGS_x86_64-unknown-linux-gnu = None
  cargo:rerun-if-env-changed=CXX_x86_64-unknown-linux-gnu
  CXX_x86_64-unknown-linux-gnu = None
  cargo:rerun-if-env-changed=CXX_x86_64_unknown_linux_gnu
  CXX_x86_64_unknown_linux_gnu = None
  cargo:rerun-if-env-changed=HOST_CXX
  HOST_CXX = None
  cargo:rerun-if-env-changed=CXX
  CXX = None
  cargo:rerun-if-env-changed=CRATE_CC_NO_DEFAULTS
  CRATE_CC_NO_DEFAULTS = None
  cargo:rerun-if-env-changed=CXXFLAGS
  CXXFLAGS = None
  cargo:rerun-if-env-changed=HOST_CXXFLAGS
  HOST_CXXFLAGS = None
  cargo:rerun-if-env-changed=CXXFLAGS_x86_64_unknown_linux_gnu
  CXXFLAGS_x86_64_unknown_linux_gnu = None
  cargo:rerun-if-env-changed=CXXFLAGS_x86_64-unknown-linux-gnu
  CXXFLAGS_x86_64-unknown-linux-gnu = None
  cargo:rerun-if-env-changed=CXX_x86_64-unknown-linux-gnu
  CXX_x86_64-unknown-linux-gnu = None
  cargo:rerun-if-env-changed=CXX_x86_64_unknown_linux_gnu
  CXX_x86_64_unknown_linux_gnu = None
  cargo:rerun-if-env-changed=HOST_CXX
  HOST_CXX = None
  cargo:rerun-if-env-changed=CXX
  CXX = None
  cargo:rerun-if-env-changed=CRATE_CC_NO_DEFAULTS
  CRATE_CC_NO_DEFAULTS = None
  cargo:rerun-if-env-changed=CXXFLAGS
  CXXFLAGS = None
  cargo:rerun-if-env-changed=HOST_CXXFLAGS
  HOST_CXXFLAGS = None
  cargo:rerun-if-env-changed=CXXFLAGS_x86_64_unknown_linux_gnu
  CXXFLAGS_x86_64_unknown_linux_gnu = None
  cargo:rerun-if-env-changed=CXXFLAGS_x86_64-unknown-linux-gnu
  CXXFLAGS_x86_64-unknown-linux-gnu = None
  cargo:rerun-if-env-changed=CXX_x86_64-unknown-linux-gnu
  CXX_x86_64-unknown-linux-gnu = None
  cargo:rerun-if-env-changed=CXX_x86_64_unknown_linux_gnu
  CXX_x86_64_unknown_linux_gnu = None
  cargo:rerun-if-env-changed=HOST_CXX
  HOST_CXX = None
  cargo:rerun-if-env-changed=CXX
  CXX = None
  cargo:rerun-if-env-changed=CRATE_CC_NO_DEFAULTS
  CRATE_CC_NO_DEFAULTS = None
  cargo:rerun-if-env-changed=CXXFLAGS
  CXXFLAGS = None
  cargo:rerun-if-env-changed=HOST_CXXFLAGS
  HOST_CXXFLAGS = None
  cargo:rerun-if-env-changed=CXXFLAGS_x86_64_unknown_linux_gnu
  CXXFLAGS_x86_64_unknown_linux_gnu = None
  cargo:rerun-if-env-changed=CXXFLAGS_x86_64-unknown-linux-gnu
  CXXFLAGS_x86_64-unknown-linux-gnu = None
  cargo:rerun-if-env-changed=CXX_x86_64-unknown-linux-gnu
  CXX_x86_64-unknown-linux-gnu = None
  cargo:rerun-if-env-changed=CXX_x86_64_unknown_linux_gnu
  CXX_x86_64_unknown_linux_gnu = None
  cargo:rerun-if-env-changed=HOST_CXX
  HOST_CXX = None
  cargo:rerun-if-env-changed=CXX
  CXX = None
  cargo:rerun-if-env-changed=CRATE_CC_NO_DEFAULTS
  CRATE_CC_NO_DEFAULTS = None
  cargo:rerun-if-env-changed=CXXFLAGS
  CXXFLAGS = None
  cargo:rerun-if-env-changed=HOST_CXXFLAGS
  HOST_CXXFLAGS = None
  cargo:rerun-if-env-changed=CXXFLAGS_x86_64_unknown_linux_gnu
  CXXFLAGS_x86_64_unknown_linux_gnu = None
  cargo:rerun-if-env-changed=CXXFLAGS_x86_64-unknown-linux-gnu
  CXXFLAGS_x86_64-unknown-linux-gnu = None
  exit status: 0
  exit status: 0
  exit status: 0
  exit status: 0
  exit status: 0
  exit status: 0
  exit status: 0
  exit status: 0
  cargo:rerun-if-env-changed=CXX_x86_64-unknown-linux-gnu
  CXX_x86_64-unknown-linux-gnu = None
  cargo:rerun-if-env-changed=CXX_x86_64_unknown_linux_gnu
  CXX_x86_64_unknown_linux_gnu = None
  cargo:rerun-if-env-changed=HOST_CXX
  HOST_CXX = None
  cargo:rerun-if-env-changed=CXX
  CXX = None
  cargo:rerun-if-env-changed=CRATE_CC_NO_DEFAULTS
  CRATE_CC_NO_DEFAULTS = None
  cargo:rerun-if-env-changed=CXXFLAGS
  CXXFLAGS = None
  cargo:rerun-if-env-changed=HOST_CXXFLAGS
  HOST_CXXFLAGS = None
  cargo:rerun-if-env-changed=CXXFLAGS_x86_64_unknown_linux_gnu
  CXXFLAGS_x86_64_unknown_linux_gnu = None
  cargo:rerun-if-env-changed=CXXFLAGS_x86_64-unknown-linux-gnu
  CXXFLAGS_x86_64-unknown-linux-gnu = None
  cargo:rerun-if-env-changed=CXX_x86_64-unknown-linux-gnu
  CXX_x86_64-unknown-linux-gnu = None
  cargo:rerun-if-env-changed=CXX_x86_64_unknown_linux_gnu
  CXX_x86_64_unknown_linux_gnu = None
  cargo:rerun-if-env-changed=HOST_CXX
  HOST_CXX = None
  cargo:rerun-if-env-changed=CXX
  CXX = None
  cargo:rerun-if-env-changed=CRATE_CC_NO_DEFAULTS
  CRATE_CC_NO_DEFAULTS = None
  cargo:rerun-if-env-changed=CXXFLAGS
  CXXFLAGS = None
  cargo:rerun-if-env-changed=HOST_CXXFLAGS
  HOST_CXXFLAGS = None
  cargo:rerun-if-env-changed=CXXFLAGS_x86_64_unknown_linux_gnu
  CXXFLAGS_x86_64_unknown_linux_gnu = None
  cargo:rerun-if-env-changed=CXXFLAGS_x86_64-unknown-linux-gnu
  CXXFLAGS_x86_64-unknown-linux-gnu = None
  cargo:rerun-if-env-changed=CXX_x86_64-unknown-linux-gnu
  CXX_x86_64-unknown-linux-gnu = None
  cargo:rerun-if-env-changed=CXX_x86_64_unknown_linux_gnu
  CXX_x86_64_unknown_linux_gnu = None
  cargo:rerun-if-env-changed=HOST_CXX
  HOST_CXX = None
  cargo:rerun-if-env-changed=CXX
  CXX = None
  cargo:rerun-if-env-changed=CRATE_CC_NO_DEFAULTS
  CRATE_CC_NO_DEFAULTS = None
  cargo:rerun-if-env-changed=CXXFLAGS
  CXXFLAGS = None
  cargo:rerun-if-env-changed=HOST_CXXFLAGS
  HOST_CXXFLAGS = None
  cargo:rerun-if-env-changed=CXXFLAGS_x86_64_unknown_linux_gnu
  CXXFLAGS_x86_64_unknown_linux_gnu = None
  cargo:rerun-if-env-changed=CXXFLAGS_x86_64-unknown-linux-gnu
  CXXFLAGS_x86_64-unknown-linux-gnu = None
  cargo:rerun-if-env-changed=CXX_x86_64-unknown-linux-gnu
  CXX_x86_64-unknown-linux-gnu = None
  cargo:rerun-if-env-changed=CXX_x86_64_unknown_linux_gnu
  CXX_x86_64_unknown_linux_gnu = None
  cargo:rerun-if-env-changed=HOST_CXX
  HOST_CXX = None
  cargo:rerun-if-env-changed=CXX
  CXX = None
  cargo:rerun-if-env-changed=CRATE_CC_NO_DEFAULTS
  CRATE_CC_NO_DEFAULTS = None
  cargo:rerun-if-env-changed=CXXFLAGS
  CXXFLAGS = None
  cargo:rerun-if-env-changed=HOST_CXXFLAGS
  HOST_CXXFLAGS = None
  cargo:rerun-if-env-changed=CXXFLAGS_x86_64_unknown_linux_gnu
  CXXFLAGS_x86_64_unknown_linux_gnu = None
  cargo:rerun-if-env-changed=CXXFLAGS_x86_64-unknown-linux-gnu
  CXXFLAGS_x86_64-unknown-linux-gnu = None
  cargo:rerun-if-env-changed=CXX_x86_64-unknown-linux-gnu
  CXX_x86_64-unknown-linux-gnu = None
  cargo:rerun-if-env-changed=CXX_x86_64_unknown_linux_gnu
  CXX_x86_64_unknown_linux_gnu = None
  cargo:rerun-if-env-changed=HOST_CXX
  HOST_CXX = None
  cargo:rerun-if-env-changed=CXX
  CXX = None
  cargo:rerun-if-env-changed=CRATE_CC_NO_DEFAULTS
  CRATE_CC_NO_DEFAULTS = None
  cargo:rerun-if-env-changed=CXXFLAGS
  CXXFLAGS = None
  cargo:rerun-if-env-changed=HOST_CXXFLAGS
  HOST_CXXFLAGS = None
  cargo:rerun-if-env-changed=CXXFLAGS_x86_64_unknown_linux_gnu
  CXXFLAGS_x86_64_unknown_linux_gnu = None
  cargo:rerun-if-env-changed=CXXFLAGS_x86_64-unknown-linux-gnu
  CXXFLAGS_x86_64-unknown-linux-gnu = None
  cargo:rerun-if-env-changed=CXX_x86_64-unknown-linux-gnu
  CXX_x86_64-unknown-linux-gnu = None
  cargo:rerun-if-env-changed=CXX_x86_64_unknown_linux_gnu
  CXX_x86_64_unknown_linux_gnu = None
  cargo:rerun-if-env-changed=HOST_CXX
  HOST_CXX = None
  cargo:rerun-if-env-changed=CXX
  CXX = None
  cargo:rerun-if-env-changed=CRATE_CC_NO_DEFAULTS
  CRATE_CC_NO_DEFAULTS = None
  cargo:rerun-if-env-changed=CXXFLAGS
  CXXFLAGS = None
  cargo:rerun-if-env-changed=HOST_CXXFLAGS
  HOST_CXXFLAGS = None
  cargo:rerun-if-env-changed=CXXFLAGS_x86_64_unknown_linux_gnu
  CXXFLAGS_x86_64_unknown_linux_gnu = None
  cargo:rerun-if-env-changed=CXXFLAGS_x86_64-unknown-linux-gnu
  CXXFLAGS_x86_64-unknown-linux-gnu = None
  cargo:rerun-if-env-changed=CXX_x86_64-unknown-linux-gnu
  CXX_x86_64-unknown-linux-gnu = None
  cargo:rerun-if-env-changed=CXX_x86_64_unknown_linux_gnu
  CXX_x86_64_unknown_linux_gnu = None
  cargo:rerun-if-env-changed=HOST_CXX
  HOST_CXX = None
  cargo:rerun-if-env-changed=CXX
  CXX = None
  cargo:rerun-if-env-changed=CRATE_CC_NO_DEFAULTS
  CRATE_CC_NO_DEFAULTS = None
  cargo:rerun-if-env-changed=CXXFLAGS
  CXXFLAGS = None
  cargo:rerun-if-env-changed=HOST_CXXFLAGS
  HOST_CXXFLAGS = None
  cargo:rerun-if-env-changed=CXXFLAGS_x86_64_unknown_linux_gnu
  CXXFLAGS_x86_64_unknown_linux_gnu = None
  cargo:rerun-if-env-changed=CXXFLAGS_x86_64-unknown-linux-gnu
  CXXFLAGS_x86_64-unknown-linux-gnu = None
  cargo:rerun-if-env-changed=CXX_x86_64-unknown-linux-gnu
  CXX_x86_64-unknown-linux-gnu = None
  cargo:rerun-if-env-changed=CXX_x86_64_unknown_linux_gnu
  CXX_x86_64_unknown_linux_gnu = None
  cargo:rerun-if-env-changed=HOST_CXX
  HOST_CXX = None
  cargo:rerun-if-env-changed=CXX
  CXX = None
  cargo:rerun-if-env-changed=CRATE_CC_NO_DEFAULTS
  CRATE_CC_NO_DEFAULTS = None
  cargo:rerun-if-env-changed=CXXFLAGS
  CXXFLAGS = None
  cargo:rerun-if-env-changed=HOST_CXXFLAGS
  HOST_CXXFLAGS = None
  cargo:rerun-if-env-changed=CXXFLAGS_x86_64_unknown_linux_gnu
  CXXFLAGS_x86_64_unknown_linux_gnu = None
  cargo:rerun-if-env-changed=CXXFLAGS_x86_64-unknown-linux-gnu
  CXXFLAGS_x86_64-unknown-linux-gnu = None
  exit status: 0
  exit status: 0
  exit status: 0
  exit status: 0
  exit status: 0
  exit status: 0
  exit status: 0
  exit status: 0
  cargo:rerun-if-env-changed=CXX_x86_64-unknown-linux-gnu
  CXX_x86_64-unknown-linux-gnu = None
  cargo:rerun-if-env-changed=CXX_x86_64_unknown_linux_gnu
  CXX_x86_64_unknown_linux_gnu = None
  cargo:rerun-if-env-changed=HOST_CXX
  HOST_CXX = None
  cargo:rerun-if-env-changed=CXX
  CXX = None
  cargo:rerun-if-env-changed=CRATE_CC_NO_DEFAULTS
  CRATE_CC_NO_DEFAULTS = None
  cargo:rerun-if-env-changed=CXXFLAGS
  CXXFLAGS = None
  cargo:rerun-if-env-changed=HOST_CXXFLAGS
  HOST_CXXFLAGS = None
  cargo:rerun-if-env-changed=CXXFLAGS_x86_64_unknown_linux_gnu
  CXXFLAGS_x86_64_unknown_linux_gnu = None
  cargo:rerun-if-env-changed=CXXFLAGS_x86_64-unknown-linux-gnu
  CXXFLAGS_x86_64-unknown-linux-gnu = None
  cargo:rerun-if-env-changed=CXX_x86_64-unknown-linux-gnu
  CXX_x86_64-unknown-linux-gnu = None
  cargo:rerun-if-env-changed=CXX_x86_64_unknown_linux_gnu
  CXX_x86_64_unknown_linux_gnu = None
  cargo:rerun-if-env-changed=HOST_CXX
  HOST_CXX = None
  cargo:rerun-if-env-changed=CXX
  CXX = None
  cargo:rerun-if-env-changed=CRATE_CC_NO_DEFAULTS
  CRATE_CC_NO_DEFAULTS = None
  cargo:rerun-if-env-changed=CXXFLAGS
  CXXFLAGS = None
  cargo:rerun-if-env-changed=HOST_CXXFLAGS
  HOST_CXXFLAGS = None
  cargo:rerun-if-env-changed=CXXFLAGS_x86_64_unknown_linux_gnu
  CXXFLAGS_x86_64_unknown_linux_gnu = None
  cargo:rerun-if-env-changed=CXXFLAGS_x86_64-unknown-linux-gnu
  CXXFLAGS_x86_64-unknown-linux-gnu = None
  cargo:rerun-if-env-changed=CXX_x86_64-unknown-linux-gnu
  CXX_x86_64-unknown-linux-gnu = None
  cargo:rerun-if-env-changed=CXX_x86_64_unknown_linux_gnu
  CXX_x86_64_unknown_linux_gnu = None
  cargo:rerun-if-env-changed=HOST_CXX
  HOST_CXX = None
  cargo:rerun-if-env-changed=CXX
  CXX = None
  cargo:rerun-if-env-changed=CRATE_CC_NO_DEFAULTS
  CRATE_CC_NO_DEFAULTS = None
  cargo:rerun-if-env-changed=CXXFLAGS
  CXXFLAGS = None
  cargo:rerun-if-env-changed=HOST_CXXFLAGS
  HOST_CXXFLAGS = None
  cargo:rerun-if-env-changed=CXXFLAGS_x86_64_unknown_linux_gnu
  CXXFLAGS_x86_64_unknown_linux_gnu = None
  cargo:rerun-if-env-changed=CXXFLAGS_x86_64-unknown-linux-gnu
  CXXFLAGS_x86_64-unknown-linux-gnu = None
  cargo:rerun-if-env-changed=CXX_x86_64-unknown-linux-gnu
  CXX_x86_64-unknown-linux-gnu = None
  cargo:rerun-if-env-changed=CXX_x86_64_unknown_linux_gnu
  CXX_x86_64_unknown_linux_gnu = None
  cargo:rerun-if-env-changed=HOST_CXX
  HOST_CXX = None
  cargo:rerun-if-env-changed=CXX
  CXX = None
  cargo:rerun-if-env-changed=CRATE_CC_NO_DEFAULTS
  CRATE_CC_NO_DEFAULTS = None
  cargo:rerun-if-env-changed=CXXFLAGS
  CXXFLAGS = None
  cargo:rerun-if-env-changed=HOST_CXXFLAGS
  HOST_CXXFLAGS = None
  cargo:rerun-if-env-changed=CXXFLAGS_x86_64_unknown_linux_gnu
  CXXFLAGS_x86_64_unknown_linux_gnu = None
  cargo:rerun-if-env-changed=CXXFLAGS_x86_64-unknown-linux-gnu
  CXXFLAGS_x86_64-unknown-linux-gnu = None
  cargo:rerun-if-env-changed=CXX_x86_64-unknown-linux-gnu
  CXX_x86_64-unknown-linux-gnu = None
  cargo:rerun-if-env-changed=CXX_x86_64_unknown_linux_gnu
  CXX_x86_64_unknown_linux_gnu = None
  cargo:rerun-if-env-changed=HOST_CXX
  HOST_CXX = None
  cargo:rerun-if-env-changed=CXX
  CXX = None
  cargo:rerun-if-env-changed=CRATE_CC_NO_DEFAULTS
  CRATE_CC_NO_DEFAULTS = None
  cargo:rerun-if-env-changed=CXXFLAGS
  CXXFLAGS = None
  cargo:rerun-if-env-changed=HOST_CXXFLAGS
  HOST_CXXFLAGS = None
  cargo:rerun-if-env-changed=CXXFLAGS_x86_64_unknown_linux_gnu
  CXXFLAGS_x86_64_unknown_linux_gnu = None
  cargo:rerun-if-env-changed=CXXFLAGS_x86_64-unknown-linux-gnu
  CXXFLAGS_x86_64-unknown-linux-gnu = None
  cargo:rerun-if-env-changed=CXX_x86_64-unknown-linux-gnu
  CXX_x86_64-unknown-linux-gnu = None
  cargo:rerun-if-env-changed=CXX_x86_64_unknown_linux_gnu
  CXX_x86_64_unknown_linux_gnu = None
  cargo:rerun-if-env-changed=HOST_CXX
  HOST_CXX = None
  cargo:rerun-if-env-changed=CXX
  CXX = None
  cargo:rerun-if-env-changed=CRATE_CC_NO_DEFAULTS
  CRATE_CC_NO_DEFAULTS = None
  cargo:rerun-if-env-changed=CXXFLAGS
  CXXFLAGS = None
  cargo:rerun-if-env-changed=HOST_CXXFLAGS
  HOST_CXXFLAGS = None
  cargo:rerun-if-env-changed=CXXFLAGS_x86_64_unknown_linux_gnu
  CXXFLAGS_x86_64_unknown_linux_gnu = None
  cargo:rerun-if-env-changed=CXXFLAGS_x86_64-unknown-linux-gnu
  CXXFLAGS_x86_64-unknown-linux-gnu = None
  cargo:rerun-if-env-changed=CXX_x86_64-unknown-linux-gnu
  CXX_x86_64-unknown-linux-gnu = None
  cargo:rerun-if-env-changed=CXX_x86_64_unknown_linux_gnu
  CXX_x86_64_unknown_linux_gnu = None
  cargo:rerun-if-env-changed=HOST_CXX
  HOST_CXX = None
  cargo:rerun-if-env-changed=CXX
  CXX = None
  cargo:rerun-if-env-changed=CRATE_CC_NO_DEFAULTS
  CRATE_CC_NO_DEFAULTS = None
  cargo:rerun-if-env-changed=CXXFLAGS
  CXXFLAGS = None
  cargo:rerun-if-env-changed=HOST_CXXFLAGS
  HOST_CXXFLAGS = None
  cargo:rerun-if-env-changed=CXXFLAGS_x86_64_unknown_linux_gnu
  CXXFLAGS_x86_64_unknown_linux_gnu = None
  cargo:rerun-if-env-changed=CXXFLAGS_x86_64-unknown-linux-gnu
  CXXFLAGS_x86_64-unknown-linux-gnu = None
  exit status: 0
  exit status: 0
  exit status: 0
  exit status: 0
  exit status: 0
  exit status: 0
  exit status: 0
  exit status: 0
  cargo:rerun-if-env-changed=CXX_x86_64-unknown-linux-gnu
  CXX_x86_64-unknown-linux-gnu = None
  cargo:rerun-if-env-changed=CXX_x86_64_unknown_linux_gnu
  CXX_x86_64_unknown_linux_gnu = None
  cargo:rerun-if-env-changed=HOST_CXX
  HOST_CXX = None
  cargo:rerun-if-env-changed=CXX
  CXX = None
  cargo:rerun-if-env-changed=CRATE_CC_NO_DEFAULTS
  CRATE_CC_NO_DEFAULTS = None
  cargo:rerun-if-env-changed=CXXFLAGS
  CXXFLAGS = None
  cargo:rerun-if-env-changed=HOST_CXXFLAGS
  HOST_CXXFLAGS = None
  cargo:rerun-if-env-changed=CXXFLAGS_x86_64_unknown_linux_gnu
  CXXFLAGS_x86_64_unknown_linux_gnu = None
  cargo:rerun-if-env-changed=CXXFLAGS_x86_64-unknown-linux-gnu
  CXXFLAGS_x86_64-unknown-linux-gnu = None
  cargo:rerun-if-env-changed=CXX_x86_64-unknown-linux-gnu
  CXX_x86_64-unknown-linux-gnu = None
  cargo:rerun-if-env-changed=CXX_x86_64_unknown_linux_gnu
  CXX_x86_64_unknown_linux_gnu = None
  cargo:rerun-if-env-changed=HOST_CXX
  HOST_CXX = None
  cargo:rerun-if-env-changed=CXX
  CXX = None
  cargo:rerun-if-env-changed=CRATE_CC_NO_DEFAULTS
  CRATE_CC_NO_DEFAULTS = None
  cargo:rerun-if-env-changed=CXXFLAGS
  CXXFLAGS = None
  cargo:rerun-if-env-changed=HOST_CXXFLAGS
  HOST_CXXFLAGS = None
  cargo:rerun-if-env-changed=CXXFLAGS_x86_64_unknown_linux_gnu
  CXXFLAGS_x86_64_unknown_linux_gnu = None
  cargo:rerun-if-env-changed=CXXFLAGS_x86_64-unknown-linux-gnu
  CXXFLAGS_x86_64-unknown-linux-gnu = None
  cargo:rerun-if-env-changed=CXX_x86_64-unknown-linux-gnu
  CXX_x86_64-unknown-linux-gnu = None
  cargo:rerun-if-env-changed=CXX_x86_64_unknown_linux_gnu
  CXX_x86_64_unknown_linux_gnu = None
  cargo:rerun-if-env-changed=HOST_CXX
  HOST_CXX = None
  cargo:rerun-if-env-changed=CXX
  CXX = None
  cargo:rerun-if-env-changed=CRATE_CC_NO_DEFAULTS
  CRATE_CC_NO_DEFAULTS = None
  cargo:rerun-if-env-changed=CXXFLAGS
  CXXFLAGS = None
  cargo:rerun-if-env-changed=HOST_CXXFLAGS
  HOST_CXXFLAGS = None
  cargo:rerun-if-env-changed=CXXFLAGS_x86_64_unknown_linux_gnu
  CXXFLAGS_x86_64_unknown_linux_gnu = None
  cargo:rerun-if-env-changed=CXXFLAGS_x86_64-unknown-linux-gnu
  CXXFLAGS_x86_64-unknown-linux-gnu = None
  cargo:rerun-if-env-changed=CXX_x86_64-unknown-linux-gnu
  CXX_x86_64-unknown-linux-gnu = None
  cargo:rerun-if-env-changed=CXX_x86_64_unknown_linux_gnu
  CXX_x86_64_unknown_linux_gnu = None
  cargo:rerun-if-env-changed=HOST_CXX
  HOST_CXX = None
  cargo:rerun-if-env-changed=CXX
  CXX = None
  cargo:rerun-if-env-changed=CRATE_CC_NO_DEFAULTS
  CRATE_CC_NO_DEFAULTS = None
  cargo:rerun-if-env-changed=CXXFLAGS
  CXXFLAGS = None
  cargo:rerun-if-env-changed=HOST_CXXFLAGS
  HOST_CXXFLAGS = None
  cargo:rerun-if-env-changed=CXXFLAGS_x86_64_unknown_linux_gnu
  CXXFLAGS_x86_64_unknown_linux_gnu = None
  cargo:rerun-if-env-changed=CXXFLAGS_x86_64-unknown-linux-gnu
  CXXFLAGS_x86_64-unknown-linux-gnu = None
  cargo:rerun-if-env-changed=CXX_x86_64-unknown-linux-gnu
  CXX_x86_64-unknown-linux-gnu = None
  cargo:rerun-if-env-changed=CXX_x86_64_unknown_linux_gnu
  CXX_x86_64_unknown_linux_gnu = None
  cargo:rerun-if-env-changed=HOST_CXX
  HOST_CXX = None
  cargo:rerun-if-env-changed=CXX
  CXX = None
  cargo:rerun-if-env-changed=CRATE_CC_NO_DEFAULTS
  CRATE_CC_NO_DEFAULTS = None
  cargo:rerun-if-env-changed=CXXFLAGS
  CXXFLAGS = None
  cargo:rerun-if-env-changed=HOST_CXXFLAGS
  HOST_CXXFLAGS = None
  cargo:rerun-if-env-changed=CXXFLAGS_x86_64_unknown_linux_gnu
  CXXFLAGS_x86_64_unknown_linux_gnu = None
  cargo:rerun-if-env-changed=CXXFLAGS_x86_64-unknown-linux-gnu
  CXXFLAGS_x86_64-unknown-linux-gnu = None
  cargo:rerun-if-env-changed=CXX_x86_64-unknown-linux-gnu
  CXX_x86_64-unknown-linux-gnu = None
  cargo:rerun-if-env-changed=CXX_x86_64_unknown_linux_gnu
  CXX_x86_64_unknown_linux_gnu = None
  cargo:rerun-if-env-changed=HOST_CXX
  HOST_CXX = None
  cargo:rerun-if-env-changed=CXX
  CXX = None
  cargo:rerun-if-env-changed=CRATE_CC_NO_DEFAULTS
  CRATE_CC_NO_DEFAULTS = None
  cargo:rerun-if-env-changed=CXXFLAGS
  CXXFLAGS = None
  cargo:rerun-if-env-changed=HOST_CXXFLAGS
  HOST_CXXFLAGS = None
  cargo:rerun-if-env-changed=CXXFLAGS_x86_64_unknown_linux_gnu
  CXXFLAGS_x86_64_unknown_linux_gnu = None
  cargo:rerun-if-env-changed=CXXFLAGS_x86_64-unknown-linux-gnu
  CXXFLAGS_x86_64-unknown-linux-gnu = None
  cargo:rerun-if-env-changed=CXX_x86_64-unknown-linux-gnu
  CXX_x86_64-unknown-linux-gnu = None
  cargo:rerun-if-env-changed=CXX_x86_64_unknown_linux_gnu
  CXX_x86_64_unknown_linux_gnu = None
  cargo:rerun-if-env-changed=HOST_CXX
  HOST_CXX = None
  cargo:rerun-if-env-changed=CXX
  CXX = None
  cargo:rerun-if-env-changed=CRATE_CC_NO_DEFAULTS
  CRATE_CC_NO_DEFAULTS = None
  cargo:rerun-if-env-changed=CXXFLAGS
  CXXFLAGS = None
  cargo:rerun-if-env-changed=HOST_CXXFLAGS
  HOST_CXXFLAGS = None
  cargo:rerun-if-env-changed=CXXFLAGS_x86_64_unknown_linux_gnu
  CXXFLAGS_x86_64_unknown_linux_gnu = None
  cargo:rerun-if-env-changed=CXXFLAGS_x86_64-unknown-linux-gnu
  CXXFLAGS_x86_64-unknown-linux-gnu = None
  cargo:rerun-if-env-changed=CXX_x86_64-unknown-linux-gnu
  CXX_x86_64-unknown-linux-gnu = None
  cargo:rerun-if-env-changed=CXX_x86_64_unknown_linux_gnu
  CXX_x86_64_unknown_linux_gnu = None
  cargo:rerun-if-env-changed=HOST_CXX
  HOST_CXX = None
  cargo:rerun-if-env-changed=CXX
  CXX = None
  cargo:rerun-if-env-changed=CRATE_CC_NO_DEFAULTS
  CRATE_CC_NO_DEFAULTS = None
  cargo:rerun-if-env-changed=CXXFLAGS
  CXXFLAGS = None
  cargo:rerun-if-env-changed=HOST_CXXFLAGS
  HOST_CXXFLAGS = None
  cargo:rerun-if-env-changed=CXXFLAGS_x86_64_unknown_linux_gnu
  CXXFLAGS_x86_64_unknown_linux_gnu = None
  cargo:rerun-if-env-changed=CXXFLAGS_x86_64-unknown-linux-gnu
  CXXFLAGS_x86_64-unknown-linux-gnu = None
  cargo:rerun-if-env-changed=CXX_x86_64-unknown-linux-gnu
  CXX_x86_64-unknown-linux-gnu = None
  cargo:rerun-if-env-changed=CXX_x86_64_unknown_linux_gnu
  CXX_x86_64_unknown_linux_gnu = None
  cargo:rerun-if-env-changed=HOST_CXX
  HOST_CXX = None
  cargo:rerun-if-env-changed=CXX
  CXX = None
  cargo:rerun-if-env-changed=CRATE_CC_NO_DEFAULTS
  CRATE_CC_NO_DEFAULTS = None
  cargo:rerun-if-env-changed=CXXFLAGS
  CXXFLAGS = None
  cargo:rerun-if-env-changed=HOST_CXXFLAGS
  HOST_CXXFLAGS = None
  cargo:rerun-if-env-changed=CXXFLAGS_x86_64_unknown_linux_gnu
  CXXFLAGS_x86_64_unknown_linux_gnu = None
  cargo:rerun-if-env-changed=CXXFLAGS_x86_64-unknown-linux-gnu
  CXXFLAGS_x86_64-unknown-linux-gnu = None
  exit status: 0
  exit status: 0
  exit status: 0
  exit status: 0
  exit status: 0
  exit status: 0
  exit status: 0
  exit status: 0
  cargo:rerun-if-env-changed=CXX_x86_64-unknown-linux-gnu
  CXX_x86_64-unknown-linux-gnu = None
  cargo:rerun-if-env-changed=CXX_x86_64_unknown_linux_gnu
  CXX_x86_64_unknown_linux_gnu = None
  cargo:rerun-if-env-changed=HOST_CXX
  HOST_CXX = None
  cargo:rerun-if-env-changed=CXX
  CXX = None
  cargo:rerun-if-env-changed=CRATE_CC_NO_DEFAULTS
  CRATE_CC_NO_DEFAULTS = None
  cargo:rerun-if-env-changed=CXXFLAGS
  CXXFLAGS = None
  cargo:rerun-if-env-changed=HOST_CXXFLAGS
  HOST_CXXFLAGS = None
  cargo:rerun-if-env-changed=CXXFLAGS_x86_64_unknown_linux_gnu
  CXXFLAGS_x86_64_unknown_linux_gnu = None
  cargo:rerun-if-env-changed=CXXFLAGS_x86_64-unknown-linux-gnu
  CXXFLAGS_x86_64-unknown-linux-gnu = None
  cargo:rerun-if-env-changed=CXX_x86_64-unknown-linux-gnu
  CXX_x86_64-unknown-linux-gnu = None
  cargo:rerun-if-env-changed=CXX_x86_64_unknown_linux_gnu
  CXX_x86_64_unknown_linux_gnu = None
  cargo:rerun-if-env-changed=HOST_CXX
  HOST_CXX = None
  cargo:rerun-if-env-changed=CXX
  CXX = None
  cargo:rerun-if-env-changed=CRATE_CC_NO_DEFAULTS
  CRATE_CC_NO_DEFAULTS = None
  cargo:rerun-if-env-changed=CXXFLAGS
  CXXFLAGS = None
  cargo:rerun-if-env-changed=HOST_CXXFLAGS
  HOST_CXXFLAGS = None
  cargo:rerun-if-env-changed=CXXFLAGS_x86_64_unknown_linux_gnu
  CXXFLAGS_x86_64_unknown_linux_gnu = None
  cargo:rerun-if-env-changed=CXXFLAGS_x86_64-unknown-linux-gnu
  CXXFLAGS_x86_64-unknown-linux-gnu = None
  cargo:rerun-if-env-changed=CXX_x86_64-unknown-linux-gnu
  CXX_x86_64-unknown-linux-gnu = None
  cargo:rerun-if-env-changed=CXX_x86_64_unknown_linux_gnu
  CXX_x86_64_unknown_linux_gnu = None
  cargo:rerun-if-env-changed=HOST_CXX
  HOST_CXX = None
  cargo:rerun-if-env-changed=CXX
  CXX = None
  cargo:rerun-if-env-changed=CRATE_CC_NO_DEFAULTS
  CRATE_CC_NO_DEFAULTS = None
  cargo:rerun-if-env-changed=CXXFLAGS
  CXXFLAGS = None
  cargo:rerun-if-env-changed=HOST_CXXFLAGS
  HOST_CXXFLAGS = None
  cargo:rerun-if-env-changed=CXXFLAGS_x86_64_unknown_linux_gnu
  CXXFLAGS_x86_64_unknown_linux_gnu = None
  cargo:rerun-if-env-changed=CXXFLAGS_x86_64-unknown-linux-gnu
  CXXFLAGS_x86_64-unknown-linux-gnu = None
  cargo:rerun-if-env-changed=CXX_x86_64-unknown-linux-gnu
  CXX_x86_64-unknown-linux-gnu = None
  cargo:rerun-if-env-changed=CXX_x86_64_unknown_linux_gnu
  CXX_x86_64_unknown_linux_gnu = None
  cargo:rerun-if-env-changed=HOST_CXX
  HOST_CXX = None
  cargo:rerun-if-env-changed=CXX
  CXX = None
  cargo:rerun-if-env-changed=CRATE_CC_NO_DEFAULTS
  CRATE_CC_NO_DEFAULTS = None
  cargo:rerun-if-env-changed=CXXFLAGS
  CXXFLAGS = None
  cargo:rerun-if-env-changed=HOST_CXXFLAGS
  HOST_CXXFLAGS = None
  cargo:rerun-if-env-changed=CXXFLAGS_x86_64_unknown_linux_gnu
  CXXFLAGS_x86_64_unknown_linux_gnu = None
  cargo:rerun-if-env-changed=CXXFLAGS_x86_64-unknown-linux-gnu
  CXXFLAGS_x86_64-unknown-linux-gnu = None
  cargo:rerun-if-env-changed=CXX_x86_64-unknown-linux-gnu
  CXX_x86_64-unknown-linux-gnu = None
  cargo:rerun-if-env-changed=CXX_x86_64_unknown_linux_gnu
  CXX_x86_64_unknown_linux_gnu = None
  cargo:rerun-if-env-changed=HOST_CXX
  HOST_CXX = None
  cargo:rerun-if-env-changed=CXX
  CXX = None
  cargo:rerun-if-env-changed=CRATE_CC_NO_DEFAULTS
  CRATE_CC_NO_DEFAULTS = None
  cargo:rerun-if-env-changed=CXXFLAGS
  CXXFLAGS = None
  cargo:rerun-if-env-changed=HOST_CXXFLAGS
  HOST_CXXFLAGS = None
  cargo:rerun-if-env-changed=CXXFLAGS_x86_64_unknown_linux_gnu
  CXXFLAGS_x86_64_unknown_linux_gnu = None
  cargo:rerun-if-env-changed=CXXFLAGS_x86_64-unknown-linux-gnu
  CXXFLAGS_x86_64-unknown-linux-gnu = None
  cargo:rerun-if-env-changed=CXX_x86_64-unknown-linux-gnu
  CXX_x86_64-unknown-linux-gnu = None
  cargo:rerun-if-env-changed=CXX_x86_64_unknown_linux_gnu
  CXX_x86_64_unknown_linux_gnu = None
  cargo:rerun-if-env-changed=HOST_CXX
  HOST_CXX = None
  cargo:rerun-if-env-changed=CXX
  CXX = None
  cargo:rerun-if-env-changed=CRATE_CC_NO_DEFAULTS
  CRATE_CC_NO_DEFAULTS = None
  cargo:rerun-if-env-changed=CXXFLAGS
  CXXFLAGS = None
  cargo:rerun-if-env-changed=HOST_CXXFLAGS
  HOST_CXXFLAGS = None
  cargo:rerun-if-env-changed=CXXFLAGS_x86_64_unknown_linux_gnu
  CXXFLAGS_x86_64_unknown_linux_gnu = None
  cargo:rerun-if-env-changed=CXXFLAGS_x86_64-unknown-linux-gnu
  CXXFLAGS_x86_64-unknown-linux-gnu = None
  cargo:rerun-if-env-changed=CXX_x86_64-unknown-linux-gnu
  CXX_x86_64-unknown-linux-gnu = None
  cargo:rerun-if-env-changed=CXX_x86_64_unknown_linux_gnu
  CXX_x86_64_unknown_linux_gnu = None
  cargo:rerun-if-env-changed=HOST_CXX
  HOST_CXX = None
  cargo:rerun-if-env-changed=CXX
  CXX = None
  cargo:rerun-if-env-changed=CRATE_CC_NO_DEFAULTS
  CRATE_CC_NO_DEFAULTS = None
  cargo:rerun-if-env-changed=CXXFLAGS
  CXXFLAGS = None
  cargo:rerun-if-env-changed=HOST_CXXFLAGS
  HOST_CXXFLAGS = None
  cargo:rerun-if-env-changed=CXXFLAGS_x86_64_unknown_linux_gnu
  CXXFLAGS_x86_64_unknown_linux_gnu = None
  cargo:rerun-if-env-changed=CXXFLAGS_x86_64-unknown-linux-gnu
  CXXFLAGS_x86_64-unknown-linux-gnu = None
  cargo:rerun-if-env-changed=CXX_x86_64-unknown-linux-gnu
  CXX_x86_64-unknown-linux-gnu = None
  cargo:rerun-if-env-changed=CXX_x86_64_unknown_linux_gnu
  CXX_x86_64_unknown_linux_gnu = None
  cargo:rerun-if-env-changed=HOST_CXX
  HOST_CXX = None
  cargo:rerun-if-env-changed=CXX
  CXX = None
  cargo:rerun-if-env-changed=CRATE_CC_NO_DEFAULTS
  CRATE_CC_NO_DEFAULTS = None
  cargo:rerun-if-env-changed=CXXFLAGS
  CXXFLAGS = None
  cargo:rerun-if-env-changed=HOST_CXXFLAGS
  HOST_CXXFLAGS = None
  cargo:rerun-if-env-changed=CXXFLAGS_x86_64_unknown_linux_gnu
  CXXFLAGS_x86_64_unknown_linux_gnu = None
  cargo:rerun-if-env-changed=CXXFLAGS_x86_64-unknown-linux-gnu
  CXXFLAGS_x86_64-unknown-linux-gnu = None
  exit status: 0
  exit status: 0
  exit status: 0
  exit status: 0
  exit status: 0
  exit status: 0
  exit status: 0
  exit status: 0
  cargo:rerun-if-env-changed=CXX_x86_64-unknown-linux-gnu
  CXX_x86_64-unknown-linux-gnu = None
  cargo:rerun-if-env-changed=CXX_x86_64_unknown_linux_gnu
  CXX_x86_64_unknown_linux_gnu = None
  cargo:rerun-if-env-changed=HOST_CXX
  HOST_CXX = None
  cargo:rerun-if-env-changed=CXX
  CXX = None
  cargo:rerun-if-env-changed=CRATE_CC_NO_DEFAULTS
  CRATE_CC_NO_DEFAULTS = None
  cargo:rerun-if-env-changed=CXXFLAGS
  CXXFLAGS = None
  cargo:rerun-if-env-changed=HOST_CXXFLAGS
  HOST_CXXFLAGS = None
  cargo:rerun-if-env-changed=CXXFLAGS_x86_64_unknown_linux_gnu
  CXXFLAGS_x86_64_unknown_linux_gnu = None
  cargo:rerun-if-env-changed=CXXFLAGS_x86_64-unknown-linux-gnu
  CXXFLAGS_x86_64-unknown-linux-gnu = None
  cargo:rerun-if-env-changed=CXX_x86_64-unknown-linux-gnu
  CXX_x86_64-unknown-linux-gnu = None
  cargo:rerun-if-env-changed=CXX_x86_64_unknown_linux_gnu
  CXX_x86_64_unknown_linux_gnu = None
  cargo:rerun-if-env-changed=HOST_CXX
  HOST_CXX = None
  cargo:rerun-if-env-changed=CXX
  CXX = None
  cargo:rerun-if-env-changed=CRATE_CC_NO_DEFAULTS
  CRATE_CC_NO_DEFAULTS = None
  cargo:rerun-if-env-changed=CXXFLAGS
  CXXFLAGS = None
  cargo:rerun-if-env-changed=HOST_CXXFLAGS
  HOST_CXXFLAGS = None
  cargo:rerun-if-env-changed=CXXFLAGS_x86_64_unknown_linux_gnu
  CXXFLAGS_x86_64_unknown_linux_gnu = None
  cargo:rerun-if-env-changed=CXXFLAGS_x86_64-unknown-linux-gnu
  CXXFLAGS_x86_64-unknown-linux-gnu = None
  cargo:rerun-if-env-changed=CXX_x86_64-unknown-linux-gnu
  CXX_x86_64-unknown-linux-gnu = None
  cargo:rerun-if-env-changed=CXX_x86_64_unknown_linux_gnu
  CXX_x86_64_unknown_linux_gnu = None
  cargo:rerun-if-env-changed=HOST_CXX
  HOST_CXX = None
  cargo:rerun-if-env-changed=CXX
  CXX = None
  cargo:rerun-if-env-changed=CRATE_CC_NO_DEFAULTS
  CRATE_CC_NO_DEFAULTS = None
  cargo:rerun-if-env-changed=CXXFLAGS
  CXXFLAGS = None
  cargo:rerun-if-env-changed=HOST_CXXFLAGS
  HOST_CXXFLAGS = None
  cargo:rerun-if-env-changed=CXXFLAGS_x86_64_unknown_linux_gnu
  CXXFLAGS_x86_64_unknown_linux_gnu = None
  cargo:rerun-if-env-changed=CXXFLAGS_x86_64-unknown-linux-gnu
  CXXFLAGS_x86_64-unknown-linux-gnu = None
  cargo:rerun-if-env-changed=CXX_x86_64-unknown-linux-gnu
  CXX_x86_64-unknown-linux-gnu = None
  cargo:rerun-if-env-changed=CXX_x86_64_unknown_linux_gnu
  CXX_x86_64_unknown_linux_gnu = None
  cargo:rerun-if-env-changed=HOST_CXX
  HOST_CXX = None
  cargo:rerun-if-env-changed=CXX
  CXX = None
  cargo:rerun-if-env-changed=CRATE_CC_NO_DEFAULTS
  CRATE_CC_NO_DEFAULTS = None
  cargo:rerun-if-env-changed=CXXFLAGS
  CXXFLAGS = None
  cargo:rerun-if-env-changed=HOST_CXXFLAGS
  HOST_CXXFLAGS = None
  cargo:rerun-if-env-changed=CXXFLAGS_x86_64_unknown_linux_gnu
  CXXFLAGS_x86_64_unknown_linux_gnu = None
  cargo:rerun-if-env-changed=CXXFLAGS_x86_64-unknown-linux-gnu
  CXXFLAGS_x86_64-unknown-linux-gnu = None
  cargo:rerun-if-env-changed=CXX_x86_64-unknown-linux-gnu
  CXX_x86_64-unknown-linux-gnu = None
  cargo:rerun-if-env-changed=CXX_x86_64_unknown_linux_gnu
  CXX_x86_64_unknown_linux_gnu = None
  cargo:rerun-if-env-changed=HOST_CXX
  HOST_CXX = None
  cargo:rerun-if-env-changed=CXX
  CXX = None
  cargo:rerun-if-env-changed=CRATE_CC_NO_DEFAULTS
  CRATE_CC_NO_DEFAULTS = None
  cargo:rerun-if-env-changed=CXXFLAGS
  CXXFLAGS = None
  cargo:rerun-if-env-changed=HOST_CXXFLAGS
  HOST_CXXFLAGS = None
  cargo:rerun-if-env-changed=CXXFLAGS_x86_64_unknown_linux_gnu
  CXXFLAGS_x86_64_unknown_linux_gnu = None
  cargo:rerun-if-env-changed=CXXFLAGS_x86_64-unknown-linux-gnu
  CXXFLAGS_x86_64-unknown-linux-gnu = None
  cargo:rerun-if-env-changed=CXX_x86_64-unknown-linux-gnu
  CXX_x86_64-unknown-linux-gnu = None
  cargo:rerun-if-env-changed=CXX_x86_64_unknown_linux_gnu
  CXX_x86_64_unknown_linux_gnu = None
  cargo:rerun-if-env-changed=HOST_CXX
  HOST_CXX = None
  cargo:rerun-if-env-changed=CXX
  CXX = None
  cargo:rerun-if-env-changed=CRATE_CC_NO_DEFAULTS
  CRATE_CC_NO_DEFAULTS = None
  cargo:rerun-if-env-changed=CXXFLAGS
  CXXFLAGS = None
  cargo:rerun-if-env-changed=HOST_CXXFLAGS
  HOST_CXXFLAGS = None
  cargo:rerun-if-env-changed=CXXFLAGS_x86_64_unknown_linux_gnu
  CXXFLAGS_x86_64_unknown_linux_gnu = None
  cargo:rerun-if-env-changed=CXXFLAGS_x86_64-unknown-linux-gnu
  CXXFLAGS_x86_64-unknown-linux-gnu = None
  cargo:rerun-if-env-changed=CXX_x86_64-unknown-linux-gnu
  CXX_x86_64-unknown-linux-gnu = None
  cargo:rerun-if-env-changed=CXX_x86_64_unknown_linux_gnu
  CXX_x86_64_unknown_linux_gnu = None
  cargo:rerun-if-env-changed=HOST_CXX
  HOST_CXX = None
  cargo:rerun-if-env-changed=CXX
  CXX = None
  cargo:rerun-if-env-changed=CRATE_CC_NO_DEFAULTS
  CRATE_CC_NO_DEFAULTS = None
  cargo:rerun-if-env-changed=CXXFLAGS
  CXXFLAGS = None
  cargo:rerun-if-env-changed=HOST_CXXFLAGS
  HOST_CXXFLAGS = None
  cargo:rerun-if-env-changed=CXXFLAGS_x86_64_unknown_linux_gnu
  CXXFLAGS_x86_64_unknown_linux_gnu = None
  cargo:rerun-if-env-changed=CXXFLAGS_x86_64-unknown-linux-gnu
  CXXFLAGS_x86_64-unknown-linux-gnu = None
  cargo:rerun-if-env-changed=CXX_x86_64-unknown-linux-gnu
  CXX_x86_64-unknown-linux-gnu = None
  cargo:rerun-if-env-changed=CXX_x86_64_unknown_linux_gnu
  CXX_x86_64_unknown_linux_gnu = None
  cargo:rerun-if-env-changed=HOST_CXX
  HOST_CXX = None
  cargo:rerun-if-env-changed=CXX
  CXX = None
  cargo:rerun-if-env-changed=CRATE_CC_NO_DEFAULTS
  CRATE_CC_NO_DEFAULTS = None
  cargo:rerun-if-env-changed=CXXFLAGS
  CXXFLAGS = None
  cargo:rerun-if-env-changed=HOST_CXXFLAGS
  HOST_CXXFLAGS = None
  cargo:rerun-if-env-changed=CXXFLAGS_x86_64_unknown_linux_gnu
  CXXFLAGS_x86_64_unknown_linux_gnu = None
  cargo:rerun-if-env-changed=CXXFLAGS_x86_64-unknown-linux-gnu
  CXXFLAGS_x86_64-unknown-linux-gnu = None
  exit status: 0
  exit status: 0
  exit status: 0
  exit status: 0
  exit status: 0
  exit status: 0
  exit status: 0
  exit status: 0
  cargo:rerun-if-env-changed=CXX_x86_64-unknown-linux-gnu
  CXX_x86_64-unknown-linux-gnu = None
  cargo:rerun-if-env-changed=CXX_x86_64_unknown_linux_gnu
  CXX_x86_64_unknown_linux_gnu = None
  cargo:rerun-if-env-changed=HOST_CXX
  HOST_CXX = None
  cargo:rerun-if-env-changed=CXX
  CXX = None
  cargo:rerun-if-env-changed=CRATE_CC_NO_DEFAULTS
  CRATE_CC_NO_DEFAULTS = None
  cargo:rerun-if-env-changed=CXXFLAGS
  CXXFLAGS = None
  cargo:rerun-if-env-changed=HOST_CXXFLAGS
  HOST_CXXFLAGS = None
  cargo:rerun-if-env-changed=CXXFLAGS_x86_64_unknown_linux_gnu
  CXXFLAGS_x86_64_unknown_linux_gnu = None
  cargo:rerun-if-env-changed=CXXFLAGS_x86_64-unknown-linux-gnu
  CXXFLAGS_x86_64-unknown-linux-gnu = None
  cargo:rerun-if-env-changed=CXX_x86_64-unknown-linux-gnu
  CXX_x86_64-unknown-linux-gnu = None
  cargo:rerun-if-env-changed=CXX_x86_64_unknown_linux_gnu
  CXX_x86_64_unknown_linux_gnu = None
  cargo:rerun-if-env-changed=HOST_CXX
  HOST_CXX = None
  cargo:rerun-if-env-changed=CXX
  CXX = None
  cargo:rerun-if-env-changed=CRATE_CC_NO_DEFAULTS
  CRATE_CC_NO_DEFAULTS = None
  cargo:rerun-if-env-changed=CXXFLAGS
  CXXFLAGS = None
  cargo:rerun-if-env-changed=HOST_CXXFLAGS
  HOST_CXXFLAGS = None
  cargo:rerun-if-env-changed=CXXFLAGS_x86_64_unknown_linux_gnu
  CXXFLAGS_x86_64_unknown_linux_gnu = None
  cargo:rerun-if-env-changed=CXXFLAGS_x86_64-unknown-linux-gnu
  CXXFLAGS_x86_64-unknown-linux-gnu = None
  cargo:rerun-if-env-changed=CXX_x86_64-unknown-linux-gnu
  CXX_x86_64-unknown-linux-gnu = None
  cargo:rerun-if-env-changed=CXX_x86_64_unknown_linux_gnu
  CXX_x86_64_unknown_linux_gnu = None
  cargo:rerun-if-env-changed=HOST_CXX
  HOST_CXX = None
  cargo:rerun-if-env-changed=CXX
  CXX = None
  cargo:rerun-if-env-changed=CRATE_CC_NO_DEFAULTS
  CRATE_CC_NO_DEFAULTS = None
  cargo:rerun-if-env-changed=CXXFLAGS
  CXXFLAGS = None
  cargo:rerun-if-env-changed=HOST_CXXFLAGS
  HOST_CXXFLAGS = None
  cargo:rerun-if-env-changed=CXXFLAGS_x86_64_unknown_linux_gnu
  CXXFLAGS_x86_64_unknown_linux_gnu = None
  cargo:rerun-if-env-changed=CXXFLAGS_x86_64-unknown-linux-gnu
  CXXFLAGS_x86_64-unknown-linux-gnu = None
  cargo:rerun-if-env-changed=CXX_x86_64-unknown-linux-gnu
  CXX_x86_64-unknown-linux-gnu = None
  cargo:rerun-if-env-changed=CXX_x86_64_unknown_linux_gnu
  CXX_x86_64_unknown_linux_gnu = None
  cargo:rerun-if-env-changed=HOST_CXX
  HOST_CXX = None
  cargo:rerun-if-env-changed=CXX
  CXX = None
  cargo:rerun-if-env-changed=CRATE_CC_NO_DEFAULTS
  CRATE_CC_NO_DEFAULTS = None
  cargo:rerun-if-env-changed=CXXFLAGS
  CXXFLAGS = None
  cargo:rerun-if-env-changed=HOST_CXXFLAGS
  HOST_CXXFLAGS = None
  cargo:rerun-if-env-changed=CXXFLAGS_x86_64_unknown_linux_gnu
  CXXFLAGS_x86_64_unknown_linux_gnu = None
  cargo:rerun-if-env-changed=CXXFLAGS_x86_64-unknown-linux-gnu
  CXXFLAGS_x86_64-unknown-linux-gnu = None
  cargo:rerun-if-env-changed=CXX_x86_64-unknown-linux-gnu
  CXX_x86_64-unknown-linux-gnu = None
  cargo:rerun-if-env-changed=CXX_x86_64_unknown_linux_gnu
  CXX_x86_64_unknown_linux_gnu = None
  cargo:rerun-if-env-changed=HOST_CXX
  HOST_CXX = None
  cargo:rerun-if-env-changed=CXX
  CXX = None
  cargo:rerun-if-env-changed=CRATE_CC_NO_DEFAULTS
  CRATE_CC_NO_DEFAULTS = None
  cargo:rerun-if-env-changed=CXXFLAGS
  CXXFLAGS = None
  cargo:rerun-if-env-changed=HOST_CXXFLAGS
  HOST_CXXFLAGS = None
  cargo:rerun-if-env-changed=CXXFLAGS_x86_64_unknown_linux_gnu
  CXXFLAGS_x86_64_unknown_linux_gnu = None
  cargo:rerun-if-env-changed=CXXFLAGS_x86_64-unknown-linux-gnu
  CXXFLAGS_x86_64-unknown-linux-gnu = None
  cargo:rerun-if-env-changed=CXX_x86_64-unknown-linux-gnu
  CXX_x86_64-unknown-linux-gnu = None
  cargo:rerun-if-env-changed=CXX_x86_64_unknown_linux_gnu
  CXX_x86_64_unknown_linux_gnu = None
  cargo:rerun-if-env-changed=HOST_CXX
  HOST_CXX = None
  cargo:rerun-if-env-changed=CXX
  CXX = None
  cargo:rerun-if-env-changed=CRATE_CC_NO_DEFAULTS
  CRATE_CC_NO_DEFAULTS = None
  cargo:rerun-if-env-changed=CXXFLAGS
  CXXFLAGS = None
  cargo:rerun-if-env-changed=HOST_CXXFLAGS
  HOST_CXXFLAGS = None
  cargo:rerun-if-env-changed=CXXFLAGS_x86_64_unknown_linux_gnu
  CXXFLAGS_x86_64_unknown_linux_gnu = None
  cargo:rerun-if-env-changed=CXXFLAGS_x86_64-unknown-linux-gnu
  CXXFLAGS_x86_64-unknown-linux-gnu = None
  cargo:rerun-if-env-changed=CXX_x86_64-unknown-linux-gnu
  CXX_x86_64-unknown-linux-gnu = None
  cargo:rerun-if-env-changed=CXX_x86_64_unknown_linux_gnu
  CXX_x86_64_unknown_linux_gnu = None
  cargo:rerun-if-env-changed=HOST_CXX
  HOST_CXX = None
  cargo:rerun-if-env-changed=CXX
  CXX = None
  cargo:rerun-if-env-changed=CRATE_CC_NO_DEFAULTS
  CRATE_CC_NO_DEFAULTS = None
  cargo:rerun-if-env-changed=CXXFLAGS
  CXXFLAGS = None
  cargo:rerun-if-env-changed=HOST_CXXFLAGS
  HOST_CXXFLAGS = None
  cargo:rerun-if-env-changed=CXXFLAGS_x86_64_unknown_linux_gnu
  CXXFLAGS_x86_64_unknown_linux_gnu = None
  cargo:rerun-if-env-changed=CXXFLAGS_x86_64-unknown-linux-gnu
  CXXFLAGS_x86_64-unknown-linux-gnu = None
  cargo:rerun-if-env-changed=CXX_x86_64-unknown-linux-gnu
  CXX_x86_64-unknown-linux-gnu = None
  cargo:rerun-if-env-changed=CXX_x86_64_unknown_linux_gnu
  CXX_x86_64_unknown_linux_gnu = None
  cargo:rerun-if-env-changed=HOST_CXX
  HOST_CXX = None
  cargo:rerun-if-env-changed=CXX
  CXX = None
  cargo:rerun-if-env-changed=CRATE_CC_NO_DEFAULTS
  CRATE_CC_NO_DEFAULTS = None
  cargo:rerun-if-env-changed=CXXFLAGS
  CXXFLAGS = None
  cargo:rerun-if-env-changed=HOST_CXXFLAGS
  HOST_CXXFLAGS = None
  cargo:rerun-if-env-changed=CXXFLAGS_x86_64_unknown_linux_gnu
  CXXFLAGS_x86_64_unknown_linux_gnu = None
  cargo:rerun-if-env-changed=CXXFLAGS_x86_64-unknown-linux-gnu
  CXXFLAGS_x86_64-unknown-linux-gnu = None
  exit status: 0
  exit status: 0
  exit status: 0
  exit status: 0
  exit status: 0
  exit status: 0
  exit status: 0
  exit status: 0
  cargo:rerun-if-env-changed=CXX_x86_64-unknown-linux-gnu
  CXX_x86_64-unknown-linux-gnu = None
  cargo:rerun-if-env-changed=CXX_x86_64_unknown_linux_gnu
  CXX_x86_64_unknown_linux_gnu = None
  cargo:rerun-if-env-changed=HOST_CXX
  HOST_CXX = None
  cargo:rerun-if-env-changed=CXX
  CXX = None
  cargo:rerun-if-env-changed=CRATE_CC_NO_DEFAULTS
  CRATE_CC_NO_DEFAULTS = None
  cargo:rerun-if-env-changed=CXXFLAGS
  CXXFLAGS = None
  cargo:rerun-if-env-changed=HOST_CXXFLAGS
  HOST_CXXFLAGS = None
  cargo:rerun-if-env-changed=CXXFLAGS_x86_64_unknown_linux_gnu
  CXXFLAGS_x86_64_unknown_linux_gnu = None
  cargo:rerun-if-env-changed=CXXFLAGS_x86_64-unknown-linux-gnu
  CXXFLAGS_x86_64-unknown-linux-gnu = None
  cargo:rerun-if-env-changed=CXX_x86_64-unknown-linux-gnu
  CXX_x86_64-unknown-linux-gnu = None
  cargo:rerun-if-env-changed=CXX_x86_64_unknown_linux_gnu
  CXX_x86_64_unknown_linux_gnu = None
  cargo:rerun-if-env-changed=HOST_CXX
  HOST_CXX = None
  cargo:rerun-if-env-changed=CXX
  CXX = None
  cargo:rerun-if-env-changed=CRATE_CC_NO_DEFAULTS
  CRATE_CC_NO_DEFAULTS = None
  cargo:rerun-if-env-changed=CXXFLAGS
  CXXFLAGS = None
  cargo:rerun-if-env-changed=HOST_CXXFLAGS
  HOST_CXXFLAGS = None
  cargo:rerun-if-env-changed=CXXFLAGS_x86_64_unknown_linux_gnu
  CXXFLAGS_x86_64_unknown_linux_gnu = None
  cargo:rerun-if-env-changed=CXXFLAGS_x86_64-unknown-linux-gnu
  CXXFLAGS_x86_64-unknown-linux-gnu = None
  cargo:rerun-if-env-changed=CXX_x86_64-unknown-linux-gnu
  CXX_x86_64-unknown-linux-gnu = None
  cargo:rerun-if-env-changed=CXX_x86_64_unknown_linux_gnu
  CXX_x86_64_unknown_linux_gnu = None
  cargo:rerun-if-env-changed=HOST_CXX
  HOST_CXX = None
  cargo:rerun-if-env-changed=CXX
  CXX = None
  cargo:rerun-if-env-changed=CRATE_CC_NO_DEFAULTS
  CRATE_CC_NO_DEFAULTS = None
  cargo:rerun-if-env-changed=CXXFLAGS
  CXXFLAGS = None
  cargo:rerun-if-env-changed=HOST_CXXFLAGS
  HOST_CXXFLAGS = None
  cargo:rerun-if-env-changed=CXXFLAGS_x86_64_unknown_linux_gnu
  CXXFLAGS_x86_64_unknown_linux_gnu = None
  cargo:rerun-if-env-changed=CXXFLAGS_x86_64-unknown-linux-gnu
  CXXFLAGS_x86_64-unknown-linux-gnu = None
  cargo:rerun-if-env-changed=CXX_x86_64-unknown-linux-gnu
  CXX_x86_64-unknown-linux-gnu = None
  cargo:rerun-if-env-changed=CXX_x86_64_unknown_linux_gnu
  CXX_x86_64_unknown_linux_gnu = None
  cargo:rerun-if-env-changed=HOST_CXX
  HOST_CXX = None
  cargo:rerun-if-env-changed=CXX
  CXX = None
  cargo:rerun-if-env-changed=CRATE_CC_NO_DEFAULTS
  CRATE_CC_NO_DEFAULTS = None
  cargo:rerun-if-env-changed=CXXFLAGS
  CXXFLAGS = None
  cargo:rerun-if-env-changed=HOST_CXXFLAGS
  HOST_CXXFLAGS = None
  cargo:rerun-if-env-changed=CXXFLAGS_x86_64_unknown_linux_gnu
  CXXFLAGS_x86_64_unknown_linux_gnu = None
  cargo:rerun-if-env-changed=CXXFLAGS_x86_64-unknown-linux-gnu
  CXXFLAGS_x86_64-unknown-linux-gnu = None
  cargo:rerun-if-env-changed=CXX_x86_64-unknown-linux-gnu
  CXX_x86_64-unknown-linux-gnu = None
  cargo:rerun-if-env-changed=CXX_x86_64_unknown_linux_gnu
  CXX_x86_64_unknown_linux_gnu = None
  cargo:rerun-if-env-changed=HOST_CXX
  HOST_CXX = None
  cargo:rerun-if-env-changed=CXX
  CXX = None
  cargo:rerun-if-env-changed=CRATE_CC_NO_DEFAULTS
  CRATE_CC_NO_DEFAULTS = None
  cargo:rerun-if-env-changed=CXXFLAGS
  CXXFLAGS = None
  cargo:rerun-if-env-changed=HOST_CXXFLAGS
  HOST_CXXFLAGS = None
  cargo:rerun-if-env-changed=CXXFLAGS_x86_64_unknown_linux_gnu
  CXXFLAGS_x86_64_unknown_linux_gnu = None
  cargo:rerun-if-env-changed=CXXFLAGS_x86_64-unknown-linux-gnu
  CXXFLAGS_x86_64-unknown-linux-gnu = None
  cargo:rerun-if-env-changed=CXX_x86_64-unknown-linux-gnu
  CXX_x86_64-unknown-linux-gnu = None
  cargo:rerun-if-env-changed=CXX_x86_64_unknown_linux_gnu
  CXX_x86_64_unknown_linux_gnu = None
  cargo:rerun-if-env-changed=HOST_CXX
  HOST_CXX = None
  cargo:rerun-if-env-changed=CXX
  CXX = None
  cargo:rerun-if-env-changed=CRATE_CC_NO_DEFAULTS
  CRATE_CC_NO_DEFAULTS = None
  cargo:rerun-if-env-changed=CXXFLAGS
  CXXFLAGS = None
  cargo:rerun-if-env-changed=HOST_CXXFLAGS
  HOST_CXXFLAGS = None
  cargo:rerun-if-env-changed=CXXFLAGS_x86_64_unknown_linux_gnu
  CXXFLAGS_x86_64_unknown_linux_gnu = None
  cargo:rerun-if-env-changed=CXXFLAGS_x86_64-unknown-linux-gnu
  CXXFLAGS_x86_64-unknown-linux-gnu = None
  exit status: 0
  exit status: 0
  exit status: 0
  exit status: 0
  exit status: 0
  exit status: 0
  exit status: 0
  exit status: 0
  cargo:rerun-if-env-changed=CXX_x86_64-unknown-linux-gnu
  CXX_x86_64-unknown-linux-gnu = None
  cargo:rerun-if-env-changed=CXX_x86_64_unknown_linux_gnu
  CXX_x86_64_unknown_linux_gnu = None
  cargo:rerun-if-env-changed=HOST_CXX
  HOST_CXX = None
  cargo:rerun-if-env-changed=CXX
  CXX = None
  cargo:rerun-if-env-changed=CRATE_CC_NO_DEFAULTS
  CRATE_CC_NO_DEFAULTS = None
  cargo:rerun-if-env-changed=CXXFLAGS
  CXXFLAGS = None
  cargo:rerun-if-env-changed=HOST_CXXFLAGS
  HOST_CXXFLAGS = None
  cargo:rerun-if-env-changed=CXXFLAGS_x86_64_unknown_linux_gnu
  CXXFLAGS_x86_64_unknown_linux_gnu = None
  cargo:rerun-if-env-changed=CXXFLAGS_x86_64-unknown-linux-gnu
  CXXFLAGS_x86_64-unknown-linux-gnu = None
  cargo:rerun-if-env-changed=CXX_x86_64-unknown-linux-gnu
  CXX_x86_64-unknown-linux-gnu = None
  cargo:rerun-if-env-changed=CXX_x86_64_unknown_linux_gnu
  CXX_x86_64_unknown_linux_gnu = None
  cargo:rerun-if-env-changed=HOST_CXX
  HOST_CXX = None
  cargo:rerun-if-env-changed=CXX
  CXX = None
  cargo:rerun-if-env-changed=CRATE_CC_NO_DEFAULTS
  CRATE_CC_NO_DEFAULTS = None
  cargo:rerun-if-env-changed=CXXFLAGS
  CXXFLAGS = None
  cargo:rerun-if-env-changed=HOST_CXXFLAGS
  HOST_CXXFLAGS = None
  cargo:rerun-if-env-changed=CXXFLAGS_x86_64_unknown_linux_gnu
  CXXFLAGS_x86_64_unknown_linux_gnu = None
  cargo:rerun-if-env-changed=CXXFLAGS_x86_64-unknown-linux-gnu
  CXXFLAGS_x86_64-unknown-linux-gnu = None
  cargo:rerun-if-env-changed=CXX_x86_64-unknown-linux-gnu
  CXX_x86_64-unknown-linux-gnu = None
  cargo:rerun-if-env-changed=CXX_x86_64_unknown_linux_gnu
  CXX_x86_64_unknown_linux_gnu = None
  cargo:rerun-if-env-changed=HOST_CXX
  HOST_CXX = None
  cargo:rerun-if-env-changed=CXX
  CXX = None
  cargo:rerun-if-env-changed=CRATE_CC_NO_DEFAULTS
  CRATE_CC_NO_DEFAULTS = None
  cargo:rerun-if-env-changed=CXXFLAGS
  CXXFLAGS = None
  cargo:rerun-if-env-changed=HOST_CXXFLAGS
  HOST_CXXFLAGS = None
  cargo:rerun-if-env-changed=CXXFLAGS_x86_64_unknown_linux_gnu
  CXXFLAGS_x86_64_unknown_linux_gnu = None
  cargo:rerun-if-env-changed=CXXFLAGS_x86_64-unknown-linux-gnu
  CXXFLAGS_x86_64-unknown-linux-gnu = None
  cargo:rerun-if-env-changed=CXX_x86_64-unknown-linux-gnu
  CXX_x86_64-unknown-linux-gnu = None
  cargo:rerun-if-env-changed=CXX_x86_64_unknown_linux_gnu
  CXX_x86_64_unknown_linux_gnu = None
  cargo:rerun-if-env-changed=HOST_CXX
  HOST_CXX = None
  cargo:rerun-if-env-changed=CXX
  CXX = None
  cargo:rerun-if-env-changed=CRATE_CC_NO_DEFAULTS
  CRATE_CC_NO_DEFAULTS = None
  cargo:rerun-if-env-changed=CXXFLAGS
  CXXFLAGS = None
  cargo:rerun-if-env-changed=HOST_CXXFLAGS
  HOST_CXXFLAGS = None
  cargo:rerun-if-env-changed=CXXFLAGS_x86_64_unknown_linux_gnu
  CXXFLAGS_x86_64_unknown_linux_gnu = None
  cargo:rerun-if-env-changed=CXXFLAGS_x86_64-unknown-linux-gnu
  CXXFLAGS_x86_64-unknown-linux-gnu = None
  cargo:rerun-if-env-changed=CXX_x86_64-unknown-linux-gnu
  CXX_x86_64-unknown-linux-gnu = None
  cargo:rerun-if-env-changed=CXX_x86_64_unknown_linux_gnu
  CXX_x86_64_unknown_linux_gnu = None
  cargo:rerun-if-env-changed=HOST_CXX
  HOST_CXX = None
  cargo:rerun-if-env-changed=CXX
  CXX = None
  cargo:rerun-if-env-changed=CRATE_CC_NO_DEFAULTS
  CRATE_CC_NO_DEFAULTS = None
  cargo:rerun-if-env-changed=CXXFLAGS
  CXXFLAGS = None
  cargo:rerun-if-env-changed=HOST_CXXFLAGS
  HOST_CXXFLAGS = None
  cargo:rerun-if-env-changed=CXXFLAGS_x86_64_unknown_linux_gnu
  CXXFLAGS_x86_64_unknown_linux_gnu = None
  cargo:rerun-if-env-changed=CXXFLAGS_x86_64-unknown-linux-gnu
  CXXFLAGS_x86_64-unknown-linux-gnu = None
  cargo:rerun-if-env-changed=CXX_x86_64-unknown-linux-gnu
  CXX_x86_64-unknown-linux-gnu = None
  cargo:rerun-if-env-changed=CXX_x86_64_unknown_linux_gnu
  CXX_x86_64_unknown_linux_gnu = None
  cargo:rerun-if-env-changed=HOST_CXX
  HOST_CXX = None
  cargo:rerun-if-env-changed=CXX
  CXX = None
  cargo:rerun-if-env-changed=CRATE_CC_NO_DEFAULTS
  CRATE_CC_NO_DEFAULTS = None
  cargo:rerun-if-env-changed=CXXFLAGS
  CXXFLAGS = None
  cargo:rerun-if-env-changed=HOST_CXXFLAGS
  HOST_CXXFLAGS = None
  cargo:rerun-if-env-changed=CXXFLAGS_x86_64_unknown_linux_gnu
  CXXFLAGS_x86_64_unknown_linux_gnu = None
  cargo:rerun-if-env-changed=CXXFLAGS_x86_64-unknown-linux-gnu
  CXXFLAGS_x86_64-unknown-linux-gnu = None
  cargo:rerun-if-env-changed=CXX_x86_64-unknown-linux-gnu
  CXX_x86_64-unknown-linux-gnu = None
  cargo:rerun-if-env-changed=CXX_x86_64_unknown_linux_gnu
  CXX_x86_64_unknown_linux_gnu = None
  cargo:rerun-if-env-changed=HOST_CXX
  HOST_CXX = None
  cargo:rerun-if-env-changed=CXX
  CXX = None
  cargo:rerun-if-env-changed=CRATE_CC_NO_DEFAULTS
  CRATE_CC_NO_DEFAULTS = None
  cargo:rerun-if-env-changed=CXXFLAGS
  CXXFLAGS = None
  cargo:rerun-if-env-changed=HOST_CXXFLAGS
  HOST_CXXFLAGS = None
  cargo:rerun-if-env-changed=CXXFLAGS_x86_64_unknown_linux_gnu
  CXXFLAGS_x86_64_unknown_linux_gnu = None
  cargo:rerun-if-env-changed=CXXFLAGS_x86_64-unknown-linux-gnu
  CXXFLAGS_x86_64-unknown-linux-gnu = None
  cargo:rerun-if-env-changed=CXX_x86_64-unknown-linux-gnu
  CXX_x86_64-unknown-linux-gnu = None
  cargo:rerun-if-env-changed=CXX_x86_64_unknown_linux_gnu
  CXX_x86_64_unknown_linux_gnu = None
  cargo:rerun-if-env-changed=HOST_CXX
  HOST_CXX = None
  cargo:rerun-if-env-changed=CXX
  CXX = None
  cargo:rerun-if-env-changed=CRATE_CC_NO_DEFAULTS
  CRATE_CC_NO_DEFAULTS = None
  cargo:rerun-if-env-changed=CXXFLAGS
  CXXFLAGS = None
  cargo:rerun-if-env-changed=HOST_CXXFLAGS
  HOST_CXXFLAGS = None
  cargo:rerun-if-env-changed=CXXFLAGS_x86_64_unknown_linux_gnu
  CXXFLAGS_x86_64_unknown_linux_gnu = None
  cargo:rerun-if-env-changed=CXXFLAGS_x86_64-unknown-linux-gnu
  CXXFLAGS_x86_64-unknown-linux-gnu = None
  cargo:rerun-if-env-changed=CXX_x86_64-unknown-linux-gnu
  CXX_x86_64-unknown-linux-gnu = None
  cargo:rerun-if-env-changed=CXX_x86_64_unknown_linux_gnu
  CXX_x86_64_unknown_linux_gnu = None
  cargo:rerun-if-env-changed=HOST_CXX
  HOST_CXX = None
  cargo:rerun-if-env-changed=CXX
  CXX = None
  cargo:rerun-if-env-changed=CRATE_CC_NO_DEFAULTS
  CRATE_CC_NO_DEFAULTS = None
  cargo:rerun-if-env-changed=CXXFLAGS
  CXXFLAGS = None
  cargo:rerun-if-env-changed=HOST_CXXFLAGS
  HOST_CXXFLAGS = None
  cargo:rerun-if-env-changed=CXXFLAGS_x86_64_unknown_linux_gnu
  CXXFLAGS_x86_64_unknown_linux_gnu = None
  cargo:rerun-if-env-changed=CXXFLAGS_x86_64-unknown-linux-gnu
  CXXFLAGS_x86_64-unknown-linux-gnu = None
  cargo:rerun-if-env-changed=CXX_x86_64-unknown-linux-gnu
  CXX_x86_64-unknown-linux-gnu = None
  cargo:rerun-if-env-changed=CXX_x86_64_unknown_linux_gnu
  CXX_x86_64_unknown_linux_gnu = None
  cargo:rerun-if-env-changed=HOST_CXX
  HOST_CXX = None
  cargo:rerun-if-env-changed=CXX
  CXX = None
  cargo:rerun-if-env-changed=CRATE_CC_NO_DEFAULTS
  CRATE_CC_NO_DEFAULTS = None
  cargo:rerun-if-env-changed=CXXFLAGS
  CXXFLAGS = None
  cargo:rerun-if-env-changed=HOST_CXXFLAGS
  HOST_CXXFLAGS = None
  cargo:rerun-if-env-changed=CXXFLAGS_x86_64_unknown_linux_gnu
  CXXFLAGS_x86_64_unknown_linux_gnu = None
  cargo:rerun-if-env-changed=CXXFLAGS_x86_64-unknown-linux-gnu
  CXXFLAGS_x86_64-unknown-linux-gnu = None
  exit status: 0
  exit status: 0
  exit status: 0
  exit status: 0
  exit status: 0
  exit status: 0
  exit status: 0
  exit status: 0
  cargo:rerun-if-env-changed=CXX_x86_64-unknown-linux-gnu
  CXX_x86_64-unknown-linux-gnu = None
  cargo:rerun-if-env-changed=CXX_x86_64_unknown_linux_gnu
  CXX_x86_64_unknown_linux_gnu = None
  cargo:rerun-if-env-changed=HOST_CXX
  HOST_CXX = None
  cargo:rerun-if-env-changed=CXX
  CXX = None
  cargo:rerun-if-env-changed=CRATE_CC_NO_DEFAULTS
  CRATE_CC_NO_DEFAULTS = None
  cargo:rerun-if-env-changed=CXXFLAGS
  CXXFLAGS = None
  cargo:rerun-if-env-changed=HOST_CXXFLAGS
  HOST_CXXFLAGS = None
  cargo:rerun-if-env-changed=CXXFLAGS_x86_64_unknown_linux_gnu
  CXXFLAGS_x86_64_unknown_linux_gnu = None
  cargo:rerun-if-env-changed=CXXFLAGS_x86_64-unknown-linux-gnu
  CXXFLAGS_x86_64-unknown-linux-gnu = None
  cargo:rerun-if-env-changed=CXX_x86_64-unknown-linux-gnu
  CXX_x86_64-unknown-linux-gnu = None
  cargo:rerun-if-env-changed=CXX_x86_64_unknown_linux_gnu
  CXX_x86_64_unknown_linux_gnu = None
  cargo:rerun-if-env-changed=HOST_CXX
  HOST_CXX = None
  cargo:rerun-if-env-changed=CXX
  CXX = None
  cargo:rerun-if-env-changed=CRATE_CC_NO_DEFAULTS
  CRATE_CC_NO_DEFAULTS = None
  cargo:rerun-if-env-changed=CXXFLAGS
  CXXFLAGS = None
  cargo:rerun-if-env-changed=HOST_CXXFLAGS
  HOST_CXXFLAGS = None
  cargo:rerun-if-env-changed=CXXFLAGS_x86_64_unknown_linux_gnu
  CXXFLAGS_x86_64_unknown_linux_gnu = None
  cargo:rerun-if-env-changed=CXXFLAGS_x86_64-unknown-linux-gnu
  CXXFLAGS_x86_64-unknown-linux-gnu = None
  cargo:rerun-if-env-changed=CXX_x86_64-unknown-linux-gnu
  CXX_x86_64-unknown-linux-gnu = None
  cargo:rerun-if-env-changed=CXX_x86_64_unknown_linux_gnu
  CXX_x86_64_unknown_linux_gnu = None
  cargo:rerun-if-env-changed=HOST_CXX
  HOST_CXX = None
  cargo:rerun-if-env-changed=CXX
  CXX = None
  cargo:rerun-if-env-changed=CRATE_CC_NO_DEFAULTS
  CRATE_CC_NO_DEFAULTS = None
  cargo:rerun-if-env-changed=CXXFLAGS
  CXXFLAGS = None
  cargo:rerun-if-env-changed=HOST_CXXFLAGS
  HOST_CXXFLAGS = None
  cargo:rerun-if-env-changed=CXXFLAGS_x86_64_unknown_linux_gnu
  CXXFLAGS_x86_64_unknown_linux_gnu = None
  cargo:rerun-if-env-changed=CXXFLAGS_x86_64-unknown-linux-gnu
  CXXFLAGS_x86_64-unknown-linux-gnu = None
  cargo:rerun-if-env-changed=CXX_x86_64-unknown-linux-gnu
  CXX_x86_64-unknown-linux-gnu = None
  cargo:rerun-if-env-changed=CXX_x86_64_unknown_linux_gnu
  CXX_x86_64_unknown_linux_gnu = None
  cargo:rerun-if-env-changed=HOST_CXX
  HOST_CXX = None
  cargo:rerun-if-env-changed=CXX
  CXX = None
  cargo:rerun-if-env-changed=CRATE_CC_NO_DEFAULTS
  CRATE_CC_NO_DEFAULTS = None
  cargo:rerun-if-env-changed=CXXFLAGS
  CXXFLAGS = None
  cargo:rerun-if-env-changed=HOST_CXXFLAGS
  HOST_CXXFLAGS = None
  cargo:rerun-if-env-changed=CXXFLAGS_x86_64_unknown_linux_gnu
  CXXFLAGS_x86_64_unknown_linux_gnu = None
  cargo:rerun-if-env-changed=CXXFLAGS_x86_64-unknown-linux-gnu
  CXXFLAGS_x86_64-unknown-linux-gnu = None
  cargo:rerun-if-env-changed=CXX_x86_64-unknown-linux-gnu
  CXX_x86_64-unknown-linux-gnu = None
  cargo:rerun-if-env-changed=CXX_x86_64_unknown_linux_gnu
  CXX_x86_64_unknown_linux_gnu = None
  cargo:rerun-if-env-changed=HOST_CXX
  HOST_CXX = None
  cargo:rerun-if-env-changed=CXX
  CXX = None
  cargo:rerun-if-env-changed=CRATE_CC_NO_DEFAULTS
  CRATE_CC_NO_DEFAULTS = None
  cargo:rerun-if-env-changed=CXXFLAGS
  CXXFLAGS = None
  cargo:rerun-if-env-changed=HOST_CXXFLAGS
  HOST_CXXFLAGS = None
  cargo:rerun-if-env-changed=CXXFLAGS_x86_64_unknown_linux_gnu
  CXXFLAGS_x86_64_unknown_linux_gnu = None
  cargo:rerun-if-env-changed=CXXFLAGS_x86_64-unknown-linux-gnu
  CXXFLAGS_x86_64-unknown-linux-gnu = None
  cargo:rerun-if-env-changed=CXX_x86_64-unknown-linux-gnu
  CXX_x86_64-unknown-linux-gnu = None
  cargo:rerun-if-env-changed=CXX_x86_64_unknown_linux_gnu
  CXX_x86_64_unknown_linux_gnu = None
  cargo:rerun-if-env-changed=HOST_CXX
  HOST_CXX = None
  cargo:rerun-if-env-changed=CXX
  CXX = None
  cargo:rerun-if-env-changed=CRATE_CC_NO_DEFAULTS
  CRATE_CC_NO_DEFAULTS = None
  cargo:rerun-if-env-changed=CXXFLAGS
  CXXFLAGS = None
  cargo:rerun-if-env-changed=HOST_CXXFLAGS
  HOST_CXXFLAGS = None
  cargo:rerun-if-env-changed=CXXFLAGS_x86_64_unknown_linux_gnu
  CXXFLAGS_x86_64_unknown_linux_gnu = None
  cargo:rerun-if-env-changed=CXXFLAGS_x86_64-unknown-linux-gnu
  CXXFLAGS_x86_64-unknown-linux-gnu = None
  cargo:rerun-if-env-changed=CXX_x86_64-unknown-linux-gnu
  CXX_x86_64-unknown-linux-gnu = None
  cargo:rerun-if-env-changed=CXX_x86_64_unknown_linux_gnu
  CXX_x86_64_unknown_linux_gnu = None
  cargo:rerun-if-env-changed=HOST_CXX
  HOST_CXX = None
  cargo:rerun-if-env-changed=CXX
  CXX = None
  cargo:rerun-if-env-changed=CRATE_CC_NO_DEFAULTS
  CRATE_CC_NO_DEFAULTS = None
  cargo:rerun-if-env-changed=CXXFLAGS
  CXXFLAGS = None
  cargo:rerun-if-env-changed=HOST_CXXFLAGS
  HOST_CXXFLAGS = None
  cargo:rerun-if-env-changed=CXXFLAGS_x86_64_unknown_linux_gnu
  CXXFLAGS_x86_64_unknown_linux_gnu = None
  cargo:rerun-if-env-changed=CXXFLAGS_x86_64-unknown-linux-gnu
  CXXFLAGS_x86_64-unknown-linux-gnu = None
  exit status: 0
  exit status: 0
  exit status: 0
  exit status: 0
  exit status: 0
  exit status: 0
  exit status: 0
  exit status: 0
  cargo:rerun-if-env-changed=CXX_x86_64-unknown-linux-gnu
  CXX_x86_64-unknown-linux-gnu = None
  cargo:rerun-if-env-changed=CXX_x86_64_unknown_linux_gnu
  CXX_x86_64_unknown_linux_gnu = None
  cargo:rerun-if-env-changed=HOST_CXX
  HOST_CXX = None
  cargo:rerun-if-env-changed=CXX
  CXX = None
  cargo:rerun-if-env-changed=CRATE_CC_NO_DEFAULTS
  CRATE_CC_NO_DEFAULTS = None
  cargo:rerun-if-env-changed=CXXFLAGS
  CXXFLAGS = None
  cargo:rerun-if-env-changed=HOST_CXXFLAGS
  HOST_CXXFLAGS = None
  cargo:rerun-if-env-changed=CXXFLAGS_x86_64_unknown_linux_gnu
  CXXFLAGS_x86_64_unknown_linux_gnu = None
  cargo:rerun-if-env-changed=CXXFLAGS_x86_64-unknown-linux-gnu
  CXXFLAGS_x86_64-unknown-linux-gnu = None
  cargo:rerun-if-env-changed=CXX_x86_64-unknown-linux-gnu
  CXX_x86_64-unknown-linux-gnu = None
  cargo:rerun-if-env-changed=CXX_x86_64_unknown_linux_gnu
  CXX_x86_64_unknown_linux_gnu = None
  cargo:rerun-if-env-changed=HOST_CXX
  HOST_CXX = None
  cargo:rerun-if-env-changed=CXX
  CXX = None
  cargo:rerun-if-env-changed=CRATE_CC_NO_DEFAULTS
  CRATE_CC_NO_DEFAULTS = None
  cargo:rerun-if-env-changed=CXXFLAGS
  CXXFLAGS = None
  cargo:rerun-if-env-changed=HOST_CXXFLAGS
  HOST_CXXFLAGS = None
  cargo:rerun-if-env-changed=CXXFLAGS_x86_64_unknown_linux_gnu
  CXXFLAGS_x86_64_unknown_linux_gnu = None
  cargo:rerun-if-env-changed=CXXFLAGS_x86_64-unknown-linux-gnu
  CXXFLAGS_x86_64-unknown-linux-gnu = None
  cargo:rerun-if-env-changed=CXX_x86_64-unknown-linux-gnu
  CXX_x86_64-unknown-linux-gnu = None
  cargo:rerun-if-env-changed=CXX_x86_64_unknown_linux_gnu
  CXX_x86_64_unknown_linux_gnu = None
  cargo:rerun-if-env-changed=HOST_CXX
  HOST_CXX = None
  cargo:rerun-if-env-changed=CXX
  CXX = None
  cargo:rerun-if-env-changed=CRATE_CC_NO_DEFAULTS
  CRATE_CC_NO_DEFAULTS = None
  cargo:rerun-if-env-changed=CXXFLAGS
  CXXFLAGS = None
  cargo:rerun-if-env-changed=HOST_CXXFLAGS
  HOST_CXXFLAGS = None
  cargo:rerun-if-env-changed=CXXFLAGS_x86_64_unknown_linux_gnu
  CXXFLAGS_x86_64_unknown_linux_gnu = None
  cargo:rerun-if-env-changed=CXXFLAGS_x86_64-unknown-linux-gnu
  CXXFLAGS_x86_64-unknown-linux-gnu = None
  cargo:rerun-if-env-changed=CXX_x86_64-unknown-linux-gnu
  CXX_x86_64-unknown-linux-gnu = None
  cargo:rerun-if-env-changed=CXX_x86_64_unknown_linux_gnu
  CXX_x86_64_unknown_linux_gnu = None
  cargo:rerun-if-env-changed=HOST_CXX
  HOST_CXX = None
  cargo:rerun-if-env-changed=CXX
  CXX = None
  cargo:rerun-if-env-changed=CRATE_CC_NO_DEFAULTS
  CRATE_CC_NO_DEFAULTS = None
  cargo:rerun-if-env-changed=CXXFLAGS
  CXXFLAGS = None
  cargo:rerun-if-env-changed=HOST_CXXFLAGS
  HOST_CXXFLAGS = None
  cargo:rerun-if-env-changed=CXXFLAGS_x86_64_unknown_linux_gnu
  CXXFLAGS_x86_64_unknown_linux_gnu = None
  cargo:rerun-if-env-changed=CXXFLAGS_x86_64-unknown-linux-gnu
  CXXFLAGS_x86_64-unknown-linux-gnu = None
  cargo:rerun-if-env-changed=CXX_x86_64-unknown-linux-gnu
  CXX_x86_64-unknown-linux-gnu = None
  cargo:rerun-if-env-changed=CXX_x86_64_unknown_linux_gnu
  CXX_x86_64_unknown_linux_gnu = None
  cargo:rerun-if-env-changed=HOST_CXX
  HOST_CXX = None
  cargo:rerun-if-env-changed=CXX
  CXX = None
  cargo:rerun-if-env-changed=CRATE_CC_NO_DEFAULTS
  CRATE_CC_NO_DEFAULTS = None
  cargo:rerun-if-env-changed=CXXFLAGS
  CXXFLAGS = None
  cargo:rerun-if-env-changed=HOST_CXXFLAGS
  HOST_CXXFLAGS = None
  cargo:rerun-if-env-changed=CXXFLAGS_x86_64_unknown_linux_gnu
  CXXFLAGS_x86_64_unknown_linux_gnu = None
  cargo:rerun-if-env-changed=CXXFLAGS_x86_64-unknown-linux-gnu
  CXXFLAGS_x86_64-unknown-linux-gnu = None
  cargo:rerun-if-env-changed=CXX_x86_64-unknown-linux-gnu
  CXX_x86_64-unknown-linux-gnu = None
  cargo:rerun-if-env-changed=CXX_x86_64_unknown_linux_gnu
  CXX_x86_64_unknown_linux_gnu = None
  cargo:rerun-if-env-changed=HOST_CXX
  HOST_CXX = None
  cargo:rerun-if-env-changed=CXX
  CXX = None
  cargo:rerun-if-env-changed=CRATE_CC_NO_DEFAULTS
  CRATE_CC_NO_DEFAULTS = None
  cargo:rerun-if-env-changed=CXXFLAGS
  CXXFLAGS = None
  cargo:rerun-if-env-changed=HOST_CXXFLAGS
  HOST_CXXFLAGS = None
  cargo:rerun-if-env-changed=CXXFLAGS_x86_64_unknown_linux_gnu
  CXXFLAGS_x86_64_unknown_linux_gnu = None
  cargo:rerun-if-env-changed=CXXFLAGS_x86_64-unknown-linux-gnu
  CXXFLAGS_x86_64-unknown-linux-gnu = None
  cargo:rerun-if-env-changed=CXX_x86_64-unknown-linux-gnu
  CXX_x86_64-unknown-linux-gnu = None
  cargo:rerun-if-env-changed=CXX_x86_64_unknown_linux_gnu
  CXX_x86_64_unknown_linux_gnu = None
  cargo:rerun-if-env-changed=HOST_CXX
  HOST_CXX = None
  cargo:rerun-if-env-changed=CXX
  CXX = None
  cargo:rerun-if-env-changed=CRATE_CC_NO_DEFAULTS
  CRATE_CC_NO_DEFAULTS = None
  cargo:rerun-if-env-changed=CXXFLAGS
  CXXFLAGS = None
  cargo:rerun-if-env-changed=HOST_CXXFLAGS
  HOST_CXXFLAGS = None
  cargo:rerun-if-env-changed=CXXFLAGS_x86_64_unknown_linux_gnu
  CXXFLAGS_x86_64_unknown_linux_gnu = None
  cargo:rerun-if-env-changed=CXXFLAGS_x86_64-unknown-linux-gnu
  CXXFLAGS_x86_64-unknown-linux-gnu = None
  cargo:rerun-if-env-changed=CXX_x86_64-unknown-linux-gnu
  CXX_x86_64-unknown-linux-gnu = None
  cargo:rerun-if-env-changed=CXX_x86_64_unknown_linux_gnu
  CXX_x86_64_unknown_linux_gnu = None
  cargo:rerun-if-env-changed=HOST_CXX
  HOST_CXX = None
  cargo:rerun-if-env-changed=CXX
  CXX = None
  cargo:rerun-if-env-changed=CRATE_CC_NO_DEFAULTS
  CRATE_CC_NO_DEFAULTS = None
  cargo:rerun-if-env-changed=CXXFLAGS
  CXXFLAGS = None
  cargo:rerun-if-env-changed=HOST_CXXFLAGS
  HOST_CXXFLAGS = None
  cargo:rerun-if-env-changed=CXXFLAGS_x86_64_unknown_linux_gnu
  CXXFLAGS_x86_64_unknown_linux_gnu = None
  cargo:rerun-if-env-changed=CXXFLAGS_x86_64-unknown-linux-gnu
  CXXFLAGS_x86_64-unknown-linux-gnu = None
  cargo:rerun-if-env-changed=CXX_x86_64-unknown-linux-gnu
  CXX_x86_64-unknown-linux-gnu = None
  cargo:rerun-if-env-changed=CXX_x86_64_unknown_linux_gnu
  CXX_x86_64_unknown_linux_gnu = None
  cargo:rerun-if-env-changed=HOST_CXX
  HOST_CXX = None
  cargo:rerun-if-env-changed=CXX
  CXX = None
  cargo:rerun-if-env-changed=CRATE_CC_NO_DEFAULTS
  CRATE_CC_NO_DEFAULTS = None
  cargo:rerun-if-env-changed=CXXFLAGS
  CXXFLAGS = None
  cargo:rerun-if-env-changed=HOST_CXXFLAGS
  HOST_CXXFLAGS = None
  cargo:rerun-if-env-changed=CXXFLAGS_x86_64_unknown_linux_gnu
  CXXFLAGS_x86_64_unknown_linux_gnu = None
  cargo:rerun-if-env-changed=CXXFLAGS_x86_64-unknown-linux-gnu
  CXXFLAGS_x86_64-unknown-linux-gnu = None
  exit status: 0
  exit status: 0
  exit status: 0
  exit status: 0
  exit status: 0
  exit status: 0
  exit status: 0
  exit status: 0
  cargo:rerun-if-env-changed=CXX_x86_64-unknown-linux-gnu
  CXX_x86_64-unknown-linux-gnu = None
  cargo:rerun-if-env-changed=CXX_x86_64_unknown_linux_gnu
  CXX_x86_64_unknown_linux_gnu = None
  cargo:rerun-if-env-changed=HOST_CXX
  HOST_CXX = None
  cargo:rerun-if-env-changed=CXX
  CXX = None
  cargo:rerun-if-env-changed=CRATE_CC_NO_DEFAULTS
  CRATE_CC_NO_DEFAULTS = None
  cargo:rerun-if-env-changed=CXXFLAGS
  CXXFLAGS = None
  cargo:rerun-if-env-changed=HOST_CXXFLAGS
  HOST_CXXFLAGS = None
  cargo:rerun-if-env-changed=CXXFLAGS_x86_64_unknown_linux_gnu
  CXXFLAGS_x86_64_unknown_linux_gnu = None
  cargo:rerun-if-env-changed=CXXFLAGS_x86_64-unknown-linux-gnu
  CXXFLAGS_x86_64-unknown-linux-gnu = None
  cargo:rerun-if-env-changed=CXX_x86_64-unknown-linux-gnu
  CXX_x86_64-unknown-linux-gnu = None
  cargo:rerun-if-env-changed=CXX_x86_64_unknown_linux_gnu
  CXX_x86_64_unknown_linux_gnu = None
  cargo:rerun-if-env-changed=HOST_CXX
  HOST_CXX = None
  cargo:rerun-if-env-changed=CXX
  CXX = None
  cargo:rerun-if-env-changed=CRATE_CC_NO_DEFAULTS
  CRATE_CC_NO_DEFAULTS = None
  cargo:rerun-if-env-changed=CXXFLAGS
  CXXFLAGS = None
  cargo:rerun-if-env-changed=HOST_CXXFLAGS
  HOST_CXXFLAGS = None
  cargo:rerun-if-env-changed=CXXFLAGS_x86_64_unknown_linux_gnu
  CXXFLAGS_x86_64_unknown_linux_gnu = None
  cargo:rerun-if-env-changed=CXXFLAGS_x86_64-unknown-linux-gnu
  CXXFLAGS_x86_64-unknown-linux-gnu = None
  cargo:rerun-if-env-changed=CXX_x86_64-unknown-linux-gnu
  CXX_x86_64-unknown-linux-gnu = None
  cargo:rerun-if-env-changed=CXX_x86_64_unknown_linux_gnu
  CXX_x86_64_unknown_linux_gnu = None
  cargo:rerun-if-env-changed=HOST_CXX
  HOST_CXX = None
  cargo:rerun-if-env-changed=CXX
  CXX = None
  cargo:rerun-if-env-changed=CRATE_CC_NO_DEFAULTS
  CRATE_CC_NO_DEFAULTS = None
  cargo:rerun-if-env-changed=CXXFLAGS
  CXXFLAGS = None
  cargo:rerun-if-env-changed=HOST_CXXFLAGS
  HOST_CXXFLAGS = None
  cargo:rerun-if-env-changed=CXXFLAGS_x86_64_unknown_linux_gnu
  CXXFLAGS_x86_64_unknown_linux_gnu = None
  cargo:rerun-if-env-changed=CXXFLAGS_x86_64-unknown-linux-gnu
  CXXFLAGS_x86_64-unknown-linux-gnu = None
  cargo:rerun-if-env-changed=CXX_x86_64-unknown-linux-gnu
  CXX_x86_64-unknown-linux-gnu = None
  cargo:rerun-if-env-changed=CXX_x86_64_unknown_linux_gnu
  CXX_x86_64_unknown_linux_gnu = None
  cargo:rerun-if-env-changed=HOST_CXX
  HOST_CXX = None
  cargo:rerun-if-env-changed=CXX
  CXX = None
  cargo:rerun-if-env-changed=CRATE_CC_NO_DEFAULTS
  CRATE_CC_NO_DEFAULTS = None
  cargo:rerun-if-env-changed=CXXFLAGS
  CXXFLAGS = None
  cargo:rerun-if-env-changed=HOST_CXXFLAGS
  HOST_CXXFLAGS = None
  cargo:rerun-if-env-changed=CXXFLAGS_x86_64_unknown_linux_gnu
  CXXFLAGS_x86_64_unknown_linux_gnu = None
  cargo:rerun-if-env-changed=CXXFLAGS_x86_64-unknown-linux-gnu
  CXXFLAGS_x86_64-unknown-linux-gnu = None
  cargo:rerun-if-env-changed=CXX_x86_64-unknown-linux-gnu
  CXX_x86_64-unknown-linux-gnu = None
  cargo:rerun-if-env-changed=CXX_x86_64_unknown_linux_gnu
  CXX_x86_64_unknown_linux_gnu = None
  cargo:rerun-if-env-changed=HOST_CXX
  HOST_CXX = None
  cargo:rerun-if-env-changed=CXX
  CXX = None
  cargo:rerun-if-env-changed=CRATE_CC_NO_DEFAULTS
  CRATE_CC_NO_DEFAULTS = None
  cargo:rerun-if-env-changed=CXXFLAGS
  CXXFLAGS = None
  cargo:rerun-if-env-changed=HOST_CXXFLAGS
  HOST_CXXFLAGS = None
  cargo:rerun-if-env-changed=CXXFLAGS_x86_64_unknown_linux_gnu
  CXXFLAGS_x86_64_unknown_linux_gnu = None
  cargo:rerun-if-env-changed=CXXFLAGS_x86_64-unknown-linux-gnu
  CXXFLAGS_x86_64-unknown-linux-gnu = None
  cargo:rerun-if-env-changed=CXX_x86_64-unknown-linux-gnu
  CXX_x86_64-unknown-linux-gnu = None
  cargo:rerun-if-env-changed=CXX_x86_64_unknown_linux_gnu
  CXX_x86_64_unknown_linux_gnu = None
  cargo:rerun-if-env-changed=HOST_CXX
  HOST_CXX = None
  cargo:rerun-if-env-changed=CXX
  CXX = None
  cargo:rerun-if-env-changed=CRATE_CC_NO_DEFAULTS
  CRATE_CC_NO_DEFAULTS = None
  cargo:rerun-if-env-changed=CXXFLAGS
  CXXFLAGS = None
  cargo:rerun-if-env-changed=HOST_CXXFLAGS
  HOST_CXXFLAGS = None
  cargo:rerun-if-env-changed=CXXFLAGS_x86_64_unknown_linux_gnu
  CXXFLAGS_x86_64_unknown_linux_gnu = None
  cargo:rerun-if-env-changed=CXXFLAGS_x86_64-unknown-linux-gnu
  CXXFLAGS_x86_64-unknown-linux-gnu = None
  cargo:rerun-if-env-changed=CXX_x86_64-unknown-linux-gnu
  CXX_x86_64-unknown-linux-gnu = None
  cargo:rerun-if-env-changed=CXX_x86_64_unknown_linux_gnu
  CXX_x86_64_unknown_linux_gnu = None
  cargo:rerun-if-env-changed=HOST_CXX
  HOST_CXX = None
  cargo:rerun-if-env-changed=CXX
  CXX = None
  cargo:rerun-if-env-changed=CRATE_CC_NO_DEFAULTS
  CRATE_CC_NO_DEFAULTS = None
  cargo:rerun-if-env-changed=CXXFLAGS
  CXXFLAGS = None
  cargo:rerun-if-env-changed=HOST_CXXFLAGS
  HOST_CXXFLAGS = None
  cargo:rerun-if-env-changed=CXXFLAGS_x86_64_unknown_linux_gnu
  CXXFLAGS_x86_64_unknown_linux_gnu = None
  cargo:rerun-if-env-changed=CXXFLAGS_x86_64-unknown-linux-gnu
  CXXFLAGS_x86_64-unknown-linux-gnu = None
  cargo:rerun-if-env-changed=CXX_x86_64-unknown-linux-gnu
  CXX_x86_64-unknown-linux-gnu = None
  cargo:rerun-if-env-changed=CXX_x86_64_unknown_linux_gnu
  CXX_x86_64_unknown_linux_gnu = None
  cargo:rerun-if-env-changed=HOST_CXX
  HOST_CXX = None
  cargo:rerun-if-env-changed=CXX
  CXX = None
  cargo:rerun-if-env-changed=CRATE_CC_NO_DEFAULTS
  CRATE_CC_NO_DEFAULTS = None
  cargo:rerun-if-env-changed=CXXFLAGS
  CXXFLAGS = None
  cargo:rerun-if-env-changed=HOST_CXXFLAGS
  HOST_CXXFLAGS = None
  cargo:rerun-if-env-changed=CXXFLAGS_x86_64_unknown_linux_gnu
  CXXFLAGS_x86_64_unknown_linux_gnu = None
  cargo:rerun-if-env-changed=CXXFLAGS_x86_64-unknown-linux-gnu
  CXXFLAGS_x86_64-unknown-linux-gnu = None
  exit status: 0
  exit status: 0
  exit status: 0
  exit status: 0
  exit status: 0
  exit status: 0
  exit status: 0
  exit status: 0
  cargo:rerun-if-env-changed=CXX_x86_64-unknown-linux-gnu
  CXX_x86_64-unknown-linux-gnu = None
  cargo:rerun-if-env-changed=CXX_x86_64_unknown_linux_gnu
  CXX_x86_64_unknown_linux_gnu = None
  cargo:rerun-if-env-changed=HOST_CXX
  HOST_CXX = None
  cargo:rerun-if-env-changed=CXX
  CXX = None
  cargo:rerun-if-env-changed=CRATE_CC_NO_DEFAULTS
  CRATE_CC_NO_DEFAULTS = None
  cargo:rerun-if-env-changed=CXXFLAGS
  CXXFLAGS = None
  cargo:rerun-if-env-changed=HOST_CXXFLAGS
  HOST_CXXFLAGS = None
  cargo:rerun-if-env-changed=CXXFLAGS_x86_64_unknown_linux_gnu
  CXXFLAGS_x86_64_unknown_linux_gnu = None
  cargo:rerun-if-env-changed=CXXFLAGS_x86_64-unknown-linux-gnu
  CXXFLAGS_x86_64-unknown-linux-gnu = None
  cargo:rerun-if-env-changed=CXX_x86_64-unknown-linux-gnu
  CXX_x86_64-unknown-linux-gnu = None
  cargo:rerun-if-env-changed=CXX_x86_64_unknown_linux_gnu
  CXX_x86_64_unknown_linux_gnu = None
  cargo:rerun-if-env-changed=HOST_CXX
  HOST_CXX = None
  cargo:rerun-if-env-changed=CXX
  CXX = None
  cargo:rerun-if-env-changed=CRATE_CC_NO_DEFAULTS
  CRATE_CC_NO_DEFAULTS = None
  cargo:rerun-if-env-changed=CXXFLAGS
  CXXFLAGS = None
  cargo:rerun-if-env-changed=HOST_CXXFLAGS
  HOST_CXXFLAGS = None
  cargo:rerun-if-env-changed=CXXFLAGS_x86_64_unknown_linux_gnu
  CXXFLAGS_x86_64_unknown_linux_gnu = None
  cargo:rerun-if-env-changed=CXXFLAGS_x86_64-unknown-linux-gnu
  CXXFLAGS_x86_64-unknown-linux-gnu = None
  cargo:rerun-if-env-changed=CXX_x86_64-unknown-linux-gnu
  CXX_x86_64-unknown-linux-gnu = None
  cargo:rerun-if-env-changed=CXX_x86_64_unknown_linux_gnu
  CXX_x86_64_unknown_linux_gnu = None
  cargo:rerun-if-env-changed=HOST_CXX
  HOST_CXX = None
  cargo:rerun-if-env-changed=CXX
  CXX = None
  cargo:rerun-if-env-changed=CRATE_CC_NO_DEFAULTS
  CRATE_CC_NO_DEFAULTS = None
  cargo:rerun-if-env-changed=CXXFLAGS
  CXXFLAGS = None
  cargo:rerun-if-env-changed=HOST_CXXFLAGS
  HOST_CXXFLAGS = None
  cargo:rerun-if-env-changed=CXXFLAGS_x86_64_unknown_linux_gnu
  CXXFLAGS_x86_64_unknown_linux_gnu = None
  cargo:rerun-if-env-changed=CXXFLAGS_x86_64-unknown-linux-gnu
  CXXFLAGS_x86_64-unknown-linux-gnu = None
  cargo:rerun-if-env-changed=CXX_x86_64-unknown-linux-gnu
  CXX_x86_64-unknown-linux-gnu = None
  cargo:rerun-if-env-changed=CXX_x86_64_unknown_linux_gnu
  CXX_x86_64_unknown_linux_gnu = None
  cargo:rerun-if-env-changed=HOST_CXX
  HOST_CXX = None
  cargo:rerun-if-env-changed=CXX
  CXX = None
  cargo:rerun-if-env-changed=CRATE_CC_NO_DEFAULTS
  CRATE_CC_NO_DEFAULTS = None
  cargo:rerun-if-env-changed=CXXFLAGS
  CXXFLAGS = None
  cargo:rerun-if-env-changed=HOST_CXXFLAGS
  HOST_CXXFLAGS = None
  cargo:rerun-if-env-changed=CXXFLAGS_x86_64_unknown_linux_gnu
  CXXFLAGS_x86_64_unknown_linux_gnu = None
  cargo:rerun-if-env-changed=CXXFLAGS_x86_64-unknown-linux-gnu
  CXXFLAGS_x86_64-unknown-linux-gnu = None
  cargo:rerun-if-env-changed=CXX_x86_64-unknown-linux-gnu
  CXX_x86_64-unknown-linux-gnu = None
  cargo:rerun-if-env-changed=CXX_x86_64_unknown_linux_gnu
  CXX_x86_64_unknown_linux_gnu = None
  cargo:rerun-if-env-changed=HOST_CXX
  HOST_CXX = None
  cargo:rerun-if-env-changed=CXX
  CXX = None
  cargo:rerun-if-env-changed=CRATE_CC_NO_DEFAULTS
  CRATE_CC_NO_DEFAULTS = None
  cargo:rerun-if-env-changed=CXXFLAGS
  CXXFLAGS = None
  cargo:rerun-if-env-changed=HOST_CXXFLAGS
  HOST_CXXFLAGS = None
  cargo:rerun-if-env-changed=CXXFLAGS_x86_64_unknown_linux_gnu
  CXXFLAGS_x86_64_unknown_linux_gnu = None
  cargo:rerun-if-env-changed=CXXFLAGS_x86_64-unknown-linux-gnu
  CXXFLAGS_x86_64-unknown-linux-gnu = None
  cargo:rerun-if-env-changed=CXX_x86_64-unknown-linux-gnu
  CXX_x86_64-unknown-linux-gnu = None
  cargo:rerun-if-env-changed=CXX_x86_64_unknown_linux_gnu
  CXX_x86_64_unknown_linux_gnu = None
  cargo:rerun-if-env-changed=HOST_CXX
  HOST_CXX = None
  cargo:rerun-if-env-changed=CXX
  CXX = None
  cargo:rerun-if-env-changed=CRATE_CC_NO_DEFAULTS
  CRATE_CC_NO_DEFAULTS = None
  cargo:rerun-if-env-changed=CXXFLAGS
  CXXFLAGS = None
  cargo:rerun-if-env-changed=HOST_CXXFLAGS
  HOST_CXXFLAGS = None
  cargo:rerun-if-env-changed=CXXFLAGS_x86_64_unknown_linux_gnu
  CXXFLAGS_x86_64_unknown_linux_gnu = None
  cargo:rerun-if-env-changed=CXXFLAGS_x86_64-unknown-linux-gnu
  CXXFLAGS_x86_64-unknown-linux-gnu = None
  cargo:rerun-if-env-changed=CXX_x86_64-unknown-linux-gnu
  CXX_x86_64-unknown-linux-gnu = None
  cargo:rerun-if-env-changed=CXX_x86_64_unknown_linux_gnu
  CXX_x86_64_unknown_linux_gnu = None
  cargo:rerun-if-env-changed=HOST_CXX
  HOST_CXX = None
  cargo:rerun-if-env-changed=CXX
  CXX = None
  cargo:rerun-if-env-changed=CRATE_CC_NO_DEFAULTS
  CRATE_CC_NO_DEFAULTS = None
  cargo:rerun-if-env-changed=CXXFLAGS
  CXXFLAGS = None
  cargo:rerun-if-env-changed=HOST_CXXFLAGS
  HOST_CXXFLAGS = None
  cargo:rerun-if-env-changed=CXXFLAGS_x86_64_unknown_linux_gnu
  CXXFLAGS_x86_64_unknown_linux_gnu = None
  cargo:rerun-if-env-changed=CXXFLAGS_x86_64-unknown-linux-gnu
  CXXFLAGS_x86_64-unknown-linux-gnu = None
  exit status: 0
  exit status: 0
  exit status: 0
  exit status: 0
  exit status: 0
  exit status: 0
  exit status: 0
  exit status: 0
  cargo:rerun-if-env-changed=CXX_x86_64-unknown-linux-gnu
  CXX_x86_64-unknown-linux-gnu = None
  cargo:rerun-if-env-changed=CXX_x86_64_unknown_linux_gnu
  CXX_x86_64_unknown_linux_gnu = None
  cargo:rerun-if-env-changed=HOST_CXX
  HOST_CXX = None
  cargo:rerun-if-env-changed=CXX
  CXX = None
  cargo:rerun-if-env-changed=CRATE_CC_NO_DEFAULTS
  CRATE_CC_NO_DEFAULTS = None
  cargo:rerun-if-env-changed=CXXFLAGS
  CXXFLAGS = None
  cargo:rerun-if-env-changed=HOST_CXXFLAGS
  HOST_CXXFLAGS = None
  cargo:rerun-if-env-changed=CXXFLAGS_x86_64_unknown_linux_gnu
  CXXFLAGS_x86_64_unknown_linux_gnu = None
  cargo:rerun-if-env-changed=CXXFLAGS_x86_64-unknown-linux-gnu
  CXXFLAGS_x86_64-unknown-linux-gnu = None
  cargo:rerun-if-env-changed=CXX_x86_64-unknown-linux-gnu
  CXX_x86_64-unknown-linux-gnu = None
  cargo:rerun-if-env-changed=CXX_x86_64_unknown_linux_gnu
  CXX_x86_64_unknown_linux_gnu = None
  cargo:rerun-if-env-changed=HOST_CXX
  HOST_CXX = None
  cargo:rerun-if-env-changed=CXX
  CXX = None
  cargo:rerun-if-env-changed=CRATE_CC_NO_DEFAULTS
  CRATE_CC_NO_DEFAULTS = None
  cargo:rerun-if-env-changed=CXXFLAGS
  CXXFLAGS = None
  cargo:rerun-if-env-changed=HOST_CXXFLAGS
  HOST_CXXFLAGS = None
  cargo:rerun-if-env-changed=CXXFLAGS_x86_64_unknown_linux_gnu
  CXXFLAGS_x86_64_unknown_linux_gnu = None
  cargo:rerun-if-env-changed=CXXFLAGS_x86_64-unknown-linux-gnu
  CXXFLAGS_x86_64-unknown-linux-gnu = None
  cargo:rerun-if-env-changed=CXX_x86_64-unknown-linux-gnu
  CXX_x86_64-unknown-linux-gnu = None
  cargo:rerun-if-env-changed=CXX_x86_64_unknown_linux_gnu
  CXX_x86_64_unknown_linux_gnu = None
  cargo:rerun-if-env-changed=HOST_CXX
  HOST_CXX = None
  cargo:rerun-if-env-changed=CXX
  CXX = None
  cargo:rerun-if-env-changed=CRATE_CC_NO_DEFAULTS
  CRATE_CC_NO_DEFAULTS = None
  cargo:rerun-if-env-changed=CXXFLAGS
  CXXFLAGS = None
  cargo:rerun-if-env-changed=HOST_CXXFLAGS
  HOST_CXXFLAGS = None
  cargo:rerun-if-env-changed=CXXFLAGS_x86_64_unknown_linux_gnu
  CXXFLAGS_x86_64_unknown_linux_gnu = None
  cargo:rerun-if-env-changed=CXXFLAGS_x86_64-unknown-linux-gnu
  CXXFLAGS_x86_64-unknown-linux-gnu = None
  cargo:rerun-if-env-changed=CXX_x86_64-unknown-linux-gnu
  CXX_x86_64-unknown-linux-gnu = None
  cargo:rerun-if-env-changed=CXX_x86_64_unknown_linux_gnu
  CXX_x86_64_unknown_linux_gnu = None
  cargo:rerun-if-env-changed=HOST_CXX
  HOST_CXX = None
  cargo:rerun-if-env-changed=CXX
  CXX = None
  cargo:rerun-if-env-changed=CRATE_CC_NO_DEFAULTS
  CRATE_CC_NO_DEFAULTS = None
  cargo:rerun-if-env-changed=CXXFLAGS
  CXXFLAGS = None
  cargo:rerun-if-env-changed=HOST_CXXFLAGS
  HOST_CXXFLAGS = None
  cargo:rerun-if-env-changed=CXXFLAGS_x86_64_unknown_linux_gnu
  CXXFLAGS_x86_64_unknown_linux_gnu = None
  cargo:rerun-if-env-changed=CXXFLAGS_x86_64-unknown-linux-gnu
  CXXFLAGS_x86_64-unknown-linux-gnu = None
  cargo:rerun-if-env-changed=CXX_x86_64-unknown-linux-gnu
  CXX_x86_64-unknown-linux-gnu = None
  cargo:rerun-if-env-changed=CXX_x86_64_unknown_linux_gnu
  CXX_x86_64_unknown_linux_gnu = None
  cargo:rerun-if-env-changed=HOST_CXX
  HOST_CXX = None
  cargo:rerun-if-env-changed=CXX
  CXX = None
  cargo:rerun-if-env-changed=CRATE_CC_NO_DEFAULTS
  CRATE_CC_NO_DEFAULTS = None
  cargo:rerun-if-env-changed=CXXFLAGS
  CXXFLAGS = None
  cargo:rerun-if-env-changed=HOST_CXXFLAGS
  HOST_CXXFLAGS = None
  cargo:rerun-if-env-changed=CXXFLAGS_x86_64_unknown_linux_gnu
  CXXFLAGS_x86_64_unknown_linux_gnu = None
  cargo:rerun-if-env-changed=CXXFLAGS_x86_64-unknown-linux-gnu
  CXXFLAGS_x86_64-unknown-linux-gnu = None
  cargo:rerun-if-env-changed=CXX_x86_64-unknown-linux-gnu
  CXX_x86_64-unknown-linux-gnu = None
  cargo:rerun-if-env-changed=CXX_x86_64_unknown_linux_gnu
  CXX_x86_64_unknown_linux_gnu = None
  cargo:rerun-if-env-changed=HOST_CXX
  HOST_CXX = None
  cargo:rerun-if-env-changed=CXX
  CXX = None
  cargo:rerun-if-env-changed=CRATE_CC_NO_DEFAULTS
  CRATE_CC_NO_DEFAULTS = None
  cargo:rerun-if-env-changed=CXXFLAGS
  CXXFLAGS = None
  cargo:rerun-if-env-changed=HOST_CXXFLAGS
  HOST_CXXFLAGS = None
  cargo:rerun-if-env-changed=CXXFLAGS_x86_64_unknown_linux_gnu
  CXXFLAGS_x86_64_unknown_linux_gnu = None
  cargo:rerun-if-env-changed=CXXFLAGS_x86_64-unknown-linux-gnu
  CXXFLAGS_x86_64-unknown-linux-gnu = None
  cargo:rerun-if-env-changed=CXX_x86_64-unknown-linux-gnu
  CXX_x86_64-unknown-linux-gnu = None
  cargo:rerun-if-env-changed=CXX_x86_64_unknown_linux_gnu
  CXX_x86_64_unknown_linux_gnu = None
  cargo:rerun-if-env-changed=HOST_CXX
  HOST_CXX = None
  cargo:rerun-if-env-changed=CXX
  CXX = None
  cargo:rerun-if-env-changed=CRATE_CC_NO_DEFAULTS
  CRATE_CC_NO_DEFAULTS = None
  cargo:rerun-if-env-changed=CXXFLAGS
  CXXFLAGS = None
  cargo:rerun-if-env-changed=HOST_CXXFLAGS
  HOST_CXXFLAGS = None
  cargo:rerun-if-env-changed=CXXFLAGS_x86_64_unknown_linux_gnu
  CXXFLAGS_x86_64_unknown_linux_gnu = None
  cargo:rerun-if-env-changed=CXXFLAGS_x86_64-unknown-linux-gnu
  CXXFLAGS_x86_64-unknown-linux-gnu = None
  cargo:rerun-if-env-changed=CXX_x86_64-unknown-linux-gnu
  CXX_x86_64-unknown-linux-gnu = None
  cargo:rerun-if-env-changed=CXX_x86_64_unknown_linux_gnu
  CXX_x86_64_unknown_linux_gnu = None
  cargo:rerun-if-env-changed=HOST_CXX
  HOST_CXX = None
  cargo:rerun-if-env-changed=CXX
  CXX = None
  cargo:rerun-if-env-changed=CRATE_CC_NO_DEFAULTS
  CRATE_CC_NO_DEFAULTS = None
  cargo:rerun-if-env-changed=CXXFLAGS
  CXXFLAGS = None
  cargo:rerun-if-env-changed=HOST_CXXFLAGS
  HOST_CXXFLAGS = None
  cargo:rerun-if-env-changed=CXXFLAGS_x86_64_unknown_linux_gnu
  CXXFLAGS_x86_64_unknown_linux_gnu = None
  cargo:rerun-if-env-changed=CXXFLAGS_x86_64-unknown-linux-gnu
  CXXFLAGS_x86_64-unknown-linux-gnu = None
  exit status: 0
  exit status: 0
  exit status: 0
  exit status: 0
  exit status: 0
  exit status: 0
  exit status: 0
  exit status: 0
  cargo:rerun-if-env-changed=CXX_x86_64-unknown-linux-gnu
  CXX_x86_64-unknown-linux-gnu = None
  cargo:rerun-if-env-changed=CXX_x86_64_unknown_linux_gnu
  CXX_x86_64_unknown_linux_gnu = None
  cargo:rerun-if-env-changed=HOST_CXX
  HOST_CXX = None
  cargo:rerun-if-env-changed=CXX
  CXX = None
  cargo:rerun-if-env-changed=CRATE_CC_NO_DEFAULTS
  CRATE_CC_NO_DEFAULTS = None
  cargo:rerun-if-env-changed=CXXFLAGS
  CXXFLAGS = None
  cargo:rerun-if-env-changed=HOST_CXXFLAGS
  HOST_CXXFLAGS = None
  cargo:rerun-if-env-changed=CXXFLAGS_x86_64_unknown_linux_gnu
  CXXFLAGS_x86_64_unknown_linux_gnu = None
  cargo:rerun-if-env-changed=CXXFLAGS_x86_64-unknown-linux-gnu
  CXXFLAGS_x86_64-unknown-linux-gnu = None
  cargo:rerun-if-env-changed=CXX_x86_64-unknown-linux-gnu
  CXX_x86_64-unknown-linux-gnu = None
  cargo:rerun-if-env-changed=CXX_x86_64_unknown_linux_gnu
  CXX_x86_64_unknown_linux_gnu = None
  cargo:rerun-if-env-changed=HOST_CXX
  HOST_CXX = None
  cargo:rerun-if-env-changed=CXX
  CXX = None
  cargo:rerun-if-env-changed=CRATE_CC_NO_DEFAULTS
  CRATE_CC_NO_DEFAULTS = None
  cargo:rerun-if-env-changed=CXXFLAGS
  CXXFLAGS = None
  cargo:rerun-if-env-changed=HOST_CXXFLAGS
  HOST_CXXFLAGS = None
  cargo:rerun-if-env-changed=CXXFLAGS_x86_64_unknown_linux_gnu
  CXXFLAGS_x86_64_unknown_linux_gnu = None
  cargo:rerun-if-env-changed=CXXFLAGS_x86_64-unknown-linux-gnu
  CXXFLAGS_x86_64-unknown-linux-gnu = None
  cargo:rerun-if-env-changed=CXX_x86_64-unknown-linux-gnu
  CXX_x86_64-unknown-linux-gnu = None
  cargo:rerun-if-env-changed=CXX_x86_64_unknown_linux_gnu
  CXX_x86_64_unknown_linux_gnu = None
  cargo:rerun-if-env-changed=HOST_CXX
  HOST_CXX = None
  cargo:rerun-if-env-changed=CXX
  CXX = None
  cargo:rerun-if-env-changed=CRATE_CC_NO_DEFAULTS
  CRATE_CC_NO_DEFAULTS = None
  cargo:rerun-if-env-changed=CXXFLAGS
  CXXFLAGS = None
  cargo:rerun-if-env-changed=HOST_CXXFLAGS
  HOST_CXXFLAGS = None
  cargo:rerun-if-env-changed=CXXFLAGS_x86_64_unknown_linux_gnu
  CXXFLAGS_x86_64_unknown_linux_gnu = None
  cargo:rerun-if-env-changed=CXXFLAGS_x86_64-unknown-linux-gnu
  CXXFLAGS_x86_64-unknown-linux-gnu = None
  cargo:rerun-if-env-changed=CXX_x86_64-unknown-linux-gnu
  CXX_x86_64-unknown-linux-gnu = None
  cargo:rerun-if-env-changed=CXX_x86_64_unknown_linux_gnu
  CXX_x86_64_unknown_linux_gnu = None
  cargo:rerun-if-env-changed=HOST_CXX
  HOST_CXX = None
  cargo:rerun-if-env-changed=CXX
  CXX = None
  cargo:rerun-if-env-changed=CRATE_CC_NO_DEFAULTS
  CRATE_CC_NO_DEFAULTS = None
  cargo:rerun-if-env-changed=CXXFLAGS
  CXXFLAGS = None
  cargo:rerun-if-env-changed=HOST_CXXFLAGS
  HOST_CXXFLAGS = None
  cargo:rerun-if-env-changed=CXXFLAGS_x86_64_unknown_linux_gnu
  CXXFLAGS_x86_64_unknown_linux_gnu = None
  cargo:rerun-if-env-changed=CXXFLAGS_x86_64-unknown-linux-gnu
  CXXFLAGS_x86_64-unknown-linux-gnu = None
  cargo:rerun-if-env-changed=CXX_x86_64-unknown-linux-gnu
  CXX_x86_64-unknown-linux-gnu = None
  cargo:rerun-if-env-changed=CXX_x86_64_unknown_linux_gnu
  CXX_x86_64_unknown_linux_gnu = None
  cargo:rerun-if-env-changed=HOST_CXX
  HOST_CXX = None
  cargo:rerun-if-env-changed=CXX
  CXX = None
  cargo:rerun-if-env-changed=CRATE_CC_NO_DEFAULTS
  CRATE_CC_NO_DEFAULTS = None
  cargo:rerun-if-env-changed=CXXFLAGS
  CXXFLAGS = None
  cargo:rerun-if-env-changed=HOST_CXXFLAGS
  HOST_CXXFLAGS = None
  cargo:rerun-if-env-changed=CXXFLAGS_x86_64_unknown_linux_gnu
  CXXFLAGS_x86_64_unknown_linux_gnu = None
  cargo:rerun-if-env-changed=CXXFLAGS_x86_64-unknown-linux-gnu
  CXXFLAGS_x86_64-unknown-linux-gnu = None
  cargo:rerun-if-env-changed=CXX_x86_64-unknown-linux-gnu
  CXX_x86_64-unknown-linux-gnu = None
  cargo:rerun-if-env-changed=CXX_x86_64_unknown_linux_gnu
  CXX_x86_64_unknown_linux_gnu = None
  cargo:rerun-if-env-changed=HOST_CXX
  HOST_CXX = None
  cargo:rerun-if-env-changed=CXX
  CXX = None
  cargo:rerun-if-env-changed=CRATE_CC_NO_DEFAULTS
  CRATE_CC_NO_DEFAULTS = None
  cargo:rerun-if-env-changed=CXXFLAGS
  CXXFLAGS = None
  cargo:rerun-if-env-changed=HOST_CXXFLAGS
  HOST_CXXFLAGS = None
  cargo:rerun-if-env-changed=CXXFLAGS_x86_64_unknown_linux_gnu
  CXXFLAGS_x86_64_unknown_linux_gnu = None
  cargo:rerun-if-env-changed=CXXFLAGS_x86_64-unknown-linux-gnu
  CXXFLAGS_x86_64-unknown-linux-gnu = None
  cargo:rerun-if-env-changed=CXX_x86_64-unknown-linux-gnu
  CXX_x86_64-unknown-linux-gnu = None
  cargo:rerun-if-env-changed=CXX_x86_64_unknown_linux_gnu
  CXX_x86_64_unknown_linux_gnu = None
  cargo:rerun-if-env-changed=HOST_CXX
  HOST_CXX = None
  cargo:rerun-if-env-changed=CXX
  CXX = None
  cargo:rerun-if-env-changed=CRATE_CC_NO_DEFAULTS
  CRATE_CC_NO_DEFAULTS = None
  cargo:rerun-if-env-changed=CXXFLAGS
  CXXFLAGS = None
  cargo:rerun-if-env-changed=HOST_CXXFLAGS
  HOST_CXXFLAGS = None
  cargo:rerun-if-env-changed=CXXFLAGS_x86_64_unknown_linux_gnu
  CXXFLAGS_x86_64_unknown_linux_gnu = None
  cargo:rerun-if-env-changed=CXXFLAGS_x86_64-unknown-linux-gnu
  CXXFLAGS_x86_64-unknown-linux-gnu = None
  cargo:rerun-if-env-changed=CXX_x86_64-unknown-linux-gnu
  CXX_x86_64-unknown-linux-gnu = None
  cargo:rerun-if-env-changed=CXX_x86_64_unknown_linux_gnu
  CXX_x86_64_unknown_linux_gnu = None
  cargo:rerun-if-env-changed=HOST_CXX
  HOST_CXX = None
  cargo:rerun-if-env-changed=CXX
  CXX = None
  cargo:rerun-if-env-changed=CRATE_CC_NO_DEFAULTS
  CRATE_CC_NO_DEFAULTS = None
  cargo:rerun-if-env-changed=CXXFLAGS
  CXXFLAGS = None
  cargo:rerun-if-env-changed=HOST_CXXFLAGS
  HOST_CXXFLAGS = None
  cargo:rerun-if-env-changed=CXXFLAGS_x86_64_unknown_linux_gnu
  CXXFLAGS_x86_64_unknown_linux_gnu = None
  cargo:rerun-if-env-changed=CXXFLAGS_x86_64-unknown-linux-gnu
  CXXFLAGS_x86_64-unknown-linux-gnu = None
  cargo:warning=In file included from rocksdb/util/crc32c.cc:52:
  cargo:warning=In function '__m128i _mm_clmulepi64_si128(__m128i, __m128i, int)',
  cargo:warning=    inlined from 'uint64_t rocksdb::crc32c::CombineCRC(size_t, uint64_t, uint64_t, uint64_t, const uint64_t*)' at rocksdb/util/crc32c.cc:553:41,
  cargo:warning=    inlined from 'uint32_t rocksdb::crc32c::crc32c_3way(uint32_t, const char*, size_t)' at rocksdb/util/crc32c.cc:995:32:
  cargo:warning=/usr/lib/gcc/x86_64-linux-gnu/13/include/wmmintrin.h:118:10: error: '__builtin_ia32_pclmulqdq128' needs isa option -mpclmul -msse2
  cargo:warning=  118 |   return (__m128i) __builtin_ia32_pclmulqdq128 ((__v2di)__X,
  cargo:warning=      |          ^~~~~~~~~~~~~~~~~~~~~~~~~~~~~~~~~~~~~~~~~~~~~~~~~~~
  cargo:warning=  119 |                                                 (__v2di)__Y, __I);
  cargo:warning=      |                                                 ~~~~~~~~~~~~~~~~~
  cargo:warning=In function '__m128i _mm_clmulepi64_si128(__m128i, __m128i, int)',
  cargo:warning=    inlined from 'uint64_t rocksdb::crc32c::CombineCRC(size_t, uint64_t, uint64_t, uint64_t, const uint64_t*)' at rocksdb/util/crc32c.cc:555:41,
  cargo:warning=    inlined from 'uint32_t rocksdb::crc32c::crc32c_3way(uint32_t, const char*, size_t)' at rocksdb/util/crc32c.cc:995:32:
  cargo:warning=/usr/lib/gcc/x86_64-linux-gnu/13/include/wmmintrin.h:118:10: error: '__builtin_ia32_pclmulqdq128' needs isa option -mpclmul -msse2
  cargo:warning=  118 |   return (__m128i) __builtin_ia32_pclmulqdq128 ((__v2di)__X,
  cargo:warning=      |          ^~~~~~~~~~~~~~~~~~~~~~~~~~~~~~~~~~~~~~~~~~~~~~~~~~~
  cargo:warning=  119 |                                                 (__v2di)__Y, __I);
  cargo:warning=      |                                                 ~~~~~~~~~~~~~~~~~
  exit status: 0
  exit status: 0
  exit status: 0
  exit status: 0
  exit status: 0
  exit status: 0
  exit status: 0
  exit status: 0
  exit status: 1
  cargo:warning=ToolExecError: command did not execute successfully (status code exit status: 1): LC_ALL="C" "c++" "-O3" "-ffunction-sections" "-fdata-sections" "-fPIC" "-m64" "-I" "rocksdb/include/" "-I" "rocksdb/" "-I" "rocksdb/third-party/gtest-1.8.1/fused-src/" "-I" "/tmp/wallet-pir-v10-production-target/release/build/lz4-sys-d1aba679ab0d3d55/out/include" "-I" "." "-Wall" "-Wextra" "-std=c++17" "-Wsign-compare" "-Wshadow" "-Wno-unused-parameter" "-Wno-unused-variable" "-Woverloaded-virtual" "-Wnon-virtual-dtor" "-Wno-missing-field-initializers" "-Wno-strict-aliasing" "-Wno-invalid-offsetof" "-msse2" "-msse4.1" "-msse4.2" "-mavx2" "-mbmi" "-mlzcnt" "-std=c++17" "-DLZ4=1" "-DNDEBUG=1" "-DOS_LINUX" "-DROCKSDB_PLATFORM_POSIX" "-DROCKSDB_LIB_IO_POSIX" "-DROCKSDB_SCHED_GETCPU_PRESENT" "-DROCKSDB_SUPPORT_THREAD_LOCAL" "-o" "/tmp/wallet-pir-v10-production-target/release/build/librocksdb-sys-de704949ea0a80f7/out/3b2529d97c048fcf-crc32c.o" "-c" "rocksdb/util/crc32c.cc"cargo:rerun-if-env-changed=CXX_x86_64-unknown-linux-gnu
  CXX_x86_64-unknown-linux-gnu = None
  cargo:rerun-if-env-changed=CXX_x86_64_unknown_linux_gnu
  CXX_x86_64_unknown_linux_gnu = None
  cargo:rerun-if-env-changed=HOST_CXX
  HOST_CXX = None
  cargo:rerun-if-env-changed=CXX
  CXX = None
  cargo:rerun-if-env-changed=CRATE_CC_NO_DEFAULTS
  CRATE_CC_NO_DEFAULTS = None
  cargo:rerun-if-env-changed=CXXFLAGS
  CXXFLAGS = None
  cargo:rerun-if-env-changed=HOST_CXXFLAGS
  HOST_CXXFLAGS = None
  cargo:rerun-if-env-changed=CXXFLAGS_x86_64_unknown_linux_gnu
  CXXFLAGS_x86_64_unknown_linux_gnu = None
  cargo:rerun-if-env-changed=CXXFLAGS_x86_64-unknown-linux-gnu
  CXXFLAGS_x86_64-unknown-linux-gnu = None
  cargo:rerun-if-env-changed=CXX_x86_64-unknown-linux-gnu
  CXX_x86_64-unknown-linux-gnu = None
  cargo:rerun-if-env-changed=CXX_x86_64_unknown_linux_gnu
  CXX_x86_64_unknown_linux_gnu = None
  cargo:rerun-if-env-changed=HOST_CXX
  HOST_CXX = None
  cargo:rerun-if-env-changed=CXX
  CXX = None
  cargo:rerun-if-env-changed=CRATE_CC_NO_DEFAULTS
  CRATE_CC_NO_DEFAULTS = None
  cargo:rerun-if-env-changed=CXXFLAGS
  CXXFLAGS = None
  cargo:rerun-if-env-changed=HOST_CXXFLAGS
  HOST_CXXFLAGS = None
  cargo:rerun-if-env-changed=CXXFLAGS_x86_64_unknown_linux_gnu
  CXXFLAGS_x86_64_unknown_linux_gnu = None
  cargo:rerun-if-env-changed=CXXFLAGS_x86_64-unknown-linux-gnu
  CXXFLAGS_x86_64-unknown-linux-gnu = None
  cargo:rerun-if-env-changed=CXX_x86_64-unknown-linux-gnu
  CXX_x86_64-unknown-linux-gnu = None
  cargo:rerun-if-env-changed=CXX_x86_64_unknown_linux_gnu
  CXX_x86_64_unknown_linux_gnu = None
  cargo:rerun-if-env-changed=HOST_CXX
  HOST_CXX = None
  cargo:rerun-if-env-changed=CXX
  CXX = None
  cargo:rerun-if-env-changed=CRATE_CC_NO_DEFAULTS
  CRATE_CC_NO_DEFAULTS = None
  cargo:rerun-if-env-changed=CXXFLAGS
  CXXFLAGS = None
  cargo:rerun-if-env-changed=HOST_CXXFLAGS
  HOST_CXXFLAGS = None
  cargo:rerun-if-env-changed=CXXFLAGS_x86_64_unknown_linux_gnu
  CXXFLAGS_x86_64_unknown_linux_gnu = None
  cargo:rerun-if-env-changed=CXXFLAGS_x86_64-unknown-linux-gnu
  CXXFLAGS_x86_64-unknown-linux-gnu = None
  cargo:rerun-if-env-changed=CXX_x86_64-unknown-linux-gnu
  CXX_x86_64-unknown-linux-gnu = None
  cargo:rerun-if-env-changed=CXX_x86_64_unknown_linux_gnu
  CXX_x86_64_unknown_linux_gnu = None
  cargo:rerun-if-env-changed=HOST_CXX
  HOST_CXX = None
  cargo:rerun-if-env-changed=CXX
  CXX = None
  cargo:rerun-if-env-changed=CRATE_CC_NO_DEFAULTS
  CRATE_CC_NO_DEFAULTS = None
  cargo:rerun-if-env-changed=CXXFLAGS
  CXXFLAGS = None
  cargo:rerun-if-env-changed=HOST_CXXFLAGS
  HOST_CXXFLAGS = None
  cargo:rerun-if-env-changed=CXXFLAGS_x86_64_unknown_linux_gnu
  CXXFLAGS_x86_64_unknown_linux_gnu = None
  cargo:rerun-if-env-changed=CXXFLAGS_x86_64-unknown-linux-gnu
  CXXFLAGS_x86_64-unknown-linux-gnu = None
  cargo:rerun-if-env-changed=CXX_x86_64-unknown-linux-gnu
  CXX_x86_64-unknown-linux-gnu = None
  cargo:rerun-if-env-changed=CXX_x86_64_unknown_linux_gnu
  CXX_x86_64_unknown_linux_gnu = None
  cargo:rerun-if-env-changed=HOST_CXX
  HOST_CXX = None
  cargo:rerun-if-env-changed=CXX
  CXX = None
  cargo:rerun-if-env-changed=CRATE_CC_NO_DEFAULTS
  CRATE_CC_NO_DEFAULTS = None
  cargo:rerun-if-env-changed=CXXFLAGS
  CXXFLAGS = None
  cargo:rerun-if-env-changed=HOST_CXXFLAGS
  HOST_CXXFLAGS = None
  cargo:rerun-if-env-changed=CXXFLAGS_x86_64_unknown_linux_gnu
  CXXFLAGS_x86_64_unknown_linux_gnu = None
  cargo:rerun-if-env-changed=CXXFLAGS_x86_64-unknown-linux-gnu
  CXXFLAGS_x86_64-unknown-linux-gnu = None
  cargo:rerun-if-env-changed=CXX_x86_64-unknown-linux-gnu
  CXX_x86_64-unknown-linux-gnu = None
  cargo:rerun-if-env-changed=CXX_x86_64_unknown_linux_gnu
  CXX_x86_64_unknown_linux_gnu = None
  cargo:rerun-if-env-changed=HOST_CXX
  HOST_CXX = None
  cargo:rerun-if-env-changed=CXX
  CXX = None
  cargo:rerun-if-env-changed=CRATE_CC_NO_DEFAULTS
  CRATE_CC_NO_DEFAULTS = None
  cargo:rerun-if-env-changed=CXXFLAGS
  CXXFLAGS = None
  cargo:rerun-if-env-changed=HOST_CXXFLAGS
  HOST_CXXFLAGS = None
  cargo:rerun-if-env-changed=CXXFLAGS_x86_64_unknown_linux_gnu
  CXXFLAGS_x86_64_unknown_linux_gnu = None
  cargo:rerun-if-env-changed=CXXFLAGS_x86_64-unknown-linux-gnu
  CXXFLAGS_x86_64-unknown-linux-gnu = None
  cargo:rerun-if-env-changed=CXX_x86_64-unknown-linux-gnu
  CXX_x86_64-unknown-linux-gnu = None
  cargo:rerun-if-env-changed=CXX_x86_64_unknown_linux_gnu
  CXX_x86_64_unknown_linux_gnu = None
  cargo:rerun-if-env-changed=HOST_CXX
  HOST_CXX = None
  cargo:rerun-if-env-changed=CXX
  CXX = None
  cargo:rerun-if-env-changed=CRATE_CC_NO_DEFAULTS
  CRATE_CC_NO_DEFAULTS = None
  cargo:rerun-if-env-changed=CXXFLAGS
  CXXFLAGS = None
  cargo:rerun-if-env-changed=HOST_CXXFLAGS
  HOST_CXXFLAGS = None
  cargo:rerun-if-env-changed=CXXFLAGS_x86_64_unknown_linux_gnu
  CXXFLAGS_x86_64_unknown_linux_gnu = None
  cargo:rerun-if-env-changed=CXXFLAGS_x86_64-unknown-linux-gnu
  CXXFLAGS_x86_64-unknown-linux-gnu = None
  cargo:rerun-if-env-changed=CXX_x86_64-unknown-linux-gnu
  CXX_x86_64-unknown-linux-gnu = None
  cargo:rerun-if-env-changed=CXX_x86_64_unknown_linux_gnu
  CXX_x86_64_unknown_linux_gnu = None
  cargo:rerun-if-env-changed=HOST_CXX
  HOST_CXX = None
  cargo:rerun-if-env-changed=CXX
  CXX = None
  cargo:rerun-if-env-changed=CRATE_CC_NO_DEFAULTS
  CRATE_CC_NO_DEFAULTS = None
  cargo:rerun-if-env-changed=CXXFLAGS
  CXXFLAGS = None
  cargo:rerun-if-env-changed=HOST_CXXFLAGS
  HOST_CXXFLAGS = None
  cargo:rerun-if-env-changed=CXXFLAGS_x86_64_unknown_linux_gnu
  CXXFLAGS_x86_64_unknown_linux_gnu = None
  cargo:rerun-if-env-changed=CXXFLAGS_x86_64-unknown-linux-gnu
  CXXFLAGS_x86_64-unknown-linux-gnu = None
  cargo:rerun-if-env-changed=CXX_x86_64-unknown-linux-gnu
  CXX_x86_64-unknown-linux-gnu = None
  cargo:rerun-if-env-changed=CXX_x86_64_unknown_linux_gnu
  CXX_x86_64_unknown_linux_gnu = None
  cargo:rerun-if-env-changed=HOST_CXX
  HOST_CXX = None
  cargo:rerun-if-env-changed=CXX
  CXX = None
  cargo:rerun-if-env-changed=CRATE_CC_NO_DEFAULTS
  CRATE_CC_NO_DEFAULTS = None
  cargo:rerun-if-env-changed=CXXFLAGS
  CXXFLAGS = None
  cargo:rerun-if-env-changed=HOST_CXXFLAGS
  HOST_CXXFLAGS = None
  cargo:rerun-if-env-changed=CXXFLAGS_x86_64_unknown_linux_gnu
  CXXFLAGS_x86_64_unknown_linux_gnu = None
  cargo:rerun-if-env-changed=CXXFLAGS_x86_64-unknown-linux-gnu
  CXXFLAGS_x86_64-unknown-linux-gnu = None

  exit status: 0
  exit status: 0
  exit status: 0
  exit status: 0
  exit status: 0
  exit status: 0
  exit status: 0
  exit status: 0
  cargo:rerun-if-env-changed=CXX_x86_64-unknown-linux-gnu
  CXX_x86_64-unknown-linux-gnu = None
  cargo:rerun-if-env-changed=CXX_x86_64_unknown_linux_gnu
  CXX_x86_64_unknown_linux_gnu = None
  cargo:rerun-if-env-changed=HOST_CXX
  HOST_CXX = None
  cargo:rerun-if-env-changed=CXX
  CXX = None
  cargo:rerun-if-env-changed=CRATE_CC_NO_DEFAULTS
  CRATE_CC_NO_DEFAULTS = None
  cargo:rerun-if-env-changed=CXXFLAGS
  CXXFLAGS = None
  cargo:rerun-if-env-changed=HOST_CXXFLAGS
  HOST_CXXFLAGS = None
  cargo:rerun-if-env-changed=CXXFLAGS_x86_64_unknown_linux_gnu
  CXXFLAGS_x86_64_unknown_linux_gnu = None
  cargo:rerun-if-env-changed=CXXFLAGS_x86_64-unknown-linux-gnu
  CXXFLAGS_x86_64-unknown-linux-gnu = None
  cargo:rerun-if-env-changed=CXX_x86_64-unknown-linux-gnu
  CXX_x86_64-unknown-linux-gnu = None
  cargo:rerun-if-env-changed=CXX_x86_64_unknown_linux_gnu
  CXX_x86_64_unknown_linux_gnu = None
  cargo:rerun-if-env-changed=HOST_CXX
  HOST_CXX = None
  cargo:rerun-if-env-changed=CXX
  CXX = None
  cargo:rerun-if-env-changed=CRATE_CC_NO_DEFAULTS
  CRATE_CC_NO_DEFAULTS = None
  cargo:rerun-if-env-changed=CXXFLAGS
  CXXFLAGS = None
  cargo:rerun-if-env-changed=HOST_CXXFLAGS
  HOST_CXXFLAGS = None
  cargo:rerun-if-env-changed=CXXFLAGS_x86_64_unknown_linux_gnu
  CXXFLAGS_x86_64_unknown_linux_gnu = None
  cargo:rerun-if-env-changed=CXXFLAGS_x86_64-unknown-linux-gnu
  CXXFLAGS_x86_64-unknown-linux-gnu = None
  cargo:rerun-if-env-changed=CXX_x86_64-unknown-linux-gnu
  CXX_x86_64-unknown-linux-gnu = None
  cargo:rerun-if-env-changed=CXX_x86_64_unknown_linux_gnu
  CXX_x86_64_unknown_linux_gnu = None
  cargo:rerun-if-env-changed=HOST_CXX
  HOST_CXX = None
  cargo:rerun-if-env-changed=CXX
  CXX = None
  cargo:rerun-if-env-changed=CRATE_CC_NO_DEFAULTS
  CRATE_CC_NO_DEFAULTS = None
  cargo:rerun-if-env-changed=CXXFLAGS
  CXXFLAGS = None
  cargo:rerun-if-env-changed=HOST_CXXFLAGS
  HOST_CXXFLAGS = None
  cargo:rerun-if-env-changed=CXXFLAGS_x86_64_unknown_linux_gnu
  CXXFLAGS_x86_64_unknown_linux_gnu = None
  cargo:rerun-if-env-changed=CXXFLAGS_x86_64-unknown-linux-gnu
  CXXFLAGS_x86_64-unknown-linux-gnu = None
  cargo:rerun-if-env-changed=CXX_x86_64-unknown-linux-gnu
  CXX_x86_64-unknown-linux-gnu = None
  cargo:rerun-if-env-changed=CXX_x86_64_unknown_linux_gnu
  CXX_x86_64_unknown_linux_gnu = None
  cargo:rerun-if-env-changed=HOST_CXX
  HOST_CXX = None
  cargo:rerun-if-env-changed=CXX
  CXX = None
  cargo:rerun-if-env-changed=CRATE_CC_NO_DEFAULTS
  CRATE_CC_NO_DEFAULTS = None
  cargo:rerun-if-env-changed=CXXFLAGS
  CXXFLAGS = None
  cargo:rerun-if-env-changed=HOST_CXXFLAGS
  HOST_CXXFLAGS = None
  cargo:rerun-if-env-changed=CXXFLAGS_x86_64_unknown_linux_gnu
  CXXFLAGS_x86_64_unknown_linux_gnu = None
  cargo:rerun-if-env-changed=CXXFLAGS_x86_64-unknown-linux-gnu
  CXXFLAGS_x86_64-unknown-linux-gnu = None
  cargo:rerun-if-env-changed=CXX_x86_64-unknown-linux-gnu
  CXX_x86_64-unknown-linux-gnu = None
  cargo:rerun-if-env-changed=CXX_x86_64_unknown_linux_gnu
  CXX_x86_64_unknown_linux_gnu = None
  cargo:rerun-if-env-changed=HOST_CXX
  HOST_CXX = None
  cargo:rerun-if-env-changed=CXX
  CXX = None
  cargo:rerun-if-env-changed=CRATE_CC_NO_DEFAULTS
  CRATE_CC_NO_DEFAULTS = None
  cargo:rerun-if-env-changed=CXXFLAGS
  CXXFLAGS = None
  cargo:rerun-if-env-changed=HOST_CXXFLAGS
  HOST_CXXFLAGS = None
  cargo:rerun-if-env-changed=CXXFLAGS_x86_64_unknown_linux_gnu
  CXXFLAGS_x86_64_unknown_linux_gnu = None
  cargo:rerun-if-env-changed=CXXFLAGS_x86_64-unknown-linux-gnu
  CXXFLAGS_x86_64-unknown-linux-gnu = None
  cargo:rerun-if-env-changed=CXX_x86_64-unknown-linux-gnu
  CXX_x86_64-unknown-linux-gnu = None
  cargo:rerun-if-env-changed=CXX_x86_64_unknown_linux_gnu
  CXX_x86_64_unknown_linux_gnu = None
  cargo:rerun-if-env-changed=HOST_CXX
  HOST_CXX = None
  cargo:rerun-if-env-changed=CXX
  CXX = None
  cargo:rerun-if-env-changed=CRATE_CC_NO_DEFAULTS
  CRATE_CC_NO_DEFAULTS = None
  cargo:rerun-if-env-changed=CXXFLAGS
  CXXFLAGS = None
  cargo:rerun-if-env-changed=HOST_CXXFLAGS
  HOST_CXXFLAGS = None
  cargo:rerun-if-env-changed=CXXFLAGS_x86_64_unknown_linux_gnu
  CXXFLAGS_x86_64_unknown_linux_gnu = None
  cargo:rerun-if-env-changed=CXXFLAGS_x86_64-unknown-linux-gnu
  CXXFLAGS_x86_64-unknown-linux-gnu = None
  cargo:rerun-if-env-changed=CXX_x86_64-unknown-linux-gnu
  CXX_x86_64-unknown-linux-gnu = None
  cargo:rerun-if-env-changed=CXX_x86_64_unknown_linux_gnu
  CXX_x86_64_unknown_linux_gnu = None
  cargo:rerun-if-env-changed=HOST_CXX
  HOST_CXX = None
  cargo:rerun-if-env-changed=CXX
  CXX = None
  cargo:rerun-if-env-changed=CRATE_CC_NO_DEFAULTS
  CRATE_CC_NO_DEFAULTS = None
  cargo:rerun-if-env-changed=CXXFLAGS
  CXXFLAGS = None
  cargo:rerun-if-env-changed=HOST_CXXFLAGS
  HOST_CXXFLAGS = None
  cargo:rerun-if-env-changed=CXXFLAGS_x86_64_unknown_linux_gnu
  CXXFLAGS_x86_64_unknown_linux_gnu = None
  cargo:rerun-if-env-changed=CXXFLAGS_x86_64-unknown-linux-gnu
  CXXFLAGS_x86_64-unknown-linux-gnu = None
  cargo:rerun-if-env-changed=CXX_x86_64-unknown-linux-gnu
  CXX_x86_64-unknown-linux-gnu = None
  cargo:rerun-if-env-changed=CXX_x86_64_unknown_linux_gnu
  CXX_x86_64_unknown_linux_gnu = None
  cargo:rerun-if-env-changed=HOST_CXX
  HOST_CXX = None
  cargo:rerun-if-env-changed=CXX
  CXX = None
  cargo:rerun-if-env-changed=CRATE_CC_NO_DEFAULTS
  CRATE_CC_NO_DEFAULTS = None
  cargo:rerun-if-env-changed=CXXFLAGS
  CXXFLAGS = None
  cargo:rerun-if-env-changed=HOST_CXXFLAGS
  HOST_CXXFLAGS = None
  cargo:rerun-if-env-changed=CXXFLAGS_x86_64_unknown_linux_gnu
  CXXFLAGS_x86_64_unknown_linux_gnu = None
  cargo:rerun-if-env-changed=CXXFLAGS_x86_64-unknown-linux-gnu
  CXXFLAGS_x86_64-unknown-linux-gnu = None
  cargo:rerun-if-env-changed=CXX_x86_64-unknown-linux-gnu
  CXX_x86_64-unknown-linux-gnu = None
  cargo:rerun-if-env-changed=CXX_x86_64_unknown_linux_gnu
  CXX_x86_64_unknown_linux_gnu = None
  cargo:rerun-if-env-changed=HOST_CXX
  HOST_CXX = None
  cargo:rerun-if-env-changed=CXX
  CXX = None
  cargo:rerun-if-env-changed=CRATE_CC_NO_DEFAULTS
  CRATE_CC_NO_DEFAULTS = None
  cargo:rerun-if-env-changed=CXXFLAGS
  CXXFLAGS = None
  cargo:rerun-if-env-changed=HOST_CXXFLAGS
  HOST_CXXFLAGS = None
  cargo:rerun-if-env-changed=CXXFLAGS_x86_64_unknown_linux_gnu
  CXXFLAGS_x86_64_unknown_linux_gnu = None
  cargo:rerun-if-env-changed=CXXFLAGS_x86_64-unknown-linux-gnu
  CXXFLAGS_x86_64-unknown-linux-gnu = None
  exit status: 0
  exit status: 0
  exit status: 0
  exit status: 0
  exit status: 0
  exit status: 0
  exit status: 0
  exit status: 0
  cargo:rerun-if-env-changed=CXX_x86_64-unknown-linux-gnu
  CXX_x86_64-unknown-linux-gnu = None
  cargo:rerun-if-env-changed=CXX_x86_64_unknown_linux_gnu
  CXX_x86_64_unknown_linux_gnu = None
  cargo:rerun-if-env-changed=HOST_CXX
  HOST_CXX = None
  cargo:rerun-if-env-changed=CXX
  CXX = None
  cargo:rerun-if-env-changed=CRATE_CC_NO_DEFAULTS
  CRATE_CC_NO_DEFAULTS = None
  cargo:rerun-if-env-changed=CXXFLAGS
  CXXFLAGS = None
  cargo:rerun-if-env-changed=HOST_CXXFLAGS
  HOST_CXXFLAGS = None
  cargo:rerun-if-env-changed=CXXFLAGS_x86_64_unknown_linux_gnu
  CXXFLAGS_x86_64_unknown_linux_gnu = None
  cargo:rerun-if-env-changed=CXXFLAGS_x86_64-unknown-linux-gnu
  CXXFLAGS_x86_64-unknown-linux-gnu = None
  cargo:rerun-if-env-changed=CXX_x86_64-unknown-linux-gnu
  CXX_x86_64-unknown-linux-gnu = None
  cargo:rerun-if-env-changed=CXX_x86_64_unknown_linux_gnu
  CXX_x86_64_unknown_linux_gnu = None
  cargo:rerun-if-env-changed=HOST_CXX
  HOST_CXX = None
  cargo:rerun-if-env-changed=CXX
  CXX = None
  cargo:rerun-if-env-changed=CRATE_CC_NO_DEFAULTS
  CRATE_CC_NO_DEFAULTS = None
  cargo:rerun-if-env-changed=CXXFLAGS
  CXXFLAGS = None
  cargo:rerun-if-env-changed=HOST_CXXFLAGS
  HOST_CXXFLAGS = None
  cargo:rerun-if-env-changed=CXXFLAGS_x86_64_unknown_linux_gnu
  CXXFLAGS_x86_64_unknown_linux_gnu = None
  cargo:rerun-if-env-changed=CXXFLAGS_x86_64-unknown-linux-gnu
  CXXFLAGS_x86_64-unknown-linux-gnu = None
  cargo:rerun-if-env-changed=CXX_x86_64-unknown-linux-gnu
  CXX_x86_64-unknown-linux-gnu = None
  cargo:rerun-if-env-changed=CXX_x86_64_unknown_linux_gnu
  CXX_x86_64_unknown_linux_gnu = None
  cargo:rerun-if-env-changed=HOST_CXX
  HOST_CXX = None
  cargo:rerun-if-env-changed=CXX
  CXX = None
  cargo:rerun-if-env-changed=CRATE_CC_NO_DEFAULTS
  CRATE_CC_NO_DEFAULTS = None
  cargo:rerun-if-env-changed=CXXFLAGS
  CXXFLAGS = None
  cargo:rerun-if-env-changed=HOST_CXXFLAGS
  HOST_CXXFLAGS = None
  cargo:rerun-if-env-changed=CXXFLAGS_x86_64_unknown_linux_gnu
  CXXFLAGS_x86_64_unknown_linux_gnu = None
  cargo:rerun-if-env-changed=CXXFLAGS_x86_64-unknown-linux-gnu
  CXXFLAGS_x86_64-unknown-linux-gnu = None
  cargo:rerun-if-env-changed=CXX_x86_64-unknown-linux-gnu
  CXX_x86_64-unknown-linux-gnu = None
  cargo:rerun-if-env-changed=CXX_x86_64_unknown_linux_gnu
  CXX_x86_64_unknown_linux_gnu = None
  cargo:rerun-if-env-changed=HOST_CXX
  HOST_CXX = None
  cargo:rerun-if-env-changed=CXX
  CXX = None
  cargo:rerun-if-env-changed=CRATE_CC_NO_DEFAULTS
  CRATE_CC_NO_DEFAULTS = None
  cargo:rerun-if-env-changed=CXXFLAGS
  CXXFLAGS = None
  cargo:rerun-if-env-changed=HOST_CXXFLAGS
  HOST_CXXFLAGS = None
  cargo:rerun-if-env-changed=CXXFLAGS_x86_64_unknown_linux_gnu
  CXXFLAGS_x86_64_unknown_linux_gnu = None
  cargo:rerun-if-env-changed=CXXFLAGS_x86_64-unknown-linux-gnu
  CXXFLAGS_x86_64-unknown-linux-gnu = None
  cargo:rerun-if-env-changed=CXX_x86_64-unknown-linux-gnu
  CXX_x86_64-unknown-linux-gnu = None
  cargo:rerun-if-env-changed=CXX_x86_64_unknown_linux_gnu
  CXX_x86_64_unknown_linux_gnu = None
  cargo:rerun-if-env-changed=HOST_CXX
  HOST_CXX = None
  cargo:rerun-if-env-changed=CXX
  CXX = None
  cargo:rerun-if-env-changed=CRATE_CC_NO_DEFAULTS
  CRATE_CC_NO_DEFAULTS = None
  cargo:rerun-if-env-changed=CXXFLAGS
  CXXFLAGS = None
  cargo:rerun-if-env-changed=HOST_CXXFLAGS
  HOST_CXXFLAGS = None
  cargo:rerun-if-env-changed=CXXFLAGS_x86_64_unknown_linux_gnu
  CXXFLAGS_x86_64_unknown_linux_gnu = None
  cargo:rerun-if-env-changed=CXXFLAGS_x86_64-unknown-linux-gnu
  CXXFLAGS_x86_64-unknown-linux-gnu = None
  cargo:rerun-if-env-changed=CXX_x86_64-unknown-linux-gnu
  CXX_x86_64-unknown-linux-gnu = None
  cargo:rerun-if-env-changed=CXX_x86_64_unknown_linux_gnu
  CXX_x86_64_unknown_linux_gnu = None
  cargo:rerun-if-env-changed=HOST_CXX
  HOST_CXX = None
  cargo:rerun-if-env-changed=CXX
  CXX = None
  cargo:rerun-if-env-changed=CRATE_CC_NO_DEFAULTS
  CRATE_CC_NO_DEFAULTS = None
  cargo:rerun-if-env-changed=CXXFLAGS
  CXXFLAGS = None
  cargo:rerun-if-env-changed=HOST_CXXFLAGS
  HOST_CXXFLAGS = None
  cargo:rerun-if-env-changed=CXXFLAGS_x86_64_unknown_linux_gnu
  CXXFLAGS_x86_64_unknown_linux_gnu = None
  cargo:rerun-if-env-changed=CXXFLAGS_x86_64-unknown-linux-gnu
  CXXFLAGS_x86_64-unknown-linux-gnu = None
  cargo:rerun-if-env-changed=CXX_x86_64-unknown-linux-gnu
  CXX_x86_64-unknown-linux-gnu = None
  cargo:rerun-if-env-changed=CXX_x86_64_unknown_linux_gnu
  CXX_x86_64_unknown_linux_gnu = None
  cargo:rerun-if-env-changed=HOST_CXX
  HOST_CXX = None
  cargo:rerun-if-env-changed=CXX
  CXX = None
  cargo:rerun-if-env-changed=CRATE_CC_NO_DEFAULTS
  CRATE_CC_NO_DEFAULTS = None
  cargo:rerun-if-env-changed=CXXFLAGS
  CXXFLAGS = None
  cargo:rerun-if-env-changed=HOST_CXXFLAGS
  HOST_CXXFLAGS = None
  cargo:rerun-if-env-changed=CXXFLAGS_x86_64_unknown_linux_gnu
  CXXFLAGS_x86_64_unknown_linux_gnu = None
  cargo:rerun-if-env-changed=CXXFLAGS_x86_64-unknown-linux-gnu
  CXXFLAGS_x86_64-unknown-linux-gnu = None
  exit status: 0
  exit status: 0
  exit status: 0
  exit status: 0
  exit status: 0
  exit status: 0
  exit status: 0
  exit status: 0
  cargo:rerun-if-env-changed=CXX_x86_64-unknown-linux-gnu
  CXX_x86_64-unknown-linux-gnu = None
  cargo:rerun-if-env-changed=CXX_x86_64_unknown_linux_gnu
  CXX_x86_64_unknown_linux_gnu = None
  cargo:rerun-if-env-changed=HOST_CXX
  HOST_CXX = None
  cargo:rerun-if-env-changed=CXX
  CXX = None
  cargo:rerun-if-env-changed=CRATE_CC_NO_DEFAULTS
  CRATE_CC_NO_DEFAULTS = None
  cargo:rerun-if-env-changed=CXXFLAGS
  CXXFLAGS = None
  cargo:rerun-if-env-changed=HOST_CXXFLAGS
  HOST_CXXFLAGS = None
  cargo:rerun-if-env-changed=CXXFLAGS_x86_64_unknown_linux_gnu
  CXXFLAGS_x86_64_unknown_linux_gnu = None
  cargo:rerun-if-env-changed=CXXFLAGS_x86_64-unknown-linux-gnu
  CXXFLAGS_x86_64-unknown-linux-gnu = None
  cargo:rerun-if-env-changed=CXX_x86_64-unknown-linux-gnu
  CXX_x86_64-unknown-linux-gnu = None
  cargo:rerun-if-env-changed=CXX_x86_64_unknown_linux_gnu
  CXX_x86_64_unknown_linux_gnu = None
  cargo:rerun-if-env-changed=HOST_CXX
  HOST_CXX = None
  cargo:rerun-if-env-changed=CXX
  CXX = None
  cargo:rerun-if-env-changed=CRATE_CC_NO_DEFAULTS
  CRATE_CC_NO_DEFAULTS = None
  cargo:rerun-if-env-changed=CXXFLAGS
  CXXFLAGS = None
  cargo:rerun-if-env-changed=HOST_CXXFLAGS
  HOST_CXXFLAGS = None
  cargo:rerun-if-env-changed=CXXFLAGS_x86_64_unknown_linux_gnu
  CXXFLAGS_x86_64_unknown_linux_gnu = None
  cargo:rerun-if-env-changed=CXXFLAGS_x86_64-unknown-linux-gnu
  CXXFLAGS_x86_64-unknown-linux-gnu = None
  cargo:rerun-if-env-changed=CXX_x86_64-unknown-linux-gnu
  CXX_x86_64-unknown-linux-gnu = None
  cargo:rerun-if-env-changed=CXX_x86_64_unknown_linux_gnu
  CXX_x86_64_unknown_linux_gnu = None
  cargo:rerun-if-env-changed=HOST_CXX
  HOST_CXX = None
  cargo:rerun-if-env-changed=CXX
  CXX = None
  cargo:rerun-if-env-changed=CRATE_CC_NO_DEFAULTS
  CRATE_CC_NO_DEFAULTS = None
  cargo:rerun-if-env-changed=CXXFLAGS
  CXXFLAGS = None
  cargo:rerun-if-env-changed=HOST_CXXFLAGS
  HOST_CXXFLAGS = None
  cargo:rerun-if-env-changed=CXXFLAGS_x86_64_unknown_linux_gnu
  CXXFLAGS_x86_64_unknown_linux_gnu = None
  cargo:rerun-if-env-changed=CXXFLAGS_x86_64-unknown-linux-gnu
  CXXFLAGS_x86_64-unknown-linux-gnu = None
  cargo:rerun-if-env-changed=CXX_x86_64-unknown-linux-gnu
  CXX_x86_64-unknown-linux-gnu = None
  cargo:rerun-if-env-changed=CXX_x86_64_unknown_linux_gnu
  CXX_x86_64_unknown_linux_gnu = None
  cargo:rerun-if-env-changed=HOST_CXX
  HOST_CXX = None
  cargo:rerun-if-env-changed=CXX
  CXX = None
  cargo:rerun-if-env-changed=CRATE_CC_NO_DEFAULTS
  CRATE_CC_NO_DEFAULTS = None
  cargo:rerun-if-env-changed=CXXFLAGS
  CXXFLAGS = None
  cargo:rerun-if-env-changed=HOST_CXXFLAGS
  HOST_CXXFLAGS = None
  cargo:rerun-if-env-changed=CXXFLAGS_x86_64_unknown_linux_gnu
  CXXFLAGS_x86_64_unknown_linux_gnu = None
  cargo:rerun-if-env-changed=CXXFLAGS_x86_64-unknown-linux-gnu
  CXXFLAGS_x86_64-unknown-linux-gnu = None
  cargo:rerun-if-env-changed=CXX_x86_64-unknown-linux-gnu
  CXX_x86_64-unknown-linux-gnu = None
  cargo:rerun-if-env-changed=CXX_x86_64_unknown_linux_gnu
  CXX_x86_64_unknown_linux_gnu = None
  cargo:rerun-if-env-changed=HOST_CXX
  HOST_CXX = None
  cargo:rerun-if-env-changed=CXX
  CXX = None
  cargo:rerun-if-env-changed=CRATE_CC_NO_DEFAULTS
  CRATE_CC_NO_DEFAULTS = None
  cargo:rerun-if-env-changed=CXXFLAGS
  CXXFLAGS = None
  cargo:rerun-if-env-changed=HOST_CXXFLAGS
  HOST_CXXFLAGS = None
  cargo:rerun-if-env-changed=CXXFLAGS_x86_64_unknown_linux_gnu
  CXXFLAGS_x86_64_unknown_linux_gnu = None
  cargo:rerun-if-env-changed=CXXFLAGS_x86_64-unknown-linux-gnu
  CXXFLAGS_x86_64-unknown-linux-gnu = None
  cargo:rerun-if-env-changed=CXX_x86_64-unknown-linux-gnu
  CXX_x86_64-unknown-linux-gnu = None
  cargo:rerun-if-env-changed=CXX_x86_64_unknown_linux_gnu
  CXX_x86_64_unknown_linux_gnu = None
  cargo:rerun-if-env-changed=HOST_CXX
  HOST_CXX = None
  cargo:rerun-if-env-changed=CXX
  CXX = None
  cargo:rerun-if-env-changed=CRATE_CC_NO_DEFAULTS
  CRATE_CC_NO_DEFAULTS = None
  cargo:rerun-if-env-changed=CXXFLAGS
  CXXFLAGS = None
  cargo:rerun-if-env-changed=HOST_CXXFLAGS
  HOST_CXXFLAGS = None
  cargo:rerun-if-env-changed=CXXFLAGS_x86_64_unknown_linux_gnu
  CXXFLAGS_x86_64_unknown_linux_gnu = None
  cargo:rerun-if-env-changed=CXXFLAGS_x86_64-unknown-linux-gnu
  CXXFLAGS_x86_64-unknown-linux-gnu = None
  cargo:rerun-if-env-changed=CXX_x86_64-unknown-linux-gnu
  CXX_x86_64-unknown-linux-gnu = None
  cargo:rerun-if-env-changed=CXX_x86_64_unknown_linux_gnu
  CXX_x86_64_unknown_linux_gnu = None
  cargo:rerun-if-env-changed=HOST_CXX
  HOST_CXX = None
  cargo:rerun-if-env-changed=CXX
  CXX = None
  cargo:rerun-if-env-changed=CRATE_CC_NO_DEFAULTS
  CRATE_CC_NO_DEFAULTS = None
  cargo:rerun-if-env-changed=CXXFLAGS
  CXXFLAGS = None
  cargo:rerun-if-env-changed=HOST_CXXFLAGS
  HOST_CXXFLAGS = None
  cargo:rerun-if-env-changed=CXXFLAGS_x86_64_unknown_linux_gnu
  CXXFLAGS_x86_64_unknown_linux_gnu = None
  cargo:rerun-if-env-changed=CXXFLAGS_x86_64-unknown-linux-gnu
  CXXFLAGS_x86_64-unknown-linux-gnu = None
  cargo:rerun-if-env-changed=CXX_x86_64-unknown-linux-gnu
  CXX_x86_64-unknown-linux-gnu = None
  cargo:rerun-if-env-changed=CXX_x86_64_unknown_linux_gnu
  CXX_x86_64_unknown_linux_gnu = None
  cargo:rerun-if-env-changed=HOST_CXX
  HOST_CXX = None
  cargo:rerun-if-env-changed=CXX
  CXX = None
  cargo:rerun-if-env-changed=CRATE_CC_NO_DEFAULTS
  CRATE_CC_NO_DEFAULTS = None
  cargo:rerun-if-env-changed=CXXFLAGS
  CXXFLAGS = None
  cargo:rerun-if-env-changed=HOST_CXXFLAGS
  HOST_CXXFLAGS = None
  cargo:rerun-if-env-changed=CXXFLAGS_x86_64_unknown_linux_gnu
  CXXFLAGS_x86_64_unknown_linux_gnu = None
  cargo:rerun-if-env-changed=CXXFLAGS_x86_64-unknown-linux-gnu
  CXXFLAGS_x86_64-unknown-linux-gnu = None
  cargo:rerun-if-env-changed=CXX_x86_64-unknown-linux-gnu
  CXX_x86_64-unknown-linux-gnu = None
  cargo:rerun-if-env-changed=CXX_x86_64_unknown_linux_gnu
  CXX_x86_64_unknown_linux_gnu = None
  cargo:rerun-if-env-changed=HOST_CXX
  HOST_CXX = None
  cargo:rerun-if-env-changed=CXX
  CXX = None
  cargo:rerun-if-env-changed=CRATE_CC_NO_DEFAULTS
  CRATE_CC_NO_DEFAULTS = None
  cargo:rerun-if-env-changed=CXXFLAGS
  CXXFLAGS = None
  cargo:rerun-if-env-changed=HOST_CXXFLAGS
  HOST_CXXFLAGS = None
  cargo:rerun-if-env-changed=CXXFLAGS_x86_64_unknown_linux_gnu
  CXXFLAGS_x86_64_unknown_linux_gnu = None
  cargo:rerun-if-env-changed=CXXFLAGS_x86_64-unknown-linux-gnu
  CXXFLAGS_x86_64-unknown-linux-gnu = None
  exit status: 0
  exit status: 0
  exit status: 0
  exit status: 0
  exit status: 0
  exit status: 0
  exit status: 0
  exit status: 0
  cargo:rerun-if-env-changed=CXX_x86_64-unknown-linux-gnu
  CXX_x86_64-unknown-linux-gnu = None
  cargo:rerun-if-env-changed=CXX_x86_64_unknown_linux_gnu
  CXX_x86_64_unknown_linux_gnu = None
  cargo:rerun-if-env-changed=HOST_CXX
  HOST_CXX = None
  cargo:rerun-if-env-changed=CXX
  CXX = None
  cargo:rerun-if-env-changed=CRATE_CC_NO_DEFAULTS
  CRATE_CC_NO_DEFAULTS = None
  cargo:rerun-if-env-changed=CXXFLAGS
  CXXFLAGS = None
  cargo:rerun-if-env-changed=HOST_CXXFLAGS
  HOST_CXXFLAGS = None
  cargo:rerun-if-env-changed=CXXFLAGS_x86_64_unknown_linux_gnu
  CXXFLAGS_x86_64_unknown_linux_gnu = None
  cargo:rerun-if-env-changed=CXXFLAGS_x86_64-unknown-linux-gnu
  CXXFLAGS_x86_64-unknown-linux-gnu = None
  cargo:rerun-if-env-changed=CXX_x86_64-unknown-linux-gnu
  CXX_x86_64-unknown-linux-gnu = None
  cargo:rerun-if-env-changed=CXX_x86_64_unknown_linux_gnu
  CXX_x86_64_unknown_linux_gnu = None
  cargo:rerun-if-env-changed=HOST_CXX
  HOST_CXX = None
  cargo:rerun-if-env-changed=CXX
  CXX = None
  cargo:rerun-if-env-changed=CRATE_CC_NO_DEFAULTS
  CRATE_CC_NO_DEFAULTS = None
  cargo:rerun-if-env-changed=CXXFLAGS
  CXXFLAGS = None
  cargo:rerun-if-env-changed=HOST_CXXFLAGS
  HOST_CXXFLAGS = None
  cargo:rerun-if-env-changed=CXXFLAGS_x86_64_unknown_linux_gnu
  CXXFLAGS_x86_64_unknown_linux_gnu = None
  cargo:rerun-if-env-changed=CXXFLAGS_x86_64-unknown-linux-gnu
  CXXFLAGS_x86_64-unknown-linux-gnu = None
  cargo:rerun-if-env-changed=CXX_x86_64-unknown-linux-gnu
  CXX_x86_64-unknown-linux-gnu = None
  cargo:rerun-if-env-changed=CXX_x86_64_unknown_linux_gnu
  CXX_x86_64_unknown_linux_gnu = None
  cargo:rerun-if-env-changed=HOST_CXX
  HOST_CXX = None
  cargo:rerun-if-env-changed=CXX
  CXX = None
  cargo:rerun-if-env-changed=CRATE_CC_NO_DEFAULTS
  CRATE_CC_NO_DEFAULTS = None
  cargo:rerun-if-env-changed=CXXFLAGS
  CXXFLAGS = None
  cargo:rerun-if-env-changed=HOST_CXXFLAGS
  HOST_CXXFLAGS = None
  cargo:rerun-if-env-changed=CXXFLAGS_x86_64_unknown_linux_gnu
  CXXFLAGS_x86_64_unknown_linux_gnu = None
  cargo:rerun-if-env-changed=CXXFLAGS_x86_64-unknown-linux-gnu
  CXXFLAGS_x86_64-unknown-linux-gnu = None
  cargo:rerun-if-env-changed=CXX_x86_64-unknown-linux-gnu
  CXX_x86_64-unknown-linux-gnu = None
  cargo:rerun-if-env-changed=CXX_x86_64_unknown_linux_gnu
  CXX_x86_64_unknown_linux_gnu = None
  cargo:rerun-if-env-changed=HOST_CXX
  HOST_CXX = None
  cargo:rerun-if-env-changed=CXX
  CXX = None
  cargo:rerun-if-env-changed=CRATE_CC_NO_DEFAULTS
  CRATE_CC_NO_DEFAULTS = None
  cargo:rerun-if-env-changed=CXXFLAGS
  CXXFLAGS = None
  cargo:rerun-if-env-changed=HOST_CXXFLAGS
  HOST_CXXFLAGS = None
  cargo:rerun-if-env-changed=CXXFLAGS_x86_64_unknown_linux_gnu
  CXXFLAGS_x86_64_unknown_linux_gnu = None
  cargo:rerun-if-env-changed=CXXFLAGS_x86_64-unknown-linux-gnu
  CXXFLAGS_x86_64-unknown-linux-gnu = None
  cargo:rerun-if-env-changed=CXX_x86_64-unknown-linux-gnu
  CXX_x86_64-unknown-linux-gnu = None
  cargo:rerun-if-env-changed=CXX_x86_64_unknown_linux_gnu
  CXX_x86_64_unknown_linux_gnu = None
  cargo:rerun-if-env-changed=HOST_CXX
  HOST_CXX = None
  cargo:rerun-if-env-changed=CXX
  CXX = None
  cargo:rerun-if-env-changed=CRATE_CC_NO_DEFAULTS
  CRATE_CC_NO_DEFAULTS = None
  cargo:rerun-if-env-changed=CXXFLAGS
  CXXFLAGS = None
  cargo:rerun-if-env-changed=HOST_CXXFLAGS
  HOST_CXXFLAGS = None
  cargo:rerun-if-env-changed=CXXFLAGS_x86_64_unknown_linux_gnu
  CXXFLAGS_x86_64_unknown_linux_gnu = None
  cargo:rerun-if-env-changed=CXXFLAGS_x86_64-unknown-linux-gnu
  CXXFLAGS_x86_64-unknown-linux-gnu = None
  cargo:rerun-if-env-changed=CXX_x86_64-unknown-linux-gnu
  CXX_x86_64-unknown-linux-gnu = None
  cargo:rerun-if-env-changed=CXX_x86_64_unknown_linux_gnu
  CXX_x86_64_unknown_linux_gnu = None
  cargo:rerun-if-env-changed=HOST_CXX
  HOST_CXX = None
  cargo:rerun-if-env-changed=CXX
  CXX = None
  cargo:rerun-if-env-changed=CRATE_CC_NO_DEFAULTS
  CRATE_CC_NO_DEFAULTS = None
  cargo:rerun-if-env-changed=CXXFLAGS
  CXXFLAGS = None
  cargo:rerun-if-env-changed=HOST_CXXFLAGS
  HOST_CXXFLAGS = None
  cargo:rerun-if-env-changed=CXXFLAGS_x86_64_unknown_linux_gnu
  CXXFLAGS_x86_64_unknown_linux_gnu = None
  cargo:rerun-if-env-changed=CXXFLAGS_x86_64-unknown-linux-gnu
  CXXFLAGS_x86_64-unknown-linux-gnu = None
  cargo:rerun-if-env-changed=CXX_x86_64-unknown-linux-gnu
  CXX_x86_64-unknown-linux-gnu = None
  cargo:rerun-if-env-changed=CXX_x86_64_unknown_linux_gnu
  CXX_x86_64_unknown_linux_gnu = None
  cargo:rerun-if-env-changed=HOST_CXX
  HOST_CXX = None
  cargo:rerun-if-env-changed=CXX
  CXX = None
  cargo:rerun-if-env-changed=CRATE_CC_NO_DEFAULTS
  CRATE_CC_NO_DEFAULTS = None
  cargo:rerun-if-env-changed=CXXFLAGS
  CXXFLAGS = None
  cargo:rerun-if-env-changed=HOST_CXXFLAGS
  HOST_CXXFLAGS = None
  cargo:rerun-if-env-changed=CXXFLAGS_x86_64_unknown_linux_gnu
  CXXFLAGS_x86_64_unknown_linux_gnu = None
  cargo:rerun-if-env-changed=CXXFLAGS_x86_64-unknown-linux-gnu
  CXXFLAGS_x86_64-unknown-linux-gnu = None
  exit status: 0
  exit status: 0
  exit status: 0
  exit status: 0
  exit status: 0
  exit status: 0
  exit status: 0
  exit status: 0
  cargo:rerun-if-env-changed=CXX_x86_64-unknown-linux-gnu
  CXX_x86_64-unknown-linux-gnu = None
  cargo:rerun-if-env-changed=CXX_x86_64_unknown_linux_gnu
  CXX_x86_64_unknown_linux_gnu = None
  cargo:rerun-if-env-changed=HOST_CXX
  HOST_CXX = None
  cargo:rerun-if-env-changed=CXX
  CXX = None
  cargo:rerun-if-env-changed=CRATE_CC_NO_DEFAULTS
  CRATE_CC_NO_DEFAULTS = None
  cargo:rerun-if-env-changed=CXXFLAGS
  CXXFLAGS = None
  cargo:rerun-if-env-changed=HOST_CXXFLAGS
  HOST_CXXFLAGS = None
  cargo:rerun-if-env-changed=CXXFLAGS_x86_64_unknown_linux_gnu
  CXXFLAGS_x86_64_unknown_linux_gnu = None
  cargo:rerun-if-env-changed=CXXFLAGS_x86_64-unknown-linux-gnu
  CXXFLAGS_x86_64-unknown-linux-gnu = None
  cargo:rerun-if-env-changed=CXX_x86_64-unknown-linux-gnu
  CXX_x86_64-unknown-linux-gnu = None
  cargo:rerun-if-env-changed=CXX_x86_64_unknown_linux_gnu
  CXX_x86_64_unknown_linux_gnu = None
  cargo:rerun-if-env-changed=HOST_CXX
  HOST_CXX = None
  cargo:rerun-if-env-changed=CXX
  CXX = None
  cargo:rerun-if-env-changed=CRATE_CC_NO_DEFAULTS
  CRATE_CC_NO_DEFAULTS = None
  cargo:rerun-if-env-changed=CXXFLAGS
  CXXFLAGS = None
  cargo:rerun-if-env-changed=HOST_CXXFLAGS
  HOST_CXXFLAGS = None
  cargo:rerun-if-env-changed=CXXFLAGS_x86_64_unknown_linux_gnu
  CXXFLAGS_x86_64_unknown_linux_gnu = None
  cargo:rerun-if-env-changed=CXXFLAGS_x86_64-unknown-linux-gnu
  CXXFLAGS_x86_64-unknown-linux-gnu = None
  cargo:rerun-if-env-changed=CXX_x86_64-unknown-linux-gnu
  CXX_x86_64-unknown-linux-gnu = None
  cargo:rerun-if-env-changed=CXX_x86_64_unknown_linux_gnu
  CXX_x86_64_unknown_linux_gnu = None
  cargo:rerun-if-env-changed=HOST_CXX
  HOST_CXX = None
  cargo:rerun-if-env-changed=CXX
  CXX = None
  cargo:rerun-if-env-changed=CRATE_CC_NO_DEFAULTS
  CRATE_CC_NO_DEFAULTS = None
  cargo:rerun-if-env-changed=CXXFLAGS
  CXXFLAGS = None
  cargo:rerun-if-env-changed=HOST_CXXFLAGS
  HOST_CXXFLAGS = None
  cargo:rerun-if-env-changed=CXXFLAGS_x86_64_unknown_linux_gnu
  CXXFLAGS_x86_64_unknown_linux_gnu = None
  cargo:rerun-if-env-changed=CXXFLAGS_x86_64-unknown-linux-gnu
  CXXFLAGS_x86_64-unknown-linux-gnu = None
  cargo:rerun-if-env-changed=CXX_x86_64-unknown-linux-gnu
  CXX_x86_64-unknown-linux-gnu = None
  cargo:rerun-if-env-changed=CXX_x86_64_unknown_linux_gnu
  CXX_x86_64_unknown_linux_gnu = None
  cargo:rerun-if-env-changed=HOST_CXX
  HOST_CXX = None
  cargo:rerun-if-env-changed=CXX
  CXX = None
  cargo:rerun-if-env-changed=CRATE_CC_NO_DEFAULTS
  CRATE_CC_NO_DEFAULTS = None
  cargo:rerun-if-env-changed=CXXFLAGS
  CXXFLAGS = None
  cargo:rerun-if-env-changed=HOST_CXXFLAGS
  HOST_CXXFLAGS = None
  cargo:rerun-if-env-changed=CXXFLAGS_x86_64_unknown_linux_gnu
  CXXFLAGS_x86_64_unknown_linux_gnu = None
  cargo:rerun-if-env-changed=CXXFLAGS_x86_64-unknown-linux-gnu
  CXXFLAGS_x86_64-unknown-linux-gnu = None
  cargo:rerun-if-env-changed=CXX_x86_64-unknown-linux-gnu
  CXX_x86_64-unknown-linux-gnu = None
  cargo:rerun-if-env-changed=CXX_x86_64_unknown_linux_gnu
  CXX_x86_64_unknown_linux_gnu = None
  cargo:rerun-if-env-changed=HOST_CXX
  HOST_CXX = None
  cargo:rerun-if-env-changed=CXX
  CXX = None
  cargo:rerun-if-env-changed=CRATE_CC_NO_DEFAULTS
  CRATE_CC_NO_DEFAULTS = None
  cargo:rerun-if-env-changed=CXXFLAGS
  CXXFLAGS = None
  cargo:rerun-if-env-changed=HOST_CXXFLAGS
  HOST_CXXFLAGS = None
  cargo:rerun-if-env-changed=CXXFLAGS_x86_64_unknown_linux_gnu
  CXXFLAGS_x86_64_unknown_linux_gnu = None
  cargo:rerun-if-env-changed=CXXFLAGS_x86_64-unknown-linux-gnu
  CXXFLAGS_x86_64-unknown-linux-gnu = None
  cargo:rerun-if-env-changed=CXX_x86_64-unknown-linux-gnu
  CXX_x86_64-unknown-linux-gnu = None
  cargo:rerun-if-env-changed=CXX_x86_64_unknown_linux_gnu
  CXX_x86_64_unknown_linux_gnu = None
  cargo:rerun-if-env-changed=HOST_CXX
  HOST_CXX = None
  cargo:rerun-if-env-changed=CXX
  CXX = None
  cargo:rerun-if-env-changed=CRATE_CC_NO_DEFAULTS
  CRATE_CC_NO_DEFAULTS = None
  cargo:rerun-if-env-changed=CXXFLAGS
  CXXFLAGS = None
  cargo:rerun-if-env-changed=HOST_CXXFLAGS
  HOST_CXXFLAGS = None
  cargo:rerun-if-env-changed=CXXFLAGS_x86_64_unknown_linux_gnu
  CXXFLAGS_x86_64_unknown_linux_gnu = None
  cargo:rerun-if-env-changed=CXXFLAGS_x86_64-unknown-linux-gnu
  CXXFLAGS_x86_64-unknown-linux-gnu = None
  cargo:rerun-if-env-changed=CXX_x86_64-unknown-linux-gnu
  CXX_x86_64-unknown-linux-gnu = None
  cargo:rerun-if-env-changed=CXX_x86_64_unknown_linux_gnu
  CXX_x86_64_unknown_linux_gnu = None
  cargo:rerun-if-env-changed=HOST_CXX
  HOST_CXX = None
  cargo:rerun-if-env-changed=CXX
  CXX = None
  cargo:rerun-if-env-changed=CRATE_CC_NO_DEFAULTS
  CRATE_CC_NO_DEFAULTS = None
  cargo:rerun-if-env-changed=CXXFLAGS
  CXXFLAGS = None
  cargo:rerun-if-env-changed=HOST_CXXFLAGS
  HOST_CXXFLAGS = None
  cargo:rerun-if-env-changed=CXXFLAGS_x86_64_unknown_linux_gnu
  CXXFLAGS_x86_64_unknown_linux_gnu = None
  cargo:rerun-if-env-changed=CXXFLAGS_x86_64-unknown-linux-gnu
  CXXFLAGS_x86_64-unknown-linux-gnu = None
  cargo:rerun-if-env-changed=CXX_x86_64-unknown-linux-gnu
  CXX_x86_64-unknown-linux-gnu = None
  cargo:rerun-if-env-changed=CXX_x86_64_unknown_linux_gnu
  CXX_x86_64_unknown_linux_gnu = None
  cargo:rerun-if-env-changed=HOST_CXX
  HOST_CXX = None
  cargo:rerun-if-env-changed=CXX
  CXX = None
  cargo:rerun-if-env-changed=CRATE_CC_NO_DEFAULTS
  CRATE_CC_NO_DEFAULTS = None
  cargo:rerun-if-env-changed=CXXFLAGS
  CXXFLAGS = None
  cargo:rerun-if-env-changed=HOST_CXXFLAGS
  HOST_CXXFLAGS = None
  cargo:rerun-if-env-changed=CXXFLAGS_x86_64_unknown_linux_gnu
  CXXFLAGS_x86_64_unknown_linux_gnu = None
  cargo:rerun-if-env-changed=CXXFLAGS_x86_64-unknown-linux-gnu
  CXXFLAGS_x86_64-unknown-linux-gnu = None
  cargo:rerun-if-env-changed=CXX_x86_64-unknown-linux-gnu
  CXX_x86_64-unknown-linux-gnu = None
  cargo:rerun-if-env-changed=CXX_x86_64_unknown_linux_gnu
  CXX_x86_64_unknown_linux_gnu = None
  cargo:rerun-if-env-changed=HOST_CXX
  HOST_CXX = None
  cargo:rerun-if-env-changed=CXX
  CXX = None
  cargo:rerun-if-env-changed=CRATE_CC_NO_DEFAULTS
  CRATE_CC_NO_DEFAULTS = None
  cargo:rerun-if-env-changed=CXXFLAGS
  CXXFLAGS = None
  cargo:rerun-if-env-changed=HOST_CXXFLAGS
  HOST_CXXFLAGS = None
  cargo:rerun-if-env-changed=CXXFLAGS_x86_64_unknown_linux_gnu
  CXXFLAGS_x86_64_unknown_linux_gnu = None
  cargo:rerun-if-env-changed=CXXFLAGS_x86_64-unknown-linux-gnu
  CXXFLAGS_x86_64-unknown-linux-gnu = None
  exit status: 0
  exit status: 0
  exit status: 0
  exit status: 0
  exit status: 0
  exit status: 0
  exit status: 0
  exit status: 0
  cargo:rerun-if-env-changed=CXX_x86_64-unknown-linux-gnu
  CXX_x86_64-unknown-linux-gnu = None
  cargo:rerun-if-env-changed=CXX_x86_64_unknown_linux_gnu
  CXX_x86_64_unknown_linux_gnu = None
  cargo:rerun-if-env-changed=HOST_CXX
  HOST_CXX = None
  cargo:rerun-if-env-changed=CXX
  CXX = None
  cargo:rerun-if-env-changed=CRATE_CC_NO_DEFAULTS
  CRATE_CC_NO_DEFAULTS = None
  cargo:rerun-if-env-changed=CXXFLAGS
  CXXFLAGS = None
  cargo:rerun-if-env-changed=HOST_CXXFLAGS
  HOST_CXXFLAGS = None
  cargo:rerun-if-env-changed=CXXFLAGS_x86_64_unknown_linux_gnu
  CXXFLAGS_x86_64_unknown_linux_gnu = None
  cargo:rerun-if-env-changed=CXXFLAGS_x86_64-unknown-linux-gnu
  CXXFLAGS_x86_64-unknown-linux-gnu = None
  cargo:rerun-if-env-changed=CXX_x86_64-unknown-linux-gnu
  CXX_x86_64-unknown-linux-gnu = None
  cargo:rerun-if-env-changed=CXX_x86_64_unknown_linux_gnu
  CXX_x86_64_unknown_linux_gnu = None
  cargo:rerun-if-env-changed=HOST_CXX
  HOST_CXX = None
  cargo:rerun-if-env-changed=CXX
  CXX = None
  cargo:rerun-if-env-changed=CRATE_CC_NO_DEFAULTS
  CRATE_CC_NO_DEFAULTS = None
  cargo:rerun-if-env-changed=CXXFLAGS
  CXXFLAGS = None
  cargo:rerun-if-env-changed=HOST_CXXFLAGS
  HOST_CXXFLAGS = None
  cargo:rerun-if-env-changed=CXXFLAGS_x86_64_unknown_linux_gnu
  CXXFLAGS_x86_64_unknown_linux_gnu = None
  cargo:rerun-if-env-changed=CXXFLAGS_x86_64-unknown-linux-gnu
  CXXFLAGS_x86_64-unknown-linux-gnu = None
  cargo:rerun-if-env-changed=CXX_x86_64-unknown-linux-gnu
  CXX_x86_64-unknown-linux-gnu = None
  cargo:rerun-if-env-changed=CXX_x86_64_unknown_linux_gnu
  CXX_x86_64_unknown_linux_gnu = None
  cargo:rerun-if-env-changed=HOST_CXX
  HOST_CXX = None
  cargo:rerun-if-env-changed=CXX
  CXX = None
  cargo:rerun-if-env-changed=CRATE_CC_NO_DEFAULTS
  CRATE_CC_NO_DEFAULTS = None
  cargo:rerun-if-env-changed=CXXFLAGS
  CXXFLAGS = None
  cargo:rerun-if-env-changed=HOST_CXXFLAGS
  HOST_CXXFLAGS = None
  cargo:rerun-if-env-changed=CXXFLAGS_x86_64_unknown_linux_gnu
  CXXFLAGS_x86_64_unknown_linux_gnu = None
  cargo:rerun-if-env-changed=CXXFLAGS_x86_64-unknown-linux-gnu
  CXXFLAGS_x86_64-unknown-linux-gnu = None
  cargo:rerun-if-env-changed=CXX_x86_64-unknown-linux-gnu
  CXX_x86_64-unknown-linux-gnu = None
  cargo:rerun-if-env-changed=CXX_x86_64_unknown_linux_gnu
  CXX_x86_64_unknown_linux_gnu = None
  cargo:rerun-if-env-changed=HOST_CXX
  HOST_CXX = None
  cargo:rerun-if-env-changed=CXX
  CXX = None
  cargo:rerun-if-env-changed=CRATE_CC_NO_DEFAULTS
  CRATE_CC_NO_DEFAULTS = None
  cargo:rerun-if-env-changed=CXXFLAGS
  CXXFLAGS = None
  cargo:rerun-if-env-changed=HOST_CXXFLAGS
  HOST_CXXFLAGS = None
  cargo:rerun-if-env-changed=CXXFLAGS_x86_64_unknown_linux_gnu
  CXXFLAGS_x86_64_unknown_linux_gnu = None
  cargo:rerun-if-env-changed=CXXFLAGS_x86_64-unknown-linux-gnu
  CXXFLAGS_x86_64-unknown-linux-gnu = None
  cargo:rerun-if-env-changed=CXX_x86_64-unknown-linux-gnu
  CXX_x86_64-unknown-linux-gnu = None
  cargo:rerun-if-env-changed=CXX_x86_64_unknown_linux_gnu
  CXX_x86_64_unknown_linux_gnu = None
  cargo:rerun-if-env-changed=HOST_CXX
  HOST_CXX = None
  cargo:rerun-if-env-changed=CXX
  CXX = None
  cargo:rerun-if-env-changed=CRATE_CC_NO_DEFAULTS
  CRATE_CC_NO_DEFAULTS = None
  cargo:rerun-if-env-changed=CXXFLAGS
  CXXFLAGS = None
  cargo:rerun-if-env-changed=HOST_CXXFLAGS
  HOST_CXXFLAGS = None
  cargo:rerun-if-env-changed=CXXFLAGS_x86_64_unknown_linux_gnu
  CXXFLAGS_x86_64_unknown_linux_gnu = None
  cargo:rerun-if-env-changed=CXXFLAGS_x86_64-unknown-linux-gnu
  CXXFLAGS_x86_64-unknown-linux-gnu = None
  cargo:rerun-if-env-changed=CXX_x86_64-unknown-linux-gnu
  CXX_x86_64-unknown-linux-gnu = None
  cargo:rerun-if-env-changed=CXX_x86_64_unknown_linux_gnu
  CXX_x86_64_unknown_linux_gnu = None
  cargo:rerun-if-env-changed=HOST_CXX
  HOST_CXX = None
  cargo:rerun-if-env-changed=CXX
  CXX = None
  cargo:rerun-if-env-changed=CRATE_CC_NO_DEFAULTS
  CRATE_CC_NO_DEFAULTS = None
  cargo:rerun-if-env-changed=CXXFLAGS
  CXXFLAGS = None
  cargo:rerun-if-env-changed=HOST_CXXFLAGS
  HOST_CXXFLAGS = None
  cargo:rerun-if-env-changed=CXXFLAGS_x86_64_unknown_linux_gnu
  CXXFLAGS_x86_64_unknown_linux_gnu = None
  cargo:rerun-if-env-changed=CXXFLAGS_x86_64-unknown-linux-gnu
  CXXFLAGS_x86_64-unknown-linux-gnu = None
  cargo:rerun-if-env-changed=CXX_x86_64-unknown-linux-gnu
  CXX_x86_64-unknown-linux-gnu = None
  cargo:rerun-if-env-changed=CXX_x86_64_unknown_linux_gnu
  CXX_x86_64_unknown_linux_gnu = None
  cargo:rerun-if-env-changed=HOST_CXX
  HOST_CXX = None
  cargo:rerun-if-env-changed=CXX
  CXX = None
  cargo:rerun-if-env-changed=CRATE_CC_NO_DEFAULTS
  CRATE_CC_NO_DEFAULTS = None
  cargo:rerun-if-env-changed=CXXFLAGS
  CXXFLAGS = None
  cargo:rerun-if-env-changed=HOST_CXXFLAGS
  HOST_CXXFLAGS = None
  cargo:rerun-if-env-changed=CXXFLAGS_x86_64_unknown_linux_gnu
  CXXFLAGS_x86_64_unknown_linux_gnu = None
  cargo:rerun-if-env-changed=CXXFLAGS_x86_64-unknown-linux-gnu
  CXXFLAGS_x86_64-unknown-linux-gnu = None
  exit status: 0
  exit status: 0
  exit status: 0
  exit status: 0
  exit status: 0
  exit status: 0
  exit status: 0
  exit status: 0
  cargo:rerun-if-env-changed=CXX_x86_64-unknown-linux-gnu
  CXX_x86_64-unknown-linux-gnu = None
  cargo:rerun-if-env-changed=CXX_x86_64_unknown_linux_gnu
  CXX_x86_64_unknown_linux_gnu = None
  cargo:rerun-if-env-changed=HOST_CXX
  HOST_CXX = None
  cargo:rerun-if-env-changed=CXX
  CXX = None
  cargo:rerun-if-env-changed=CRATE_CC_NO_DEFAULTS
  CRATE_CC_NO_DEFAULTS = None
  cargo:rerun-if-env-changed=CXXFLAGS
  CXXFLAGS = None
  cargo:rerun-if-env-changed=HOST_CXXFLAGS
  HOST_CXXFLAGS = None
  cargo:rerun-if-env-changed=CXXFLAGS_x86_64_unknown_linux_gnu
  CXXFLAGS_x86_64_unknown_linux_gnu = None
  cargo:rerun-if-env-changed=CXXFLAGS_x86_64-unknown-linux-gnu
  CXXFLAGS_x86_64-unknown-linux-gnu = None
  cargo:rerun-if-env-changed=CXX_x86_64-unknown-linux-gnu
  CXX_x86_64-unknown-linux-gnu = None
  cargo:rerun-if-env-changed=CXX_x86_64_unknown_linux_gnu
  CXX_x86_64_unknown_linux_gnu = None
  cargo:rerun-if-env-changed=HOST_CXX
  HOST_CXX = None
  cargo:rerun-if-env-changed=CXX
  CXX = None
  cargo:rerun-if-env-changed=CRATE_CC_NO_DEFAULTS
  CRATE_CC_NO_DEFAULTS = None
  cargo:rerun-if-env-changed=CXXFLAGS
  CXXFLAGS = None
  cargo:rerun-if-env-changed=HOST_CXXFLAGS
  HOST_CXXFLAGS = None
  cargo:rerun-if-env-changed=CXXFLAGS_x86_64_unknown_linux_gnu
  CXXFLAGS_x86_64_unknown_linux_gnu = None
  cargo:rerun-if-env-changed=CXXFLAGS_x86_64-unknown-linux-gnu
  CXXFLAGS_x86_64-unknown-linux-gnu = None
  cargo:rerun-if-env-changed=CXX_x86_64-unknown-linux-gnu
  CXX_x86_64-unknown-linux-gnu = None
  cargo:rerun-if-env-changed=CXX_x86_64_unknown_linux_gnu
  CXX_x86_64_unknown_linux_gnu = None
  cargo:rerun-if-env-changed=HOST_CXX
  HOST_CXX = None
  cargo:rerun-if-env-changed=CXX
  CXX = None
  cargo:rerun-if-env-changed=CRATE_CC_NO_DEFAULTS
  CRATE_CC_NO_DEFAULTS = None
  cargo:rerun-if-env-changed=CXXFLAGS
  CXXFLAGS = None
  cargo:rerun-if-env-changed=HOST_CXXFLAGS
  HOST_CXXFLAGS = None
  cargo:rerun-if-env-changed=CXXFLAGS_x86_64_unknown_linux_gnu
  CXXFLAGS_x86_64_unknown_linux_gnu = None
  cargo:rerun-if-env-changed=CXXFLAGS_x86_64-unknown-linux-gnu
  CXXFLAGS_x86_64-unknown-linux-gnu = None
  cargo:rerun-if-env-changed=CXX_x86_64-unknown-linux-gnu
  CXX_x86_64-unknown-linux-gnu = None
  cargo:rerun-if-env-changed=CXX_x86_64_unknown_linux_gnu
  CXX_x86_64_unknown_linux_gnu = None
  cargo:rerun-if-env-changed=HOST_CXX
  HOST_CXX = None
  cargo:rerun-if-env-changed=CXX
  CXX = None
  cargo:rerun-if-env-changed=CRATE_CC_NO_DEFAULTS
  CRATE_CC_NO_DEFAULTS = None
  cargo:rerun-if-env-changed=CXXFLAGS
  CXXFLAGS = None
  cargo:rerun-if-env-changed=HOST_CXXFLAGS
  HOST_CXXFLAGS = None
  cargo:rerun-if-env-changed=CXXFLAGS_x86_64_unknown_linux_gnu
  CXXFLAGS_x86_64_unknown_linux_gnu = None
  cargo:rerun-if-env-changed=CXXFLAGS_x86_64-unknown-linux-gnu
  CXXFLAGS_x86_64-unknown-linux-gnu = None
  cargo:rerun-if-env-changed=CXX_x86_64-unknown-linux-gnu
  CXX_x86_64-unknown-linux-gnu = None
  cargo:rerun-if-env-changed=CXX_x86_64_unknown_linux_gnu
  CXX_x86_64_unknown_linux_gnu = None
  cargo:rerun-if-env-changed=HOST_CXX
  HOST_CXX = None
  cargo:rerun-if-env-changed=CXX
  CXX = None
  cargo:rerun-if-env-changed=CRATE_CC_NO_DEFAULTS
  CRATE_CC_NO_DEFAULTS = None
  cargo:rerun-if-env-changed=CXXFLAGS
  CXXFLAGS = None
  cargo:rerun-if-env-changed=HOST_CXXFLAGS
  HOST_CXXFLAGS = None
  cargo:rerun-if-env-changed=CXXFLAGS_x86_64_unknown_linux_gnu
  CXXFLAGS_x86_64_unknown_linux_gnu = None
  cargo:rerun-if-env-changed=CXXFLAGS_x86_64-unknown-linux-gnu
  CXXFLAGS_x86_64-unknown-linux-gnu = None
  cargo:rerun-if-env-changed=CXX_x86_64-unknown-linux-gnu
  CXX_x86_64-unknown-linux-gnu = None
  cargo:rerun-if-env-changed=CXX_x86_64_unknown_linux_gnu
  CXX_x86_64_unknown_linux_gnu = None
  cargo:rerun-if-env-changed=HOST_CXX
  HOST_CXX = None
  cargo:rerun-if-env-changed=CXX
  CXX = None
  cargo:rerun-if-env-changed=CRATE_CC_NO_DEFAULTS
  CRATE_CC_NO_DEFAULTS = None
  cargo:rerun-if-env-changed=CXXFLAGS
  CXXFLAGS = None
  cargo:rerun-if-env-changed=HOST_CXXFLAGS
  HOST_CXXFLAGS = None
  cargo:rerun-if-env-changed=CXXFLAGS_x86_64_unknown_linux_gnu
  CXXFLAGS_x86_64_unknown_linux_gnu = None
  cargo:rerun-if-env-changed=CXXFLAGS_x86_64-unknown-linux-gnu
  CXXFLAGS_x86_64-unknown-linux-gnu = None
  cargo:rerun-if-env-changed=CXX_x86_64-unknown-linux-gnu
  CXX_x86_64-unknown-linux-gnu = None
  cargo:rerun-if-env-changed=CXX_x86_64_unknown_linux_gnu
  CXX_x86_64_unknown_linux_gnu = None
  cargo:rerun-if-env-changed=HOST_CXX
  HOST_CXX = None
  cargo:rerun-if-env-changed=CXX
  CXX = None
  cargo:rerun-if-env-changed=CRATE_CC_NO_DEFAULTS
  CRATE_CC_NO_DEFAULTS = None
  cargo:rerun-if-env-changed=CXXFLAGS
  CXXFLAGS = None
  cargo:rerun-if-env-changed=HOST_CXXFLAGS
  HOST_CXXFLAGS = None
  cargo:rerun-if-env-changed=CXXFLAGS_x86_64_unknown_linux_gnu
  CXXFLAGS_x86_64_unknown_linux_gnu = None
  cargo:rerun-if-env-changed=CXXFLAGS_x86_64-unknown-linux-gnu
  CXXFLAGS_x86_64-unknown-linux-gnu = None
  cargo:rerun-if-env-changed=CXX_x86_64-unknown-linux-gnu
  CXX_x86_64-unknown-linux-gnu = None
  cargo:rerun-if-env-changed=CXX_x86_64_unknown_linux_gnu
  CXX_x86_64_unknown_linux_gnu = None
  cargo:rerun-if-env-changed=HOST_CXX
  HOST_CXX = None
  cargo:rerun-if-env-changed=CXX
  CXX = None
  cargo:rerun-if-env-changed=CRATE_CC_NO_DEFAULTS
  CRATE_CC_NO_DEFAULTS = None
  cargo:rerun-if-env-changed=CXXFLAGS
  CXXFLAGS = None
  cargo:rerun-if-env-changed=HOST_CXXFLAGS
  HOST_CXXFLAGS = None
  cargo:rerun-if-env-changed=CXXFLAGS_x86_64_unknown_linux_gnu
  CXXFLAGS_x86_64_unknown_linux_gnu = None
  cargo:rerun-if-env-changed=CXXFLAGS_x86_64-unknown-linux-gnu
  CXXFLAGS_x86_64-unknown-linux-gnu = None
  cargo:rerun-if-env-changed=CXX_x86_64-unknown-linux-gnu
  CXX_x86_64-unknown-linux-gnu = None
  cargo:rerun-if-env-changed=CXX_x86_64_unknown_linux_gnu
  CXX_x86_64_unknown_linux_gnu = None
  cargo:rerun-if-env-changed=HOST_CXX
  HOST_CXX = None
  cargo:rerun-if-env-changed=CXX
  CXX = None
  cargo:rerun-if-env-changed=CRATE_CC_NO_DEFAULTS
  CRATE_CC_NO_DEFAULTS = None
  cargo:rerun-if-env-changed=CXXFLAGS
  CXXFLAGS = None
  cargo:rerun-if-env-changed=HOST_CXXFLAGS
  HOST_CXXFLAGS = None
  cargo:rerun-if-env-changed=CXXFLAGS_x86_64_unknown_linux_gnu
  CXXFLAGS_x86_64_unknown_linux_gnu = None
  cargo:rerun-if-env-changed=CXXFLAGS_x86_64-unknown-linux-gnu
  CXXFLAGS_x86_64-unknown-linux-gnu = None
  exit status: 0
  exit status: 0
  exit status: 0
  exit status: 0
  exit status: 0
  exit status: 0
  exit status: 0
  exit status: 0
  cargo:rerun-if-env-changed=CXX_x86_64-unknown-linux-gnu
  CXX_x86_64-unknown-linux-gnu = None
  cargo:rerun-if-env-changed=CXX_x86_64_unknown_linux_gnu
  CXX_x86_64_unknown_linux_gnu = None
  cargo:rerun-if-env-changed=HOST_CXX
  HOST_CXX = None
  cargo:rerun-if-env-changed=CXX
  CXX = None
  cargo:rerun-if-env-changed=CRATE_CC_NO_DEFAULTS
  CRATE_CC_NO_DEFAULTS = None
  cargo:rerun-if-env-changed=CXXFLAGS
  CXXFLAGS = None
  cargo:rerun-if-env-changed=HOST_CXXFLAGS
  HOST_CXXFLAGS = None
  cargo:rerun-if-env-changed=CXXFLAGS_x86_64_unknown_linux_gnu
  CXXFLAGS_x86_64_unknown_linux_gnu = None
  cargo:rerun-if-env-changed=CXXFLAGS_x86_64-unknown-linux-gnu
  CXXFLAGS_x86_64-unknown-linux-gnu = None
  cargo:rerun-if-env-changed=CXX_x86_64-unknown-linux-gnu
  CXX_x86_64-unknown-linux-gnu = None
  cargo:rerun-if-env-changed=CXX_x86_64_unknown_linux_gnu
  CXX_x86_64_unknown_linux_gnu = None
  cargo:rerun-if-env-changed=HOST_CXX
  HOST_CXX = None
  cargo:rerun-if-env-changed=CXX
  CXX = None
  cargo:rerun-if-env-changed=CRATE_CC_NO_DEFAULTS
  CRATE_CC_NO_DEFAULTS = None
  cargo:rerun-if-env-changed=CXXFLAGS
  CXXFLAGS = None
  cargo:rerun-if-env-changed=HOST_CXXFLAGS
  HOST_CXXFLAGS = None
  cargo:rerun-if-env-changed=CXXFLAGS_x86_64_unknown_linux_gnu
  CXXFLAGS_x86_64_unknown_linux_gnu = None
  cargo:rerun-if-env-changed=CXXFLAGS_x86_64-unknown-linux-gnu
  CXXFLAGS_x86_64-unknown-linux-gnu = None
  cargo:rerun-if-env-changed=CXX_x86_64-unknown-linux-gnu
  CXX_x86_64-unknown-linux-gnu = None
  cargo:rerun-if-env-changed=CXX_x86_64_unknown_linux_gnu
  CXX_x86_64_unknown_linux_gnu = None
  cargo:rerun-if-env-changed=HOST_CXX
  HOST_CXX = None
  cargo:rerun-if-env-changed=CXX
  CXX = None
  cargo:rerun-if-env-changed=CRATE_CC_NO_DEFAULTS
  CRATE_CC_NO_DEFAULTS = None
  cargo:rerun-if-env-changed=CXXFLAGS
  CXXFLAGS = None
  cargo:rerun-if-env-changed=HOST_CXXFLAGS
  HOST_CXXFLAGS = None
  cargo:rerun-if-env-changed=CXXFLAGS_x86_64_unknown_linux_gnu
  CXXFLAGS_x86_64_unknown_linux_gnu = None
  cargo:rerun-if-env-changed=CXXFLAGS_x86_64-unknown-linux-gnu
  CXXFLAGS_x86_64-unknown-linux-gnu = None
  cargo:rerun-if-env-changed=CXX_x86_64-unknown-linux-gnu
  CXX_x86_64-unknown-linux-gnu = None
  cargo:rerun-if-env-changed=CXX_x86_64_unknown_linux_gnu
  CXX_x86_64_unknown_linux_gnu = None
  cargo:rerun-if-env-changed=HOST_CXX
  HOST_CXX = None
  cargo:rerun-if-env-changed=CXX
  CXX = None
  cargo:rerun-if-env-changed=CRATE_CC_NO_DEFAULTS
  CRATE_CC_NO_DEFAULTS = None
  cargo:rerun-if-env-changed=CXXFLAGS
  CXXFLAGS = None
  cargo:rerun-if-env-changed=HOST_CXXFLAGS
  HOST_CXXFLAGS = None
  cargo:rerun-if-env-changed=CXXFLAGS_x86_64_unknown_linux_gnu
  CXXFLAGS_x86_64_unknown_linux_gnu = None
  cargo:rerun-if-env-changed=CXXFLAGS_x86_64-unknown-linux-gnu
  CXXFLAGS_x86_64-unknown-linux-gnu = None
  cargo:rerun-if-env-changed=CXX_x86_64-unknown-linux-gnu
  CXX_x86_64-unknown-linux-gnu = None
  cargo:rerun-if-env-changed=CXX_x86_64_unknown_linux_gnu
  CXX_x86_64_unknown_linux_gnu = None
  cargo:rerun-if-env-changed=HOST_CXX
  HOST_CXX = None
  cargo:rerun-if-env-changed=CXX
  CXX = None
  cargo:rerun-if-env-changed=CRATE_CC_NO_DEFAULTS
  CRATE_CC_NO_DEFAULTS = None
  cargo:rerun-if-env-changed=CXXFLAGS
  CXXFLAGS = None
  cargo:rerun-if-env-changed=HOST_CXXFLAGS
  HOST_CXXFLAGS = None
  cargo:rerun-if-env-changed=CXXFLAGS_x86_64_unknown_linux_gnu
  CXXFLAGS_x86_64_unknown_linux_gnu = None
  cargo:rerun-if-env-changed=CXXFLAGS_x86_64-unknown-linux-gnu
  CXXFLAGS_x86_64-unknown-linux-gnu = None
  cargo:rerun-if-env-changed=CXX_x86_64-unknown-linux-gnu
  CXX_x86_64-unknown-linux-gnu = None
  cargo:rerun-if-env-changed=CXX_x86_64_unknown_linux_gnu
  CXX_x86_64_unknown_linux_gnu = None
  cargo:rerun-if-env-changed=HOST_CXX
  HOST_CXX = None
  cargo:rerun-if-env-changed=CXX
  CXX = None
  cargo:rerun-if-env-changed=CRATE_CC_NO_DEFAULTS
  CRATE_CC_NO_DEFAULTS = None
  cargo:rerun-if-env-changed=CXXFLAGS
  CXXFLAGS = None
  cargo:rerun-if-env-changed=HOST_CXXFLAGS
  HOST_CXXFLAGS = None
  cargo:rerun-if-env-changed=CXXFLAGS_x86_64_unknown_linux_gnu
  CXXFLAGS_x86_64_unknown_linux_gnu = None
  cargo:rerun-if-env-changed=CXXFLAGS_x86_64-unknown-linux-gnu
  CXXFLAGS_x86_64-unknown-linux-gnu = None
  cargo:rerun-if-env-changed=CXX_x86_64-unknown-linux-gnu
  CXX_x86_64-unknown-linux-gnu = None
  cargo:rerun-if-env-changed=CXX_x86_64_unknown_linux_gnu
  CXX_x86_64_unknown_linux_gnu = None
  cargo:rerun-if-env-changed=HOST_CXX
  HOST_CXX = None
  cargo:rerun-if-env-changed=CXX
  CXX = None
  cargo:rerun-if-env-changed=CRATE_CC_NO_DEFAULTS
  CRATE_CC_NO_DEFAULTS = None
  cargo:rerun-if-env-changed=CXXFLAGS
  CXXFLAGS = None
  cargo:rerun-if-env-changed=HOST_CXXFLAGS
  HOST_CXXFLAGS = None
  cargo:rerun-if-env-changed=CXXFLAGS_x86_64_unknown_linux_gnu
  CXXFLAGS_x86_64_unknown_linux_gnu = None
  cargo:rerun-if-env-changed=CXXFLAGS_x86_64-unknown-linux-gnu
  CXXFLAGS_x86_64-unknown-linux-gnu = None
  cargo:rerun-if-env-changed=CXX_x86_64-unknown-linux-gnu
  CXX_x86_64-unknown-linux-gnu = None
  cargo:rerun-if-env-changed=CXX_x86_64_unknown_linux_gnu
  CXX_x86_64_unknown_linux_gnu = None
  cargo:rerun-if-env-changed=HOST_CXX
  HOST_CXX = None
  cargo:rerun-if-env-changed=CXX
  CXX = None
  cargo:rerun-if-env-changed=CRATE_CC_NO_DEFAULTS
  CRATE_CC_NO_DEFAULTS = None
  cargo:rerun-if-env-changed=CXXFLAGS
  CXXFLAGS = None
  cargo:rerun-if-env-changed=HOST_CXXFLAGS
  HOST_CXXFLAGS = None
  cargo:rerun-if-env-changed=CXXFLAGS_x86_64_unknown_linux_gnu
  CXXFLAGS_x86_64_unknown_linux_gnu = None
  cargo:rerun-if-env-changed=CXXFLAGS_x86_64-unknown-linux-gnu
  CXXFLAGS_x86_64-unknown-linux-gnu = None
  exit status: 0
  exit status: 0
  exit status: 0
  exit status: 0
  exit status: 0
  exit status: 0
  exit status: 0
  exit status: 0
  cargo:rerun-if-env-changed=CXX_x86_64-unknown-linux-gnu
  CXX_x86_64-unknown-linux-gnu = None
  cargo:rerun-if-env-changed=CXX_x86_64_unknown_linux_gnu
  CXX_x86_64_unknown_linux_gnu = None
  cargo:rerun-if-env-changed=HOST_CXX
  HOST_CXX = None
  cargo:rerun-if-env-changed=CXX
  CXX = None
  cargo:rerun-if-env-changed=CRATE_CC_NO_DEFAULTS
  CRATE_CC_NO_DEFAULTS = None
  cargo:rerun-if-env-changed=CXXFLAGS
  CXXFLAGS = None
  cargo:rerun-if-env-changed=HOST_CXXFLAGS
  HOST_CXXFLAGS = None
  cargo:rerun-if-env-changed=CXXFLAGS_x86_64_unknown_linux_gnu
  CXXFLAGS_x86_64_unknown_linux_gnu = None
  cargo:rerun-if-env-changed=CXXFLAGS_x86_64-unknown-linux-gnu
  CXXFLAGS_x86_64-unknown-linux-gnu = None
  cargo:rerun-if-env-changed=CXX_x86_64-unknown-linux-gnu
  CXX_x86_64-unknown-linux-gnu = None
  cargo:rerun-if-env-changed=CXX_x86_64_unknown_linux_gnu
  CXX_x86_64_unknown_linux_gnu = None
  cargo:rerun-if-env-changed=HOST_CXX
  HOST_CXX = None
  cargo:rerun-if-env-changed=CXX
  CXX = None
  cargo:rerun-if-env-changed=CRATE_CC_NO_DEFAULTS
  CRATE_CC_NO_DEFAULTS = None
  cargo:rerun-if-env-changed=CXXFLAGS
  CXXFLAGS = None
  cargo:rerun-if-env-changed=HOST_CXXFLAGS
  HOST_CXXFLAGS = None
  cargo:rerun-if-env-changed=CXXFLAGS_x86_64_unknown_linux_gnu
  CXXFLAGS_x86_64_unknown_linux_gnu = None
  cargo:rerun-if-env-changed=CXXFLAGS_x86_64-unknown-linux-gnu
  CXXFLAGS_x86_64-unknown-linux-gnu = None
  cargo:rerun-if-env-changed=CXX_x86_64-unknown-linux-gnu
  CXX_x86_64-unknown-linux-gnu = None
  cargo:rerun-if-env-changed=CXX_x86_64_unknown_linux_gnu
  CXX_x86_64_unknown_linux_gnu = None
  cargo:rerun-if-env-changed=HOST_CXX
  HOST_CXX = None
  cargo:rerun-if-env-changed=CXX
  CXX = None
  cargo:rerun-if-env-changed=CRATE_CC_NO_DEFAULTS
  CRATE_CC_NO_DEFAULTS = None
  cargo:rerun-if-env-changed=CXXFLAGS
  CXXFLAGS = None
  cargo:rerun-if-env-changed=HOST_CXXFLAGS
  HOST_CXXFLAGS = None
  cargo:rerun-if-env-changed=CXXFLAGS_x86_64_unknown_linux_gnu
  CXXFLAGS_x86_64_unknown_linux_gnu = None
  cargo:rerun-if-env-changed=CXXFLAGS_x86_64-unknown-linux-gnu
  CXXFLAGS_x86_64-unknown-linux-gnu = None
  cargo:rerun-if-env-changed=CXX_x86_64-unknown-linux-gnu
  CXX_x86_64-unknown-linux-gnu = None
  cargo:rerun-if-env-changed=CXX_x86_64_unknown_linux_gnu
  CXX_x86_64_unknown_linux_gnu = None
  cargo:rerun-if-env-changed=HOST_CXX
  HOST_CXX = None
  cargo:rerun-if-env-changed=CXX
  CXX = None
  cargo:rerun-if-env-changed=CRATE_CC_NO_DEFAULTS
  CRATE_CC_NO_DEFAULTS = None
  cargo:rerun-if-env-changed=CXXFLAGS
  CXXFLAGS = None
  cargo:rerun-if-env-changed=HOST_CXXFLAGS
  HOST_CXXFLAGS = None
  cargo:rerun-if-env-changed=CXXFLAGS_x86_64_unknown_linux_gnu
  CXXFLAGS_x86_64_unknown_linux_gnu = None
  cargo:rerun-if-env-changed=CXXFLAGS_x86_64-unknown-linux-gnu
  CXXFLAGS_x86_64-unknown-linux-gnu = None
  cargo:rerun-if-env-changed=CXX_x86_64-unknown-linux-gnu
  CXX_x86_64-unknown-linux-gnu = None
  cargo:rerun-if-env-changed=CXX_x86_64_unknown_linux_gnu
  CXX_x86_64_unknown_linux_gnu = None
  cargo:rerun-if-env-changed=HOST_CXX
  HOST_CXX = None
  cargo:rerun-if-env-changed=CXX
  CXX = None
  cargo:rerun-if-env-changed=CRATE_CC_NO_DEFAULTS
  CRATE_CC_NO_DEFAULTS = None
  cargo:rerun-if-env-changed=CXXFLAGS
  CXXFLAGS = None
  cargo:rerun-if-env-changed=HOST_CXXFLAGS
  HOST_CXXFLAGS = None
  cargo:rerun-if-env-changed=CXXFLAGS_x86_64_unknown_linux_gnu
  CXXFLAGS_x86_64_unknown_linux_gnu = None
  cargo:rerun-if-env-changed=CXXFLAGS_x86_64-unknown-linux-gnu
  CXXFLAGS_x86_64-unknown-linux-gnu = None
  cargo:rerun-if-env-changed=CXX_x86_64-unknown-linux-gnu
  CXX_x86_64-unknown-linux-gnu = None
  cargo:rerun-if-env-changed=CXX_x86_64_unknown_linux_gnu
  CXX_x86_64_unknown_linux_gnu = None
  cargo:rerun-if-env-changed=HOST_CXX
  HOST_CXX = None
  cargo:rerun-if-env-changed=CXX
  CXX = None
  cargo:rerun-if-env-changed=CRATE_CC_NO_DEFAULTS
  CRATE_CC_NO_DEFAULTS = None
  cargo:rerun-if-env-changed=CXXFLAGS
  CXXFLAGS = None
  cargo:rerun-if-env-changed=HOST_CXXFLAGS
  HOST_CXXFLAGS = None
  cargo:rerun-if-env-changed=CXXFLAGS_x86_64_unknown_linux_gnu
  CXXFLAGS_x86_64_unknown_linux_gnu = None
  cargo:rerun-if-env-changed=CXXFLAGS_x86_64-unknown-linux-gnu
  CXXFLAGS_x86_64-unknown-linux-gnu = None
  cargo:rerun-if-env-changed=CXX_x86_64-unknown-linux-gnu
  CXX_x86_64-unknown-linux-gnu = None
  cargo:rerun-if-env-changed=CXX_x86_64_unknown_linux_gnu
  CXX_x86_64_unknown_linux_gnu = None
  cargo:rerun-if-env-changed=HOST_CXX
  HOST_CXX = None
  cargo:rerun-if-env-changed=CXX
  CXX = None
  cargo:rerun-if-env-changed=CRATE_CC_NO_DEFAULTS
  CRATE_CC_NO_DEFAULTS = None
  cargo:rerun-if-env-changed=CXXFLAGS
  CXXFLAGS = None
  cargo:rerun-if-env-changed=HOST_CXXFLAGS
  HOST_CXXFLAGS = None
  cargo:rerun-if-env-changed=CXXFLAGS_x86_64_unknown_linux_gnu
  CXXFLAGS_x86_64_unknown_linux_gnu = None
  cargo:rerun-if-env-changed=CXXFLAGS_x86_64-unknown-linux-gnu
  CXXFLAGS_x86_64-unknown-linux-gnu = None
  cargo:rerun-if-env-changed=CXX_x86_64-unknown-linux-gnu
  CXX_x86_64-unknown-linux-gnu = None
  cargo:rerun-if-env-changed=CXX_x86_64_unknown_linux_gnu
  CXX_x86_64_unknown_linux_gnu = None
  cargo:rerun-if-env-changed=HOST_CXX
  HOST_CXX = None
  cargo:rerun-if-env-changed=CXX
  CXX = None
  cargo:rerun-if-env-changed=CRATE_CC_NO_DEFAULTS
  CRATE_CC_NO_DEFAULTS = None
  cargo:rerun-if-env-changed=CXXFLAGS
  CXXFLAGS = None
  cargo:rerun-if-env-changed=HOST_CXXFLAGS
  HOST_CXXFLAGS = None
  cargo:rerun-if-env-changed=CXXFLAGS_x86_64_unknown_linux_gnu
  CXXFLAGS_x86_64_unknown_linux_gnu = None
  cargo:rerun-if-env-changed=CXXFLAGS_x86_64-unknown-linux-gnu
  CXXFLAGS_x86_64-unknown-linux-gnu = None
  exit status: 0
  exit status: 0
  exit status: 0
  exit status: 0
  exit status: 0
  exit status: 0
  exit status: 0
  exit status: 0
  cargo:rerun-if-env-changed=CXX_x86_64-unknown-linux-gnu
  CXX_x86_64-unknown-linux-gnu = None
  cargo:rerun-if-env-changed=CXX_x86_64_unknown_linux_gnu
  CXX_x86_64_unknown_linux_gnu = None
  cargo:rerun-if-env-changed=HOST_CXX
  HOST_CXX = None
  cargo:rerun-if-env-changed=CXX
  CXX = None
  cargo:rerun-if-env-changed=CRATE_CC_NO_DEFAULTS
  CRATE_CC_NO_DEFAULTS = None
  cargo:rerun-if-env-changed=CXXFLAGS
  CXXFLAGS = None
  cargo:rerun-if-env-changed=HOST_CXXFLAGS
  HOST_CXXFLAGS = None
  cargo:rerun-if-env-changed=CXXFLAGS_x86_64_unknown_linux_gnu
  CXXFLAGS_x86_64_unknown_linux_gnu = None
  cargo:rerun-if-env-changed=CXXFLAGS_x86_64-unknown-linux-gnu
  CXXFLAGS_x86_64-unknown-linux-gnu = None
  cargo:rerun-if-env-changed=CXX_x86_64-unknown-linux-gnu
  CXX_x86_64-unknown-linux-gnu = None
  cargo:rerun-if-env-changed=CXX_x86_64_unknown_linux_gnu
  CXX_x86_64_unknown_linux_gnu = None
  cargo:rerun-if-env-changed=HOST_CXX
  HOST_CXX = None
  cargo:rerun-if-env-changed=CXX
  CXX = None
  cargo:rerun-if-env-changed=CRATE_CC_NO_DEFAULTS
  CRATE_CC_NO_DEFAULTS = None
  cargo:rerun-if-env-changed=CXXFLAGS
  CXXFLAGS = None
  cargo:rerun-if-env-changed=HOST_CXXFLAGS
  HOST_CXXFLAGS = None
  cargo:rerun-if-env-changed=CXXFLAGS_x86_64_unknown_linux_gnu
  CXXFLAGS_x86_64_unknown_linux_gnu = None
  cargo:rerun-if-env-changed=CXXFLAGS_x86_64-unknown-linux-gnu
  CXXFLAGS_x86_64-unknown-linux-gnu = None
  cargo:rerun-if-env-changed=CXX_x86_64-unknown-linux-gnu
  CXX_x86_64-unknown-linux-gnu = None
  cargo:rerun-if-env-changed=CXX_x86_64_unknown_linux_gnu
  CXX_x86_64_unknown_linux_gnu = None
  cargo:rerun-if-env-changed=HOST_CXX
  HOST_CXX = None
  cargo:rerun-if-env-changed=CXX
  CXX = None
  cargo:rerun-if-env-changed=CRATE_CC_NO_DEFAULTS
  CRATE_CC_NO_DEFAULTS = None
  cargo:rerun-if-env-changed=CXXFLAGS
  CXXFLAGS = None
  cargo:rerun-if-env-changed=HOST_CXXFLAGS
  HOST_CXXFLAGS = None
  cargo:rerun-if-env-changed=CXXFLAGS_x86_64_unknown_linux_gnu
  CXXFLAGS_x86_64_unknown_linux_gnu = None
  cargo:rerun-if-env-changed=CXXFLAGS_x86_64-unknown-linux-gnu
  CXXFLAGS_x86_64-unknown-linux-gnu = None
  cargo:rerun-if-env-changed=CXX_x86_64-unknown-linux-gnu
  CXX_x86_64-unknown-linux-gnu = None
  cargo:rerun-if-env-changed=CXX_x86_64_unknown_linux_gnu
  CXX_x86_64_unknown_linux_gnu = None
  cargo:rerun-if-env-changed=HOST_CXX
  HOST_CXX = None
  cargo:rerun-if-env-changed=CXX
  CXX = None
  cargo:rerun-if-env-changed=CRATE_CC_NO_DEFAULTS
  CRATE_CC_NO_DEFAULTS = None
  cargo:rerun-if-env-changed=CXXFLAGS
  CXXFLAGS = None
  cargo:rerun-if-env-changed=HOST_CXXFLAGS
  HOST_CXXFLAGS = None
  cargo:rerun-if-env-changed=CXXFLAGS_x86_64_unknown_linux_gnu
  CXXFLAGS_x86_64_unknown_linux_gnu = None
  cargo:rerun-if-env-changed=CXXFLAGS_x86_64-unknown-linux-gnu
  CXXFLAGS_x86_64-unknown-linux-gnu = None
  exit status: 0
  exit status: 0
  exit status: 0
  exit status: 0
  exit status: 0
  exit status: 0
  exit status: 0
  exit status: 0

  --- stderr
  error: 'rustfmt' is not installed for the toolchain '1.91.0-x86_64-unknown-linux-gnu'.
  help: run `rustup component add --toolchain 1.91.0-x86_64-unknown-linux-gnu rustfmt` to install it
  Failed to run rustfmt: Internal rustfmt error (non-fatal, continuing)


  error occurred in cc-rs: command did not execute successfully (status code exit status: 1): LC_ALL="C" "c++" "-O3" "-ffunction-sections" "-fdata-sections" "-fPIC" "-m64" "-I" "rocksdb/include/" "-I" "rocksdb/" "-I" "rocksdb/third-party/gtest-1.8.1/fused-src/" "-I" "/tmp/wallet-pir-v10-production-target/release/build/lz4-sys-d1aba679ab0d3d55/out/include" "-I" "." "-Wall" "-Wextra" "-std=c++17" "-Wsign-compare" "-Wshadow" "-Wno-unused-parameter" "-Wno-unused-variable" "-Woverloaded-virtual" "-Wnon-virtual-dtor" "-Wno-missing-field-initializers" "-Wno-strict-aliasing" "-Wno-invalid-offsetof" "-msse2" "-msse4.1" "-msse4.2" "-mavx2" "-mbmi" "-mlzcnt" "-std=c++17" "-DLZ4=1" "-DNDEBUG=1" "-DOS_LINUX" "-DROCKSDB_PLATFORM_POSIX" "-DROCKSDB_LIB_IO_POSIX" "-DROCKSDB_SCHED_GETCPU_PRESENT" "-DROCKSDB_SUPPORT_THREAD_LOCAL" "-o" "/tmp/wallet-pir-v10-production-target/release/build/librocksdb-sys-de704949ea0a80f7/out/3b2529d97c048fcf-crc32c.o" "-c" "rocksdb/util/crc32c.cc"


