Running as unit: transparent-full-burst-f16c53f443424aa8ad34a0a003944e06.service

running 1 test
2026-09-09T19:12:41.145136Z DEBUG transparent_shard_server::runtime: runtime stage key=("5b7ee9849d47f5ee67d04eb6ca4588beacf42dce75e5a1b481dfd02607b1fb20", Directory, 0) seconds=8.141e-6 stage="restore_slot"
2026-09-09T19:12:41.145146Z DEBUG transparent_shard_server::runtime: runtime stage key=("5b7ee9849d47f5ee67d04eb6ca4588beacf42dce75e5a1b481dfd02607b1fb20", Pages, 0) seconds=3.088e-6 stage="restore_slot"
2026-09-09T19:12:41.145211Z DEBUG transparent_shard_server::runtime: runtime stage key=("1f5d7213a380745d83cc554ad16bdf9e039a0304d0de0b71376828e1838d0ea4", Directory, 0) seconds=6.56e-7 stage="restore_slot"
2026-09-09T19:12:41.145362Z DEBUG transparent_shard_server::runtime: runtime stage key=("1f5d7213a380745d83cc554ad16bdf9e039a0304d0de0b71376828e1838d0ea4", Pages, 0) seconds=4.81e-7 stage="restore_slot"
2026-09-09T19:12:41.145664Z DEBUG transparent_shard_server::runtime: runtime stage key=("5b7ee9849d47f5ee67d04eb6ca4588beacf42dce75e5a1b481dfd02607b1fb20", Directory, 0) seconds=3.4282e-5 hit=false stage="disk_restore"
2026-09-09T19:12:41.145671Z DEBUG transparent_shard_server::runtime: runtime stage key=("1f5d7213a380745d83cc554ad16bdf9e039a0304d0de0b71376828e1838d0ea4", Directory, 0) seconds=2.7636e-5 hit=false stage="disk_restore"
2026-09-09T19:12:41.145678Z DEBUG transparent_shard_server::runtime: runtime stage key=("5b7ee9849d47f5ee67d04eb6ca4588beacf42dce75e5a1b481dfd02607b1fb20", Pages, 0) seconds=2.6002e-5 hit=false stage="disk_restore"
2026-09-09T19:12:41.145694Z DEBUG transparent_shard_server::runtime: runtime stage key=("5b7ee9849d47f5ee67d04eb6ca4588beacf42dce75e5a1b481dfd02607b1fb20", Directory, 0) seconds=6.83e-7 stage="build_slot"
2026-09-09T19:12:41.145701Z DEBUG transparent_shard_server::runtime: runtime stage key=("1f5d7213a380745d83cc554ad16bdf9e039a0304d0de0b71376828e1838d0ea4", Pages, 0) seconds=9.078e-6 hit=false stage="disk_restore"
2026-09-09T19:12:41.145715Z DEBUG transparent_shard_server::runtime: runtime stage key=("1f5d7213a380745d83cc554ad16bdf9e039a0304d0de0b71376828e1838d0ea4", Directory, 0) seconds=5.89e-7 stage="build_slot"
2026-09-09T19:12:41.145731Z DEBUG transparent_shard_server::memory: cold build admission wait seconds=3.2449e-5 admitted=true
2026-09-09T19:12:41.149244Z DEBUG transparent_shard_server::memory: cold build admission wait seconds=0.003524939 admitted=true
2026-09-09T19:12:41.281088Z DEBUG transparent_shard_server::runtime: runtime stage key=("5b7ee9849d47f5ee67d04eb6ca4588beacf42dce75e5a1b481dfd02607b1fb20", Directory, 0) seconds=0.135347047 stage="source_load"
2026-09-09T19:12:41.283351Z DEBUG transparent_shard_server::runtime: runtime stage key=("1f5d7213a380745d83cc554ad16bdf9e039a0304d0de0b71376828e1838d0ea4", Directory, 0) seconds=0.134075738 stage="source_load"
2026-09-09T19:12:41.578398Z DEBUG transparent_shard_server::runtime: construction stage geometry="recent-8k" table="directory" seconds=0.295016483 stage="encode_database"
2026-09-09T19:12:41.578497Z DEBUG transparent_shard_server::runtime: construction stage geometry="recent-8k" table="directory" seconds=6.2741e-5 stage="public_setup"
2026-09-09T19:12:41.579103Z DEBUG transparent_shard_server::runtime: construction stage geometry="recent-8k" table="directory" seconds=0.29797031 stage="encode_database"
2026-09-09T19:12:41.579188Z DEBUG transparent_shard_server::runtime: construction stage geometry="recent-8k" table="directory" seconds=6.2259e-5 stage="public_setup"
2026-09-09T19:12:42.662072Z DEBUG transparent_shard_server::runtime: construction stage geometry="recent-8k" table="directory" seconds=1.082872942 stage="hint_columns"
2026-09-09T19:12:42.665280Z DEBUG transparent_shard_server::runtime: construction stage geometry="recent-8k" table="directory" seconds=1.086776854 stage="hint_columns"
2026-09-09T19:12:44.973094Z DEBUG transparent_shard_server::runtime: construction stage geometry="recent-8k" table="directory" seconds=2.307784651 stage="pack_preprocessing"
2026-09-09T19:12:44.973419Z DEBUG transparent_shard_server::runtime: construction stage geometry="recent-8k" table="directory" seconds=0.000268567 stage="publish_parameters"
2026-09-09T19:12:44.973881Z DEBUG transparent_shard_server::runtime: runtime stage key=("1f5d7213a380745d83cc554ad16bdf9e039a0304d0de0b71376828e1838d0ea4", Directory, 0) seconds=3.69050103 stage="runtime_build"
2026-09-09T19:12:44.975318Z DEBUG transparent_shard_server::runtime: runtime stage key=("1f5d7213a380745d83cc554ad16bdf9e039a0304d0de0b71376828e1838d0ea4", Directory, 0) reserved_bytes=136314880 stage="serialization_handoff"
2026-09-09T19:12:44.975375Z DEBUG transparent_shard_server::runtime: runtime stage key=("1f5d7213a380745d83cc554ad16bdf9e039a0304d0de0b71376828e1838d0ea4", Pages, 0) seconds=3.829649798 stage="build_slot"
2026-09-09T19:12:44.975473Z DEBUG transparent_shard_server::memory: cold build admission wait seconds=7.3819e-5 admitted=true
2026-09-09T19:12:44.989725Z DEBUG transparent_shard_server::runtime: construction stage geometry="recent-8k" table="directory" seconds=2.327613086 stage="pack_preprocessing"
2026-09-09T19:12:44.990003Z DEBUG transparent_shard_server::runtime: construction stage geometry="recent-8k" table="directory" seconds=0.000243244 stage="publish_parameters"
2026-09-09T19:12:44.990470Z DEBUG transparent_shard_server::runtime: runtime stage key=("5b7ee9849d47f5ee67d04eb6ca4588beacf42dce75e5a1b481dfd02607b1fb20", Directory, 0) seconds=3.709338629 stage="runtime_build"
2026-09-09T19:12:44.991800Z DEBUG transparent_shard_server::runtime: runtime stage key=("5b7ee9849d47f5ee67d04eb6ca4588beacf42dce75e5a1b481dfd02607b1fb20", Directory, 0) reserved_bytes=136314880 stage="serialization_handoff"
2026-09-09T19:12:44.991876Z DEBUG transparent_shard_server::runtime: runtime stage key=("5b7ee9849d47f5ee67d04eb6ca4588beacf42dce75e5a1b481dfd02607b1fb20", Pages, 0) seconds=3.8461552020000003 stage="build_slot"
2026-09-09T19:12:44.991948Z DEBUG transparent_shard_server::memory: cold build admission wait seconds=6.5243e-5 admitted=true
2026-09-09T19:12:45.109699Z DEBUG transparent_shard_server::runtime: runtime stage key=("1f5d7213a380745d83cc554ad16bdf9e039a0304d0de0b71376828e1838d0ea4", Pages, 0) seconds=0.134167873 stage="source_load"
2026-09-09T19:12:45.126550Z DEBUG transparent_shard_server::runtime: runtime stage key=("5b7ee9849d47f5ee67d04eb6ca4588beacf42dce75e5a1b481dfd02607b1fb20", Pages, 0) seconds=0.134370748 stage="source_load"
2026-09-09T19:12:45.408764Z DEBUG transparent_shard_server::runtime: construction stage geometry="recent-8k" table="pages" seconds=0.299026154 stage="encode_database"
2026-09-09T19:12:45.408876Z DEBUG transparent_shard_server::runtime: construction stage geometry="recent-8k" table="pages" seconds=7.056e-5 stage="public_setup"
2026-09-09T19:12:45.437071Z DEBUG transparent_shard_server::runtime: construction stage geometry="recent-8k" table="pages" seconds=0.310455546 stage="encode_database"
2026-09-09T19:12:45.437159Z DEBUG transparent_shard_server::runtime: construction stage geometry="recent-8k" table="pages" seconds=5.3796e-5 stage="public_setup"
2026-09-09T19:12:45.666451Z DEBUG transparent_shard_server::runtime: runtime stage key=("1f5d7213a380745d83cc554ad16bdf9e039a0304d0de0b71376828e1838d0ea4", Directory, 0) seconds=0.691113713 stage="disk_save"
2026-09-09T19:12:45.668206Z DEBUG transparent_shard_server::runtime: runtime stage key=("ca7afe810c988a8b4b561668f3456a9f38d1fdbb0776614e07ddfeb1a2132000", Directory, 0) seconds=1.714e-6 stage="restore_slot"
2026-09-09T19:12:45.668354Z DEBUG transparent_shard_server::runtime: runtime stage key=("ca7afe810c988a8b4b561668f3456a9f38d1fdbb0776614e07ddfeb1a2132000", Directory, 0) seconds=2.8401e-5 hit=false stage="disk_restore"
2026-09-09T19:12:46.740158Z DEBUG transparent_shard_server::runtime: construction stage geometry="recent-8k" table="pages" seconds=1.302984586 stage="hint_columns"
2026-09-09T19:12:46.755260Z DEBUG transparent_shard_server::runtime: construction stage geometry="recent-8k" table="pages" seconds=1.3463769 stage="hint_columns"
2026-09-09T19:12:46.911923Z DEBUG transparent_shard_server::runtime: runtime stage key=("5b7ee9849d47f5ee67d04eb6ca4588beacf42dce75e5a1b481dfd02607b1fb20", Directory, 0) seconds=1.920106456 stage="disk_save"
2026-09-09T19:12:46.912016Z DEBUG transparent_shard_server::runtime: runtime stage key=("ca7afe810c988a8b4b561668f3456a9f38d1fdbb0776614e07ddfeb1a2132000", Pages, 0) seconds=1.813e-6 stage="restore_slot"
2026-09-09T19:12:46.912264Z DEBUG transparent_shard_server::runtime: runtime stage key=("ca7afe810c988a8b4b561668f3456a9f38d1fdbb0776614e07ddfeb1a2132000", Pages, 0) seconds=7.0096e-5 hit=false stage="disk_restore"
2026-09-09T19:12:49.027746Z DEBUG transparent_shard_server::runtime: construction stage geometry="recent-8k" table="pages" seconds=2.287533236 stage="pack_preprocessing"
2026-09-09T19:12:49.028036Z DEBUG transparent_shard_server::runtime: construction stage geometry="recent-8k" table="pages" seconds=0.000249918 stage="publish_parameters"
2026-09-09T19:12:49.028494Z DEBUG transparent_shard_server::runtime: runtime stage key=("5b7ee9849d47f5ee67d04eb6ca4588beacf42dce75e5a1b481dfd02607b1fb20", Pages, 0) seconds=3.90188155 stage="runtime_build"
2026-09-09T19:12:49.028523Z DEBUG transparent_shard_server::runtime: runtime stage key=("5b7ee9849d47f5ee67d04eb6ca4588beacf42dce75e5a1b481dfd02607b1fb20", Pages, 0) reserved_bytes=136314880 stage="serialization_handoff"
2026-09-09T19:12:49.030934Z DEBUG transparent_shard_server::runtime: construction stage geometry="recent-8k" table="pages" seconds=2.275640105 stage="pack_preprocessing"
2026-09-09T19:12:49.031197Z DEBUG transparent_shard_server::runtime: construction stage geometry="recent-8k" table="pages" seconds=0.00023754 stage="publish_parameters"
2026-09-09T19:12:49.031200Z DEBUG transparent_shard_server::runtime: runtime stage key=("ca7afe810c988a8b4b561668f3456a9f38d1fdbb0776614e07ddfeb1a2132000", Directory, 0) seconds=3.360008068 stage="build_slot"
2026-09-09T19:12:49.031279Z DEBUG transparent_shard_server::memory: cold build admission wait seconds=6.7248e-5 admitted=true
2026-09-09T19:12:49.031914Z DEBUG transparent_shard_server::runtime: runtime stage key=("1f5d7213a380745d83cc554ad16bdf9e039a0304d0de0b71376828e1838d0ea4", Pages, 0) seconds=3.922178776 stage="runtime_build"
2026-09-09T19:12:49.031934Z DEBUG transparent_shard_server::runtime: runtime stage key=("1f5d7213a380745d83cc554ad16bdf9e039a0304d0de0b71376828e1838d0ea4", Pages, 0) reserved_bytes=136314880 stage="serialization_handoff"
2026-09-09T19:12:49.034191Z DEBUG transparent_shard_server::runtime: runtime stage key=("ca7afe810c988a8b4b561668f3456a9f38d1fdbb0776614e07ddfeb1a2132000", Pages, 0) seconds=2.121883642 stage="build_slot"
2026-09-09T19:12:49.034284Z DEBUG transparent_shard_server::memory: cold build admission wait seconds=7.4234e-5 admitted=true
2026-09-09T19:12:49.154561Z DEBUG transparent_shard_server::runtime: runtime stage key=("ca7afe810c988a8b4b561668f3456a9f38d1fdbb0776614e07ddfeb1a2132000", Pages, 0) seconds=0.120249278 stage="source_load"
2026-09-09T19:12:49.157013Z DEBUG transparent_shard_server::runtime: runtime stage key=("ca7afe810c988a8b4b561668f3456a9f38d1fdbb0776614e07ddfeb1a2132000", Directory, 0) seconds=0.125678768 stage="source_load"
2026-09-09T19:12:49.450079Z DEBUG transparent_shard_server::runtime: construction stage geometry="recent-8k" table="pages" seconds=0.295485613 stage="encode_database"
2026-09-09T19:12:49.450184Z DEBUG transparent_shard_server::runtime: construction stage geometry="recent-8k" table="pages" seconds=7.7909e-5 stage="public_setup"
2026-09-09T19:12:49.452813Z DEBUG transparent_shard_server::runtime: construction stage geometry="recent-8k" table="directory" seconds=0.295763058 stage="encode_database"
2026-09-09T19:12:49.452918Z DEBUG transparent_shard_server::runtime: construction stage geometry="recent-8k" table="directory" seconds=8.4939e-5 stage="public_setup"
2026-09-09T19:12:49.717876Z DEBUG transparent_shard_server::runtime: runtime stage key=("5b7ee9849d47f5ee67d04eb6ca4588beacf42dce75e5a1b481dfd02607b1fb20", Pages, 0) seconds=0.689346319 stage="disk_save"
2026-09-09T19:12:49.717970Z DEBUG transparent_shard_server::runtime: runtime stage key=("95df7205357fe2d9c962d2b41daded841e05afa7b6fc8d06dfec46ad04e15335", Directory, 0) seconds=1.361e-6 stage="restore_slot"
2026-09-09T19:12:49.718101Z DEBUG transparent_shard_server::runtime: runtime stage key=("95df7205357fe2d9c962d2b41daded841e05afa7b6fc8d06dfec46ad04e15335", Directory, 0) seconds=2.5752e-5 hit=false stage="disk_restore"
2026-09-09T19:12:50.742147Z DEBUG transparent_shard_server::runtime: construction stage geometry="recent-8k" table="directory" seconds=1.289221894 stage="hint_columns"
2026-09-09T19:12:50.748217Z DEBUG transparent_shard_server::runtime: construction stage geometry="recent-8k" table="pages" seconds=1.298025239 stage="hint_columns"
2026-09-09T19:12:50.911039Z DEBUG transparent_shard_server::runtime: runtime stage key=("1f5d7213a380745d83cc554ad16bdf9e039a0304d0de0b71376828e1838d0ea4", Pages, 0) seconds=1.879099984 stage="disk_save"
2026-09-09T19:12:50.911133Z DEBUG transparent_shard_server::runtime: runtime stage key=("95df7205357fe2d9c962d2b41daded841e05afa7b6fc8d06dfec46ad04e15335", Pages, 0) seconds=1.283e-6 stage="restore_slot"
2026-09-09T19:12:50.911291Z DEBUG transparent_shard_server::runtime: runtime stage key=("95df7205357fe2d9c962d2b41daded841e05afa7b6fc8d06dfec46ad04e15335", Pages, 0) seconds=4.319e-5 hit=false stage="disk_restore"
2026-09-09T19:12:52.978557Z DEBUG transparent_shard_server::runtime: construction stage geometry="recent-8k" table="directory" seconds=2.236372909 stage="pack_preprocessing"
2026-09-09T19:12:52.978833Z DEBUG transparent_shard_server::runtime: construction stage geometry="recent-8k" table="directory" seconds=0.00023896 stage="publish_parameters"
2026-09-09T19:12:52.979439Z DEBUG transparent_shard_server::runtime: runtime stage key=("ca7afe810c988a8b4b561668f3456a9f38d1fdbb0776614e07ddfeb1a2132000", Directory, 0) seconds=3.822389882 stage="runtime_build"
2026-09-09T19:12:52.979463Z DEBUG transparent_shard_server::runtime: runtime stage key=("ca7afe810c988a8b4b561668f3456a9f38d1fdbb0776614e07ddfeb1a2132000", Directory, 0) reserved_bytes=136314880 stage="serialization_handoff"
2026-09-09T19:12:52.980701Z DEBUG transparent_shard_server::runtime: construction stage geometry="recent-8k" table="pages" seconds=2.232457691 stage="pack_preprocessing"
2026-09-09T19:12:52.980947Z DEBUG transparent_shard_server::runtime: construction stage geometry="recent-8k" table="pages" seconds=0.00022185 stage="publish_parameters"
2026-09-09T19:12:52.981744Z DEBUG transparent_shard_server::runtime: runtime stage key=("ca7afe810c988a8b4b561668f3456a9f38d1fdbb0776614e07ddfeb1a2132000", Pages, 0) seconds=3.827152778 stage="runtime_build"
2026-09-09T19:12:52.981762Z DEBUG transparent_shard_server::runtime: runtime stage key=("ca7afe810c988a8b4b561668f3456a9f38d1fdbb0776614e07ddfeb1a2132000", Pages, 0) reserved_bytes=136314880 stage="serialization_handoff"
2026-09-09T19:12:52.982191Z DEBUG transparent_shard_server::runtime: runtime stage key=("95df7205357fe2d9c962d2b41daded841e05afa7b6fc8d06dfec46ad04e15335", Directory, 0) seconds=3.264065091 stage="build_slot"
2026-09-09T19:12:52.982275Z DEBUG transparent_shard_server::memory: cold build admission wait seconds=6.8351e-5 admitted=true
2026-09-09T19:12:52.982290Z DEBUG transparent_shard_server::runtime: runtime stage key=("95df7205357fe2d9c962d2b41daded841e05afa7b6fc8d06dfec46ad04e15335", Pages, 0) seconds=2.070964506 stage="build_slot"
2026-09-09T19:12:52.982316Z DEBUG transparent_shard_server::memory: cold build admission wait seconds=2.1706e-5 admitted=true
2026-09-09T19:12:53.103721Z DEBUG transparent_shard_server::runtime: runtime stage key=("95df7205357fe2d9c962d2b41daded841e05afa7b6fc8d06dfec46ad04e15335", Pages, 0) seconds=0.121378725 stage="source_load"
2026-09-09T19:12:53.104201Z DEBUG transparent_shard_server::runtime: runtime stage key=("95df7205357fe2d9c962d2b41daded841e05afa7b6fc8d06dfec46ad04e15335", Directory, 0) seconds=0.121880281 stage="source_load"
2026-09-09T19:12:53.392928Z DEBUG transparent_shard_server::runtime: construction stage geometry="recent-8k" table="pages" seconds=0.289173552 stage="encode_database"
2026-09-09T19:12:53.393061Z DEBUG transparent_shard_server::runtime: construction stage geometry="recent-8k" table="pages" seconds=9.5818e-5 stage="public_setup"
2026-09-09T19:12:53.393411Z DEBUG transparent_shard_server::runtime: construction stage geometry="recent-8k" table="directory" seconds=0.289184253 stage="encode_database"
2026-09-09T19:12:53.393503Z DEBUG transparent_shard_server::runtime: construction stage geometry="recent-8k" table="directory" seconds=6.9028e-5 stage="public_setup"
2026-09-09T19:12:53.666705Z DEBUG transparent_shard_server::runtime: runtime stage key=("ca7afe810c988a8b4b561668f3456a9f38d1fdbb0776614e07ddfeb1a2132000", Directory, 0) seconds=0.687236549 stage="disk_save"
2026-09-09T19:12:53.666775Z DEBUG transparent_shard_server::runtime: runtime stage key=("73d46a59d0d03d7616f9a47e53b50448d4c5a3504e6e296600d8884c8c4403b8", Directory, 0) seconds=1.868e-6 stage="restore_slot"
2026-09-09T19:12:53.666964Z DEBUG transparent_shard_server::runtime: runtime stage key=("73d46a59d0d03d7616f9a47e53b50448d4c5a3504e6e296600d8884c8c4403b8", Directory, 0) seconds=2.5078e-5 hit=false stage="disk_restore"
2026-09-09T19:12:54.699804Z DEBUG transparent_shard_server::runtime: construction stage geometry="recent-8k" table="directory" seconds=1.306294904 stage="hint_columns"
2026-09-09T19:12:54.706238Z DEBUG transparent_shard_server::runtime: construction stage geometry="recent-8k" table="pages" seconds=1.313170218 stage="hint_columns"
2026-09-09T19:12:54.856911Z DEBUG transparent_shard_server::runtime: runtime stage key=("ca7afe810c988a8b4b561668f3456a9f38d1fdbb0776614e07ddfeb1a2132000", Pages, 0) seconds=1.875142375 stage="disk_save"
2026-09-09T19:12:54.857143Z DEBUG transparent_shard_server::runtime: runtime stage key=("73d46a59d0d03d7616f9a47e53b50448d4c5a3504e6e296600d8884c8c4403b8", Pages, 0) seconds=1.263e-6 stage="restore_slot"
2026-09-09T19:12:54.857291Z DEBUG transparent_shard_server::runtime: runtime stage key=("73d46a59d0d03d7616f9a47e53b50448d4c5a3504e6e296600d8884c8c4403b8", Pages, 0) seconds=3.7096e-5 hit=false stage="disk_restore"
2026-09-09T19:12:56.938402Z DEBUG transparent_shard_server::runtime: construction stage geometry="recent-8k" table="pages" seconds=2.23213329 stage="pack_preprocessing"
2026-09-09T19:12:56.938687Z DEBUG transparent_shard_server::runtime: construction stage geometry="recent-8k" table="pages" seconds=0.000247101 stage="publish_parameters"
2026-09-09T19:12:56.939897Z DEBUG transparent_shard_server::runtime: runtime stage key=("95df7205357fe2d9c962d2b41daded841e05afa7b6fc8d06dfec46ad04e15335", Pages, 0) seconds=3.83614426 stage="runtime_build"
2026-09-09T19:12:56.939931Z DEBUG transparent_shard_server::runtime: runtime stage key=("95df7205357fe2d9c962d2b41daded841e05afa7b6fc8d06dfec46ad04e15335", Pages, 0) reserved_bytes=136314880 stage="serialization_handoff"
2026-09-09T19:12:56.939979Z DEBUG transparent_shard_server::runtime: runtime stage key=("73d46a59d0d03d7616f9a47e53b50448d4c5a3504e6e296600d8884c8c4403b8", Directory, 0) seconds=3.27299762 stage="build_slot"
2026-09-09T19:12:56.940071Z DEBUG transparent_shard_server::memory: cold build admission wait seconds=7.4551e-5 admitted=true
2026-09-09T19:12:56.947572Z DEBUG transparent_shard_server::runtime: construction stage geometry="recent-8k" table="directory" seconds=2.247738909 stage="pack_preprocessing"
2026-09-09T19:12:56.947834Z DEBUG transparent_shard_server::runtime: construction stage geometry="recent-8k" table="directory" seconds=0.000234414 stage="publish_parameters"
2026-09-09T19:12:56.948497Z DEBUG transparent_shard_server::runtime: runtime stage key=("95df7205357fe2d9c962d2b41daded841e05afa7b6fc8d06dfec46ad04e15335", Directory, 0) seconds=3.844271166 stage="runtime_build"
2026-09-09T19:12:56.948532Z DEBUG transparent_shard_server::runtime: runtime stage key=("95df7205357fe2d9c962d2b41daded841e05afa7b6fc8d06dfec46ad04e15335", Directory, 0) reserved_bytes=136314880 stage="serialization_handoff"
2026-09-09T19:12:56.948586Z DEBUG transparent_shard_server::runtime: runtime stage key=("73d46a59d0d03d7616f9a47e53b50448d4c5a3504e6e296600d8884c8c4403b8", Pages, 0) seconds=2.091275617 stage="build_slot"
2026-09-09T19:12:56.948681Z DEBUG transparent_shard_server::memory: cold build admission wait seconds=6.7328e-5 admitted=true
2026-09-09T19:12:57.070498Z DEBUG transparent_shard_server::runtime: runtime stage key=("73d46a59d0d03d7616f9a47e53b50448d4c5a3504e6e296600d8884c8c4403b8", Pages, 0) seconds=0.121764635 stage="source_load"
2026-09-09T19:12:57.087051Z DEBUG transparent_shard_server::runtime: runtime stage key=("73d46a59d0d03d7616f9a47e53b50448d4c5a3504e6e296600d8884c8c4403b8", Directory, 0) seconds=0.146953748 stage="source_load"
2026-09-09T19:12:57.355705Z DEBUG transparent_shard_server::runtime: construction stage geometry="recent-8k" table="pages" seconds=0.285165711 stage="encode_database"
2026-09-09T19:12:57.355822Z DEBUG transparent_shard_server::runtime: construction stage geometry="recent-8k" table="pages" seconds=8.2321e-5 stage="public_setup"
2026-09-09T19:12:57.410508Z DEBUG transparent_shard_server::runtime: construction stage geometry="recent-8k" table="directory" seconds=0.323414461 stage="encode_database"
2026-09-09T19:12:57.410598Z DEBUG transparent_shard_server::runtime: construction stage geometry="recent-8k" table="directory" seconds=5.4619e-5 stage="public_setup"
2026-09-09T19:12:57.859240Z DEBUG transparent_shard_server::runtime: runtime stage key=("95df7205357fe2d9c962d2b41daded841e05afa7b6fc8d06dfec46ad04e15335", Pages, 0) seconds=0.919302771 stage="disk_save"
2026-09-09T19:12:57.859314Z DEBUG transparent_shard_server::runtime: runtime stage key=("b16be2933ab920bc4745ea8917e5167a7a685c211e0b4febe88b4d3018f970bc", Directory, 0) seconds=2.027e-6 stage="restore_slot"
2026-09-09T19:12:57.859431Z DEBUG transparent_shard_server::runtime: runtime stage key=("b16be2933ab920bc4745ea8917e5167a7a685c211e0b4febe88b4d3018f970bc", Directory, 0) seconds=2.3766e-5 hit=false stage="disk_restore"
2026-09-09T19:12:58.642218Z DEBUG transparent_shard_server::runtime: construction stage geometry="recent-8k" table="directory" seconds=1.231613495 stage="hint_columns"
2026-09-09T19:12:58.645243Z DEBUG transparent_shard_server::runtime: construction stage geometry="recent-8k" table="pages" seconds=1.289414187 stage="hint_columns"
2026-09-09T19:12:58.951069Z DEBUG transparent_shard_server::runtime: runtime stage key=("95df7205357fe2d9c962d2b41daded841e05afa7b6fc8d06dfec46ad04e15335", Directory, 0) seconds=2.002529904 stage="disk_save"
2026-09-09T19:12:58.951178Z DEBUG transparent_shard_server::runtime: runtime stage key=("b16be2933ab920bc4745ea8917e5167a7a685c211e0b4febe88b4d3018f970bc", Pages, 0) seconds=1.586e-6 stage="restore_slot"
2026-09-09T19:12:58.951312Z DEBUG transparent_shard_server::runtime: runtime stage key=("b16be2933ab920bc4745ea8917e5167a7a685c211e0b4febe88b4d3018f970bc", Pages, 0) seconds=2.7047e-5 hit=false stage="disk_restore"
2026-09-09T19:13:00.937348Z DEBUG transparent_shard_server::runtime: construction stage geometry="recent-8k" table="directory" seconds=2.295103054 stage="pack_preprocessing"
2026-09-09T19:13:00.937643Z DEBUG transparent_shard_server::runtime: construction stage geometry="recent-8k" table="directory" seconds=0.000255031 stage="publish_parameters"
2026-09-09T19:13:00.938374Z DEBUG transparent_shard_server::runtime: runtime stage key=("73d46a59d0d03d7616f9a47e53b50448d4c5a3504e6e296600d8884c8c4403b8", Directory, 0) seconds=3.85128407 stage="runtime_build"
2026-09-09T19:13:00.938399Z DEBUG transparent_shard_server::runtime: runtime stage key=("73d46a59d0d03d7616f9a47e53b50448d4c5a3504e6e296600d8884c8c4403b8", Directory, 0) reserved_bytes=136314880 stage="serialization_handoff"
2026-09-09T19:13:00.938448Z DEBUG transparent_shard_server::runtime: runtime stage key=("b16be2933ab920bc4745ea8917e5167a7a685c211e0b4febe88b4d3018f970bc", Directory, 0) seconds=3.078999494 stage="build_slot"
2026-09-09T19:13:00.938545Z DEBUG transparent_shard_server::memory: cold build admission wait seconds=7.721e-5 admitted=true
2026-09-09T19:13:00.955371Z DEBUG transparent_shard_server::runtime: construction stage geometry="recent-8k" table="pages" seconds=2.310093887 stage="pack_preprocessing"
2026-09-09T19:13:00.955654Z DEBUG transparent_shard_server::runtime: construction stage geometry="recent-8k" table="pages" seconds=0.00024323 stage="publish_parameters"
2026-09-09T19:13:00.956445Z DEBUG transparent_shard_server::runtime: runtime stage key=("73d46a59d0d03d7616f9a47e53b50448d4c5a3504e6e296600d8884c8c4403b8", Pages, 0) seconds=3.885907017 stage="runtime_build"
2026-09-09T19:13:00.956472Z DEBUG transparent_shard_server::runtime: runtime stage key=("73d46a59d0d03d7616f9a47e53b50448d4c5a3504e6e296600d8884c8c4403b8", Pages, 0) reserved_bytes=136314880 stage="serialization_handoff"
2026-09-09T19:13:00.956497Z DEBUG transparent_shard_server::runtime: runtime stage key=("b16be2933ab920bc4745ea8917e5167a7a685c211e0b4febe88b4d3018f970bc", Pages, 0) seconds=2.005170946 stage="build_slot"
2026-09-09T19:13:00.956597Z DEBUG transparent_shard_server::memory: cold build admission wait seconds=8.1474e-5 admitted=true
2026-09-09T19:13:01.062366Z DEBUG transparent_shard_server::runtime: runtime stage key=("b16be2933ab920bc4745ea8917e5167a7a685c211e0b4febe88b4d3018f970bc", Directory, 0) seconds=0.123801331 stage="source_load"
2026-09-09T19:13:01.079891Z DEBUG transparent_shard_server::runtime: runtime stage key=("b16be2933ab920bc4745ea8917e5167a7a685c211e0b4febe88b4d3018f970bc", Pages, 0) seconds=0.123235406 stage="source_load"
2026-09-09T19:13:01.355088Z DEBUG transparent_shard_server::runtime: construction stage geometry="recent-8k" table="directory" seconds=0.292682038 stage="encode_database"
2026-09-09T19:13:01.355219Z DEBUG transparent_shard_server::runtime: construction stage geometry="recent-8k" table="directory" seconds=9.0053e-5 stage="public_setup"
2026-09-09T19:13:01.390407Z DEBUG transparent_shard_server::runtime: construction stage geometry="recent-8k" table="pages" seconds=0.310477181 stage="encode_database"
2026-09-09T19:13:01.390504Z DEBUG transparent_shard_server::runtime: construction stage geometry="recent-8k" table="pages" seconds=6.8971e-5 stage="public_setup"
2026-09-09T19:13:01.670392Z DEBUG transparent_shard_server::runtime: runtime stage key=("73d46a59d0d03d7616f9a47e53b50448d4c5a3504e6e296600d8884c8c4403b8", Directory, 0) seconds=0.731987436 stage="disk_save"
2026-09-09T19:13:01.670475Z DEBUG transparent_shard_server::runtime: runtime stage key=("16b8227360ce35dd2e111156f5e31fd5eb500ff877879a212fef6cf8471de8a5", Directory, 0) seconds=1.594e-6 stage="restore_slot"
2026-09-09T19:13:01.670603Z DEBUG transparent_shard_server::runtime: runtime stage key=("16b8227360ce35dd2e111156f5e31fd5eb500ff877879a212fef6cf8471de8a5", Directory, 0) seconds=2.3131e-5 hit=false stage="disk_restore"
2026-09-09T19:13:02.699278Z DEBUG transparent_shard_server::runtime: construction stage geometry="recent-8k" table="pages" seconds=1.3087657990000001 stage="hint_columns"
2026-09-09T19:13:02.705218Z DEBUG transparent_shard_server::runtime: construction stage geometry="recent-8k" table="directory" seconds=1.349991095 stage="hint_columns"
2026-09-09T19:13:02.878503Z DEBUG transparent_shard_server::runtime: runtime stage key=("73d46a59d0d03d7616f9a47e53b50448d4c5a3504e6e296600d8884c8c4403b8", Pages, 0) seconds=1.9220238520000001 stage="disk_save"
2026-09-09T19:13:02.878588Z DEBUG transparent_shard_server::runtime: runtime stage key=("16b8227360ce35dd2e111156f5e31fd5eb500ff877879a212fef6cf8471de8a5", Pages, 0) seconds=1.614e-6 stage="restore_slot"
2026-09-09T19:13:02.878760Z DEBUG transparent_shard_server::runtime: runtime stage key=("16b8227360ce35dd2e111156f5e31fd5eb500ff877879a212fef6cf8471de8a5", Pages, 0) seconds=3.9225e-5 hit=false stage="disk_restore"
2026-09-09T19:13:04.951877Z DEBUG transparent_shard_server::runtime: construction stage geometry="recent-8k" table="pages" seconds=2.252569417 stage="pack_preprocessing"
2026-09-09T19:13:04.952146Z DEBUG transparent_shard_server::runtime: construction stage geometry="recent-8k" table="pages" seconds=0.000231787 stage="publish_parameters"
2026-09-09T19:13:04.952819Z DEBUG transparent_shard_server::runtime: runtime stage key=("b16be2933ab920bc4745ea8917e5167a7a685c211e0b4febe88b4d3018f970bc", Pages, 0) seconds=3.87289066 stage="runtime_build"
2026-09-09T19:13:04.952855Z DEBUG transparent_shard_server::runtime: runtime stage key=("b16be2933ab920bc4745ea8917e5167a7a685c211e0b4febe88b4d3018f970bc", Pages, 0) reserved_bytes=136314880 stage="serialization_handoff"
2026-09-09T19:13:04.952898Z DEBUG transparent_shard_server::runtime: runtime stage key=("16b8227360ce35dd2e111156f5e31fd5eb500ff877879a212fef6cf8471de8a5", Directory, 0) seconds=3.282272938 stage="build_slot"
2026-09-09T19:13:04.952995Z DEBUG transparent_shard_server::memory: cold build admission wait seconds=7.7834e-5 admitted=true
2026-09-09T19:13:04.965486Z DEBUG transparent_shard_server::runtime: construction stage geometry="recent-8k" table="directory" seconds=2.26024127 stage="pack_preprocessing"
2026-09-09T19:13:04.965782Z DEBUG transparent_shard_server::runtime: construction stage geometry="recent-8k" table="directory" seconds=0.000271416 stage="publish_parameters"
2026-09-09T19:13:04.966500Z DEBUG transparent_shard_server::runtime: runtime stage key=("b16be2933ab920bc4745ea8917e5167a7a685c211e0b4febe88b4d3018f970bc", Directory, 0) seconds=3.90409643 stage="runtime_build"
2026-09-09T19:13:04.966523Z DEBUG transparent_shard_server::runtime: runtime stage key=("b16be2933ab920bc4745ea8917e5167a7a685c211e0b4febe88b4d3018f970bc", Directory, 0) reserved_bytes=136314880 stage="serialization_handoff"
2026-09-09T19:13:04.966543Z DEBUG transparent_shard_server::runtime: runtime stage key=("16b8227360ce35dd2e111156f5e31fd5eb500ff877879a212fef6cf8471de8a5", Pages, 0) seconds=2.087753572 stage="build_slot"
2026-09-09T19:13:04.966624Z DEBUG transparent_shard_server::memory: cold build admission wait seconds=6.6467e-5 admitted=true
2026-09-09T19:13:05.074753Z DEBUG transparent_shard_server::runtime: runtime stage key=("16b8227360ce35dd2e111156f5e31fd5eb500ff877879a212fef6cf8471de8a5", Directory, 0) seconds=0.121740093 stage="source_load"
2026-09-09T19:13:05.087018Z DEBUG transparent_shard_server::runtime: runtime stage key=("16b8227360ce35dd2e111156f5e31fd5eb500ff877879a212fef6cf8471de8a5", Pages, 0) seconds=0.120363983 stage="source_load"
2026-09-09T19:13:05.358271Z DEBUG transparent_shard_server::runtime: construction stage geometry="recent-8k" table="directory" seconds=0.283486867 stage="encode_database"
2026-09-09T19:13:05.358370Z DEBUG transparent_shard_server::runtime: construction stage geometry="recent-8k" table="directory" seconds=7.1875e-5 stage="public_setup"
2026-09-09T19:13:05.380392Z DEBUG transparent_shard_server::runtime: construction stage geometry="recent-8k" table="pages" seconds=0.293346533 stage="encode_database"
2026-09-09T19:13:05.380484Z DEBUG transparent_shard_server::runtime: construction stage geometry="recent-8k" table="pages" seconds=7.0416e-5 stage="public_setup"
2026-09-09T19:13:05.639971Z DEBUG transparent_shard_server::runtime: runtime stage key=("b16be2933ab920bc4745ea8917e5167a7a685c211e0b4febe88b4d3018f970bc", Pages, 0) seconds=0.687109657 stage="disk_save"
2026-09-09T19:13:05.640066Z DEBUG transparent_shard_server::runtime: runtime stage key=("1cd27964911287b2a127c1f8df5e6b0c19f5b4db309391c5adb2db3072bfec6e", Directory, 0) seconds=1.919e-6 stage="restore_slot"
2026-09-09T19:13:05.641207Z DEBUG transparent_shard_server::runtime: runtime stage key=("1cd27964911287b2a127c1f8df5e6b0c19f5b4db309391c5adb2db3072bfec6e", Directory, 0) seconds=3.2712e-5 hit=false stage="disk_restore"
2026-09-09T19:13:06.696216Z DEBUG transparent_shard_server::runtime: construction stage geometry="recent-8k" table="pages" seconds=1.31572453 stage="hint_columns"
2026-09-09T19:13:06.706218Z DEBUG transparent_shard_server::runtime: construction stage geometry="recent-8k" table="directory" seconds=1.34784108 stage="hint_columns"
2026-09-09T19:13:06.854486Z DEBUG transparent_shard_server::runtime: runtime stage key=("b16be2933ab920bc4745ea8917e5167a7a685c211e0b4febe88b4d3018f970bc", Directory, 0) seconds=1.887955689 stage="disk_save"
2026-09-09T19:13:06.854587Z DEBUG transparent_shard_server::runtime: runtime stage key=("1cd27964911287b2a127c1f8df5e6b0c19f5b4db309391c5adb2db3072bfec6e", Pages, 0) seconds=1.738e-6 stage="restore_slot"
2026-09-09T19:13:06.854733Z DEBUG transparent_shard_server::runtime: runtime stage key=("1cd27964911287b2a127c1f8df5e6b0c19f5b4db309391c5adb2db3072bfec6e", Pages, 0) seconds=3.1219e-5 hit=false stage="disk_restore"
2026-09-09T19:13:08.835603Z DEBUG transparent_shard_server::runtime: construction stage geometry="recent-8k" table="pages" seconds=2.139362949 stage="pack_preprocessing"
2026-09-09T19:13:08.835877Z DEBUG transparent_shard_server::runtime: construction stage geometry="recent-8k" table="pages" seconds=0.000234254 stage="publish_parameters"
2026-09-09T19:13:08.836618Z DEBUG transparent_shard_server::runtime: runtime stage key=("16b8227360ce35dd2e111156f5e31fd5eb500ff877879a212fef6cf8471de8a5", Pages, 0) seconds=3.749573819 stage="runtime_build"
2026-09-09T19:13:08.836649Z DEBUG transparent_shard_server::runtime: runtime stage key=("16b8227360ce35dd2e111156f5e31fd5eb500ff877879a212fef6cf8471de8a5", Pages, 0) reserved_bytes=136314880 stage="serialization_handoff"
2026-09-09T19:13:08.839230Z DEBUG transparent_shard_server::runtime: runtime stage key=("1cd27964911287b2a127c1f8df5e6b0c19f5b4db309391c5adb2db3072bfec6e", Directory, 0) seconds=3.197985042 stage="build_slot"
2026-09-09T19:13:08.839337Z DEBUG transparent_shard_server::memory: cold build admission wait seconds=7.9389e-5 admitted=true
2026-09-09T19:13:08.965294Z DEBUG transparent_shard_server::runtime: runtime stage key=("1cd27964911287b2a127c1f8df5e6b0c19f5b4db309391c5adb2db3072bfec6e", Directory, 0) seconds=0.125927219 stage="source_load"
2026-09-09T19:13:09.255921Z DEBUG transparent_shard_server::runtime: construction stage geometry="recent-8k" table="directory" seconds=0.290589505 stage="encode_database"
2026-09-09T19:13:09.256015Z DEBUG transparent_shard_server::runtime: construction stage geometry="recent-8k" table="directory" seconds=6.2803e-5 stage="public_setup"
2026-09-09T19:13:09.538298Z DEBUG transparent_shard_server::runtime: runtime stage key=("16b8227360ce35dd2e111156f5e31fd5eb500ff877879a212fef6cf8471de8a5", Pages, 0) seconds=0.70164257 stage="disk_save"
2026-09-09T19:13:09.538395Z DEBUG transparent_shard_server::runtime: runtime stage key=("27f56c565263ecffb8c7736d4e811665d81bf4ed71c7978431fcc4f45b645ee1", Directory, 0) seconds=2.009e-6 stage="restore_slot"
2026-09-09T19:13:09.541211Z DEBUG transparent_shard_server::runtime: runtime stage key=("27f56c565263ecffb8c7736d4e811665d81bf4ed71c7978431fcc4f45b645ee1", Directory, 0) seconds=3.8174e-5 hit=false stage="disk_restore"
2026-09-09T19:13:10.099561Z DEBUG transparent_shard_server::runtime: construction stage geometry="recent-8k" table="directory" seconds=3.393315275 stage="pack_preprocessing"
2026-09-09T19:13:10.099863Z DEBUG transparent_shard_server::runtime: construction stage geometry="recent-8k" table="directory" seconds=0.000262195 stage="publish_parameters"
2026-09-09T19:13:10.103748Z DEBUG transparent_shard_server::runtime: runtime stage key=("16b8227360ce35dd2e111156f5e31fd5eb500ff877879a212fef6cf8471de8a5", Directory, 0) seconds=5.028964087 stage="runtime_build"
2026-09-09T19:13:10.103792Z DEBUG transparent_shard_server::runtime: runtime stage key=("16b8227360ce35dd2e111156f5e31fd5eb500ff877879a212fef6cf8471de8a5", Directory, 0) reserved_bytes=136314880 stage="serialization_handoff"
2026-09-09T19:13:10.107193Z DEBUG transparent_shard_server::runtime: runtime stage key=("1cd27964911287b2a127c1f8df5e6b0c19f5b4db309391c5adb2db3072bfec6e", Pages, 0) seconds=3.2524374099999998 stage="build_slot"
2026-09-09T19:13:10.107294Z DEBUG transparent_shard_server::memory: cold build admission wait seconds=7.7065e-5 admitted=true
2026-09-09T19:13:10.269222Z DEBUG transparent_shard_server::runtime: construction stage geometry="recent-8k" table="directory" seconds=1.013199345 stage="hint_columns"
2026-09-09T19:13:10.306136Z DEBUG transparent_shard_server::runtime: runtime stage key=("1cd27964911287b2a127c1f8df5e6b0c19f5b4db309391c5adb2db3072bfec6e", Pages, 0) seconds=0.197961404 stage="source_load"
2026-09-09T19:13:10.594396Z DEBUG transparent_shard_server::runtime: construction stage geometry="recent-8k" table="pages" seconds=0.2882065 stage="encode_database"
2026-09-09T19:13:10.594503Z DEBUG transparent_shard_server::runtime: construction stage geometry="recent-8k" table="pages" seconds=7.2116e-5 stage="public_setup"
2026-09-09T19:13:10.874428Z DEBUG transparent_shard_server::runtime: runtime stage key=("16b8227360ce35dd2e111156f5e31fd5eb500ff877879a212fef6cf8471de8a5", Directory, 0) seconds=0.770627969 stage="disk_save"
2026-09-09T19:13:10.874502Z DEBUG transparent_shard_server::runtime: runtime stage key=("27f56c565263ecffb8c7736d4e811665d81bf4ed71c7978431fcc4f45b645ee1", Pages, 0) seconds=1.697e-6 stage="restore_slot"
2026-09-09T19:13:10.874659Z DEBUG transparent_shard_server::runtime: runtime stage key=("27f56c565263ecffb8c7736d4e811665d81bf4ed71c7978431fcc4f45b645ee1", Pages, 0) seconds=6.5126e-5 hit=false stage="disk_restore"
2026-09-09T19:13:11.456801Z DEBUG transparent_shard_server::runtime: construction stage geometry="recent-8k" table="pages" seconds=0.862288828 stage="hint_columns"
2026-09-09T19:13:12.735996Z DEBUG transparent_shard_server::runtime: construction stage geometry="recent-8k" table="directory" seconds=2.466733939 stage="pack_preprocessing"
2026-09-09T19:13:12.736309Z DEBUG transparent_shard_server::runtime: construction stage geometry="recent-8k" table="directory" seconds=0.000264519 stage="publish_parameters"
2026-09-09T19:13:12.737094Z DEBUG transparent_shard_server::runtime: runtime stage key=("1cd27964911287b2a127c1f8df5e6b0c19f5b4db309391c5adb2db3072bfec6e", Directory, 0) seconds=3.771764959 stage="runtime_build"
2026-09-09T19:13:12.737130Z DEBUG transparent_shard_server::runtime: runtime stage key=("1cd27964911287b2a127c1f8df5e6b0c19f5b4db309391c5adb2db3072bfec6e", Directory, 0) reserved_bytes=136314880 stage="serialization_handoff"
2026-09-09T19:13:12.737203Z DEBUG transparent_shard_server::runtime: runtime stage key=("27f56c565263ecffb8c7736d4e811665d81bf4ed71c7978431fcc4f45b645ee1", Directory, 0) seconds=3.195938235 stage="build_slot"
2026-09-09T19:13:12.737313Z DEBUG transparent_shard_server::memory: cold build admission wait seconds=8.0157e-5 admitted=true
2026-09-09T19:13:12.860768Z DEBUG transparent_shard_server::runtime: runtime stage key=("27f56c565263ecffb8c7736d4e811665d81bf4ed71c7978431fcc4f45b645ee1", Directory, 0) seconds=0.123422488 stage="source_load"
2026-09-09T19:13:13.160790Z DEBUG transparent_shard_server::runtime: construction stage geometry="recent-8k" table="directory" seconds=0.299980695 stage="encode_database"
2026-09-09T19:13:13.160895Z DEBUG transparent_shard_server::runtime: construction stage geometry="recent-8k" table="directory" seconds=7.5835e-5 stage="public_setup"
2026-09-09T19:13:13.719302Z DEBUG transparent_shard_server::runtime: runtime stage key=("1cd27964911287b2a127c1f8df5e6b0c19f5b4db309391c5adb2db3072bfec6e", Directory, 0) seconds=0.982163117 stage="disk_save"
2026-09-09T19:13:13.722200Z DEBUG transparent_shard_server::runtime: runtime stage key=("ced665ae1f1140944bcd0c9aa2b83c1019df768df87fa513f9509106fc5b88c1", Directory, 0) seconds=1.573e-6 stage="restore_slot"
2026-09-09T19:13:13.722288Z DEBUG transparent_shard_server::memory: work memory admission denied current=5548519424 limit=7516192768 held=1073741824 requested=268435456
2026-09-09T19:13:13.722294Z DEBUG transparent_shard_server::runtime: runtime admission denied key=("ced665ae1f1140944bcd0c9aa2b83c1019df768df87fa513f9509106fc5b88c1", Directory, 0) stage="restore_admission"
2026-09-09T19:13:13.722299Z DEBUG transparent_shard_server::prewarm: prewarm admission retry; sleeping 100ms
2026-09-09T19:13:13.823495Z DEBUG transparent_shard_server::runtime: runtime stage key=("ced665ae1f1140944bcd0c9aa2b83c1019df768df87fa513f9509106fc5b88c1", Directory, 0) seconds=1.746e-6 stage="restore_slot"
2026-09-09T19:13:13.823605Z DEBUG transparent_shard_server::memory: work memory admission denied current=5548519424 limit=7516192768 held=1073741824 requested=268435456
2026-09-09T19:13:13.823625Z DEBUG transparent_shard_server::runtime: runtime admission denied key=("ced665ae1f1140944bcd0c9aa2b83c1019df768df87fa513f9509106fc5b88c1", Directory, 0) stage="restore_admission"
2026-09-09T19:13:13.823631Z DEBUG transparent_shard_server::prewarm: prewarm admission retry; sleeping 100ms
2026-09-09T19:13:13.924803Z DEBUG transparent_shard_server::runtime: runtime stage key=("ced665ae1f1140944bcd0c9aa2b83c1019df768df87fa513f9509106fc5b88c1", Directory, 0) seconds=1.598e-6 stage="restore_slot"
2026-09-09T19:13:13.924910Z DEBUG transparent_shard_server::memory: work memory admission denied current=5548519424 limit=7516192768 held=1073741824 requested=268435456
2026-09-09T19:13:13.924915Z DEBUG transparent_shard_server::runtime: runtime admission denied key=("ced665ae1f1140944bcd0c9aa2b83c1019df768df87fa513f9509106fc5b88c1", Directory, 0) stage="restore_admission"
2026-09-09T19:13:13.924921Z DEBUG transparent_shard_server::prewarm: prewarm admission retry; sleeping 100ms
2026-09-09T19:13:14.026120Z DEBUG transparent_shard_server::runtime: runtime stage key=("ced665ae1f1140944bcd0c9aa2b83c1019df768df87fa513f9509106fc5b88c1", Directory, 0) seconds=1.447e-6 stage="restore_slot"
2026-09-09T19:13:14.026249Z DEBUG transparent_shard_server::memory: work memory admission denied current=5548519424 limit=7516192768 held=1073741824 requested=268435456
2026-09-09T19:13:14.026256Z DEBUG transparent_shard_server::runtime: runtime admission denied key=("ced665ae1f1140944bcd0c9aa2b83c1019df768df87fa513f9509106fc5b88c1", Directory, 0) stage="restore_admission"
2026-09-09T19:13:14.026261Z DEBUG transparent_shard_server::prewarm: prewarm admission retry; sleeping 100ms
2026-09-09T19:13:14.040436Z DEBUG transparent_shard_server::runtime: construction stage geometry="recent-8k" table="pages" seconds=2.583587327 stage="pack_preprocessing"
2026-09-09T19:13:14.040711Z DEBUG transparent_shard_server::runtime: construction stage geometry="recent-8k" table="pages" seconds=0.000246012 stage="publish_parameters"
2026-09-09T19:13:14.041198Z DEBUG transparent_shard_server::runtime: construction stage geometry="recent-8k" table="directory" seconds=0.880297111 stage="hint_columns"
2026-09-09T19:13:14.047466Z DEBUG transparent_shard_server::runtime: runtime stage key=("1cd27964911287b2a127c1f8df5e6b0c19f5b4db309391c5adb2db3072bfec6e", Pages, 0) seconds=3.741278677 stage="runtime_build"
2026-09-09T19:13:14.047496Z DEBUG transparent_shard_server::runtime: runtime stage key=("1cd27964911287b2a127c1f8df5e6b0c19f5b4db309391c5adb2db3072bfec6e", Pages, 0) reserved_bytes=136314880 stage="serialization_handoff"
2026-09-09T19:13:14.047535Z DEBUG transparent_shard_server::runtime: runtime stage key=("27f56c565263ecffb8c7736d4e811665d81bf4ed71c7978431fcc4f45b645ee1", Pages, 0) seconds=3.172837766 stage="build_slot"
2026-09-09T19:13:14.047625Z DEBUG transparent_shard_server::memory: cold build admission wait seconds=7.347e-5 admitted=true
2026-09-09T19:13:14.126695Z DEBUG transparent_shard_server::runtime: runtime stage key=("ced665ae1f1140944bcd0c9aa2b83c1019df768df87fa513f9509106fc5b88c1", Directory, 0) seconds=1.69e-6 stage="restore_slot"
2026-09-09T19:13:14.126801Z DEBUG transparent_shard_server::memory: work memory admission denied current=5597466624 limit=7516192768 held=1210056704 requested=268435456
2026-09-09T19:13:14.126806Z DEBUG transparent_shard_server::runtime: runtime admission denied key=("ced665ae1f1140944bcd0c9aa2b83c1019df768df87fa513f9509106fc5b88c1", Directory, 0) stage="restore_admission"
2026-09-09T19:13:14.126811Z DEBUG transparent_shard_server::prewarm: prewarm admission retry; sleeping 100ms
2026-09-09T19:13:14.170265Z DEBUG transparent_shard_server::runtime: runtime stage key=("27f56c565263ecffb8c7736d4e811665d81bf4ed71c7978431fcc4f45b645ee1", Pages, 0) seconds=0.122624368 stage="source_load"
2026-09-09T19:13:14.228027Z DEBUG transparent_shard_server::runtime: runtime stage key=("ced665ae1f1140944bcd0c9aa2b83c1019df768df87fa513f9509106fc5b88c1", Directory, 0) seconds=1.857e-6 stage="restore_slot"
2026-09-09T19:13:14.228134Z DEBUG transparent_shard_server::memory: work memory admission denied current=5620273152 limit=7516192768 held=1210056704 requested=268435456
2026-09-09T19:13:14.228139Z DEBUG transparent_shard_server::runtime: runtime admission denied key=("ced665ae1f1140944bcd0c9aa2b83c1019df768df87fa513f9509106fc5b88c1", Directory, 0) stage="restore_admission"
2026-09-09T19:13:14.228144Z DEBUG transparent_shard_server::prewarm: prewarm admission retry; sleeping 100ms
2026-09-09T19:13:14.329266Z DEBUG transparent_shard_server::runtime: runtime stage key=("ced665ae1f1140944bcd0c9aa2b83c1019df768df87fa513f9509106fc5b88c1", Directory, 0) seconds=1.658e-6 stage="restore_slot"
2026-09-09T19:13:14.329365Z DEBUG transparent_shard_server::memory: work memory admission denied current=5642641408 limit=7516192768 held=1210056704 requested=268435456
2026-09-09T19:13:14.329369Z DEBUG transparent_shard_server::runtime: runtime admission denied key=("ced665ae1f1140944bcd0c9aa2b83c1019df768df87fa513f9509106fc5b88c1", Directory, 0) stage="restore_admission"
2026-09-09T19:13:14.329375Z DEBUG transparent_shard_server::prewarm: prewarm admission retry; sleeping 100ms
2026-09-09T19:13:14.430589Z DEBUG transparent_shard_server::runtime: runtime stage key=("ced665ae1f1140944bcd0c9aa2b83c1019df768df87fa513f9509106fc5b88c1", Directory, 0) seconds=1.423e-6 stage="restore_slot"
2026-09-09T19:13:14.430686Z DEBUG transparent_shard_server::memory: work memory admission denied current=5665447936 limit=7516192768 held=1210056704 requested=268435456
2026-09-09T19:13:14.430690Z DEBUG transparent_shard_server::runtime: runtime admission denied key=("ced665ae1f1140944bcd0c9aa2b83c1019df768df87fa513f9509106fc5b88c1", Directory, 0) stage="restore_admission"
2026-09-09T19:13:14.430695Z DEBUG transparent_shard_server::prewarm: prewarm admission retry; sleeping 100ms
2026-09-09T19:13:14.459778Z DEBUG transparent_shard_server::runtime: construction stage geometry="recent-8k" table="pages" seconds=0.289482564 stage="encode_database"
2026-09-09T19:13:14.459872Z DEBUG transparent_shard_server::runtime: construction stage geometry="recent-8k" table="pages" seconds=6.9838e-5 stage="public_setup"
2026-09-09T19:13:14.531918Z DEBUG transparent_shard_server::runtime: runtime stage key=("ced665ae1f1140944bcd0c9aa2b83c1019df768df87fa513f9509106fc5b88c1", Directory, 0) seconds=1.863e-6 stage="restore_slot"
2026-09-09T19:13:14.532013Z DEBUG transparent_shard_server::memory: work memory admission denied current=5680582656 limit=7516192768 held=1210056704 requested=268435456
2026-09-09T19:13:14.532018Z DEBUG transparent_shard_server::runtime: runtime admission denied key=("ced665ae1f1140944bcd0c9aa2b83c1019df768df87fa513f9509106fc5b88c1", Directory, 0) stage="restore_admission"
2026-09-09T19:13:14.532023Z DEBUG transparent_shard_server::prewarm: prewarm admission retry; sleeping 100ms
2026-09-09T19:13:14.633188Z DEBUG transparent_shard_server::runtime: runtime stage key=("ced665ae1f1140944bcd0c9aa2b83c1019df768df87fa513f9509106fc5b88c1", Directory, 0) seconds=1.119e-6 stage="restore_slot"
2026-09-09T19:13:14.633283Z DEBUG transparent_shard_server::memory: work memory admission denied current=5691330560 limit=7516192768 held=1210056704 requested=268435456
2026-09-09T19:13:14.633287Z DEBUG transparent_shard_server::runtime: runtime admission denied key=("ced665ae1f1140944bcd0c9aa2b83c1019df768df87fa513f9509106fc5b88c1", Directory, 0) stage="restore_admission"
2026-09-09T19:13:14.633293Z DEBUG transparent_shard_server::prewarm: prewarm admission retry; sleeping 100ms
2026-09-09T19:13:14.734502Z DEBUG transparent_shard_server::runtime: runtime stage key=("ced665ae1f1140944bcd0c9aa2b83c1019df768df87fa513f9509106fc5b88c1", Directory, 0) seconds=1.551e-6 stage="restore_slot"
2026-09-09T19:13:14.734599Z DEBUG transparent_shard_server::memory: work memory admission denied current=5703389184 limit=7516192768 held=1210056704 requested=268435456
2026-09-09T19:13:14.734603Z DEBUG transparent_shard_server::runtime: runtime admission denied key=("ced665ae1f1140944bcd0c9aa2b83c1019df768df87fa513f9509106fc5b88c1", Directory, 0) stage="restore_admission"
2026-09-09T19:13:14.734617Z DEBUG transparent_shard_server::prewarm: prewarm admission retry; sleeping 100ms
2026-09-09T19:13:14.835776Z DEBUG transparent_shard_server::runtime: runtime stage key=("ced665ae1f1140944bcd0c9aa2b83c1019df768df87fa513f9509106fc5b88c1", Directory, 0) seconds=1.612e-6 stage="restore_slot"
2026-09-09T19:13:14.835882Z DEBUG transparent_shard_server::memory: work memory admission denied current=5714661376 limit=7516192768 held=1210056704 requested=268435456
2026-09-09T19:13:14.835887Z DEBUG transparent_shard_server::runtime: runtime admission denied key=("ced665ae1f1140944bcd0c9aa2b83c1019df768df87fa513f9509106fc5b88c1", Directory, 0) stage="restore_admission"
2026-09-09T19:13:14.835892Z DEBUG transparent_shard_server::prewarm: prewarm admission retry; sleeping 100ms
2026-09-09T19:13:14.937079Z DEBUG transparent_shard_server::runtime: runtime stage key=("ced665ae1f1140944bcd0c9aa2b83c1019df768df87fa513f9509106fc5b88c1", Directory, 0) seconds=1.76e-6 stage="restore_slot"
2026-09-09T19:13:14.937192Z DEBUG transparent_shard_server::memory: work memory admission denied current=5720690688 limit=7516192768 held=1210056704 requested=268435456
2026-09-09T19:13:14.937199Z DEBUG transparent_shard_server::runtime: runtime admission denied key=("ced665ae1f1140944bcd0c9aa2b83c1019df768df87fa513f9509106fc5b88c1", Directory, 0) stage="restore_admission"
2026-09-09T19:13:14.937205Z DEBUG transparent_shard_server::prewarm: prewarm admission retry; sleeping 100ms
2026-09-09T19:13:14.958591Z DEBUG transparent_shard_server::runtime: runtime stage key=("1cd27964911287b2a127c1f8df5e6b0c19f5b4db309391c5adb2db3072bfec6e", Pages, 0) seconds=0.911090309 stage="disk_save"
2026-09-09T19:13:14.958672Z DEBUG transparent_shard_server::runtime: runtime stage key=("ced665ae1f1140944bcd0c9aa2b83c1019df768df87fa513f9509106fc5b88c1", Pages, 0) seconds=1.3e-6 stage="restore_slot"
2026-09-09T19:13:14.958744Z DEBUG transparent_shard_server::memory: work memory admission denied current=5720690688 limit=7516192768 held=1073741824 requested=268435456
2026-09-09T19:13:14.958748Z DEBUG transparent_shard_server::runtime: runtime admission denied key=("ced665ae1f1140944bcd0c9aa2b83c1019df768df87fa513f9509106fc5b88c1", Pages, 0) stage="restore_admission"
2026-09-09T19:13:14.958752Z DEBUG transparent_shard_server::prewarm: prewarm admission retry; sleeping 100ms
2026-09-09T19:13:15.037811Z DEBUG transparent_shard_server::runtime: runtime stage key=("ced665ae1f1140944bcd0c9aa2b83c1019df768df87fa513f9509106fc5b88c1", Directory, 0) seconds=1.791e-6 stage="restore_slot"
2026-09-09T19:13:15.037931Z DEBUG transparent_shard_server::memory: work memory admission denied current=5720690688 limit=7516192768 held=1073741824 requested=268435456
2026-09-09T19:13:15.037936Z DEBUG transparent_shard_server::runtime: runtime admission denied key=("ced665ae1f1140944bcd0c9aa2b83c1019df768df87fa513f9509106fc5b88c1", Directory, 0) stage="restore_admission"
2026-09-09T19:13:15.037942Z DEBUG transparent_shard_server::prewarm: prewarm admission retry; sleeping 100ms
2026-09-09T19:13:15.060102Z DEBUG transparent_shard_server::runtime: runtime stage key=("ced665ae1f1140944bcd0c9aa2b83c1019df768df87fa513f9509106fc5b88c1", Pages, 0) seconds=1.815e-6 stage="restore_slot"
2026-09-09T19:13:15.060209Z DEBUG transparent_shard_server::memory: work memory admission denied current=5720690688 limit=7516192768 held=1073741824 requested=268435456
2026-09-09T19:13:15.060216Z DEBUG transparent_shard_server::runtime: runtime admission denied key=("ced665ae1f1140944bcd0c9aa2b83c1019df768df87fa513f9509106fc5b88c1", Pages, 0) stage="restore_admission"
2026-09-09T19:13:15.060220Z DEBUG transparent_shard_server::prewarm: prewarm admission retry; sleeping 100ms
2026-09-09T19:13:15.139371Z DEBUG transparent_shard_server::runtime: runtime stage key=("ced665ae1f1140944bcd0c9aa2b83c1019df768df87fa513f9509106fc5b88c1", Directory, 0) seconds=1.437e-6 stage="restore_slot"
2026-09-09T19:13:15.139502Z DEBUG transparent_shard_server::memory: work memory admission denied current=5720690688 limit=7516192768 held=1073741824 requested=268435456
2026-09-09T19:13:15.139508Z DEBUG transparent_shard_server::runtime: runtime admission denied key=("ced665ae1f1140944bcd0c9aa2b83c1019df768df87fa513f9509106fc5b88c1", Directory, 0) stage="restore_admission"
2026-09-09T19:13:15.139514Z DEBUG transparent_shard_server::prewarm: prewarm admission retry; sleeping 100ms
2026-09-09T19:13:15.160622Z DEBUG transparent_shard_server::runtime: runtime stage key=("ced665ae1f1140944bcd0c9aa2b83c1019df768df87fa513f9509106fc5b88c1", Pages, 0) seconds=1.285e-6 stage="restore_slot"
2026-09-09T19:13:15.160707Z DEBUG transparent_shard_server::memory: work memory admission denied current=5720690688 limit=7516192768 held=1073741824 requested=268435456
2026-09-09T19:13:15.160711Z DEBUG transparent_shard_server::runtime: runtime admission denied key=("ced665ae1f1140944bcd0c9aa2b83c1019df768df87fa513f9509106fc5b88c1", Pages, 0) stage="restore_admission"
2026-09-09T19:13:15.160716Z DEBUG transparent_shard_server::prewarm: prewarm admission retry; sleeping 100ms
2026-09-09T19:13:15.240892Z DEBUG transparent_shard_server::runtime: runtime stage key=("ced665ae1f1140944bcd0c9aa2b83c1019df768df87fa513f9509106fc5b88c1", Directory, 0) seconds=1.867e-6 stage="restore_slot"
2026-09-09T19:13:15.241008Z DEBUG transparent_shard_server::memory: work memory admission denied current=5736681472 limit=7516192768 held=1073741824 requested=268435456
2026-09-09T19:13:15.241023Z DEBUG transparent_shard_server::runtime: runtime admission denied key=("ced665ae1f1140944bcd0c9aa2b83c1019df768df87fa513f9509106fc5b88c1", Directory, 0) stage="restore_admission"
2026-09-09T19:13:15.241029Z DEBUG transparent_shard_server::prewarm: prewarm admission retry; sleeping 100ms
2026-09-09T19:13:15.262112Z DEBUG transparent_shard_server::runtime: runtime stage key=("ced665ae1f1140944bcd0c9aa2b83c1019df768df87fa513f9509106fc5b88c1", Pages, 0) seconds=1.758e-6 stage="restore_slot"
2026-09-09T19:13:15.262220Z DEBUG transparent_shard_server::memory: work memory admission denied current=5745070080 limit=7516192768 held=1073741824 requested=268435456
2026-09-09T19:13:15.262226Z DEBUG transparent_shard_server::runtime: runtime admission denied key=("ced665ae1f1140944bcd0c9aa2b83c1019df768df87fa513f9509106fc5b88c1", Pages, 0) stage="restore_admission"
2026-09-09T19:13:15.262231Z DEBUG transparent_shard_server::prewarm: prewarm admission retry; sleeping 100ms
2026-09-09T19:13:15.294959Z DEBUG transparent_shard_server::runtime: construction stage geometry="recent-8k" table="pages" seconds=0.835079055 stage="hint_columns"
2026-09-09T19:13:15.344190Z DEBUG transparent_shard_server::runtime: runtime stage key=("ced665ae1f1140944bcd0c9aa2b83c1019df768df87fa513f9509106fc5b88c1", Directory, 0) seconds=1.502e-6 stage="restore_slot"
2026-09-09T19:13:15.344305Z DEBUG transparent_shard_server::memory: work memory admission denied current=5787729920 limit=7516192768 held=1073741824 requested=268435456
2026-09-09T19:13:15.344310Z DEBUG transparent_shard_server::runtime: runtime admission denied key=("ced665ae1f1140944bcd0c9aa2b83c1019df768df87fa513f9509106fc5b88c1", Directory, 0) stage="restore_admission"
2026-09-09T19:13:15.344316Z DEBUG transparent_shard_server::prewarm: prewarm admission retry; sleeping 100ms
2026-09-09T19:13:15.363455Z DEBUG transparent_shard_server::runtime: runtime stage key=("ced665ae1f1140944bcd0c9aa2b83c1019df768df87fa513f9509106fc5b88c1", Pages, 0) seconds=1.625e-6 stage="restore_slot"
2026-09-09T19:13:15.363550Z DEBUG transparent_shard_server::memory: work memory admission denied current=5787729920 limit=7516192768 held=1073741824 requested=268435456
2026-09-09T19:13:15.363555Z DEBUG transparent_shard_server::runtime: runtime admission denied key=("ced665ae1f1140944bcd0c9aa2b83c1019df768df87fa513f9509106fc5b88c1", Pages, 0) stage="restore_admission"
2026-09-09T19:13:15.363559Z DEBUG transparent_shard_server::prewarm: prewarm admission retry; sleeping 100ms
2026-09-09T19:13:15.444746Z DEBUG transparent_shard_server::runtime: runtime stage key=("ced665ae1f1140944bcd0c9aa2b83c1019df768df87fa513f9509106fc5b88c1", Directory, 0) seconds=1.525e-6 stage="restore_slot"
2026-09-09T19:13:15.444858Z DEBUG transparent_shard_server::memory: work memory admission denied current=5834846208 limit=7516192768 held=1073741824 requested=268435456
2026-09-09T19:13:15.444862Z DEBUG transparent_shard_server::runtime: runtime admission denied key=("ced665ae1f1140944bcd0c9aa2b83c1019df768df87fa513f9509106fc5b88c1", Directory, 0) stage="restore_admission"
2026-09-09T19:13:15.444868Z DEBUG transparent_shard_server::prewarm: prewarm admission retry; sleeping 100ms
2026-09-09T19:13:15.464966Z DEBUG transparent_shard_server::runtime: runtime stage key=("ced665ae1f1140944bcd0c9aa2b83c1019df768df87fa513f9509106fc5b88c1", Pages, 0) seconds=1.404e-6 stage="restore_slot"
2026-09-09T19:13:15.465075Z DEBUG transparent_shard_server::memory: work memory admission denied current=5834846208 limit=7516192768 held=1073741824 requested=268435456
2026-09-09T19:13:15.465080Z DEBUG transparent_shard_server::runtime: runtime admission denied key=("ced665ae1f1140944bcd0c9aa2b83c1019df768df87fa513f9509106fc5b88c1", Pages, 0) stage="restore_admission"
2026-09-09T19:13:15.465085Z DEBUG transparent_shard_server::prewarm: prewarm admission retry; sleeping 100ms
2026-09-09T19:13:15.546191Z DEBUG transparent_shard_server::runtime: runtime stage key=("ced665ae1f1140944bcd0c9aa2b83c1019df768df87fa513f9509106fc5b88c1", Directory, 0) seconds=1.422e-6 stage="restore_slot"
2026-09-09T19:13:15.546280Z DEBUG transparent_shard_server::memory: work memory admission denied current=5768155136 limit=7516192768 held=1073741824 requested=268435456
2026-09-09T19:13:15.546285Z DEBUG transparent_shard_server::runtime: runtime admission denied key=("ced665ae1f1140944bcd0c9aa2b83c1019df768df87fa513f9509106fc5b88c1", Directory, 0) stage="restore_admission"
2026-09-09T19:13:15.546290Z DEBUG transparent_shard_server::prewarm: prewarm admission retry; sleeping 100ms
2026-09-09T19:13:15.566437Z DEBUG transparent_shard_server::runtime: runtime stage key=("ced665ae1f1140944bcd0c9aa2b83c1019df768df87fa513f9509106fc5b88c1", Pages, 0) seconds=7.51e-7 stage="restore_slot"
2026-09-09T19:13:15.566530Z DEBUG transparent_shard_server::memory: work memory admission denied current=5769150464 limit=7516192768 held=1073741824 requested=268435456
2026-09-09T19:13:15.566535Z DEBUG transparent_shard_server::runtime: runtime admission denied key=("ced665ae1f1140944bcd0c9aa2b83c1019df768df87fa513f9509106fc5b88c1", Pages, 0) stage="restore_admission"
2026-09-09T19:13:15.566540Z DEBUG transparent_shard_server::prewarm: prewarm admission retry; sleeping 100ms
2026-09-09T19:13:15.646730Z DEBUG transparent_shard_server::runtime: runtime stage key=("ced665ae1f1140944bcd0c9aa2b83c1019df768df87fa513f9509106fc5b88c1", Directory, 0) seconds=1.288e-6 stage="restore_slot"
2026-09-09T19:13:15.646842Z DEBUG transparent_shard_server::memory: work memory admission denied current=5774655488 limit=7516192768 held=1073741824 requested=268435456
2026-09-09T19:13:15.646848Z DEBUG transparent_shard_server::runtime: runtime admission denied key=("ced665ae1f1140944bcd0c9aa2b83c1019df768df87fa513f9509106fc5b88c1", Directory, 0) stage="restore_admission"
2026-09-09T19:13:15.646854Z DEBUG transparent_shard_server::prewarm: prewarm admission retry; sleeping 100ms
2026-09-09T19:13:15.667994Z DEBUG transparent_shard_server::runtime: runtime stage key=("ced665ae1f1140944bcd0c9aa2b83c1019df768df87fa513f9509106fc5b88c1", Pages, 0) seconds=1.608e-6 stage="restore_slot"
2026-09-09T19:13:15.668101Z DEBUG transparent_shard_server::memory: work memory admission denied current=5777014784 limit=7516192768 held=1073741824 requested=268435456
2026-09-09T19:13:15.668106Z DEBUG transparent_shard_server::runtime: runtime admission denied key=("ced665ae1f1140944bcd0c9aa2b83c1019df768df87fa513f9509106fc5b88c1", Pages, 0) stage="restore_admission"
2026-09-09T19:13:15.668110Z DEBUG transparent_shard_server::prewarm: prewarm admission retry; sleeping 100ms
2026-09-09T19:13:15.748270Z DEBUG transparent_shard_server::runtime: runtime stage key=("ced665ae1f1140944bcd0c9aa2b83c1019df768df87fa513f9509106fc5b88c1", Directory, 0) seconds=1.763e-6 stage="restore_slot"
2026-09-09T19:13:15.748392Z DEBUG transparent_shard_server::memory: work memory admission denied current=5764362240 limit=7516192768 held=1073741824 requested=268435456
2026-09-09T19:13:15.748397Z DEBUG transparent_shard_server::runtime: runtime admission denied key=("ced665ae1f1140944bcd0c9aa2b83c1019df768df87fa513f9509106fc5b88c1", Directory, 0) stage="restore_admission"
2026-09-09T19:13:15.748402Z DEBUG transparent_shard_server::prewarm: prewarm admission retry; sleeping 100ms
2026-09-09T19:13:15.769488Z DEBUG transparent_shard_server::runtime: runtime stage key=("ced665ae1f1140944bcd0c9aa2b83c1019df768df87fa513f9509106fc5b88c1", Pages, 0) seconds=1.673e-6 stage="restore_slot"
2026-09-09T19:13:15.769584Z DEBUG transparent_shard_server::memory: work memory admission denied current=5787955200 limit=7516192768 held=1073741824 requested=268435456
2026-09-09T19:13:15.769588Z DEBUG transparent_shard_server::runtime: runtime admission denied key=("ced665ae1f1140944bcd0c9aa2b83c1019df768df87fa513f9509106fc5b88c1", Pages, 0) stage="restore_admission"
2026-09-09T19:13:15.769592Z DEBUG transparent_shard_server::prewarm: prewarm admission retry; sleeping 100ms
2026-09-09T19:13:15.848811Z DEBUG transparent_shard_server::runtime: runtime stage key=("ced665ae1f1140944bcd0c9aa2b83c1019df768df87fa513f9509106fc5b88c1", Directory, 0) seconds=1.73e-6 stage="restore_slot"
2026-09-09T19:13:15.848923Z DEBUG transparent_shard_server::memory: work memory admission denied current=5796081664 limit=7516192768 held=1073741824 requested=268435456
2026-09-09T19:13:15.848928Z DEBUG transparent_shard_server::runtime: runtime admission denied key=("ced665ae1f1140944bcd0c9aa2b83c1019df768df87fa513f9509106fc5b88c1", Directory, 0) stage="restore_admission"
2026-09-09T19:13:15.848933Z DEBUG transparent_shard_server::prewarm: prewarm admission retry; sleeping 100ms
2026-09-09T19:13:15.871018Z DEBUG transparent_shard_server::runtime: runtime stage key=("ced665ae1f1140944bcd0c9aa2b83c1019df768df87fa513f9509106fc5b88c1", Pages, 0) seconds=1.538e-6 stage="restore_slot"
2026-09-09T19:13:15.871114Z DEBUG transparent_shard_server::memory: work memory admission denied current=5798440960 limit=7516192768 held=1073741824 requested=268435456
2026-09-09T19:13:15.871118Z DEBUG transparent_shard_server::runtime: runtime admission denied key=("ced665ae1f1140944bcd0c9aa2b83c1019df768df87fa513f9509106fc5b88c1", Pages, 0) stage="restore_admission"
2026-09-09T19:13:15.871122Z DEBUG transparent_shard_server::prewarm: prewarm admission retry; sleeping 100ms
2026-09-09T19:13:15.950259Z DEBUG transparent_shard_server::runtime: runtime stage key=("ced665ae1f1140944bcd0c9aa2b83c1019df768df87fa513f9509106fc5b88c1", Directory, 0) seconds=1.675e-6 stage="restore_slot"
2026-09-09T19:13:15.950434Z DEBUG transparent_shard_server::memory: work memory admission denied current=5806829568 limit=7516192768 held=1073741824 requested=268435456
2026-09-09T19:13:15.950440Z DEBUG transparent_shard_server::runtime: runtime admission denied key=("ced665ae1f1140944bcd0c9aa2b83c1019df768df87fa513f9509106fc5b88c1", Directory, 0) stage="restore_admission"
2026-09-09T19:13:15.950445Z DEBUG transparent_shard_server::prewarm: prewarm admission retry; sleeping 100ms
2026-09-09T19:13:15.972546Z DEBUG transparent_shard_server::runtime: runtime stage key=("ced665ae1f1140944bcd0c9aa2b83c1019df768df87fa513f9509106fc5b88c1", Pages, 0) seconds=1.307e-6 stage="restore_slot"
2026-09-09T19:13:15.972635Z DEBUG transparent_shard_server::memory: work memory admission denied current=5809188864 limit=7516192768 held=1073741824 requested=268435456
2026-09-09T19:13:15.972640Z DEBUG transparent_shard_server::runtime: runtime admission denied key=("ced665ae1f1140944bcd0c9aa2b83c1019df768df87fa513f9509106fc5b88c1", Pages, 0) stage="restore_admission"
2026-09-09T19:13:15.972645Z DEBUG transparent_shard_server::prewarm: prewarm admission retry; sleeping 100ms
2026-09-09T19:13:16.050811Z DEBUG transparent_shard_server::runtime: runtime stage key=("ced665ae1f1140944bcd0c9aa2b83c1019df768df87fa513f9509106fc5b88c1", Directory, 0) seconds=1.623e-6 stage="restore_slot"
2026-09-09T19:13:16.050944Z DEBUG transparent_shard_server::memory: work memory admission denied current=5817577472 limit=7516192768 held=1073741824 requested=268435456
2026-09-09T19:13:16.050949Z DEBUG transparent_shard_server::runtime: runtime admission denied key=("ced665ae1f1140944bcd0c9aa2b83c1019df768df87fa513f9509106fc5b88c1", Directory, 0) stage="restore_admission"
2026-09-09T19:13:16.050955Z DEBUG transparent_shard_server::prewarm: prewarm admission retry; sleeping 100ms
2026-09-09T19:13:16.074122Z DEBUG transparent_shard_server::runtime: runtime stage key=("ced665ae1f1140944bcd0c9aa2b83c1019df768df87fa513f9509106fc5b88c1", Pages, 0) seconds=1.618e-6 stage="restore_slot"
2026-09-09T19:13:16.074260Z DEBUG transparent_shard_server::memory: work memory admission denied current=5820198912 limit=7516192768 held=1073741824 requested=268435456
2026-09-09T19:13:16.074268Z DEBUG transparent_shard_server::runtime: runtime admission denied key=("ced665ae1f1140944bcd0c9aa2b83c1019df768df87fa513f9509106fc5b88c1", Pages, 0) stage="restore_admission"
2026-09-09T19:13:16.074273Z DEBUG transparent_shard_server::prewarm: prewarm admission retry; sleeping 100ms
2026-09-09T19:13:16.152462Z DEBUG transparent_shard_server::runtime: runtime stage key=("ced665ae1f1140944bcd0c9aa2b83c1019df768df87fa513f9509106fc5b88c1", Directory, 0) seconds=2.054e-6 stage="restore_slot"
2026-09-09T19:13:16.152574Z DEBUG transparent_shard_server::memory: work memory admission denied current=5829898240 limit=7516192768 held=1073741824 requested=268435456
2026-09-09T19:13:16.152579Z DEBUG transparent_shard_server::runtime: runtime admission denied key=("ced665ae1f1140944bcd0c9aa2b83c1019df768df87fa513f9509106fc5b88c1", Directory, 0) stage="restore_admission"
2026-09-09T19:13:16.152585Z DEBUG transparent_shard_server::prewarm: prewarm admission retry; sleeping 100ms
2026-09-09T19:13:16.175185Z DEBUG transparent_shard_server::runtime: runtime stage key=("ced665ae1f1140944bcd0c9aa2b83c1019df768df87fa513f9509106fc5b88c1", Pages, 0) seconds=1.291e-6 stage="restore_slot"
2026-09-09T19:13:16.175287Z DEBUG transparent_shard_server::memory: work memory admission denied current=5835141120 limit=7516192768 held=1073741824 requested=268435456
2026-09-09T19:13:16.175291Z DEBUG transparent_shard_server::runtime: runtime admission denied key=("ced665ae1f1140944bcd0c9aa2b83c1019df768df87fa513f9509106fc5b88c1", Pages, 0) stage="restore_admission"
2026-09-09T19:13:16.175297Z DEBUG transparent_shard_server::prewarm: prewarm admission retry; sleeping 100ms
2026-09-09T19:13:16.254465Z DEBUG transparent_shard_server::runtime: runtime stage key=("ced665ae1f1140944bcd0c9aa2b83c1019df768df87fa513f9509106fc5b88c1", Directory, 0) seconds=1.432e-6 stage="restore_slot"
2026-09-09T19:13:16.254575Z DEBUG transparent_shard_server::memory: work memory admission denied current=5854801920 limit=7516192768 held=1073741824 requested=268435456
2026-09-09T19:13:16.254579Z DEBUG transparent_shard_server::runtime: runtime admission denied key=("ced665ae1f1140944bcd0c9aa2b83c1019df768df87fa513f9509106fc5b88c1", Directory, 0) stage="restore_admission"
2026-09-09T19:13:16.254584Z DEBUG transparent_shard_server::prewarm: prewarm admission retry; sleeping 100ms
2026-09-09T19:13:16.275738Z DEBUG transparent_shard_server::runtime: runtime stage key=("ced665ae1f1140944bcd0c9aa2b83c1019df768df87fa513f9509106fc5b88c1", Pages, 0) seconds=9.6e-7 stage="restore_slot"
2026-09-09T19:13:16.275850Z DEBUG transparent_shard_server::memory: work memory admission denied current=5860044800 limit=7516192768 held=1073741824 requested=268435456
2026-09-09T19:13:16.275867Z DEBUG transparent_shard_server::runtime: runtime admission denied key=("ced665ae1f1140944bcd0c9aa2b83c1019df768df87fa513f9509106fc5b88c1", Pages, 0) stage="restore_admission"
2026-09-09T19:13:16.275882Z DEBUG transparent_shard_server::prewarm: prewarm admission retry; sleeping 100ms
2026-09-09T19:13:16.359197Z DEBUG transparent_shard_server::runtime: runtime stage key=("ced665ae1f1140944bcd0c9aa2b83c1019df768df87fa513f9509106fc5b88c1", Directory, 0) seconds=1.732e-6 stage="restore_slot"
2026-09-09T19:13:16.359318Z DEBUG transparent_shard_server::memory: work memory admission denied current=5879296000 limit=7516192768 held=1073741824 requested=268435456
2026-09-09T19:13:16.359323Z DEBUG transparent_shard_server::runtime: runtime admission denied key=("ced665ae1f1140944bcd0c9aa2b83c1019df768df87fa513f9509106fc5b88c1", Directory, 0) stage="restore_admission"
2026-09-09T19:13:16.359329Z DEBUG transparent_shard_server::prewarm: prewarm admission retry; sleeping 100ms
2026-09-09T19:13:16.377420Z DEBUG transparent_shard_server::runtime: runtime stage key=("ced665ae1f1140944bcd0c9aa2b83c1019df768df87fa513f9509106fc5b88c1", Pages, 0) seconds=2.446e-6 stage="restore_slot"
2026-09-09T19:13:16.377526Z DEBUG transparent_shard_server::memory: work memory admission denied current=5869531136 limit=7516192768 held=1073741824 requested=268435456
2026-09-09T19:13:16.377530Z DEBUG transparent_shard_server::runtime: runtime admission denied key=("ced665ae1f1140944bcd0c9aa2b83c1019df768df87fa513f9509106fc5b88c1", Pages, 0) stage="restore_admission"
2026-09-09T19:13:16.377535Z DEBUG transparent_shard_server::prewarm: prewarm admission retry; sleeping 100ms
2026-09-09T19:13:16.460253Z DEBUG transparent_shard_server::runtime: runtime stage key=("ced665ae1f1140944bcd0c9aa2b83c1019df768df87fa513f9509106fc5b88c1", Directory, 0) seconds=1.944e-6 stage="restore_slot"
2026-09-09T19:13:16.460369Z DEBUG transparent_shard_server::memory: work memory admission denied current=5877919744 limit=7516192768 held=1073741824 requested=268435456
2026-09-09T19:13:16.460375Z DEBUG transparent_shard_server::runtime: runtime admission denied key=("ced665ae1f1140944bcd0c9aa2b83c1019df768df87fa513f9509106fc5b88c1", Directory, 0) stage="restore_admission"
2026-09-09T19:13:16.460380Z DEBUG transparent_shard_server::prewarm: prewarm admission retry; sleeping 100ms
2026-09-09T19:13:16.479463Z DEBUG transparent_shard_server::runtime: runtime stage key=("ced665ae1f1140944bcd0c9aa2b83c1019df768df87fa513f9509106fc5b88c1", Pages, 0) seconds=1.762e-6 stage="restore_slot"
2026-09-09T19:13:16.479556Z DEBUG transparent_shard_server::memory: work memory admission denied current=5880016896 limit=7516192768 held=1073741824 requested=268435456
2026-09-09T19:13:16.479561Z DEBUG transparent_shard_server::runtime: runtime admission denied key=("ced665ae1f1140944bcd0c9aa2b83c1019df768df87fa513f9509106fc5b88c1", Pages, 0) stage="restore_admission"
2026-09-09T19:13:16.479566Z DEBUG transparent_shard_server::prewarm: prewarm admission retry; sleeping 100ms
2026-09-09T19:13:16.560739Z DEBUG transparent_shard_server::runtime: runtime stage key=("ced665ae1f1140944bcd0c9aa2b83c1019df768df87fa513f9509106fc5b88c1", Directory, 0) seconds=1.734e-6 stage="restore_slot"
2026-09-09T19:13:16.560843Z DEBUG transparent_shard_server::memory: work memory admission denied current=5886414848 limit=7516192768 held=1073741824 requested=268435456
2026-09-09T19:13:16.560848Z DEBUG transparent_shard_server::runtime: runtime admission denied key=("ced665ae1f1140944bcd0c9aa2b83c1019df768df87fa513f9509106fc5b88c1", Directory, 0) stage="restore_admission"
2026-09-09T19:13:16.560853Z DEBUG transparent_shard_server::prewarm: prewarm admission retry; sleeping 100ms
2026-09-09T19:13:16.562516Z DEBUG transparent_shard_server::runtime: construction stage geometry="recent-8k" table="directory" seconds=2.5213032159999997 stage="pack_preprocessing"
2026-09-09T19:13:16.562775Z DEBUG transparent_shard_server::runtime: construction stage geometry="recent-8k" table="directory" seconds=0.000232075 stage="publish_parameters"
2026-09-09T19:13:16.566532Z DEBUG transparent_shard_server::runtime: runtime stage key=("27f56c565263ecffb8c7736d4e811665d81bf4ed71c7978431fcc4f45b645ee1", Directory, 0) seconds=3.705725236 stage="runtime_build"
2026-09-09T19:13:16.566567Z DEBUG transparent_shard_server::runtime: runtime stage key=("27f56c565263ecffb8c7736d4e811665d81bf4ed71c7978431fcc4f45b645ee1", Directory, 0) reserved_bytes=136314880 stage="serialization_handoff"
2026-09-09T19:13:16.581003Z DEBUG transparent_shard_server::runtime: runtime stage key=("ced665ae1f1140944bcd0c9aa2b83c1019df768df87fa513f9509106fc5b88c1", Pages, 0) seconds=1.393e-6 stage="restore_slot"
2026-09-09T19:13:16.581099Z DEBUG transparent_shard_server::memory: work memory admission denied current=5854887936 limit=7516192768 held=673185792 requested=268435456
2026-09-09T19:13:16.581103Z DEBUG transparent_shard_server::runtime: runtime admission denied key=("ced665ae1f1140944bcd0c9aa2b83c1019df768df87fa513f9509106fc5b88c1", Pages, 0) stage="restore_admission"
2026-09-09T19:13:16.581108Z DEBUG transparent_shard_server::prewarm: prewarm admission retry; sleeping 100ms
2026-09-09T19:13:16.662255Z DEBUG transparent_shard_server::runtime: runtime stage key=("ced665ae1f1140944bcd0c9aa2b83c1019df768df87fa513f9509106fc5b88c1", Directory, 0) seconds=1.627e-6 stage="restore_slot"
2026-09-09T19:13:16.662451Z DEBUG transparent_shard_server::runtime: runtime stage key=("ced665ae1f1140944bcd0c9aa2b83c1019df768df87fa513f9509106fc5b88c1", Directory, 0) seconds=4.6282e-5 hit=false stage="disk_restore"
2026-09-09T19:13:16.662490Z DEBUG transparent_shard_server::runtime: runtime stage key=("ced665ae1f1140944bcd0c9aa2b83c1019df768df87fa513f9509106fc5b88c1", Directory, 0) seconds=4.96e-7 stage="build_slot"
2026-09-09T19:13:16.662519Z DEBUG transparent_shard_server::memory: work memory admission denied current=5802352640 limit=7516192768 held=673185792 requested=536870912
2026-09-09T19:13:16.681601Z DEBUG transparent_shard_server::runtime: runtime stage key=("ced665ae1f1140944bcd0c9aa2b83c1019df768df87fa513f9509106fc5b88c1", Pages, 0) seconds=1.024e-6 stage="restore_slot"
2026-09-09T19:13:16.681766Z DEBUG transparent_shard_server::runtime: runtime stage key=("ced665ae1f1140944bcd0c9aa2b83c1019df768df87fa513f9509106fc5b88c1", Pages, 0) seconds=3.7713e-5 hit=false stage="disk_restore"
2026-09-09T19:13:16.764028Z DEBUG transparent_shard_server::memory: work memory admission denied current=5835907072 limit=7516192768 held=673185792 requested=536870912
2026-09-09T19:13:16.865283Z DEBUG transparent_shard_server::memory: work memory admission denied current=5869461504 limit=7516192768 held=673185792 requested=536870912
2026-09-09T19:13:16.966581Z DEBUG transparent_shard_server::memory: work memory admission denied current=5903015936 limit=7516192768 held=673185792 requested=536870912
2026-09-09T19:13:17.067818Z DEBUG transparent_shard_server::memory: work memory admission denied current=5905780736 limit=7516192768 held=673185792 requested=536870912
2026-09-09T19:13:17.169116Z DEBUG transparent_shard_server::memory: work memory admission denied current=5905530880 limit=7516192768 held=673185792 requested=536870912
2026-09-09T19:13:17.270310Z DEBUG transparent_shard_server::memory: work memory admission denied current=5905170432 limit=7516192768 held=673185792 requested=536870912
2026-09-09T19:13:17.307203Z DEBUG transparent_shard_server::runtime: runtime stage key=("27f56c565263ecffb8c7736d4e811665d81bf4ed71c7978431fcc4f45b645ee1", Directory, 0) seconds=0.740630852 stage="disk_save"
2026-09-09T19:13:17.307293Z DEBUG transparent_shard_server::runtime: runtime stage key=("2d4497bf9e8bafc6139ee4e57114238a7ecfa0782702939922bf2a79b1fe05bf", Directory, 0) seconds=1.43e-6 stage="restore_slot"
2026-09-09T19:13:17.307410Z DEBUG transparent_shard_server::runtime: runtime stage key=("2d4497bf9e8bafc6139ee4e57114238a7ecfa0782702939922bf2a79b1fe05bf", Directory, 0) seconds=3.6906e-5 hit=false stage="disk_restore"
2026-09-09T19:13:17.370655Z DEBUG transparent_shard_server::memory: work memory admission denied current=5905309696 limit=7516192768 held=536870912 requested=536870912
2026-09-09T19:13:17.471919Z DEBUG transparent_shard_server::memory: work memory admission denied current=5899669504 limit=7516192768 held=536870912 requested=536870912
2026-09-09T19:13:17.573205Z DEBUG transparent_shard_server::memory: work memory admission denied current=5904871424 limit=7516192768 held=536870912 requested=536870912
2026-09-09T19:13:17.587325Z DEBUG transparent_shard_server::runtime: construction stage geometry="recent-8k" table="pages" seconds=2.292301103 stage="pack_preprocessing"
2026-09-09T19:13:17.587607Z DEBUG transparent_shard_server::runtime: construction stage geometry="recent-8k" table="pages" seconds=0.000250645 stage="publish_parameters"
2026-09-09T19:13:17.588359Z DEBUG transparent_shard_server::runtime: runtime stage key=("27f56c565263ecffb8c7736d4e811665d81bf4ed71c7978431fcc4f45b645ee1", Pages, 0) seconds=3.418065974 stage="runtime_build"
2026-09-09T19:13:17.588401Z DEBUG transparent_shard_server::runtime: runtime stage key=("ced665ae1f1140944bcd0c9aa2b83c1019df768df87fa513f9509106fc5b88c1", Pages, 0) seconds=0.906599016 stage="build_slot"
2026-09-09T19:13:17.588413Z DEBUG transparent_shard_server::runtime: runtime stage key=("27f56c565263ecffb8c7736d4e811665d81bf4ed71c7978431fcc4f45b645ee1", Pages, 0) reserved_bytes=136314880 stage="serialization_handoff"
2026-09-09T19:13:17.673658Z DEBUG transparent_shard_server::memory: cold build admission wait seconds=1.01116036 admitted=true
2026-09-09T19:13:17.673724Z DEBUG transparent_shard_server::memory: work memory admission denied current=5890863104 limit=7516192768 held=673185792 requested=536870912
2026-09-09T19:13:17.774970Z DEBUG transparent_shard_server::memory: work memory admission denied current=5905448960 limit=7516192768 held=673185792 requested=536870912
2026-09-09T19:13:17.795654Z DEBUG transparent_shard_server::runtime: runtime stage key=("ced665ae1f1140944bcd0c9aa2b83c1019df768df87fa513f9509106fc5b88c1", Directory, 0) seconds=0.121896135 stage="source_load"
2026-09-09T19:13:17.876242Z DEBUG transparent_shard_server::memory: work memory admission denied current=5904863232 limit=7516192768 held=673185792 requested=536870912
2026-09-09T19:13:17.977523Z DEBUG transparent_shard_server::memory: work memory admission denied current=5905498112 limit=7516192768 held=673185792 requested=536870912
2026-09-09T19:13:18.078920Z DEBUG transparent_shard_server::memory: work memory admission denied current=5905543168 limit=7516192768 held=673185792 requested=536870912
2026-09-09T19:13:18.100952Z DEBUG transparent_shard_server::runtime: construction stage geometry="recent-8k" table="directory" seconds=0.305266254 stage="encode_database"
2026-09-09T19:13:18.101081Z DEBUG transparent_shard_server::runtime: construction stage geometry="recent-8k" table="directory" seconds=0.000104202 stage="public_setup"
2026-09-09T19:13:18.180280Z DEBUG transparent_shard_server::memory: work memory admission denied current=5904809984 limit=7516192768 held=673185792 requested=536870912
2026-09-09T19:13:18.281557Z DEBUG transparent_shard_server::memory: work memory admission denied current=5904822272 limit=7516192768 held=673185792 requested=536870912
2026-09-09T19:13:18.330253Z DEBUG transparent_shard_server::runtime: runtime stage key=("27f56c565263ecffb8c7736d4e811665d81bf4ed71c7978431fcc4f45b645ee1", Pages, 0) seconds=0.741833936 stage="disk_save"
2026-09-09T19:13:18.330324Z DEBUG transparent_shard_server::runtime: runtime stage key=("2d4497bf9e8bafc6139ee4e57114238a7ecfa0782702939922bf2a79b1fe05bf", Pages, 0) seconds=1.812e-6 stage="restore_slot"
2026-09-09T19:13:18.333220Z DEBUG transparent_shard_server::runtime: runtime stage key=("2d4497bf9e8bafc6139ee4e57114238a7ecfa0782702939922bf2a79b1fe05bf", Pages, 0) seconds=3.8439e-5 hit=false stage="disk_restore"
2026-09-09T19:13:18.383463Z DEBUG transparent_shard_server::memory: work memory admission denied current=5904560128 limit=7516192768 held=536870912 requested=536870912
2026-09-09T19:13:18.483734Z DEBUG transparent_shard_server::memory: work memory admission denied current=5904560128 limit=7516192768 held=536870912 requested=536870912
2026-09-09T19:13:18.585042Z DEBUG transparent_shard_server::memory: work memory admission denied current=5904560128 limit=7516192768 held=536870912 requested=536870912
2026-09-09T19:13:18.686355Z DEBUG transparent_shard_server::memory: work memory admission denied current=5904560128 limit=7516192768 held=536870912 requested=536870912
2026-09-09T19:13:18.695076Z DEBUG transparent_shard_server::runtime: construction stage geometry="recent-8k" table="directory" seconds=0.593987846 stage="hint_columns"
2026-09-09T19:13:18.786685Z DEBUG transparent_shard_server::memory: work memory admission denied current=5905154048 limit=7516192768 held=536870912 requested=536870912
2026-09-09T19:13:18.888097Z DEBUG transparent_shard_server::memory: work memory admission denied current=5905154048 limit=7516192768 held=536870912 requested=536870912
2026-09-09T19:13:18.989423Z DEBUG transparent_shard_server::memory: work memory admission denied current=5905154048 limit=7516192768 held=536870912 requested=536870912
2026-09-09T19:13:19.089780Z DEBUG transparent_shard_server::memory: work memory admission denied current=5905154048 limit=7516192768 held=536870912 requested=536870912
2026-09-09T19:13:19.191268Z DEBUG transparent_shard_server::memory: work memory admission denied current=5905346560 limit=7516192768 held=536870912 requested=536870912
2026-09-09T19:13:19.292626Z DEBUG transparent_shard_server::memory: work memory admission denied current=5905346560 limit=7516192768 held=536870912 requested=536870912
2026-09-09T19:13:19.393980Z DEBUG transparent_shard_server::memory: work memory admission denied current=5905346560 limit=7516192768 held=536870912 requested=536870912
2026-09-09T19:13:19.495312Z DEBUG transparent_shard_server::memory: work memory admission denied current=5905444864 limit=7516192768 held=536870912 requested=536870912
2026-09-09T19:13:19.596605Z DEBUG transparent_shard_server::memory: work memory admission denied current=5871484928 limit=7516192768 held=536870912 requested=536870912
2026-09-09T19:13:19.697885Z DEBUG transparent_shard_server::memory: work memory admission denied current=5885304832 limit=7516192768 held=536870912 requested=536870912
2026-09-09T19:13:19.799256Z DEBUG transparent_shard_server::memory: work memory admission denied current=5823574016 limit=7516192768 held=536870912 requested=536870912
2026-09-09T19:13:19.900577Z DEBUG transparent_shard_server::memory: work memory admission denied current=5834584064 limit=7516192768 held=536870912 requested=536870912
2026-09-09T19:13:20.001930Z DEBUG transparent_shard_server::memory: work memory admission denied current=5845856256 limit=7516192768 held=536870912 requested=536870912
2026-09-09T19:13:20.103286Z DEBUG transparent_shard_server::memory: work memory admission denied current=5856866304 limit=7516192768 held=536870912 requested=536870912
2026-09-09T19:13:20.204611Z DEBUG transparent_shard_server::memory: work memory admission denied current=5868138496 limit=7516192768 held=536870912 requested=536870912
2026-09-09T19:13:20.305961Z DEBUG transparent_shard_server::memory: work memory admission denied current=5879148544 limit=7516192768 held=536870912 requested=536870912
2026-09-09T19:13:20.407384Z DEBUG transparent_shard_server::memory: work memory admission denied current=5890158592 limit=7516192768 held=536870912 requested=536870912
2026-09-09T19:13:20.507799Z DEBUG transparent_shard_server::memory: work memory admission denied current=5887520768 limit=7516192768 held=536870912 requested=536870912
2026-09-09T19:13:20.609211Z DEBUG transparent_shard_server::memory: work memory admission denied current=5898530816 limit=7516192768 held=536870912 requested=536870912
2026-09-09T19:13:20.673408Z DEBUG transparent_shard_server::runtime: construction stage geometry="recent-8k" table="directory" seconds=1.978304931 stage="pack_preprocessing"
2026-09-09T19:13:20.673691Z DEBUG transparent_shard_server::runtime: construction stage geometry="recent-8k" table="directory" seconds=0.000244956 stage="publish_parameters"
2026-09-09T19:13:20.674460Z DEBUG transparent_shard_server::runtime: runtime stage key=("ced665ae1f1140944bcd0c9aa2b83c1019df768df87fa513f9509106fc5b88c1", Directory, 0) seconds=2.878775789 stage="runtime_build"
2026-09-09T19:13:20.674500Z DEBUG transparent_shard_server::runtime: runtime stage key=("ced665ae1f1140944bcd0c9aa2b83c1019df768df87fa513f9509106fc5b88c1", Directory, 0) reserved_bytes=136314880 stage="serialization_handoff"
2026-09-09T19:13:20.674527Z DEBUG transparent_shard_server::runtime: runtime stage key=("2d4497bf9e8bafc6139ee4e57114238a7ecfa0782702939922bf2a79b1fe05bf", Directory, 0) seconds=3.367077043 stage="build_slot"
2026-09-09T19:13:20.709736Z DEBUG transparent_shard_server::memory: cold build admission wait seconds=3.121328288 admitted=true
2026-09-09T19:13:20.709796Z DEBUG transparent_shard_server::memory: work memory admission denied current=5880369152 limit=7516192768 held=673185792 requested=536870912
2026-09-09T19:13:20.811186Z DEBUG transparent_shard_server::memory: work memory admission denied current=5903175680 limit=7516192768 held=673185792 requested=536870912
2026-09-09T19:13:20.829786Z DEBUG transparent_shard_server::runtime: runtime stage key=("ced665ae1f1140944bcd0c9aa2b83c1019df768df87fa513f9509106fc5b88c1", Pages, 0) seconds=0.119978184 stage="source_load"
2026-09-09T19:13:20.912454Z DEBUG transparent_shard_server::memory: work memory admission denied current=5905477632 limit=7516192768 held=673185792 requested=536870912
2026-09-09T19:13:21.012707Z DEBUG transparent_shard_server::memory: work memory admission denied current=5905129472 limit=7516192768 held=673185792 requested=536870912
2026-09-09T19:13:21.113943Z DEBUG transparent_shard_server::memory: work memory admission denied current=5905387520 limit=7516192768 held=673185792 requested=536870912
2026-09-09T19:13:21.129419Z DEBUG transparent_shard_server::runtime: construction stage geometry="recent-8k" table="pages" seconds=0.299605606 stage="encode_database"
2026-09-09T19:13:21.129518Z DEBUG transparent_shard_server::runtime: construction stage geometry="recent-8k" table="pages" seconds=7.3633e-5 stage="public_setup"
2026-09-09T19:13:21.215262Z DEBUG transparent_shard_server::memory: work memory admission denied current=5905543168 limit=7516192768 held=673185792 requested=536870912
2026-09-09T19:13:21.318276Z DEBUG transparent_shard_server::memory: work memory admission denied current=5905567744 limit=7516192768 held=673185792 requested=536870912
2026-09-09T19:13:21.379208Z DEBUG transparent_shard_server::runtime: runtime stage key=("ced665ae1f1140944bcd0c9aa2b83c1019df768df87fa513f9509106fc5b88c1", Directory, 0) seconds=0.704701809 stage="disk_save"
2026-09-09T19:13:21.379281Z DEBUG transparent_shard_server::runtime: runtime stage key=("a4bd72b37c0aafb265c77bb09cbc402cf69b65a87a1fabc8a0f12614b35469be", Directory, 0) seconds=1.915e-6 stage="restore_slot"
2026-09-09T19:13:21.379426Z DEBUG transparent_shard_server::runtime: runtime stage key=("a4bd72b37c0aafb265c77bb09cbc402cf69b65a87a1fabc8a0f12614b35469be", Directory, 0) seconds=4.4693e-5 hit=false stage="disk_restore"
2026-09-09T19:13:21.419349Z DEBUG transparent_shard_server::memory: work memory admission denied current=5905567744 limit=7516192768 held=536870912 requested=536870912
2026-09-09T19:13:21.520655Z DEBUG transparent_shard_server::memory: work memory admission denied current=5905567744 limit=7516192768 held=536870912 requested=536870912
2026-09-09T19:13:21.621929Z DEBUG transparent_shard_server::memory: work memory admission denied current=5905567744 limit=7516192768 held=536870912 requested=536870912
2026-09-09T19:13:21.723224Z DEBUG transparent_shard_server::memory: work memory admission denied current=5905567744 limit=7516192768 held=536870912 requested=536870912
2026-09-09T19:13:21.763406Z DEBUG transparent_shard_server::runtime: construction stage geometry="recent-8k" table="pages" seconds=0.633881801 stage="hint_columns"
2026-09-09T19:13:21.824580Z DEBUG transparent_shard_server::memory: work memory admission denied current=5905190912 limit=7516192768 held=536870912 requested=536870912
2026-09-09T19:13:21.925950Z DEBUG transparent_shard_server::memory: work memory admission denied current=5905461248 limit=7516192768 held=536870912 requested=536870912
2026-09-09T19:13:22.027317Z DEBUG transparent_shard_server::memory: work memory admission denied current=5905461248 limit=7516192768 held=536870912 requested=536870912
2026-09-09T19:13:22.128732Z DEBUG transparent_shard_server::memory: work memory admission denied current=5905461248 limit=7516192768 held=536870912 requested=536870912
2026-09-09T19:13:22.230141Z DEBUG transparent_shard_server::memory: work memory admission denied current=5905195008 limit=7516192768 held=536870912 requested=536870912
2026-09-09T19:13:22.331487Z DEBUG transparent_shard_server::memory: work memory admission denied current=5905195008 limit=7516192768 held=536870912 requested=536870912
2026-09-09T19:13:22.432937Z DEBUG transparent_shard_server::memory: work memory admission denied current=5905195008 limit=7516192768 held=536870912 requested=536870912
2026-09-09T19:13:22.534319Z DEBUG transparent_shard_server::memory: work memory admission denied current=5905436672 limit=7516192768 held=536870912 requested=536870912
2026-09-09T19:13:22.635609Z DEBUG transparent_shard_server::memory: work memory admission denied current=5871415296 limit=7516192768 held=536870912 requested=536870912
2026-09-09T19:13:22.739288Z DEBUG transparent_shard_server::memory: work memory admission denied current=5884973056 limit=7516192768 held=536870912 requested=536870912
2026-09-09T19:13:22.840731Z DEBUG transparent_shard_server::memory: work memory admission denied current=5820923904 limit=7516192768 held=536870912 requested=536870912
2026-09-09T19:13:22.942185Z DEBUG transparent_shard_server::memory: work memory admission denied current=5831933952 limit=7516192768 held=536870912 requested=536870912
2026-09-09T19:13:23.043526Z DEBUG transparent_shard_server::memory: work memory admission denied current=5842944000 limit=7516192768 held=536870912 requested=536870912
2026-09-09T19:13:23.144947Z DEBUG transparent_shard_server::memory: work memory admission denied current=5853954048 limit=7516192768 held=536870912 requested=536870912
2026-09-09T19:13:23.246388Z DEBUG transparent_shard_server::memory: work memory admission denied current=5864964096 limit=7516192768 held=536870912 requested=536870912
2026-09-09T19:13:23.346758Z DEBUG transparent_shard_server::memory: work memory admission denied current=5875974144 limit=7516192768 held=536870912 requested=536870912
2026-09-09T19:13:23.448281Z DEBUG transparent_shard_server::memory: work memory admission denied current=5886984192 limit=7516192768 held=536870912 requested=536870912
2026-09-09T19:13:23.549661Z DEBUG transparent_shard_server::memory: work memory admission denied current=5897994240 limit=7516192768 held=536870912 requested=536870912
2026-09-09T19:13:23.651094Z DEBUG transparent_shard_server::memory: work memory admission denied current=5895127040 limit=7516192768 held=536870912 requested=536870912
2026-09-09T19:13:23.745885Z DEBUG transparent_shard_server::runtime: construction stage geometry="recent-8k" table="pages" seconds=1.982439734 stage="pack_preprocessing"
2026-09-09T19:13:23.746176Z DEBUG transparent_shard_server::runtime: construction stage geometry="recent-8k" table="pages" seconds=0.000253737 stage="publish_parameters"
2026-09-09T19:13:23.746980Z DEBUG transparent_shard_server::runtime: runtime stage key=("ced665ae1f1140944bcd0c9aa2b83c1019df768df87fa513f9509106fc5b88c1", Pages, 0) seconds=2.917167663 stage="runtime_build"
2026-09-09T19:13:23.747004Z DEBUG transparent_shard_server::runtime: runtime stage key=("ced665ae1f1140944bcd0c9aa2b83c1019df768df87fa513f9509106fc5b88c1", Pages, 0) reserved_bytes=136314880 stage="serialization_handoff"
2026-09-09T19:13:23.747118Z DEBUG transparent_shard_server::runtime: runtime stage key=("2d4497bf9e8bafc6139ee4e57114238a7ecfa0782702939922bf2a79b1fe05bf", Pages, 0) seconds=5.413854923 stage="build_slot"
2026-09-09T19:13:23.752368Z DEBUG transparent_shard_server::memory: cold build admission wait seconds=3.077819683 admitted=true
2026-09-09T19:13:23.752419Z DEBUG transparent_shard_server::memory: work memory admission denied current=5873557504 limit=7516192768 held=673185792 requested=536870912
2026-09-09T19:13:23.852779Z DEBUG transparent_shard_server::memory: work memory admission denied current=5896364032 limit=7516192768 held=673185792 requested=536870912
2026-09-09T19:13:23.873914Z DEBUG transparent_shard_server::runtime: runtime stage key=("2d4497bf9e8bafc6139ee4e57114238a7ecfa0782702939922bf2a79b1fe05bf", Directory, 0) seconds=0.121402876 stage="source_load"
2026-09-09T19:13:23.954135Z DEBUG transparent_shard_server::memory: work memory admission denied current=5905309696 limit=7516192768 held=673185792 requested=536870912
2026-09-09T19:13:24.055477Z DEBUG transparent_shard_server::memory: work memory admission denied current=5905326080 limit=7516192768 held=673185792 requested=536870912
2026-09-09T19:13:24.156867Z DEBUG transparent_shard_server::memory: work memory admission denied current=5904793600 limit=7516192768 held=673185792 requested=536870912
2026-09-09T19:13:24.176493Z DEBUG transparent_shard_server::runtime: construction stage geometry="recent-8k" table="directory" seconds=0.302541671 stage="encode_database"
2026-09-09T19:13:24.176608Z DEBUG transparent_shard_server::runtime: construction stage geometry="recent-8k" table="directory" seconds=8.5174e-5 stage="public_setup"
2026-09-09T19:13:24.259280Z DEBUG transparent_shard_server::memory: work memory admission denied current=5905100800 limit=7516192768 held=673185792 requested=536870912
2026-09-09T19:13:24.360557Z DEBUG transparent_shard_server::memory: work memory admission denied current=5905141760 limit=7516192768 held=673185792 requested=536870912
2026-09-09T19:13:24.455887Z DEBUG transparent_shard_server::runtime: runtime stage key=("ced665ae1f1140944bcd0c9aa2b83c1019df768df87fa513f9509106fc5b88c1", Pages, 0) seconds=0.708877736 stage="disk_save"
2026-09-09T19:13:24.455967Z DEBUG transparent_shard_server::runtime: runtime stage key=("a4bd72b37c0aafb265c77bb09cbc402cf69b65a87a1fabc8a0f12614b35469be", Pages, 0) seconds=1.896e-6 stage="restore_slot"
2026-09-09T19:13:24.456088Z DEBUG transparent_shard_server::runtime: runtime stage key=("a4bd72b37c0aafb265c77bb09cbc402cf69b65a87a1fabc8a0f12614b35469be", Pages, 0) seconds=2.7162e-5 hit=false stage="disk_restore"
2026-09-09T19:13:24.462273Z DEBUG transparent_shard_server::memory: work memory admission denied current=5904891904 limit=7516192768 held=536870912 requested=536870912
2026-09-09T19:13:24.563576Z DEBUG transparent_shard_server::memory: work memory admission denied current=5904891904 limit=7516192768 held=536870912 requested=536870912
2026-09-09T19:13:24.664942Z DEBUG transparent_shard_server::memory: work memory admission denied current=5904891904 limit=7516192768 held=536870912 requested=536870912
2026-09-09T19:13:24.761944Z DEBUG transparent_shard_server::runtime: construction stage geometry="recent-8k" table="directory" seconds=0.585329909 stage="hint_columns"
2026-09-09T19:13:24.766220Z DEBUG transparent_shard_server::memory: work memory admission denied current=5905113088 limit=7516192768 held=536870912 requested=536870912
2026-09-09T19:13:24.867523Z DEBUG transparent_shard_server::memory: work memory admission denied current=5905371136 limit=7516192768 held=536870912 requested=536870912
2026-09-09T19:13:24.968870Z DEBUG transparent_shard_server::memory: work memory admission denied current=5905371136 limit=7516192768 held=536870912 requested=536870912
2026-09-09T19:13:25.070519Z DEBUG transparent_shard_server::memory: work memory admission denied current=5905371136 limit=7516192768 held=536870912 requested=536870912
2026-09-09T19:13:25.171897Z DEBUG transparent_shard_server::memory: work memory admission denied current=5892194304 limit=7516192768 held=536870912 requested=536870912
2026-09-09T19:13:25.273301Z DEBUG transparent_shard_server::memory: work memory admission denied current=5905301504 limit=7516192768 held=536870912 requested=536870912
2026-09-09T19:13:25.374703Z DEBUG transparent_shard_server::memory: work memory admission denied current=5905301504 limit=7516192768 held=536870912 requested=536870912
2026-09-09T19:13:25.476121Z DEBUG transparent_shard_server::memory: work memory admission denied current=5905301504 limit=7516192768 held=536870912 requested=536870912
2026-09-09T19:13:25.577357Z DEBUG transparent_shard_server::memory: work memory admission denied current=5905408000 limit=7516192768 held=536870912 requested=536870912
2026-09-09T19:13:25.677734Z DEBUG transparent_shard_server::memory: work memory admission denied current=5871443968 limit=7516192768 held=536870912 requested=536870912
2026-09-09T19:13:25.779135Z DEBUG transparent_shard_server::memory: work memory admission denied current=5885267968 limit=7516192768 held=536870912 requested=536870912
2026-09-09T19:13:25.880319Z DEBUG transparent_shard_server::memory: work memory admission denied current=5824659456 limit=7516192768 held=536870912 requested=536870912
2026-09-09T19:13:25.981620Z DEBUG transparent_shard_server::memory: work memory admission denied current=5835669504 limit=7516192768 held=536870912 requested=536870912
2026-09-09T19:13:26.082924Z DEBUG transparent_shard_server::memory: work memory admission denied current=5846679552 limit=7516192768 held=536870912 requested=536870912
2026-09-09T19:13:26.184283Z DEBUG transparent_shard_server::memory: work memory admission denied current=5857427456 limit=7516192768 held=536870912 requested=536870912
2026-09-09T19:13:26.285356Z DEBUG transparent_shard_server::memory: work memory admission denied current=5868175360 limit=7516192768 held=536870912 requested=536870912
2026-09-09T19:13:26.385680Z DEBUG transparent_shard_server::memory: work memory admission denied current=5878890496 limit=7516192768 held=536870912 requested=536870912
2026-09-09T19:13:26.486980Z DEBUG transparent_shard_server::memory: work memory admission denied current=5889638400 limit=7516192768 held=536870912 requested=536870912
2026-09-09T19:13:26.588280Z DEBUG transparent_shard_server::memory: work memory admission denied current=5900648448 limit=7516192768 held=536870912 requested=536870912
2026-09-09T19:13:26.690362Z DEBUG transparent_shard_server::memory: work memory admission denied current=5898027008 limit=7516192768 held=536870912 requested=536870912
2026-09-09T19:13:26.767449Z DEBUG transparent_shard_server::runtime: construction stage geometry="recent-8k" table="directory" seconds=2.005461656 stage="pack_preprocessing"
2026-09-09T19:13:26.767714Z DEBUG transparent_shard_server::runtime: construction stage geometry="recent-8k" table="directory" seconds=0.000231676 stage="publish_parameters"
2026-09-09T19:13:26.768474Z DEBUG transparent_shard_server::runtime: runtime stage key=("2d4497bf9e8bafc6139ee4e57114238a7ecfa0782702939922bf2a79b1fe05bf", Directory, 0) seconds=2.894524503 stage="runtime_build"
2026-09-09T19:13:26.768500Z DEBUG transparent_shard_server::runtime: runtime stage key=("2d4497bf9e8bafc6139ee4e57114238a7ecfa0782702939922bf2a79b1fe05bf", Directory, 0) reserved_bytes=136314880 stage="serialization_handoff"
2026-09-09T19:13:26.768531Z DEBUG transparent_shard_server::runtime: runtime stage key=("a4bd72b37c0aafb265c77bb09cbc402cf69b65a87a1fabc8a0f12614b35469be", Directory, 0) seconds=5.386342719 stage="build_slot"
2026-09-09T19:13:26.790754Z DEBUG transparent_shard_server::memory: cold build admission wait seconds=3.043612552 admitted=true
2026-09-09T19:13:26.790908Z DEBUG transparent_shard_server::memory: work memory admission denied current=5876985856 limit=7516192768 held=673185792 requested=536870912
2026-09-09T19:13:26.892329Z DEBUG transparent_shard_server::memory: work memory admission denied current=5899530240 limit=7516192768 held=673185792 requested=536870912
2026-09-09T19:13:26.913310Z DEBUG transparent_shard_server::runtime: runtime stage key=("2d4497bf9e8bafc6139ee4e57114238a7ecfa0782702939922bf2a79b1fe05bf", Pages, 0) seconds=0.122505459 stage="source_load"
2026-09-09T19:13:26.993665Z DEBUG transparent_shard_server::memory: work memory admission denied current=5905170432 limit=7516192768 held=673185792 requested=536870912
2026-09-09T19:13:27.095042Z DEBUG transparent_shard_server::memory: work memory admission denied current=5905346560 limit=7516192768 held=673185792 requested=536870912
2026-09-09T19:13:27.196442Z DEBUG transparent_shard_server::memory: work memory admission denied current=5905166336 limit=7516192768 held=673185792 requested=536870912
2026-09-09T19:13:27.217774Z DEBUG transparent_shard_server::runtime: construction stage geometry="recent-8k" table="pages" seconds=0.304416897 stage="encode_database"
2026-09-09T19:13:27.217885Z DEBUG transparent_shard_server::runtime: construction stage geometry="recent-8k" table="pages" seconds=7.6512e-5 stage="public_setup"
2026-09-09T19:13:27.297356Z DEBUG transparent_shard_server::memory: work memory admission denied current=5905465344 limit=7516192768 held=673185792 requested=536870912
2026-09-09T19:13:27.397674Z DEBUG transparent_shard_server::memory: work memory admission denied current=5905252352 limit=7516192768 held=673185792 requested=536870912
2026-09-09T19:13:27.469343Z DEBUG transparent_shard_server::runtime: runtime stage key=("2d4497bf9e8bafc6139ee4e57114238a7ecfa0782702939922bf2a79b1fe05bf", Directory, 0) seconds=0.700836986 stage="disk_save"
2026-09-09T19:13:27.469437Z DEBUG transparent_shard_server::runtime: runtime stage key=("c907a0aa45b2551520863990845279fd25135889865e088c2dad6ea0d32b8fde", Directory, 0) seconds=1.623e-6 stage="restore_slot"
2026-09-09T19:13:27.469600Z DEBUG transparent_shard_server::runtime: runtime stage key=("c907a0aa45b2551520863990845279fd25135889865e088c2dad6ea0d32b8fde", Directory, 0) seconds=5.7066e-5 hit=false stage="disk_restore"
2026-09-09T19:13:27.498842Z DEBUG transparent_shard_server::memory: work memory admission denied current=5905506304 limit=7516192768 held=536870912 requested=536870912
2026-09-09T19:13:27.600212Z DEBUG transparent_shard_server::memory: work memory admission denied current=5905506304 limit=7516192768 held=536870912 requested=536870912
2026-09-09T19:13:27.701505Z DEBUG transparent_shard_server::memory: work memory admission denied current=5905506304 limit=7516192768 held=536870912 requested=536870912
2026-09-09T19:13:27.802828Z DEBUG transparent_shard_server::memory: work memory admission denied current=5905506304 limit=7516192768 held=536870912 requested=536870912
2026-09-09T19:13:27.868884Z DEBUG transparent_shard_server::runtime: construction stage geometry="recent-8k" table="pages" seconds=0.650992923 stage="hint_columns"
2026-09-09T19:13:27.904229Z DEBUG transparent_shard_server::memory: work memory admission denied current=5905481728 limit=7516192768 held=536870912 requested=536870912
2026-09-09T19:13:28.005599Z DEBUG transparent_shard_server::memory: work memory admission denied current=5905178624 limit=7516192768 held=536870912 requested=536870912
2026-09-09T19:13:28.106992Z DEBUG transparent_shard_server::memory: work memory admission denied current=5905178624 limit=7516192768 held=536870912 requested=536870912
2026-09-09T19:13:28.208346Z DEBUG transparent_shard_server::memory: work memory admission denied current=5905178624 limit=7516192768 held=536870912 requested=536870912
2026-09-09T19:13:28.308719Z DEBUG transparent_shard_server::memory: work memory admission denied current=5900386304 limit=7516192768 held=536870912 requested=536870912
2026-09-09T19:13:28.410120Z DEBUG transparent_shard_server::memory: work memory admission denied current=5905367040 limit=7516192768 held=536870912 requested=536870912
2026-09-09T19:13:28.511490Z DEBUG transparent_shard_server::memory: work memory admission denied current=5905367040 limit=7516192768 held=536870912 requested=536870912
2026-09-09T19:13:28.612905Z DEBUG transparent_shard_server::memory: work memory admission denied current=5905367040 limit=7516192768 held=536870912 requested=536870912
2026-09-09T19:13:28.713962Z DEBUG transparent_shard_server::memory: work memory admission denied current=5905412096 limit=7516192768 held=536870912 requested=536870912
2026-09-09T19:13:28.815265Z DEBUG transparent_shard_server::memory: work memory admission denied current=5871181824 limit=7516192768 held=536870912 requested=536870912
2026-09-09T19:13:28.916533Z DEBUG transparent_shard_server::memory: work memory admission denied current=5885005824 limit=7516192768 held=536870912 requested=536870912
2026-09-09T19:13:29.017872Z DEBUG transparent_shard_server::memory: work memory admission denied current=5827215360 limit=7516192768 held=536870912 requested=536870912
2026-09-09T19:13:29.119305Z DEBUG transparent_shard_server::memory: work memory admission denied current=5838225408 limit=7516192768 held=536870912 requested=536870912
2026-09-09T19:13:29.220644Z DEBUG transparent_shard_server::memory: work memory admission denied current=5849759744 limit=7516192768 held=536870912 requested=536870912
2026-09-09T19:13:29.322071Z DEBUG transparent_shard_server::memory: work memory admission denied current=5860769792 limit=7516192768 held=536870912 requested=536870912
2026-09-09T19:13:29.423403Z DEBUG transparent_shard_server::memory: work memory admission denied current=5871779840 limit=7516192768 held=536870912 requested=536870912
2026-09-09T19:13:29.523809Z DEBUG transparent_shard_server::memory: work memory admission denied current=5882789888 limit=7516192768 held=536870912 requested=536870912
2026-09-09T19:13:29.625268Z DEBUG transparent_shard_server::memory: work memory admission denied current=5894324224 limit=7516192768 held=536870912 requested=536870912
2026-09-09T19:13:29.726669Z DEBUG transparent_shard_server::memory: work memory admission denied current=5891547136 limit=7516192768 held=536870912 requested=536870912
2026-09-09T19:13:29.828021Z DEBUG transparent_shard_server::memory: work memory admission denied current=5902819328 limit=7516192768 held=536870912 requested=536870912
2026-09-09T19:13:29.853214Z DEBUG transparent_shard_server::runtime: construction stage geometry="recent-8k" table="pages" seconds=1.984257558 stage="pack_preprocessing"
2026-09-09T19:13:29.853493Z DEBUG transparent_shard_server::runtime: construction stage geometry="recent-8k" table="pages" seconds=0.000244523 stage="publish_parameters"
2026-09-09T19:13:29.854243Z DEBUG transparent_shard_server::runtime: runtime stage key=("2d4497bf9e8bafc6139ee4e57114238a7ecfa0782702939922bf2a79b1fe05bf", Pages, 0) seconds=2.940888883 stage="runtime_build"
2026-09-09T19:13:29.854282Z DEBUG transparent_shard_server::runtime: runtime stage key=("2d4497bf9e8bafc6139ee4e57114238a7ecfa0782702939922bf2a79b1fe05bf", Pages, 0) reserved_bytes=136314880 stage="serialization_handoff"
2026-09-09T19:13:29.854413Z DEBUG transparent_shard_server::runtime: runtime stage key=("a4bd72b37c0aafb265c77bb09cbc402cf69b65a87a1fabc8a0f12614b35469be", Pages, 0) seconds=5.39830277 stage="build_slot"
2026-09-09T19:13:29.928739Z DEBUG transparent_shard_server::memory: cold build admission wait seconds=3.160186649 admitted=true
2026-09-09T19:13:29.928808Z DEBUG transparent_shard_server::memory: work memory admission denied current=5888851968 limit=7516192768 held=673185792 requested=536870912
2026-09-09T19:13:30.030118Z DEBUG transparent_shard_server::memory: work memory admission denied current=5905338368 limit=7516192768 held=673185792 requested=536870912
2026-09-09T19:13:30.048420Z DEBUG transparent_shard_server::runtime: runtime stage key=("a4bd72b37c0aafb265c77bb09cbc402cf69b65a87a1fabc8a0f12614b35469be", Directory, 0) seconds=0.11962644 stage="source_load"
2026-09-09T19:13:30.131409Z DEBUG transparent_shard_server::memory: work memory admission denied current=5904994304 limit=7516192768 held=673185792 requested=536870912
2026-09-09T19:13:30.231832Z DEBUG transparent_shard_server::memory: work memory admission denied current=5905543168 limit=7516192768 held=673185792 requested=536870912
2026-09-09T19:13:30.333241Z DEBUG transparent_shard_server::memory: work memory admission denied current=5905543168 limit=7516192768 held=673185792 requested=536870912
2026-09-09T19:13:30.346761Z DEBUG transparent_shard_server::runtime: construction stage geometry="recent-8k" table="directory" seconds=0.298315755 stage="encode_database"
2026-09-09T19:13:30.346868Z DEBUG transparent_shard_server::runtime: construction stage geometry="recent-8k" table="directory" seconds=8.7647e-5 stage="public_setup"
2026-09-09T19:13:30.434322Z DEBUG transparent_shard_server::memory: work memory admission denied current=5905182720 limit=7516192768 held=673185792 requested=536870912
2026-09-09T19:13:30.535626Z DEBUG transparent_shard_server::memory: work memory admission denied current=5905465344 limit=7516192768 held=673185792 requested=536870912
2026-09-09T19:13:30.556940Z DEBUG transparent_shard_server::runtime: runtime stage key=("2d4497bf9e8bafc6139ee4e57114238a7ecfa0782702939922bf2a79b1fe05bf", Pages, 0) seconds=0.702652515 stage="disk_save"
2026-09-09T19:13:30.557042Z DEBUG transparent_shard_server::runtime: runtime stage key=("c907a0aa45b2551520863990845279fd25135889865e088c2dad6ea0d32b8fde", Pages, 0) seconds=2.086e-5 stage="restore_slot"
2026-09-09T19:13:30.557154Z DEBUG transparent_shard_server::runtime: runtime stage key=("c907a0aa45b2551520863990845279fd25135889865e088c2dad6ea0d32b8fde", Pages, 0) seconds=2.8945e-5 hit=false stage="disk_restore"
2026-09-09T19:13:30.637410Z DEBUG transparent_shard_server::memory: work memory admission denied current=5904941056 limit=7516192768 held=536870912 requested=536870912
2026-09-09T19:13:30.737713Z DEBUG transparent_shard_server::memory: work memory admission denied current=5904941056 limit=7516192768 held=536870912 requested=536870912
2026-09-09T19:13:30.838997Z DEBUG transparent_shard_server::memory: work memory admission denied current=5904941056 limit=7516192768 held=536870912 requested=536870912
2026-09-09T19:13:30.922197Z DEBUG transparent_shard_server::runtime: construction stage geometry="recent-8k" table="directory" seconds=0.57531632 stage="hint_columns"
2026-09-09T19:13:30.940377Z DEBUG transparent_shard_server::memory: work memory admission denied current=5905432576 limit=7516192768 held=536870912 requested=536870912
2026-09-09T19:13:31.041649Z DEBUG transparent_shard_server::memory: work memory admission denied current=5905391616 limit=7516192768 held=536870912 requested=536870912
2026-09-09T19:13:31.143095Z DEBUG transparent_shard_server::memory: work memory admission denied current=5905391616 limit=7516192768 held=536870912 requested=536870912
2026-09-09T19:13:31.244546Z DEBUG transparent_shard_server::memory: work memory admission denied current=5905391616 limit=7516192768 held=536870912 requested=536870912
2026-09-09T19:13:31.345960Z DEBUG transparent_shard_server::memory: work memory admission denied current=5905063936 limit=7516192768 held=536870912 requested=536870912
2026-09-09T19:13:31.447380Z DEBUG transparent_shard_server::memory: work memory admission denied current=5905063936 limit=7516192768 held=536870912 requested=536870912
2026-09-09T19:13:31.547797Z DEBUG transparent_shard_server::memory: work memory admission denied current=5905063936 limit=7516192768 held=536870912 requested=536870912
2026-09-09T19:13:31.649231Z DEBUG transparent_shard_server::memory: work memory admission denied current=5905063936 limit=7516192768 held=536870912 requested=536870912
2026-09-09T19:13:31.750397Z DEBUG transparent_shard_server::memory: work memory admission denied current=5905412096 limit=7516192768 held=536870912 requested=536870912
2026-09-09T19:13:31.850677Z DEBUG transparent_shard_server::memory: work memory admission denied current=5871591424 limit=7516192768 held=536870912 requested=536870912
2026-09-09T19:13:31.952018Z DEBUG transparent_shard_server::memory: work memory admission denied current=5885411328 limit=7516192768 held=536870912 requested=536870912
2026-09-09T19:13:32.053340Z DEBUG transparent_shard_server::memory: work memory admission denied current=5825028096 limit=7516192768 held=536870912 requested=536870912
2026-09-09T19:13:32.154682Z DEBUG transparent_shard_server::memory: work memory admission denied current=5836300288 limit=7516192768 held=536870912 requested=536870912
2026-09-09T19:13:32.256029Z DEBUG transparent_shard_server::memory: work memory admission denied current=5847310336 limit=7516192768 held=536870912 requested=536870912
2026-09-09T19:13:32.357375Z DEBUG transparent_shard_server::memory: work memory admission denied current=5858320384 limit=7516192768 held=536870912 requested=536870912
2026-09-09T19:13:32.457766Z DEBUG transparent_shard_server::memory: work memory admission denied current=5869592576 limit=7516192768 held=536870912 requested=536870912
2026-09-09T19:13:32.559234Z DEBUG transparent_shard_server::memory: work memory admission denied current=5880602624 limit=7516192768 held=536870912 requested=536870912
2026-09-09T19:13:32.660653Z DEBUG transparent_shard_server::memory: work memory admission denied current=5891612672 limit=7516192768 held=536870912 requested=536870912
2026-09-09T19:13:32.761973Z DEBUG transparent_shard_server::memory: work memory admission denied current=5888942080 limit=7516192768 held=536870912 requested=536870912
2026-09-09T19:13:32.863379Z DEBUG transparent_shard_server::memory: work memory admission denied current=5899952128 limit=7516192768 held=536870912 requested=536870912
2026-09-09T19:13:32.925534Z DEBUG transparent_shard_server::runtime: construction stage geometry="recent-8k" table="directory" seconds=2.003297381 stage="pack_preprocessing"
2026-09-09T19:13:32.925831Z DEBUG transparent_shard_server::runtime: construction stage geometry="recent-8k" table="directory" seconds=0.000262035 stage="publish_parameters"
2026-09-09T19:13:32.926633Z DEBUG transparent_shard_server::runtime: runtime stage key=("a4bd72b37c0aafb265c77bb09cbc402cf69b65a87a1fabc8a0f12614b35469be", Directory, 0) seconds=2.8781896639999998 stage="runtime_build"
2026-09-09T19:13:32.926661Z DEBUG transparent_shard_server::runtime: runtime stage key=("a4bd72b37c0aafb265c77bb09cbc402cf69b65a87a1fabc8a0f12614b35469be", Directory, 0) reserved_bytes=136314880 stage="serialization_handoff"
2026-09-09T19:13:32.926783Z DEBUG transparent_shard_server::runtime: runtime stage key=("c907a0aa45b2551520863990845279fd25135889865e088c2dad6ea0d32b8fde", Directory, 0) seconds=5.457157745 stage="build_slot"
2026-09-09T19:13:32.964053Z DEBUG transparent_shard_server::memory: cold build admission wait seconds=3.109616549 admitted=true
2026-09-09T19:13:32.964112Z DEBUG transparent_shard_server::memory: work memory admission denied current=5879959552 limit=7516192768 held=673185792 requested=536870912
2026-09-09T19:13:33.065431Z DEBUG transparent_shard_server::memory: work memory admission denied current=5901717504 limit=7516192768 held=673185792 requested=536870912
2026-09-09T19:13:33.086927Z DEBUG transparent_shard_server::runtime: runtime stage key=("a4bd72b37c0aafb265c77bb09cbc402cf69b65a87a1fabc8a0f12614b35469be", Pages, 0) seconds=0.122729802 stage="source_load"
2026-09-09T19:13:33.165742Z DEBUG transparent_shard_server::memory: work memory admission denied current=5905342464 limit=7516192768 held=673185792 requested=536870912
2026-09-09T19:13:33.267013Z DEBUG transparent_shard_server::memory: work memory admission denied current=5905260544 limit=7516192768 held=673185792 requested=536870912
2026-09-09T19:13:33.368344Z DEBUG transparent_shard_server::memory: work memory admission denied current=5904814080 limit=7516192768 held=673185792 requested=536870912
2026-09-09T19:13:33.389889Z DEBUG transparent_shard_server::runtime: construction stage geometry="recent-8k" table="pages" seconds=0.302930531 stage="encode_database"
2026-09-09T19:13:33.389991Z DEBUG transparent_shard_server::runtime: construction stage geometry="recent-8k" table="pages" seconds=7.4295e-5 stage="public_setup"
2026-09-09T19:13:33.469270Z DEBUG transparent_shard_server::memory: work memory admission denied current=5905367040 limit=7516192768 held=673185792 requested=536870912
2026-09-09T19:13:33.570515Z DEBUG transparent_shard_server::memory: work memory admission denied current=5905145856 limit=7516192768 held=673185792 requested=536870912
2026-09-09T19:13:33.633963Z DEBUG transparent_shard_server::runtime: runtime stage key=("a4bd72b37c0aafb265c77bb09cbc402cf69b65a87a1fabc8a0f12614b35469be", Directory, 0) seconds=0.707296469 stage="disk_save"
2026-09-09T19:13:33.634042Z DEBUG transparent_shard_server::runtime: runtime stage key=("67574e8d4c7f7c258f8c7488f73e80a9476f8074c3db3540325133ff25020c2b", Directory, 0) seconds=1.589e-6 stage="restore_slot"
2026-09-09T19:13:33.634179Z DEBUG transparent_shard_server::runtime: runtime stage key=("67574e8d4c7f7c258f8c7488f73e80a9476f8074c3db3540325133ff25020c2b", Directory, 0) seconds=3.2754e-5 hit=false stage="disk_restore"
2026-09-09T19:13:33.672394Z DEBUG transparent_shard_server::memory: work memory admission denied current=5905408000 limit=7516192768 held=536870912 requested=536870912
2026-09-09T19:13:33.772672Z DEBUG transparent_shard_server::memory: work memory admission denied current=5905408000 limit=7516192768 held=536870912 requested=536870912
2026-09-09T19:13:33.874014Z DEBUG transparent_shard_server::memory: work memory admission denied current=5905203200 limit=7516192768 held=536870912 requested=536870912
2026-09-09T19:13:33.975319Z DEBUG transparent_shard_server::memory: work memory admission denied current=5905203200 limit=7516192768 held=536870912 requested=536870912
2026-09-09T19:13:34.008378Z DEBUG transparent_shard_server::runtime: construction stage geometry="recent-8k" table="pages" seconds=0.618381126 stage="hint_columns"
2026-09-09T19:13:34.076639Z DEBUG transparent_shard_server::memory: work memory admission denied current=5905068032 limit=7516192768 held=536870912 requested=536870912
2026-09-09T19:13:34.177989Z DEBUG transparent_shard_server::memory: work memory admission denied current=5905403904 limit=7516192768 held=536870912 requested=536870912
2026-09-09T19:13:34.279312Z DEBUG transparent_shard_server::memory: work memory admission denied current=5905403904 limit=7516192768 held=536870912 requested=536870912
2026-09-09T19:13:34.380894Z DEBUG transparent_shard_server::memory: work memory admission denied current=5904867328 limit=7516192768 held=536870912 requested=536870912
2026-09-09T19:13:34.482254Z DEBUG transparent_shard_server::memory: work memory admission denied current=5905063936 limit=7516192768 held=536870912 requested=536870912
2026-09-09T19:13:34.583610Z DEBUG transparent_shard_server::memory: work memory admission denied current=5905063936 limit=7516192768 held=536870912 requested=536870912
2026-09-09T19:13:34.685031Z DEBUG transparent_shard_server::memory: work memory admission denied current=5905063936 limit=7516192768 held=536870912 requested=536870912
2026-09-09T19:13:34.789254Z DEBUG transparent_shard_server::memory: work memory admission denied current=5905485824 limit=7516192768 held=536870912 requested=536870912
2026-09-09T19:13:34.890554Z DEBUG transparent_shard_server::memory: work memory admission denied current=5871648768 limit=7516192768 held=536870912 requested=536870912
2026-09-09T19:13:34.991824Z DEBUG transparent_shard_server::memory: work memory admission denied current=5885468672 limit=7516192768 held=536870912 requested=536870912
2026-09-09T19:13:35.093190Z DEBUG transparent_shard_server::memory: work memory admission denied current=5823037440 limit=7516192768 held=536870912 requested=536870912
2026-09-09T19:13:35.194522Z DEBUG transparent_shard_server::memory: work memory admission denied current=5834268672 limit=7516192768 held=536870912 requested=536870912
2026-09-09T19:13:35.295931Z DEBUG transparent_shard_server::memory: work memory admission denied current=5845278720 limit=7516192768 held=536870912 requested=536870912
2026-09-09T19:13:35.397406Z DEBUG transparent_shard_server::memory: work memory admission denied current=5856550912 limit=7516192768 held=536870912 requested=536870912
2026-09-09T19:13:35.497739Z DEBUG transparent_shard_server::memory: work memory admission denied current=5867823104 limit=7516192768 held=536870912 requested=536870912
2026-09-09T19:13:35.599199Z DEBUG transparent_shard_server::memory: work memory admission denied current=5878833152 limit=7516192768 held=536870912 requested=536870912
2026-09-09T19:13:35.700557Z DEBUG transparent_shard_server::memory: work memory admission denied current=5889843200 limit=7516192768 held=536870912 requested=536870912
2026-09-09T19:13:35.801920Z DEBUG transparent_shard_server::memory: work memory admission denied current=5900853248 limit=7516192768 held=536870912 requested=536870912
2026-09-09T19:13:35.903535Z DEBUG transparent_shard_server::memory: work memory admission denied current=5898162176 limit=7516192768 held=536870912 requested=536870912
2026-09-09T19:13:35.976065Z DEBUG transparent_shard_server::runtime: construction stage geometry="recent-8k" table="pages" seconds=1.967634331 stage="pack_preprocessing"
2026-09-09T19:13:35.976360Z DEBUG transparent_shard_server::runtime: construction stage geometry="recent-8k" table="pages" seconds=0.000260035 stage="publish_parameters"
2026-09-09T19:13:35.977129Z DEBUG transparent_shard_server::runtime: runtime stage key=("a4bd72b37c0aafb265c77bb09cbc402cf69b65a87a1fabc8a0f12614b35469be", Pages, 0) seconds=2.890172535 stage="runtime_build"
2026-09-09T19:13:35.977157Z DEBUG transparent_shard_server::runtime: runtime stage key=("a4bd72b37c0aafb265c77bb09cbc402cf69b65a87a1fabc8a0f12614b35469be", Pages, 0) reserved_bytes=136314880 stage="serialization_handoff"
2026-09-09T19:13:35.977194Z DEBUG transparent_shard_server::runtime: runtime stage key=("c907a0aa45b2551520863990845279fd25135889865e088c2dad6ea0d32b8fde", Pages, 0) seconds=5.42002397 stage="build_slot"
2026-09-09T19:13:36.005392Z DEBUG transparent_shard_server::memory: cold build admission wait seconds=3.078586082 admitted=true
2026-09-09T19:13:36.005456Z DEBUG transparent_shard_server::memory: work memory admission denied current=5877907456 limit=7516192768 held=673185792 requested=536870912
2026-09-09T19:13:36.105793Z DEBUG transparent_shard_server::memory: work memory admission denied current=5901762560 limit=7516192768 held=673185792 requested=536870912
2026-09-09T19:13:36.123686Z DEBUG transparent_shard_server::runtime: runtime stage key=("c907a0aa45b2551520863990845279fd25135889865e088c2dad6ea0d32b8fde", Directory, 0) seconds=0.118216976 stage="source_load"
2026-09-09T19:13:36.207152Z DEBUG transparent_shard_server::memory: work memory admission denied current=5905453056 limit=7516192768 held=673185792 requested=536870912
2026-09-09T19:13:36.308510Z DEBUG transparent_shard_server::memory: work memory admission denied current=5905555456 limit=7516192768 held=673185792 requested=536870912
2026-09-09T19:13:36.409809Z DEBUG transparent_shard_server::memory: work memory admission denied current=5905313792 limit=7516192768 held=673185792 requested=536870912
2026-09-09T19:13:36.423495Z DEBUG transparent_shard_server::runtime: construction stage geometry="recent-8k" table="directory" seconds=0.299779401 stage="encode_database"
2026-09-09T19:13:36.423587Z DEBUG transparent_shard_server::runtime: construction stage geometry="recent-8k" table="directory" seconds=6.9422e-5 stage="public_setup"
test burst::publication_burst_under_exact_load has been running for over 60 seconds
2026-09-09T19:13:36.511313Z DEBUG transparent_shard_server::memory: work memory admission denied current=5904822272 limit=7516192768 held=673185792 requested=536870912
2026-09-09T19:13:36.612589Z DEBUG transparent_shard_server::memory: work memory admission denied current=5904838656 limit=7516192768 held=673185792 requested=536870912
2026-09-09T19:13:36.664381Z DEBUG transparent_shard_server::runtime: runtime stage key=("a4bd72b37c0aafb265c77bb09cbc402cf69b65a87a1fabc8a0f12614b35469be", Pages, 0) seconds=0.687203783 stage="disk_save"
2026-09-09T19:13:36.664459Z DEBUG transparent_shard_server::runtime: runtime stage key=("67574e8d4c7f7c258f8c7488f73e80a9476f8074c3db3540325133ff25020c2b", Pages, 0) seconds=1.489e-6 stage="restore_slot"
2026-09-09T19:13:36.664591Z DEBUG transparent_shard_server::runtime: runtime stage key=("67574e8d4c7f7c258f8c7488f73e80a9476f8074c3db3540325133ff25020c2b", Pages, 0) seconds=3.6406e-5 hit=false stage="disk_restore"
2026-09-09T19:13:36.713846Z DEBUG transparent_shard_server::memory: work memory admission denied current=5905100800 limit=7516192768 held=536870912 requested=536870912
2026-09-09T19:13:36.815208Z DEBUG transparent_shard_server::memory: work memory admission denied current=5905100800 limit=7516192768 held=536870912 requested=536870912
2026-09-09T19:13:36.916481Z DEBUG transparent_shard_server::memory: work memory admission denied current=5905100800 limit=7516192768 held=536870912 requested=536870912
2026-09-09T19:13:37.017807Z DEBUG transparent_shard_server::memory: work memory admission denied current=5905100800 limit=7516192768 held=536870912 requested=536870912
2026-09-09T19:13:37.031372Z DEBUG transparent_shard_server::runtime: construction stage geometry="recent-8k" table="directory" seconds=0.607779838 stage="hint_columns"
2026-09-09T19:13:37.119115Z DEBUG transparent_shard_server::memory: work memory admission denied current=5905481728 limit=7516192768 held=536870912 requested=536870912
2026-09-09T19:13:37.220448Z DEBUG transparent_shard_server::memory: work memory admission denied current=5905481728 limit=7516192768 held=536870912 requested=536870912
2026-09-09T19:13:37.320793Z DEBUG transparent_shard_server::memory: work memory admission denied current=5905481728 limit=7516192768 held=536870912 requested=536870912
2026-09-09T19:13:37.422139Z DEBUG transparent_shard_server::memory: work memory admission denied current=5905481728 limit=7516192768 held=536870912 requested=536870912
2026-09-09T19:13:37.523520Z DEBUG transparent_shard_server::memory: work memory admission denied current=5905149952 limit=7516192768 held=536870912 requested=536870912
2026-09-09T19:13:37.624928Z DEBUG transparent_shard_server::memory: work memory admission denied current=5905149952 limit=7516192768 held=536870912 requested=536870912
2026-09-09T19:13:37.726300Z DEBUG transparent_shard_server::memory: work memory admission denied current=5905149952 limit=7516192768 held=536870912 requested=536870912
2026-09-09T19:13:37.828254Z DEBUG transparent_shard_server::memory: work memory admission denied current=5905530880 limit=7516192768 held=536870912 requested=536870912
2026-09-09T19:13:37.929532Z DEBUG transparent_shard_server::memory: work memory admission denied current=5871628288 limit=7516192768 held=536870912 requested=536870912
2026-09-09T19:13:38.030855Z DEBUG transparent_shard_server::memory: work memory admission denied current=5885452288 limit=7516192768 held=536870912 requested=536870912
2026-09-09T19:13:38.132123Z DEBUG transparent_shard_server::memory: work memory admission denied current=5824548864 limit=7516192768 held=536870912 requested=536870912
2026-09-09T19:13:38.233350Z DEBUG transparent_shard_server::memory: work memory admission denied current=5835558912 limit=7516192768 held=536870912 requested=536870912
2026-09-09T19:13:38.334628Z DEBUG transparent_shard_server::memory: work memory admission denied current=5846781952 limit=7516192768 held=536870912 requested=536870912
2026-09-09T19:13:38.435898Z DEBUG transparent_shard_server::memory: work memory admission denied current=5857529856 limit=7516192768 held=536870912 requested=536870912
2026-09-09T19:13:38.537234Z DEBUG transparent_shard_server::memory: work memory admission denied current=5868539904 limit=7516192768 held=536870912 requested=536870912
2026-09-09T19:13:38.638532Z DEBUG transparent_shard_server::memory: work memory admission denied current=5880074240 limit=7516192768 held=536870912 requested=536870912
2026-09-09T19:13:38.739836Z DEBUG transparent_shard_server::memory: work memory admission denied current=5890560000 limit=7516192768 held=536870912 requested=536870912
2026-09-09T19:13:38.841137Z DEBUG transparent_shard_server::memory: work memory admission denied current=5887868928 limit=7516192768 held=536870912 requested=536870912
2026-09-09T19:13:38.942451Z DEBUG transparent_shard_server::memory: work memory admission denied current=5898616832 limit=7516192768 held=536870912 requested=536870912
2026-09-09T19:13:39.012315Z DEBUG transparent_shard_server::runtime: construction stage geometry="recent-8k" table="directory" seconds=1.980913765 stage="pack_preprocessing"
2026-09-09T19:13:39.012596Z DEBUG transparent_shard_server::runtime: construction stage geometry="recent-8k" table="directory" seconds=0.000244531 stage="publish_parameters"
2026-09-09T19:13:39.013359Z DEBUG transparent_shard_server::runtime: runtime stage key=("c907a0aa45b2551520863990845279fd25135889865e088c2dad6ea0d32b8fde", Directory, 0) seconds=2.889644071 stage="runtime_build"
2026-09-09T19:13:39.013398Z DEBUG transparent_shard_server::runtime: runtime stage key=("c907a0aa45b2551520863990845279fd25135889865e088c2dad6ea0d32b8fde", Directory, 0) reserved_bytes=136314880 stage="serialization_handoff"
2026-09-09T19:13:39.013432Z DEBUG transparent_shard_server::runtime: runtime stage key=("67574e8d4c7f7c258f8c7488f73e80a9476f8074c3db3540325133ff25020c2b", Directory, 0) seconds=5.379227209 stage="build_slot"
2026-09-09T19:13:39.042696Z DEBUG transparent_shard_server::memory: cold build admission wait seconds=3.065480841 admitted=true
2026-09-09T19:13:39.042759Z DEBUG transparent_shard_server::memory: work memory admission denied current=5878358016 limit=7516192768 held=673185792 requested=536870912
2026-09-09T19:13:39.144106Z DEBUG transparent_shard_server::memory: work memory admission denied current=5898018816 limit=7516192768 held=673185792 requested=536870912
2026-09-09T19:13:39.180986Z DEBUG transparent_shard_server::runtime: runtime stage key=("c907a0aa45b2551520863990845279fd25135889865e088c2dad6ea0d32b8fde", Pages, 0) seconds=0.138238294 stage="source_load"
2026-09-09T19:13:39.245425Z DEBUG transparent_shard_server::memory: work memory admission denied current=5905379328 limit=7516192768 held=673185792 requested=536870912
2026-09-09T19:13:39.345720Z DEBUG transparent_shard_server::memory: work memory admission denied current=5905473536 limit=7516192768 held=673185792 requested=536870912
2026-09-09T19:13:39.447029Z DEBUG transparent_shard_server::memory: work memory admission denied current=5905305600 limit=7516192768 held=673185792 requested=536870912
2026-09-09T19:13:39.488613Z DEBUG transparent_shard_server::runtime: construction stage geometry="recent-8k" table="pages" seconds=0.307585284 stage="encode_database"
2026-09-09T19:13:39.488709Z DEBUG transparent_shard_server::runtime: construction stage geometry="recent-8k" table="pages" seconds=7.0756e-5 stage="public_setup"
2026-09-09T19:13:39.550246Z DEBUG transparent_shard_server::memory: work memory admission denied current=5905358848 limit=7516192768 held=673185792 requested=536870912
2026-09-09T19:13:39.651500Z DEBUG transparent_shard_server::memory: work memory admission denied current=5905412096 limit=7516192768 held=673185792 requested=536870912
2026-09-09T19:13:39.723949Z DEBUG transparent_shard_server::runtime: runtime stage key=("c907a0aa45b2551520863990845279fd25135889865e088c2dad6ea0d32b8fde", Directory, 0) seconds=0.710544272 stage="disk_save"
2026-09-09T19:13:39.753235Z DEBUG transparent_shard_server::memory: work memory admission denied current=5905395712 limit=7516192768 held=536870912 requested=536870912
2026-09-09T19:13:39.854500Z DEBUG transparent_shard_server::memory: work memory admission denied current=5905395712 limit=7516192768 held=536870912 requested=536870912
2026-09-09T19:13:39.955807Z DEBUG transparent_shard_server::memory: work memory admission denied current=5905395712 limit=7516192768 held=536870912 requested=536870912
2026-09-09T19:13:40.057120Z DEBUG transparent_shard_server::memory: work memory admission denied current=5905395712 limit=7516192768 held=536870912 requested=536870912
2026-09-09T19:13:40.118005Z DEBUG transparent_shard_server::runtime: construction stage geometry="recent-8k" table="pages" seconds=0.629290681 stage="hint_columns"
2026-09-09T19:13:40.158446Z DEBUG transparent_shard_server::memory: work memory admission denied current=5904928768 limit=7516192768 held=536870912 requested=536870912
2026-09-09T19:13:40.258762Z DEBUG transparent_shard_server::memory: work memory admission denied current=5905432576 limit=7516192768 held=536870912 requested=536870912
2026-09-09T19:13:40.360328Z DEBUG transparent_shard_server::memory: work memory admission denied current=5905432576 limit=7516192768 held=536870912 requested=536870912
2026-09-09T19:13:40.461664Z DEBUG transparent_shard_server::memory: work memory admission denied current=5905432576 limit=7516192768 held=536870912 requested=536870912
2026-09-09T19:13:40.563185Z DEBUG transparent_shard_server::memory: work memory admission denied current=5905563648 limit=7516192768 held=536870912 requested=536870912
2026-09-09T19:13:40.664546Z DEBUG transparent_shard_server::memory: work memory admission denied current=5905563648 limit=7516192768 held=536870912 requested=536870912
2026-09-09T19:13:40.765906Z DEBUG transparent_shard_server::memory: work memory admission denied current=5905563648 limit=7516192768 held=536870912 requested=536870912
2026-09-09T19:13:40.867331Z DEBUG transparent_shard_server::memory: work memory admission denied current=5905563648 limit=7516192768 held=536870912 requested=536870912
2026-09-09T19:13:40.968341Z DEBUG transparent_shard_server::memory: work memory admission denied current=5905108992 limit=7516192768 held=536870912 requested=536870912
2026-09-09T19:13:41.069651Z DEBUG transparent_shard_server::memory: work memory admission denied current=5871841280 limit=7516192768 held=536870912 requested=536870912
2026-09-09T19:13:41.171368Z DEBUG transparent_shard_server::memory: work memory admission denied current=5864550400 limit=7516192768 held=536870912 requested=536870912
2026-09-09T19:13:41.271808Z DEBUG transparent_shard_server::memory: work memory admission denied current=5828751360 limit=7516192768 held=536870912 requested=536870912
2026-09-09T19:13:41.373190Z DEBUG transparent_shard_server::memory: work memory admission denied current=5839499264 limit=7516192768 held=536870912 requested=536870912
2026-09-09T19:13:41.474547Z DEBUG transparent_shard_server::memory: work memory admission denied current=5850509312 limit=7516192768 held=536870912 requested=536870912
2026-09-09T19:13:41.575878Z DEBUG transparent_shard_server::memory: work memory admission denied current=5861257216 limit=7516192768 held=536870912 requested=536870912
2026-09-09T19:13:41.677315Z DEBUG transparent_shard_server::memory: work memory admission denied current=5872005120 limit=7516192768 held=536870912 requested=536870912
2026-09-09T19:13:41.778662Z DEBUG transparent_shard_server::memory: work memory admission denied current=5882753024 limit=7516192768 held=536870912 requested=536870912
2026-09-09T19:13:41.880245Z DEBUG transparent_shard_server::memory: work memory admission denied current=5893763072 limit=7516192768 held=536870912 requested=536870912
2026-09-09T19:13:41.981615Z DEBUG transparent_shard_server::memory: work memory admission denied current=5890727936 limit=7516192768 held=536870912 requested=536870912
2026-09-09T19:13:42.083218Z DEBUG transparent_shard_server::memory: work memory admission denied current=5901737984 limit=7516192768 held=536870912 requested=536870912
2026-09-09T19:13:42.120369Z DEBUG transparent_shard_server::runtime: construction stage geometry="recent-8k" table="pages" seconds=2.002324723 stage="pack_preprocessing"
2026-09-09T19:13:42.120638Z DEBUG transparent_shard_server::runtime: construction stage geometry="recent-8k" table="pages" seconds=0.000232236 stage="publish_parameters"
2026-09-09T19:13:42.121437Z DEBUG transparent_shard_server::runtime: runtime stage key=("c907a0aa45b2551520863990845279fd25135889865e088c2dad6ea0d32b8fde", Pages, 0) seconds=2.940411122 stage="runtime_build"
2026-09-09T19:13:42.121466Z DEBUG transparent_shard_server::runtime: runtime stage key=("c907a0aa45b2551520863990845279fd25135889865e088c2dad6ea0d32b8fde", Pages, 0) reserved_bytes=136314880 stage="serialization_handoff"
2026-09-09T19:13:42.121506Z DEBUG transparent_shard_server::runtime: runtime stage key=("67574e8d4c7f7c258f8c7488f73e80a9476f8074c3db3540325133ff25020c2b", Pages, 0) seconds=5.456851709 stage="build_slot"
2026-09-09T19:13:42.184073Z DEBUG transparent_shard_server::memory: cold build admission wait seconds=3.170616711 admitted=true
2026-09-09T19:13:42.184297Z DEBUG transparent_shard_server::memory: work memory admission denied current=5886197760 limit=7516192768 held=673185792 requested=536870912
2026-09-09T19:13:42.285565Z DEBUG transparent_shard_server::memory: work memory admission denied current=5905686528 limit=7516192768 held=673185792 requested=536870912
2026-09-09T19:13:42.308036Z DEBUG transparent_shard_server::runtime: runtime stage key=("67574e8d4c7f7c258f8c7488f73e80a9476f8074c3db3540325133ff25020c2b", Directory, 0) seconds=0.123904414 stage="source_load"
2026-09-09T19:13:42.386907Z DEBUG transparent_shard_server::memory: work memory admission denied current=5905059840 limit=7516192768 held=673185792 requested=536870912
2026-09-09T19:13:42.488271Z DEBUG transparent_shard_server::memory: work memory admission denied current=5905137664 limit=7516192768 held=673185792 requested=536870912
2026-09-09T19:13:42.589351Z DEBUG transparent_shard_server::memory: work memory admission denied current=5905391616 limit=7516192768 held=673185792 requested=536870912
2026-09-09T19:13:42.610408Z DEBUG transparent_shard_server::runtime: construction stage geometry="recent-8k" table="directory" seconds=0.302329302 stage="encode_database"
2026-09-09T19:13:42.610516Z DEBUG transparent_shard_server::runtime: construction stage geometry="recent-8k" table="directory" seconds=7.5737e-5 stage="public_setup"
2026-09-09T19:13:42.689602Z DEBUG transparent_shard_server::memory: work memory admission denied current=5905539072 limit=7516192768 held=673185792 requested=536870912
2026-09-09T19:13:42.790881Z DEBUG transparent_shard_server::memory: work memory admission denied current=5905563648 limit=7516192768 held=673185792 requested=536870912
2026-09-09T19:13:42.878476Z DEBUG transparent_shard_server::runtime: runtime stage key=("c907a0aa45b2551520863990845279fd25135889865e088c2dad6ea0d32b8fde", Pages, 0) seconds=0.757003774 stage="disk_save"
2026-09-09T19:13:42.891782Z DEBUG transparent_shard_server::memory: work memory admission denied current=5905563648 limit=7516192768 held=536870912 requested=536870912
2026-09-09T19:13:42.993073Z DEBUG transparent_shard_server::memory: work memory admission denied current=5905563648 limit=7516192768 held=536870912 requested=536870912
2026-09-09T19:13:43.094370Z DEBUG transparent_shard_server::memory: work memory admission denied current=5905563648 limit=7516192768 held=536870912 requested=536870912
2026-09-09T19:13:43.193972Z DEBUG transparent_shard_server::runtime: construction stage geometry="recent-8k" table="directory" seconds=0.583447838 stage="hint_columns"
2026-09-09T19:13:43.195642Z DEBUG transparent_shard_server::memory: work memory admission denied current=5905027072 limit=7516192768 held=536870912 requested=536870912
2026-09-09T19:13:43.297101Z DEBUG transparent_shard_server::memory: work memory admission denied current=5905481728 limit=7516192768 held=536870912 requested=536870912
2026-09-09T19:13:43.398566Z DEBUG transparent_shard_server::memory: work memory admission denied current=5905481728 limit=7516192768 held=536870912 requested=536870912
2026-09-09T19:13:43.500001Z DEBUG transparent_shard_server::memory: work memory admission denied current=5905481728 limit=7516192768 held=536870912 requested=536870912
2026-09-09T19:13:43.601391Z DEBUG transparent_shard_server::memory: work memory admission denied current=5883916288 limit=7516192768 held=536870912 requested=536870912
2026-09-09T19:13:43.701755Z DEBUG transparent_shard_server::memory: work memory admission denied current=5905412096 limit=7516192768 held=536870912 requested=536870912
2026-09-09T19:13:43.803316Z DEBUG transparent_shard_server::memory: work memory admission denied current=5905412096 limit=7516192768 held=536870912 requested=536870912
2026-09-09T19:13:43.904690Z DEBUG transparent_shard_server::memory: work memory admission denied current=5905412096 limit=7516192768 held=536870912 requested=536870912
2026-09-09T19:13:44.006388Z DEBUG transparent_shard_server::memory: work memory admission denied current=5905416192 limit=7516192768 held=536870912 requested=536870912
2026-09-09T19:13:44.107422Z DEBUG transparent_shard_server::memory: work memory admission denied current=5871996928 limit=7516192768 held=536870912 requested=536870912
2026-09-09T19:13:44.207713Z DEBUG transparent_shard_server::memory: work memory admission denied current=5885554688 limit=7516192768 held=536870912 requested=536870912
2026-09-09T19:13:44.309076Z DEBUG transparent_shard_server::memory: work memory admission denied current=5822537728 limit=7516192768 held=536870912 requested=536870912
2026-09-09T19:13:44.410392Z DEBUG transparent_shard_server::memory: work memory admission denied current=5833285632 limit=7516192768 held=536870912 requested=536870912
2026-09-09T19:13:44.510720Z DEBUG transparent_shard_server::memory: work memory admission denied current=5843767296 limit=7516192768 held=536870912 requested=536870912
2026-09-09T19:13:44.612085Z DEBUG transparent_shard_server::memory: work memory admission denied current=5854253056 limit=7516192768 held=536870912 requested=536870912
2026-09-09T19:13:44.713381Z DEBUG transparent_shard_server::memory: work memory admission denied current=5865000960 limit=7516192768 held=536870912 requested=536870912
2026-09-09T19:13:44.813714Z DEBUG transparent_shard_server::memory: work memory admission denied current=5875748864 limit=7516192768 held=536870912 requested=536870912
2026-09-09T19:13:44.915036Z DEBUG transparent_shard_server::memory: work memory admission denied current=5886496768 limit=7516192768 held=536870912 requested=536870912
2026-09-09T19:13:45.016615Z DEBUG transparent_shard_server::memory: work memory admission denied current=5897506816 limit=7516192768 held=536870912 requested=536870912
2026-09-09T19:13:45.118068Z DEBUG transparent_shard_server::memory: work memory admission denied current=5894537216 limit=7516192768 held=536870912 requested=536870912
2026-09-09T19:13:45.219449Z DEBUG transparent_shard_server::memory: work memory admission denied current=5905022976 limit=7516192768 held=536870912 requested=536870912
2026-09-09T19:13:45.232148Z DEBUG transparent_shard_server::runtime: construction stage geometry="recent-8k" table="directory" seconds=2.038132647 stage="pack_preprocessing"
2026-09-09T19:13:45.232430Z DEBUG transparent_shard_server::runtime: construction stage geometry="recent-8k" table="directory" seconds=0.00023252 stage="publish_parameters"
2026-09-09T19:13:45.233273Z DEBUG transparent_shard_server::runtime: runtime stage key=("67574e8d4c7f7c258f8c7488f73e80a9476f8074c3db3540325133ff25020c2b", Directory, 0) seconds=2.9251970419999997 stage="runtime_build"
2026-09-09T19:13:45.233291Z DEBUG transparent_shard_server::runtime: runtime stage key=("67574e8d4c7f7c258f8c7488f73e80a9476f8074c3db3540325133ff25020c2b", Directory, 0) reserved_bytes=136314880 stage="serialization_handoff"
2026-09-09T19:13:45.319818Z DEBUG transparent_shard_server::memory: cold build admission wait seconds=3.198285287 admitted=true
2026-09-09T19:13:45.439611Z DEBUG transparent_shard_server::runtime: runtime stage key=("67574e8d4c7f7c258f8c7488f73e80a9476f8074c3db3540325133ff25020c2b", Pages, 0) seconds=0.119748825 stage="source_load"
2026-09-09T19:13:45.739027Z DEBUG transparent_shard_server::runtime: construction stage geometry="recent-8k" table="pages" seconds=0.299381547 stage="encode_database"
2026-09-09T19:13:45.739143Z DEBUG transparent_shard_server::runtime: construction stage geometry="recent-8k" table="pages" seconds=8.7421e-5 stage="public_setup"
2026-09-09T19:13:45.931744Z DEBUG transparent_shard_server::runtime: runtime stage key=("67574e8d4c7f7c258f8c7488f73e80a9476f8074c3db3540325133ff25020c2b", Directory, 0) seconds=0.698447862 stage="disk_save"
2026-09-09T19:13:46.357635Z DEBUG transparent_shard_server::runtime: construction stage geometry="recent-8k" table="pages" seconds=0.618483691 stage="hint_columns"
2026-09-09T19:13:48.338281Z DEBUG transparent_shard_server::runtime: construction stage geometry="recent-8k" table="pages" seconds=1.980593008 stage="pack_preprocessing"
2026-09-09T19:13:48.338564Z DEBUG transparent_shard_server::runtime: construction stage geometry="recent-8k" table="pages" seconds=0.000246264 stage="publish_parameters"
2026-09-09T19:13:48.339338Z DEBUG transparent_shard_server::runtime: runtime stage key=("67574e8d4c7f7c258f8c7488f73e80a9476f8074c3db3540325133ff25020c2b", Pages, 0) seconds=2.899694707 stage="runtime_build"
2026-09-09T19:13:48.339368Z DEBUG transparent_shard_server::runtime: runtime stage key=("67574e8d4c7f7c258f8c7488f73e80a9476f8074c3db3540325133ff25020c2b", Pages, 0) reserved_bytes=136314880 stage="serialization_handoff"
2026-09-09T19:13:49.032728Z DEBUG transparent_shard_server::runtime: runtime stage key=("67574e8d4c7f7c258f8c7488f73e80a9476f8074c3db3540325133ff25020c2b", Pages, 0) seconds=0.693354354 stage="disk_save"
2026-09-09T19:13:49.032854Z  INFO transparent_shard_server::service: prewarm finished warm=28 target=28 failed=0 seconds=67.887808519
2026-09-09T19:13:49.460132Z  INFO transparent_shard_server::runtime: retired runtime memory reclaimed rss_before=4984135680 rss_after=4445233152
2026-09-09T19:13:50.013281Z DEBUG transparent_shard_server::runtime: runtime stage key=("be059aab39ac34125e0452548d6fbcfb1e7cdb7237a597bd59ee86011ed4882b", Directory, 0) seconds=1.365e-6 stage="restore_slot"
2026-09-09T19:13:50.013350Z DEBUG transparent_shard_server::runtime: runtime stage key=("be059aab39ac34125e0452548d6fbcfb1e7cdb7237a597bd59ee86011ed4882b", Pages, 0) seconds=1.033e-6 stage="restore_slot"
2026-09-09T19:13:50.013457Z DEBUG transparent_shard_server::runtime: runtime stage key=("be059aab39ac34125e0452548d6fbcfb1e7cdb7237a597bd59ee86011ed4882b", Directory, 0) seconds=4.1548e-5 hit=false stage="disk_restore"
2026-09-09T19:13:50.013484Z DEBUG transparent_shard_server::runtime: runtime stage key=("be059aab39ac34125e0452548d6fbcfb1e7cdb7237a597bd59ee86011ed4882b", Pages, 0) seconds=2.8895e-5 hit=false stage="disk_restore"
2026-09-09T19:13:50.013495Z DEBUG transparent_shard_server::runtime: runtime stage key=("be059aab39ac34125e0452548d6fbcfb1e7cdb7237a597bd59ee86011ed4882b", Directory, 0) seconds=4.64e-7 stage="build_slot"
2026-09-09T19:13:50.013509Z DEBUG transparent_shard_server::runtime: runtime stage key=("be059aab39ac34125e0452548d6fbcfb1e7cdb7237a597bd59ee86011ed4882b", Pages, 0) seconds=5.72e-7 stage="build_slot"
2026-09-09T19:13:50.013530Z DEBUG transparent_shard_server::memory: cold build admission wait seconds=2.5648e-5 admitted=true
2026-09-09T19:13:50.013566Z DEBUG transparent_shard_server::memory: cold build admission wait seconds=5.228e-5 admitted=true
2026-09-09T19:13:50.064025Z DEBUG transparent_shard_server::memory: work memory admission denied current=5496918016 limit=7516192768 held=1073741824 requested=268435456
2026-09-09T19:13:50.068925Z DEBUG transparent_shard_server::memory: work memory admission denied current=5496696832 limit=7516192768 held=1073741824 requested=268435456
2026-09-09T19:13:50.148578Z DEBUG transparent_shard_server::runtime: runtime stage key=("be059aab39ac34125e0452548d6fbcfb1e7cdb7237a597bd59ee86011ed4882b", Pages, 0) seconds=0.134987319 stage="source_load"
2026-09-09T19:13:50.150087Z DEBUG transparent_shard_server::runtime: runtime stage key=("be059aab39ac34125e0452548d6fbcfb1e7cdb7237a597bd59ee86011ed4882b", Directory, 0) seconds=0.136529885 stage="source_load"
2026-09-09T19:13:50.267587Z DEBUG transparent_shard_server::memory: work memory admission denied current=5530894336 limit=7516192768 held=1073741824 requested=268435456
2026-09-09T19:13:50.270866Z DEBUG transparent_shard_server::memory: work memory admission denied current=5530808320 limit=7516192768 held=1073741824 requested=268435456
2026-09-09T19:13:50.447467Z DEBUG transparent_shard_server::runtime: construction stage geometry="recent-8k" table="pages" seconds=0.29884637 stage="encode_database"
2026-09-09T19:13:50.447574Z DEBUG transparent_shard_server::runtime: construction stage geometry="recent-8k" table="pages" seconds=7.1872e-5 stage="public_setup"
2026-09-09T19:13:50.455491Z DEBUG transparent_shard_server::runtime: construction stage geometry="recent-8k" table="directory" seconds=0.305367863 stage="encode_database"
2026-09-09T19:13:50.455596Z DEBUG transparent_shard_server::runtime: construction stage geometry="recent-8k" table="directory" seconds=7.5126e-5 stage="public_setup"
2026-09-09T19:13:50.472603Z DEBUG transparent_shard_server::memory: work memory admission denied current=5566578688 limit=7516192768 held=1073741824 requested=268435456
2026-09-09T19:13:50.489504Z DEBUG transparent_shard_server::memory: work memory admission denied current=5567844352 limit=7516192768 held=1073741824 requested=268435456
2026-09-09T19:13:50.680856Z DEBUG transparent_shard_server::memory: work memory admission denied current=5584097280 limit=7516192768 held=1073741824 requested=268435456
2026-09-09T19:13:50.772226Z DEBUG transparent_shard_server::memory: work memory admission denied current=5592735744 limit=7516192768 held=1073741824 requested=268435456
2026-09-09T19:13:50.884335Z DEBUG transparent_shard_server::memory: work memory admission denied current=5602369536 limit=7516192768 held=1073741824 requested=268435456
2026-09-09T19:13:51.029650Z DEBUG transparent_shard_server::memory: work memory admission denied current=5608841216 limit=7516192768 held=1073741824 requested=268435456
2026-09-09T19:13:51.087817Z DEBUG transparent_shard_server::memory: work memory admission denied current=5612744704 limit=7516192768 held=1073741824 requested=268435456
2026-09-09T19:13:51.240049Z DEBUG transparent_shard_server::memory: work memory admission denied current=5621170176 limit=7516192768 held=1073741824 requested=268435456
2026-09-09T19:13:51.295006Z DEBUG transparent_shard_server::memory: work memory admission denied current=5624324096 limit=7516192768 held=1073741824 requested=268435456
2026-09-09T19:13:51.444897Z DEBUG transparent_shard_server::memory: work memory admission denied current=5631938560 limit=7516192768 held=1073741824 requested=268435456
2026-09-09T19:13:51.501688Z DEBUG transparent_shard_server::memory: work memory admission denied current=5634535424 limit=7516192768 held=1073741824 requested=268435456
2026-09-09T19:13:51.571542Z DEBUG transparent_shard_server::runtime: construction stage geometry="recent-8k" table="directory" seconds=1.115937916 stage="hint_columns"
2026-09-09T19:13:51.575255Z DEBUG transparent_shard_server::runtime: construction stage geometry="recent-8k" table="pages" seconds=1.12767233 stage="hint_columns"
2026-09-09T19:13:51.649508Z DEBUG transparent_shard_server::memory: work memory admission denied current=5773078528 limit=7516192768 held=1073741824 requested=268435456
2026-09-09T19:13:51.710231Z DEBUG transparent_shard_server::memory: work memory admission denied current=5772881920 limit=7516192768 held=1073741824 requested=268435456
2026-09-09T19:13:51.854040Z DEBUG transparent_shard_server::memory: work memory admission denied current=5773135872 limit=7516192768 held=1073741824 requested=268435456
2026-09-09T19:13:51.914337Z DEBUG transparent_shard_server::memory: work memory admission denied current=5773111296 limit=7516192768 held=1073741824 requested=268435456
2026-09-09T19:13:52.057551Z DEBUG transparent_shard_server::memory: work memory admission denied current=5772734464 limit=7516192768 held=1073741824 requested=268435456
2026-09-09T19:13:52.119428Z DEBUG transparent_shard_server::memory: work memory admission denied current=5772963840 limit=7516192768 held=1073741824 requested=268435456
2026-09-09T19:13:52.260680Z DEBUG transparent_shard_server::memory: work memory admission denied current=5772992512 limit=7516192768 held=1073741824 requested=268435456
2026-09-09T19:13:52.322926Z DEBUG transparent_shard_server::memory: work memory admission denied current=5805260800 limit=7516192768 held=1073741824 requested=268435456
2026-09-09T19:13:52.470061Z DEBUG transparent_shard_server::memory: work memory admission denied current=5866811392 limit=7516192768 held=1073741824 requested=268435456
2026-09-09T19:13:52.531609Z DEBUG transparent_shard_server::memory: work memory admission denied current=5905285120 limit=7516192768 held=1073741824 requested=268435456
2026-09-09T19:13:52.676556Z DEBUG transparent_shard_server::memory: work memory admission denied current=5871484928 limit=7516192768 held=1073741824 requested=268435456
2026-09-09T19:13:52.738133Z DEBUG transparent_shard_server::memory: work memory admission denied current=5879910400 limit=7516192768 held=1073741824 requested=268435456
2026-09-09T19:13:52.884695Z DEBUG transparent_shard_server::memory: work memory admission denied current=5904703488 limit=7516192768 held=1073741824 requested=268435456
2026-09-09T19:13:52.947345Z DEBUG transparent_shard_server::memory: work memory admission denied current=5778350080 limit=7516192768 held=1073741824 requested=268435456
2026-09-09T19:13:53.091394Z DEBUG transparent_shard_server::memory: work memory admission denied current=5809250304 limit=7516192768 held=1073741824 requested=268435456
2026-09-09T19:13:53.153733Z DEBUG transparent_shard_server::memory: work memory admission denied current=5822332928 limit=7516192768 held=1073741824 requested=268435456
2026-09-09T19:13:53.297064Z DEBUG transparent_shard_server::memory: work memory admission denied current=5852966912 limit=7516192768 held=1073741824 requested=268435456
2026-09-09T19:13:53.360635Z DEBUG transparent_shard_server::memory: work memory admission denied current=5866455040 limit=7516192768 held=1073741824 requested=268435456
2026-09-09T19:13:53.500059Z DEBUG transparent_shard_server::memory: work memory admission denied current=5896507392 limit=7516192768 held=1073741824 requested=268435456
2026-09-09T19:13:53.565986Z DEBUG transparent_shard_server::memory: work memory admission denied current=5905412096 limit=7516192768 held=1073741824 requested=268435456
2026-09-09T19:13:53.705620Z DEBUG transparent_shard_server::memory: work memory admission denied current=5891928064 limit=7516192768 held=1073741824 requested=268435456
2026-09-09T19:13:53.773660Z DEBUG transparent_shard_server::memory: work memory admission denied current=5905346560 limit=7516192768 held=1073741824 requested=268435456
2026-09-09T19:13:53.854455Z DEBUG transparent_shard_server::runtime: construction stage geometry="recent-8k" table="directory" seconds=2.282872743 stage="pack_preprocessing"
2026-09-09T19:13:53.854741Z DEBUG transparent_shard_server::runtime: construction stage geometry="recent-8k" table="directory" seconds=0.000253558 stage="publish_parameters"
2026-09-09T19:13:53.855515Z DEBUG transparent_shard_server::runtime: runtime stage key=("be059aab39ac34125e0452548d6fbcfb1e7cdb7237a597bd59ee86011ed4882b", Directory, 0) seconds=3.705393791 stage="runtime_build"
2026-09-09T19:13:53.855533Z DEBUG transparent_shard_server::runtime: runtime stage key=("be059aab39ac34125e0452548d6fbcfb1e7cdb7237a597bd59ee86011ed4882b", Directory, 0) reserved_bytes=136314880 stage="serialization_handoff"
2026-09-09T19:13:53.870492Z DEBUG transparent_shard_server::runtime: construction stage geometry="recent-8k" table="pages" seconds=2.295200564 stage="pack_preprocessing"
2026-09-09T19:13:53.870768Z DEBUG transparent_shard_server::runtime: construction stage geometry="recent-8k" table="pages" seconds=0.000255152 stage="publish_parameters"
2026-09-09T19:13:53.871527Z DEBUG transparent_shard_server::runtime: runtime stage key=("be059aab39ac34125e0452548d6fbcfb1e7cdb7237a597bd59ee86011ed4882b", Pages, 0) seconds=3.722907937 stage="runtime_build"
2026-09-09T19:13:53.871541Z DEBUG transparent_shard_server::runtime: runtime stage key=("be059aab39ac34125e0452548d6fbcfb1e7cdb7237a597bd59ee86011ed4882b", Pages, 0) reserved_bytes=136314880 stage="serialization_handoff"
2026-09-09T19:13:54.503203Z DEBUG transparent_shard_server::runtime: runtime stage key=("be059aab39ac34125e0452548d6fbcfb1e7cdb7237a597bd59ee86011ed4882b", Directory, 0) seconds=0.647664391 stage="disk_save"
2026-09-09T19:13:55.175286Z DEBUG transparent_shard_server::runtime: runtime stage key=("be059aab39ac34125e0452548d6fbcfb1e7cdb7237a597bd59ee86011ed4882b", Pages, 0) seconds=1.303738927 stage="disk_save"
2026-09-09T19:13:55.175369Z  INFO transparent_shard_server::service: prewarm finished warm=28 target=28 failed=0 seconds=5.162147481
2026-09-09T19:13:55.175445Z DEBUG transparent_shard_server::live: publication preparation stages map=32426d9e9300c44558210d8540b636402af2b3c322627f9e9f26e0082b489725 loading_seconds=0.599893059 warming_seconds=5.162293109
2026-09-09T19:13:55.191033Z DEBUG transparent_shard_server::runtime: runtime stage key=("5b7ee9849d47f5ee67d04eb6ca4588beacf42dce75e5a1b481dfd02607b1fb20", Pages, 0) seconds=1.456e-6 stage="restore_slot"
2026-09-09T19:13:55.224569Z  INFO transparent_shard_server::runtime: retired runtime memory reclaimed rss_before=4966379520 rss_after=4520443904
2026-09-09T19:13:55.756527Z DEBUG transparent_shard_server::runtime: runtime stage key=("268f5c527d35817d37919707b04a706c850d449156baa071b5438dbf8eb53aec", Directory, 0) seconds=1.117e-6 stage="restore_slot"
2026-09-09T19:13:55.756532Z DEBUG transparent_shard_server::runtime: runtime stage key=("268f5c527d35817d37919707b04a706c850d449156baa071b5438dbf8eb53aec", Pages, 0) seconds=1.141e-6 stage="restore_slot"
2026-09-09T19:13:55.756727Z DEBUG transparent_shard_server::runtime: runtime stage key=("268f5c527d35817d37919707b04a706c850d449156baa071b5438dbf8eb53aec", Pages, 0) seconds=3.0276e-5 hit=false stage="disk_restore"
2026-09-09T19:13:55.756748Z DEBUG transparent_shard_server::runtime: runtime stage key=("268f5c527d35817d37919707b04a706c850d449156baa071b5438dbf8eb53aec", Pages, 0) seconds=4.86e-7 stage="build_slot"
2026-09-09T19:13:55.756776Z DEBUG transparent_shard_server::memory: cold build admission wait seconds=2.4834e-5 admitted=true
2026-09-09T19:13:55.756780Z DEBUG transparent_shard_server::runtime: runtime stage key=("268f5c527d35817d37919707b04a706c850d449156baa071b5438dbf8eb53aec", Directory, 0) seconds=2.6366e-5 hit=false stage="disk_restore"
2026-09-09T19:13:55.756796Z DEBUG transparent_shard_server::runtime: runtime stage key=("268f5c527d35817d37919707b04a706c850d449156baa071b5438dbf8eb53aec", Directory, 0) seconds=1.06e-7 stage="build_slot"
2026-09-09T19:13:55.756819Z DEBUG transparent_shard_server::memory: work memory admission denied current=5584904192 limit=7516192768 held=805306368 requested=536870912
2026-09-09T19:13:55.858349Z DEBUG transparent_shard_server::memory: work memory admission denied current=5650964480 limit=7516192768 held=805306368 requested=536870912
2026-09-09T19:13:55.888103Z DEBUG transparent_shard_server::runtime: runtime stage key=("268f5c527d35817d37919707b04a706c850d449156baa071b5438dbf8eb53aec", Pages, 0) seconds=0.131313645 stage="source_load"
2026-09-09T19:13:55.959324Z DEBUG transparent_shard_server::memory: work memory admission denied current=5697626112 limit=7516192768 held=805306368 requested=536870912
2026-09-09T19:13:56.060258Z DEBUG transparent_shard_server::memory: work memory admission denied current=5749006336 limit=7516192768 held=805306368 requested=536870912
2026-09-09T19:13:56.061597Z DEBUG transparent_shard_server::runtime: runtime stage key=("5b7ee9849d47f5ee67d04eb6ca4588beacf42dce75e5a1b481dfd02607b1fb20", Pages, 0) seconds=0.870376563 hit=true stage="disk_restore"
2026-09-09T19:13:56.161227Z DEBUG transparent_shard_server::memory: work memory admission denied current=5758443520 limit=7516192768 held=805306368 requested=536870912
2026-09-09T19:13:56.178693Z DEBUG transparent_shard_server::runtime: runtime stage key=("5b7ee9849d47f5ee67d04eb6ca4588beacf42dce75e5a1b481dfd02607b1fb20", Pages, 0) seconds=0.117070361 stage="source_verify"
2026-09-09T19:13:56.178719Z  INFO transparent_shard_server::runtime: restored runtime cache seconds=0.987500003
2026-09-09T19:13:56.181543Z DEBUG transparent_shard_server::runtime: construction stage geometry="recent-8k" table="pages" seconds=0.293406281 stage="encode_database"
2026-09-09T19:13:56.181698Z DEBUG transparent_shard_server::runtime: construction stage geometry="recent-8k" table="pages" seconds=0.000134135 stage="public_setup"
2026-09-09T19:13:56.208929Z DEBUG transparent_shard_server::memory: work memory admission denied current=5761187840 limit=7516192768 held=805306368 requested=268435456
2026-09-09T19:13:56.262075Z DEBUG transparent_shard_server::memory: work memory admission denied current=5765513216 limit=7516192768 held=805306368 requested=536870912
2026-09-09T19:13:56.365266Z DEBUG transparent_shard_server::memory: work memory admission denied current=5773111296 limit=7516192768 held=805306368 requested=536870912
2026-09-09T19:13:56.411632Z DEBUG transparent_shard_server::memory: work memory admission denied current=5775093760 limit=7516192768 held=805306368 requested=268435456
2026-09-09T19:13:56.469234Z DEBUG transparent_shard_server::memory: work memory admission denied current=5777551360 limit=7516192768 held=805306368 requested=536870912
2026-09-09T19:13:56.569988Z DEBUG transparent_shard_server::memory: work memory admission denied current=5781221376 limit=7516192768 held=805306368 requested=536870912
2026-09-09T19:13:56.613032Z DEBUG transparent_shard_server::memory: work memory admission denied current=5783011328 limit=7516192768 held=805306368 requested=268435456
2026-09-09T19:13:56.671567Z DEBUG transparent_shard_server::memory: work memory admission denied current=5785419776 limit=7516192768 held=805306368 requested=536870912
2026-09-09T19:13:56.773017Z DEBUG transparent_shard_server::memory: work memory admission denied current=5788880896 limit=7516192768 held=536870912 requested=536870912
2026-09-09T19:13:56.773638Z DEBUG transparent_shard_server::runtime: construction stage geometry="recent-8k" table="pages" seconds=0.591933617 stage="hint_columns"
2026-09-09T19:13:56.874636Z DEBUG transparent_shard_server::memory: work memory admission denied current=5856706560 limit=7516192768 held=536870912 requested=536870912
2026-09-09T19:13:56.976021Z DEBUG transparent_shard_server::memory: work memory admission denied current=5856751616 limit=7516192768 held=536870912 requested=536870912
2026-09-09T19:13:57.077201Z DEBUG transparent_shard_server::memory: work memory admission denied current=5857243136 limit=7516192768 held=536870912 requested=536870912
2026-09-09T19:13:57.177834Z DEBUG transparent_shard_server::memory: work memory admission denied current=5851975680 limit=7516192768 held=536870912 requested=536870912
2026-09-09T19:13:57.278946Z DEBUG transparent_shard_server::memory: work memory admission denied current=5857759232 limit=7516192768 held=536870912 requested=536870912
2026-09-09T19:13:57.380099Z DEBUG transparent_shard_server::memory: work memory admission denied current=5857796096 limit=7516192768 held=536870912 requested=536870912
2026-09-09T19:13:57.481229Z DEBUG transparent_shard_server::memory: work memory admission denied current=5857787904 limit=7516192768 held=536870912 requested=536870912
2026-09-09T19:13:57.582374Z DEBUG transparent_shard_server::memory: work memory admission denied current=5901959168 limit=7516192768 held=805306368 requested=536870912
2026-09-09T19:13:57.658125Z DEBUG transparent_shard_server::memory: work memory admission denied current=5905182720 limit=7516192768 held=805306368 requested=268435456
2026-09-09T19:13:57.688258Z DEBUG transparent_shard_server::memory: work memory admission denied current=5871624192 limit=7516192768 held=805306368 requested=536870912
2026-09-09T19:13:57.789249Z DEBUG transparent_shard_server::memory: work memory admission denied current=5883506688 limit=7516192768 held=536870912 requested=536870912
2026-09-09T19:13:57.891265Z DEBUG transparent_shard_server::memory: work memory admission denied current=5902864384 limit=7516192768 held=805306368 requested=536870912
2026-09-09T19:13:57.992215Z DEBUG transparent_shard_server::memory: work memory admission denied current=5851181056 limit=7516192768 held=536870912 requested=536870912
2026-09-09T19:13:58.093059Z DEBUG transparent_shard_server::memory: work memory admission denied current=5867388928 limit=7516192768 held=805306368 requested=536870912
2026-09-09T19:13:58.194782Z DEBUG transparent_shard_server::memory: work memory admission denied current=5883932672 limit=7516192768 held=536870912 requested=536870912
2026-09-09T19:13:58.296003Z DEBUG transparent_shard_server::memory: work memory admission denied current=5900623872 limit=7516192768 held=536870912 requested=536870912
2026-09-09T19:13:58.398282Z DEBUG transparent_shard_server::memory: work memory admission denied current=5905518592 limit=7516192768 held=805306368 requested=536870912
2026-09-09T19:13:58.499515Z DEBUG transparent_shard_server::memory: work memory admission denied current=5905104896 limit=7516192768 held=536870912 requested=536870912
2026-09-09T19:13:58.603950Z DEBUG transparent_shard_server::memory: work memory admission denied current=5905321984 limit=7516192768 held=805306368 requested=536870912
2026-09-09T19:13:58.705570Z DEBUG transparent_shard_server::memory: work memory admission denied current=5894311936 limit=7516192768 held=536870912 requested=536870912
2026-09-09T19:13:58.806929Z DEBUG transparent_shard_server::memory: work memory admission denied current=5905313792 limit=7516192768 held=536870912 requested=536870912
2026-09-09T19:13:58.869171Z DEBUG transparent_shard_server::runtime: construction stage geometry="recent-8k" table="pages" seconds=2.095498108 stage="pack_preprocessing"
2026-09-09T19:13:58.869458Z DEBUG transparent_shard_server::runtime: construction stage geometry="recent-8k" table="pages" seconds=0.000254015 stage="publish_parameters"
2026-09-09T19:13:58.870440Z DEBUG transparent_shard_server::runtime: runtime stage key=("268f5c527d35817d37919707b04a706c850d449156baa071b5438dbf8eb53aec", Pages, 0) seconds=2.98230447 stage="runtime_build"
2026-09-09T19:13:58.870461Z DEBUG transparent_shard_server::runtime: runtime stage key=("268f5c527d35817d37919707b04a706c850d449156baa071b5438dbf8eb53aec", Pages, 0) reserved_bytes=136314880 stage="serialization_handoff"
2026-09-09T19:13:58.908081Z DEBUG transparent_shard_server::memory: work memory admission denied current=5879271424 limit=7516192768 held=404750336 requested=536870912
2026-09-09T19:13:59.008683Z DEBUG transparent_shard_server::memory: cold build admission wait seconds=3.251881215 admitted=true
2026-09-09T19:13:59.070495Z DEBUG transparent_shard_server::memory: work memory admission denied current=5905424384 limit=7516192768 held=673185792 requested=268435456
2026-09-09T19:13:59.105233Z DEBUG transparent_shard_server::memory: work memory admission denied current=5905448960 limit=7516192768 held=673185792 requested=268435456
2026-09-09T19:13:59.150841Z DEBUG transparent_shard_server::runtime: runtime stage key=("268f5c527d35817d37919707b04a706c850d449156baa071b5438dbf8eb53aec", Directory, 0) seconds=0.142117465 stage="source_load"
2026-09-09T19:13:59.275635Z DEBUG transparent_shard_server::memory: work memory admission denied current=5905285120 limit=7516192768 held=673185792 requested=268435456
2026-09-09T19:13:59.310879Z DEBUG transparent_shard_server::memory: work memory admission denied current=5905457152 limit=7516192768 held=673185792 requested=268435456
2026-09-09T19:13:59.457211Z DEBUG transparent_shard_server::runtime: construction stage geometry="recent-8k" table="directory" seconds=0.306335776 stage="encode_database"
2026-09-09T19:13:59.457342Z DEBUG transparent_shard_server::runtime: construction stage geometry="recent-8k" table="directory" seconds=9.7882e-5 stage="public_setup"
2026-09-09T19:13:59.481083Z DEBUG transparent_shard_server::memory: work memory admission denied current=5905424384 limit=7516192768 held=673185792 requested=268435456
2026-09-09T19:13:59.517562Z DEBUG transparent_shard_server::memory: work memory admission denied current=5905252352 limit=7516192768 held=673185792 requested=268435456
2026-09-09T19:13:59.589142Z DEBUG transparent_shard_server::runtime: runtime stage key=("268f5c527d35817d37919707b04a706c850d449156baa071b5438dbf8eb53aec", Pages, 0) seconds=0.718673949 stage="disk_save"
2026-09-09T19:13:59.723076Z DEBUG transparent_shard_server::memory: work memory admission denied current=5905330176 limit=7516192768 held=805306368 requested=268435456
2026-09-09T19:13:59.932864Z DEBUG transparent_shard_server::memory: work memory admission denied current=5904838656 limit=7516192768 held=805306368 requested=268435456
2026-09-09T19:14:00.032611Z DEBUG transparent_shard_server::runtime: construction stage geometry="recent-8k" table="directory" seconds=0.575261648 stage="hint_columns"
2026-09-09T19:14:02.163487Z DEBUG transparent_shard_server::runtime: construction stage geometry="recent-8k" table="directory" seconds=2.130831978 stage="pack_preprocessing"
2026-09-09T19:14:02.163777Z DEBUG transparent_shard_server::runtime: construction stage geometry="recent-8k" table="directory" seconds=0.000244045 stage="publish_parameters"
2026-09-09T19:14:02.164519Z DEBUG transparent_shard_server::runtime: runtime stage key=("268f5c527d35817d37919707b04a706c850d449156baa071b5438dbf8eb53aec", Directory, 0) seconds=3.013645508 stage="runtime_build"
2026-09-09T19:14:02.164539Z DEBUG transparent_shard_server::runtime: runtime stage key=("268f5c527d35817d37919707b04a706c850d449156baa071b5438dbf8eb53aec", Directory, 0) reserved_bytes=136314880 stage="serialization_handoff"
2026-09-09T19:14:02.864893Z DEBUG transparent_shard_server::runtime: runtime stage key=("268f5c527d35817d37919707b04a706c850d449156baa071b5438dbf8eb53aec", Directory, 0) seconds=0.70034724 stage="disk_save"
2026-09-09T19:14:02.865010Z  INFO transparent_shard_server::service: prewarm finished warm=28 target=28 failed=0 seconds=7.108535175
2026-09-09T19:14:02.865063Z DEBUG transparent_shard_server::live: publication preparation stages map=12cbb58695cd66166197842d179b61598c15effb06ad32efcd899a13e36e7b10 loading_seconds=0.579496138 warming_seconds=7.108716269
test burst::publication_burst_under_exact_load ... ok

test result: ok. 1 passed; 0 failed; 0 ignored; 0 measured; 14 filtered out; finished in 87.09s

Finished with result: success
Main processes terminated with: code=exited/status=0
Service runtime: 1min 27.124s
CPU time consumed: 3min 53.316s
Memory peak: 1.8M
Memory swap peak: 0B
