Running as unit: transparent-full-burst-d3b5def996ce4d7eb04ee7c6b09295bc.service

running 1 test
2026-09-09T18:22:36.488624Z DEBUG transparent_shard_server::runtime: runtime stage key=("5b7ee9849d47f5ee67d04eb6ca4588beacf42dce75e5a1b481dfd02607b1fb20", Pages, 0) seconds=9.29e-7 stage="restore_slot"
2026-09-09T18:22:36.488621Z DEBUG transparent_shard_server::runtime: runtime stage key=("5b7ee9849d47f5ee67d04eb6ca4588beacf42dce75e5a1b481dfd02607b1fb20", Directory, 0) seconds=6.729e-6 stage="restore_slot"
2026-09-09T18:22:36.488784Z DEBUG transparent_shard_server::runtime: runtime stage key=("1f5d7213a380745d83cc554ad16bdf9e039a0304d0de0b71376828e1838d0ea4", Directory, 0) seconds=5.46e-7 stage="restore_slot"
2026-09-09T18:22:36.488826Z DEBUG transparent_shard_server::runtime: runtime stage key=("1f5d7213a380745d83cc554ad16bdf9e039a0304d0de0b71376828e1838d0ea4", Pages, 0) seconds=5.18e-7 stage="restore_slot"
2026-09-09T18:22:36.489207Z DEBUG transparent_shard_server::runtime: runtime stage key=("1f5d7213a380745d83cc554ad16bdf9e039a0304d0de0b71376828e1838d0ea4", Directory, 0) seconds=3.2191e-5 hit=false stage="disk_restore"
2026-09-09T18:22:36.489207Z DEBUG transparent_shard_server::runtime: runtime stage key=("5b7ee9849d47f5ee67d04eb6ca4588beacf42dce75e5a1b481dfd02607b1fb20", Pages, 0) seconds=3.6867e-5 hit=false stage="disk_restore"
2026-09-09T18:22:36.489238Z DEBUG transparent_shard_server::runtime: runtime stage key=("1f5d7213a380745d83cc554ad16bdf9e039a0304d0de0b71376828e1838d0ea4", Pages, 0) seconds=2.4329e-5 hit=false stage="disk_restore"
2026-09-09T18:22:36.489248Z DEBUG transparent_shard_server::runtime: runtime stage key=("5b7ee9849d47f5ee67d04eb6ca4588beacf42dce75e5a1b481dfd02607b1fb20", Directory, 0) seconds=1.1105e-5 hit=false stage="disk_restore"
2026-09-09T18:22:36.489260Z DEBUG transparent_shard_server::runtime: runtime stage key=("1f5d7213a380745d83cc554ad16bdf9e039a0304d0de0b71376828e1838d0ea4", Directory, 0) seconds=9.19e-7 stage="build_slot"
2026-09-09T18:22:36.489296Z DEBUG transparent_shard_server::memory: cold build admission wait seconds=3.2823e-5 admitted=true
2026-09-09T18:22:36.489305Z DEBUG transparent_shard_server::runtime: runtime stage key=("5b7ee9849d47f5ee67d04eb6ca4588beacf42dce75e5a1b481dfd02607b1fb20", Pages, 0) seconds=1.47e-7 stage="build_slot"
2026-09-09T18:22:36.489329Z DEBUG transparent_shard_server::memory: cold build admission wait seconds=2.0537e-5 admitted=true
2026-09-09T18:22:36.624031Z DEBUG transparent_shard_server::runtime: runtime stage key=("1f5d7213a380745d83cc554ad16bdf9e039a0304d0de0b71376828e1838d0ea4", Directory, 0) seconds=0.134718417 stage="source_load"
2026-09-09T18:22:36.624917Z DEBUG transparent_shard_server::runtime: runtime stage key=("5b7ee9849d47f5ee67d04eb6ca4588beacf42dce75e5a1b481dfd02607b1fb20", Pages, 0) seconds=0.13557096 stage="source_load"
2026-09-09T18:22:36.924988Z DEBUG transparent_shard_server::runtime: construction stage geometry="recent-8k" table="directory" seconds=0.300912408 stage="encode_database"
2026-09-09T18:22:36.925092Z DEBUG transparent_shard_server::runtime: construction stage geometry="recent-8k" table="directory" seconds=6.2895e-5 stage="public_setup"
2026-09-09T18:22:36.926318Z DEBUG transparent_shard_server::runtime: construction stage geometry="recent-8k" table="pages" seconds=0.30136609 stage="encode_database"
2026-09-09T18:22:36.926438Z DEBUG transparent_shard_server::runtime: construction stage geometry="recent-8k" table="pages" seconds=9.0768e-5 stage="public_setup"
2026-09-09T18:22:37.991826Z DEBUG transparent_shard_server::runtime: construction stage geometry="recent-8k" table="pages" seconds=1.06538179 stage="hint_columns"
2026-09-09T18:22:37.992238Z DEBUG transparent_shard_server::runtime: construction stage geometry="recent-8k" table="directory" seconds=1.067140182 stage="hint_columns"
2026-09-09T18:22:40.253317Z DEBUG transparent_shard_server::runtime: construction stage geometry="recent-8k" table="pages" seconds=2.261447344 stage="pack_preprocessing"
2026-09-09T18:22:40.253620Z DEBUG transparent_shard_server::runtime: construction stage geometry="recent-8k" table="pages" seconds=0.000261363 stage="publish_parameters"
2026-09-09T18:22:40.254097Z DEBUG transparent_shard_server::runtime: runtime stage key=("5b7ee9849d47f5ee67d04eb6ca4588beacf42dce75e5a1b481dfd02607b1fb20", Pages, 0) seconds=3.62914601 stage="runtime_build"
2026-09-09T18:22:40.268126Z DEBUG transparent_shard_server::runtime: construction stage geometry="recent-8k" table="directory" seconds=2.275857387 stage="pack_preprocessing"
2026-09-09T18:22:40.268438Z DEBUG transparent_shard_server::runtime: construction stage geometry="recent-8k" table="directory" seconds=0.000282002 stage="publish_parameters"
2026-09-09T18:22:40.268887Z DEBUG transparent_shard_server::runtime: runtime stage key=("1f5d7213a380745d83cc554ad16bdf9e039a0304d0de0b71376828e1838d0ea4", Directory, 0) seconds=3.644812324 stage="runtime_build"
2026-09-09T18:22:40.946635Z DEBUG transparent_shard_server::runtime: runtime stage key=("5b7ee9849d47f5ee67d04eb6ca4588beacf42dce75e5a1b481dfd02607b1fb20", Pages, 0) seconds=0.690779388 stage="disk_save"
2026-09-09T18:22:40.946750Z DEBUG transparent_shard_server::runtime: runtime stage key=("1f5d7213a380745d83cc554ad16bdf9e039a0304d0de0b71376828e1838d0ea4", Pages, 0) seconds=4.457413428 stage="build_slot"
2026-09-09T18:22:40.946862Z DEBUG transparent_shard_server::memory: cold build admission wait seconds=8.9523e-5 admitted=true
2026-09-09T18:22:40.946886Z DEBUG transparent_shard_server::runtime: runtime stage key=("ca7afe810c988a8b4b561668f3456a9f38d1fdbb0776614e07ddfeb1a2132000", Directory, 0) seconds=3.8e-7 stage="restore_slot"
2026-09-09T18:22:40.947246Z DEBUG transparent_shard_server::runtime: runtime stage key=("ca7afe810c988a8b4b561668f3456a9f38d1fdbb0776614e07ddfeb1a2132000", Directory, 0) seconds=2.6893e-5 hit=false stage="disk_restore"
2026-09-09T18:22:41.091415Z DEBUG transparent_shard_server::runtime: runtime stage key=("1f5d7213a380745d83cc554ad16bdf9e039a0304d0de0b71376828e1838d0ea4", Pages, 0) seconds=0.144482182 stage="source_load"
2026-09-09T18:22:41.409563Z DEBUG transparent_shard_server::runtime: construction stage geometry="recent-8k" table="pages" seconds=0.318110898 stage="encode_database"
2026-09-09T18:22:41.409657Z DEBUG transparent_shard_server::runtime: construction stage geometry="recent-8k" table="pages" seconds=5.9376e-5 stage="public_setup"
2026-09-09T18:22:41.650295Z DEBUG transparent_shard_server::runtime: runtime stage key=("1f5d7213a380745d83cc554ad16bdf9e039a0304d0de0b71376828e1838d0ea4", Directory, 0) seconds=1.38010883 stage="disk_save"
2026-09-09T18:22:41.650366Z DEBUG transparent_shard_server::runtime: runtime stage key=("5b7ee9849d47f5ee67d04eb6ca4588beacf42dce75e5a1b481dfd02607b1fb20", Directory, 0) seconds=5.161028593 stage="build_slot"
2026-09-09T18:22:41.650384Z DEBUG transparent_shard_server::runtime: runtime stage key=("ca7afe810c988a8b4b561668f3456a9f38d1fdbb0776614e07ddfeb1a2132000", Pages, 0) seconds=8.63e-7 stage="restore_slot"
2026-09-09T18:22:41.650469Z DEBUG transparent_shard_server::memory: cold build admission wait seconds=7.7001e-5 admitted=true
2026-09-09T18:22:41.651224Z DEBUG transparent_shard_server::runtime: runtime stage key=("ca7afe810c988a8b4b561668f3456a9f38d1fdbb0776614e07ddfeb1a2132000", Pages, 0) seconds=4.0644e-5 hit=false stage="disk_restore"
2026-09-09T18:22:41.927650Z DEBUG transparent_shard_server::runtime: runtime stage key=("5b7ee9849d47f5ee67d04eb6ca4588beacf42dce75e5a1b481dfd02607b1fb20", Directory, 0) seconds=0.27046073 stage="source_load"
2026-09-09T18:22:42.084341Z DEBUG transparent_shard_server::runtime: construction stage geometry="recent-8k" table="pages" seconds=0.674678077 stage="hint_columns"
2026-09-09T18:22:42.305912Z DEBUG transparent_shard_server::runtime: construction stage geometry="recent-8k" table="directory" seconds=0.378214227 stage="encode_database"
2026-09-09T18:22:42.306028Z DEBUG transparent_shard_server::runtime: construction stage geometry="recent-8k" table="directory" seconds=6.1667e-5 stage="public_setup"
2026-09-09T18:22:43.044833Z DEBUG transparent_shard_server::runtime: construction stage geometry="recent-8k" table="directory" seconds=0.738796922 stage="hint_columns"
2026-09-09T18:22:44.236428Z DEBUG transparent_shard_server::runtime: construction stage geometry="recent-8k" table="pages" seconds=2.152043958 stage="pack_preprocessing"
2026-09-09T18:22:44.236807Z DEBUG transparent_shard_server::runtime: construction stage geometry="recent-8k" table="pages" seconds=0.000337646 stage="publish_parameters"
2026-09-09T18:22:44.242932Z DEBUG transparent_shard_server::runtime: runtime stage key=("1f5d7213a380745d83cc554ad16bdf9e039a0304d0de0b71376828e1838d0ea4", Pages, 0) seconds=3.151479646 stage="runtime_build"
2026-09-09T18:22:44.950465Z DEBUG transparent_shard_server::runtime: runtime stage key=("1f5d7213a380745d83cc554ad16bdf9e039a0304d0de0b71376828e1838d0ea4", Pages, 0) seconds=0.707480689 stage="disk_save"
2026-09-09T18:22:44.950542Z DEBUG transparent_shard_server::runtime: runtime stage key=("ca7afe810c988a8b4b561668f3456a9f38d1fdbb0776614e07ddfeb1a2132000", Directory, 0) seconds=4.003270923 stage="build_slot"
2026-09-09T18:22:44.950640Z DEBUG transparent_shard_server::memory: cold build admission wait seconds=9.2312e-5 admitted=true
2026-09-09T18:22:44.950682Z DEBUG transparent_shard_server::runtime: runtime stage key=("95df7205357fe2d9c962d2b41daded841e05afa7b6fc8d06dfec46ad04e15335", Directory, 0) seconds=4.17e-7 stage="restore_slot"
2026-09-09T18:22:44.950761Z DEBUG transparent_shard_server::runtime: runtime stage key=("95df7205357fe2d9c962d2b41daded841e05afa7b6fc8d06dfec46ad04e15335", Directory, 0) seconds=3.8865e-5 hit=false stage="disk_restore"
2026-09-09T18:22:45.072417Z DEBUG transparent_shard_server::runtime: runtime stage key=("ca7afe810c988a8b4b561668f3456a9f38d1fdbb0776614e07ddfeb1a2132000", Directory, 0) seconds=0.121731189 stage="source_load"
2026-09-09T18:22:45.320813Z DEBUG transparent_shard_server::runtime: construction stage geometry="recent-8k" table="directory" seconds=2.275921992 stage="pack_preprocessing"
2026-09-09T18:22:45.321121Z DEBUG transparent_shard_server::runtime: construction stage geometry="recent-8k" table="directory" seconds=0.00026495 stage="publish_parameters"
2026-09-09T18:22:45.321620Z DEBUG transparent_shard_server::runtime: runtime stage key=("5b7ee9849d47f5ee67d04eb6ca4588beacf42dce75e5a1b481dfd02607b1fb20", Directory, 0) seconds=3.393924565 stage="runtime_build"
2026-09-09T18:22:45.372053Z DEBUG transparent_shard_server::runtime: construction stage geometry="recent-8k" table="directory" seconds=0.299585249 stage="encode_database"
2026-09-09T18:22:45.372160Z DEBUG transparent_shard_server::runtime: construction stage geometry="recent-8k" table="directory" seconds=7.1325e-5 stage="public_setup"
2026-09-09T18:22:46.030138Z DEBUG transparent_shard_server::runtime: runtime stage key=("5b7ee9849d47f5ee67d04eb6ca4588beacf42dce75e5a1b481dfd02607b1fb20", Directory, 0) seconds=0.708494933 stage="disk_save"
2026-09-09T18:22:46.030241Z DEBUG transparent_shard_server::runtime: runtime stage key=("ca7afe810c988a8b4b561668f3456a9f38d1fdbb0776614e07ddfeb1a2132000", Pages, 0) seconds=4.37898184 stage="build_slot"
2026-09-09T18:22:46.030369Z DEBUG transparent_shard_server::memory: cold build admission wait seconds=0.000101549 admitted=true
2026-09-09T18:22:46.030405Z DEBUG transparent_shard_server::runtime: runtime stage key=("95df7205357fe2d9c962d2b41daded841e05afa7b6fc8d06dfec46ad04e15335", Pages, 0) seconds=8.07e-7 stage="restore_slot"
2026-09-09T18:22:46.034249Z DEBUG transparent_shard_server::runtime: runtime stage key=("95df7205357fe2d9c962d2b41daded841e05afa7b6fc8d06dfec46ad04e15335", Pages, 0) seconds=4.9391e-5 hit=false stage="disk_restore"
2026-09-09T18:22:46.044252Z DEBUG transparent_shard_server::runtime: construction stage geometry="recent-8k" table="directory" seconds=0.672084116 stage="hint_columns"
2026-09-09T18:22:46.158575Z DEBUG transparent_shard_server::runtime: runtime stage key=("ca7afe810c988a8b4b561668f3456a9f38d1fdbb0776614e07ddfeb1a2132000", Pages, 0) seconds=0.125383403 stage="source_load"
2026-09-09T18:22:46.457281Z DEBUG transparent_shard_server::runtime: construction stage geometry="recent-8k" table="pages" seconds=0.298655443 stage="encode_database"
2026-09-09T18:22:46.457419Z DEBUG transparent_shard_server::runtime: construction stage geometry="recent-8k" table="pages" seconds=7.3375e-5 stage="public_setup"
2026-09-09T18:22:47.202109Z DEBUG transparent_shard_server::runtime: construction stage geometry="recent-8k" table="pages" seconds=0.744683698 stage="hint_columns"
2026-09-09T18:22:48.375589Z DEBUG transparent_shard_server::runtime: construction stage geometry="recent-8k" table="directory" seconds=2.3312981649999998 stage="pack_preprocessing"
2026-09-09T18:22:48.375894Z DEBUG transparent_shard_server::runtime: construction stage geometry="recent-8k" table="directory" seconds=0.000260525 stage="publish_parameters"
2026-09-09T18:22:48.376674Z DEBUG transparent_shard_server::runtime: runtime stage key=("ca7afe810c988a8b4b561668f3456a9f38d1fdbb0776614e07ddfeb1a2132000", Directory, 0) seconds=3.304208167 stage="runtime_build"
2026-09-09T18:22:49.063899Z DEBUG transparent_shard_server::runtime: runtime stage key=("ca7afe810c988a8b4b561668f3456a9f38d1fdbb0776614e07ddfeb1a2132000", Directory, 0) seconds=0.687206664 stage="disk_save"
2026-09-09T18:22:49.063976Z DEBUG transparent_shard_server::runtime: runtime stage key=("95df7205357fe2d9c962d2b41daded841e05afa7b6fc8d06dfec46ad04e15335", Directory, 0) seconds=4.11315957 stage="build_slot"
2026-09-09T18:22:49.064038Z DEBUG transparent_shard_server::runtime: runtime stage key=("73d46a59d0d03d7616f9a47e53b50448d4c5a3504e6e296600d8884c8c4403b8", Directory, 0) seconds=8.23e-7 stage="restore_slot"
2026-09-09T18:22:49.064115Z DEBUG transparent_shard_server::memory: cold build admission wait seconds=8.9864e-5 admitted=true
2026-09-09T18:22:49.064168Z DEBUG transparent_shard_server::runtime: runtime stage key=("73d46a59d0d03d7616f9a47e53b50448d4c5a3504e6e296600d8884c8c4403b8", Directory, 0) seconds=3.4554e-5 hit=false stage="disk_restore"
2026-09-09T18:22:49.246536Z DEBUG transparent_shard_server::runtime: runtime stage key=("95df7205357fe2d9c962d2b41daded841e05afa7b6fc8d06dfec46ad04e15335", Directory, 0) seconds=0.18128589 stage="source_load"
2026-09-09T18:22:49.461618Z DEBUG transparent_shard_server::runtime: construction stage geometry="recent-8k" table="pages" seconds=2.2594670150000002 stage="pack_preprocessing"
2026-09-09T18:22:49.461937Z DEBUG transparent_shard_server::runtime: construction stage geometry="recent-8k" table="pages" seconds=0.00027553 stage="publish_parameters"
2026-09-09T18:22:49.462565Z DEBUG transparent_shard_server::runtime: runtime stage key=("ca7afe810c988a8b4b561668f3456a9f38d1fdbb0776614e07ddfeb1a2132000", Pages, 0) seconds=3.303940787 stage="runtime_build"
2026-09-09T18:22:49.552045Z DEBUG transparent_shard_server::runtime: construction stage geometry="recent-8k" table="directory" seconds=0.305459597 stage="encode_database"
2026-09-09T18:22:49.552151Z DEBUG transparent_shard_server::runtime: construction stage geometry="recent-8k" table="directory" seconds=6.6986e-5 stage="public_setup"
2026-09-09T18:22:50.159991Z DEBUG transparent_shard_server::runtime: runtime stage key=("ca7afe810c988a8b4b561668f3456a9f38d1fdbb0776614e07ddfeb1a2132000", Pages, 0) seconds=0.69740472 stage="disk_save"
2026-09-09T18:22:50.160065Z DEBUG transparent_shard_server::runtime: runtime stage key=("95df7205357fe2d9c962d2b41daded841e05afa7b6fc8d06dfec46ad04e15335", Pages, 0) seconds=4.125767351 stage="build_slot"
2026-09-09T18:22:50.160176Z DEBUG transparent_shard_server::memory: cold build admission wait seconds=8.4126e-5 admitted=true
2026-09-09T18:22:50.160204Z DEBUG transparent_shard_server::runtime: runtime stage key=("73d46a59d0d03d7616f9a47e53b50448d4c5a3504e6e296600d8884c8c4403b8", Pages, 0) seconds=5.53e-7 stage="restore_slot"
2026-09-09T18:22:50.165234Z DEBUG transparent_shard_server::runtime: runtime stage key=("73d46a59d0d03d7616f9a47e53b50448d4c5a3504e6e296600d8884c8c4403b8", Pages, 0) seconds=4.4149e-5 hit=false stage="disk_restore"
2026-09-09T18:22:50.225946Z DEBUG transparent_shard_server::runtime: construction stage geometry="recent-8k" table="directory" seconds=0.673772607 stage="hint_columns"
2026-09-09T18:22:50.313975Z DEBUG transparent_shard_server::runtime: runtime stage key=("95df7205357fe2d9c962d2b41daded841e05afa7b6fc8d06dfec46ad04e15335", Pages, 0) seconds=0.15179212 stage="source_load"
2026-09-09T18:22:50.603086Z DEBUG transparent_shard_server::runtime: construction stage geometry="recent-8k" table="pages" seconds=0.289059648 stage="encode_database"
2026-09-09T18:22:50.603208Z DEBUG transparent_shard_server::runtime: construction stage geometry="recent-8k" table="pages" seconds=7.9389e-5 stage="public_setup"
2026-09-09T18:22:51.358190Z DEBUG transparent_shard_server::runtime: construction stage geometry="recent-8k" table="pages" seconds=0.754967931 stage="hint_columns"
2026-09-09T18:22:52.544749Z DEBUG transparent_shard_server::runtime: construction stage geometry="recent-8k" table="directory" seconds=2.318738113 stage="pack_preprocessing"
2026-09-09T18:22:52.545056Z DEBUG transparent_shard_server::runtime: construction stage geometry="recent-8k" table="directory" seconds=0.000264522 stage="publish_parameters"
2026-09-09T18:22:52.545834Z DEBUG transparent_shard_server::runtime: runtime stage key=("95df7205357fe2d9c962d2b41daded841e05afa7b6fc8d06dfec46ad04e15335", Directory, 0) seconds=3.299249588 stage="runtime_build"
2026-09-09T18:22:53.290743Z DEBUG transparent_shard_server::runtime: runtime stage key=("95df7205357fe2d9c962d2b41daded841e05afa7b6fc8d06dfec46ad04e15335", Directory, 0) seconds=0.744884609 stage="disk_save"
2026-09-09T18:22:53.290841Z DEBUG transparent_shard_server::runtime: runtime stage key=("73d46a59d0d03d7616f9a47e53b50448d4c5a3504e6e296600d8884c8c4403b8", Directory, 0) seconds=4.226632456 stage="build_slot"
2026-09-09T18:22:53.290861Z DEBUG transparent_shard_server::runtime: runtime stage key=("b16be2933ab920bc4745ea8917e5167a7a685c211e0b4febe88b4d3018f970bc", Directory, 0) seconds=8.24e-7 stage="restore_slot"
2026-09-09T18:22:53.290934Z DEBUG transparent_shard_server::memory: cold build admission wait seconds=7.0771e-5 admitted=true
2026-09-09T18:22:53.290988Z DEBUG transparent_shard_server::runtime: runtime stage key=("b16be2933ab920bc4745ea8917e5167a7a685c211e0b4febe88b4d3018f970bc", Directory, 0) seconds=3.6011e-5 hit=false stage="disk_restore"
2026-09-09T18:22:53.420974Z DEBUG transparent_shard_server::runtime: runtime stage key=("73d46a59d0d03d7616f9a47e53b50448d4c5a3504e6e296600d8884c8c4403b8", Directory, 0) seconds=0.130000374 stage="source_load"
2026-09-09T18:22:53.578570Z DEBUG transparent_shard_server::runtime: construction stage geometry="recent-8k" table="pages" seconds=2.220336199 stage="pack_preprocessing"
2026-09-09T18:22:53.578865Z DEBUG transparent_shard_server::runtime: construction stage geometry="recent-8k" table="pages" seconds=0.000250003 stage="publish_parameters"
2026-09-09T18:22:53.579484Z DEBUG transparent_shard_server::runtime: runtime stage key=("95df7205357fe2d9c962d2b41daded841e05afa7b6fc8d06dfec46ad04e15335", Pages, 0) seconds=3.265460526 stage="runtime_build"
2026-09-09T18:22:53.713864Z DEBUG transparent_shard_server::runtime: construction stage geometry="recent-8k" table="directory" seconds=0.292844669 stage="encode_database"
2026-09-09T18:22:53.713973Z DEBUG transparent_shard_server::runtime: construction stage geometry="recent-8k" table="directory" seconds=7.2733e-5 stage="public_setup"
2026-09-09T18:22:54.324977Z DEBUG transparent_shard_server::runtime: construction stage geometry="recent-8k" table="directory" seconds=0.610997136 stage="hint_columns"
2026-09-09T18:22:54.573306Z DEBUG transparent_shard_server::runtime: runtime stage key=("95df7205357fe2d9c962d2b41daded841e05afa7b6fc8d06dfec46ad04e15335", Pages, 0) seconds=0.993803046 stage="disk_save"
2026-09-09T18:22:54.573395Z DEBUG transparent_shard_server::runtime: runtime stage key=("73d46a59d0d03d7616f9a47e53b50448d4c5a3504e6e296600d8884c8c4403b8", Pages, 0) seconds=4.408113477 stage="build_slot"
2026-09-09T18:22:54.573507Z DEBUG transparent_shard_server::memory: cold build admission wait seconds=8.2932e-5 admitted=true
2026-09-09T18:22:54.573547Z DEBUG transparent_shard_server::runtime: runtime stage key=("b16be2933ab920bc4745ea8917e5167a7a685c211e0b4febe88b4d3018f970bc", Pages, 0) seconds=7.35e-7 stage="restore_slot"
2026-09-09T18:22:54.577253Z DEBUG transparent_shard_server::runtime: runtime stage key=("b16be2933ab920bc4745ea8917e5167a7a685c211e0b4febe88b4d3018f970bc", Pages, 0) seconds=3.7251e-5 hit=false stage="disk_restore"
2026-09-09T18:22:54.697169Z DEBUG transparent_shard_server::runtime: runtime stage key=("73d46a59d0d03d7616f9a47e53b50448d4c5a3504e6e296600d8884c8c4403b8", Pages, 0) seconds=0.123575559 stage="source_load"
2026-09-09T18:22:54.988446Z DEBUG transparent_shard_server::runtime: construction stage geometry="recent-8k" table="pages" seconds=0.291223983 stage="encode_database"
2026-09-09T18:22:54.988582Z DEBUG transparent_shard_server::runtime: construction stage geometry="recent-8k" table="pages" seconds=7.0737e-5 stage="public_setup"
2026-09-09T18:22:55.657201Z DEBUG transparent_shard_server::runtime: construction stage geometry="recent-8k" table="pages" seconds=0.668611975 stage="hint_columns"
2026-09-09T18:22:56.868926Z DEBUG transparent_shard_server::runtime: construction stage geometry="recent-8k" table="directory" seconds=2.5439027530000002 stage="pack_preprocessing"
2026-09-09T18:22:56.869249Z DEBUG transparent_shard_server::runtime: construction stage geometry="recent-8k" table="directory" seconds=0.000283876 stage="publish_parameters"
2026-09-09T18:22:56.870203Z DEBUG transparent_shard_server::runtime: runtime stage key=("73d46a59d0d03d7616f9a47e53b50448d4c5a3504e6e296600d8884c8c4403b8", Directory, 0) seconds=3.449185667 stage="runtime_build"
2026-09-09T18:22:57.614184Z DEBUG transparent_shard_server::runtime: runtime stage key=("73d46a59d0d03d7616f9a47e53b50448d4c5a3504e6e296600d8884c8c4403b8", Directory, 0) seconds=0.743958708 stage="disk_save"
2026-09-09T18:22:57.614245Z DEBUG transparent_shard_server::runtime: runtime stage key=("b16be2933ab920bc4745ea8917e5167a7a685c211e0b4febe88b4d3018f970bc", Directory, 0) seconds=4.323219966 stage="build_slot"
2026-09-09T18:22:57.614320Z DEBUG transparent_shard_server::memory: cold build admission wait seconds=7.0788e-5 admitted=true
2026-09-09T18:22:57.614357Z DEBUG transparent_shard_server::runtime: runtime stage key=("16b8227360ce35dd2e111156f5e31fd5eb500ff877879a212fef6cf8471de8a5", Directory, 0) seconds=5.61e-7 stage="restore_slot"
2026-09-09T18:22:57.615274Z DEBUG transparent_shard_server::runtime: runtime stage key=("16b8227360ce35dd2e111156f5e31fd5eb500ff877879a212fef6cf8471de8a5", Directory, 0) seconds=2.8094e-5 hit=false stage="disk_restore"
2026-09-09T18:22:57.743155Z DEBUG transparent_shard_server::runtime: runtime stage key=("b16be2933ab920bc4745ea8917e5167a7a685c211e0b4febe88b4d3018f970bc", Directory, 0) seconds=0.127923659 stage="source_load"
2026-09-09T18:22:57.894631Z DEBUG transparent_shard_server::runtime: construction stage geometry="recent-8k" table="pages" seconds=2.237383504 stage="pack_preprocessing"
2026-09-09T18:22:57.894956Z DEBUG transparent_shard_server::runtime: construction stage geometry="recent-8k" table="pages" seconds=0.000280847 stage="publish_parameters"
2026-09-09T18:22:57.895528Z DEBUG transparent_shard_server::runtime: runtime stage key=("73d46a59d0d03d7616f9a47e53b50448d4c5a3504e6e296600d8884c8c4403b8", Pages, 0) seconds=3.198309121 stage="runtime_build"
2026-09-09T18:22:58.048442Z DEBUG transparent_shard_server::runtime: construction stage geometry="recent-8k" table="directory" seconds=0.305231805 stage="encode_database"
2026-09-09T18:22:58.048552Z DEBUG transparent_shard_server::runtime: construction stage geometry="recent-8k" table="directory" seconds=7.4218e-5 stage="public_setup"
2026-09-09T18:22:58.590415Z DEBUG transparent_shard_server::runtime: runtime stage key=("73d46a59d0d03d7616f9a47e53b50448d4c5a3504e6e296600d8884c8c4403b8", Pages, 0) seconds=0.694864778 stage="disk_save"
2026-09-09T18:22:58.590488Z DEBUG transparent_shard_server::runtime: runtime stage key=("b16be2933ab920bc4745ea8917e5167a7a685c211e0b4febe88b4d3018f970bc", Pages, 0) seconds=4.01318729 stage="build_slot"
2026-09-09T18:22:58.590599Z DEBUG transparent_shard_server::memory: cold build admission wait seconds=7.5485e-5 admitted=true
2026-09-09T18:22:58.590623Z DEBUG transparent_shard_server::runtime: runtime stage key=("16b8227360ce35dd2e111156f5e31fd5eb500ff877879a212fef6cf8471de8a5", Pages, 0) seconds=6.77e-7 stage="restore_slot"
2026-09-09T18:22:58.596227Z DEBUG transparent_shard_server::runtime: runtime stage key=("16b8227360ce35dd2e111156f5e31fd5eb500ff877879a212fef6cf8471de8a5", Pages, 0) seconds=4.4409e-5 hit=false stage="disk_restore"
2026-09-09T18:22:58.708235Z DEBUG transparent_shard_server::runtime: construction stage geometry="recent-8k" table="directory" seconds=0.659675288 stage="hint_columns"
2026-09-09T18:22:58.773006Z DEBUG transparent_shard_server::runtime: runtime stage key=("b16be2933ab920bc4745ea8917e5167a7a685c211e0b4febe88b4d3018f970bc", Pages, 0) seconds=0.18082095 stage="source_load"
2026-09-09T18:22:59.065986Z DEBUG transparent_shard_server::runtime: construction stage geometry="recent-8k" table="pages" seconds=0.292924825 stage="encode_database"
2026-09-09T18:22:59.066106Z DEBUG transparent_shard_server::runtime: construction stage geometry="recent-8k" table="pages" seconds=7.1192e-5 stage="public_setup"
2026-09-09T18:22:59.819778Z DEBUG transparent_shard_server::runtime: construction stage geometry="recent-8k" table="pages" seconds=0.753665604 stage="hint_columns"
2026-09-09T18:23:01.007245Z DEBUG transparent_shard_server::runtime: construction stage geometry="recent-8k" table="directory" seconds=2.298960378 stage="pack_preprocessing"
2026-09-09T18:23:01.007556Z DEBUG transparent_shard_server::runtime: construction stage geometry="recent-8k" table="directory" seconds=0.000270981 stage="publish_parameters"
2026-09-09T18:23:01.008325Z DEBUG transparent_shard_server::runtime: runtime stage key=("b16be2933ab920bc4745ea8917e5167a7a685c211e0b4febe88b4d3018f970bc", Directory, 0) seconds=3.265116424 stage="runtime_build"
2026-09-09T18:23:01.757480Z DEBUG transparent_shard_server::runtime: runtime stage key=("b16be2933ab920bc4745ea8917e5167a7a685c211e0b4febe88b4d3018f970bc", Directory, 0) seconds=0.749135796 stage="disk_save"
2026-09-09T18:23:01.757550Z DEBUG transparent_shard_server::runtime: runtime stage key=("16b8227360ce35dd2e111156f5e31fd5eb500ff877879a212fef6cf8471de8a5", Directory, 0) seconds=4.142254863 stage="build_slot"
2026-09-09T18:23:01.757584Z DEBUG transparent_shard_server::runtime: runtime stage key=("1cd27964911287b2a127c1f8df5e6b0c19f5b4db309391c5adb2db3072bfec6e", Directory, 0) seconds=7.78e-7 stage="restore_slot"
2026-09-09T18:23:01.757656Z DEBUG transparent_shard_server::memory: cold build admission wait seconds=7.9282e-5 admitted=true
2026-09-09T18:23:01.757707Z DEBUG transparent_shard_server::runtime: runtime stage key=("1cd27964911287b2a127c1f8df5e6b0c19f5b4db309391c5adb2db3072bfec6e", Directory, 0) seconds=3.9606e-5 hit=false stage="disk_restore"
2026-09-09T18:23:01.882227Z DEBUG transparent_shard_server::runtime: runtime stage key=("16b8227360ce35dd2e111156f5e31fd5eb500ff877879a212fef6cf8471de8a5", Directory, 0) seconds=0.124491368 stage="source_load"
2026-09-09T18:23:02.054061Z DEBUG transparent_shard_server::runtime: construction stage geometry="recent-8k" table="pages" seconds=2.234237133 stage="pack_preprocessing"
2026-09-09T18:23:02.054374Z DEBUG transparent_shard_server::runtime: construction stage geometry="recent-8k" table="pages" seconds=0.000271002 stage="publish_parameters"
2026-09-09T18:23:02.054945Z DEBUG transparent_shard_server::runtime: runtime stage key=("b16be2933ab920bc4745ea8917e5167a7a685c211e0b4febe88b4d3018f970bc", Pages, 0) seconds=3.281886478 stage="runtime_build"
2026-09-09T18:23:02.186810Z DEBUG transparent_shard_server::runtime: construction stage geometry="recent-8k" table="directory" seconds=0.304535652 stage="encode_database"
2026-09-09T18:23:02.186921Z DEBUG transparent_shard_server::runtime: construction stage geometry="recent-8k" table="directory" seconds=7.8772e-5 stage="public_setup"
2026-09-09T18:23:02.794376Z DEBUG transparent_shard_server::runtime: construction stage geometry="recent-8k" table="directory" seconds=0.607438744 stage="hint_columns"
2026-09-09T18:23:03.063911Z DEBUG transparent_shard_server::runtime: runtime stage key=("b16be2933ab920bc4745ea8917e5167a7a685c211e0b4febe88b4d3018f970bc", Pages, 0) seconds=1.008947456 stage="disk_save"
2026-09-09T18:23:03.064002Z DEBUG transparent_shard_server::runtime: runtime stage key=("16b8227360ce35dd2e111156f5e31fd5eb500ff877879a212fef6cf8471de8a5", Pages, 0) seconds=4.467731391 stage="build_slot"
2026-09-09T18:23:03.064057Z DEBUG transparent_shard_server::runtime: runtime stage key=("1cd27964911287b2a127c1f8df5e6b0c19f5b4db309391c5adb2db3072bfec6e", Pages, 0) seconds=1.041e-6 stage="restore_slot"
2026-09-09T18:23:03.064108Z DEBUG transparent_shard_server::memory: cold build admission wait seconds=8.1307e-5 admitted=true
2026-09-09T18:23:03.064198Z DEBUG transparent_shard_server::runtime: runtime stage key=("1cd27964911287b2a127c1f8df5e6b0c19f5b4db309391c5adb2db3072bfec6e", Pages, 0) seconds=4.4785e-5 hit=false stage="disk_restore"
2026-09-09T18:23:03.187740Z DEBUG transparent_shard_server::runtime: runtime stage key=("16b8227360ce35dd2e111156f5e31fd5eb500ff877879a212fef6cf8471de8a5", Pages, 0) seconds=0.123603368 stage="source_load"
2026-09-09T18:23:03.489081Z DEBUG transparent_shard_server::runtime: construction stage geometry="recent-8k" table="pages" seconds=0.301294508 stage="encode_database"
2026-09-09T18:23:03.489203Z DEBUG transparent_shard_server::runtime: construction stage geometry="recent-8k" table="pages" seconds=8.0898e-5 stage="public_setup"
2026-09-09T18:23:04.158199Z DEBUG transparent_shard_server::runtime: construction stage geometry="recent-8k" table="pages" seconds=0.668987626 stage="hint_columns"
2026-09-09T18:23:05.329697Z DEBUG transparent_shard_server::runtime: construction stage geometry="recent-8k" table="directory" seconds=2.535287241 stage="pack_preprocessing"
2026-09-09T18:23:05.330016Z DEBUG transparent_shard_server::runtime: construction stage geometry="recent-8k" table="directory" seconds=0.000275851 stage="publish_parameters"
2026-09-09T18:23:05.330819Z DEBUG transparent_shard_server::runtime: runtime stage key=("16b8227360ce35dd2e111156f5e31fd5eb500ff877879a212fef6cf8471de8a5", Directory, 0) seconds=3.448545491 stage="runtime_build"
2026-09-09T18:23:06.063330Z DEBUG transparent_shard_server::runtime: runtime stage key=("16b8227360ce35dd2e111156f5e31fd5eb500ff877879a212fef6cf8471de8a5", Directory, 0) seconds=0.732488619 stage="disk_save"
2026-09-09T18:23:06.063402Z DEBUG transparent_shard_server::runtime: runtime stage key=("1cd27964911287b2a127c1f8df5e6b0c19f5b4db309391c5adb2db3072bfec6e", Directory, 0) seconds=4.305658885 stage="build_slot"
2026-09-09T18:23:06.063446Z DEBUG transparent_shard_server::runtime: runtime stage key=("27f56c565263ecffb8c7736d4e811665d81bf4ed71c7978431fcc4f45b645ee1", Directory, 0) seconds=9.26e-7 stage="restore_slot"
2026-09-09T18:23:06.063505Z DEBUG transparent_shard_server::memory: cold build admission wait seconds=7.9747e-5 admitted=true
2026-09-09T18:23:06.067236Z DEBUG transparent_shard_server::runtime: runtime stage key=("27f56c565263ecffb8c7736d4e811665d81bf4ed71c7978431fcc4f45b645ee1", Directory, 0) seconds=3.3501e-5 hit=false stage="disk_restore"
2026-09-09T18:23:06.186169Z DEBUG transparent_shard_server::runtime: runtime stage key=("1cd27964911287b2a127c1f8df5e6b0c19f5b4db309391c5adb2db3072bfec6e", Directory, 0) seconds=0.121969322 stage="source_load"
2026-09-09T18:23:06.371635Z DEBUG transparent_shard_server::runtime: construction stage geometry="recent-8k" table="pages" seconds=2.213392347 stage="pack_preprocessing"
2026-09-09T18:23:06.371944Z DEBUG transparent_shard_server::runtime: construction stage geometry="recent-8k" table="pages" seconds=0.000266389 stage="publish_parameters"
2026-09-09T18:23:06.372556Z DEBUG transparent_shard_server::runtime: runtime stage key=("16b8227360ce35dd2e111156f5e31fd5eb500ff877879a212fef6cf8471de8a5", Pages, 0) seconds=3.184771971 stage="runtime_build"
2026-09-09T18:23:06.480696Z DEBUG transparent_shard_server::runtime: construction stage geometry="recent-8k" table="directory" seconds=0.294478687 stage="encode_database"
2026-09-09T18:23:06.480837Z DEBUG transparent_shard_server::runtime: construction stage geometry="recent-8k" table="directory" seconds=9.0587e-5 stage="public_setup"
2026-09-09T18:23:07.076477Z DEBUG transparent_shard_server::runtime: runtime stage key=("16b8227360ce35dd2e111156f5e31fd5eb500ff877879a212fef6cf8471de8a5", Pages, 0) seconds=0.703884903 stage="disk_save"
2026-09-09T18:23:07.076542Z DEBUG transparent_shard_server::runtime: runtime stage key=("1cd27964911287b2a127c1f8df5e6b0c19f5b4db309391c5adb2db3072bfec6e", Pages, 0) seconds=4.012305316 stage="build_slot"
2026-09-09T18:23:07.076578Z DEBUG transparent_shard_server::runtime: runtime stage key=("27f56c565263ecffb8c7736d4e811665d81bf4ed71c7978431fcc4f45b645ee1", Pages, 0) seconds=1.074e-6 stage="restore_slot"
2026-09-09T18:23:07.076617Z DEBUG transparent_shard_server::memory: cold build admission wait seconds=6.953e-5 admitted=true
2026-09-09T18:23:07.082229Z DEBUG transparent_shard_server::runtime: runtime stage key=("27f56c565263ecffb8c7736d4e811665d81bf4ed71c7978431fcc4f45b645ee1", Pages, 0) seconds=3.8347e-5 hit=false stage="disk_restore"
2026-09-09T18:23:07.150250Z DEBUG transparent_shard_server::runtime: construction stage geometry="recent-8k" table="directory" seconds=0.669405448 stage="hint_columns"
2026-09-09T18:23:07.237584Z DEBUG transparent_shard_server::runtime: runtime stage key=("1cd27964911287b2a127c1f8df5e6b0c19f5b4db309391c5adb2db3072bfec6e", Pages, 0) seconds=0.158409021 stage="source_load"
2026-09-09T18:23:07.539907Z DEBUG transparent_shard_server::runtime: construction stage geometry="recent-8k" table="pages" seconds=0.302266526 stage="encode_database"
2026-09-09T18:23:07.540024Z DEBUG transparent_shard_server::runtime: construction stage geometry="recent-8k" table="pages" seconds=7.3356e-5 stage="public_setup"
2026-09-09T18:23:08.298205Z DEBUG transparent_shard_server::runtime: construction stage geometry="recent-8k" table="pages" seconds=0.758175002 stage="hint_columns"
2026-09-09T18:23:09.442020Z DEBUG transparent_shard_server::runtime: construction stage geometry="recent-8k" table="directory" seconds=2.291727424 stage="pack_preprocessing"
2026-09-09T18:23:09.442327Z DEBUG transparent_shard_server::runtime: construction stage geometry="recent-8k" table="directory" seconds=0.000261459 stage="publish_parameters"
2026-09-09T18:23:09.443114Z DEBUG transparent_shard_server::runtime: runtime stage key=("1cd27964911287b2a127c1f8df5e6b0c19f5b4db309391c5adb2db3072bfec6e", Directory, 0) seconds=3.25689826 stage="runtime_build"
2026-09-09T18:23:10.187068Z DEBUG transparent_shard_server::runtime: runtime stage key=("1cd27964911287b2a127c1f8df5e6b0c19f5b4db309391c5adb2db3072bfec6e", Directory, 0) seconds=0.743938168 stage="disk_save"
2026-09-09T18:23:10.187142Z DEBUG transparent_shard_server::runtime: runtime stage key=("27f56c565263ecffb8c7736d4e811665d81bf4ed71c7978431fcc4f45b645ee1", Directory, 0) seconds=4.119855986 stage="build_slot"
2026-09-09T18:23:10.187172Z DEBUG transparent_shard_server::runtime: runtime stage key=("ced665ae1f1140944bcd0c9aa2b83c1019df768df87fa513f9509106fc5b88c1", Directory, 0) seconds=9.18e-7 stage="restore_slot"
2026-09-09T18:23:10.187284Z DEBUG transparent_shard_server::memory: cold build admission wait seconds=9.4961e-5 admitted=true
2026-09-09T18:23:10.187358Z DEBUG transparent_shard_server::runtime: runtime stage key=("ced665ae1f1140944bcd0c9aa2b83c1019df768df87fa513f9509106fc5b88c1", Directory, 0) seconds=3.8337e-5 hit=false stage="disk_restore"
2026-09-09T18:23:10.312481Z DEBUG transparent_shard_server::runtime: runtime stage key=("27f56c565263ecffb8c7736d4e811665d81bf4ed71c7978431fcc4f45b645ee1", Directory, 0) seconds=0.124276807 stage="source_load"
2026-09-09T18:23:10.511546Z DEBUG transparent_shard_server::runtime: construction stage geometry="recent-8k" table="pages" seconds=2.213295993 stage="pack_preprocessing"
2026-09-09T18:23:10.511875Z DEBUG transparent_shard_server::runtime: construction stage geometry="recent-8k" table="pages" seconds=0.000276124 stage="publish_parameters"
2026-09-09T18:23:10.512548Z DEBUG transparent_shard_server::runtime: runtime stage key=("1cd27964911287b2a127c1f8df5e6b0c19f5b4db309391c5adb2db3072bfec6e", Pages, 0) seconds=3.274909932 stage="runtime_build"
2026-09-09T18:23:10.605013Z DEBUG transparent_shard_server::runtime: construction stage geometry="recent-8k" table="directory" seconds=0.292486546 stage="encode_database"
2026-09-09T18:23:10.605119Z DEBUG transparent_shard_server::runtime: construction stage geometry="recent-8k" table="directory" seconds=7.3536e-5 stage="public_setup"
2026-09-09T18:23:11.203586Z DEBUG transparent_shard_server::runtime: runtime stage key=("1cd27964911287b2a127c1f8df5e6b0c19f5b4db309391c5adb2db3072bfec6e", Pages, 0) seconds=0.691015231 stage="disk_save"
2026-09-09T18:23:11.203662Z DEBUG transparent_shard_server::runtime: runtime stage key=("27f56c565263ecffb8c7736d4e811665d81bf4ed71c7978431fcc4f45b645ee1", Pages, 0) seconds=4.121394882 stage="build_slot"
2026-09-09T18:23:11.203690Z DEBUG transparent_shard_server::runtime: runtime stage key=("ced665ae1f1140944bcd0c9aa2b83c1019df768df87fa513f9509106fc5b88c1", Pages, 0) seconds=1.487e-6 stage="restore_slot"
2026-09-09T18:23:11.203771Z DEBUG transparent_shard_server::memory: cold build admission wait seconds=8.1762e-5 admitted=true
2026-09-09T18:23:11.203772Z DEBUG transparent_shard_server::memory: work memory admission denied current=5536411648 limit=7516192768 held=1073741824 requested=268435456
2026-09-09T18:23:11.203778Z DEBUG transparent_shard_server::runtime: runtime admission denied key=("ced665ae1f1140944bcd0c9aa2b83c1019df768df87fa513f9509106fc5b88c1", Pages, 0) stage="restore_admission"
2026-09-09T18:23:11.203783Z DEBUG transparent_shard_server::prewarm: prewarm admission retry; sleeping 100ms
2026-09-09T18:23:11.282191Z DEBUG transparent_shard_server::runtime: construction stage geometry="recent-8k" table="directory" seconds=0.677064521 stage="hint_columns"
2026-09-09T18:23:11.304375Z DEBUG transparent_shard_server::runtime: runtime stage key=("ced665ae1f1140944bcd0c9aa2b83c1019df768df87fa513f9509106fc5b88c1", Pages, 0) seconds=1.768e-6 stage="restore_slot"
2026-09-09T18:23:11.304493Z DEBUG transparent_shard_server::memory: work memory admission denied current=5536411648 limit=7516192768 held=1073741824 requested=268435456
2026-09-09T18:23:11.304497Z DEBUG transparent_shard_server::runtime: runtime admission denied key=("ced665ae1f1140944bcd0c9aa2b83c1019df768df87fa513f9509106fc5b88c1", Pages, 0) stage="restore_admission"
2026-09-09T18:23:11.304502Z DEBUG transparent_shard_server::prewarm: prewarm admission retry; sleeping 100ms
2026-09-09T18:23:11.370782Z DEBUG transparent_shard_server::runtime: runtime stage key=("27f56c565263ecffb8c7736d4e811665d81bf4ed71c7978431fcc4f45b645ee1", Pages, 0) seconds=0.166978593 stage="source_load"
2026-09-09T18:23:11.405716Z DEBUG transparent_shard_server::runtime: runtime stage key=("ced665ae1f1140944bcd0c9aa2b83c1019df768df87fa513f9509106fc5b88c1", Pages, 0) seconds=1.796e-6 stage="restore_slot"
2026-09-09T18:23:11.405872Z DEBUG transparent_shard_server::memory: work memory admission denied current=5578616832 limit=7516192768 held=1073741824 requested=268435456
2026-09-09T18:23:11.405877Z DEBUG transparent_shard_server::runtime: runtime admission denied key=("ced665ae1f1140944bcd0c9aa2b83c1019df768df87fa513f9509106fc5b88c1", Pages, 0) stage="restore_admission"
2026-09-09T18:23:11.405884Z DEBUG transparent_shard_server::prewarm: prewarm admission retry; sleeping 100ms
2026-09-09T18:23:11.507061Z DEBUG transparent_shard_server::runtime: runtime stage key=("ced665ae1f1140944bcd0c9aa2b83c1019df768df87fa513f9509106fc5b88c1", Pages, 0) seconds=1.488e-6 stage="restore_slot"
2026-09-09T18:23:11.507193Z DEBUG transparent_shard_server::memory: work memory admission denied current=5587005440 limit=7516192768 held=1073741824 requested=268435456
2026-09-09T18:23:11.507200Z DEBUG transparent_shard_server::runtime: runtime admission denied key=("ced665ae1f1140944bcd0c9aa2b83c1019df768df87fa513f9509106fc5b88c1", Pages, 0) stage="restore_admission"
2026-09-09T18:23:11.507220Z DEBUG transparent_shard_server::prewarm: prewarm admission retry; sleeping 100ms
2026-09-09T18:23:11.608431Z DEBUG transparent_shard_server::runtime: runtime stage key=("ced665ae1f1140944bcd0c9aa2b83c1019df768df87fa513f9509106fc5b88c1", Pages, 0) seconds=1.509e-6 stage="restore_slot"
2026-09-09T18:23:11.608553Z DEBUG transparent_shard_server::memory: work memory admission denied current=5603782656 limit=7516192768 held=1073741824 requested=268435456
2026-09-09T18:23:11.608557Z DEBUG transparent_shard_server::runtime: runtime admission denied key=("ced665ae1f1140944bcd0c9aa2b83c1019df768df87fa513f9509106fc5b88c1", Pages, 0) stage="restore_admission"
2026-09-09T18:23:11.608562Z DEBUG transparent_shard_server::prewarm: prewarm admission retry; sleeping 100ms
2026-09-09T18:23:11.678126Z DEBUG transparent_shard_server::runtime: construction stage geometry="recent-8k" table="pages" seconds=0.307292222 stage="encode_database"
2026-09-09T18:23:11.678258Z DEBUG transparent_shard_server::runtime: construction stage geometry="recent-8k" table="pages" seconds=8.0623e-5 stage="public_setup"
2026-09-09T18:23:11.709779Z DEBUG transparent_shard_server::runtime: runtime stage key=("ced665ae1f1140944bcd0c9aa2b83c1019df768df87fa513f9509106fc5b88c1", Pages, 0) seconds=1.908e-6 stage="restore_slot"
2026-09-09T18:23:11.709902Z DEBUG transparent_shard_server::memory: work memory admission denied current=5603782656 limit=7516192768 held=1073741824 requested=268435456
2026-09-09T18:23:11.709908Z DEBUG transparent_shard_server::runtime: runtime admission denied key=("ced665ae1f1140944bcd0c9aa2b83c1019df768df87fa513f9509106fc5b88c1", Pages, 0) stage="restore_admission"
2026-09-09T18:23:11.709914Z DEBUG transparent_shard_server::prewarm: prewarm admission retry; sleeping 100ms
2026-09-09T18:23:11.810265Z DEBUG transparent_shard_server::runtime: runtime stage key=("ced665ae1f1140944bcd0c9aa2b83c1019df768df87fa513f9509106fc5b88c1", Pages, 0) seconds=1.487e-6 stage="restore_slot"
2026-09-09T18:23:11.810391Z DEBUG transparent_shard_server::memory: work memory admission denied current=5603782656 limit=7516192768 held=1073741824 requested=268435456
2026-09-09T18:23:11.810396Z DEBUG transparent_shard_server::runtime: runtime admission denied key=("ced665ae1f1140944bcd0c9aa2b83c1019df768df87fa513f9509106fc5b88c1", Pages, 0) stage="restore_admission"
2026-09-09T18:23:11.810401Z DEBUG transparent_shard_server::prewarm: prewarm admission retry; sleeping 100ms
2026-09-09T18:23:11.911622Z DEBUG transparent_shard_server::runtime: runtime stage key=("ced665ae1f1140944bcd0c9aa2b83c1019df768df87fa513f9509106fc5b88c1", Pages, 0) seconds=1.481e-6 stage="restore_slot"
2026-09-09T18:23:11.911745Z DEBUG transparent_shard_server::memory: work memory admission denied current=5603782656 limit=7516192768 held=1073741824 requested=268435456
2026-09-09T18:23:11.911751Z DEBUG transparent_shard_server::runtime: runtime admission denied key=("ced665ae1f1140944bcd0c9aa2b83c1019df768df87fa513f9509106fc5b88c1", Pages, 0) stage="restore_admission"
2026-09-09T18:23:11.911756Z DEBUG transparent_shard_server::prewarm: prewarm admission retry; sleeping 100ms
2026-09-09T18:23:12.012945Z DEBUG transparent_shard_server::runtime: runtime stage key=("ced665ae1f1140944bcd0c9aa2b83c1019df768df87fa513f9509106fc5b88c1", Pages, 0) seconds=1.965e-6 stage="restore_slot"
2026-09-09T18:23:12.013076Z DEBUG transparent_shard_server::memory: work memory admission denied current=5603782656 limit=7516192768 held=1073741824 requested=268435456
2026-09-09T18:23:12.013081Z DEBUG transparent_shard_server::runtime: runtime admission denied key=("ced665ae1f1140944bcd0c9aa2b83c1019df768df87fa513f9509106fc5b88c1", Pages, 0) stage="restore_admission"
2026-09-09T18:23:12.013086Z DEBUG transparent_shard_server::prewarm: prewarm admission retry; sleeping 100ms
2026-09-09T18:23:12.113265Z DEBUG transparent_shard_server::runtime: runtime stage key=("ced665ae1f1140944bcd0c9aa2b83c1019df768df87fa513f9509106fc5b88c1", Pages, 0) seconds=1.947e-6 stage="restore_slot"
2026-09-09T18:23:12.113399Z DEBUG transparent_shard_server::memory: work memory admission denied current=5605355520 limit=7516192768 held=1073741824 requested=268435456
2026-09-09T18:23:12.113404Z DEBUG transparent_shard_server::runtime: runtime admission denied key=("ced665ae1f1140944bcd0c9aa2b83c1019df768df87fa513f9509106fc5b88c1", Pages, 0) stage="restore_admission"
2026-09-09T18:23:12.113409Z DEBUG transparent_shard_server::prewarm: prewarm admission retry; sleeping 100ms
2026-09-09T18:23:12.214582Z DEBUG transparent_shard_server::runtime: runtime stage key=("ced665ae1f1140944bcd0c9aa2b83c1019df768df87fa513f9509106fc5b88c1", Pages, 0) seconds=1.591e-6 stage="restore_slot"
2026-09-09T18:23:12.214723Z DEBUG transparent_shard_server::memory: work memory admission denied current=5606666240 limit=7516192768 held=1073741824 requested=268435456
2026-09-09T18:23:12.214727Z DEBUG transparent_shard_server::runtime: runtime admission denied key=("ced665ae1f1140944bcd0c9aa2b83c1019df768df87fa513f9509106fc5b88c1", Pages, 0) stage="restore_admission"
2026-09-09T18:23:12.214733Z DEBUG transparent_shard_server::prewarm: prewarm admission retry; sleeping 100ms
2026-09-09T18:23:12.315931Z DEBUG transparent_shard_server::runtime: runtime stage key=("ced665ae1f1140944bcd0c9aa2b83c1019df768df87fa513f9509106fc5b88c1", Pages, 0) seconds=1.745e-6 stage="restore_slot"
2026-09-09T18:23:12.316048Z DEBUG transparent_shard_server::memory: work memory admission denied current=5608239104 limit=7516192768 held=1073741824 requested=268435456
2026-09-09T18:23:12.316052Z DEBUG transparent_shard_server::runtime: runtime admission denied key=("ced665ae1f1140944bcd0c9aa2b83c1019df768df87fa513f9509106fc5b88c1", Pages, 0) stage="restore_admission"
2026-09-09T18:23:12.316058Z DEBUG transparent_shard_server::prewarm: prewarm admission retry; sleeping 100ms
2026-09-09T18:23:12.416202Z DEBUG transparent_shard_server::runtime: runtime stage key=("ced665ae1f1140944bcd0c9aa2b83c1019df768df87fa513f9509106fc5b88c1", Pages, 0) seconds=1.565e-6 stage="restore_slot"
2026-09-09T18:23:12.416343Z DEBUG transparent_shard_server::memory: work memory admission denied current=5637042176 limit=7516192768 held=1073741824 requested=268435456
2026-09-09T18:23:12.416348Z DEBUG transparent_shard_server::runtime: runtime admission denied key=("ced665ae1f1140944bcd0c9aa2b83c1019df768df87fa513f9509106fc5b88c1", Pages, 0) stage="restore_admission"
2026-09-09T18:23:12.416353Z DEBUG transparent_shard_server::prewarm: prewarm admission retry; sleeping 100ms
2026-09-09T18:23:12.513550Z DEBUG transparent_shard_server::runtime: construction stage geometry="recent-8k" table="pages" seconds=0.835282929 stage="hint_columns"
2026-09-09T18:23:12.517534Z DEBUG transparent_shard_server::runtime: runtime stage key=("ced665ae1f1140944bcd0c9aa2b83c1019df768df87fa513f9509106fc5b88c1", Pages, 0) seconds=1.267e-6 stage="restore_slot"
2026-09-09T18:23:12.517641Z DEBUG transparent_shard_server::memory: work memory admission denied current=5650341888 limit=7516192768 held=1073741824 requested=268435456
2026-09-09T18:23:12.517645Z DEBUG transparent_shard_server::runtime: runtime admission denied key=("ced665ae1f1140944bcd0c9aa2b83c1019df768df87fa513f9509106fc5b88c1", Pages, 0) stage="restore_admission"
2026-09-09T18:23:12.517651Z DEBUG transparent_shard_server::prewarm: prewarm admission retry; sleeping 100ms
2026-09-09T18:23:12.618904Z DEBUG transparent_shard_server::runtime: runtime stage key=("ced665ae1f1140944bcd0c9aa2b83c1019df768df87fa513f9509106fc5b88c1", Pages, 0) seconds=1.656e-6 stage="restore_slot"
2026-09-09T18:23:12.619032Z DEBUG transparent_shard_server::memory: work memory admission denied current=5743329280 limit=7516192768 held=1073741824 requested=268435456
2026-09-09T18:23:12.619036Z DEBUG transparent_shard_server::runtime: runtime admission denied key=("ced665ae1f1140944bcd0c9aa2b83c1019df768df87fa513f9509106fc5b88c1", Pages, 0) stage="restore_admission"
2026-09-09T18:23:12.619055Z DEBUG transparent_shard_server::prewarm: prewarm admission retry; sleeping 100ms
2026-09-09T18:23:12.719256Z DEBUG transparent_shard_server::runtime: runtime stage key=("ced665ae1f1140944bcd0c9aa2b83c1019df768df87fa513f9509106fc5b88c1", Pages, 0) seconds=1.488e-6 stage="restore_slot"
2026-09-09T18:23:12.719382Z DEBUG transparent_shard_server::memory: work memory admission denied current=5715492864 limit=7516192768 held=1073741824 requested=268435456
2026-09-09T18:23:12.719387Z DEBUG transparent_shard_server::runtime: runtime admission denied key=("ced665ae1f1140944bcd0c9aa2b83c1019df768df87fa513f9509106fc5b88c1", Pages, 0) stage="restore_admission"
2026-09-09T18:23:12.719393Z DEBUG transparent_shard_server::prewarm: prewarm admission retry; sleeping 100ms
2026-09-09T18:23:12.820270Z DEBUG transparent_shard_server::runtime: runtime stage key=("ced665ae1f1140944bcd0c9aa2b83c1019df768df87fa513f9509106fc5b88c1", Pages, 0) seconds=1.634e-6 stage="restore_slot"
2026-09-09T18:23:12.820387Z DEBUG transparent_shard_server::memory: work memory admission denied current=5726502912 limit=7516192768 held=1073741824 requested=268435456
2026-09-09T18:23:12.820392Z DEBUG transparent_shard_server::runtime: runtime admission denied key=("ced665ae1f1140944bcd0c9aa2b83c1019df768df87fa513f9509106fc5b88c1", Pages, 0) stage="restore_admission"
2026-09-09T18:23:12.820398Z DEBUG transparent_shard_server::prewarm: prewarm admission retry; sleeping 100ms
2026-09-09T18:23:12.921581Z DEBUG transparent_shard_server::runtime: runtime stage key=("ced665ae1f1140944bcd0c9aa2b83c1019df768df87fa513f9509106fc5b88c1", Pages, 0) seconds=1.811e-6 stage="restore_slot"
2026-09-09T18:23:12.921708Z DEBUG transparent_shard_server::memory: work memory admission denied current=5737443328 limit=7516192768 held=1073741824 requested=268435456
2026-09-09T18:23:12.921713Z DEBUG transparent_shard_server::runtime: runtime admission denied key=("ced665ae1f1140944bcd0c9aa2b83c1019df768df87fa513f9509106fc5b88c1", Pages, 0) stage="restore_admission"
2026-09-09T18:23:12.921718Z DEBUG transparent_shard_server::prewarm: prewarm admission retry; sleeping 100ms
2026-09-09T18:23:13.022912Z DEBUG transparent_shard_server::runtime: runtime stage key=("ced665ae1f1140944bcd0c9aa2b83c1019df768df87fa513f9509106fc5b88c1", Pages, 0) seconds=1.713e-6 stage="restore_slot"
2026-09-09T18:23:13.023030Z DEBUG transparent_shard_server::memory: work memory admission denied current=5748453376 limit=7516192768 held=1073741824 requested=268435456
2026-09-09T18:23:13.023035Z DEBUG transparent_shard_server::runtime: runtime admission denied key=("ced665ae1f1140944bcd0c9aa2b83c1019df768df87fa513f9509106fc5b88c1", Pages, 0) stage="restore_admission"
2026-09-09T18:23:13.023040Z DEBUG transparent_shard_server::prewarm: prewarm admission retry; sleeping 100ms
2026-09-09T18:23:13.123291Z DEBUG transparent_shard_server::runtime: runtime stage key=("ced665ae1f1140944bcd0c9aa2b83c1019df768df87fa513f9509106fc5b88c1", Pages, 0) seconds=1.308e-6 stage="restore_slot"
2026-09-09T18:23:13.123406Z DEBUG transparent_shard_server::memory: work memory admission denied current=5759463424 limit=7516192768 held=1073741824 requested=268435456
2026-09-09T18:23:13.123411Z DEBUG transparent_shard_server::runtime: runtime admission denied key=("ced665ae1f1140944bcd0c9aa2b83c1019df768df87fa513f9509106fc5b88c1", Pages, 0) stage="restore_admission"
2026-09-09T18:23:13.123416Z DEBUG transparent_shard_server::prewarm: prewarm admission retry; sleeping 100ms
2026-09-09T18:23:13.224273Z DEBUG transparent_shard_server::runtime: runtime stage key=("ced665ae1f1140944bcd0c9aa2b83c1019df768df87fa513f9509106fc5b88c1", Pages, 0) seconds=1.369e-6 stage="restore_slot"
2026-09-09T18:23:13.224389Z DEBUG transparent_shard_server::memory: work memory admission denied current=5770735616 limit=7516192768 held=1073741824 requested=268435456
2026-09-09T18:23:13.224393Z DEBUG transparent_shard_server::runtime: runtime admission denied key=("ced665ae1f1140944bcd0c9aa2b83c1019df768df87fa513f9509106fc5b88c1", Pages, 0) stage="restore_admission"
2026-09-09T18:23:13.224410Z DEBUG transparent_shard_server::prewarm: prewarm admission retry; sleeping 100ms
2026-09-09T18:23:13.325618Z DEBUG transparent_shard_server::runtime: runtime stage key=("ced665ae1f1140944bcd0c9aa2b83c1019df768df87fa513f9509106fc5b88c1", Pages, 0) seconds=1.813e-6 stage="restore_slot"
2026-09-09T18:23:13.325746Z DEBUG transparent_shard_server::memory: work memory admission denied current=5784080384 limit=7516192768 held=1073741824 requested=268435456
2026-09-09T18:23:13.325751Z DEBUG transparent_shard_server::runtime: runtime admission denied key=("ced665ae1f1140944bcd0c9aa2b83c1019df768df87fa513f9509106fc5b88c1", Pages, 0) stage="restore_admission"
2026-09-09T18:23:13.325757Z DEBUG transparent_shard_server::prewarm: prewarm admission retry; sleeping 100ms
2026-09-09T18:23:13.426951Z DEBUG transparent_shard_server::runtime: runtime stage key=("ced665ae1f1140944bcd0c9aa2b83c1019df768df87fa513f9509106fc5b88c1", Pages, 0) seconds=1.724e-6 stage="restore_slot"
2026-09-09T18:23:13.427072Z DEBUG transparent_shard_server::memory: work memory admission denied current=5799481344 limit=7516192768 held=1073741824 requested=268435456
2026-09-09T18:23:13.427076Z DEBUG transparent_shard_server::runtime: runtime admission denied key=("ced665ae1f1140944bcd0c9aa2b83c1019df768df87fa513f9509106fc5b88c1", Pages, 0) stage="restore_admission"
2026-09-09T18:23:13.427082Z DEBUG transparent_shard_server::prewarm: prewarm admission retry; sleeping 100ms
2026-09-09T18:23:13.527291Z DEBUG transparent_shard_server::runtime: runtime stage key=("ced665ae1f1140944bcd0c9aa2b83c1019df768df87fa513f9509106fc5b88c1", Pages, 0) seconds=2.209e-6 stage="restore_slot"
2026-09-09T18:23:13.527423Z DEBUG transparent_shard_server::memory: work memory admission denied current=5823524864 limit=7516192768 held=1073741824 requested=268435456
2026-09-09T18:23:13.527427Z DEBUG transparent_shard_server::runtime: runtime admission denied key=("ced665ae1f1140944bcd0c9aa2b83c1019df768df87fa513f9509106fc5b88c1", Pages, 0) stage="restore_admission"
2026-09-09T18:23:13.527432Z DEBUG transparent_shard_server::prewarm: prewarm admission retry; sleeping 100ms
2026-09-09T18:23:13.602442Z DEBUG transparent_shard_server::runtime: construction stage geometry="recent-8k" table="directory" seconds=2.320205783 stage="pack_preprocessing"
2026-09-09T18:23:13.602755Z DEBUG transparent_shard_server::runtime: construction stage geometry="recent-8k" table="directory" seconds=0.000264132 stage="publish_parameters"
2026-09-09T18:23:13.606558Z DEBUG transparent_shard_server::runtime: runtime stage key=("27f56c565263ecffb8c7736d4e811665d81bf4ed71c7978431fcc4f45b645ee1", Directory, 0) seconds=3.294034159 stage="runtime_build"
2026-09-09T18:23:13.630214Z DEBUG transparent_shard_server::runtime: runtime stage key=("ced665ae1f1140944bcd0c9aa2b83c1019df768df87fa513f9509106fc5b88c1", Pages, 0) seconds=1.323e-6 stage="restore_slot"
2026-09-09T18:23:13.630326Z DEBUG transparent_shard_server::memory: work memory admission denied current=5800644608 limit=7516192768 held=1073741824 requested=268435456
2026-09-09T18:23:13.630331Z DEBUG transparent_shard_server::runtime: runtime admission denied key=("ced665ae1f1140944bcd0c9aa2b83c1019df768df87fa513f9509106fc5b88c1", Pages, 0) stage="restore_admission"
2026-09-09T18:23:13.630337Z DEBUG transparent_shard_server::prewarm: prewarm admission retry; sleeping 100ms
2026-09-09T18:23:13.731233Z DEBUG transparent_shard_server::runtime: runtime stage key=("ced665ae1f1140944bcd0c9aa2b83c1019df768df87fa513f9509106fc5b88c1", Pages, 0) seconds=2.606e-6 stage="restore_slot"
2026-09-09T18:23:13.731351Z DEBUG transparent_shard_server::memory: work memory admission denied current=5835698176 limit=7516192768 held=1073741824 requested=268435456
2026-09-09T18:23:13.731356Z DEBUG transparent_shard_server::runtime: runtime admission denied key=("ced665ae1f1140944bcd0c9aa2b83c1019df768df87fa513f9509106fc5b88c1", Pages, 0) stage="restore_admission"
2026-09-09T18:23:13.731361Z DEBUG transparent_shard_server::prewarm: prewarm admission retry; sleeping 100ms
2026-09-09T18:23:13.832596Z DEBUG transparent_shard_server::runtime: runtime stage key=("ced665ae1f1140944bcd0c9aa2b83c1019df768df87fa513f9509106fc5b88c1", Pages, 0) seconds=1.654e-6 stage="restore_slot"
2026-09-09T18:23:13.832731Z DEBUG transparent_shard_server::memory: work memory admission denied current=5796773888 limit=7516192768 held=1073741824 requested=268435456
2026-09-09T18:23:13.832737Z DEBUG transparent_shard_server::runtime: runtime admission denied key=("ced665ae1f1140944bcd0c9aa2b83c1019df768df87fa513f9509106fc5b88c1", Pages, 0) stage="restore_admission"
2026-09-09T18:23:13.832742Z DEBUG transparent_shard_server::prewarm: prewarm admission retry; sleeping 100ms
2026-09-09T18:23:13.933940Z DEBUG transparent_shard_server::runtime: runtime stage key=("ced665ae1f1140944bcd0c9aa2b83c1019df768df87fa513f9509106fc5b88c1", Pages, 0) seconds=1.519e-6 stage="restore_slot"
2026-09-09T18:23:13.934046Z DEBUG transparent_shard_server::memory: work memory admission denied current=5830328320 limit=7516192768 held=1073741824 requested=268435456
2026-09-09T18:23:13.934050Z DEBUG transparent_shard_server::runtime: runtime admission denied key=("ced665ae1f1140944bcd0c9aa2b83c1019df768df87fa513f9509106fc5b88c1", Pages, 0) stage="restore_admission"
2026-09-09T18:23:13.934056Z DEBUG transparent_shard_server::prewarm: prewarm admission retry; sleeping 100ms
2026-09-09T18:23:14.034267Z DEBUG transparent_shard_server::runtime: runtime stage key=("ced665ae1f1140944bcd0c9aa2b83c1019df768df87fa513f9509106fc5b88c1", Pages, 0) seconds=1.877e-6 stage="restore_slot"
2026-09-09T18:23:14.034373Z DEBUG transparent_shard_server::memory: work memory admission denied current=5862834176 limit=7516192768 held=1073741824 requested=268435456
2026-09-09T18:23:14.034378Z DEBUG transparent_shard_server::runtime: runtime admission denied key=("ced665ae1f1140944bcd0c9aa2b83c1019df768df87fa513f9509106fc5b88c1", Pages, 0) stage="restore_admission"
2026-09-09T18:23:14.034383Z DEBUG transparent_shard_server::prewarm: prewarm admission retry; sleeping 100ms
2026-09-09T18:23:14.135561Z DEBUG transparent_shard_server::runtime: runtime stage key=("ced665ae1f1140944bcd0c9aa2b83c1019df768df87fa513f9509106fc5b88c1", Pages, 0) seconds=1.574e-6 stage="restore_slot"
2026-09-09T18:23:14.135703Z DEBUG transparent_shard_server::memory: work memory admission denied current=5896912896 limit=7516192768 held=1073741824 requested=268435456
2026-09-09T18:23:14.135709Z DEBUG transparent_shard_server::runtime: runtime admission denied key=("ced665ae1f1140944bcd0c9aa2b83c1019df768df87fa513f9509106fc5b88c1", Pages, 0) stage="restore_admission"
2026-09-09T18:23:14.135715Z DEBUG transparent_shard_server::prewarm: prewarm admission retry; sleeping 100ms
2026-09-09T18:23:14.236924Z DEBUG transparent_shard_server::runtime: runtime stage key=("ced665ae1f1140944bcd0c9aa2b83c1019df768df87fa513f9509106fc5b88c1", Pages, 0) seconds=1.438e-6 stage="restore_slot"
2026-09-09T18:23:14.237029Z DEBUG transparent_shard_server::memory: work memory admission denied current=5905395712 limit=7516192768 held=1073741824 requested=268435456
2026-09-09T18:23:14.237034Z DEBUG transparent_shard_server::runtime: runtime admission denied key=("ced665ae1f1140944bcd0c9aa2b83c1019df768df87fa513f9509106fc5b88c1", Pages, 0) stage="restore_admission"
2026-09-09T18:23:14.237040Z DEBUG transparent_shard_server::prewarm: prewarm admission retry; sleeping 100ms
2026-09-09T18:23:14.323103Z DEBUG transparent_shard_server::runtime: runtime stage key=("27f56c565263ecffb8c7736d4e811665d81bf4ed71c7978431fcc4f45b645ee1", Directory, 0) seconds=0.716518181 stage="disk_save"
2026-09-09T18:23:14.323191Z DEBUG transparent_shard_server::runtime: runtime stage key=("ced665ae1f1140944bcd0c9aa2b83c1019df768df87fa513f9509106fc5b88c1", Directory, 0) seconds=4.13579847 stage="build_slot"
2026-09-09T18:23:14.323216Z DEBUG transparent_shard_server::runtime: runtime stage key=("2d4497bf9e8bafc6139ee4e57114238a7ecfa0782702939922bf2a79b1fe05bf", Directory, 0) seconds=1.304e-6 stage="restore_slot"
2026-09-09T18:23:14.323279Z DEBUG transparent_shard_server::memory: work memory admission denied current=5905215488 limit=7516192768 held=536870912 requested=536870912
2026-09-09T18:23:14.325208Z DEBUG transparent_shard_server::runtime: runtime stage key=("2d4497bf9e8bafc6139ee4e57114238a7ecfa0782702939922bf2a79b1fe05bf", Directory, 0) seconds=3.4194e-5 hit=false stage="disk_restore"
2026-09-09T18:23:14.337313Z DEBUG transparent_shard_server::runtime: runtime stage key=("ced665ae1f1140944bcd0c9aa2b83c1019df768df87fa513f9509106fc5b88c1", Pages, 0) seconds=2.139e-6 stage="restore_slot"
2026-09-09T18:23:14.337524Z DEBUG transparent_shard_server::runtime: runtime stage key=("ced665ae1f1140944bcd0c9aa2b83c1019df768df87fa513f9509106fc5b88c1", Pages, 0) seconds=4.4271e-5 hit=false stage="disk_restore"
2026-09-09T18:23:14.424927Z DEBUG transparent_shard_server::memory: work memory admission denied current=5904809984 limit=7516192768 held=536870912 requested=536870912
2026-09-09T18:23:14.526288Z DEBUG transparent_shard_server::memory: work memory admission denied current=5905330176 limit=7516192768 held=536870912 requested=536870912
2026-09-09T18:23:14.627638Z DEBUG transparent_shard_server::memory: work memory admission denied current=5901299712 limit=7516192768 held=536870912 requested=536870912
2026-09-09T18:23:14.720749Z DEBUG transparent_shard_server::runtime: construction stage geometry="recent-8k" table="pages" seconds=2.207156148 stage="pack_preprocessing"
2026-09-09T18:23:14.721061Z DEBUG transparent_shard_server::runtime: construction stage geometry="recent-8k" table="pages" seconds=0.000274853 stage="publish_parameters"
2026-09-09T18:23:14.721696Z DEBUG transparent_shard_server::runtime: runtime stage key=("27f56c565263ecffb8c7736d4e811665d81bf4ed71c7978431fcc4f45b645ee1", Pages, 0) seconds=3.350864728 stage="runtime_build"
2026-09-09T18:23:14.729007Z DEBUG transparent_shard_server::memory: work memory admission denied current=5874036736 limit=7516192768 held=536870912 requested=536870912
2026-09-09T18:23:14.829355Z DEBUG transparent_shard_server::memory: work memory admission denied current=5896843264 limit=7516192768 held=536870912 requested=536870912
2026-09-09T18:23:14.930718Z DEBUG transparent_shard_server::memory: work memory admission denied current=5905543168 limit=7516192768 held=536870912 requested=536870912
2026-09-09T18:23:15.032068Z DEBUG transparent_shard_server::memory: work memory admission denied current=5905321984 limit=7516192768 held=536870912 requested=536870912
2026-09-09T18:23:15.132417Z DEBUG transparent_shard_server::memory: work memory admission denied current=5905104896 limit=7516192768 held=536870912 requested=536870912
2026-09-09T18:23:15.233699Z DEBUG transparent_shard_server::memory: work memory admission denied current=5905408000 limit=7516192768 held=536870912 requested=536870912
2026-09-09T18:23:15.335016Z DEBUG transparent_shard_server::memory: work memory admission denied current=5904683008 limit=7516192768 held=536870912 requested=536870912
2026-09-09T18:23:15.432043Z DEBUG transparent_shard_server::runtime: runtime stage key=("27f56c565263ecffb8c7736d4e811665d81bf4ed71c7978431fcc4f45b645ee1", Pages, 0) seconds=0.710324545 stage="disk_save"
2026-09-09T18:23:15.432129Z DEBUG transparent_shard_server::runtime: runtime stage key=("2d4497bf9e8bafc6139ee4e57114238a7ecfa0782702939922bf2a79b1fe05bf", Directory, 0) seconds=1.106884516 stage="build_slot"
2026-09-09T18:23:15.432153Z DEBUG transparent_shard_server::runtime: runtime stage key=("2d4497bf9e8bafc6139ee4e57114238a7ecfa0782702939922bf2a79b1fe05bf", Pages, 0) seconds=9.06e-7 stage="restore_slot"
2026-09-09T18:23:15.432294Z DEBUG transparent_shard_server::runtime: runtime stage key=("2d4497bf9e8bafc6139ee4e57114238a7ecfa0782702939922bf2a79b1fe05bf", Pages, 0) seconds=3.9653e-5 hit=false stage="disk_restore"
2026-09-09T18:23:15.435294Z DEBUG transparent_shard_server::memory: cold build admission wait seconds=1.112078668 admitted=true
2026-09-09T18:23:15.435345Z DEBUG transparent_shard_server::memory: work memory admission denied current=5905195008 limit=7516192768 held=536870912 requested=536870912
2026-09-09T18:23:15.536802Z DEBUG transparent_shard_server::memory: work memory admission denied current=5905195008 limit=7516192768 held=536870912 requested=536870912
2026-09-09T18:23:15.557833Z DEBUG transparent_shard_server::runtime: runtime stage key=("ced665ae1f1140944bcd0c9aa2b83c1019df768df87fa513f9509106fc5b88c1", Directory, 0) seconds=0.122478067 stage="source_load"
2026-09-09T18:23:15.638174Z DEBUG transparent_shard_server::memory: work memory admission denied current=5905125376 limit=7516192768 held=536870912 requested=536870912
2026-09-09T18:23:15.739553Z DEBUG transparent_shard_server::memory: work memory admission denied current=5905231872 limit=7516192768 held=536870912 requested=536870912
2026-09-09T18:23:15.840953Z DEBUG transparent_shard_server::memory: work memory admission denied current=5904732160 limit=7516192768 held=536870912 requested=536870912
2026-09-09T18:23:15.866408Z DEBUG transparent_shard_server::runtime: construction stage geometry="recent-8k" table="directory" seconds=0.308524731 stage="encode_database"
2026-09-09T18:23:15.866526Z DEBUG transparent_shard_server::runtime: construction stage geometry="recent-8k" table="directory" seconds=7.5737e-5 stage="public_setup"
2026-09-09T18:23:15.944305Z DEBUG transparent_shard_server::memory: work memory admission denied current=5904994304 limit=7516192768 held=536870912 requested=536870912
2026-09-09T18:23:16.045617Z DEBUG transparent_shard_server::memory: work memory admission denied current=5904994304 limit=7516192768 held=536870912 requested=536870912
2026-09-09T18:23:16.146951Z DEBUG transparent_shard_server::memory: work memory admission denied current=5904994304 limit=7516192768 held=536870912 requested=536870912
2026-09-09T18:23:16.248263Z DEBUG transparent_shard_server::memory: work memory admission denied current=5904994304 limit=7516192768 held=536870912 requested=536870912
2026-09-09T18:23:16.349571Z DEBUG transparent_shard_server::memory: work memory admission denied current=5904994304 limit=7516192768 held=536870912 requested=536870912
2026-09-09T18:23:16.392504Z DEBUG transparent_shard_server::runtime: construction stage geometry="recent-8k" table="directory" seconds=0.525970954 stage="hint_columns"
2026-09-09T18:23:16.450921Z DEBUG transparent_shard_server::memory: work memory admission denied current=5905223680 limit=7516192768 held=536870912 requested=536870912
2026-09-09T18:23:16.552399Z DEBUG transparent_shard_server::memory: work memory admission denied current=5905469440 limit=7516192768 held=536870912 requested=536870912
2026-09-09T18:23:16.653814Z DEBUG transparent_shard_server::memory: work memory admission denied current=5905469440 limit=7516192768 held=536870912 requested=536870912
2026-09-09T18:23:16.755245Z DEBUG transparent_shard_server::memory: work memory admission denied current=5905469440 limit=7516192768 held=536870912 requested=536870912
2026-09-09T18:23:16.856839Z DEBUG transparent_shard_server::memory: work memory admission denied current=5905141760 limit=7516192768 held=536870912 requested=536870912
2026-09-09T18:23:16.958324Z DEBUG transparent_shard_server::memory: work memory admission denied current=5905141760 limit=7516192768 held=536870912 requested=536870912
2026-09-09T18:23:17.059721Z DEBUG transparent_shard_server::memory: work memory admission denied current=5905141760 limit=7516192768 held=536870912 requested=536870912
2026-09-09T18:23:17.161115Z DEBUG transparent_shard_server::memory: work memory admission denied current=5905141760 limit=7516192768 held=536870912 requested=536870912
2026-09-09T18:23:17.262356Z DEBUG transparent_shard_server::memory: work memory admission denied current=5904408576 limit=7516192768 held=536870912 requested=536870912
2026-09-09T18:23:17.363714Z DEBUG transparent_shard_server::memory: work memory admission denied current=5871824896 limit=7516192768 held=536870912 requested=536870912
2026-09-09T18:23:17.464369Z DEBUG transparent_shard_server::memory: work memory admission denied current=5818568704 limit=7516192768 held=536870912 requested=536870912
2026-09-09T18:23:17.565708Z DEBUG transparent_shard_server::memory: work memory admission denied current=5824335872 limit=7516192768 held=536870912 requested=536870912
2026-09-09T18:23:17.667039Z DEBUG transparent_shard_server::memory: work memory admission denied current=5829840896 limit=7516192768 held=536870912 requested=536870912
2026-09-09T18:23:17.767360Z DEBUG transparent_shard_server::memory: work memory admission denied current=5840826368 limit=7516192768 held=536870912 requested=536870912
2026-09-09T18:23:17.868679Z DEBUG transparent_shard_server::memory: work memory admission denied current=5852098560 limit=7516192768 held=536870912 requested=536870912
2026-09-09T18:23:17.969996Z DEBUG transparent_shard_server::memory: work memory admission denied current=5863370752 limit=7516192768 held=536870912 requested=536870912
2026-09-09T18:23:18.070276Z DEBUG transparent_shard_server::memory: work memory admission denied current=5874380800 limit=7516192768 held=536870912 requested=536870912
2026-09-09T18:23:18.171573Z DEBUG transparent_shard_server::memory: work memory admission denied current=5885390848 limit=7516192768 held=536870912 requested=536870912
2026-09-09T18:23:18.272886Z DEBUG transparent_shard_server::memory: work memory admission denied current=5882945536 limit=7516192768 held=536870912 requested=536870912
2026-09-09T18:23:18.373094Z DEBUG transparent_shard_server::runtime: construction stage geometry="recent-8k" table="directory" seconds=1.9805442009999998 stage="pack_preprocessing"
2026-09-09T18:23:18.373412Z DEBUG transparent_shard_server::runtime: construction stage geometry="recent-8k" table="directory" seconds=0.000274532 stage="publish_parameters"
2026-09-09T18:23:18.374224Z DEBUG transparent_shard_server::memory: work memory admission denied current=5860323328 limit=7516192768 held=536870912 requested=536870912
2026-09-09T18:23:18.374259Z DEBUG transparent_shard_server::runtime: runtime stage key=("ced665ae1f1140944bcd0c9aa2b83c1019df768df87fa513f9509106fc5b88c1", Directory, 0) seconds=2.816377398 stage="runtime_build"
2026-09-09T18:23:18.475647Z DEBUG transparent_shard_server::memory: work memory admission denied current=5883654144 limit=7516192768 held=536870912 requested=536870912
2026-09-09T18:23:18.577014Z DEBUG transparent_shard_server::memory: work memory admission denied current=5904965632 limit=7516192768 held=536870912 requested=536870912
2026-09-09T18:23:18.677362Z DEBUG transparent_shard_server::memory: work memory admission denied current=5905514496 limit=7516192768 held=536870912 requested=536870912
2026-09-09T18:23:18.778797Z DEBUG transparent_shard_server::memory: work memory admission denied current=5905297408 limit=7516192768 held=536870912 requested=536870912
2026-09-09T18:23:18.880200Z DEBUG transparent_shard_server::memory: work memory admission denied current=5905334272 limit=7516192768 held=536870912 requested=536870912
2026-09-09T18:23:18.981547Z DEBUG transparent_shard_server::memory: work memory admission denied current=5905399808 limit=7516192768 held=536870912 requested=536870912
2026-09-09T18:23:19.079211Z DEBUG transparent_shard_server::runtime: runtime stage key=("ced665ae1f1140944bcd0c9aa2b83c1019df768df87fa513f9509106fc5b88c1", Directory, 0) seconds=0.70493554 stage="disk_save"
2026-09-09T18:23:19.079328Z DEBUG transparent_shard_server::runtime: runtime stage key=("ced665ae1f1140944bcd0c9aa2b83c1019df768df87fa513f9509106fc5b88c1", Pages, 0) seconds=4.741749395 stage="build_slot"
2026-09-09T18:23:19.079367Z DEBUG transparent_shard_server::runtime: runtime stage key=("a4bd72b37c0aafb265c77bb09cbc402cf69b65a87a1fabc8a0f12614b35469be", Directory, 0) seconds=5.79e-7 stage="restore_slot"
2026-09-09T18:23:19.079589Z DEBUG transparent_shard_server::runtime: runtime stage key=("a4bd72b37c0aafb265c77bb09cbc402cf69b65a87a1fabc8a0f12614b35469be", Directory, 0) seconds=4.3572e-5 hit=false stage="disk_restore"
2026-09-09T18:23:19.082778Z DEBUG transparent_shard_server::memory: cold build admission wait seconds=3.650626075 admitted=true
2026-09-09T18:23:19.082831Z DEBUG transparent_shard_server::memory: work memory admission denied current=5905395712 limit=7516192768 held=536870912 requested=536870912
2026-09-09T18:23:19.183459Z DEBUG transparent_shard_server::memory: work memory admission denied current=5904748544 limit=7516192768 held=536870912 requested=536870912
2026-09-09T18:23:19.205643Z DEBUG transparent_shard_server::runtime: runtime stage key=("2d4497bf9e8bafc6139ee4e57114238a7ecfa0782702939922bf2a79b1fe05bf", Directory, 0) seconds=0.122818252 stage="source_load"
2026-09-09T18:23:19.284784Z DEBUG transparent_shard_server::memory: work memory admission denied current=5905367040 limit=7516192768 held=536870912 requested=536870912
2026-09-09T18:23:19.386092Z DEBUG transparent_shard_server::memory: work memory admission denied current=5905195008 limit=7516192768 held=536870912 requested=536870912
2026-09-09T18:23:19.487366Z DEBUG transparent_shard_server::memory: work memory admission denied current=5905506304 limit=7516192768 held=536870912 requested=536870912
2026-09-09T18:23:19.515743Z DEBUG transparent_shard_server::runtime: construction stage geometry="recent-8k" table="directory" seconds=0.310054411 stage="encode_database"
2026-09-09T18:23:19.515860Z DEBUG transparent_shard_server::runtime: construction stage geometry="recent-8k" table="directory" seconds=7.2417e-5 stage="public_setup"
2026-09-09T18:23:19.588718Z DEBUG transparent_shard_server::memory: work memory admission denied current=5905506304 limit=7516192768 held=536870912 requested=536870912
2026-09-09T18:23:19.690033Z DEBUG transparent_shard_server::memory: work memory admission denied current=5905506304 limit=7516192768 held=536870912 requested=536870912
2026-09-09T18:23:19.790363Z DEBUG transparent_shard_server::memory: work memory admission denied current=5905506304 limit=7516192768 held=536870912 requested=536870912
2026-09-09T18:23:19.891657Z DEBUG transparent_shard_server::memory: work memory admission denied current=5905506304 limit=7516192768 held=536870912 requested=536870912
2026-09-09T18:23:19.992995Z DEBUG transparent_shard_server::memory: work memory admission denied current=5905506304 limit=7516192768 held=536870912 requested=536870912
2026-09-09T18:23:20.049589Z DEBUG transparent_shard_server::runtime: construction stage geometry="recent-8k" table="directory" seconds=0.533723306 stage="hint_columns"
2026-09-09T18:23:20.094440Z DEBUG transparent_shard_server::memory: work memory admission denied current=5904953344 limit=7516192768 held=536870912 requested=536870912
2026-09-09T18:23:20.195842Z DEBUG transparent_shard_server::memory: work memory admission denied current=5905383424 limit=7516192768 held=536870912 requested=536870912
2026-09-09T18:23:20.297283Z DEBUG transparent_shard_server::memory: work memory admission denied current=5905383424 limit=7516192768 held=536870912 requested=536870912
2026-09-09T18:23:20.398718Z DEBUG transparent_shard_server::memory: work memory admission denied current=5905383424 limit=7516192768 held=536870912 requested=536870912
2026-09-09T18:23:20.500241Z DEBUG transparent_shard_server::memory: work memory admission denied current=5905571840 limit=7516192768 held=536870912 requested=536870912
2026-09-09T18:23:20.601646Z DEBUG transparent_shard_server::memory: work memory admission denied current=5905571840 limit=7516192768 held=536870912 requested=536870912
2026-09-09T18:23:20.703035Z DEBUG transparent_shard_server::memory: work memory admission denied current=5905571840 limit=7516192768 held=536870912 requested=536870912
2026-09-09T18:23:20.803415Z DEBUG transparent_shard_server::memory: work memory admission denied current=5905571840 limit=7516192768 held=536870912 requested=536870912
2026-09-09T18:23:20.904387Z DEBUG transparent_shard_server::memory: work memory admission denied current=5905514496 limit=7516192768 held=536870912 requested=536870912
2026-09-09T18:23:21.005727Z DEBUG transparent_shard_server::memory: work memory admission denied current=5871902720 limit=7516192768 held=536870912 requested=536870912
2026-09-09T18:23:21.106359Z DEBUG transparent_shard_server::memory: work memory admission denied current=5818552320 limit=7516192768 held=536870912 requested=536870912
2026-09-09T18:23:21.207911Z DEBUG transparent_shard_server::memory: work memory admission denied current=5829562368 limit=7516192768 held=536870912 requested=536870912
2026-09-09T18:23:21.309286Z DEBUG transparent_shard_server::memory: work memory admission denied current=5840572416 limit=7516192768 held=536870912 requested=536870912
2026-09-09T18:23:21.410706Z DEBUG transparent_shard_server::memory: work memory admission denied current=5851844608 limit=7516192768 held=536870912 requested=536870912
2026-09-09T18:23:21.512101Z DEBUG transparent_shard_server::memory: work memory admission denied current=5863378944 limit=7516192768 held=536870912 requested=536870912
2026-09-09T18:23:21.613457Z DEBUG transparent_shard_server::memory: work memory admission denied current=5874388992 limit=7516192768 held=536870912 requested=536870912
2026-09-09T18:23:21.714840Z DEBUG transparent_shard_server::memory: work memory admission denied current=5885399040 limit=7516192768 held=536870912 requested=536870912
2026-09-09T18:23:21.816207Z DEBUG transparent_shard_server::memory: work memory admission denied current=5896671232 limit=7516192768 held=536870912 requested=536870912
2026-09-09T18:23:21.917594Z DEBUG transparent_shard_server::memory: work memory admission denied current=5894000640 limit=7516192768 held=536870912 requested=536870912
2026-09-09T18:23:22.018977Z DEBUG transparent_shard_server::memory: work memory admission denied current=5904486400 limit=7516192768 held=536870912 requested=536870912
2026-09-09T18:23:22.042512Z DEBUG transparent_shard_server::runtime: construction stage geometry="recent-8k" table="directory" seconds=1.992878385 stage="pack_preprocessing"
2026-09-09T18:23:22.042820Z DEBUG transparent_shard_server::runtime: construction stage geometry="recent-8k" table="directory" seconds=0.000265164 stage="publish_parameters"
2026-09-09T18:23:22.043639Z DEBUG transparent_shard_server::runtime: runtime stage key=("2d4497bf9e8bafc6139ee4e57114238a7ecfa0782702939922bf2a79b1fe05bf", Directory, 0) seconds=2.837951998 stage="runtime_build"
2026-09-09T18:23:22.119347Z DEBUG transparent_shard_server::memory: work memory admission denied current=5888159744 limit=7516192768 held=536870912 requested=536870912
2026-09-09T18:23:22.220706Z DEBUG transparent_shard_server::memory: work memory admission denied current=5904822272 limit=7516192768 held=536870912 requested=536870912
2026-09-09T18:23:22.322037Z DEBUG transparent_shard_server::memory: work memory admission denied current=5904871424 limit=7516192768 held=536870912 requested=536870912
2026-09-09T18:23:22.422506Z DEBUG transparent_shard_server::memory: work memory admission denied current=5904928768 limit=7516192768 held=536870912 requested=536870912
2026-09-09T18:23:22.523912Z DEBUG transparent_shard_server::memory: work memory admission denied current=5905162240 limit=7516192768 held=536870912 requested=536870912
2026-09-09T18:23:22.625277Z DEBUG transparent_shard_server::memory: work memory admission denied current=5905268736 limit=7516192768 held=536870912 requested=536870912
2026-09-09T18:23:22.726814Z DEBUG transparent_shard_server::memory: work memory admission denied current=5905555456 limit=7516192768 held=536870912 requested=536870912
2026-09-09T18:23:22.755769Z DEBUG transparent_shard_server::runtime: runtime stage key=("2d4497bf9e8bafc6139ee4e57114238a7ecfa0782702939922bf2a79b1fe05bf", Directory, 0) seconds=0.712104513 stage="disk_save"
2026-09-09T18:23:22.755930Z DEBUG transparent_shard_server::runtime: runtime stage key=("2d4497bf9e8bafc6139ee4e57114238a7ecfa0782702939922bf2a79b1fe05bf", Pages, 0) seconds=7.323608578 stage="build_slot"
2026-09-09T18:23:22.755975Z DEBUG transparent_shard_server::runtime: runtime stage key=("a4bd72b37c0aafb265c77bb09cbc402cf69b65a87a1fabc8a0f12614b35469be", Pages, 0) seconds=9.46e-7 stage="restore_slot"
2026-09-09T18:23:22.756086Z DEBUG transparent_shard_server::runtime: runtime stage key=("a4bd72b37c0aafb265c77bb09cbc402cf69b65a87a1fabc8a0f12614b35469be", Pages, 0) seconds=2.5901e-5 hit=false stage="disk_restore"
2026-09-09T18:23:22.828448Z DEBUG transparent_shard_server::memory: cold build admission wait seconds=3.749095016 admitted=true
2026-09-09T18:23:22.828562Z DEBUG transparent_shard_server::memory: work memory admission denied current=5905035264 limit=7516192768 held=536870912 requested=536870912
2026-09-09T18:23:22.929956Z DEBUG transparent_shard_server::memory: work memory admission denied current=5905035264 limit=7516192768 held=536870912 requested=536870912
2026-09-09T18:23:22.953323Z DEBUG transparent_shard_server::runtime: runtime stage key=("ced665ae1f1140944bcd0c9aa2b83c1019df768df87fa513f9509106fc5b88c1", Pages, 0) seconds=0.12475024 stage="source_load"
2026-09-09T18:23:23.031311Z DEBUG transparent_shard_server::memory: work memory admission denied current=5905285120 limit=7516192768 held=536870912 requested=536870912
2026-09-09T18:23:23.132800Z DEBUG transparent_shard_server::memory: work memory admission denied current=5905367040 limit=7516192768 held=536870912 requested=536870912
2026-09-09T18:23:23.234095Z DEBUG transparent_shard_server::memory: work memory admission denied current=5905121280 limit=7516192768 held=536870912 requested=536870912
2026-09-09T18:23:23.261794Z DEBUG transparent_shard_server::runtime: construction stage geometry="recent-8k" table="pages" seconds=0.308418714 stage="encode_database"
2026-09-09T18:23:23.261930Z DEBUG transparent_shard_server::runtime: construction stage geometry="recent-8k" table="pages" seconds=8.8174e-5 stage="public_setup"
2026-09-09T18:23:23.335363Z DEBUG transparent_shard_server::memory: work memory admission denied current=5905383424 limit=7516192768 held=536870912 requested=536870912
2026-09-09T18:23:23.436736Z DEBUG transparent_shard_server::memory: work memory admission denied current=5905383424 limit=7516192768 held=536870912 requested=536870912
2026-09-09T18:23:23.538014Z DEBUG transparent_shard_server::memory: work memory admission denied current=5905383424 limit=7516192768 held=536870912 requested=536870912
2026-09-09T18:23:23.638275Z DEBUG transparent_shard_server::memory: work memory admission denied current=5905383424 limit=7516192768 held=536870912 requested=536870912
2026-09-09T18:23:23.739563Z DEBUG transparent_shard_server::memory: work memory admission denied current=5905383424 limit=7516192768 held=536870912 requested=536870912
2026-09-09T18:23:23.822377Z DEBUG transparent_shard_server::runtime: construction stage geometry="recent-8k" table="pages" seconds=0.560441091 stage="hint_columns"
2026-09-09T18:23:23.840890Z DEBUG transparent_shard_server::memory: work memory admission denied current=5905227776 limit=7516192768 held=536870912 requested=536870912
2026-09-09T18:23:23.942281Z DEBUG transparent_shard_server::memory: work memory admission denied current=5905055744 limit=7516192768 held=536870912 requested=536870912
2026-09-09T18:23:24.043663Z DEBUG transparent_shard_server::memory: work memory admission denied current=5905055744 limit=7516192768 held=536870912 requested=536870912
2026-09-09T18:23:24.145094Z DEBUG transparent_shard_server::memory: work memory admission denied current=5905055744 limit=7516192768 held=536870912 requested=536870912
2026-09-09T18:23:24.246484Z DEBUG transparent_shard_server::memory: work memory admission denied current=5905244160 limit=7516192768 held=536870912 requested=536870912
2026-09-09T18:23:24.347916Z DEBUG transparent_shard_server::memory: work memory admission denied current=5905244160 limit=7516192768 held=536870912 requested=536870912
2026-09-09T18:23:24.449293Z DEBUG transparent_shard_server::memory: work memory admission denied current=5905244160 limit=7516192768 held=536870912 requested=536870912
2026-09-09T18:23:24.550718Z DEBUG transparent_shard_server::memory: work memory admission denied current=5905244160 limit=7516192768 held=536870912 requested=536870912
2026-09-09T18:23:24.651291Z DEBUG transparent_shard_server::memory: work memory admission denied current=5905387520 limit=7516192768 held=536870912 requested=536870912
2026-09-09T18:23:24.752584Z DEBUG transparent_shard_server::memory: work memory admission denied current=5871828992 limit=7516192768 held=536870912 requested=536870912
2026-09-09T18:23:24.853391Z DEBUG transparent_shard_server::memory: work memory admission denied current=5885648896 limit=7516192768 held=536870912 requested=536870912
2026-09-09T18:23:24.954765Z DEBUG transparent_shard_server::memory: work memory admission denied current=5827358720 limit=7516192768 held=536870912 requested=536870912
2026-09-09T18:23:25.056217Z DEBUG transparent_shard_server::memory: work memory admission denied current=5838368768 limit=7516192768 held=536870912 requested=536870912
2026-09-09T18:23:25.157595Z DEBUG transparent_shard_server::memory: work memory admission denied current=5849640960 limit=7516192768 held=536870912 requested=536870912
2026-09-09T18:23:25.258944Z DEBUG transparent_shard_server::memory: work memory admission denied current=5860913152 limit=7516192768 held=536870912 requested=536870912
2026-09-09T18:23:25.359401Z DEBUG transparent_shard_server::memory: work memory admission denied current=5872185344 limit=7516192768 held=536870912 requested=536870912
2026-09-09T18:23:25.460757Z DEBUG transparent_shard_server::memory: work memory admission denied current=5883719680 limit=7516192768 held=536870912 requested=536870912
2026-09-09T18:23:25.562158Z DEBUG transparent_shard_server::memory: work memory admission denied current=5894991872 limit=7516192768 held=536870912 requested=536870912
2026-09-09T18:23:25.663535Z DEBUG transparent_shard_server::memory: work memory admission denied current=5892464640 limit=7516192768 held=536870912 requested=536870912
2026-09-09T18:23:25.764982Z DEBUG transparent_shard_server::memory: work memory admission denied current=5903736832 limit=7516192768 held=536870912 requested=536870912
2026-09-09T18:23:25.786491Z DEBUG transparent_shard_server::runtime: construction stage geometry="recent-8k" table="pages" seconds=1.9640673560000002 stage="pack_preprocessing"
2026-09-09T18:23:25.786824Z DEBUG transparent_shard_server::runtime: construction stage geometry="recent-8k" table="pages" seconds=0.00028576 stage="publish_parameters"
2026-09-09T18:23:25.788050Z DEBUG transparent_shard_server::runtime: runtime stage key=("ced665ae1f1140944bcd0c9aa2b83c1019df768df87fa513f9509106fc5b88c1", Pages, 0) seconds=2.834676116 stage="runtime_build"
2026-09-09T18:23:25.865359Z DEBUG transparent_shard_server::memory: work memory admission denied current=5890031616 limit=7516192768 held=536870912 requested=536870912
2026-09-09T18:23:25.966685Z DEBUG transparent_shard_server::memory: work memory admission denied current=5905555456 limit=7516192768 held=536870912 requested=536870912
2026-09-09T18:23:26.068024Z DEBUG transparent_shard_server::memory: work memory admission denied current=5905072128 limit=7516192768 held=536870912 requested=536870912
2026-09-09T18:23:26.168338Z DEBUG transparent_shard_server::memory: work memory admission denied current=5904863232 limit=7516192768 held=536870912 requested=536870912
2026-09-09T18:23:26.269692Z DEBUG transparent_shard_server::memory: work memory admission denied current=5905432576 limit=7516192768 held=536870912 requested=536870912
2026-09-09T18:23:26.371027Z DEBUG transparent_shard_server::memory: work memory admission denied current=5905215488 limit=7516192768 held=536870912 requested=536870912
2026-09-09T18:23:26.471393Z DEBUG transparent_shard_server::memory: work memory admission denied current=5904957440 limit=7516192768 held=536870912 requested=536870912
2026-09-09T18:23:26.494696Z DEBUG transparent_shard_server::runtime: runtime stage key=("ced665ae1f1140944bcd0c9aa2b83c1019df768df87fa513f9509106fc5b88c1", Pages, 0) seconds=0.706614983 stage="disk_save"
2026-09-09T18:23:26.494789Z DEBUG transparent_shard_server::runtime: runtime stage key=("a4bd72b37c0aafb265c77bb09cbc402cf69b65a87a1fabc8a0f12614b35469be", Directory, 0) seconds=7.415156324 stage="build_slot"
2026-09-09T18:23:26.494829Z DEBUG transparent_shard_server::runtime: runtime stage key=("c907a0aa45b2551520863990845279fd25135889865e088c2dad6ea0d32b8fde", Directory, 0) seconds=7.88e-7 stage="restore_slot"
2026-09-09T18:23:26.495018Z DEBUG transparent_shard_server::runtime: runtime stage key=("c907a0aa45b2551520863990845279fd25135889865e088c2dad6ea0d32b8fde", Directory, 0) seconds=4.1516e-5 hit=false stage="disk_restore"
2026-09-09T18:23:26.572461Z DEBUG transparent_shard_server::memory: cold build admission wait seconds=3.8165053330000003 admitted=true
2026-09-09T18:23:26.572557Z DEBUG transparent_shard_server::memory: work memory admission denied current=5905219584 limit=7516192768 held=536870912 requested=536870912
2026-09-09T18:23:26.673896Z DEBUG transparent_shard_server::memory: work memory admission denied current=5905219584 limit=7516192768 held=536870912 requested=536870912
2026-09-09T18:23:26.694413Z DEBUG transparent_shard_server::runtime: runtime stage key=("2d4497bf9e8bafc6139ee4e57114238a7ecfa0782702939922bf2a79b1fe05bf", Pages, 0) seconds=0.121840153 stage="source_load"
2026-09-09T18:23:26.775260Z DEBUG transparent_shard_server::memory: work memory admission denied current=5905289216 limit=7516192768 held=536870912 requested=536870912
2026-09-09T18:23:26.876762Z DEBUG transparent_shard_server::memory: work memory admission denied current=5904891904 limit=7516192768 held=536870912 requested=536870912
2026-09-09T18:23:26.978146Z DEBUG transparent_shard_server::memory: work memory admission denied current=5905203200 limit=7516192768 held=536870912 requested=536870912
2026-09-09T18:23:26.999233Z DEBUG transparent_shard_server::runtime: construction stage geometry="recent-8k" table="pages" seconds=0.304764496 stage="encode_database"
2026-09-09T18:23:26.999350Z DEBUG transparent_shard_server::runtime: construction stage geometry="recent-8k" table="pages" seconds=7.3343e-5 stage="public_setup"
2026-09-09T18:23:27.079354Z DEBUG transparent_shard_server::memory: work memory admission denied current=5905465344 limit=7516192768 held=536870912 requested=536870912
2026-09-09T18:23:27.180661Z DEBUG transparent_shard_server::memory: work memory admission denied current=5905465344 limit=7516192768 held=536870912 requested=536870912
2026-09-09T18:23:27.281992Z DEBUG transparent_shard_server::memory: work memory admission denied current=5905465344 limit=7516192768 held=536870912 requested=536870912
2026-09-09T18:23:27.383298Z DEBUG transparent_shard_server::memory: work memory admission denied current=5905481728 limit=7516192768 held=536870912 requested=536870912
2026-09-09T18:23:27.484635Z DEBUG transparent_shard_server::memory: work memory admission denied current=5905481728 limit=7516192768 held=536870912 requested=536870912
2026-09-09T18:23:27.558136Z DEBUG transparent_shard_server::runtime: construction stage geometry="recent-8k" table="pages" seconds=0.558777988 stage="hint_columns"
2026-09-09T18:23:27.585938Z DEBUG transparent_shard_server::memory: work memory admission denied current=5905104896 limit=7516192768 held=536870912 requested=536870912
2026-09-09T18:23:27.686393Z DEBUG transparent_shard_server::memory: work memory admission denied current=5905154048 limit=7516192768 held=536870912 requested=536870912
2026-09-09T18:23:27.787819Z DEBUG transparent_shard_server::memory: work memory admission denied current=5905154048 limit=7516192768 held=536870912 requested=536870912
2026-09-09T18:23:27.889275Z DEBUG transparent_shard_server::memory: work memory admission denied current=5905154048 limit=7516192768 held=536870912 requested=536870912
2026-09-09T18:23:27.990688Z DEBUG transparent_shard_server::memory: work memory admission denied current=5905342464 limit=7516192768 held=536870912 requested=536870912
2026-09-09T18:23:28.092067Z DEBUG transparent_shard_server::memory: work memory admission denied current=5905342464 limit=7516192768 held=536870912 requested=536870912
2026-09-09T18:23:28.192464Z DEBUG transparent_shard_server::memory: work memory admission denied current=5905342464 limit=7516192768 held=536870912 requested=536870912
2026-09-09T18:23:28.293876Z DEBUG transparent_shard_server::memory: work memory admission denied current=5905342464 limit=7516192768 held=536870912 requested=536870912
2026-09-09T18:23:28.395296Z DEBUG transparent_shard_server::memory: work memory admission denied current=5905534976 limit=7516192768 held=536870912 requested=536870912
2026-09-09T18:23:28.496427Z DEBUG transparent_shard_server::memory: work memory admission denied current=5871751168 limit=7516192768 held=536870912 requested=536870912
2026-09-09T18:23:28.597736Z DEBUG transparent_shard_server::memory: work memory admission denied current=5885054976 limit=7516192768 held=536870912 requested=536870912
2026-09-09T18:23:28.699109Z DEBUG transparent_shard_server::memory: work memory admission denied current=5826236416 limit=7516192768 held=536870912 requested=536870912
2026-09-09T18:23:28.800571Z DEBUG transparent_shard_server::memory: work memory admission denied current=5837770752 limit=7516192768 held=536870912 requested=536870912
2026-09-09T18:23:28.901954Z DEBUG transparent_shard_server::memory: work memory admission denied current=5848780800 limit=7516192768 held=536870912 requested=536870912
2026-09-09T18:23:29.002376Z DEBUG transparent_shard_server::memory: work memory admission denied current=5859790848 limit=7516192768 held=536870912 requested=536870912
2026-09-09T18:23:29.103815Z DEBUG transparent_shard_server::memory: work memory admission denied current=5871063040 limit=7516192768 held=536870912 requested=536870912
2026-09-09T18:23:29.205201Z DEBUG transparent_shard_server::memory: work memory admission denied current=5882335232 limit=7516192768 held=536870912 requested=536870912
2026-09-09T18:23:29.306567Z DEBUG transparent_shard_server::memory: work memory admission denied current=5893869568 limit=7516192768 held=536870912 requested=536870912
2026-09-09T18:23:29.407991Z DEBUG transparent_shard_server::memory: work memory admission denied current=5891096576 limit=7516192768 held=536870912 requested=536870912
2026-09-09T18:23:29.508493Z DEBUG transparent_shard_server::memory: work memory admission denied current=5902106624 limit=7516192768 held=536870912 requested=536870912
2026-09-09T18:23:29.538939Z DEBUG transparent_shard_server::runtime: construction stage geometry="recent-8k" table="pages" seconds=1.980747281 stage="pack_preprocessing"
2026-09-09T18:23:29.539257Z DEBUG transparent_shard_server::runtime: construction stage geometry="recent-8k" table="pages" seconds=0.000276586 stage="publish_parameters"
2026-09-09T18:23:29.540202Z DEBUG transparent_shard_server::runtime: runtime stage key=("2d4497bf9e8bafc6139ee4e57114238a7ecfa0782702939922bf2a79b1fe05bf", Pages, 0) seconds=2.845734627 stage="runtime_build"
2026-09-09T18:23:29.609859Z DEBUG transparent_shard_server::memory: work memory admission denied current=5887877120 limit=7516192768 held=536870912 requested=536870912
2026-09-09T18:23:29.711275Z DEBUG transparent_shard_server::memory: work memory admission denied current=5905809408 limit=7516192768 held=536870912 requested=536870912
2026-09-09T18:23:29.812750Z DEBUG transparent_shard_server::memory: work memory admission denied current=5905084416 limit=7516192768 held=536870912 requested=536870912
2026-09-09T18:23:29.914110Z DEBUG transparent_shard_server::memory: work memory admission denied current=5905133568 limit=7516192768 held=536870912 requested=536870912
2026-09-09T18:23:30.015457Z DEBUG transparent_shard_server::memory: work memory admission denied current=5905432576 limit=7516192768 held=536870912 requested=536870912
2026-09-09T18:23:30.116908Z DEBUG transparent_shard_server::memory: work memory admission denied current=5905473536 limit=7516192768 held=536870912 requested=536870912
2026-09-09T18:23:30.218269Z DEBUG transparent_shard_server::memory: work memory admission denied current=5905231872 limit=7516192768 held=536870912 requested=536870912
2026-09-09T18:23:30.249429Z DEBUG transparent_shard_server::runtime: runtime stage key=("2d4497bf9e8bafc6139ee4e57114238a7ecfa0782702939922bf2a79b1fe05bf", Pages, 0) seconds=0.709176334 stage="disk_save"
2026-09-09T18:23:30.249528Z DEBUG transparent_shard_server::runtime: runtime stage key=("a4bd72b37c0aafb265c77bb09cbc402cf69b65a87a1fabc8a0f12614b35469be", Pages, 0) seconds=7.493412473 stage="build_slot"
2026-09-09T18:23:30.249584Z DEBUG transparent_shard_server::runtime: runtime stage key=("c907a0aa45b2551520863990845279fd25135889865e088c2dad6ea0d32b8fde", Pages, 0) seconds=8.34e-7 stage="restore_slot"
2026-09-09T18:23:30.249708Z DEBUG transparent_shard_server::runtime: runtime stage key=("c907a0aa45b2551520863990845279fd25135889865e088c2dad6ea0d32b8fde", Pages, 0) seconds=2.7652e-5 hit=false stage="disk_restore"
2026-09-09T18:23:30.320026Z DEBUG transparent_shard_server::memory: cold build admission wait seconds=3.825210857 admitted=true
2026-09-09T18:23:30.320135Z DEBUG transparent_shard_server::memory: work memory admission denied current=5905494016 limit=7516192768 held=536870912 requested=536870912
2026-09-09T18:23:30.421473Z DEBUG transparent_shard_server::memory: work memory admission denied current=5905494016 limit=7516192768 held=536870912 requested=536870912
2026-09-09T18:23:30.440323Z DEBUG transparent_shard_server::runtime: runtime stage key=("a4bd72b37c0aafb265c77bb09cbc402cf69b65a87a1fabc8a0f12614b35469be", Directory, 0) seconds=0.120184318 stage="source_load"
2026-09-09T18:23:30.522752Z DEBUG transparent_shard_server::memory: work memory admission denied current=5905522688 limit=7516192768 held=536870912 requested=536870912
2026-09-09T18:23:30.624110Z DEBUG transparent_shard_server::memory: work memory admission denied current=5905403904 limit=7516192768 held=536870912 requested=536870912
2026-09-09T18:23:30.725403Z DEBUG transparent_shard_server::memory: work memory admission denied current=5905178624 limit=7516192768 held=536870912 requested=536870912
2026-09-09T18:23:30.745810Z DEBUG transparent_shard_server::runtime: construction stage geometry="recent-8k" table="directory" seconds=0.305444683 stage="encode_database"
2026-09-09T18:23:30.745927Z DEBUG transparent_shard_server::runtime: construction stage geometry="recent-8k" table="directory" seconds=7.628e-5 stage="public_setup"
2026-09-09T18:23:30.826758Z DEBUG transparent_shard_server::memory: work memory admission denied current=5905178624 limit=7516192768 held=536870912 requested=536870912
2026-09-09T18:23:30.928078Z DEBUG transparent_shard_server::memory: work memory admission denied current=5905178624 limit=7516192768 held=536870912 requested=536870912
2026-09-09T18:23:31.028353Z DEBUG transparent_shard_server::memory: work memory admission denied current=5905178624 limit=7516192768 held=536870912 requested=536870912
2026-09-09T18:23:31.129673Z DEBUG transparent_shard_server::memory: work memory admission denied current=5905178624 limit=7516192768 held=536870912 requested=536870912
2026-09-09T18:23:31.230979Z DEBUG transparent_shard_server::memory: work memory admission denied current=5905178624 limit=7516192768 held=536870912 requested=536870912
2026-09-09T18:23:31.281349Z DEBUG transparent_shard_server::runtime: construction stage geometry="recent-8k" table="directory" seconds=0.535414792 stage="hint_columns"
2026-09-09T18:23:31.332304Z DEBUG transparent_shard_server::memory: work memory admission denied current=5905416192 limit=7516192768 held=536870912 requested=536870912
2026-09-09T18:23:31.433649Z DEBUG transparent_shard_server::memory: work memory admission denied current=5905014784 limit=7516192768 held=536870912 requested=536870912
2026-09-09T18:23:31.534961Z DEBUG transparent_shard_server::memory: work memory admission denied current=5905014784 limit=7516192768 held=536870912 requested=536870912
2026-09-09T18:23:31.635290Z DEBUG transparent_shard_server::memory: work memory admission denied current=5905014784 limit=7516192768 held=536870912 requested=536870912
test burst::publication_burst_under_exact_load has been running for over 60 seconds
2026-09-09T18:23:31.736593Z DEBUG transparent_shard_server::memory: work memory admission denied current=5904941056 limit=7516192768 held=536870912 requested=536870912
2026-09-09T18:23:31.837920Z DEBUG transparent_shard_server::memory: work memory admission denied current=5904941056 limit=7516192768 held=536870912 requested=536870912
2026-09-09T18:23:31.938527Z DEBUG transparent_shard_server::memory: work memory admission denied current=5904941056 limit=7516192768 held=536870912 requested=536870912
2026-09-09T18:23:32.039917Z DEBUG transparent_shard_server::memory: work memory admission denied current=5904941056 limit=7516192768 held=536870912 requested=536870912
2026-09-09T18:23:32.140351Z DEBUG transparent_shard_server::memory: work memory admission denied current=5905207296 limit=7516192768 held=536870912 requested=536870912
2026-09-09T18:23:32.241690Z DEBUG transparent_shard_server::memory: work memory admission denied current=5871493120 limit=7516192768 held=536870912 requested=536870912
2026-09-09T18:23:32.342381Z DEBUG transparent_shard_server::memory: work memory admission denied current=5818712064 limit=7516192768 held=536870912 requested=536870912
2026-09-09T18:23:32.443701Z DEBUG transparent_shard_server::memory: work memory admission denied current=5829984256 limit=7516192768 held=536870912 requested=536870912
2026-09-09T18:23:32.545009Z DEBUG transparent_shard_server::memory: work memory admission denied current=5841256448 limit=7516192768 held=536870912 requested=536870912
2026-09-09T18:23:32.645354Z DEBUG transparent_shard_server::memory: work memory admission denied current=5852266496 limit=7516192768 held=536870912 requested=536870912
2026-09-09T18:23:32.746653Z DEBUG transparent_shard_server::memory: work memory admission denied current=5863538688 limit=7516192768 held=536870912 requested=536870912
2026-09-09T18:23:32.847978Z DEBUG transparent_shard_server::memory: work memory admission denied current=5874548736 limit=7516192768 held=536870912 requested=536870912
2026-09-09T18:23:32.949281Z DEBUG transparent_shard_server::memory: work memory admission denied current=5885820928 limit=7516192768 held=536870912 requested=536870912
2026-09-09T18:23:33.050589Z DEBUG transparent_shard_server::memory: work memory admission denied current=5897093120 limit=7516192768 held=536870912 requested=536870912
2026-09-09T18:23:33.151626Z DEBUG transparent_shard_server::memory: work memory admission denied current=5894221824 limit=7516192768 held=536870912 requested=536870912
2026-09-09T18:23:33.252503Z DEBUG transparent_shard_server::runtime: construction stage geometry="recent-8k" table="directory" seconds=1.971112293 stage="pack_preprocessing"
2026-09-09T18:23:33.252839Z DEBUG transparent_shard_server::runtime: construction stage geometry="recent-8k" table="directory" seconds=0.000291058 stage="publish_parameters"
2026-09-09T18:23:33.253056Z DEBUG transparent_shard_server::memory: work memory admission denied current=5871341568 limit=7516192768 held=536870912 requested=536870912
2026-09-09T18:23:33.253704Z DEBUG transparent_shard_server::runtime: runtime stage key=("a4bd72b37c0aafb265c77bb09cbc402cf69b65a87a1fabc8a0f12614b35469be", Directory, 0) seconds=2.813339954 stage="runtime_build"
2026-09-09T18:23:33.353499Z DEBUG transparent_shard_server::memory: work memory admission denied current=5894148096 limit=7516192768 held=536870912 requested=536870912
2026-09-09T18:23:33.454832Z DEBUG transparent_shard_server::memory: work memory admission denied current=5904801792 limit=7516192768 held=536870912 requested=536870912
2026-09-09T18:23:33.556284Z DEBUG transparent_shard_server::memory: work memory admission denied current=5905100800 limit=7516192768 held=536870912 requested=536870912
2026-09-09T18:23:33.657644Z DEBUG transparent_shard_server::memory: work memory admission denied current=5905145856 limit=7516192768 held=536870912 requested=536870912
2026-09-09T18:23:33.759008Z DEBUG transparent_shard_server::memory: work memory admission denied current=5905199104 limit=7516192768 held=536870912 requested=536870912
2026-09-09T18:23:33.859350Z DEBUG transparent_shard_server::memory: work memory admission denied current=5905248256 limit=7516192768 held=536870912 requested=536870912
2026-09-09T18:23:33.959211Z DEBUG transparent_shard_server::runtime: runtime stage key=("a4bd72b37c0aafb265c77bb09cbc402cf69b65a87a1fabc8a0f12614b35469be", Directory, 0) seconds=0.705481032 stage="disk_save"
2026-09-09T18:23:33.959319Z DEBUG transparent_shard_server::runtime: runtime stage key=("c907a0aa45b2551520863990845279fd25135889865e088c2dad6ea0d32b8fde", Directory, 0) seconds=7.46425563 stage="build_slot"
2026-09-09T18:23:33.959357Z DEBUG transparent_shard_server::runtime: runtime stage key=("67574e8d4c7f7c258f8c7488f73e80a9476f8074c3db3540325133ff25020c2b", Directory, 0) seconds=7.39e-7 stage="restore_slot"
2026-09-09T18:23:33.959519Z DEBUG transparent_shard_server::runtime: runtime stage key=("67574e8d4c7f7c258f8c7488f73e80a9476f8074c3db3540325133ff25020c2b", Directory, 0) seconds=4.1152e-5 hit=false stage="disk_restore"
2026-09-09T18:23:33.960698Z DEBUG transparent_shard_server::memory: cold build admission wait seconds=3.711129733 admitted=true
2026-09-09T18:23:33.960764Z DEBUG transparent_shard_server::memory: work memory admission denied current=5904998400 limit=7516192768 held=536870912 requested=536870912
2026-09-09T18:23:34.062205Z DEBUG transparent_shard_server::memory: work memory admission denied current=5904998400 limit=7516192768 held=536870912 requested=536870912
2026-09-09T18:23:34.084086Z DEBUG transparent_shard_server::runtime: runtime stage key=("a4bd72b37c0aafb265c77bb09cbc402cf69b65a87a1fabc8a0f12614b35469be", Pages, 0) seconds=0.123329418 stage="source_load"
2026-09-09T18:23:34.163570Z DEBUG transparent_shard_server::memory: work memory admission denied current=5905276928 limit=7516192768 held=536870912 requested=536870912
2026-09-09T18:23:34.265009Z DEBUG transparent_shard_server::memory: work memory admission denied current=5905395712 limit=7516192768 held=536870912 requested=536870912
2026-09-09T18:23:34.365416Z DEBUG transparent_shard_server::memory: work memory admission denied current=5905166336 limit=7516192768 held=536870912 requested=536870912
2026-09-09T18:23:34.390746Z DEBUG transparent_shard_server::runtime: construction stage geometry="recent-8k" table="pages" seconds=0.306608536 stage="encode_database"
2026-09-09T18:23:34.390862Z DEBUG transparent_shard_server::runtime: construction stage geometry="recent-8k" table="pages" seconds=7.1705e-5 stage="public_setup"
2026-09-09T18:23:34.466396Z DEBUG transparent_shard_server::memory: work memory admission denied current=5905428480 limit=7516192768 held=536870912 requested=536870912
2026-09-09T18:23:34.567736Z DEBUG transparent_shard_server::memory: work memory admission denied current=5905428480 limit=7516192768 held=536870912 requested=536870912
2026-09-09T18:23:34.669036Z DEBUG transparent_shard_server::memory: work memory admission denied current=5905428480 limit=7516192768 held=536870912 requested=536870912
2026-09-09T18:23:34.769357Z DEBUG transparent_shard_server::memory: work memory admission denied current=5905428480 limit=7516192768 held=536870912 requested=536870912
2026-09-09T18:23:34.870357Z DEBUG transparent_shard_server::memory: work memory admission denied current=5905428480 limit=7516192768 held=536870912 requested=536870912
2026-09-09T18:23:34.949329Z DEBUG transparent_shard_server::runtime: construction stage geometry="recent-8k" table="pages" seconds=0.558460675 stage="hint_columns"
2026-09-09T18:23:34.971673Z DEBUG transparent_shard_server::memory: work memory admission denied current=5905444864 limit=7516192768 held=536870912 requested=536870912
2026-09-09T18:23:35.073043Z DEBUG transparent_shard_server::memory: work memory admission denied current=5905096704 limit=7516192768 held=536870912 requested=536870912
2026-09-09T18:23:35.173437Z DEBUG transparent_shard_server::memory: work memory admission denied current=5905096704 limit=7516192768 held=536870912 requested=536870912
2026-09-09T18:23:35.274859Z DEBUG transparent_shard_server::memory: work memory admission denied current=5905096704 limit=7516192768 held=536870912 requested=536870912
2026-09-09T18:23:35.376347Z DEBUG transparent_shard_server::memory: work memory admission denied current=5905289216 limit=7516192768 held=536870912 requested=536870912
2026-09-09T18:23:35.477825Z DEBUG transparent_shard_server::memory: work memory admission denied current=5905289216 limit=7516192768 held=536870912 requested=536870912
2026-09-09T18:23:35.579243Z DEBUG transparent_shard_server::memory: work memory admission denied current=5905289216 limit=7516192768 held=536870912 requested=536870912
2026-09-09T18:23:35.680629Z DEBUG transparent_shard_server::memory: work memory admission denied current=5905289216 limit=7516192768 held=536870912 requested=536870912
2026-09-09T18:23:35.781288Z DEBUG transparent_shard_server::memory: work memory admission denied current=5905338368 limit=7516192768 held=536870912 requested=536870912
2026-09-09T18:23:35.882583Z DEBUG transparent_shard_server::memory: work memory admission denied current=5871636480 limit=7516192768 held=536870912 requested=536870912
2026-09-09T18:23:35.983939Z DEBUG transparent_shard_server::memory: work memory admission denied current=5885456384 limit=7516192768 held=536870912 requested=536870912
2026-09-09T18:23:36.085313Z DEBUG transparent_shard_server::memory: work memory admission denied current=5826916352 limit=7516192768 held=536870912 requested=536870912
2026-09-09T18:23:36.186813Z DEBUG transparent_shard_server::memory: work memory admission denied current=5837926400 limit=7516192768 held=536870912 requested=536870912
2026-09-09T18:23:36.288321Z DEBUG transparent_shard_server::memory: work memory admission denied current=5849198592 limit=7516192768 held=536870912 requested=536870912
2026-09-09T18:23:36.389732Z DEBUG transparent_shard_server::memory: work memory admission denied current=5860470784 limit=7516192768 held=536870912 requested=536870912
2026-09-09T18:23:36.491108Z DEBUG transparent_shard_server::memory: work memory admission denied current=5872005120 limit=7516192768 held=536870912 requested=536870912
2026-09-09T18:23:36.592468Z DEBUG transparent_shard_server::memory: work memory admission denied current=5883015168 limit=7516192768 held=536870912 requested=536870912
2026-09-09T18:23:36.693851Z DEBUG transparent_shard_server::memory: work memory admission denied current=5894287360 limit=7516192768 held=536870912 requested=536870912
2026-09-09T18:23:36.795309Z DEBUG transparent_shard_server::memory: work memory admission denied current=5891432448 limit=7516192768 held=536870912 requested=536870912
2026-09-09T18:23:36.896701Z DEBUG transparent_shard_server::memory: work memory admission denied current=5902704640 limit=7516192768 held=536870912 requested=536870912
2026-09-09T18:23:36.923911Z DEBUG transparent_shard_server::runtime: construction stage geometry="recent-8k" table="pages" seconds=1.974537469 stage="pack_preprocessing"
2026-09-09T18:23:36.924232Z DEBUG transparent_shard_server::runtime: construction stage geometry="recent-8k" table="pages" seconds=0.000278463 stage="publish_parameters"
2026-09-09T18:23:36.925065Z DEBUG transparent_shard_server::runtime: runtime stage key=("a4bd72b37c0aafb265c77bb09cbc402cf69b65a87a1fabc8a0f12614b35469be", Pages, 0) seconds=2.840929038 stage="runtime_build"
2026-09-09T18:23:36.998105Z DEBUG transparent_shard_server::memory: work memory admission denied current=5888999424 limit=7516192768 held=536870912 requested=536870912
2026-09-09T18:23:37.099453Z DEBUG transparent_shard_server::memory: work memory admission denied current=5905170432 limit=7516192768 held=536870912 requested=536870912
2026-09-09T18:23:37.200836Z DEBUG transparent_shard_server::memory: work memory admission denied current=5905465344 limit=7516192768 held=536870912 requested=536870912
2026-09-09T18:23:37.302211Z DEBUG transparent_shard_server::memory: work memory admission denied current=5905510400 limit=7516192768 held=536870912 requested=536870912
2026-09-09T18:23:37.403567Z DEBUG transparent_shard_server::memory: work memory admission denied current=5905555456 limit=7516192768 held=536870912 requested=536870912
2026-09-09T18:23:37.504919Z DEBUG transparent_shard_server::memory: work memory admission denied current=5905612800 limit=7516192768 held=536870912 requested=536870912
2026-09-09T18:23:37.606383Z DEBUG transparent_shard_server::memory: work memory admission denied current=5905362944 limit=7516192768 held=536870912 requested=536870912
2026-09-09T18:23:37.620936Z DEBUG transparent_shard_server::runtime: runtime stage key=("a4bd72b37c0aafb265c77bb09cbc402cf69b65a87a1fabc8a0f12614b35469be", Pages, 0) seconds=0.695851616 stage="disk_save"
2026-09-09T18:23:37.621040Z DEBUG transparent_shard_server::runtime: runtime stage key=("c907a0aa45b2551520863990845279fd25135889865e088c2dad6ea0d32b8fde", Pages, 0) seconds=7.371316504 stage="build_slot"
2026-09-09T18:23:37.621078Z DEBUG transparent_shard_server::runtime: runtime stage key=("67574e8d4c7f7c258f8c7488f73e80a9476f8074c3db3540325133ff25020c2b", Pages, 0) seconds=7.98e-7 stage="restore_slot"
2026-09-09T18:23:37.621212Z DEBUG transparent_shard_server::runtime: runtime stage key=("67574e8d4c7f7c258f8c7488f73e80a9476f8074c3db3540325133ff25020c2b", Pages, 0) seconds=3.9844e-5 hit=false stage="disk_restore"
2026-09-09T18:23:37.707527Z DEBUG transparent_shard_server::memory: cold build admission wait seconds=3.748182866 admitted=true
2026-09-09T18:23:37.707611Z DEBUG transparent_shard_server::memory: work memory admission denied current=5904842752 limit=7516192768 held=536870912 requested=536870912
2026-09-09T18:23:37.808969Z DEBUG transparent_shard_server::memory: work memory admission denied current=5904842752 limit=7516192768 held=536870912 requested=536870912
2026-09-09T18:23:37.830539Z DEBUG transparent_shard_server::runtime: runtime stage key=("c907a0aa45b2551520863990845279fd25135889865e088c2dad6ea0d32b8fde", Directory, 0) seconds=0.122911905 stage="source_load"
2026-09-09T18:23:37.909376Z DEBUG transparent_shard_server::memory: work memory admission denied current=5905285120 limit=7516192768 held=536870912 requested=536870912
2026-09-09T18:23:38.010792Z DEBUG transparent_shard_server::memory: work memory admission denied current=5905121280 limit=7516192768 held=536870912 requested=536870912
2026-09-09T18:23:38.112212Z DEBUG transparent_shard_server::memory: work memory admission denied current=5904891904 limit=7516192768 held=536870912 requested=536870912
2026-09-09T18:23:38.135057Z DEBUG transparent_shard_server::runtime: construction stage geometry="recent-8k" table="directory" seconds=0.304471599 stage="encode_database"
2026-09-09T18:23:38.135171Z DEBUG transparent_shard_server::runtime: construction stage geometry="recent-8k" table="directory" seconds=7.0168e-5 stage="public_setup"
2026-09-09T18:23:38.213379Z DEBUG transparent_shard_server::memory: work memory admission denied current=5905154048 limit=7516192768 held=536870912 requested=536870912
2026-09-09T18:23:38.314704Z DEBUG transparent_shard_server::memory: work memory admission denied current=5905154048 limit=7516192768 held=536870912 requested=536870912
2026-09-09T18:23:38.416033Z DEBUG transparent_shard_server::memory: work memory admission denied current=5905154048 limit=7516192768 held=536870912 requested=536870912
2026-09-09T18:23:38.516277Z DEBUG transparent_shard_server::memory: work memory admission denied current=5905154048 limit=7516192768 held=536870912 requested=536870912
2026-09-09T18:23:38.617579Z DEBUG transparent_shard_server::memory: work memory admission denied current=5905154048 limit=7516192768 held=536870912 requested=536870912
2026-09-09T18:23:38.645299Z DEBUG transparent_shard_server::runtime: construction stage geometry="recent-8k" table="directory" seconds=0.510122449 stage="hint_columns"
2026-09-09T18:23:38.719024Z DEBUG transparent_shard_server::memory: work memory admission denied current=5905571840 limit=7516192768 held=536870912 requested=536870912
2026-09-09T18:23:38.819494Z DEBUG transparent_shard_server::memory: work memory admission denied current=5905354752 limit=7516192768 held=536870912 requested=536870912
2026-09-09T18:23:38.920945Z DEBUG transparent_shard_server::memory: work memory admission denied current=5905354752 limit=7516192768 held=536870912 requested=536870912
2026-09-09T18:23:39.022298Z DEBUG transparent_shard_server::memory: work memory admission denied current=5871996928 limit=7516192768 held=536870912 requested=536870912
2026-09-09T18:23:39.123717Z DEBUG transparent_shard_server::memory: work memory admission denied current=5905551360 limit=7516192768 held=536870912 requested=536870912
2026-09-09T18:23:39.225089Z DEBUG transparent_shard_server::memory: work memory admission denied current=5905551360 limit=7516192768 held=536870912 requested=536870912
2026-09-09T18:23:39.326477Z DEBUG transparent_shard_server::memory: work memory admission denied current=5905551360 limit=7516192768 held=536870912 requested=536870912
2026-09-09T18:23:39.428258Z DEBUG transparent_shard_server::memory: work memory admission denied current=5905559552 limit=7516192768 held=536870912 requested=536870912
2026-09-09T18:23:39.529546Z DEBUG transparent_shard_server::memory: work memory admission denied current=5871652864 limit=7516192768 held=536870912 requested=536870912
2026-09-09T18:23:39.635296Z DEBUG transparent_shard_server::memory: work memory admission denied current=5885730816 limit=7516192768 held=536870912 requested=536870912
2026-09-09T18:23:39.736627Z DEBUG transparent_shard_server::memory: work memory admission denied current=5821177856 limit=7516192768 held=536870912 requested=536870912
2026-09-09T18:23:39.837996Z DEBUG transparent_shard_server::memory: work memory admission denied current=5832187904 limit=7516192768 held=536870912 requested=536870912
2026-09-09T18:23:39.938394Z DEBUG transparent_shard_server::memory: work memory admission denied current=5843197952 limit=7516192768 held=536870912 requested=536870912
2026-09-09T18:23:40.039786Z DEBUG transparent_shard_server::memory: work memory admission denied current=5854208000 limit=7516192768 held=536870912 requested=536870912
2026-09-09T18:23:40.141157Z DEBUG transparent_shard_server::memory: work memory admission denied current=5865742336 limit=7516192768 held=536870912 requested=536870912
2026-09-09T18:23:40.242571Z DEBUG transparent_shard_server::memory: work memory admission denied current=5876752384 limit=7516192768 held=536870912 requested=536870912
2026-09-09T18:23:40.343963Z DEBUG transparent_shard_server::memory: work memory admission denied current=5887762432 limit=7516192768 held=536870912 requested=536870912
2026-09-09T18:23:40.445336Z DEBUG transparent_shard_server::memory: work memory admission denied current=5899034624 limit=7516192768 held=536870912 requested=536870912
2026-09-09T18:23:40.546726Z DEBUG transparent_shard_server::memory: work memory admission denied current=5896327168 limit=7516192768 held=536870912 requested=536870912
2026-09-09T18:23:40.633829Z DEBUG transparent_shard_server::runtime: construction stage geometry="recent-8k" table="directory" seconds=1.98848585 stage="pack_preprocessing"
2026-09-09T18:23:40.634181Z DEBUG transparent_shard_server::runtime: construction stage geometry="recent-8k" table="directory" seconds=0.000307557 stage="publish_parameters"
2026-09-09T18:23:40.634995Z DEBUG transparent_shard_server::runtime: runtime stage key=("c907a0aa45b2551520863990845279fd25135889865e088c2dad6ea0d32b8fde", Directory, 0) seconds=2.8044112979999998 stage="runtime_build"
2026-09-09T18:23:40.648172Z DEBUG transparent_shard_server::memory: work memory admission denied current=5875019776 limit=7516192768 held=536870912 requested=536870912
2026-09-09T18:23:40.749521Z DEBUG transparent_shard_server::memory: work memory admission denied current=5897826304 limit=7516192768 held=536870912 requested=536870912
2026-09-09T18:23:40.850957Z DEBUG transparent_shard_server::memory: work memory admission denied current=5905321984 limit=7516192768 held=536870912 requested=536870912
2026-09-09T18:23:40.952289Z DEBUG transparent_shard_server::memory: work memory admission denied current=5905469440 limit=7516192768 held=536870912 requested=536870912
2026-09-09T18:23:41.053646Z DEBUG transparent_shard_server::memory: work memory admission denied current=5905522688 limit=7516192768 held=536870912 requested=536870912
2026-09-09T18:23:41.155001Z DEBUG transparent_shard_server::memory: work memory admission denied current=5905571840 limit=7516192768 held=536870912 requested=536870912
2026-09-09T18:23:41.255378Z DEBUG transparent_shard_server::memory: work memory admission denied current=5905424384 limit=7516192768 held=536870912 requested=536870912
2026-09-09T18:23:41.356674Z DEBUG transparent_shard_server::runtime: runtime stage key=("c907a0aa45b2551520863990845279fd25135889865e088c2dad6ea0d32b8fde", Directory, 0) seconds=0.721661765 stage="disk_save"
2026-09-09T18:23:41.356727Z DEBUG transparent_shard_server::memory: work memory admission denied current=5904809984 limit=7516192768 held=536870912 requested=536870912
2026-09-09T18:23:41.356762Z DEBUG transparent_shard_server::runtime: runtime stage key=("67574e8d4c7f7c258f8c7488f73e80a9476f8074c3db3540325133ff25020c2b", Directory, 0) seconds=7.397201621 stage="build_slot"
2026-09-09T18:23:41.458127Z DEBUG transparent_shard_server::memory: cold build admission wait seconds=3.837058447 admitted=true
2026-09-09T18:23:41.458253Z DEBUG transparent_shard_server::memory: work memory admission denied current=5904809984 limit=7516192768 held=536870912 requested=536870912
2026-09-09T18:23:41.559640Z DEBUG transparent_shard_server::memory: work memory admission denied current=5904809984 limit=7516192768 held=536870912 requested=536870912
2026-09-09T18:23:41.581437Z DEBUG transparent_shard_server::runtime: runtime stage key=("c907a0aa45b2551520863990845279fd25135889865e088c2dad6ea0d32b8fde", Pages, 0) seconds=0.123110675 stage="source_load"
2026-09-09T18:23:41.661002Z DEBUG transparent_shard_server::memory: work memory admission denied current=5905457152 limit=7516192768 held=536870912 requested=536870912
2026-09-09T18:23:41.761384Z DEBUG transparent_shard_server::memory: work memory admission denied current=5905039360 limit=7516192768 held=536870912 requested=536870912
2026-09-09T18:23:41.862802Z DEBUG transparent_shard_server::memory: work memory admission denied current=5905350656 limit=7516192768 held=536870912 requested=536870912
2026-09-09T18:23:41.887517Z DEBUG transparent_shard_server::runtime: construction stage geometry="recent-8k" table="pages" seconds=0.306027999 stage="encode_database"
2026-09-09T18:23:41.887629Z DEBUG transparent_shard_server::runtime: construction stage geometry="recent-8k" table="pages" seconds=7.2932e-5 stage="public_setup"
2026-09-09T18:23:41.963377Z DEBUG transparent_shard_server::memory: work memory admission denied current=5904822272 limit=7516192768 held=536870912 requested=536870912
2026-09-09T18:23:42.064690Z DEBUG transparent_shard_server::memory: work memory admission denied current=5904822272 limit=7516192768 held=536870912 requested=536870912
2026-09-09T18:23:42.166006Z DEBUG transparent_shard_server::memory: work memory admission denied current=5904822272 limit=7516192768 held=536870912 requested=536870912
2026-09-09T18:23:42.266286Z DEBUG transparent_shard_server::memory: work memory admission denied current=5904822272 limit=7516192768 held=536870912 requested=536870912
2026-09-09T18:23:42.367587Z DEBUG transparent_shard_server::memory: work memory admission denied current=5904822272 limit=7516192768 held=536870912 requested=536870912
2026-09-09T18:23:42.448213Z DEBUG transparent_shard_server::runtime: construction stage geometry="recent-8k" table="pages" seconds=0.560578347 stage="hint_columns"
2026-09-09T18:23:42.468918Z DEBUG transparent_shard_server::memory: work memory admission denied current=5905166336 limit=7516192768 held=536870912 requested=536870912
2026-09-09T18:23:42.569334Z DEBUG transparent_shard_server::memory: work memory admission denied current=5905276928 limit=7516192768 held=536870912 requested=536870912
2026-09-09T18:23:42.670722Z DEBUG transparent_shard_server::memory: work memory admission denied current=5905276928 limit=7516192768 held=536870912 requested=536870912
2026-09-09T18:23:42.772198Z DEBUG transparent_shard_server::memory: work memory admission denied current=5905276928 limit=7516192768 held=536870912 requested=536870912
2026-09-09T18:23:42.873599Z DEBUG transparent_shard_server::memory: work memory admission denied current=5905469440 limit=7516192768 held=536870912 requested=536870912
2026-09-09T18:23:42.975002Z DEBUG transparent_shard_server::memory: work memory admission denied current=5905469440 limit=7516192768 held=536870912 requested=536870912
2026-09-09T18:23:43.075419Z DEBUG transparent_shard_server::memory: work memory admission denied current=5905469440 limit=7516192768 held=536870912 requested=536870912
2026-09-09T18:23:43.176909Z DEBUG transparent_shard_server::memory: work memory admission denied current=5905469440 limit=7516192768 held=536870912 requested=536870912
2026-09-09T18:23:43.277360Z DEBUG transparent_shard_server::memory: work memory admission denied current=5904977920 limit=7516192768 held=536870912 requested=536870912
2026-09-09T18:23:43.378392Z DEBUG transparent_shard_server::memory: work memory admission denied current=5871235072 limit=7516192768 held=536870912 requested=536870912
2026-09-09T18:23:43.479727Z DEBUG transparent_shard_server::memory: work memory admission denied current=5884796928 limit=7516192768 held=536870912 requested=536870912
2026-09-09T18:23:43.581100Z DEBUG transparent_shard_server::memory: work memory admission denied current=5824733184 limit=7516192768 held=536870912 requested=536870912
2026-09-09T18:23:43.682472Z DEBUG transparent_shard_server::memory: work memory admission denied current=5836005376 limit=7516192768 held=536870912 requested=536870912
2026-09-09T18:23:43.783844Z DEBUG transparent_shard_server::memory: work memory admission denied current=5847015424 limit=7516192768 held=536870912 requested=536870912
2026-09-09T18:23:43.885193Z DEBUG transparent_shard_server::memory: work memory admission denied current=5858287616 limit=7516192768 held=536870912 requested=536870912
2026-09-09T18:23:43.986585Z DEBUG transparent_shard_server::memory: work memory admission denied current=5869559808 limit=7516192768 held=536870912 requested=536870912
2026-09-09T18:23:44.088010Z DEBUG transparent_shard_server::memory: work memory admission denied current=5880569856 limit=7516192768 held=536870912 requested=536870912
2026-09-09T18:23:44.188452Z DEBUG transparent_shard_server::memory: work memory admission denied current=5891579904 limit=7516192768 held=536870912 requested=536870912
2026-09-09T18:23:44.289749Z DEBUG transparent_shard_server::memory: work memory admission denied current=5888888832 limit=7516192768 held=536870912 requested=536870912
2026-09-09T18:23:44.391116Z DEBUG transparent_shard_server::memory: work memory admission denied current=5899898880 limit=7516192768 held=536870912 requested=536870912
2026-09-09T18:23:44.437575Z DEBUG transparent_shard_server::runtime: construction stage geometry="recent-8k" table="pages" seconds=1.989317231 stage="pack_preprocessing"
2026-09-09T18:23:44.437880Z DEBUG transparent_shard_server::runtime: construction stage geometry="recent-8k" table="pages" seconds=0.000263248 stage="publish_parameters"
2026-09-09T18:23:44.438681Z DEBUG transparent_shard_server::runtime: runtime stage key=("c907a0aa45b2551520863990845279fd25135889865e088c2dad6ea0d32b8fde", Pages, 0) seconds=2.857195385 stage="runtime_build"
2026-09-09T18:23:44.492652Z DEBUG transparent_shard_server::memory: work memory admission denied current=5883047936 limit=7516192768 held=536870912 requested=536870912
2026-09-09T18:23:44.594001Z DEBUG transparent_shard_server::memory: work memory admission denied current=5905072128 limit=7516192768 held=536870912 requested=536870912
2026-09-09T18:23:44.694410Z DEBUG transparent_shard_server::memory: work memory admission denied current=5905362944 limit=7516192768 held=536870912 requested=536870912
2026-09-09T18:23:44.795763Z DEBUG transparent_shard_server::memory: work memory admission denied current=5905408000 limit=7516192768 held=536870912 requested=536870912
2026-09-09T18:23:44.897129Z DEBUG transparent_shard_server::memory: work memory admission denied current=5905448960 limit=7516192768 held=536870912 requested=536870912
2026-09-09T18:23:44.998489Z DEBUG transparent_shard_server::memory: work memory admission denied current=5905244160 limit=7516192768 held=536870912 requested=536870912
2026-09-09T18:23:45.099841Z DEBUG transparent_shard_server::memory: work memory admission denied current=5905268736 limit=7516192768 held=536870912 requested=536870912
2026-09-09T18:23:45.153498Z DEBUG transparent_shard_server::runtime: runtime stage key=("c907a0aa45b2551520863990845279fd25135889865e088c2dad6ea0d32b8fde", Pages, 0) seconds=0.714797588 stage="disk_save"
2026-09-09T18:23:45.153612Z DEBUG transparent_shard_server::runtime: runtime stage key=("67574e8d4c7f7c258f8c7488f73e80a9476f8074c3db3540325133ff25020c2b", Pages, 0) seconds=7.532364494 stage="build_slot"
2026-09-09T18:23:45.200993Z DEBUG transparent_shard_server::memory: cold build admission wait seconds=3.844212088 admitted=true
2026-09-09T18:23:45.201081Z DEBUG transparent_shard_server::memory: work memory admission denied current=5905264640 limit=7516192768 held=536870912 requested=536870912
2026-09-09T18:23:45.301420Z DEBUG transparent_shard_server::memory: work memory admission denied current=5905526784 limit=7516192768 held=536870912 requested=536870912
2026-09-09T18:23:45.321858Z DEBUG transparent_shard_server::runtime: runtime stage key=("67574e8d4c7f7c258f8c7488f73e80a9476f8074c3db3540325133ff25020c2b", Directory, 0) seconds=0.120760709 stage="source_load"
2026-09-09T18:23:45.402781Z DEBUG transparent_shard_server::memory: work memory admission denied current=5905575936 limit=7516192768 held=536870912 requested=536870912
2026-09-09T18:23:45.504138Z DEBUG transparent_shard_server::memory: work memory admission denied current=5905182720 limit=7516192768 held=536870912 requested=536870912
2026-09-09T18:23:45.605522Z DEBUG transparent_shard_server::memory: work memory admission denied current=5904953344 limit=7516192768 held=536870912 requested=536870912
2026-09-09T18:23:45.629437Z DEBUG transparent_shard_server::runtime: construction stage geometry="recent-8k" table="directory" seconds=0.307528791 stage="encode_database"
2026-09-09T18:23:45.629556Z DEBUG transparent_shard_server::runtime: construction stage geometry="recent-8k" table="directory" seconds=7.4859e-5 stage="public_setup"
2026-09-09T18:23:45.706331Z DEBUG transparent_shard_server::memory: work memory admission denied current=5905215488 limit=7516192768 held=536870912 requested=536870912
2026-09-09T18:23:45.807634Z DEBUG transparent_shard_server::memory: work memory admission denied current=5905215488 limit=7516192768 held=536870912 requested=536870912
2026-09-09T18:23:45.908951Z DEBUG transparent_shard_server::memory: work memory admission denied current=5905215488 limit=7516192768 held=536870912 requested=536870912
2026-09-09T18:23:46.010264Z DEBUG transparent_shard_server::memory: work memory admission denied current=5905215488 limit=7516192768 held=536870912 requested=536870912
2026-09-09T18:23:46.111585Z DEBUG transparent_shard_server::memory: work memory admission denied current=5905215488 limit=7516192768 held=536870912 requested=536870912
2026-09-09T18:23:46.150576Z DEBUG transparent_shard_server::runtime: construction stage geometry="recent-8k" table="directory" seconds=0.521014817 stage="hint_columns"
2026-09-09T18:23:46.212957Z DEBUG transparent_shard_server::memory: work memory admission denied current=5905379328 limit=7516192768 held=536870912 requested=536870912
2026-09-09T18:23:46.313357Z DEBUG transparent_shard_server::memory: work memory admission denied current=5905420288 limit=7516192768 held=536870912 requested=536870912
2026-09-09T18:23:46.414750Z DEBUG transparent_shard_server::memory: work memory admission denied current=5905420288 limit=7516192768 held=536870912 requested=536870912
2026-09-09T18:23:46.516200Z DEBUG transparent_shard_server::memory: work memory admission denied current=5905420288 limit=7516192768 held=536870912 requested=536870912
2026-09-09T18:23:46.617592Z DEBUG transparent_shard_server::memory: work memory admission denied current=5905092608 limit=7516192768 held=536870912 requested=536870912
2026-09-09T18:23:46.719031Z DEBUG transparent_shard_server::memory: work memory admission denied current=5905092608 limit=7516192768 held=536870912 requested=536870912
2026-09-09T18:23:46.819432Z DEBUG transparent_shard_server::memory: work memory admission denied current=5905092608 limit=7516192768 held=536870912 requested=536870912
2026-09-09T18:23:46.920921Z DEBUG transparent_shard_server::memory: work memory admission denied current=5905092608 limit=7516192768 held=536870912 requested=536870912
2026-09-09T18:23:47.021354Z DEBUG transparent_shard_server::memory: work memory admission denied current=5905166336 limit=7516192768 held=536870912 requested=536870912
2026-09-09T18:23:47.122696Z DEBUG transparent_shard_server::memory: work memory admission denied current=5871493120 limit=7516192768 held=536870912 requested=536870912
2026-09-09T18:23:47.223357Z DEBUG transparent_shard_server::memory: work memory admission denied current=5819494400 limit=7516192768 held=536870912 requested=536870912
2026-09-09T18:23:47.324668Z DEBUG transparent_shard_server::memory: work memory admission denied current=5830766592 limit=7516192768 held=536870912 requested=536870912
2026-09-09T18:23:47.425960Z DEBUG transparent_shard_server::memory: work memory admission denied current=5841776640 limit=7516192768 held=536870912 requested=536870912
2026-09-09T18:23:47.527283Z DEBUG transparent_shard_server::memory: work memory admission denied current=5852786688 limit=7516192768 held=536870912 requested=536870912
2026-09-09T18:23:47.628603Z DEBUG transparent_shard_server::memory: work memory admission denied current=5864058880 limit=7516192768 held=536870912 requested=536870912
2026-09-09T18:23:47.729905Z DEBUG transparent_shard_server::memory: work memory admission denied current=5875331072 limit=7516192768 held=536870912 requested=536870912
2026-09-09T18:23:47.831260Z DEBUG transparent_shard_server::memory: work memory admission denied current=5886341120 limit=7516192768 held=536870912 requested=536870912
2026-09-09T18:23:47.932742Z DEBUG transparent_shard_server::memory: work memory admission denied current=5897580544 limit=7516192768 held=536870912 requested=536870912
2026-09-09T18:23:48.034132Z DEBUG transparent_shard_server::memory: work memory admission denied current=5894905856 limit=7516192768 held=536870912 requested=536870912
2026-09-09T18:23:48.132799Z DEBUG transparent_shard_server::runtime: construction stage geometry="recent-8k" table="directory" seconds=1.982180673 stage="pack_preprocessing"
2026-09-09T18:23:48.133101Z DEBUG transparent_shard_server::runtime: construction stage geometry="recent-8k" table="directory" seconds=0.000263067 stage="publish_parameters"
2026-09-09T18:23:48.133887Z DEBUG transparent_shard_server::runtime: runtime stage key=("67574e8d4c7f7c258f8c7488f73e80a9476f8074c3db3540325133ff25020c2b", Directory, 0) seconds=2.811980809 stage="runtime_build"
2026-09-09T18:23:48.135587Z DEBUG transparent_shard_server::memory: work memory admission denied current=5872812032 limit=7516192768 held=536870912 requested=536870912
2026-09-09T18:23:48.236955Z DEBUG transparent_shard_server::memory: work memory admission denied current=5895618560 limit=7516192768 held=536870912 requested=536870912
2026-09-09T18:23:48.337338Z DEBUG transparent_shard_server::memory: work memory admission denied current=5905440768 limit=7516192768 held=536870912 requested=536870912
2026-09-09T18:23:48.438683Z DEBUG transparent_shard_server::memory: work memory admission denied current=5905498112 limit=7516192768 held=536870912 requested=536870912
2026-09-09T18:23:48.540063Z DEBUG transparent_shard_server::memory: work memory admission denied current=5905543168 limit=7516192768 held=536870912 requested=536870912
2026-09-09T18:23:48.640460Z DEBUG transparent_shard_server::memory: work memory admission denied current=5905563648 limit=7516192768 held=536870912 requested=536870912
2026-09-09T18:23:48.741821Z DEBUG transparent_shard_server::memory: work memory admission denied current=5905362944 limit=7516192768 held=536870912 requested=536870912
2026-09-09T18:23:48.843188Z DEBUG transparent_shard_server::memory: work memory admission denied current=5905362944 limit=7516192768 held=536870912 requested=536870912
2026-09-09T18:23:48.843362Z DEBUG transparent_shard_server::runtime: runtime stage key=("67574e8d4c7f7c258f8c7488f73e80a9476f8074c3db3540325133ff25020c2b", Directory, 0) seconds=0.709456352 stage="disk_save"
2026-09-09T18:23:48.944844Z DEBUG transparent_shard_server::memory: cold build admission wait seconds=3.791207737 admitted=true
2026-09-09T18:23:49.067260Z DEBUG transparent_shard_server::runtime: runtime stage key=("67574e8d4c7f7c258f8c7488f73e80a9476f8074c3db3540325133ff25020c2b", Pages, 0) seconds=0.122317152 stage="source_load"
2026-09-09T18:23:49.369853Z DEBUG transparent_shard_server::runtime: construction stage geometry="recent-8k" table="pages" seconds=0.3025402 stage="encode_database"
2026-09-09T18:23:49.369969Z DEBUG transparent_shard_server::runtime: construction stage geometry="recent-8k" table="pages" seconds=7.3976e-5 stage="public_setup"
2026-09-09T18:23:49.932615Z DEBUG transparent_shard_server::runtime: construction stage geometry="recent-8k" table="pages" seconds=0.562639726 stage="hint_columns"
2026-09-09T18:23:51.902685Z DEBUG transparent_shard_server::runtime: construction stage geometry="recent-8k" table="pages" seconds=1.970024638 stage="pack_preprocessing"
2026-09-09T18:23:51.902981Z DEBUG transparent_shard_server::runtime: construction stage geometry="recent-8k" table="pages" seconds=0.000257973 stage="publish_parameters"
2026-09-09T18:23:51.903838Z DEBUG transparent_shard_server::runtime: runtime stage key=("67574e8d4c7f7c258f8c7488f73e80a9476f8074c3db3540325133ff25020c2b", Pages, 0) seconds=2.836527271 stage="runtime_build"
2026-09-09T18:23:52.619643Z DEBUG transparent_shard_server::runtime: runtime stage key=("67574e8d4c7f7c258f8c7488f73e80a9476f8074c3db3540325133ff25020c2b", Pages, 0) seconds=0.715780877 stage="disk_save"
2026-09-09T18:23:52.619766Z  INFO transparent_shard_server::service: prewarm finished warm=28 target=28 failed=0 seconds=76.131252876
2026-09-09T18:23:53.069764Z  INFO transparent_shard_server::runtime: retired runtime memory reclaimed rss_before=4918915072 rss_after=4447031296
2026-09-09T18:23:53.618891Z DEBUG transparent_shard_server::runtime: runtime stage key=("be059aab39ac34125e0452548d6fbcfb1e7cdb7237a597bd59ee86011ed4882b", Directory, 0) seconds=1.206e-6 stage="restore_slot"
2026-09-09T18:23:53.619031Z DEBUG transparent_shard_server::runtime: runtime stage key=("be059aab39ac34125e0452548d6fbcfb1e7cdb7237a597bd59ee86011ed4882b", Pages, 0) seconds=2.9e-7 stage="restore_slot"
2026-09-09T18:23:53.619103Z DEBUG transparent_shard_server::runtime: runtime stage key=("be059aab39ac34125e0452548d6fbcfb1e7cdb7237a597bd59ee86011ed4882b", Pages, 0) seconds=2.1093e-5 hit=false stage="disk_restore"
2026-09-09T18:23:53.619133Z DEBUG transparent_shard_server::runtime: runtime stage key=("be059aab39ac34125e0452548d6fbcfb1e7cdb7237a597bd59ee86011ed4882b", Directory, 0) seconds=9.1946e-5 hit=false stage="disk_restore"
2026-09-09T18:23:53.619139Z DEBUG transparent_shard_server::runtime: runtime stage key=("be059aab39ac34125e0452548d6fbcfb1e7cdb7237a597bd59ee86011ed4882b", Pages, 0) seconds=5.57e-7 stage="build_slot"
2026-09-09T18:23:53.619194Z DEBUG transparent_shard_server::memory: cold build admission wait seconds=4.9515e-5 admitted=true
2026-09-09T18:23:53.619213Z DEBUG transparent_shard_server::runtime: runtime stage key=("be059aab39ac34125e0452548d6fbcfb1e7cdb7237a597bd59ee86011ed4882b", Directory, 0) seconds=3.21e-7 stage="build_slot"
2026-09-09T18:23:53.619248Z DEBUG transparent_shard_server::memory: cold build admission wait seconds=3.1204e-5 admitted=true
2026-09-09T18:23:53.685367Z DEBUG transparent_shard_server::memory: work memory admission denied current=5535178752 limit=7516192768 held=1073741824 requested=268435456
2026-09-09T18:23:53.685562Z DEBUG transparent_shard_server::memory: work memory admission denied current=5534908416 limit=7516192768 held=1073741824 requested=268435456
2026-09-09T18:23:53.743434Z DEBUG transparent_shard_server::runtime: runtime stage key=("be059aab39ac34125e0452548d6fbcfb1e7cdb7237a597bd59ee86011ed4882b", Pages, 0) seconds=0.124207698 stage="source_load"
2026-09-09T18:23:53.756389Z DEBUG transparent_shard_server::runtime: runtime stage key=("be059aab39ac34125e0452548d6fbcfb1e7cdb7237a597bd59ee86011ed4882b", Directory, 0) seconds=0.137119956 stage="source_load"
2026-09-09T18:23:53.889614Z DEBUG transparent_shard_server::memory: work memory admission denied current=5568856064 limit=7516192768 held=1073741824 requested=268435456
2026-09-09T18:23:53.892447Z DEBUG transparent_shard_server::memory: work memory admission denied current=5568905216 limit=7516192768 held=1073741824 requested=268435456
2026-09-09T18:23:54.049940Z DEBUG transparent_shard_server::runtime: construction stage geometry="recent-8k" table="pages" seconds=0.306457532 stage="encode_database"
2026-09-09T18:23:54.050066Z DEBUG transparent_shard_server::runtime: construction stage geometry="recent-8k" table="pages" seconds=8.8842e-5 stage="public_setup"
2026-09-09T18:23:54.070184Z DEBUG transparent_shard_server::runtime: construction stage geometry="recent-8k" table="directory" seconds=0.313752809 stage="encode_database"
2026-09-09T18:23:54.070318Z DEBUG transparent_shard_server::runtime: construction stage geometry="recent-8k" table="directory" seconds=0.00010153 stage="public_setup"
2026-09-09T18:23:54.100498Z DEBUG transparent_shard_server::memory: work memory admission denied current=5605711872 limit=7516192768 held=1073741824 requested=268435456
2026-09-09T18:23:54.120705Z DEBUG transparent_shard_server::memory: work memory admission denied current=5607231488 limit=7516192768 held=1073741824 requested=268435456
2026-09-09T18:23:54.305668Z DEBUG transparent_shard_server::memory: work memory admission denied current=5621231616 limit=7516192768 held=1073741824 requested=268435456
2026-09-09T18:23:54.411551Z DEBUG transparent_shard_server::memory: work memory admission denied current=5629005824 limit=7516192768 held=1073741824 requested=268435456
2026-09-09T18:23:54.513542Z DEBUG transparent_shard_server::memory: work memory admission denied current=5637214208 limit=7516192768 held=1073741824 requested=268435456
2026-09-09T18:23:54.618538Z DEBUG transparent_shard_server::memory: work memory admission denied current=5645766656 limit=7516192768 held=1073741824 requested=268435456
2026-09-09T18:23:54.720545Z DEBUG transparent_shard_server::memory: work memory admission denied current=5654638592 limit=7516192768 held=1073741824 requested=268435456
2026-09-09T18:23:54.824567Z DEBUG transparent_shard_server::memory: work memory admission denied current=5664727040 limit=7516192768 held=1073741824 requested=268435456
2026-09-09T18:23:54.932670Z DEBUG transparent_shard_server::memory: work memory admission denied current=5674233856 limit=7516192768 held=1073741824 requested=268435456
2026-09-09T18:23:55.035548Z DEBUG transparent_shard_server::memory: work memory admission denied current=5682900992 limit=7516192768 held=1073741824 requested=268435456
2026-09-09T18:23:55.139537Z DEBUG transparent_shard_server::memory: work memory admission denied current=5689638912 limit=7516192768 held=1073741824 requested=268435456
2026-09-09T18:23:55.148531Z DEBUG transparent_shard_server::runtime: construction stage geometry="recent-8k" table="pages" seconds=1.098459486 stage="hint_columns"
2026-09-09T18:23:55.148542Z DEBUG transparent_shard_server::runtime: construction stage geometry="recent-8k" table="directory" seconds=1.078218664 stage="hint_columns"
2026-09-09T18:23:55.240831Z DEBUG transparent_shard_server::memory: work memory admission denied current=5824794624 limit=7516192768 held=1073741824 requested=268435456
2026-09-09T18:23:55.344438Z DEBUG transparent_shard_server::memory: work memory admission denied current=5825052672 limit=7516192768 held=1073741824 requested=268435456
2026-09-09T18:23:55.444934Z DEBUG transparent_shard_server::memory: work memory admission denied current=5824815104 limit=7516192768 held=1073741824 requested=268435456
2026-09-09T18:23:55.549231Z DEBUG transparent_shard_server::memory: work memory admission denied current=5824667648 limit=7516192768 held=1073741824 requested=268435456
2026-09-09T18:23:55.649070Z DEBUG transparent_shard_server::memory: work memory admission denied current=5824942080 limit=7516192768 held=1073741824 requested=268435456
2026-09-09T18:23:55.752806Z DEBUG transparent_shard_server::memory: work memory admission denied current=5824675840 limit=7516192768 held=1073741824 requested=268435456
2026-09-09T18:23:55.856765Z DEBUG transparent_shard_server::memory: work memory admission denied current=5824679936 limit=7516192768 held=1073741824 requested=268435456
2026-09-09T18:23:55.957013Z DEBUG transparent_shard_server::memory: work memory admission denied current=5879246848 limit=7516192768 held=1073741824 requested=268435456
2026-09-09T18:23:56.064514Z DEBUG transparent_shard_server::memory: work memory admission denied current=5905338368 limit=7516192768 held=1073741824 requested=268435456
2026-09-09T18:23:56.165548Z DEBUG transparent_shard_server::memory: work memory admission denied current=5838446592 limit=7516192768 held=1073741824 requested=268435456
2026-09-09T18:23:56.273520Z DEBUG transparent_shard_server::memory: work memory admission denied current=5838327808 limit=7516192768 held=1073741824 requested=268435456
2026-09-09T18:23:56.376543Z DEBUG transparent_shard_server::memory: work memory admission denied current=5905362944 limit=7516192768 held=1073741824 requested=268435456
2026-09-09T18:23:56.481516Z DEBUG transparent_shard_server::memory: work memory admission denied current=5905129472 limit=7516192768 held=1073741824 requested=268435456
2026-09-09T18:23:56.584525Z DEBUG transparent_shard_server::memory: work memory admission denied current=5791326208 limit=7516192768 held=1073741824 requested=268435456
2026-09-09T18:23:56.693557Z DEBUG transparent_shard_server::memory: work memory admission denied current=5815218176 limit=7516192768 held=1073741824 requested=268435456
2026-09-09T18:23:56.790563Z DEBUG transparent_shard_server::memory: work memory admission denied current=5836435456 limit=7516192768 held=1073741824 requested=268435456
2026-09-09T18:23:56.900520Z DEBUG transparent_shard_server::memory: work memory admission denied current=5860581376 limit=7516192768 held=1073741824 requested=268435456
2026-09-09T18:23:56.998463Z DEBUG transparent_shard_server::memory: work memory admission denied current=5881946112 limit=7516192768 held=1073741824 requested=268435456
2026-09-09T18:23:57.107275Z DEBUG transparent_shard_server::memory: work memory admission denied current=5905457152 limit=7516192768 held=1073741824 requested=268435456
2026-09-09T18:23:57.207515Z DEBUG transparent_shard_server::memory: work memory admission denied current=5905412096 limit=7516192768 held=1073741824 requested=268435456
2026-09-09T18:23:57.315565Z DEBUG transparent_shard_server::memory: work memory admission denied current=5899677696 limit=7516192768 held=1073741824 requested=268435456
2026-09-09T18:23:57.413512Z DEBUG transparent_shard_server::memory: work memory admission denied current=5905518592 limit=7516192768 held=1073741824 requested=268435456
2026-09-09T18:23:57.421617Z DEBUG transparent_shard_server::runtime: construction stage geometry="recent-8k" table="directory" seconds=2.273044808 stage="pack_preprocessing"
2026-09-09T18:23:57.421908Z DEBUG transparent_shard_server::runtime: construction stage geometry="recent-8k" table="directory" seconds=0.000266719 stage="publish_parameters"
2026-09-09T18:23:57.422617Z DEBUG transparent_shard_server::runtime: runtime stage key=("be059aab39ac34125e0452548d6fbcfb1e7cdb7237a597bd59ee86011ed4882b", Directory, 0) seconds=3.666187424 stage="runtime_build"
2026-09-09T18:23:57.423104Z DEBUG transparent_shard_server::runtime: construction stage geometry="recent-8k" table="pages" seconds=2.274544907 stage="pack_preprocessing"
2026-09-09T18:23:57.423410Z DEBUG transparent_shard_server::runtime: construction stage geometry="recent-8k" table="pages" seconds=0.00028997 stage="publish_parameters"
2026-09-09T18:23:57.424213Z DEBUG transparent_shard_server::runtime: runtime stage key=("be059aab39ac34125e0452548d6fbcfb1e7cdb7237a597bd59ee86011ed4882b", Pages, 0) seconds=3.680733065 stage="runtime_build"
2026-09-09T18:23:57.519467Z DEBUG transparent_shard_server::memory: work memory admission denied current=5859917824 limit=7516192768 held=1073741824 requested=268435456
2026-09-09T18:23:57.618433Z DEBUG transparent_shard_server::memory: work memory admission denied current=5882494976 limit=7516192768 held=1073741824 requested=268435456
2026-09-09T18:23:57.722853Z DEBUG transparent_shard_server::memory: work memory admission denied current=5905297408 limit=7516192768 held=1073741824 requested=268435456
2026-09-09T18:23:57.822119Z DEBUG transparent_shard_server::memory: work memory admission denied current=5905457152 limit=7516192768 held=1073741824 requested=268435456
2026-09-09T18:23:57.926961Z DEBUG transparent_shard_server::memory: work memory admission denied current=5905264640 limit=7516192768 held=1073741824 requested=268435456
2026-09-09T18:23:58.025702Z DEBUG transparent_shard_server::memory: work memory admission denied current=5905047552 limit=7516192768 held=1073741824 requested=268435456
2026-09-09T18:23:58.088085Z DEBUG transparent_shard_server::runtime: runtime stage key=("be059aab39ac34125e0452548d6fbcfb1e7cdb7237a597bd59ee86011ed4882b", Directory, 0) seconds=0.665451945 stage="disk_save"
2026-09-09T18:23:58.771845Z DEBUG transparent_shard_server::runtime: runtime stage key=("be059aab39ac34125e0452548d6fbcfb1e7cdb7237a597bd59ee86011ed4882b", Pages, 0) seconds=1.347607999 stage="disk_save"
2026-09-09T18:23:58.771934Z  INFO transparent_shard_server::service: prewarm finished warm=28 target=28 failed=0 seconds=5.153101255
2026-09-09T18:23:58.772010Z DEBUG transparent_shard_server::live: publication preparation stages map=32426d9e9300c44558210d8540b636402af2b3c322627f9e9f26e0082b489725 loading_seconds=0.597101391 warming_seconds=5.153233306
2026-09-09T18:23:58.778192Z DEBUG transparent_shard_server::runtime: runtime stage key=("5b7ee9849d47f5ee67d04eb6ca4588beacf42dce75e5a1b481dfd02607b1fb20", Pages, 0) seconds=1.189e-6 stage="restore_slot"
2026-09-09T18:23:58.835849Z  INFO transparent_shard_server::runtime: retired runtime memory reclaimed rss_before=4947587072 rss_after=4522283008
2026-09-09T18:23:59.379498Z DEBUG transparent_shard_server::runtime: runtime stage key=("268f5c527d35817d37919707b04a706c850d449156baa071b5438dbf8eb53aec", Directory, 0) seconds=1.092e-6 stage="restore_slot"
2026-09-09T18:23:59.379567Z DEBUG transparent_shard_server::runtime: runtime stage key=("268f5c527d35817d37919707b04a706c850d449156baa071b5438dbf8eb53aec", Pages, 0) seconds=8.19e-7 stage="restore_slot"
2026-09-09T18:23:59.380272Z DEBUG transparent_shard_server::runtime: runtime stage key=("268f5c527d35817d37919707b04a706c850d449156baa071b5438dbf8eb53aec", Directory, 0) seconds=5.1345e-5 hit=false stage="disk_restore"
2026-09-09T18:23:59.380319Z DEBUG transparent_shard_server::runtime: runtime stage key=("268f5c527d35817d37919707b04a706c850d449156baa071b5438dbf8eb53aec", Directory, 0) seconds=8.08e-7 stage="build_slot"
2026-09-09T18:23:59.380391Z DEBUG transparent_shard_server::memory: cold build admission wait seconds=5.3109e-5 admitted=true
2026-09-09T18:23:59.380437Z DEBUG transparent_shard_server::runtime: runtime stage key=("268f5c527d35817d37919707b04a706c850d449156baa071b5438dbf8eb53aec", Pages, 0) seconds=2.8466e-5 hit=false stage="disk_restore"
2026-09-09T18:23:59.380454Z DEBUG transparent_shard_server::runtime: runtime stage key=("268f5c527d35817d37919707b04a706c850d449156baa071b5438dbf8eb53aec", Pages, 0) seconds=5.23e-7 stage="build_slot"
2026-09-09T18:23:59.380483Z DEBUG transparent_shard_server::memory: work memory admission denied current=5605158912 limit=7516192768 held=805306368 requested=536870912
2026-09-09T18:23:59.481308Z DEBUG transparent_shard_server::memory: work memory admission denied current=5654429696 limit=7516192768 held=805306368 requested=536870912
2026-09-09T18:23:59.515707Z DEBUG transparent_shard_server::runtime: runtime stage key=("268f5c527d35817d37919707b04a706c850d449156baa071b5438dbf8eb53aec", Directory, 0) seconds=0.135288194 stage="source_load"
2026-09-09T18:23:59.582205Z DEBUG transparent_shard_server::memory: work memory admission denied current=5690081280 limit=7516192768 held=805306368 requested=536870912
2026-09-09T18:23:59.683457Z DEBUG transparent_shard_server::runtime: runtime stage key=("5b7ee9849d47f5ee67d04eb6ca4588beacf42dce75e5a1b481dfd02607b1fb20", Pages, 0) seconds=0.905149842 hit=true stage="disk_restore"
2026-09-09T18:23:59.684089Z DEBUG transparent_shard_server::memory: work memory admission denied current=5724684288 limit=7516192768 held=805306368 requested=536870912
2026-09-09T18:23:59.786149Z DEBUG transparent_shard_server::memory: work memory admission denied current=5724684288 limit=7516192768 held=805306368 requested=536870912
2026-09-09T18:23:59.803002Z DEBUG transparent_shard_server::runtime: runtime stage key=("5b7ee9849d47f5ee67d04eb6ca4588beacf42dce75e5a1b481dfd02607b1fb20", Pages, 0) seconds=0.119507473 stage="source_verify"
2026-09-09T18:23:59.803042Z  INFO transparent_shard_server::runtime: restored runtime cache seconds=1.024737625
2026-09-09T18:23:59.805622Z DEBUG transparent_shard_server::runtime: construction stage geometry="recent-8k" table="directory" seconds=0.289859833 stage="encode_database"
2026-09-09T18:23:59.805800Z DEBUG transparent_shard_server::runtime: construction stage geometry="recent-8k" table="directory" seconds=0.000152819 stage="public_setup"
2026-09-09T18:23:59.834529Z DEBUG transparent_shard_server::memory: work memory admission denied current=5727571968 limit=7516192768 held=805306368 requested=268435456
2026-09-09T18:23:59.888041Z DEBUG transparent_shard_server::memory: work memory admission denied current=5731725312 limit=7516192768 held=805306368 requested=536870912
2026-09-09T18:23:59.988298Z DEBUG transparent_shard_server::memory: work memory admission denied current=5740900352 limit=7516192768 held=805306368 requested=536870912
2026-09-09T18:24:00.042122Z DEBUG transparent_shard_server::memory: work memory admission denied current=5746180096 limit=7516192768 held=805306368 requested=268435456
2026-09-09T18:24:00.089931Z DEBUG transparent_shard_server::memory: work memory admission denied current=5750640640 limit=7516192768 held=805306368 requested=536870912
2026-09-09T18:24:00.190897Z DEBUG transparent_shard_server::memory: work memory admission denied current=5759553536 limit=7516192768 held=805306368 requested=536870912
2026-09-09T18:24:00.250857Z DEBUG transparent_shard_server::memory: work memory admission denied current=5764755456 limit=7516192768 held=805306368 requested=268435456
2026-09-09T18:24:00.291544Z DEBUG transparent_shard_server::memory: work memory admission denied current=5768593408 limit=7516192768 held=805306368 requested=536870912
2026-09-09T18:24:00.337743Z DEBUG transparent_shard_server::runtime: construction stage geometry="recent-8k" table="directory" seconds=0.531936658 stage="hint_columns"
2026-09-09T18:24:00.392451Z DEBUG transparent_shard_server::memory: work memory admission denied current=5810126848 limit=7516192768 held=536870912 requested=536870912
2026-09-09T18:24:00.493955Z DEBUG transparent_shard_server::memory: work memory admission denied current=5840596992 limit=7516192768 held=536870912 requested=536870912
2026-09-09T18:24:00.594322Z DEBUG transparent_shard_server::memory: work memory admission denied current=5841301504 limit=7516192768 held=536870912 requested=536870912
2026-09-09T18:24:00.696132Z DEBUG transparent_shard_server::memory: work memory admission denied current=5842563072 limit=7516192768 held=536870912 requested=536870912
2026-09-09T18:24:00.797857Z DEBUG transparent_shard_server::memory: work memory admission denied current=5842522112 limit=7516192768 held=536870912 requested=536870912
2026-09-09T18:24:00.898465Z DEBUG transparent_shard_server::memory: work memory admission denied current=5843517440 limit=7516192768 held=536870912 requested=536870912
2026-09-09T18:24:01.000169Z DEBUG transparent_shard_server::memory: work memory admission denied current=5844094976 limit=7516192768 held=536870912 requested=536870912
2026-09-09T18:24:01.102081Z DEBUG transparent_shard_server::memory: work memory admission denied current=5851385856 limit=7516192768 held=536870912 requested=536870912
2026-09-09T18:24:01.194082Z DEBUG transparent_shard_server::memory: work memory admission denied current=5894131712 limit=7516192768 held=805306368 requested=268435456
2026-09-09T18:24:01.202698Z DEBUG transparent_shard_server::memory: work memory admission denied current=5896749056 limit=7516192768 held=805306368 requested=536870912
2026-09-09T18:24:01.304290Z DEBUG transparent_shard_server::memory: work memory admission denied current=5871292416 limit=7516192768 held=536870912 requested=536870912
2026-09-09T18:24:01.407287Z DEBUG transparent_shard_server::memory: work memory admission denied current=5905289216 limit=7516192768 held=536870912 requested=536870912
2026-09-09T18:24:01.418753Z DEBUG transparent_shard_server::memory: work memory admission denied current=5905432576 limit=7516192768 held=805306368 requested=268435456
2026-09-09T18:24:01.508957Z DEBUG transparent_shard_server::memory: work memory admission denied current=5843484672 limit=7516192768 held=536870912 requested=536870912
2026-09-09T18:24:01.609552Z DEBUG transparent_shard_server::memory: work memory admission denied current=5859495936 limit=7516192768 held=536870912 requested=536870912
2026-09-09T18:24:01.631531Z DEBUG transparent_shard_server::memory: work memory admission denied current=5863739392 limit=7516192768 held=805306368 requested=268435456
2026-09-09T18:24:01.710480Z DEBUG transparent_shard_server::memory: work memory admission denied current=5876912128 limit=7516192768 held=536870912 requested=536870912
2026-09-09T18:24:01.811531Z DEBUG transparent_shard_server::memory: work memory admission denied current=5893791744 limit=7516192768 held=536870912 requested=536870912
2026-09-09T18:24:01.913140Z DEBUG transparent_shard_server::memory: work memory admission denied current=5905391616 limit=7516192768 held=536870912 requested=536870912
2026-09-09T18:24:02.016808Z DEBUG transparent_shard_server::memory: work memory admission denied current=5905072128 limit=7516192768 held=805306368 requested=536870912
2026-09-09T18:24:02.117363Z DEBUG transparent_shard_server::memory: work memory admission denied current=5905387520 limit=7516192768 held=536870912 requested=536870912
2026-09-09T18:24:02.218909Z DEBUG transparent_shard_server::memory: work memory admission denied current=5905436672 limit=7516192768 held=536870912 requested=536870912
2026-09-09T18:24:02.319852Z DEBUG transparent_shard_server::memory: work memory admission denied current=5905457152 limit=7516192768 held=536870912 requested=536870912
2026-09-09T18:24:02.421136Z DEBUG transparent_shard_server::memory: work memory admission denied current=5905526784 limit=7516192768 held=536870912 requested=536870912
2026-09-09T18:24:02.438022Z DEBUG transparent_shard_server::runtime: construction stage geometry="recent-8k" table="directory" seconds=2.100240172 stage="pack_preprocessing"
2026-09-09T18:24:02.438343Z DEBUG transparent_shard_server::runtime: construction stage geometry="recent-8k" table="directory" seconds=0.00028566 stage="publish_parameters"
2026-09-09T18:24:02.439070Z DEBUG transparent_shard_server::runtime: runtime stage key=("268f5c527d35817d37919707b04a706c850d449156baa071b5438dbf8eb53aec", Directory, 0) seconds=2.923308187 stage="runtime_build"
2026-09-09T18:24:02.523115Z DEBUG transparent_shard_server::memory: work memory admission denied current=5888245760 limit=7516192768 held=536870912 requested=536870912
2026-09-09T18:24:02.625244Z DEBUG transparent_shard_server::memory: work memory admission denied current=5905526784 limit=7516192768 held=536870912 requested=536870912
2026-09-09T18:24:02.727090Z DEBUG transparent_shard_server::memory: work memory admission denied current=5905088512 limit=7516192768 held=536870912 requested=536870912
2026-09-09T18:24:02.827516Z DEBUG transparent_shard_server::memory: work memory admission denied current=5905416192 limit=7516192768 held=536870912 requested=536870912
2026-09-09T18:24:02.929278Z DEBUG transparent_shard_server::memory: work memory admission denied current=5905580032 limit=7516192768 held=536870912 requested=536870912
2026-09-09T18:24:03.030842Z DEBUG transparent_shard_server::memory: work memory admission denied current=5905436672 limit=7516192768 held=536870912 requested=536870912
2026-09-09T18:24:03.132213Z DEBUG transparent_shard_server::memory: work memory admission denied current=5905219584 limit=7516192768 held=536870912 requested=536870912
2026-09-09T18:24:03.156689Z DEBUG transparent_shard_server::runtime: runtime stage key=("268f5c527d35817d37919707b04a706c850d449156baa071b5438dbf8eb53aec", Directory, 0) seconds=0.71760603 stage="disk_save"
2026-09-09T18:24:03.234068Z DEBUG transparent_shard_server::memory: cold build admission wait seconds=3.853607586 admitted=true
2026-09-09T18:24:03.376919Z DEBUG transparent_shard_server::runtime: runtime stage key=("268f5c527d35817d37919707b04a706c850d449156baa071b5438dbf8eb53aec", Pages, 0) seconds=0.142683711 stage="source_load"
2026-09-09T18:24:03.687914Z DEBUG transparent_shard_server::runtime: construction stage geometry="recent-8k" table="pages" seconds=0.310946524 stage="encode_database"
2026-09-09T18:24:03.688030Z DEBUG transparent_shard_server::runtime: construction stage geometry="recent-8k" table="pages" seconds=7.4165e-5 stage="public_setup"
2026-09-09T18:24:03.819120Z DEBUG transparent_shard_server::memory: work memory admission denied current=5905399808 limit=7516192768 held=805306368 requested=268435456
2026-09-09T18:24:04.032412Z DEBUG transparent_shard_server::memory: work memory admission denied current=5905440768 limit=7516192768 held=805306368 requested=268435456
2026-09-09T18:24:04.236558Z DEBUG transparent_shard_server::memory: work memory admission denied current=5905350656 limit=7516192768 held=805306368 requested=268435456
2026-09-09T18:24:04.239642Z DEBUG transparent_shard_server::runtime: construction stage geometry="recent-8k" table="pages" seconds=0.551606571 stage="hint_columns"
2026-09-09T18:24:05.113450Z DEBUG transparent_shard_server::memory: work memory admission denied current=5905465344 limit=7516192768 held=805306368 requested=268435456
2026-09-09T18:24:06.339077Z DEBUG transparent_shard_server::runtime: construction stage geometry="recent-8k" table="pages" seconds=2.09940499 stage="pack_preprocessing"
2026-09-09T18:24:06.339394Z DEBUG transparent_shard_server::runtime: construction stage geometry="recent-8k" table="pages" seconds=0.000277018 stage="publish_parameters"
2026-09-09T18:24:06.340260Z DEBUG transparent_shard_server::runtime: runtime stage key=("268f5c527d35817d37919707b04a706c850d449156baa071b5438dbf8eb53aec", Pages, 0) seconds=2.96329288 stage="runtime_build"
2026-09-09T18:24:07.028672Z DEBUG transparent_shard_server::runtime: runtime stage key=("268f5c527d35817d37919707b04a706c850d449156baa071b5438dbf8eb53aec", Pages, 0) seconds=0.688387697 stage="disk_save"
2026-09-09T18:24:07.028776Z  INFO transparent_shard_server::service: prewarm finished warm=28 target=28 failed=0 seconds=7.649319987
2026-09-09T18:24:07.028856Z DEBUG transparent_shard_server::live: publication preparation stages map=12cbb58695cd66166197842d179b61598c15effb06ad32efcd899a13e36e7b10 loading_seconds=0.606095373 warming_seconds=7.64944225
test burst::publication_burst_under_exact_load ... ok

test result: ok. 1 passed; 0 failed; 0 ignored; 0 measured; 14 filtered out; finished in 95.94s

Finished with result: success
Main processes terminated with: code=exited/status=0
Service runtime: 1min 36.051s
CPU time consumed: 3min 49.387s
Memory peak: 2.0M
Memory swap peak: 0B
