Running as unit: transparent-full-burst-3e937cbe00074eca838d19ee4a868412.service

running 1 test
2026-09-09T19:49:13.263552Z DEBUG transparent_shard_server::runtime: runtime stage key=("5b7ee9849d47f5ee67d04eb6ca4588beacf42dce75e5a1b481dfd02607b1fb20", Directory, 0) seconds=9.501e-6 stage="restore_slot"
2026-09-09T19:49:13.263559Z DEBUG transparent_shard_server::runtime: runtime stage key=("5b7ee9849d47f5ee67d04eb6ca4588beacf42dce75e5a1b481dfd02607b1fb20", Pages, 0) seconds=2.82e-6 stage="restore_slot"
2026-09-09T19:49:13.263602Z DEBUG transparent_shard_server::runtime: runtime stage key=("1f5d7213a380745d83cc554ad16bdf9e039a0304d0de0b71376828e1838d0ea4", Directory, 0) seconds=7.7e-7 stage="restore_slot"
2026-09-09T19:49:13.263828Z DEBUG transparent_shard_server::runtime: runtime stage key=("1f5d7213a380745d83cc554ad16bdf9e039a0304d0de0b71376828e1838d0ea4", Pages, 0) seconds=4.36e-7 stage="restore_slot"
2026-09-09T19:49:13.264018Z DEBUG transparent_shard_server::runtime: runtime stage key=("5b7ee9849d47f5ee67d04eb6ca4588beacf42dce75e5a1b481dfd02607b1fb20", Directory, 0) seconds=3.9496e-5 hit=false stage="disk_restore"
2026-09-09T19:49:13.264019Z DEBUG transparent_shard_server::runtime: runtime stage key=("5b7ee9849d47f5ee67d04eb6ca4588beacf42dce75e5a1b481dfd02607b1fb20", Pages, 0) seconds=3.4517e-5 hit=false stage="disk_restore"
2026-09-09T19:49:13.264047Z DEBUG transparent_shard_server::runtime: runtime stage key=("1f5d7213a380745d83cc554ad16bdf9e039a0304d0de0b71376828e1838d0ea4", Directory, 0) seconds=2.8522e-5 hit=false stage="disk_restore"
2026-09-09T19:49:13.264060Z DEBUG transparent_shard_server::runtime: runtime stage key=("1f5d7213a380745d83cc554ad16bdf9e039a0304d0de0b71376828e1838d0ea4", Pages, 0) seconds=1.0704e-5 hit=false stage="disk_restore"
2026-09-09T19:49:13.264056Z DEBUG transparent_shard_server::runtime: runtime stage key=("5b7ee9849d47f5ee67d04eb6ca4588beacf42dce75e5a1b481dfd02607b1fb20", Directory, 0) seconds=1.161e-6 stage="build_slot"
2026-09-09T19:49:13.264112Z DEBUG transparent_shard_server::memory: cold build admission wait seconds=4.1726e-5 admitted=true
2026-09-09T19:49:13.411819Z DEBUG transparent_shard_server::runtime: runtime stage key=("5b7ee9849d47f5ee67d04eb6ca4588beacf42dce75e5a1b481dfd02607b1fb20", Directory, 0) seconds=0.147695784 stage="source_load"
2026-09-09T19:49:13.714743Z DEBUG transparent_shard_server::runtime: construction stage geometry="recent-8k" table="directory" seconds=0.30288276 stage="encode_database"
2026-09-09T19:49:13.714846Z DEBUG transparent_shard_server::runtime: construction stage geometry="recent-8k" table="directory" seconds=6.231e-5 stage="public_setup"
2026-09-09T19:49:14.236269Z DEBUG transparent_shard_server::runtime: construction stage geometry="recent-8k" table="directory" seconds=0.521416501 stage="hint_columns"
2026-09-09T19:49:16.281813Z DEBUG transparent_shard_server::runtime: construction stage geometry="recent-8k" table="directory" seconds=2.045502974 stage="pack_preprocessing"
2026-09-09T19:49:16.282116Z DEBUG transparent_shard_server::runtime: construction stage geometry="recent-8k" table="directory" seconds=0.00026398 stage="publish_parameters"
2026-09-09T19:49:16.283535Z DEBUG transparent_shard_server::runtime: runtime stage key=("5b7ee9849d47f5ee67d04eb6ca4588beacf42dce75e5a1b481dfd02607b1fb20", Directory, 0) seconds=2.871676248 stage="runtime_build"
2026-09-09T19:49:16.284948Z DEBUG transparent_shard_server::runtime: runtime stage key=("5b7ee9849d47f5ee67d04eb6ca4588beacf42dce75e5a1b481dfd02607b1fb20", Directory, 0) reserved_bytes=136314880 stage="serialization_handoff"
2026-09-09T19:49:16.285193Z DEBUG transparent_shard_server::runtime: runtime stage key=("1f5d7213a380745d83cc554ad16bdf9e039a0304d0de0b71376828e1838d0ea4", Pages, 0) seconds=3.021123883 stage="build_slot"
2026-09-09T19:49:16.285271Z DEBUG transparent_shard_server::memory: cold build admission wait seconds=6.7019e-5 admitted=true
2026-09-09T19:49:16.433300Z DEBUG transparent_shard_server::runtime: runtime stage key=("1f5d7213a380745d83cc554ad16bdf9e039a0304d0de0b71376828e1838d0ea4", Pages, 0) seconds=0.147992425 stage="source_load"
2026-09-09T19:49:16.735931Z DEBUG transparent_shard_server::runtime: construction stage geometry="recent-8k" table="pages" seconds=0.302584067 stage="encode_database"
2026-09-09T19:49:16.736035Z DEBUG transparent_shard_server::runtime: construction stage geometry="recent-8k" table="pages" seconds=7.39e-5 stage="public_setup"
2026-09-09T19:49:17.010211Z DEBUG transparent_shard_server::runtime: runtime stage key=("5b7ee9849d47f5ee67d04eb6ca4588beacf42dce75e5a1b481dfd02607b1fb20", Directory, 0) seconds=0.72524735 stage="disk_save"
2026-09-09T19:49:17.010286Z DEBUG transparent_shard_server::runtime: runtime stage key=("ca7afe810c988a8b4b561668f3456a9f38d1fdbb0776614e07ddfeb1a2132000", Directory, 0) seconds=1.826e-6 stage="restore_slot"
2026-09-09T19:49:17.012219Z DEBUG transparent_shard_server::runtime: runtime stage key=("ca7afe810c988a8b4b561668f3456a9f38d1fdbb0776614e07ddfeb1a2132000", Directory, 0) seconds=4.3067e-5 hit=false stage="disk_restore"
2026-09-09T19:49:17.384551Z DEBUG transparent_shard_server::runtime: construction stage geometry="recent-8k" table="pages" seconds=0.648509275 stage="hint_columns"
2026-09-09T19:49:19.395154Z DEBUG transparent_shard_server::runtime: construction stage geometry="recent-8k" table="pages" seconds=2.010563017 stage="pack_preprocessing"
2026-09-09T19:49:19.395455Z DEBUG transparent_shard_server::runtime: construction stage geometry="recent-8k" table="pages" seconds=0.000250781 stage="publish_parameters"
2026-09-09T19:49:19.396109Z DEBUG transparent_shard_server::runtime: runtime stage key=("1f5d7213a380745d83cc554ad16bdf9e039a0304d0de0b71376828e1838d0ea4", Pages, 0) seconds=2.962764525 stage="runtime_build"
2026-09-09T19:49:19.396134Z DEBUG transparent_shard_server::runtime: runtime stage key=("1f5d7213a380745d83cc554ad16bdf9e039a0304d0de0b71376828e1838d0ea4", Pages, 0) reserved_bytes=136314880 stage="serialization_handoff"
2026-09-09T19:49:19.396166Z DEBUG transparent_shard_server::runtime: runtime stage key=("5b7ee9849d47f5ee67d04eb6ca4588beacf42dce75e5a1b481dfd02607b1fb20", Pages, 0) seconds=6.132092581 stage="build_slot"
2026-09-09T19:49:19.396273Z DEBUG transparent_shard_server::memory: cold build admission wait seconds=7.7205e-5 admitted=true
2026-09-09T19:49:19.533397Z DEBUG transparent_shard_server::runtime: runtime stage key=("5b7ee9849d47f5ee67d04eb6ca4588beacf42dce75e5a1b481dfd02607b1fb20", Pages, 0) seconds=0.137104111 stage="source_load"
2026-09-09T19:49:19.844897Z DEBUG transparent_shard_server::runtime: construction stage geometry="recent-8k" table="pages" seconds=0.311462544 stage="encode_database"
2026-09-09T19:49:19.845007Z DEBUG transparent_shard_server::runtime: construction stage geometry="recent-8k" table="pages" seconds=7.4708e-5 stage="public_setup"
2026-09-09T19:49:20.127209Z DEBUG transparent_shard_server::runtime: runtime stage key=("1f5d7213a380745d83cc554ad16bdf9e039a0304d0de0b71376828e1838d0ea4", Pages, 0) seconds=0.73106699 stage="disk_save"
2026-09-09T19:49:20.128209Z DEBUG transparent_shard_server::runtime: runtime stage key=("ca7afe810c988a8b4b561668f3456a9f38d1fdbb0776614e07ddfeb1a2132000", Pages, 0) seconds=1.779e-6 stage="restore_slot"
2026-09-09T19:49:20.128382Z DEBUG transparent_shard_server::runtime: runtime stage key=("ca7afe810c988a8b4b561668f3456a9f38d1fdbb0776614e07ddfeb1a2132000", Pages, 0) seconds=3.9487e-5 hit=false stage="disk_restore"
2026-09-09T19:49:20.434372Z DEBUG transparent_shard_server::runtime: construction stage geometry="recent-8k" table="pages" seconds=0.589358733 stage="hint_columns"
2026-09-09T19:49:22.430583Z DEBUG transparent_shard_server::runtime: construction stage geometry="recent-8k" table="pages" seconds=1.996167729 stage="pack_preprocessing"
2026-09-09T19:49:22.430909Z DEBUG transparent_shard_server::runtime: construction stage geometry="recent-8k" table="pages" seconds=0.000271775 stage="publish_parameters"
2026-09-09T19:49:22.431632Z DEBUG transparent_shard_server::runtime: runtime stage key=("5b7ee9849d47f5ee67d04eb6ca4588beacf42dce75e5a1b481dfd02607b1fb20", Pages, 0) seconds=2.898200449 stage="runtime_build"
2026-09-09T19:49:22.431678Z DEBUG transparent_shard_server::runtime: runtime stage key=("5b7ee9849d47f5ee67d04eb6ca4588beacf42dce75e5a1b481dfd02607b1fb20", Pages, 0) reserved_bytes=136314880 stage="serialization_handoff"
2026-09-09T19:49:22.431729Z DEBUG transparent_shard_server::runtime: runtime stage key=("1f5d7213a380745d83cc554ad16bdf9e039a0304d0de0b71376828e1838d0ea4", Directory, 0) seconds=9.167654615 stage="build_slot"
2026-09-09T19:49:22.431829Z DEBUG transparent_shard_server::memory: cold build admission wait seconds=7.8413e-5 admitted=true
2026-09-09T19:49:22.571403Z DEBUG transparent_shard_server::runtime: runtime stage key=("1f5d7213a380745d83cc554ad16bdf9e039a0304d0de0b71376828e1838d0ea4", Directory, 0) seconds=0.139554059 stage="source_load"
2026-09-09T19:49:22.864652Z DEBUG transparent_shard_server::runtime: construction stage geometry="recent-8k" table="directory" seconds=0.293217533 stage="encode_database"
2026-09-09T19:49:22.864791Z DEBUG transparent_shard_server::runtime: construction stage geometry="recent-8k" table="directory" seconds=0.00010636 stage="public_setup"
2026-09-09T19:49:23.175199Z DEBUG transparent_shard_server::runtime: runtime stage key=("5b7ee9849d47f5ee67d04eb6ca4588beacf42dce75e5a1b481dfd02607b1fb20", Pages, 0) seconds=0.743514307 stage="disk_save"
2026-09-09T19:49:23.175279Z DEBUG transparent_shard_server::runtime: runtime stage key=("95df7205357fe2d9c962d2b41daded841e05afa7b6fc8d06dfec46ad04e15335", Directory, 0) seconds=1.516e-6 stage="restore_slot"
2026-09-09T19:49:23.175422Z DEBUG transparent_shard_server::runtime: runtime stage key=("95df7205357fe2d9c962d2b41daded841e05afa7b6fc8d06dfec46ad04e15335", Directory, 0) seconds=4.6975e-5 hit=false stage="disk_restore"
2026-09-09T19:49:23.458619Z DEBUG transparent_shard_server::runtime: construction stage geometry="recent-8k" table="directory" seconds=0.593819873 stage="hint_columns"
2026-09-09T19:49:25.441662Z DEBUG transparent_shard_server::runtime: construction stage geometry="recent-8k" table="directory" seconds=1.982999242 stage="pack_preprocessing"
2026-09-09T19:49:25.441995Z DEBUG transparent_shard_server::runtime: construction stage geometry="recent-8k" table="directory" seconds=0.000287829 stage="publish_parameters"
2026-09-09T19:49:25.442861Z DEBUG transparent_shard_server::runtime: runtime stage key=("1f5d7213a380745d83cc554ad16bdf9e039a0304d0de0b71376828e1838d0ea4", Directory, 0) seconds=2.8714291579999998 stage="runtime_build"
2026-09-09T19:49:25.442910Z DEBUG transparent_shard_server::runtime: runtime stage key=("ca7afe810c988a8b4b561668f3456a9f38d1fdbb0776614e07ddfeb1a2132000", Directory, 0) seconds=8.429728719 stage="build_slot"
2026-09-09T19:49:25.443026Z DEBUG transparent_shard_server::memory: cold build admission wait seconds=0.000110899 admitted=true
2026-09-09T19:49:25.443049Z DEBUG transparent_shard_server::runtime: runtime stage key=("1f5d7213a380745d83cc554ad16bdf9e039a0304d0de0b71376828e1838d0ea4", Directory, 0) reserved_bytes=136314880 stage="serialization_handoff"
2026-09-09T19:49:25.581290Z DEBUG transparent_shard_server::runtime: runtime stage key=("ca7afe810c988a8b4b561668f3456a9f38d1fdbb0776614e07ddfeb1a2132000", Directory, 0) seconds=0.138232492 stage="source_load"
2026-09-09T19:49:25.903770Z DEBUG transparent_shard_server::runtime: construction stage geometry="recent-8k" table="directory" seconds=0.322443092 stage="encode_database"
2026-09-09T19:49:25.903877Z DEBUG transparent_shard_server::runtime: construction stage geometry="recent-8k" table="directory" seconds=7.0606e-5 stage="public_setup"
2026-09-09T19:49:26.176746Z DEBUG transparent_shard_server::runtime: runtime stage key=("1f5d7213a380745d83cc554ad16bdf9e039a0304d0de0b71376828e1838d0ea4", Directory, 0) seconds=0.733689177 stage="disk_save"
2026-09-09T19:49:26.176823Z DEBUG transparent_shard_server::runtime: runtime stage key=("95df7205357fe2d9c962d2b41daded841e05afa7b6fc8d06dfec46ad04e15335", Pages, 0) seconds=2.482e-6 stage="restore_slot"
2026-09-09T19:49:26.176970Z DEBUG transparent_shard_server::runtime: runtime stage key=("95df7205357fe2d9c962d2b41daded841e05afa7b6fc8d06dfec46ad04e15335", Pages, 0) seconds=5.6628e-5 hit=false stage="disk_restore"
2026-09-09T19:49:26.485611Z DEBUG transparent_shard_server::runtime: construction stage geometry="recent-8k" table="directory" seconds=0.581726922 stage="hint_columns"
2026-09-09T19:49:28.486416Z DEBUG transparent_shard_server::runtime: construction stage geometry="recent-8k" table="directory" seconds=2.000765978 stage="pack_preprocessing"
2026-09-09T19:49:28.486747Z DEBUG transparent_shard_server::runtime: construction stage geometry="recent-8k" table="directory" seconds=0.000294412 stage="publish_parameters"
2026-09-09T19:49:28.487516Z DEBUG transparent_shard_server::runtime: runtime stage key=("ca7afe810c988a8b4b561668f3456a9f38d1fdbb0776614e07ddfeb1a2132000", Directory, 0) seconds=2.906190273 stage="runtime_build"
2026-09-09T19:49:28.487569Z DEBUG transparent_shard_server::runtime: runtime stage key=("ca7afe810c988a8b4b561668f3456a9f38d1fdbb0776614e07ddfeb1a2132000", Directory, 0) reserved_bytes=136314880 stage="serialization_handoff"
2026-09-09T19:49:28.487618Z DEBUG transparent_shard_server::runtime: runtime stage key=("ca7afe810c988a8b4b561668f3456a9f38d1fdbb0776614e07ddfeb1a2132000", Pages, 0) seconds=8.359202288 stage="build_slot"
2026-09-09T19:49:28.487716Z DEBUG transparent_shard_server::memory: cold build admission wait seconds=7.6529e-5 admitted=true
2026-09-09T19:49:28.632450Z DEBUG transparent_shard_server::runtime: runtime stage key=("ca7afe810c988a8b4b561668f3456a9f38d1fdbb0776614e07ddfeb1a2132000", Pages, 0) seconds=0.144701565 stage="source_load"
2026-09-09T19:49:28.933483Z DEBUG transparent_shard_server::runtime: construction stage geometry="recent-8k" table="pages" seconds=0.301004882 stage="encode_database"
2026-09-09T19:49:28.933569Z DEBUG transparent_shard_server::runtime: construction stage geometry="recent-8k" table="pages" seconds=5.9032e-5 stage="public_setup"
2026-09-09T19:49:29.224193Z DEBUG transparent_shard_server::runtime: runtime stage key=("ca7afe810c988a8b4b561668f3456a9f38d1fdbb0776614e07ddfeb1a2132000", Directory, 0) seconds=0.73661687 stage="disk_save"
2026-09-09T19:49:29.225203Z DEBUG transparent_shard_server::runtime: runtime stage key=("73d46a59d0d03d7616f9a47e53b50448d4c5a3504e6e296600d8884c8c4403b8", Directory, 0) seconds=2.157e-6 stage="restore_slot"
2026-09-09T19:49:29.225330Z DEBUG transparent_shard_server::runtime: runtime stage key=("73d46a59d0d03d7616f9a47e53b50448d4c5a3504e6e296600d8884c8c4403b8", Directory, 0) seconds=2.5081e-5 hit=false stage="disk_restore"
2026-09-09T19:49:29.549107Z DEBUG transparent_shard_server::runtime: construction stage geometry="recent-8k" table="pages" seconds=0.615532036 stage="hint_columns"
2026-09-09T19:49:31.546348Z DEBUG transparent_shard_server::runtime: construction stage geometry="recent-8k" table="pages" seconds=1.9971996459999999 stage="pack_preprocessing"
2026-09-09T19:49:31.546698Z DEBUG transparent_shard_server::runtime: construction stage geometry="recent-8k" table="pages" seconds=0.000284603 stage="publish_parameters"
2026-09-09T19:49:31.547536Z DEBUG transparent_shard_server::runtime: runtime stage key=("ca7afe810c988a8b4b561668f3456a9f38d1fdbb0776614e07ddfeb1a2132000", Pages, 0) seconds=2.9150588969999998 stage="runtime_build"
2026-09-09T19:49:31.547564Z DEBUG transparent_shard_server::runtime: runtime stage key=("ca7afe810c988a8b4b561668f3456a9f38d1fdbb0776614e07ddfeb1a2132000", Pages, 0) reserved_bytes=136314880 stage="serialization_handoff"
2026-09-09T19:49:31.547762Z DEBUG transparent_shard_server::runtime: runtime stage key=("95df7205357fe2d9c962d2b41daded841e05afa7b6fc8d06dfec46ad04e15335", Directory, 0) seconds=8.369559974 stage="build_slot"
2026-09-09T19:49:31.547866Z DEBUG transparent_shard_server::memory: cold build admission wait seconds=7.6418e-5 admitted=true
2026-09-09T19:49:31.685496Z DEBUG transparent_shard_server::runtime: runtime stage key=("95df7205357fe2d9c962d2b41daded841e05afa7b6fc8d06dfec46ad04e15335", Directory, 0) seconds=0.13760075 stage="source_load"
2026-09-09T19:49:31.991687Z DEBUG transparent_shard_server::runtime: construction stage geometry="recent-8k" table="directory" seconds=0.306118168 stage="encode_database"
2026-09-09T19:49:31.991796Z DEBUG transparent_shard_server::runtime: construction stage geometry="recent-8k" table="directory" seconds=7.1798e-5 stage="public_setup"
2026-09-09T19:49:32.288199Z DEBUG transparent_shard_server::runtime: runtime stage key=("ca7afe810c988a8b4b561668f3456a9f38d1fdbb0776614e07ddfeb1a2132000", Pages, 0) seconds=0.74062735 stage="disk_save"
2026-09-09T19:49:32.290217Z DEBUG transparent_shard_server::runtime: runtime stage key=("73d46a59d0d03d7616f9a47e53b50448d4c5a3504e6e296600d8884c8c4403b8", Pages, 0) seconds=1.687e-6 stage="restore_slot"
2026-09-09T19:49:32.290364Z DEBUG transparent_shard_server::runtime: runtime stage key=("73d46a59d0d03d7616f9a47e53b50448d4c5a3504e6e296600d8884c8c4403b8", Pages, 0) seconds=3.0212e-5 hit=false stage="disk_restore"
2026-09-09T19:49:32.573556Z DEBUG transparent_shard_server::runtime: construction stage geometry="recent-8k" table="directory" seconds=0.581752816 stage="hint_columns"
2026-09-09T19:49:34.584388Z DEBUG transparent_shard_server::runtime: construction stage geometry="recent-8k" table="directory" seconds=2.010789311 stage="pack_preprocessing"
2026-09-09T19:49:34.584682Z DEBUG transparent_shard_server::runtime: construction stage geometry="recent-8k" table="directory" seconds=0.000253798 stage="publish_parameters"
2026-09-09T19:49:34.585549Z DEBUG transparent_shard_server::runtime: runtime stage key=("95df7205357fe2d9c962d2b41daded841e05afa7b6fc8d06dfec46ad04e15335", Directory, 0) seconds=2.899998986 stage="runtime_build"
2026-09-09T19:49:34.585597Z DEBUG transparent_shard_server::runtime: runtime stage key=("95df7205357fe2d9c962d2b41daded841e05afa7b6fc8d06dfec46ad04e15335", Pages, 0) seconds=8.407331372 stage="build_slot"
2026-09-09T19:49:34.585686Z DEBUG transparent_shard_server::memory: cold build admission wait seconds=8.3698e-5 admitted=true
2026-09-09T19:49:34.585706Z DEBUG transparent_shard_server::runtime: runtime stage key=("95df7205357fe2d9c962d2b41daded841e05afa7b6fc8d06dfec46ad04e15335", Directory, 0) reserved_bytes=136314880 stage="serialization_handoff"
2026-09-09T19:49:34.724007Z DEBUG transparent_shard_server::runtime: runtime stage key=("95df7205357fe2d9c962d2b41daded841e05afa7b6fc8d06dfec46ad04e15335", Pages, 0) seconds=0.13826643 stage="source_load"
2026-09-09T19:49:35.017047Z DEBUG transparent_shard_server::runtime: construction stage geometry="recent-8k" table="pages" seconds=0.293008518 stage="encode_database"
2026-09-09T19:49:35.017159Z DEBUG transparent_shard_server::runtime: construction stage geometry="recent-8k" table="pages" seconds=7.3357e-5 stage="public_setup"
2026-09-09T19:49:35.322685Z DEBUG transparent_shard_server::runtime: runtime stage key=("95df7205357fe2d9c962d2b41daded841e05afa7b6fc8d06dfec46ad04e15335", Directory, 0) seconds=0.736973516 stage="disk_save"
2026-09-09T19:49:35.322752Z DEBUG transparent_shard_server::runtime: runtime stage key=("b16be2933ab920bc4745ea8917e5167a7a685c211e0b4febe88b4d3018f970bc", Directory, 0) seconds=1.816e-6 stage="restore_slot"
2026-09-09T19:49:35.322886Z DEBUG transparent_shard_server::runtime: runtime stage key=("b16be2933ab920bc4745ea8917e5167a7a685c211e0b4febe88b4d3018f970bc", Directory, 0) seconds=4.2e-5 hit=false stage="disk_restore"
2026-09-09T19:49:35.644486Z DEBUG transparent_shard_server::runtime: construction stage geometry="recent-8k" table="pages" seconds=0.627319855 stage="hint_columns"
2026-09-09T19:49:37.633438Z DEBUG transparent_shard_server::runtime: construction stage geometry="recent-8k" table="pages" seconds=1.988908321 stage="pack_preprocessing"
2026-09-09T19:49:37.633750Z DEBUG transparent_shard_server::runtime: construction stage geometry="recent-8k" table="pages" seconds=0.000266454 stage="publish_parameters"
2026-09-09T19:49:37.634553Z DEBUG transparent_shard_server::runtime: runtime stage key=("95df7205357fe2d9c962d2b41daded841e05afa7b6fc8d06dfec46ad04e15335", Pages, 0) seconds=2.91051683 stage="runtime_build"
2026-09-09T19:49:37.634593Z DEBUG transparent_shard_server::runtime: runtime stage key=("95df7205357fe2d9c962d2b41daded841e05afa7b6fc8d06dfec46ad04e15335", Pages, 0) reserved_bytes=136314880 stage="serialization_handoff"
2026-09-09T19:49:37.634744Z DEBUG transparent_shard_server::runtime: runtime stage key=("73d46a59d0d03d7616f9a47e53b50448d4c5a3504e6e296600d8884c8c4403b8", Directory, 0) seconds=8.409399545 stage="build_slot"
2026-09-09T19:49:37.634847Z DEBUG transparent_shard_server::memory: cold build admission wait seconds=7.9041e-5 admitted=true
2026-09-09T19:49:37.775764Z DEBUG transparent_shard_server::runtime: runtime stage key=("73d46a59d0d03d7616f9a47e53b50448d4c5a3504e6e296600d8884c8c4403b8", Directory, 0) seconds=0.140890394 stage="source_load"
2026-09-09T19:49:38.067145Z DEBUG transparent_shard_server::runtime: construction stage geometry="recent-8k" table="directory" seconds=0.291347978 stage="encode_database"
2026-09-09T19:49:38.067291Z DEBUG transparent_shard_server::runtime: construction stage geometry="recent-8k" table="directory" seconds=0.000103011 stage="public_setup"
2026-09-09T19:49:38.566200Z DEBUG transparent_shard_server::runtime: runtime stage key=("95df7205357fe2d9c962d2b41daded841e05afa7b6fc8d06dfec46ad04e15335", Pages, 0) seconds=0.931600402 stage="disk_save"
2026-09-09T19:49:38.569209Z DEBUG transparent_shard_server::runtime: runtime stage key=("b16be2933ab920bc4745ea8917e5167a7a685c211e0b4febe88b4d3018f970bc", Pages, 0) seconds=1.76e-6 stage="restore_slot"
2026-09-09T19:49:38.569372Z DEBUG transparent_shard_server::runtime: runtime stage key=("b16be2933ab920bc4745ea8917e5167a7a685c211e0b4febe88b4d3018f970bc", Pages, 0) seconds=3.3644e-5 hit=false stage="disk_restore"
2026-09-09T19:49:38.644191Z DEBUG transparent_shard_server::runtime: construction stage geometry="recent-8k" table="directory" seconds=0.576891213 stage="hint_columns"
2026-09-09T19:49:40.613212Z DEBUG transparent_shard_server::runtime: construction stage geometry="recent-8k" table="directory" seconds=1.9689770690000001 stage="pack_preprocessing"
2026-09-09T19:49:40.613517Z DEBUG transparent_shard_server::runtime: construction stage geometry="recent-8k" table="directory" seconds=0.000265395 stage="publish_parameters"
2026-09-09T19:49:40.614344Z DEBUG transparent_shard_server::runtime: runtime stage key=("73d46a59d0d03d7616f9a47e53b50448d4c5a3504e6e296600d8884c8c4403b8", Directory, 0) seconds=2.838549317 stage="runtime_build"
2026-09-09T19:49:40.614388Z DEBUG transparent_shard_server::runtime: runtime stage key=("73d46a59d0d03d7616f9a47e53b50448d4c5a3504e6e296600d8884c8c4403b8", Pages, 0) seconds=8.321194198 stage="build_slot"
2026-09-09T19:49:40.614481Z DEBUG transparent_shard_server::memory: cold build admission wait seconds=8.897e-5 admitted=true
2026-09-09T19:49:40.614501Z DEBUG transparent_shard_server::runtime: runtime stage key=("73d46a59d0d03d7616f9a47e53b50448d4c5a3504e6e296600d8884c8c4403b8", Directory, 0) reserved_bytes=136314880 stage="serialization_handoff"
2026-09-09T19:49:40.752491Z DEBUG transparent_shard_server::runtime: runtime stage key=("73d46a59d0d03d7616f9a47e53b50448d4c5a3504e6e296600d8884c8c4403b8", Pages, 0) seconds=0.137887945 stage="source_load"
2026-09-09T19:49:41.042469Z DEBUG transparent_shard_server::runtime: construction stage geometry="recent-8k" table="pages" seconds=0.289946099 stage="encode_database"
2026-09-09T19:49:41.042572Z DEBUG transparent_shard_server::runtime: construction stage geometry="recent-8k" table="pages" seconds=6.878e-5 stage="public_setup"
2026-09-09T19:49:41.359190Z DEBUG transparent_shard_server::runtime: runtime stage key=("73d46a59d0d03d7616f9a47e53b50448d4c5a3504e6e296600d8884c8c4403b8", Directory, 0) seconds=0.744683018 stage="disk_save"
2026-09-09T19:49:41.359264Z DEBUG transparent_shard_server::runtime: runtime stage key=("16b8227360ce35dd2e111156f5e31fd5eb500ff877879a212fef6cf8471de8a5", Directory, 0) seconds=1.67e-6 stage="restore_slot"
2026-09-09T19:49:41.359397Z DEBUG transparent_shard_server::runtime: runtime stage key=("16b8227360ce35dd2e111156f5e31fd5eb500ff877879a212fef6cf8471de8a5", Directory, 0) seconds=5.0607e-5 hit=false stage="disk_restore"
2026-09-09T19:49:41.670582Z DEBUG transparent_shard_server::runtime: construction stage geometry="recent-8k" table="pages" seconds=0.62800391 stage="hint_columns"
2026-09-09T19:49:43.642658Z DEBUG transparent_shard_server::runtime: construction stage geometry="recent-8k" table="pages" seconds=1.972035445 stage="pack_preprocessing"
2026-09-09T19:49:43.642968Z DEBUG transparent_shard_server::runtime: construction stage geometry="recent-8k" table="pages" seconds=0.00026744 stage="publish_parameters"
2026-09-09T19:49:43.643799Z DEBUG transparent_shard_server::runtime: runtime stage key=("73d46a59d0d03d7616f9a47e53b50448d4c5a3504e6e296600d8884c8c4403b8", Pages, 0) seconds=2.891277514 stage="runtime_build"
2026-09-09T19:49:43.643835Z DEBUG transparent_shard_server::runtime: runtime stage key=("73d46a59d0d03d7616f9a47e53b50448d4c5a3504e6e296600d8884c8c4403b8", Pages, 0) reserved_bytes=136314880 stage="serialization_handoff"
2026-09-09T19:49:43.643889Z DEBUG transparent_shard_server::runtime: runtime stage key=("b16be2933ab920bc4745ea8917e5167a7a685c211e0b4febe88b4d3018f970bc", Directory, 0) seconds=8.320962983 stage="build_slot"
2026-09-09T19:49:43.644000Z DEBUG transparent_shard_server::memory: cold build admission wait seconds=8.1722e-5 admitted=true
2026-09-09T19:49:43.783531Z DEBUG transparent_shard_server::runtime: runtime stage key=("b16be2933ab920bc4745ea8917e5167a7a685c211e0b4febe88b4d3018f970bc", Directory, 0) seconds=0.139502672 stage="source_load"
2026-09-09T19:49:44.074699Z DEBUG transparent_shard_server::runtime: construction stage geometry="recent-8k" table="directory" seconds=0.291130971 stage="encode_database"
2026-09-09T19:49:44.074805Z DEBUG transparent_shard_server::runtime: construction stage geometry="recent-8k" table="directory" seconds=7.1388e-5 stage="public_setup"
2026-09-09T19:49:44.362197Z DEBUG transparent_shard_server::runtime: runtime stage key=("73d46a59d0d03d7616f9a47e53b50448d4c5a3504e6e296600d8884c8c4403b8", Pages, 0) seconds=0.718355009 stage="disk_save"
2026-09-09T19:49:44.364206Z DEBUG transparent_shard_server::runtime: runtime stage key=("16b8227360ce35dd2e111156f5e31fd5eb500ff877879a212fef6cf8471de8a5", Pages, 0) seconds=1.757e-6 stage="restore_slot"
2026-09-09T19:49:44.364368Z DEBUG transparent_shard_server::runtime: runtime stage key=("16b8227360ce35dd2e111156f5e31fd5eb500ff877879a212fef6cf8471de8a5", Pages, 0) seconds=3.1659e-5 hit=false stage="disk_restore"
2026-09-09T19:49:44.658402Z DEBUG transparent_shard_server::runtime: construction stage geometry="recent-8k" table="directory" seconds=0.583589035 stage="hint_columns"
2026-09-09T19:49:46.663810Z DEBUG transparent_shard_server::runtime: construction stage geometry="recent-8k" table="directory" seconds=2.005360842 stage="pack_preprocessing"
2026-09-09T19:49:46.664132Z DEBUG transparent_shard_server::runtime: construction stage geometry="recent-8k" table="directory" seconds=0.000282711 stage="publish_parameters"
2026-09-09T19:49:46.664999Z DEBUG transparent_shard_server::runtime: runtime stage key=("b16be2933ab920bc4745ea8917e5167a7a685c211e0b4febe88b4d3018f970bc", Directory, 0) seconds=2.881432447 stage="runtime_build"
2026-09-09T19:49:46.665053Z DEBUG transparent_shard_server::runtime: runtime stage key=("b16be2933ab920bc4745ea8917e5167a7a685c211e0b4febe88b4d3018f970bc", Pages, 0) seconds=8.092845082 stage="build_slot"
2026-09-09T19:49:46.665143Z DEBUG transparent_shard_server::memory: cold build admission wait seconds=8.45e-5 admitted=true
2026-09-09T19:49:46.665175Z DEBUG transparent_shard_server::runtime: runtime stage key=("b16be2933ab920bc4745ea8917e5167a7a685c211e0b4febe88b4d3018f970bc", Directory, 0) reserved_bytes=136314880 stage="serialization_handoff"
2026-09-09T19:49:46.801977Z DEBUG transparent_shard_server::runtime: runtime stage key=("b16be2933ab920bc4745ea8917e5167a7a685c211e0b4febe88b4d3018f970bc", Pages, 0) seconds=0.136784509 stage="source_load"
2026-09-09T19:49:47.093092Z DEBUG transparent_shard_server::runtime: construction stage geometry="recent-8k" table="pages" seconds=0.291073901 stage="encode_database"
2026-09-09T19:49:47.093227Z DEBUG transparent_shard_server::runtime: construction stage geometry="recent-8k" table="pages" seconds=8.1953e-5 stage="public_setup"
2026-09-09T19:49:47.387300Z DEBUG transparent_shard_server::runtime: runtime stage key=("b16be2933ab920bc4745ea8917e5167a7a685c211e0b4febe88b4d3018f970bc", Directory, 0) seconds=0.722116572 stage="disk_save"
2026-09-09T19:49:47.387464Z DEBUG transparent_shard_server::runtime: runtime stage key=("1cd27964911287b2a127c1f8df5e6b0c19f5b4db309391c5adb2db3072bfec6e", Directory, 0) seconds=1.569e-6 stage="restore_slot"
2026-09-09T19:49:47.387609Z DEBUG transparent_shard_server::runtime: runtime stage key=("1cd27964911287b2a127c1f8df5e6b0c19f5b4db309391c5adb2db3072bfec6e", Directory, 0) seconds=5.7776e-5 hit=false stage="disk_restore"
2026-09-09T19:49:47.719993Z DEBUG transparent_shard_server::runtime: construction stage geometry="recent-8k" table="pages" seconds=0.62675722 stage="hint_columns"
2026-09-09T19:49:49.700538Z DEBUG transparent_shard_server::runtime: construction stage geometry="recent-8k" table="pages" seconds=1.980502558 stage="pack_preprocessing"
2026-09-09T19:49:49.700869Z DEBUG transparent_shard_server::runtime: construction stage geometry="recent-8k" table="pages" seconds=0.000289239 stage="publish_parameters"
2026-09-09T19:49:49.701649Z DEBUG transparent_shard_server::runtime: runtime stage key=("b16be2933ab920bc4745ea8917e5167a7a685c211e0b4febe88b4d3018f970bc", Pages, 0) seconds=2.899633229 stage="runtime_build"
2026-09-09T19:49:49.701676Z DEBUG transparent_shard_server::runtime: runtime stage key=("b16be2933ab920bc4745ea8917e5167a7a685c211e0b4febe88b4d3018f970bc", Pages, 0) reserved_bytes=136314880 stage="serialization_handoff"
2026-09-09T19:49:49.701710Z DEBUG transparent_shard_server::runtime: runtime stage key=("16b8227360ce35dd2e111156f5e31fd5eb500ff877879a212fef6cf8471de8a5", Directory, 0) seconds=8.342260292 stage="build_slot"
2026-09-09T19:49:49.701818Z DEBUG transparent_shard_server::memory: cold build admission wait seconds=7.7956e-5 admitted=true
2026-09-09T19:49:49.842421Z DEBUG transparent_shard_server::runtime: runtime stage key=("16b8227360ce35dd2e111156f5e31fd5eb500ff877879a212fef6cf8471de8a5", Directory, 0) seconds=0.140573485 stage="source_load"
2026-09-09T19:49:50.146559Z DEBUG transparent_shard_server::runtime: construction stage geometry="recent-8k" table="directory" seconds=0.304104295 stage="encode_database"
2026-09-09T19:49:50.146678Z DEBUG transparent_shard_server::runtime: construction stage geometry="recent-8k" table="directory" seconds=8.9384e-5 stage="public_setup"
2026-09-09T19:49:50.429719Z DEBUG transparent_shard_server::runtime: runtime stage key=("b16be2933ab920bc4745ea8917e5167a7a685c211e0b4febe88b4d3018f970bc", Pages, 0) seconds=0.728035311 stage="disk_save"
2026-09-09T19:49:50.430205Z DEBUG transparent_shard_server::runtime: runtime stage key=("1cd27964911287b2a127c1f8df5e6b0c19f5b4db309391c5adb2db3072bfec6e", Pages, 0) seconds=2.132e-6 stage="restore_slot"
2026-09-09T19:49:50.430359Z DEBUG transparent_shard_server::runtime: runtime stage key=("1cd27964911287b2a127c1f8df5e6b0c19f5b4db309391c5adb2db3072bfec6e", Pages, 0) seconds=4.0847e-5 hit=false stage="disk_restore"
2026-09-09T19:49:50.727339Z DEBUG transparent_shard_server::runtime: construction stage geometry="recent-8k" table="directory" seconds=0.580652714 stage="hint_columns"
2026-09-09T19:49:52.707686Z DEBUG transparent_shard_server::runtime: construction stage geometry="recent-8k" table="directory" seconds=1.980304936 stage="pack_preprocessing"
2026-09-09T19:49:52.708008Z DEBUG transparent_shard_server::runtime: construction stage geometry="recent-8k" table="directory" seconds=0.000284933 stage="publish_parameters"
2026-09-09T19:49:52.708816Z DEBUG transparent_shard_server::runtime: runtime stage key=("16b8227360ce35dd2e111156f5e31fd5eb500ff877879a212fef6cf8471de8a5", Directory, 0) seconds=2.8663627419999997 stage="runtime_build"
2026-09-09T19:49:52.708866Z DEBUG transparent_shard_server::runtime: runtime stage key=("16b8227360ce35dd2e111156f5e31fd5eb500ff877879a212fef6cf8471de8a5", Pages, 0) seconds=8.341673474 stage="build_slot"
2026-09-09T19:49:52.708965Z DEBUG transparent_shard_server::memory: cold build admission wait seconds=8.0603e-5 admitted=true
2026-09-09T19:49:52.708988Z DEBUG transparent_shard_server::runtime: runtime stage key=("16b8227360ce35dd2e111156f5e31fd5eb500ff877879a212fef6cf8471de8a5", Directory, 0) reserved_bytes=136314880 stage="serialization_handoff"
2026-09-09T19:49:52.846114Z DEBUG transparent_shard_server::runtime: runtime stage key=("16b8227360ce35dd2e111156f5e31fd5eb500ff877879a212fef6cf8471de8a5", Pages, 0) seconds=0.137104302 stage="source_load"
2026-09-09T19:49:53.143734Z DEBUG transparent_shard_server::runtime: construction stage geometry="recent-8k" table="pages" seconds=0.297590449 stage="encode_database"
2026-09-09T19:49:53.143831Z DEBUG transparent_shard_server::runtime: construction stage geometry="recent-8k" table="pages" seconds=7.0779e-5 stage="public_setup"
2026-09-09T19:49:53.428466Z DEBUG transparent_shard_server::runtime: runtime stage key=("16b8227360ce35dd2e111156f5e31fd5eb500ff877879a212fef6cf8471de8a5", Directory, 0) seconds=0.719471506 stage="disk_save"
2026-09-09T19:49:53.428534Z DEBUG transparent_shard_server::runtime: runtime stage key=("27f56c565263ecffb8c7736d4e811665d81bf4ed71c7978431fcc4f45b645ee1", Directory, 0) seconds=1.314e-6 stage="restore_slot"
2026-09-09T19:49:53.428655Z DEBUG transparent_shard_server::runtime: runtime stage key=("27f56c565263ecffb8c7736d4e811665d81bf4ed71c7978431fcc4f45b645ee1", Directory, 0) seconds=4.0438e-5 hit=false stage="disk_restore"
2026-09-09T19:49:53.759982Z DEBUG transparent_shard_server::runtime: construction stage geometry="recent-8k" table="pages" seconds=0.616143777 stage="hint_columns"
2026-09-09T19:49:55.740038Z DEBUG transparent_shard_server::runtime: construction stage geometry="recent-8k" table="pages" seconds=1.9800153310000002 stage="pack_preprocessing"
2026-09-09T19:49:55.740359Z DEBUG transparent_shard_server::runtime: construction stage geometry="recent-8k" table="pages" seconds=0.000276181 stage="publish_parameters"
2026-09-09T19:49:55.741182Z DEBUG transparent_shard_server::runtime: runtime stage key=("16b8227360ce35dd2e111156f5e31fd5eb500ff877879a212fef6cf8471de8a5", Pages, 0) seconds=2.89503975 stage="runtime_build"
2026-09-09T19:49:55.741214Z DEBUG transparent_shard_server::runtime: runtime stage key=("16b8227360ce35dd2e111156f5e31fd5eb500ff877879a212fef6cf8471de8a5", Pages, 0) reserved_bytes=136314880 stage="serialization_handoff"
2026-09-09T19:49:55.741257Z DEBUG transparent_shard_server::runtime: runtime stage key=("1cd27964911287b2a127c1f8df5e6b0c19f5b4db309391c5adb2db3072bfec6e", Directory, 0) seconds=8.353607910000001 stage="build_slot"
2026-09-09T19:49:55.741368Z DEBUG transparent_shard_server::memory: cold build admission wait seconds=8.0338e-5 admitted=true
2026-09-09T19:49:55.880604Z DEBUG transparent_shard_server::runtime: runtime stage key=("1cd27964911287b2a127c1f8df5e6b0c19f5b4db309391c5adb2db3072bfec6e", Directory, 0) seconds=0.139204135 stage="source_load"
2026-09-09T19:49:56.181014Z DEBUG transparent_shard_server::runtime: construction stage geometry="recent-8k" table="directory" seconds=0.300375687 stage="encode_database"
2026-09-09T19:49:56.181127Z DEBUG transparent_shard_server::runtime: construction stage geometry="recent-8k" table="directory" seconds=8.0083e-5 stage="public_setup"
2026-09-09T19:49:56.458077Z DEBUG transparent_shard_server::runtime: runtime stage key=("16b8227360ce35dd2e111156f5e31fd5eb500ff877879a212fef6cf8471de8a5", Pages, 0) seconds=0.71685712 stage="disk_save"
2026-09-09T19:49:56.458169Z DEBUG transparent_shard_server::runtime: runtime stage key=("27f56c565263ecffb8c7736d4e811665d81bf4ed71c7978431fcc4f45b645ee1", Pages, 0) seconds=7.927e-6 stage="restore_slot"
2026-09-09T19:49:56.458299Z DEBUG transparent_shard_server::runtime: runtime stage key=("27f56c565263ecffb8c7736d4e811665d81bf4ed71c7978431fcc4f45b645ee1", Pages, 0) seconds=2.5631e-5 hit=false stage="disk_restore"
2026-09-09T19:49:56.760791Z DEBUG transparent_shard_server::runtime: construction stage geometry="recent-8k" table="directory" seconds=0.579657191 stage="hint_columns"
2026-09-09T19:49:58.772270Z DEBUG transparent_shard_server::runtime: construction stage geometry="recent-8k" table="directory" seconds=2.011436384 stage="pack_preprocessing"
2026-09-09T19:49:58.772578Z DEBUG transparent_shard_server::runtime: construction stage geometry="recent-8k" table="directory" seconds=0.000269093 stage="publish_parameters"
2026-09-09T19:49:58.773413Z DEBUG transparent_shard_server::runtime: runtime stage key=("1cd27964911287b2a127c1f8df5e6b0c19f5b4db309391c5adb2db3072bfec6e", Directory, 0) seconds=2.892776521 stage="runtime_build"
2026-09-09T19:49:58.773447Z DEBUG transparent_shard_server::runtime: runtime stage key=("1cd27964911287b2a127c1f8df5e6b0c19f5b4db309391c5adb2db3072bfec6e", Directory, 0) reserved_bytes=136314880 stage="serialization_handoff"
2026-09-09T19:49:58.773483Z DEBUG transparent_shard_server::runtime: runtime stage key=("1cd27964911287b2a127c1f8df5e6b0c19f5b4db309391c5adb2db3072bfec6e", Pages, 0) seconds=8.343105926 stage="build_slot"
2026-09-09T19:49:58.773592Z DEBUG transparent_shard_server::memory: cold build admission wait seconds=8.6225e-5 admitted=true
2026-09-09T19:49:58.911192Z DEBUG transparent_shard_server::runtime: runtime stage key=("1cd27964911287b2a127c1f8df5e6b0c19f5b4db309391c5adb2db3072bfec6e", Pages, 0) seconds=0.13756314 stage="source_load"
2026-09-09T19:49:59.215206Z DEBUG transparent_shard_server::runtime: construction stage geometry="recent-8k" table="pages" seconds=0.303980577 stage="encode_database"
2026-09-09T19:49:59.215312Z DEBUG transparent_shard_server::runtime: construction stage geometry="recent-8k" table="pages" seconds=7.5308e-5 stage="public_setup"
2026-09-09T19:49:59.493236Z DEBUG transparent_shard_server::runtime: runtime stage key=("1cd27964911287b2a127c1f8df5e6b0c19f5b4db309391c5adb2db3072bfec6e", Directory, 0) seconds=0.719782886 stage="disk_save"
2026-09-09T19:49:59.493304Z DEBUG transparent_shard_server::runtime: runtime stage key=("ced665ae1f1140944bcd0c9aa2b83c1019df768df87fa513f9509106fc5b88c1", Directory, 0) seconds=2.577e-6 stage="restore_slot"
2026-09-09T19:49:59.493434Z DEBUG transparent_shard_server::runtime: runtime stage key=("ced665ae1f1140944bcd0c9aa2b83c1019df768df87fa513f9509106fc5b88c1", Directory, 0) seconds=4.2403e-5 hit=false stage="disk_restore"
2026-09-09T19:49:59.834289Z DEBUG transparent_shard_server::runtime: construction stage geometry="recent-8k" table="pages" seconds=0.618971073 stage="hint_columns"
2026-09-09T19:50:01.857549Z DEBUG transparent_shard_server::runtime: construction stage geometry="recent-8k" table="pages" seconds=2.023218295 stage="pack_preprocessing"
2026-09-09T19:50:01.857866Z DEBUG transparent_shard_server::runtime: construction stage geometry="recent-8k" table="pages" seconds=0.000269911 stage="publish_parameters"
2026-09-09T19:50:01.858719Z DEBUG transparent_shard_server::runtime: runtime stage key=("1cd27964911287b2a127c1f8df5e6b0c19f5b4db309391c5adb2db3072bfec6e", Pages, 0) seconds=2.947496078 stage="runtime_build"
2026-09-09T19:50:01.858750Z DEBUG transparent_shard_server::runtime: runtime stage key=("1cd27964911287b2a127c1f8df5e6b0c19f5b4db309391c5adb2db3072bfec6e", Pages, 0) reserved_bytes=136314880 stage="serialization_handoff"
2026-09-09T19:50:01.858803Z DEBUG transparent_shard_server::runtime: runtime stage key=("27f56c565263ecffb8c7736d4e811665d81bf4ed71c7978431fcc4f45b645ee1", Directory, 0) seconds=8.430109084 stage="build_slot"
2026-09-09T19:50:01.858914Z DEBUG transparent_shard_server::memory: cold build admission wait seconds=8.1695e-5 admitted=true
2026-09-09T19:50:01.998791Z DEBUG transparent_shard_server::runtime: runtime stage key=("27f56c565263ecffb8c7736d4e811665d81bf4ed71c7978431fcc4f45b645ee1", Directory, 0) seconds=0.139846306 stage="source_load"
2026-09-09T19:50:02.306351Z DEBUG transparent_shard_server::runtime: construction stage geometry="recent-8k" table="directory" seconds=0.307517516 stage="encode_database"
2026-09-09T19:50:02.306468Z DEBUG transparent_shard_server::runtime: construction stage geometry="recent-8k" table="directory" seconds=7.3196e-5 stage="public_setup"
2026-09-09T19:50:02.590197Z DEBUG transparent_shard_server::runtime: runtime stage key=("1cd27964911287b2a127c1f8df5e6b0c19f5b4db309391c5adb2db3072bfec6e", Pages, 0) seconds=0.731439265 stage="disk_save"
2026-09-09T19:50:02.592216Z DEBUG transparent_shard_server::runtime: runtime stage key=("ced665ae1f1140944bcd0c9aa2b83c1019df768df87fa513f9509106fc5b88c1", Pages, 0) seconds=2.112e-6 stage="restore_slot"
2026-09-09T19:50:02.592359Z DEBUG transparent_shard_server::runtime: runtime stage key=("ced665ae1f1140944bcd0c9aa2b83c1019df768df87fa513f9509106fc5b88c1", Pages, 0) seconds=2.6766e-5 hit=false stage="disk_restore"
2026-09-09T19:50:02.908174Z DEBUG transparent_shard_server::runtime: construction stage geometry="recent-8k" table="directory" seconds=0.601686069 stage="hint_columns"
2026-09-09T19:50:04.936750Z DEBUG transparent_shard_server::runtime: construction stage geometry="recent-8k" table="directory" seconds=2.028532056 stage="pack_preprocessing"
2026-09-09T19:50:04.937077Z DEBUG transparent_shard_server::runtime: construction stage geometry="recent-8k" table="directory" seconds=0.000288452 stage="publish_parameters"
2026-09-09T19:50:04.937943Z DEBUG transparent_shard_server::runtime: runtime stage key=("27f56c565263ecffb8c7736d4e811665d81bf4ed71c7978431fcc4f45b645ee1", Directory, 0) seconds=2.939111937 stage="runtime_build"
2026-09-09T19:50:04.937987Z DEBUG transparent_shard_server::runtime: runtime stage key=("27f56c565263ecffb8c7736d4e811665d81bf4ed71c7978431fcc4f45b645ee1", Directory, 0) reserved_bytes=136314880 stage="serialization_handoff"
2026-09-09T19:50:04.940218Z DEBUG transparent_shard_server::runtime: runtime stage key=("27f56c565263ecffb8c7736d4e811665d81bf4ed71c7978431fcc4f45b645ee1", Pages, 0) seconds=8.479047419 stage="build_slot"
2026-09-09T19:50:04.940303Z DEBUG transparent_shard_server::memory: cold build admission wait seconds=6.9627e-5 admitted=true
2026-09-09T19:50:05.077970Z DEBUG transparent_shard_server::runtime: runtime stage key=("27f56c565263ecffb8c7736d4e811665d81bf4ed71c7978431fcc4f45b645ee1", Pages, 0) seconds=0.137598984 stage="source_load"
2026-09-09T19:50:05.380215Z DEBUG transparent_shard_server::runtime: construction stage geometry="recent-8k" table="pages" seconds=0.302212574 stage="encode_database"
2026-09-09T19:50:05.380332Z DEBUG transparent_shard_server::runtime: construction stage geometry="recent-8k" table="pages" seconds=8.6655e-5 stage="public_setup"
2026-09-09T19:50:05.661238Z DEBUG transparent_shard_server::runtime: runtime stage key=("27f56c565263ecffb8c7736d4e811665d81bf4ed71c7978431fcc4f45b645ee1", Directory, 0) seconds=0.723244385 stage="disk_save"
2026-09-09T19:50:05.661317Z DEBUG transparent_shard_server::runtime: runtime stage key=("2d4497bf9e8bafc6139ee4e57114238a7ecfa0782702939922bf2a79b1fe05bf", Directory, 0) seconds=1.9e-6 stage="restore_slot"
2026-09-09T19:50:05.661452Z DEBUG transparent_shard_server::runtime: runtime stage key=("2d4497bf9e8bafc6139ee4e57114238a7ecfa0782702939922bf2a79b1fe05bf", Directory, 0) seconds=4.8998e-5 hit=false stage="disk_restore"
2026-09-09T19:50:06.009769Z DEBUG transparent_shard_server::runtime: construction stage geometry="recent-8k" table="pages" seconds=0.629430358 stage="hint_columns"
test burst::publication_burst_under_exact_load has been running for over 60 seconds
2026-09-09T19:50:08.016592Z DEBUG transparent_shard_server::runtime: construction stage geometry="recent-8k" table="pages" seconds=2.006779571 stage="pack_preprocessing"
2026-09-09T19:50:08.016913Z DEBUG transparent_shard_server::runtime: construction stage geometry="recent-8k" table="pages" seconds=0.000280022 stage="publish_parameters"
2026-09-09T19:50:08.017711Z DEBUG transparent_shard_server::runtime: runtime stage key=("27f56c565263ecffb8c7736d4e811665d81bf4ed71c7978431fcc4f45b645ee1", Pages, 0) seconds=2.939711015 stage="runtime_build"
2026-09-09T19:50:08.017759Z DEBUG transparent_shard_server::runtime: runtime stage key=("27f56c565263ecffb8c7736d4e811665d81bf4ed71c7978431fcc4f45b645ee1", Pages, 0) reserved_bytes=136314880 stage="serialization_handoff"
2026-09-09T19:50:08.017792Z DEBUG transparent_shard_server::runtime: runtime stage key=("ced665ae1f1140944bcd0c9aa2b83c1019df768df87fa513f9509106fc5b88c1", Directory, 0) seconds=8.524319217 stage="build_slot"
2026-09-09T19:50:08.017893Z DEBUG transparent_shard_server::memory: cold build admission wait seconds=7.8848e-5 admitted=true
2026-09-09T19:50:08.156518Z DEBUG transparent_shard_server::runtime: runtime stage key=("ced665ae1f1140944bcd0c9aa2b83c1019df768df87fa513f9509106fc5b88c1", Directory, 0) seconds=0.13860729 stage="source_load"
2026-09-09T19:50:08.456813Z DEBUG transparent_shard_server::runtime: construction stage geometry="recent-8k" table="directory" seconds=0.300261911 stage="encode_database"
2026-09-09T19:50:08.456923Z DEBUG transparent_shard_server::runtime: construction stage geometry="recent-8k" table="directory" seconds=7.525e-5 stage="public_setup"
2026-09-09T19:50:08.741509Z DEBUG transparent_shard_server::runtime: runtime stage key=("27f56c565263ecffb8c7736d4e811665d81bf4ed71c7978431fcc4f45b645ee1", Pages, 0) seconds=0.723743671 stage="disk_save"
2026-09-09T19:50:08.743204Z DEBUG transparent_shard_server::runtime: runtime stage key=("2d4497bf9e8bafc6139ee4e57114238a7ecfa0782702939922bf2a79b1fe05bf", Pages, 0) seconds=1.771e-6 stage="restore_slot"
2026-09-09T19:50:08.743376Z DEBUG transparent_shard_server::runtime: runtime stage key=("2d4497bf9e8bafc6139ee4e57114238a7ecfa0782702939922bf2a79b1fe05bf", Pages, 0) seconds=5.5223e-5 hit=false stage="disk_restore"
2026-09-09T19:50:09.040010Z DEBUG transparent_shard_server::runtime: construction stage geometry="recent-8k" table="directory" seconds=0.583079406 stage="hint_columns"
2026-09-09T19:50:11.027093Z DEBUG transparent_shard_server::runtime: construction stage geometry="recent-8k" table="directory" seconds=1.987039821 stage="pack_preprocessing"
2026-09-09T19:50:11.027407Z DEBUG transparent_shard_server::runtime: construction stage geometry="recent-8k" table="directory" seconds=0.000275176 stage="publish_parameters"
2026-09-09T19:50:11.028221Z DEBUG transparent_shard_server::runtime: runtime stage key=("ced665ae1f1140944bcd0c9aa2b83c1019df768df87fa513f9509106fc5b88c1", Directory, 0) seconds=2.871671768 stage="runtime_build"
2026-09-09T19:50:11.028267Z DEBUG transparent_shard_server::runtime: runtime stage key=("ced665ae1f1140944bcd0c9aa2b83c1019df768df87fa513f9509106fc5b88c1", Directory, 0) reserved_bytes=136314880 stage="serialization_handoff"
2026-09-09T19:50:11.028433Z DEBUG transparent_shard_server::runtime: runtime stage key=("ced665ae1f1140944bcd0c9aa2b83c1019df768df87fa513f9509106fc5b88c1", Pages, 0) seconds=8.43320532 stage="build_slot"
2026-09-09T19:50:11.028534Z DEBUG transparent_shard_server::memory: cold build admission wait seconds=7.7985e-5 admitted=true
2026-09-09T19:50:11.166485Z DEBUG transparent_shard_server::runtime: runtime stage key=("ced665ae1f1140944bcd0c9aa2b83c1019df768df87fa513f9509106fc5b88c1", Pages, 0) seconds=0.137897374 stage="source_load"
2026-09-09T19:50:11.471567Z DEBUG transparent_shard_server::runtime: construction stage geometry="recent-8k" table="pages" seconds=0.305046398 stage="encode_database"
2026-09-09T19:50:11.471684Z DEBUG transparent_shard_server::runtime: construction stage geometry="recent-8k" table="pages" seconds=8.1032e-5 stage="public_setup"
2026-09-09T19:50:11.751231Z DEBUG transparent_shard_server::runtime: runtime stage key=("ced665ae1f1140944bcd0c9aa2b83c1019df768df87fa513f9509106fc5b88c1", Directory, 0) seconds=0.722958566 stage="disk_save"
2026-09-09T19:50:11.752201Z DEBUG transparent_shard_server::runtime: runtime stage key=("a4bd72b37c0aafb265c77bb09cbc402cf69b65a87a1fabc8a0f12614b35469be", Directory, 0) seconds=1.773e-6 stage="restore_slot"
2026-09-09T19:50:11.752338Z DEBUG transparent_shard_server::runtime: runtime stage key=("a4bd72b37c0aafb265c77bb09cbc402cf69b65a87a1fabc8a0f12614b35469be", Directory, 0) seconds=2.7871e-5 hit=false stage="disk_restore"
2026-09-09T19:50:12.093731Z DEBUG transparent_shard_server::runtime: construction stage geometry="recent-8k" table="pages" seconds=0.622039135 stage="hint_columns"
2026-09-09T19:50:14.085180Z DEBUG transparent_shard_server::runtime: construction stage geometry="recent-8k" table="pages" seconds=1.9914038509999998 stage="pack_preprocessing"
2026-09-09T19:50:14.085487Z DEBUG transparent_shard_server::runtime: construction stage geometry="recent-8k" table="pages" seconds=0.000265213 stage="publish_parameters"
2026-09-09T19:50:14.086306Z DEBUG transparent_shard_server::runtime: runtime stage key=("ced665ae1f1140944bcd0c9aa2b83c1019df768df87fa513f9509106fc5b88c1", Pages, 0) seconds=2.919787172 stage="runtime_build"
2026-09-09T19:50:14.086336Z DEBUG transparent_shard_server::runtime: runtime stage key=("ced665ae1f1140944bcd0c9aa2b83c1019df768df87fa513f9509106fc5b88c1", Pages, 0) reserved_bytes=136314880 stage="serialization_handoff"
2026-09-09T19:50:14.086392Z DEBUG transparent_shard_server::runtime: runtime stage key=("2d4497bf9e8bafc6139ee4e57114238a7ecfa0782702939922bf2a79b1fe05bf", Directory, 0) seconds=8.424896893 stage="build_slot"
2026-09-09T19:50:14.086503Z DEBUG transparent_shard_server::memory: cold build admission wait seconds=8.2868e-5 admitted=true
2026-09-09T19:50:14.224739Z DEBUG transparent_shard_server::runtime: runtime stage key=("2d4497bf9e8bafc6139ee4e57114238a7ecfa0782702939922bf2a79b1fe05bf", Directory, 0) seconds=0.138205525 stage="source_load"
2026-09-09T19:50:14.528590Z DEBUG transparent_shard_server::runtime: construction stage geometry="recent-8k" table="directory" seconds=0.303816042 stage="encode_database"
2026-09-09T19:50:14.528698Z DEBUG transparent_shard_server::runtime: construction stage geometry="recent-8k" table="directory" seconds=7.6606e-5 stage="public_setup"
2026-09-09T19:50:14.812231Z DEBUG transparent_shard_server::runtime: runtime stage key=("ced665ae1f1140944bcd0c9aa2b83c1019df768df87fa513f9509106fc5b88c1", Pages, 0) seconds=0.725887724 stage="disk_save"
2026-09-09T19:50:14.815256Z DEBUG transparent_shard_server::runtime: runtime stage key=("a4bd72b37c0aafb265c77bb09cbc402cf69b65a87a1fabc8a0f12614b35469be", Pages, 0) seconds=1.758e-6 stage="restore_slot"
2026-09-09T19:50:14.815418Z DEBUG transparent_shard_server::runtime: runtime stage key=("a4bd72b37c0aafb265c77bb09cbc402cf69b65a87a1fabc8a0f12614b35469be", Pages, 0) seconds=3.1389e-5 hit=false stage="disk_restore"
2026-09-09T19:50:15.102588Z DEBUG transparent_shard_server::runtime: construction stage geometry="recent-8k" table="directory" seconds=0.573882668 stage="hint_columns"
2026-09-09T19:50:17.086965Z DEBUG transparent_shard_server::runtime: construction stage geometry="recent-8k" table="directory" seconds=1.984335745 stage="pack_preprocessing"
2026-09-09T19:50:17.087297Z DEBUG transparent_shard_server::runtime: construction stage geometry="recent-8k" table="directory" seconds=0.00028501 stage="publish_parameters"
2026-09-09T19:50:17.088133Z DEBUG transparent_shard_server::runtime: runtime stage key=("2d4497bf9e8bafc6139ee4e57114238a7ecfa0782702939922bf2a79b1fe05bf", Directory, 0) seconds=2.86336121 stage="runtime_build"
2026-09-09T19:50:17.088188Z DEBUG transparent_shard_server::runtime: runtime stage key=("2d4497bf9e8bafc6139ee4e57114238a7ecfa0782702939922bf2a79b1fe05bf", Pages, 0) seconds=8.344779271 stage="build_slot"
2026-09-09T19:50:17.088276Z DEBUG transparent_shard_server::memory: cold build admission wait seconds=7.9308e-5 admitted=true
2026-09-09T19:50:17.088297Z DEBUG transparent_shard_server::runtime: runtime stage key=("2d4497bf9e8bafc6139ee4e57114238a7ecfa0782702939922bf2a79b1fe05bf", Directory, 0) reserved_bytes=136314880 stage="serialization_handoff"
2026-09-09T19:50:17.226798Z DEBUG transparent_shard_server::runtime: runtime stage key=("2d4497bf9e8bafc6139ee4e57114238a7ecfa0782702939922bf2a79b1fe05bf", Pages, 0) seconds=0.138490431 stage="source_load"
2026-09-09T19:50:17.529790Z DEBUG transparent_shard_server::runtime: construction stage geometry="recent-8k" table="pages" seconds=0.30295885 stage="encode_database"
2026-09-09T19:50:17.529902Z DEBUG transparent_shard_server::runtime: construction stage geometry="recent-8k" table="pages" seconds=7.5212e-5 stage="public_setup"
2026-09-09T19:50:18.000281Z DEBUG transparent_shard_server::runtime: runtime stage key=("2d4497bf9e8bafc6139ee4e57114238a7ecfa0782702939922bf2a79b1fe05bf", Directory, 0) seconds=0.911976008 stage="disk_save"
2026-09-09T19:50:18.000347Z DEBUG transparent_shard_server::runtime: runtime stage key=("c907a0aa45b2551520863990845279fd25135889865e088c2dad6ea0d32b8fde", Directory, 0) seconds=1.445e-6 stage="restore_slot"
2026-09-09T19:50:18.000472Z DEBUG transparent_shard_server::runtime: runtime stage key=("c907a0aa45b2551520863990845279fd25135889865e088c2dad6ea0d32b8fde", Directory, 0) seconds=4.317e-5 hit=false stage="disk_restore"
2026-09-09T19:50:18.148698Z DEBUG transparent_shard_server::runtime: construction stage geometry="recent-8k" table="pages" seconds=0.618788769 stage="hint_columns"
2026-09-09T19:50:20.119426Z DEBUG transparent_shard_server::runtime: construction stage geometry="recent-8k" table="pages" seconds=1.970677646 stage="pack_preprocessing"
2026-09-09T19:50:20.119726Z DEBUG transparent_shard_server::runtime: construction stage geometry="recent-8k" table="pages" seconds=0.000267231 stage="publish_parameters"
2026-09-09T19:50:20.120510Z DEBUG transparent_shard_server::runtime: runtime stage key=("2d4497bf9e8bafc6139ee4e57114238a7ecfa0782702939922bf2a79b1fe05bf", Pages, 0) seconds=2.893680878 stage="runtime_build"
2026-09-09T19:50:20.120539Z DEBUG transparent_shard_server::runtime: runtime stage key=("2d4497bf9e8bafc6139ee4e57114238a7ecfa0782702939922bf2a79b1fe05bf", Pages, 0) reserved_bytes=136314880 stage="serialization_handoff"
2026-09-09T19:50:20.120580Z DEBUG transparent_shard_server::runtime: runtime stage key=("a4bd72b37c0aafb265c77bb09cbc402cf69b65a87a1fabc8a0f12614b35469be", Directory, 0) seconds=8.368214735 stage="build_slot"
2026-09-09T19:50:20.120668Z DEBUG transparent_shard_server::memory: cold build admission wait seconds=6.8514e-5 admitted=true
2026-09-09T19:50:20.258396Z DEBUG transparent_shard_server::runtime: runtime stage key=("a4bd72b37c0aafb265c77bb09cbc402cf69b65a87a1fabc8a0f12614b35469be", Directory, 0) seconds=0.137700534 stage="source_load"
2026-09-09T19:50:20.556322Z DEBUG transparent_shard_server::runtime: construction stage geometry="recent-8k" table="directory" seconds=0.297897002 stage="encode_database"
2026-09-09T19:50:20.556418Z DEBUG transparent_shard_server::runtime: construction stage geometry="recent-8k" table="directory" seconds=6.8998e-5 stage="public_setup"
2026-09-09T19:50:20.846188Z DEBUG transparent_shard_server::runtime: runtime stage key=("2d4497bf9e8bafc6139ee4e57114238a7ecfa0782702939922bf2a79b1fe05bf", Pages, 0) seconds=0.725642415 stage="disk_save"
2026-09-09T19:50:20.848198Z DEBUG transparent_shard_server::runtime: runtime stage key=("c907a0aa45b2551520863990845279fd25135889865e088c2dad6ea0d32b8fde", Pages, 0) seconds=1.74e-6 stage="restore_slot"
2026-09-09T19:50:20.848336Z DEBUG transparent_shard_server::runtime: runtime stage key=("c907a0aa45b2551520863990845279fd25135889865e088c2dad6ea0d32b8fde", Pages, 0) seconds=2.6559e-5 hit=false stage="disk_restore"
2026-09-09T19:50:21.130028Z DEBUG transparent_shard_server::runtime: construction stage geometry="recent-8k" table="directory" seconds=0.573603466 stage="hint_columns"
2026-09-09T19:50:23.130952Z DEBUG transparent_shard_server::runtime: construction stage geometry="recent-8k" table="directory" seconds=2.000887421 stage="pack_preprocessing"
2026-09-09T19:50:23.131247Z DEBUG transparent_shard_server::runtime: construction stage geometry="recent-8k" table="directory" seconds=0.000259314 stage="publish_parameters"
2026-09-09T19:50:23.132015Z DEBUG transparent_shard_server::runtime: runtime stage key=("a4bd72b37c0aafb265c77bb09cbc402cf69b65a87a1fabc8a0f12614b35469be", Directory, 0) seconds=2.873592719 stage="runtime_build"
2026-09-09T19:50:23.132054Z DEBUG transparent_shard_server::runtime: runtime stage key=("a4bd72b37c0aafb265c77bb09cbc402cf69b65a87a1fabc8a0f12614b35469be", Pages, 0) seconds=8.313830965 stage="build_slot"
2026-09-09T19:50:23.132161Z DEBUG transparent_shard_server::memory: cold build admission wait seconds=9.03e-5 admitted=true
2026-09-09T19:50:23.132190Z DEBUG transparent_shard_server::runtime: runtime stage key=("a4bd72b37c0aafb265c77bb09cbc402cf69b65a87a1fabc8a0f12614b35469be", Directory, 0) reserved_bytes=136314880 stage="serialization_handoff"
2026-09-09T19:50:23.268773Z DEBUG transparent_shard_server::runtime: runtime stage key=("a4bd72b37c0aafb265c77bb09cbc402cf69b65a87a1fabc8a0f12614b35469be", Pages, 0) seconds=0.136580347 stage="source_load"
2026-09-09T19:50:23.568865Z DEBUG transparent_shard_server::runtime: construction stage geometry="recent-8k" table="pages" seconds=0.300060124 stage="encode_database"
2026-09-09T19:50:23.568969Z DEBUG transparent_shard_server::runtime: construction stage geometry="recent-8k" table="pages" seconds=7.6373e-5 stage="public_setup"
2026-09-09T19:50:23.853328Z DEBUG transparent_shard_server::runtime: runtime stage key=("a4bd72b37c0aafb265c77bb09cbc402cf69b65a87a1fabc8a0f12614b35469be", Directory, 0) seconds=0.721127455 stage="disk_save"
2026-09-09T19:50:23.853392Z DEBUG transparent_shard_server::runtime: runtime stage key=("67574e8d4c7f7c258f8c7488f73e80a9476f8074c3db3540325133ff25020c2b", Directory, 0) seconds=1.372e-6 stage="restore_slot"
2026-09-09T19:50:23.853510Z DEBUG transparent_shard_server::runtime: runtime stage key=("67574e8d4c7f7c258f8c7488f73e80a9476f8074c3db3540325133ff25020c2b", Directory, 0) seconds=3.9693e-5 hit=false stage="disk_restore"
2026-09-09T19:50:24.187801Z DEBUG transparent_shard_server::runtime: construction stage geometry="recent-8k" table="pages" seconds=0.618826419 stage="hint_columns"
2026-09-09T19:50:26.162453Z DEBUG transparent_shard_server::runtime: construction stage geometry="recent-8k" table="pages" seconds=1.974605923 stage="pack_preprocessing"
2026-09-09T19:50:26.162758Z DEBUG transparent_shard_server::runtime: construction stage geometry="recent-8k" table="pages" seconds=0.000265554 stage="publish_parameters"
2026-09-09T19:50:26.163538Z DEBUG transparent_shard_server::runtime: runtime stage key=("a4bd72b37c0aafb265c77bb09cbc402cf69b65a87a1fabc8a0f12614b35469be", Pages, 0) seconds=2.894735458 stage="runtime_build"
2026-09-09T19:50:26.163565Z DEBUG transparent_shard_server::runtime: runtime stage key=("a4bd72b37c0aafb265c77bb09cbc402cf69b65a87a1fabc8a0f12614b35469be", Pages, 0) reserved_bytes=136314880 stage="serialization_handoff"
2026-09-09T19:50:26.163640Z DEBUG transparent_shard_server::runtime: runtime stage key=("c907a0aa45b2551520863990845279fd25135889865e088c2dad6ea0d32b8fde", Directory, 0) seconds=8.163127529 stage="build_slot"
2026-09-09T19:50:26.163736Z DEBUG transparent_shard_server::memory: cold build admission wait seconds=7.5977e-5 admitted=true
2026-09-09T19:50:26.302760Z DEBUG transparent_shard_server::runtime: runtime stage key=("c907a0aa45b2551520863990845279fd25135889865e088c2dad6ea0d32b8fde", Directory, 0) seconds=0.138993523 stage="source_load"
2026-09-09T19:50:26.606581Z DEBUG transparent_shard_server::runtime: construction stage geometry="recent-8k" table="directory" seconds=0.303789382 stage="encode_database"
2026-09-09T19:50:26.606687Z DEBUG transparent_shard_server::runtime: construction stage geometry="recent-8k" table="directory" seconds=7.7452e-5 stage="public_setup"
2026-09-09T19:50:26.897066Z DEBUG transparent_shard_server::runtime: runtime stage key=("a4bd72b37c0aafb265c77bb09cbc402cf69b65a87a1fabc8a0f12614b35469be", Pages, 0) seconds=0.733495285 stage="disk_save"
2026-09-09T19:50:26.899230Z DEBUG transparent_shard_server::runtime: runtime stage key=("67574e8d4c7f7c258f8c7488f73e80a9476f8074c3db3540325133ff25020c2b", Pages, 0) seconds=1.593e-6 stage="restore_slot"
2026-09-09T19:50:26.899367Z DEBUG transparent_shard_server::runtime: runtime stage key=("67574e8d4c7f7c258f8c7488f73e80a9476f8074c3db3540325133ff25020c2b", Pages, 0) seconds=2.7592e-5 hit=false stage="disk_restore"
2026-09-09T19:50:27.185127Z DEBUG transparent_shard_server::runtime: construction stage geometry="recent-8k" table="directory" seconds=0.57843317 stage="hint_columns"
2026-09-09T19:50:29.165109Z DEBUG transparent_shard_server::runtime: construction stage geometry="recent-8k" table="directory" seconds=1.979930021 stage="pack_preprocessing"
2026-09-09T19:50:29.165420Z DEBUG transparent_shard_server::runtime: construction stage geometry="recent-8k" table="directory" seconds=0.000274956 stage="publish_parameters"
2026-09-09T19:50:29.166195Z DEBUG transparent_shard_server::runtime: runtime stage key=("c907a0aa45b2551520863990845279fd25135889865e088c2dad6ea0d32b8fde", Directory, 0) seconds=2.863405368 stage="runtime_build"
2026-09-09T19:50:29.166233Z DEBUG transparent_shard_server::runtime: runtime stage key=("c907a0aa45b2551520863990845279fd25135889865e088c2dad6ea0d32b8fde", Pages, 0) seconds=8.315039805 stage="build_slot"
2026-09-09T19:50:29.166313Z DEBUG transparent_shard_server::memory: cold build admission wait seconds=7.6347e-5 admitted=true
2026-09-09T19:50:29.166331Z DEBUG transparent_shard_server::runtime: runtime stage key=("c907a0aa45b2551520863990845279fd25135889865e088c2dad6ea0d32b8fde", Directory, 0) reserved_bytes=136314880 stage="serialization_handoff"
2026-09-09T19:50:29.304198Z DEBUG transparent_shard_server::runtime: runtime stage key=("c907a0aa45b2551520863990845279fd25135889865e088c2dad6ea0d32b8fde", Pages, 0) seconds=0.137848052 stage="source_load"
2026-09-09T19:50:29.607002Z DEBUG transparent_shard_server::runtime: construction stage geometry="recent-8k" table="pages" seconds=0.302771704 stage="encode_database"
2026-09-09T19:50:29.607109Z DEBUG transparent_shard_server::runtime: construction stage geometry="recent-8k" table="pages" seconds=7.5483e-5 stage="public_setup"
2026-09-09T19:50:29.894143Z DEBUG transparent_shard_server::runtime: runtime stage key=("c907a0aa45b2551520863990845279fd25135889865e088c2dad6ea0d32b8fde", Directory, 0) seconds=0.72780643 stage="disk_save"
2026-09-09T19:50:30.229866Z DEBUG transparent_shard_server::runtime: construction stage geometry="recent-8k" table="pages" seconds=0.622750211 stage="hint_columns"
2026-09-09T19:50:32.215321Z DEBUG transparent_shard_server::runtime: construction stage geometry="recent-8k" table="pages" seconds=1.9854135149999999 stage="pack_preprocessing"
2026-09-09T19:50:32.215623Z DEBUG transparent_shard_server::runtime: construction stage geometry="recent-8k" table="pages" seconds=0.000265008 stage="publish_parameters"
2026-09-09T19:50:32.216411Z DEBUG transparent_shard_server::runtime: runtime stage key=("c907a0aa45b2551520863990845279fd25135889865e088c2dad6ea0d32b8fde", Pages, 0) seconds=2.912183473 stage="runtime_build"
2026-09-09T19:50:32.216437Z DEBUG transparent_shard_server::runtime: runtime stage key=("c907a0aa45b2551520863990845279fd25135889865e088c2dad6ea0d32b8fde", Pages, 0) reserved_bytes=136314880 stage="serialization_handoff"
2026-09-09T19:50:32.216486Z DEBUG transparent_shard_server::runtime: runtime stage key=("67574e8d4c7f7c258f8c7488f73e80a9476f8074c3db3540325133ff25020c2b", Directory, 0) seconds=8.362930157 stage="build_slot"
2026-09-09T19:50:32.216596Z DEBUG transparent_shard_server::memory: cold build admission wait seconds=8.7826e-5 admitted=true
2026-09-09T19:50:32.354136Z DEBUG transparent_shard_server::runtime: runtime stage key=("67574e8d4c7f7c258f8c7488f73e80a9476f8074c3db3540325133ff25020c2b", Directory, 0) seconds=0.137519357 stage="source_load"
2026-09-09T19:50:32.654629Z DEBUG transparent_shard_server::runtime: construction stage geometry="recent-8k" table="directory" seconds=0.300460312 stage="encode_database"
2026-09-09T19:50:32.654750Z DEBUG transparent_shard_server::runtime: construction stage geometry="recent-8k" table="directory" seconds=8.8723e-5 stage="public_setup"
2026-09-09T19:50:32.969861Z DEBUG transparent_shard_server::runtime: runtime stage key=("c907a0aa45b2551520863990845279fd25135889865e088c2dad6ea0d32b8fde", Pages, 0) seconds=0.753417259 stage="disk_save"
2026-09-09T19:50:33.242326Z DEBUG transparent_shard_server::runtime: construction stage geometry="recent-8k" table="directory" seconds=0.587569642 stage="hint_columns"
2026-09-09T19:50:35.263424Z DEBUG transparent_shard_server::runtime: construction stage geometry="recent-8k" table="directory" seconds=2.021038445 stage="pack_preprocessing"
2026-09-09T19:50:35.263712Z DEBUG transparent_shard_server::runtime: construction stage geometry="recent-8k" table="directory" seconds=0.000251172 stage="publish_parameters"
2026-09-09T19:50:35.264546Z DEBUG transparent_shard_server::runtime: runtime stage key=("67574e8d4c7f7c258f8c7488f73e80a9476f8074c3db3540325133ff25020c2b", Directory, 0) seconds=2.910380369 stage="runtime_build"
2026-09-09T19:50:35.264574Z DEBUG transparent_shard_server::runtime: runtime stage key=("67574e8d4c7f7c258f8c7488f73e80a9476f8074c3db3540325133ff25020c2b", Directory, 0) reserved_bytes=136314880 stage="serialization_handoff"
2026-09-09T19:50:35.264617Z DEBUG transparent_shard_server::runtime: runtime stage key=("67574e8d4c7f7c258f8c7488f73e80a9476f8074c3db3540325133ff25020c2b", Pages, 0) seconds=8.362399836 stage="build_slot"
2026-09-09T19:50:35.264732Z DEBUG transparent_shard_server::memory: cold build admission wait seconds=9.258e-5 admitted=true
2026-09-09T19:50:35.402000Z DEBUG transparent_shard_server::runtime: runtime stage key=("67574e8d4c7f7c258f8c7488f73e80a9476f8074c3db3540325133ff25020c2b", Pages, 0) seconds=0.137246624 stage="source_load"
2026-09-09T19:50:35.704538Z DEBUG transparent_shard_server::runtime: construction stage geometry="recent-8k" table="pages" seconds=0.302503765 stage="encode_database"
2026-09-09T19:50:35.704643Z DEBUG transparent_shard_server::runtime: construction stage geometry="recent-8k" table="pages" seconds=7.363e-5 stage="public_setup"
2026-09-09T19:50:35.997246Z DEBUG transparent_shard_server::runtime: runtime stage key=("67574e8d4c7f7c258f8c7488f73e80a9476f8074c3db3540325133ff25020c2b", Directory, 0) seconds=0.732665721 stage="disk_save"
2026-09-09T19:50:36.341317Z DEBUG transparent_shard_server::runtime: construction stage geometry="recent-8k" table="pages" seconds=0.636667487 stage="hint_columns"
2026-09-09T19:50:38.331213Z DEBUG transparent_shard_server::runtime: construction stage geometry="recent-8k" table="pages" seconds=1.989824193 stage="pack_preprocessing"
2026-09-09T19:50:38.331522Z DEBUG transparent_shard_server::runtime: construction stage geometry="recent-8k" table="pages" seconds=0.00027227 stage="publish_parameters"
2026-09-09T19:50:38.332310Z DEBUG transparent_shard_server::runtime: runtime stage key=("67574e8d4c7f7c258f8c7488f73e80a9476f8074c3db3540325133ff25020c2b", Pages, 0) seconds=2.930278376 stage="runtime_build"
2026-09-09T19:50:38.332329Z DEBUG transparent_shard_server::runtime: runtime stage key=("67574e8d4c7f7c258f8c7488f73e80a9476f8074c3db3540325133ff25020c2b", Pages, 0) reserved_bytes=136314880 stage="serialization_handoff"
2026-09-09T19:50:39.017073Z DEBUG transparent_shard_server::runtime: runtime stage key=("67574e8d4c7f7c258f8c7488f73e80a9476f8074c3db3540325133ff25020c2b", Pages, 0) seconds=0.684737126 stage="disk_save"
2026-09-09T19:50:39.017145Z  INFO transparent_shard_server::service: prewarm finished warm=28 target=28 failed=0 seconds=85.753667841
2026-09-09T19:50:39.201915Z DEBUG transparent_shard_server::service: query stage revision=5b7ee9849d47f5ee67d04eb6ca4588beacf42dce75e5a1b481dfd02607b1fb20 table="directory" seconds=6.779e-6 stage="query_admission"
2026-09-09T19:50:39.201993Z DEBUG transparent_shard_server::service: query stage revision=5b7ee9849d47f5ee67d04eb6ca4588beacf42dce75e5a1b481dfd02607b1fb20 table="directory" seconds=7.575e-6 stage="query_runtime"
2026-09-09T19:50:39.202226Z DEBUG transparent_shard_server::service: query stage revision=5b7ee9849d47f5ee67d04eb6ca4588beacf42dce75e5a1b481dfd02607b1fb20 table="directory" seconds=8.0745e-5 stage="query_dispatch"
2026-09-09T19:50:39.204392Z DEBUG transparent_shard_server::service: query stage revision=5b7ee9849d47f5ee67d04eb6ca4588beacf42dce75e5a1b481dfd02607b1fb20 table="directory" seconds=2.86e-6 stage="query_admission"
2026-09-09T19:50:39.204441Z DEBUG transparent_shard_server::service: query stage revision=5b7ee9849d47f5ee67d04eb6ca4588beacf42dce75e5a1b481dfd02607b1fb20 table="directory" seconds=5.781e-6 stage="query_runtime"
2026-09-09T19:50:39.204904Z DEBUG transparent_shard_server::service: query stage revision=5b7ee9849d47f5ee67d04eb6ca4588beacf42dce75e5a1b481dfd02607b1fb20 table="directory" seconds=0.000368122 stage="query_dispatch"
2026-09-09T19:50:39.214104Z DEBUG transparent_shard_server::service: query stage revision=5b7ee9849d47f5ee67d04eb6ca4588beacf42dce75e5a1b481dfd02607b1fb20 table="directory" seconds=0.011865529 stage="query_evaluate"
2026-09-09T19:50:39.220472Z DEBUG transparent_shard_server::service: query stage revision=5b7ee9849d47f5ee67d04eb6ca4588beacf42dce75e5a1b481dfd02607b1fb20 table="directory" seconds=0.01555295 stage="query_evaluate"
2026-09-09T19:50:39.380507Z DEBUG transparent_shard_server::service: query stage revision=5b7ee9849d47f5ee67d04eb6ca4588beacf42dce75e5a1b481dfd02607b1fb20 table="pages" seconds=3.22e-6 stage="query_admission"
2026-09-09T19:50:39.380551Z DEBUG transparent_shard_server::service: query stage revision=5b7ee9849d47f5ee67d04eb6ca4588beacf42dce75e5a1b481dfd02607b1fb20 table="pages" seconds=6.9e-6 stage="query_runtime"
2026-09-09T19:50:39.380679Z DEBUG transparent_shard_server::service: query stage revision=5b7ee9849d47f5ee67d04eb6ca4588beacf42dce75e5a1b481dfd02607b1fb20 table="pages" seconds=3.3444e-5 stage="query_dispatch"
2026-09-09T19:50:39.382520Z DEBUG transparent_shard_server::service: query stage revision=5b7ee9849d47f5ee67d04eb6ca4588beacf42dce75e5a1b481dfd02607b1fb20 table="pages" seconds=2.595e-6 stage="query_admission"
2026-09-09T19:50:39.382546Z DEBUG transparent_shard_server::service: query stage revision=5b7ee9849d47f5ee67d04eb6ca4588beacf42dce75e5a1b481dfd02607b1fb20 table="pages" seconds=5.838e-6 stage="query_runtime"
2026-09-09T19:50:39.383239Z DEBUG transparent_shard_server::service: query stage revision=5b7ee9849d47f5ee67d04eb6ca4588beacf42dce75e5a1b481dfd02607b1fb20 table="pages" seconds=0.000630223 stage="query_dispatch"
2026-09-09T19:50:39.392369Z DEBUG transparent_shard_server::service: query stage revision=5b7ee9849d47f5ee67d04eb6ca4588beacf42dce75e5a1b481dfd02607b1fb20 table="pages" seconds=0.011682011 stage="query_evaluate"
2026-09-09T19:50:39.398687Z DEBUG transparent_shard_server::service: query stage revision=5b7ee9849d47f5ee67d04eb6ca4588beacf42dce75e5a1b481dfd02607b1fb20 table="pages" seconds=0.015420691 stage="query_evaluate"
2026-09-09T19:50:39.489915Z  INFO transparent_shard_server::runtime: retired runtime memory reclaimed rss_before=4813299712 rss_after=4422336512
2026-09-09T19:50:39.548034Z DEBUG transparent_shard_server::service: query stage revision=5b7ee9849d47f5ee67d04eb6ca4588beacf42dce75e5a1b481dfd02607b1fb20 table="directory" seconds=3.656e-6 stage="query_admission"
2026-09-09T19:50:39.548070Z DEBUG transparent_shard_server::service: query stage revision=5b7ee9849d47f5ee67d04eb6ca4588beacf42dce75e5a1b481dfd02607b1fb20 table="directory" seconds=5.186e-6 stage="query_runtime"
2026-09-09T19:50:39.548182Z DEBUG transparent_shard_server::service: query stage revision=5b7ee9849d47f5ee67d04eb6ca4588beacf42dce75e5a1b481dfd02607b1fb20 table="directory" seconds=5.4198e-5 stage="query_dispatch"
2026-09-09T19:50:39.557726Z DEBUG transparent_shard_server::service: query stage revision=5b7ee9849d47f5ee67d04eb6ca4588beacf42dce75e5a1b481dfd02607b1fb20 table="directory" seconds=0.009518811 stage="query_evaluate"
2026-09-09T19:50:39.603161Z DEBUG transparent_shard_server::service: query stage revision=5b7ee9849d47f5ee67d04eb6ca4588beacf42dce75e5a1b481dfd02607b1fb20 table="directory" seconds=3.512e-6 stage="query_admission"
2026-09-09T19:50:39.603197Z DEBUG transparent_shard_server::service: query stage revision=5b7ee9849d47f5ee67d04eb6ca4588beacf42dce75e5a1b481dfd02607b1fb20 table="directory" seconds=6.891e-6 stage="query_runtime"
2026-09-09T19:50:39.603353Z DEBUG transparent_shard_server::service: query stage revision=5b7ee9849d47f5ee67d04eb6ca4588beacf42dce75e5a1b481dfd02607b1fb20 table="directory" seconds=8.0005e-5 stage="query_dispatch"
2026-09-09T19:50:39.612541Z DEBUG transparent_shard_server::service: query stage revision=5b7ee9849d47f5ee67d04eb6ca4588beacf42dce75e5a1b481dfd02607b1fb20 table="directory" seconds=0.009147983 stage="query_evaluate"
2026-09-09T19:50:39.714612Z DEBUG transparent_shard_server::service: query stage revision=5b7ee9849d47f5ee67d04eb6ca4588beacf42dce75e5a1b481dfd02607b1fb20 table="pages" seconds=3.679e-6 stage="query_admission"
2026-09-09T19:50:39.714647Z DEBUG transparent_shard_server::service: query stage revision=5b7ee9849d47f5ee67d04eb6ca4588beacf42dce75e5a1b481dfd02607b1fb20 table="pages" seconds=4.378e-6 stage="query_runtime"
2026-09-09T19:50:39.714759Z DEBUG transparent_shard_server::service: query stage revision=5b7ee9849d47f5ee67d04eb6ca4588beacf42dce75e5a1b481dfd02607b1fb20 table="pages" seconds=2.0055e-5 stage="query_dispatch"
2026-09-09T19:50:39.724011Z DEBUG transparent_shard_server::service: query stage revision=5b7ee9849d47f5ee67d04eb6ca4588beacf42dce75e5a1b481dfd02607b1fb20 table="pages" seconds=0.009233646 stage="query_evaluate"
2026-09-09T19:50:39.769738Z DEBUG transparent_shard_server::service: query stage revision=5b7ee9849d47f5ee67d04eb6ca4588beacf42dce75e5a1b481dfd02607b1fb20 table="pages" seconds=3.039e-6 stage="query_admission"
2026-09-09T19:50:39.769776Z DEBUG transparent_shard_server::service: query stage revision=5b7ee9849d47f5ee67d04eb6ca4588beacf42dce75e5a1b481dfd02607b1fb20 table="pages" seconds=5.951e-6 stage="query_runtime"
2026-09-09T19:50:39.769870Z DEBUG transparent_shard_server::service: query stage revision=5b7ee9849d47f5ee67d04eb6ca4588beacf42dce75e5a1b481dfd02607b1fb20 table="pages" seconds=2.4106e-5 stage="query_dispatch"
2026-09-09T19:50:39.779037Z DEBUG transparent_shard_server::service: query stage revision=5b7ee9849d47f5ee67d04eb6ca4588beacf42dce75e5a1b481dfd02607b1fb20 table="pages" seconds=0.009146574 stage="query_evaluate"
2026-09-09T19:50:39.880582Z DEBUG transparent_shard_server::service: query stage revision=5b7ee9849d47f5ee67d04eb6ca4588beacf42dce75e5a1b481dfd02607b1fb20 table="directory" seconds=2.938e-6 stage="query_admission"
2026-09-09T19:50:39.880624Z DEBUG transparent_shard_server::service: query stage revision=5b7ee9849d47f5ee67d04eb6ca4588beacf42dce75e5a1b481dfd02607b1fb20 table="directory" seconds=6.963e-6 stage="query_runtime"
2026-09-09T19:50:39.880756Z DEBUG transparent_shard_server::service: query stage revision=5b7ee9849d47f5ee67d04eb6ca4588beacf42dce75e5a1b481dfd02607b1fb20 table="directory" seconds=2.5797e-5 stage="query_dispatch"
2026-09-09T19:50:39.890263Z DEBUG transparent_shard_server::service: query stage revision=5b7ee9849d47f5ee67d04eb6ca4588beacf42dce75e5a1b481dfd02607b1fb20 table="directory" seconds=0.009486987 stage="query_evaluate"
2026-09-09T19:50:39.935674Z DEBUG transparent_shard_server::service: query stage revision=5b7ee9849d47f5ee67d04eb6ca4588beacf42dce75e5a1b481dfd02607b1fb20 table="directory" seconds=2.658e-6 stage="query_admission"
2026-09-09T19:50:39.935710Z DEBUG transparent_shard_server::service: query stage revision=5b7ee9849d47f5ee67d04eb6ca4588beacf42dce75e5a1b481dfd02607b1fb20 table="directory" seconds=5.13e-6 stage="query_runtime"
2026-09-09T19:50:39.935821Z DEBUG transparent_shard_server::service: query stage revision=5b7ee9849d47f5ee67d04eb6ca4588beacf42dce75e5a1b481dfd02607b1fb20 table="directory" seconds=1.2286e-5 stage="query_dispatch"
2026-09-09T19:50:39.944916Z DEBUG transparent_shard_server::service: query stage revision=5b7ee9849d47f5ee67d04eb6ca4588beacf42dce75e5a1b481dfd02607b1fb20 table="directory" seconds=0.009086995 stage="query_evaluate"
2026-09-09T19:50:40.047025Z DEBUG transparent_shard_server::service: query stage revision=5b7ee9849d47f5ee67d04eb6ca4588beacf42dce75e5a1b481dfd02607b1fb20 table="pages" seconds=2.682e-6 stage="query_admission"
2026-09-09T19:50:40.047060Z DEBUG transparent_shard_server::service: query stage revision=5b7ee9849d47f5ee67d04eb6ca4588beacf42dce75e5a1b481dfd02607b1fb20 table="pages" seconds=4.265e-6 stage="query_runtime"
2026-09-09T19:50:40.047175Z DEBUG transparent_shard_server::service: query stage revision=5b7ee9849d47f5ee67d04eb6ca4588beacf42dce75e5a1b481dfd02607b1fb20 table="pages" seconds=2.5132e-5 stage="query_dispatch"
2026-09-09T19:50:40.056675Z DEBUG transparent_shard_server::service: query stage revision=5b7ee9849d47f5ee67d04eb6ca4588beacf42dce75e5a1b481dfd02607b1fb20 table="pages" seconds=0.009490174 stage="query_evaluate"
2026-09-09T19:50:40.071990Z DEBUG transparent_shard_server::runtime: runtime stage key=("be059aab39ac34125e0452548d6fbcfb1e7cdb7237a597bd59ee86011ed4882b", Directory, 0) seconds=1.753e-6 stage="restore_slot"
2026-09-09T19:50:40.072017Z DEBUG transparent_shard_server::runtime: runtime stage key=("be059aab39ac34125e0452548d6fbcfb1e7cdb7237a597bd59ee86011ed4882b", Pages, 0) seconds=1.176e-6 stage="restore_slot"
2026-09-09T19:50:40.072172Z DEBUG transparent_shard_server::runtime: runtime stage key=("be059aab39ac34125e0452548d6fbcfb1e7cdb7237a597bd59ee86011ed4882b", Pages, 0) seconds=3.7087e-5 hit=false stage="disk_restore"
2026-09-09T19:50:40.072173Z DEBUG transparent_shard_server::runtime: runtime stage key=("be059aab39ac34125e0452548d6fbcfb1e7cdb7237a597bd59ee86011ed4882b", Directory, 0) seconds=5.5027e-5 hit=false stage="disk_restore"
2026-09-09T19:50:40.072199Z DEBUG transparent_shard_server::runtime: runtime stage key=("be059aab39ac34125e0452548d6fbcfb1e7cdb7237a597bd59ee86011ed4882b", Pages, 0) seconds=4.85e-7 stage="build_slot"
2026-09-09T19:50:40.072231Z DEBUG transparent_shard_server::memory: cold build admission wait seconds=2.8005e-5 admitted=true
2026-09-09T19:50:40.102216Z DEBUG transparent_shard_server::service: query stage revision=5b7ee9849d47f5ee67d04eb6ca4588beacf42dce75e5a1b481dfd02607b1fb20 table="pages" seconds=4.918e-6 stage="query_admission"
2026-09-09T19:50:40.102254Z DEBUG transparent_shard_server::service: query stage revision=5b7ee9849d47f5ee67d04eb6ca4588beacf42dce75e5a1b481dfd02607b1fb20 table="pages" seconds=6.472e-6 stage="query_runtime"
2026-09-09T19:50:40.102364Z DEBUG transparent_shard_server::service: query stage revision=5b7ee9849d47f5ee67d04eb6ca4588beacf42dce75e5a1b481dfd02607b1fb20 table="pages" seconds=3.1779e-5 stage="query_dispatch"
2026-09-09T19:50:40.111801Z DEBUG transparent_shard_server::service: query stage revision=5b7ee9849d47f5ee67d04eb6ca4588beacf42dce75e5a1b481dfd02607b1fb20 table="pages" seconds=0.009430283 stage="query_evaluate"
2026-09-09T19:50:40.214960Z DEBUG transparent_shard_server::service: query stage revision=5b7ee9849d47f5ee67d04eb6ca4588beacf42dce75e5a1b481dfd02607b1fb20 table="directory" seconds=2.709e-6 stage="query_admission"
2026-09-09T19:50:40.214999Z DEBUG transparent_shard_server::service: query stage revision=5b7ee9849d47f5ee67d04eb6ca4588beacf42dce75e5a1b481dfd02607b1fb20 table="directory" seconds=5.555e-6 stage="query_runtime"
2026-09-09T19:50:40.215101Z DEBUG transparent_shard_server::service: query stage revision=5b7ee9849d47f5ee67d04eb6ca4588beacf42dce75e5a1b481dfd02607b1fb20 table="directory" seconds=2.4553e-5 stage="query_dispatch"
2026-09-09T19:50:40.224336Z DEBUG transparent_shard_server::service: query stage revision=5b7ee9849d47f5ee67d04eb6ca4588beacf42dce75e5a1b481dfd02607b1fb20 table="directory" seconds=0.009213594 stage="query_evaluate"
2026-09-09T19:50:40.229259Z DEBUG transparent_shard_server::runtime: runtime stage key=("be059aab39ac34125e0452548d6fbcfb1e7cdb7237a597bd59ee86011ed4882b", Pages, 0) seconds=0.157018834 stage="source_load"
2026-09-09T19:50:40.268575Z DEBUG transparent_shard_server::service: query stage revision=5b7ee9849d47f5ee67d04eb6ca4588beacf42dce75e5a1b481dfd02607b1fb20 table="directory" seconds=2.677e-6 stage="query_admission"
2026-09-09T19:50:40.268610Z DEBUG transparent_shard_server::service: query stage revision=5b7ee9849d47f5ee67d04eb6ca4588beacf42dce75e5a1b481dfd02607b1fb20 table="directory" seconds=5.433e-6 stage="query_runtime"
2026-09-09T19:50:40.268676Z DEBUG transparent_shard_server::service: query stage revision=5b7ee9849d47f5ee67d04eb6ca4588beacf42dce75e5a1b481dfd02607b1fb20 table="directory" seconds=2.1992e-5 stage="query_dispatch"
2026-09-09T19:50:40.278487Z DEBUG transparent_shard_server::service: query stage revision=5b7ee9849d47f5ee67d04eb6ca4588beacf42dce75e5a1b481dfd02607b1fb20 table="directory" seconds=0.00977794 stage="query_evaluate"
2026-09-09T19:50:40.382178Z DEBUG transparent_shard_server::service: query stage revision=5b7ee9849d47f5ee67d04eb6ca4588beacf42dce75e5a1b481dfd02607b1fb20 table="pages" seconds=4.863e-6 stage="query_admission"
2026-09-09T19:50:40.382226Z DEBUG transparent_shard_server::service: query stage revision=5b7ee9849d47f5ee67d04eb6ca4588beacf42dce75e5a1b481dfd02607b1fb20 table="pages" seconds=7.74e-6 stage="query_runtime"
2026-09-09T19:50:40.382341Z DEBUG transparent_shard_server::service: query stage revision=5b7ee9849d47f5ee67d04eb6ca4588beacf42dce75e5a1b481dfd02607b1fb20 table="pages" seconds=2.5558e-5 stage="query_dispatch"
2026-09-09T19:50:40.392012Z DEBUG transparent_shard_server::service: query stage revision=5b7ee9849d47f5ee67d04eb6ca4588beacf42dce75e5a1b481dfd02607b1fb20 table="pages" seconds=0.009650876 stage="query_evaluate"
2026-09-09T19:50:40.435108Z DEBUG transparent_shard_server::service: query stage revision=5b7ee9849d47f5ee67d04eb6ca4588beacf42dce75e5a1b481dfd02607b1fb20 table="pages" seconds=2.729e-6 stage="query_admission"
2026-09-09T19:50:40.435144Z DEBUG transparent_shard_server::service: query stage revision=5b7ee9849d47f5ee67d04eb6ca4588beacf42dce75e5a1b481dfd02607b1fb20 table="pages" seconds=5.746e-6 stage="query_runtime"
2026-09-09T19:50:40.435242Z DEBUG transparent_shard_server::service: query stage revision=5b7ee9849d47f5ee67d04eb6ca4588beacf42dce75e5a1b481dfd02607b1fb20 table="pages" seconds=1.1676e-5 stage="query_dispatch"
2026-09-09T19:50:40.444657Z DEBUG transparent_shard_server::service: query stage revision=5b7ee9849d47f5ee67d04eb6ca4588beacf42dce75e5a1b481dfd02607b1fb20 table="pages" seconds=0.009405866 stage="query_evaluate"
2026-09-09T19:50:40.539647Z DEBUG transparent_shard_server::runtime: construction stage geometry="recent-8k" table="pages" seconds=0.31036458 stage="encode_database"
2026-09-09T19:50:40.539753Z DEBUG transparent_shard_server::runtime: construction stage geometry="recent-8k" table="pages" seconds=7.1951e-5 stage="public_setup"
2026-09-09T19:50:40.550458Z DEBUG transparent_shard_server::service: query stage revision=5b7ee9849d47f5ee67d04eb6ca4588beacf42dce75e5a1b481dfd02607b1fb20 table="directory" seconds=4.062e-6 stage="query_admission"
2026-09-09T19:50:40.550495Z DEBUG transparent_shard_server::service: query stage revision=5b7ee9849d47f5ee67d04eb6ca4588beacf42dce75e5a1b481dfd02607b1fb20 table="directory" seconds=5.45e-6 stage="query_runtime"
2026-09-09T19:50:40.550594Z DEBUG transparent_shard_server::service: query stage revision=5b7ee9849d47f5ee67d04eb6ca4588beacf42dce75e5a1b481dfd02607b1fb20 table="directory" seconds=2.3278e-5 stage="query_dispatch"
2026-09-09T19:50:40.605005Z DEBUG transparent_shard_server::service: query stage revision=5b7ee9849d47f5ee67d04eb6ca4588beacf42dce75e5a1b481dfd02607b1fb20 table="directory" seconds=3.235e-6 stage="query_admission"
2026-09-09T19:50:40.605047Z DEBUG transparent_shard_server::service: query stage revision=5b7ee9849d47f5ee67d04eb6ca4588beacf42dce75e5a1b481dfd02607b1fb20 table="directory" seconds=7.272e-6 stage="query_runtime"
2026-09-09T19:50:40.605308Z DEBUG transparent_shard_server::service: query stage revision=5b7ee9849d47f5ee67d04eb6ca4588beacf42dce75e5a1b481dfd02607b1fb20 table="directory" seconds=0.000180181 stage="query_dispatch"
2026-09-09T19:50:41.101393Z DEBUG transparent_shard_server::service: query stage revision=5b7ee9849d47f5ee67d04eb6ca4588beacf42dce75e5a1b481dfd02607b1fb20 table="directory" seconds=0.496068188 stage="query_evaluate"
2026-09-09T19:50:41.101537Z DEBUG transparent_shard_server::runtime: construction stage geometry="recent-8k" table="pages" seconds=0.561778578 stage="hint_columns"
2026-09-09T19:50:41.102107Z DEBUG transparent_shard_server::service: query stage revision=5b7ee9849d47f5ee67d04eb6ca4588beacf42dce75e5a1b481dfd02607b1fb20 table="directory" seconds=0.551507137 stage="query_evaluate"
2026-09-09T19:50:41.257942Z DEBUG transparent_shard_server::service: query stage revision=5b7ee9849d47f5ee67d04eb6ca4588beacf42dce75e5a1b481dfd02607b1fb20 table="pages" seconds=2.817e-6 stage="query_admission"
2026-09-09T19:50:41.257980Z DEBUG transparent_shard_server::service: query stage revision=5b7ee9849d47f5ee67d04eb6ca4588beacf42dce75e5a1b481dfd02607b1fb20 table="pages" seconds=5.412e-6 stage="query_runtime"
2026-09-09T19:50:41.258083Z DEBUG transparent_shard_server::service: query stage revision=5b7ee9849d47f5ee67d04eb6ca4588beacf42dce75e5a1b481dfd02607b1fb20 table="pages" seconds=2.759e-5 stage="query_dispatch"
2026-09-09T19:50:41.266540Z DEBUG transparent_shard_server::service: query stage revision=5b7ee9849d47f5ee67d04eb6ca4588beacf42dce75e5a1b481dfd02607b1fb20 table="pages" seconds=3.319e-6 stage="query_admission"
2026-09-09T19:50:41.266575Z DEBUG transparent_shard_server::service: query stage revision=5b7ee9849d47f5ee67d04eb6ca4588beacf42dce75e5a1b481dfd02607b1fb20 table="pages" seconds=5.496e-6 stage="query_runtime"
2026-09-09T19:50:41.267198Z DEBUG transparent_shard_server::service: query stage revision=5b7ee9849d47f5ee67d04eb6ca4588beacf42dce75e5a1b481dfd02607b1fb20 table="pages" seconds=0.000553179 stage="query_dispatch"
2026-09-09T19:50:41.268094Z DEBUG transparent_shard_server::service: query stage revision=5b7ee9849d47f5ee67d04eb6ca4588beacf42dce75e5a1b481dfd02607b1fb20 table="pages" seconds=0.010004871 stage="query_evaluate"
2026-09-09T19:50:41.276799Z DEBUG transparent_shard_server::service: query stage revision=5b7ee9849d47f5ee67d04eb6ca4588beacf42dce75e5a1b481dfd02607b1fb20 table="pages" seconds=0.009590861 stage="query_evaluate"
2026-09-09T19:50:41.428843Z DEBUG transparent_shard_server::service: query stage revision=5b7ee9849d47f5ee67d04eb6ca4588beacf42dce75e5a1b481dfd02607b1fb20 table="directory" seconds=3.266e-6 stage="query_admission"
2026-09-09T19:50:41.428881Z DEBUG transparent_shard_server::service: query stage revision=5b7ee9849d47f5ee67d04eb6ca4588beacf42dce75e5a1b481dfd02607b1fb20 table="directory" seconds=7.196e-6 stage="query_runtime"
2026-09-09T19:50:41.428984Z DEBUG transparent_shard_server::service: query stage revision=5b7ee9849d47f5ee67d04eb6ca4588beacf42dce75e5a1b481dfd02607b1fb20 table="directory" seconds=2.6401e-5 stage="query_dispatch"
2026-09-09T19:50:41.440509Z DEBUG transparent_shard_server::service: query stage revision=5b7ee9849d47f5ee67d04eb6ca4588beacf42dce75e5a1b481dfd02607b1fb20 table="directory" seconds=0.011507507 stage="query_evaluate"
2026-09-09T19:50:41.440831Z DEBUG transparent_shard_server::service: query stage revision=5b7ee9849d47f5ee67d04eb6ca4588beacf42dce75e5a1b481dfd02607b1fb20 table="directory" seconds=2.113e-6 stage="query_admission"
2026-09-09T19:50:41.440856Z DEBUG transparent_shard_server::service: query stage revision=5b7ee9849d47f5ee67d04eb6ca4588beacf42dce75e5a1b481dfd02607b1fb20 table="directory" seconds=1.5659e-5 stage="query_runtime"
2026-09-09T19:50:41.440959Z DEBUG transparent_shard_server::service: query stage revision=5b7ee9849d47f5ee67d04eb6ca4588beacf42dce75e5a1b481dfd02607b1fb20 table="directory" seconds=2.3679e-5 stage="query_dispatch"
2026-09-09T19:50:41.452890Z DEBUG transparent_shard_server::service: query stage revision=5b7ee9849d47f5ee67d04eb6ca4588beacf42dce75e5a1b481dfd02607b1fb20 table="directory" seconds=0.011922893 stage="query_evaluate"
2026-09-09T19:50:41.599321Z DEBUG transparent_shard_server::service: query stage revision=5b7ee9849d47f5ee67d04eb6ca4588beacf42dce75e5a1b481dfd02607b1fb20 table="pages" seconds=3.132e-6 stage="query_admission"
2026-09-09T19:50:41.599357Z DEBUG transparent_shard_server::service: query stage revision=5b7ee9849d47f5ee67d04eb6ca4588beacf42dce75e5a1b481dfd02607b1fb20 table="pages" seconds=5.224e-6 stage="query_runtime"
2026-09-09T19:50:41.599444Z DEBUG transparent_shard_server::service: query stage revision=5b7ee9849d47f5ee67d04eb6ca4588beacf42dce75e5a1b481dfd02607b1fb20 table="pages" seconds=1.332e-5 stage="query_dispatch"
2026-09-09T19:50:41.609528Z DEBUG transparent_shard_server::service: query stage revision=5b7ee9849d47f5ee67d04eb6ca4588beacf42dce75e5a1b481dfd02607b1fb20 table="pages" seconds=3.288e-6 stage="query_admission"
2026-09-09T19:50:41.609570Z DEBUG transparent_shard_server::service: query stage revision=5b7ee9849d47f5ee67d04eb6ca4588beacf42dce75e5a1b481dfd02607b1fb20 table="pages" seconds=7.367e-6 stage="query_runtime"
2026-09-09T19:50:41.609683Z DEBUG transparent_shard_server::service: query stage revision=5b7ee9849d47f5ee67d04eb6ca4588beacf42dce75e5a1b481dfd02607b1fb20 table="pages" seconds=3.0974e-5 stage="query_dispatch"
2026-09-09T19:50:41.614298Z DEBUG transparent_shard_server::service: query stage revision=5b7ee9849d47f5ee67d04eb6ca4588beacf42dce75e5a1b481dfd02607b1fb20 table="pages" seconds=0.01483718 stage="query_evaluate"
2026-09-09T19:50:41.622547Z DEBUG transparent_shard_server::service: query stage revision=5b7ee9849d47f5ee67d04eb6ca4588beacf42dce75e5a1b481dfd02607b1fb20 table="pages" seconds=0.01284685 stage="query_evaluate"
2026-09-09T19:50:41.776250Z DEBUG transparent_shard_server::service: query stage revision=5b7ee9849d47f5ee67d04eb6ca4588beacf42dce75e5a1b481dfd02607b1fb20 table="directory" seconds=3.155e-6 stage="query_admission"
2026-09-09T19:50:41.776287Z DEBUG transparent_shard_server::service: query stage revision=5b7ee9849d47f5ee67d04eb6ca4588beacf42dce75e5a1b481dfd02607b1fb20 table="directory" seconds=5.226e-6 stage="query_runtime"
2026-09-09T19:50:41.776385Z DEBUG transparent_shard_server::service: query stage revision=5b7ee9849d47f5ee67d04eb6ca4588beacf42dce75e5a1b481dfd02607b1fb20 table="directory" seconds=2.2604e-5 stage="query_dispatch"
2026-09-09T19:50:41.779437Z DEBUG transparent_shard_server::service: query stage revision=5b7ee9849d47f5ee67d04eb6ca4588beacf42dce75e5a1b481dfd02607b1fb20 table="directory" seconds=2.822e-6 stage="query_admission"
2026-09-09T19:50:41.779477Z DEBUG transparent_shard_server::service: query stage revision=5b7ee9849d47f5ee67d04eb6ca4588beacf42dce75e5a1b481dfd02607b1fb20 table="directory" seconds=6.153e-6 stage="query_runtime"
2026-09-09T19:50:41.779580Z DEBUG transparent_shard_server::service: query stage revision=5b7ee9849d47f5ee67d04eb6ca4588beacf42dce75e5a1b481dfd02607b1fb20 table="directory" seconds=1.4137e-5 stage="query_dispatch"
2026-09-09T19:50:41.791013Z DEBUG transparent_shard_server::service: query stage revision=5b7ee9849d47f5ee67d04eb6ca4588beacf42dce75e5a1b481dfd02607b1fb20 table="directory" seconds=0.014608004 stage="query_evaluate"
2026-09-09T19:50:41.799877Z DEBUG transparent_shard_server::service: query stage revision=5b7ee9849d47f5ee67d04eb6ca4588beacf42dce75e5a1b481dfd02607b1fb20 table="directory" seconds=0.020288862 stage="query_evaluate"
2026-09-09T19:50:41.955474Z DEBUG transparent_shard_server::service: query stage revision=5b7ee9849d47f5ee67d04eb6ca4588beacf42dce75e5a1b481dfd02607b1fb20 table="pages" seconds=2.813e-6 stage="query_admission"
2026-09-09T19:50:41.955509Z DEBUG transparent_shard_server::service: query stage revision=5b7ee9849d47f5ee67d04eb6ca4588beacf42dce75e5a1b481dfd02607b1fb20 table="pages" seconds=5.688e-6 stage="query_runtime"
2026-09-09T19:50:41.955853Z DEBUG transparent_shard_server::service: query stage revision=5b7ee9849d47f5ee67d04eb6ca4588beacf42dce75e5a1b481dfd02607b1fb20 table="pages" seconds=1.351e-6 stage="query_admission"
2026-09-09T19:50:41.955866Z DEBUG transparent_shard_server::service: query stage revision=5b7ee9849d47f5ee67d04eb6ca4588beacf42dce75e5a1b481dfd02607b1fb20 table="pages" seconds=3.609e-6 stage="query_runtime"
2026-09-09T19:50:41.958789Z DEBUG transparent_shard_server::service: query stage revision=5b7ee9849d47f5ee67d04eb6ca4588beacf42dce75e5a1b481dfd02607b1fb20 table="pages" seconds=0.003208821 stage="query_dispatch"
2026-09-09T19:50:41.959193Z DEBUG transparent_shard_server::service: query stage revision=5b7ee9849d47f5ee67d04eb6ca4588beacf42dce75e5a1b481dfd02607b1fb20 table="pages" seconds=0.003286197 stage="query_dispatch"
2026-09-09T19:50:41.983699Z DEBUG transparent_shard_server::service: query stage revision=5b7ee9849d47f5ee67d04eb6ca4588beacf42dce75e5a1b481dfd02607b1fb20 table="pages" seconds=0.024892964 stage="query_evaluate"
2026-09-09T19:50:41.983730Z DEBUG transparent_shard_server::service: query stage revision=5b7ee9849d47f5ee67d04eb6ca4588beacf42dce75e5a1b481dfd02607b1fb20 table="pages" seconds=0.024527271 stage="query_evaluate"
2026-09-09T19:50:42.144470Z DEBUG transparent_shard_server::service: query stage revision=5b7ee9849d47f5ee67d04eb6ca4588beacf42dce75e5a1b481dfd02607b1fb20 table="directory" seconds=2.351e-6 stage="query_admission"
2026-09-09T19:50:42.144538Z DEBUG transparent_shard_server::service: query stage revision=5b7ee9849d47f5ee67d04eb6ca4588beacf42dce75e5a1b481dfd02607b1fb20 table="directory" seconds=5.646e-6 stage="query_runtime"
2026-09-09T19:50:42.144749Z DEBUG transparent_shard_server::service: query stage revision=5b7ee9849d47f5ee67d04eb6ca4588beacf42dce75e5a1b481dfd02607b1fb20 table="directory" seconds=1.421e-6 stage="query_admission"
2026-09-09T19:50:42.144759Z DEBUG transparent_shard_server::service: query stage revision=5b7ee9849d47f5ee67d04eb6ca4588beacf42dce75e5a1b481dfd02607b1fb20 table="directory" seconds=2.834e-6 stage="query_runtime"
2026-09-09T19:50:42.148188Z DEBUG transparent_shard_server::service: query stage revision=5b7ee9849d47f5ee67d04eb6ca4588beacf42dce75e5a1b481dfd02607b1fb20 table="directory" seconds=0.003583901 stage="query_dispatch"
2026-09-09T19:50:42.149356Z DEBUG transparent_shard_server::service: query stage revision=5b7ee9849d47f5ee67d04eb6ca4588beacf42dce75e5a1b481dfd02607b1fb20 table="directory" seconds=0.00456461 stage="query_dispatch"
2026-09-09T19:50:42.215682Z DEBUG transparent_shard_server::service: query stage revision=5b7ee9849d47f5ee67d04eb6ca4588beacf42dce75e5a1b481dfd02607b1fb20 table="directory" seconds=0.06747128 stage="query_evaluate"
2026-09-09T19:50:42.216596Z DEBUG transparent_shard_server::service: query stage revision=5b7ee9849d47f5ee67d04eb6ca4588beacf42dce75e5a1b481dfd02607b1fb20 table="directory" seconds=0.067218865 stage="query_evaluate"
2026-09-09T19:50:42.372377Z DEBUG transparent_shard_server::service: query stage revision=5b7ee9849d47f5ee67d04eb6ca4588beacf42dce75e5a1b481dfd02607b1fb20 table="pages" seconds=2.953e-6 stage="query_admission"
2026-09-09T19:50:42.372413Z DEBUG transparent_shard_server::service: query stage revision=5b7ee9849d47f5ee67d04eb6ca4588beacf42dce75e5a1b481dfd02607b1fb20 table="pages" seconds=4.916e-6 stage="query_runtime"
2026-09-09T19:50:42.372533Z DEBUG transparent_shard_server::service: query stage revision=5b7ee9849d47f5ee67d04eb6ca4588beacf42dce75e5a1b481dfd02607b1fb20 table="pages" seconds=1.518e-6 stage="query_admission"
2026-09-09T19:50:42.372553Z DEBUG transparent_shard_server::service: query stage revision=5b7ee9849d47f5ee67d04eb6ca4588beacf42dce75e5a1b481dfd02607b1fb20 table="pages" seconds=3.203e-6 stage="query_runtime"
2026-09-09T19:50:42.372621Z DEBUG transparent_shard_server::service: query stage revision=5b7ee9849d47f5ee67d04eb6ca4588beacf42dce75e5a1b481dfd02607b1fb20 table="pages" seconds=9.2748e-5 stage="query_dispatch"
2026-09-09T19:50:42.375767Z DEBUG transparent_shard_server::service: query stage revision=5b7ee9849d47f5ee67d04eb6ca4588beacf42dce75e5a1b481dfd02607b1fb20 table="pages" seconds=0.003152471 stage="query_dispatch"
2026-09-09T19:50:42.395393Z DEBUG transparent_shard_server::service: query stage revision=5b7ee9849d47f5ee67d04eb6ca4588beacf42dce75e5a1b481dfd02607b1fb20 table="pages" seconds=0.022764159 stage="query_evaluate"
2026-09-09T19:50:42.395393Z DEBUG transparent_shard_server::service: query stage revision=5b7ee9849d47f5ee67d04eb6ca4588beacf42dce75e5a1b481dfd02607b1fb20 table="pages" seconds=0.019591341 stage="query_evaluate"
2026-09-09T19:50:42.553632Z DEBUG transparent_shard_server::service: query stage revision=5b7ee9849d47f5ee67d04eb6ca4588beacf42dce75e5a1b481dfd02607b1fb20 table="directory" seconds=2.923e-6 stage="query_admission"
2026-09-09T19:50:42.553668Z DEBUG transparent_shard_server::service: query stage revision=5b7ee9849d47f5ee67d04eb6ca4588beacf42dce75e5a1b481dfd02607b1fb20 table="directory" seconds=5.227e-6 stage="query_runtime"
2026-09-09T19:50:42.553671Z DEBUG transparent_shard_server::service: query stage revision=5b7ee9849d47f5ee67d04eb6ca4588beacf42dce75e5a1b481dfd02607b1fb20 table="directory" seconds=2.018e-6 stage="query_admission"
2026-09-09T19:50:42.553715Z DEBUG transparent_shard_server::service: query stage revision=5b7ee9849d47f5ee67d04eb6ca4588beacf42dce75e5a1b481dfd02607b1fb20 table="directory" seconds=4.564e-6 stage="query_runtime"
2026-09-09T19:50:42.553753Z DEBUG transparent_shard_server::service: query stage revision=5b7ee9849d47f5ee67d04eb6ca4588beacf42dce75e5a1b481dfd02607b1fb20 table="directory" seconds=2.1935e-5 stage="query_dispatch"
2026-09-09T19:50:42.554200Z DEBUG transparent_shard_server::service: query stage revision=5b7ee9849d47f5ee67d04eb6ca4588beacf42dce75e5a1b481dfd02607b1fb20 table="directory" seconds=1.3673e-5 stage="query_dispatch"
2026-09-09T19:50:42.568401Z DEBUG transparent_shard_server::service: query stage revision=5b7ee9849d47f5ee67d04eb6ca4588beacf42dce75e5a1b481dfd02607b1fb20 table="directory" seconds=0.014185869 stage="query_evaluate"
2026-09-09T19:50:42.577427Z DEBUG transparent_shard_server::service: query stage revision=5b7ee9849d47f5ee67d04eb6ca4588beacf42dce75e5a1b481dfd02607b1fb20 table="directory" seconds=0.023667641 stage="query_evaluate"
2026-09-09T19:50:42.728354Z DEBUG transparent_shard_server::service: query stage revision=5b7ee9849d47f5ee67d04eb6ca4588beacf42dce75e5a1b481dfd02607b1fb20 table="pages" seconds=3.13e-6 stage="query_admission"
2026-09-09T19:50:42.728392Z DEBUG transparent_shard_server::service: query stage revision=5b7ee9849d47f5ee67d04eb6ca4588beacf42dce75e5a1b481dfd02607b1fb20 table="pages" seconds=7.135e-6 stage="query_runtime"
2026-09-09T19:50:42.728492Z DEBUG transparent_shard_server::service: query stage revision=5b7ee9849d47f5ee67d04eb6ca4588beacf42dce75e5a1b481dfd02607b1fb20 table="pages" seconds=2.2958e-5 stage="query_dispatch"
2026-09-09T19:50:42.734189Z DEBUG transparent_shard_server::service: query stage revision=5b7ee9849d47f5ee67d04eb6ca4588beacf42dce75e5a1b481dfd02607b1fb20 table="pages" seconds=3.404e-6 stage="query_admission"
2026-09-09T19:50:42.734223Z DEBUG transparent_shard_server::service: query stage revision=5b7ee9849d47f5ee67d04eb6ca4588beacf42dce75e5a1b481dfd02607b1fb20 table="pages" seconds=6.541e-6 stage="query_runtime"
2026-09-09T19:50:42.734319Z DEBUG transparent_shard_server::service: query stage revision=5b7ee9849d47f5ee67d04eb6ca4588beacf42dce75e5a1b481dfd02607b1fb20 table="pages" seconds=2.1091e-5 stage="query_dispatch"
2026-09-09T19:50:42.741177Z DEBUG transparent_shard_server::service: query stage revision=5b7ee9849d47f5ee67d04eb6ca4588beacf42dce75e5a1b481dfd02607b1fb20 table="pages" seconds=0.01267779 stage="query_evaluate"
2026-09-09T19:50:42.752245Z DEBUG transparent_shard_server::service: query stage revision=5b7ee9849d47f5ee67d04eb6ca4588beacf42dce75e5a1b481dfd02607b1fb20 table="pages" seconds=0.017905218 stage="query_evaluate"
2026-09-09T19:50:42.899553Z DEBUG transparent_shard_server::service: query stage revision=5b7ee9849d47f5ee67d04eb6ca4588beacf42dce75e5a1b481dfd02607b1fb20 table="directory" seconds=3.558e-6 stage="query_admission"
2026-09-09T19:50:42.899591Z DEBUG transparent_shard_server::service: query stage revision=5b7ee9849d47f5ee67d04eb6ca4588beacf42dce75e5a1b481dfd02607b1fb20 table="directory" seconds=6.574e-6 stage="query_runtime"
2026-09-09T19:50:42.899686Z DEBUG transparent_shard_server::service: query stage revision=5b7ee9849d47f5ee67d04eb6ca4588beacf42dce75e5a1b481dfd02607b1fb20 table="directory" seconds=2.1985e-5 stage="query_dispatch"
2026-09-09T19:50:42.911406Z DEBUG transparent_shard_server::service: query stage revision=5b7ee9849d47f5ee67d04eb6ca4588beacf42dce75e5a1b481dfd02607b1fb20 table="directory" seconds=3.126e-6 stage="query_admission"
2026-09-09T19:50:42.911440Z DEBUG transparent_shard_server::service: query stage revision=5b7ee9849d47f5ee67d04eb6ca4588beacf42dce75e5a1b481dfd02607b1fb20 table="directory" seconds=6.034e-6 stage="query_runtime"
2026-09-09T19:50:42.911578Z DEBUG transparent_shard_server::service: query stage revision=5b7ee9849d47f5ee67d04eb6ca4588beacf42dce75e5a1b481dfd02607b1fb20 table="directory" seconds=2.6188e-5 stage="query_dispatch"
2026-09-09T19:50:42.912075Z DEBUG transparent_shard_server::service: query stage revision=5b7ee9849d47f5ee67d04eb6ca4588beacf42dce75e5a1b481dfd02607b1fb20 table="directory" seconds=0.012384043 stage="query_evaluate"
2026-09-09T19:50:42.923998Z DEBUG transparent_shard_server::service: query stage revision=5b7ee9849d47f5ee67d04eb6ca4588beacf42dce75e5a1b481dfd02607b1fb20 table="directory" seconds=0.01240205 stage="query_evaluate"
2026-09-09T19:50:43.071786Z DEBUG transparent_shard_server::service: query stage revision=5b7ee9849d47f5ee67d04eb6ca4588beacf42dce75e5a1b481dfd02607b1fb20 table="pages" seconds=2.936e-6 stage="query_admission"
2026-09-09T19:50:43.071821Z DEBUG transparent_shard_server::service: query stage revision=5b7ee9849d47f5ee67d04eb6ca4588beacf42dce75e5a1b481dfd02607b1fb20 table="pages" seconds=4.345e-6 stage="query_runtime"
2026-09-09T19:50:43.072206Z DEBUG transparent_shard_server::service: query stage revision=5b7ee9849d47f5ee67d04eb6ca4588beacf42dce75e5a1b481dfd02607b1fb20 table="pages" seconds=0.000343546 stage="query_dispatch"
2026-09-09T19:50:43.083550Z DEBUG transparent_shard_server::service: query stage revision=5b7ee9849d47f5ee67d04eb6ca4588beacf42dce75e5a1b481dfd02607b1fb20 table="pages" seconds=2.993e-6 stage="query_admission"
2026-09-09T19:50:43.083582Z DEBUG transparent_shard_server::service: query stage revision=5b7ee9849d47f5ee67d04eb6ca4588beacf42dce75e5a1b481dfd02607b1fb20 table="pages" seconds=5.104e-6 stage="query_runtime"
2026-09-09T19:50:43.083669Z DEBUG transparent_shard_server::service: query stage revision=5b7ee9849d47f5ee67d04eb6ca4588beacf42dce75e5a1b481dfd02607b1fb20 table="pages" seconds=2.194e-5 stage="query_dispatch"
2026-09-09T19:50:43.085560Z DEBUG transparent_shard_server::service: query stage revision=5b7ee9849d47f5ee67d04eb6ca4588beacf42dce75e5a1b481dfd02607b1fb20 table="pages" seconds=0.013328689 stage="query_evaluate"
2026-09-09T19:50:43.096783Z DEBUG transparent_shard_server::service: query stage revision=5b7ee9849d47f5ee67d04eb6ca4588beacf42dce75e5a1b481dfd02607b1fb20 table="pages" seconds=0.013108668 stage="query_evaluate"
2026-09-09T19:50:43.161208Z DEBUG transparent_shard_server::runtime: construction stage geometry="recent-8k" table="pages" seconds=2.059650423 stage="pack_preprocessing"
2026-09-09T19:50:43.161510Z DEBUG transparent_shard_server::runtime: construction stage geometry="recent-8k" table="pages" seconds=0.000266486 stage="publish_parameters"
2026-09-09T19:50:43.162385Z DEBUG transparent_shard_server::runtime: runtime stage key=("be059aab39ac34125e0452548d6fbcfb1e7cdb7237a597bd59ee86011ed4882b", Pages, 0) seconds=2.933103361 stage="runtime_build"
2026-09-09T19:50:43.162422Z DEBUG transparent_shard_server::runtime: runtime stage key=("be059aab39ac34125e0452548d6fbcfb1e7cdb7237a597bd59ee86011ed4882b", Pages, 0) reserved_bytes=136314880 stage="serialization_handoff"
2026-09-09T19:50:43.162460Z DEBUG transparent_shard_server::runtime: runtime stage key=("be059aab39ac34125e0452548d6fbcfb1e7cdb7237a597bd59ee86011ed4882b", Directory, 0) seconds=3.090241025 stage="build_slot"
2026-09-09T19:50:43.162561Z DEBUG transparent_shard_server::memory: cold build admission wait seconds=7.9539e-5 admitted=true
2026-09-09T19:50:43.241904Z DEBUG transparent_shard_server::service: query stage revision=5b7ee9849d47f5ee67d04eb6ca4588beacf42dce75e5a1b481dfd02607b1fb20 table="directory" seconds=2.737e-6 stage="query_admission"
2026-09-09T19:50:43.241933Z DEBUG transparent_shard_server::service: query stage revision=5b7ee9849d47f5ee67d04eb6ca4588beacf42dce75e5a1b481dfd02607b1fb20 table="directory" seconds=4.814e-6 stage="query_runtime"
2026-09-09T19:50:43.242033Z DEBUG transparent_shard_server::service: query stage revision=5b7ee9849d47f5ee67d04eb6ca4588beacf42dce75e5a1b481dfd02607b1fb20 table="directory" seconds=2.5585e-5 stage="query_dispatch"
2026-09-09T19:50:43.254738Z DEBUG transparent_shard_server::service: query stage revision=5b7ee9849d47f5ee67d04eb6ca4588beacf42dce75e5a1b481dfd02607b1fb20 table="directory" seconds=2.257e-6 stage="query_admission"
2026-09-09T19:50:43.254765Z DEBUG transparent_shard_server::service: query stage revision=5b7ee9849d47f5ee67d04eb6ca4588beacf42dce75e5a1b481dfd02607b1fb20 table="directory" seconds=5.193e-6 stage="query_runtime"
2026-09-09T19:50:43.254970Z DEBUG transparent_shard_server::service: query stage revision=5b7ee9849d47f5ee67d04eb6ca4588beacf42dce75e5a1b481dfd02607b1fb20 table="directory" seconds=0.000134149 stage="query_dispatch"
2026-09-09T19:50:43.266818Z DEBUG transparent_shard_server::service: query stage revision=5b7ee9849d47f5ee67d04eb6ca4588beacf42dce75e5a1b481dfd02607b1fb20 table="directory" seconds=0.011837583 stage="query_evaluate"
2026-09-09T19:50:43.267464Z DEBUG transparent_shard_server::service: query stage revision=5b7ee9849d47f5ee67d04eb6ca4588beacf42dce75e5a1b481dfd02607b1fb20 table="directory" seconds=0.025415957 stage="query_evaluate"
2026-09-09T19:50:43.326204Z DEBUG transparent_shard_server::runtime: runtime stage key=("be059aab39ac34125e0452548d6fbcfb1e7cdb7237a597bd59ee86011ed4882b", Directory, 0) seconds=0.163602954 stage="source_load"
2026-09-09T19:50:43.422911Z DEBUG transparent_shard_server::service: query stage revision=5b7ee9849d47f5ee67d04eb6ca4588beacf42dce75e5a1b481dfd02607b1fb20 table="pages" seconds=2.364e-6 stage="query_admission"
2026-09-09T19:50:43.422942Z DEBUG transparent_shard_server::service: query stage revision=5b7ee9849d47f5ee67d04eb6ca4588beacf42dce75e5a1b481dfd02607b1fb20 table="pages" seconds=4.57e-6 stage="query_runtime"
2026-09-09T19:50:43.423029Z DEBUG transparent_shard_server::service: query stage revision=5b7ee9849d47f5ee67d04eb6ca4588beacf42dce75e5a1b481dfd02607b1fb20 table="pages" seconds=1.3131e-5 stage="query_dispatch"
2026-09-09T19:50:43.426903Z DEBUG transparent_shard_server::service: query stage revision=5b7ee9849d47f5ee67d04eb6ca4588beacf42dce75e5a1b481dfd02607b1fb20 table="pages" seconds=3.385e-6 stage="query_admission"
2026-09-09T19:50:43.426934Z DEBUG transparent_shard_server::service: query stage revision=5b7ee9849d47f5ee67d04eb6ca4588beacf42dce75e5a1b481dfd02607b1fb20 table="pages" seconds=5.283e-6 stage="query_runtime"
2026-09-09T19:50:43.427030Z DEBUG transparent_shard_server::service: query stage revision=5b7ee9849d47f5ee67d04eb6ca4588beacf42dce75e5a1b481dfd02607b1fb20 table="pages" seconds=2.1672e-5 stage="query_dispatch"
2026-09-09T19:50:43.441913Z DEBUG transparent_shard_server::service: query stage revision=5b7ee9849d47f5ee67d04eb6ca4588beacf42dce75e5a1b481dfd02607b1fb20 table="pages" seconds=0.018876133 stage="query_evaluate"
2026-09-09T19:50:43.452846Z DEBUG transparent_shard_server::service: query stage revision=5b7ee9849d47f5ee67d04eb6ca4588beacf42dce75e5a1b481dfd02607b1fb20 table="pages" seconds=0.025808965 stage="query_evaluate"
2026-09-09T19:50:43.598940Z DEBUG transparent_shard_server::service: query stage revision=5b7ee9849d47f5ee67d04eb6ca4588beacf42dce75e5a1b481dfd02607b1fb20 table="directory" seconds=3.417e-6 stage="query_admission"
2026-09-09T19:50:43.598977Z DEBUG transparent_shard_server::service: query stage revision=5b7ee9849d47f5ee67d04eb6ca4588beacf42dce75e5a1b481dfd02607b1fb20 table="directory" seconds=6.157e-6 stage="query_runtime"
2026-09-09T19:50:43.599080Z DEBUG transparent_shard_server::service: query stage revision=5b7ee9849d47f5ee67d04eb6ca4588beacf42dce75e5a1b481dfd02607b1fb20 table="directory" seconds=2.4318e-5 stage="query_dispatch"
2026-09-09T19:50:43.612068Z DEBUG transparent_shard_server::service: query stage revision=5b7ee9849d47f5ee67d04eb6ca4588beacf42dce75e5a1b481dfd02607b1fb20 table="directory" seconds=2.382e-6 stage="query_admission"
2026-09-09T19:50:43.612099Z DEBUG transparent_shard_server::service: query stage revision=5b7ee9849d47f5ee67d04eb6ca4588beacf42dce75e5a1b481dfd02607b1fb20 table="directory" seconds=4.198e-6 stage="query_runtime"
2026-09-09T19:50:43.612201Z DEBUG transparent_shard_server::service: query stage revision=5b7ee9849d47f5ee67d04eb6ca4588beacf42dce75e5a1b481dfd02607b1fb20 table="directory" seconds=3.1093e-5 stage="query_dispatch"
2026-09-09T19:50:43.614816Z DEBUG transparent_shard_server::service: query stage revision=5b7ee9849d47f5ee67d04eb6ca4588beacf42dce75e5a1b481dfd02607b1fb20 table="directory" seconds=0.015728257 stage="query_evaluate"
2026-09-09T19:50:43.628342Z DEBUG transparent_shard_server::service: query stage revision=5b7ee9849d47f5ee67d04eb6ca4588beacf42dce75e5a1b481dfd02607b1fb20 table="directory" seconds=0.016123162 stage="query_evaluate"
2026-09-09T19:50:43.632923Z DEBUG transparent_shard_server::runtime: construction stage geometry="recent-8k" table="directory" seconds=0.306684979 stage="encode_database"
2026-09-09T19:50:43.633019Z DEBUG transparent_shard_server::runtime: construction stage geometry="recent-8k" table="directory" seconds=7.1616e-5 stage="public_setup"
2026-09-09T19:50:43.777622Z DEBUG transparent_shard_server::service: query stage revision=5b7ee9849d47f5ee67d04eb6ca4588beacf42dce75e5a1b481dfd02607b1fb20 table="pages" seconds=2.315e-6 stage="query_admission"
2026-09-09T19:50:43.777651Z DEBUG transparent_shard_server::service: query stage revision=5b7ee9849d47f5ee67d04eb6ca4588beacf42dce75e5a1b481dfd02607b1fb20 table="pages" seconds=4.262e-6 stage="query_runtime"
2026-09-09T19:50:43.777754Z DEBUG transparent_shard_server::service: query stage revision=5b7ee9849d47f5ee67d04eb6ca4588beacf42dce75e5a1b481dfd02607b1fb20 table="pages" seconds=2.5043e-5 stage="query_dispatch"
2026-09-09T19:50:43.786384Z DEBUG transparent_shard_server::service: query stage revision=5b7ee9849d47f5ee67d04eb6ca4588beacf42dce75e5a1b481dfd02607b1fb20 table="pages" seconds=2.293e-6 stage="query_admission"
2026-09-09T19:50:43.786409Z DEBUG transparent_shard_server::service: query stage revision=5b7ee9849d47f5ee67d04eb6ca4588beacf42dce75e5a1b481dfd02607b1fb20 table="pages" seconds=4.032e-6 stage="query_runtime"
2026-09-09T19:50:43.786495Z DEBUG transparent_shard_server::service: query stage revision=5b7ee9849d47f5ee67d04eb6ca4588beacf42dce75e5a1b481dfd02607b1fb20 table="pages" seconds=2.0289e-5 stage="query_dispatch"
2026-09-09T19:50:43.983195Z DEBUG transparent_shard_server::runtime: runtime stage key=("be059aab39ac34125e0452548d6fbcfb1e7cdb7237a597bd59ee86011ed4882b", Pages, 0) seconds=0.820766158 stage="disk_save"
2026-09-09T19:50:44.244312Z DEBUG transparent_shard_server::service: query stage revision=5b7ee9849d47f5ee67d04eb6ca4588beacf42dce75e5a1b481dfd02607b1fb20 table="pages" seconds=0.457809964 stage="query_evaluate"
2026-09-09T19:50:44.249632Z DEBUG transparent_shard_server::service: query stage revision=5b7ee9849d47f5ee67d04eb6ca4588beacf42dce75e5a1b481dfd02607b1fb20 table="pages" seconds=0.471870605 stage="query_evaluate"
2026-09-09T19:50:44.249920Z DEBUG transparent_shard_server::runtime: construction stage geometry="recent-8k" table="directory" seconds=0.616896041 stage="hint_columns"
2026-09-09T19:50:44.405152Z DEBUG transparent_shard_server::service: query stage revision=5b7ee9849d47f5ee67d04eb6ca4588beacf42dce75e5a1b481dfd02607b1fb20 table="directory" seconds=3.482e-6 stage="query_admission"
2026-09-09T19:50:44.405206Z DEBUG transparent_shard_server::service: query stage revision=5b7ee9849d47f5ee67d04eb6ca4588beacf42dce75e5a1b481dfd02607b1fb20 table="directory" seconds=6.986e-6 stage="query_runtime"
2026-09-09T19:50:44.405341Z DEBUG transparent_shard_server::service: query stage revision=5b7ee9849d47f5ee67d04eb6ca4588beacf42dce75e5a1b481dfd02607b1fb20 table="directory" seconds=5.0654e-5 stage="query_dispatch"
2026-09-09T19:50:44.405445Z DEBUG transparent_shard_server::service: query stage revision=5b7ee9849d47f5ee67d04eb6ca4588beacf42dce75e5a1b481dfd02607b1fb20 table="directory" seconds=1.407e-6 stage="query_admission"
2026-09-09T19:50:44.405454Z DEBUG transparent_shard_server::service: query stage revision=5b7ee9849d47f5ee67d04eb6ca4588beacf42dce75e5a1b481dfd02607b1fb20 table="directory" seconds=2.254e-6 stage="query_runtime"
2026-09-09T19:50:44.405504Z DEBUG transparent_shard_server::service: query stage revision=5b7ee9849d47f5ee67d04eb6ca4588beacf42dce75e5a1b481dfd02607b1fb20 table="directory" seconds=1.2954e-5 stage="query_dispatch"
2026-09-09T19:50:44.421087Z DEBUG transparent_shard_server::service: query stage revision=5b7ee9849d47f5ee67d04eb6ca4588beacf42dce75e5a1b481dfd02607b1fb20 table="directory" seconds=0.015724148 stage="query_evaluate"
2026-09-09T19:50:44.421085Z DEBUG transparent_shard_server::service: query stage revision=5b7ee9849d47f5ee67d04eb6ca4588beacf42dce75e5a1b481dfd02607b1fb20 table="directory" seconds=0.015560298 stage="query_evaluate"
2026-09-09T19:50:44.579708Z DEBUG transparent_shard_server::service: query stage revision=5b7ee9849d47f5ee67d04eb6ca4588beacf42dce75e5a1b481dfd02607b1fb20 table="pages" seconds=2.773e-6 stage="query_admission"
2026-09-09T19:50:44.579745Z DEBUG transparent_shard_server::service: query stage revision=5b7ee9849d47f5ee67d04eb6ca4588beacf42dce75e5a1b481dfd02607b1fb20 table="pages" seconds=6.106e-6 stage="query_runtime"
2026-09-09T19:50:44.579834Z DEBUG transparent_shard_server::service: query stage revision=5b7ee9849d47f5ee67d04eb6ca4588beacf42dce75e5a1b481dfd02607b1fb20 table="pages" seconds=1.279e-5 stage="query_dispatch"
2026-09-09T19:50:44.580420Z DEBUG transparent_shard_server::service: query stage revision=5b7ee9849d47f5ee67d04eb6ca4588beacf42dce75e5a1b481dfd02607b1fb20 table="pages" seconds=1.771e-6 stage="query_admission"
2026-09-09T19:50:44.580436Z DEBUG transparent_shard_server::service: query stage revision=5b7ee9849d47f5ee67d04eb6ca4588beacf42dce75e5a1b481dfd02607b1fb20 table="pages" seconds=2.503e-6 stage="query_runtime"
2026-09-09T19:50:44.580535Z DEBUG transparent_shard_server::service: query stage revision=5b7ee9849d47f5ee67d04eb6ca4588beacf42dce75e5a1b481dfd02607b1fb20 table="pages" seconds=5.2696e-5 stage="query_dispatch"
2026-09-09T19:50:44.595878Z DEBUG transparent_shard_server::service: query stage revision=5b7ee9849d47f5ee67d04eb6ca4588beacf42dce75e5a1b481dfd02607b1fb20 table="pages" seconds=0.016035852 stage="query_evaluate"
2026-09-09T19:50:44.595902Z DEBUG transparent_shard_server::service: query stage revision=5b7ee9849d47f5ee67d04eb6ca4588beacf42dce75e5a1b481dfd02607b1fb20 table="pages" seconds=0.015338018 stage="query_evaluate"
2026-09-09T19:50:44.752327Z DEBUG transparent_shard_server::service: query stage revision=5b7ee9849d47f5ee67d04eb6ca4588beacf42dce75e5a1b481dfd02607b1fb20 table="directory" seconds=3.004e-6 stage="query_admission"
2026-09-09T19:50:44.752363Z DEBUG transparent_shard_server::service: query stage revision=5b7ee9849d47f5ee67d04eb6ca4588beacf42dce75e5a1b481dfd02607b1fb20 table="directory" seconds=5.403e-6 stage="query_runtime"
2026-09-09T19:50:44.752568Z DEBUG transparent_shard_server::service: query stage revision=5b7ee9849d47f5ee67d04eb6ca4588beacf42dce75e5a1b481dfd02607b1fb20 table="directory" seconds=9.85e-7 stage="query_admission"
2026-09-09T19:50:44.752576Z DEBUG transparent_shard_server::service: query stage revision=5b7ee9849d47f5ee67d04eb6ca4588beacf42dce75e5a1b481dfd02607b1fb20 table="directory" seconds=2.199e-6 stage="query_runtime"
2026-09-09T19:50:44.752618Z DEBUG transparent_shard_server::service: query stage revision=5b7ee9849d47f5ee67d04eb6ca4588beacf42dce75e5a1b481dfd02607b1fb20 table="directory" seconds=0.000187958 stage="query_dispatch"
2026-09-09T19:50:44.753066Z DEBUG transparent_shard_server::service: query stage revision=5b7ee9849d47f5ee67d04eb6ca4588beacf42dce75e5a1b481dfd02607b1fb20 table="directory" seconds=0.00045491 stage="query_dispatch"
2026-09-09T19:50:44.763715Z DEBUG transparent_shard_server::service: query stage revision=5b7ee9849d47f5ee67d04eb6ca4588beacf42dce75e5a1b481dfd02607b1fb20 table="directory" seconds=0.01108889 stage="query_evaluate"
2026-09-09T19:50:44.769909Z DEBUG transparent_shard_server::service: query stage revision=5b7ee9849d47f5ee67d04eb6ca4588beacf42dce75e5a1b481dfd02607b1fb20 table="directory" seconds=0.016817507 stage="query_evaluate"
2026-09-09T19:50:44.922877Z DEBUG transparent_shard_server::service: query stage revision=5b7ee9849d47f5ee67d04eb6ca4588beacf42dce75e5a1b481dfd02607b1fb20 table="pages" seconds=2.834e-6 stage="query_admission"
2026-09-09T19:50:44.922922Z DEBUG transparent_shard_server::service: query stage revision=5b7ee9849d47f5ee67d04eb6ca4588beacf42dce75e5a1b481dfd02607b1fb20 table="pages" seconds=6.002e-6 stage="query_runtime"
2026-09-09T19:50:44.923020Z DEBUG transparent_shard_server::service: query stage revision=5b7ee9849d47f5ee67d04eb6ca4588beacf42dce75e5a1b481dfd02607b1fb20 table="pages" seconds=2.4252e-5 stage="query_dispatch"
2026-09-09T19:50:44.928566Z DEBUG transparent_shard_server::service: query stage revision=5b7ee9849d47f5ee67d04eb6ca4588beacf42dce75e5a1b481dfd02607b1fb20 table="pages" seconds=2.384e-6 stage="query_admission"
2026-09-09T19:50:44.928597Z DEBUG transparent_shard_server::service: query stage revision=5b7ee9849d47f5ee67d04eb6ca4588beacf42dce75e5a1b481dfd02607b1fb20 table="pages" seconds=5.54e-6 stage="query_runtime"
2026-09-09T19:50:44.928685Z DEBUG transparent_shard_server::service: query stage revision=5b7ee9849d47f5ee67d04eb6ca4588beacf42dce75e5a1b481dfd02607b1fb20 table="pages" seconds=1.279e-5 stage="query_dispatch"
2026-09-09T19:50:44.934101Z DEBUG transparent_shard_server::service: query stage revision=5b7ee9849d47f5ee67d04eb6ca4588beacf42dce75e5a1b481dfd02607b1fb20 table="pages" seconds=0.011063725 stage="query_evaluate"
2026-09-09T19:50:44.939902Z DEBUG transparent_shard_server::service: query stage revision=5b7ee9849d47f5ee67d04eb6ca4588beacf42dce75e5a1b481dfd02607b1fb20 table="pages" seconds=0.011210732 stage="query_evaluate"
2026-09-09T19:50:45.095291Z DEBUG transparent_shard_server::service: query stage revision=5b7ee9849d47f5ee67d04eb6ca4588beacf42dce75e5a1b481dfd02607b1fb20 table="directory" seconds=3.239e-6 stage="query_admission"
2026-09-09T19:50:45.095333Z DEBUG transparent_shard_server::service: query stage revision=5b7ee9849d47f5ee67d04eb6ca4588beacf42dce75e5a1b481dfd02607b1fb20 table="directory" seconds=6.92e-6 stage="query_runtime"
2026-09-09T19:50:45.095435Z DEBUG transparent_shard_server::service: query stage revision=5b7ee9849d47f5ee67d04eb6ca4588beacf42dce75e5a1b481dfd02607b1fb20 table="directory" seconds=2.1335e-5 stage="query_dispatch"
2026-09-09T19:50:45.101278Z DEBUG transparent_shard_server::service: query stage revision=5b7ee9849d47f5ee67d04eb6ca4588beacf42dce75e5a1b481dfd02607b1fb20 table="directory" seconds=2.529e-6 stage="query_admission"
2026-09-09T19:50:45.101311Z DEBUG transparent_shard_server::service: query stage revision=5b7ee9849d47f5ee67d04eb6ca4588beacf42dce75e5a1b481dfd02607b1fb20 table="directory" seconds=4.952e-6 stage="query_runtime"
2026-09-09T19:50:45.101387Z DEBUG transparent_shard_server::service: query stage revision=5b7ee9849d47f5ee67d04eb6ca4588beacf42dce75e5a1b481dfd02607b1fb20 table="directory" seconds=1.1202e-5 stage="query_dispatch"
2026-09-09T19:50:45.154697Z DEBUG transparent_shard_server::service: query stage revision=5b7ee9849d47f5ee67d04eb6ca4588beacf42dce75e5a1b481dfd02607b1fb20 table="directory" seconds=0.059242061 stage="query_evaluate"
2026-09-09T19:50:45.155356Z DEBUG transparent_shard_server::service: query stage revision=5b7ee9849d47f5ee67d04eb6ca4588beacf42dce75e5a1b481dfd02607b1fb20 table="directory" seconds=0.053963274 stage="query_evaluate"
2026-09-09T19:50:45.312497Z DEBUG transparent_shard_server::service: query stage revision=5b7ee9849d47f5ee67d04eb6ca4588beacf42dce75e5a1b481dfd02607b1fb20 table="pages" seconds=3.407e-6 stage="query_admission"
2026-09-09T19:50:45.312533Z DEBUG transparent_shard_server::service: query stage revision=5b7ee9849d47f5ee67d04eb6ca4588beacf42dce75e5a1b481dfd02607b1fb20 table="pages" seconds=5.16e-6 stage="query_runtime"
2026-09-09T19:50:45.312696Z DEBUG transparent_shard_server::service: query stage revision=5b7ee9849d47f5ee67d04eb6ca4588beacf42dce75e5a1b481dfd02607b1fb20 table="pages" seconds=9.97e-7 stage="query_admission"
2026-09-09T19:50:45.312705Z DEBUG transparent_shard_server::service: query stage revision=5b7ee9849d47f5ee67d04eb6ca4588beacf42dce75e5a1b481dfd02607b1fb20 table="pages" seconds=3.439e-6 stage="query_runtime"
2026-09-09T19:50:45.312776Z DEBUG transparent_shard_server::service: query stage revision=5b7ee9849d47f5ee67d04eb6ca4588beacf42dce75e5a1b481dfd02607b1fb20 table="pages" seconds=0.000165428 stage="query_dispatch"
2026-09-09T19:50:45.313157Z DEBUG transparent_shard_server::service: query stage revision=5b7ee9849d47f5ee67d04eb6ca4588beacf42dce75e5a1b481dfd02607b1fb20 table="pages" seconds=0.000389412 stage="query_dispatch"
2026-09-09T19:50:45.380010Z DEBUG transparent_shard_server::service: query stage revision=5b7ee9849d47f5ee67d04eb6ca4588beacf42dce75e5a1b481dfd02607b1fb20 table="pages" seconds=0.066815215 stage="query_evaluate"
2026-09-09T19:50:45.380010Z DEBUG transparent_shard_server::service: query stage revision=5b7ee9849d47f5ee67d04eb6ca4588beacf42dce75e5a1b481dfd02607b1fb20 table="pages" seconds=0.067226779 stage="query_evaluate"
2026-09-09T19:50:45.536590Z DEBUG transparent_shard_server::service: query stage revision=5b7ee9849d47f5ee67d04eb6ca4588beacf42dce75e5a1b481dfd02607b1fb20 table="directory" seconds=3.289e-6 stage="query_admission"
2026-09-09T19:50:45.536644Z DEBUG transparent_shard_server::service: query stage revision=5b7ee9849d47f5ee67d04eb6ca4588beacf42dce75e5a1b481dfd02607b1fb20 table="directory" seconds=5.584e-6 stage="query_runtime"
2026-09-09T19:50:45.536752Z DEBUG transparent_shard_server::service: query stage revision=5b7ee9849d47f5ee67d04eb6ca4588beacf42dce75e5a1b481dfd02607b1fb20 table="directory" seconds=1.5113e-5 stage="query_dispatch"
2026-09-09T19:50:45.536778Z DEBUG transparent_shard_server::service: query stage revision=5b7ee9849d47f5ee67d04eb6ca4588beacf42dce75e5a1b481dfd02607b1fb20 table="directory" seconds=2.142e-6 stage="query_admission"
2026-09-09T19:50:45.536795Z DEBUG transparent_shard_server::service: query stage revision=5b7ee9849d47f5ee67d04eb6ca4588beacf42dce75e5a1b481dfd02607b1fb20 table="directory" seconds=4.846e-6 stage="query_runtime"
2026-09-09T19:50:45.536904Z DEBUG transparent_shard_server::service: query stage revision=5b7ee9849d47f5ee67d04eb6ca4588beacf42dce75e5a1b481dfd02607b1fb20 table="directory" seconds=4.5253e-5 stage="query_dispatch"
2026-09-09T19:50:45.551616Z DEBUG transparent_shard_server::service: query stage revision=5b7ee9849d47f5ee67d04eb6ca4588beacf42dce75e5a1b481dfd02607b1fb20 table="directory" seconds=0.014846781 stage="query_evaluate"
2026-09-09T19:50:45.559713Z DEBUG transparent_shard_server::service: query stage revision=5b7ee9849d47f5ee67d04eb6ca4588beacf42dce75e5a1b481dfd02607b1fb20 table="directory" seconds=0.022792476 stage="query_evaluate"
2026-09-09T19:50:45.709018Z DEBUG transparent_shard_server::service: query stage revision=5b7ee9849d47f5ee67d04eb6ca4588beacf42dce75e5a1b481dfd02607b1fb20 table="pages" seconds=3.107e-6 stage="query_admission"
2026-09-09T19:50:45.709057Z DEBUG transparent_shard_server::service: query stage revision=5b7ee9849d47f5ee67d04eb6ca4588beacf42dce75e5a1b481dfd02607b1fb20 table="pages" seconds=6.837e-6 stage="query_runtime"
2026-09-09T19:50:45.709146Z DEBUG transparent_shard_server::service: query stage revision=5b7ee9849d47f5ee67d04eb6ca4588beacf42dce75e5a1b481dfd02607b1fb20 table="pages" seconds=1.0378e-5 stage="query_dispatch"
2026-09-09T19:50:45.715812Z DEBUG transparent_shard_server::service: query stage revision=5b7ee9849d47f5ee67d04eb6ca4588beacf42dce75e5a1b481dfd02607b1fb20 table="pages" seconds=2.327e-6 stage="query_admission"
2026-09-09T19:50:45.715844Z DEBUG transparent_shard_server::service: query stage revision=5b7ee9849d47f5ee67d04eb6ca4588beacf42dce75e5a1b481dfd02607b1fb20 table="pages" seconds=4.477e-6 stage="query_runtime"
2026-09-09T19:50:45.715931Z DEBUG transparent_shard_server::service: query stage revision=5b7ee9849d47f5ee67d04eb6ca4588beacf42dce75e5a1b481dfd02607b1fb20 table="pages" seconds=1.465e-5 stage="query_dispatch"
2026-09-09T19:50:45.721249Z DEBUG transparent_shard_server::service: query stage revision=5b7ee9849d47f5ee67d04eb6ca4588beacf42dce75e5a1b481dfd02607b1fb20 table="pages" seconds=0.012097185 stage="query_evaluate"
2026-09-09T19:50:45.732522Z DEBUG transparent_shard_server::service: query stage revision=5b7ee9849d47f5ee67d04eb6ca4588beacf42dce75e5a1b481dfd02607b1fb20 table="pages" seconds=0.016576906 stage="query_evaluate"
2026-09-09T19:50:45.889250Z DEBUG transparent_shard_server::service: query stage revision=5b7ee9849d47f5ee67d04eb6ca4588beacf42dce75e5a1b481dfd02607b1fb20 table="directory" seconds=3.61e-6 stage="query_admission"
2026-09-09T19:50:45.889289Z DEBUG transparent_shard_server::service: query stage revision=5b7ee9849d47f5ee67d04eb6ca4588beacf42dce75e5a1b481dfd02607b1fb20 table="directory" seconds=6.65e-6 stage="query_runtime"
2026-09-09T19:50:45.889397Z DEBUG transparent_shard_server::service: query stage revision=5b7ee9849d47f5ee67d04eb6ca4588beacf42dce75e5a1b481dfd02607b1fb20 table="directory" seconds=2.9937e-5 stage="query_dispatch"
2026-09-09T19:50:45.892777Z DEBUG transparent_shard_server::service: query stage revision=5b7ee9849d47f5ee67d04eb6ca4588beacf42dce75e5a1b481dfd02607b1fb20 table="directory" seconds=2.364e-6 stage="query_admission"
2026-09-09T19:50:45.892814Z DEBUG transparent_shard_server::service: query stage revision=5b7ee9849d47f5ee67d04eb6ca4588beacf42dce75e5a1b481dfd02607b1fb20 table="directory" seconds=6.25e-6 stage="query_runtime"
2026-09-09T19:50:45.892915Z DEBUG transparent_shard_server::service: query stage revision=5b7ee9849d47f5ee67d04eb6ca4588beacf42dce75e5a1b481dfd02607b1fb20 table="directory" seconds=1.8975e-5 stage="query_dispatch"
2026-09-09T19:50:45.904500Z DEBUG transparent_shard_server::service: query stage revision=5b7ee9849d47f5ee67d04eb6ca4588beacf42dce75e5a1b481dfd02607b1fb20 table="directory" seconds=0.015082701 stage="query_evaluate"
2026-09-09T19:50:45.913713Z DEBUG transparent_shard_server::service: query stage revision=5b7ee9849d47f5ee67d04eb6ca4588beacf42dce75e5a1b481dfd02607b1fb20 table="directory" seconds=0.020782196 stage="query_evaluate"
2026-09-09T19:50:46.061027Z DEBUG transparent_shard_server::service: query stage revision=5b7ee9849d47f5ee67d04eb6ca4588beacf42dce75e5a1b481dfd02607b1fb20 table="pages" seconds=4.012e-6 stage="query_admission"
2026-09-09T19:50:46.061066Z DEBUG transparent_shard_server::service: query stage revision=5b7ee9849d47f5ee67d04eb6ca4588beacf42dce75e5a1b481dfd02607b1fb20 table="pages" seconds=7.712e-6 stage="query_runtime"
2026-09-09T19:50:46.061174Z DEBUG transparent_shard_server::service: query stage revision=5b7ee9849d47f5ee67d04eb6ca4588beacf42dce75e5a1b481dfd02607b1fb20 table="pages" seconds=2.0162e-5 stage="query_dispatch"
2026-09-09T19:50:46.071460Z DEBUG transparent_shard_server::service: query stage revision=5b7ee9849d47f5ee67d04eb6ca4588beacf42dce75e5a1b481dfd02607b1fb20 table="pages" seconds=3.351e-6 stage="query_admission"
2026-09-09T19:50:46.071501Z DEBUG transparent_shard_server::service: query stage revision=5b7ee9849d47f5ee67d04eb6ca4588beacf42dce75e5a1b481dfd02607b1fb20 table="pages" seconds=7.492e-6 stage="query_runtime"
2026-09-09T19:50:46.071600Z DEBUG transparent_shard_server::service: query stage revision=5b7ee9849d47f5ee67d04eb6ca4588beacf42dce75e5a1b481dfd02607b1fb20 table="pages" seconds=1.8481e-5 stage="query_dispatch"
2026-09-09T19:50:46.091446Z DEBUG transparent_shard_server::service: query stage revision=5b7ee9849d47f5ee67d04eb6ca4588beacf42dce75e5a1b481dfd02607b1fb20 table="pages" seconds=0.030262651 stage="query_evaluate"
2026-09-09T19:50:46.107128Z DEBUG transparent_shard_server::service: query stage revision=5b7ee9849d47f5ee67d04eb6ca4588beacf42dce75e5a1b481dfd02607b1fb20 table="pages" seconds=0.035508521 stage="query_evaluate"
2026-09-09T19:50:46.252949Z DEBUG transparent_shard_server::service: query stage revision=5b7ee9849d47f5ee67d04eb6ca4588beacf42dce75e5a1b481dfd02607b1fb20 table="directory" seconds=2.45e-6 stage="query_admission"
2026-09-09T19:50:46.252984Z DEBUG transparent_shard_server::service: query stage revision=5b7ee9849d47f5ee67d04eb6ca4588beacf42dce75e5a1b481dfd02607b1fb20 table="directory" seconds=5.136e-6 stage="query_runtime"
2026-09-09T19:50:46.253102Z DEBUG transparent_shard_server::service: query stage revision=5b7ee9849d47f5ee67d04eb6ca4588beacf42dce75e5a1b481dfd02607b1fb20 table="directory" seconds=4.6432e-5 stage="query_dispatch"
2026-09-09T19:50:46.261756Z DEBUG transparent_shard_server::service: query stage revision=5b7ee9849d47f5ee67d04eb6ca4588beacf42dce75e5a1b481dfd02607b1fb20 table="directory" seconds=2.722e-6 stage="query_admission"
2026-09-09T19:50:46.261792Z DEBUG transparent_shard_server::service: query stage revision=5b7ee9849d47f5ee67d04eb6ca4588beacf42dce75e5a1b481dfd02607b1fb20 table="directory" seconds=5.859e-6 stage="query_runtime"
2026-09-09T19:50:46.261893Z DEBUG transparent_shard_server::service: query stage revision=5b7ee9849d47f5ee67d04eb6ca4588beacf42dce75e5a1b481dfd02607b1fb20 table="directory" seconds=2.6973e-5 stage="query_dispatch"
2026-09-09T19:50:46.280253Z DEBUG transparent_shard_server::service: query stage revision=5b7ee9849d47f5ee67d04eb6ca4588beacf42dce75e5a1b481dfd02607b1fb20 table="directory" seconds=0.027117205 stage="query_evaluate"
2026-09-09T19:50:46.297661Z DEBUG transparent_shard_server::service: query stage revision=5b7ee9849d47f5ee67d04eb6ca4588beacf42dce75e5a1b481dfd02607b1fb20 table="directory" seconds=0.035760322 stage="query_evaluate"
2026-09-09T19:50:46.335462Z DEBUG transparent_shard_server::runtime: construction stage geometry="recent-8k" table="directory" seconds=2.085524923 stage="pack_preprocessing"
2026-09-09T19:50:46.335768Z DEBUG transparent_shard_server::runtime: construction stage geometry="recent-8k" table="directory" seconds=0.000270909 stage="publish_parameters"
2026-09-09T19:50:46.336545Z DEBUG transparent_shard_server::runtime: runtime stage key=("be059aab39ac34125e0452548d6fbcfb1e7cdb7237a597bd59ee86011ed4882b", Directory, 0) seconds=3.010307502 stage="runtime_build"
2026-09-09T19:50:46.336561Z DEBUG transparent_shard_server::runtime: runtime stage key=("be059aab39ac34125e0452548d6fbcfb1e7cdb7237a597bd59ee86011ed4882b", Directory, 0) reserved_bytes=136314880 stage="serialization_handoff"
2026-09-09T19:50:46.437378Z DEBUG transparent_shard_server::service: query stage revision=5b7ee9849d47f5ee67d04eb6ca4588beacf42dce75e5a1b481dfd02607b1fb20 table="pages" seconds=3.128e-6 stage="query_admission"
2026-09-09T19:50:46.437404Z DEBUG transparent_shard_server::service: query stage revision=5b7ee9849d47f5ee67d04eb6ca4588beacf42dce75e5a1b481dfd02607b1fb20 table="pages" seconds=4.162e-6 stage="query_runtime"
2026-09-09T19:50:46.437488Z DEBUG transparent_shard_server::service: query stage revision=5b7ee9849d47f5ee67d04eb6ca4588beacf42dce75e5a1b481dfd02607b1fb20 table="pages" seconds=1.2408e-5 stage="query_dispatch"
2026-09-09T19:50:46.446987Z DEBUG transparent_shard_server::service: query stage revision=5b7ee9849d47f5ee67d04eb6ca4588beacf42dce75e5a1b481dfd02607b1fb20 table="pages" seconds=0.009491763 stage="query_evaluate"
2026-09-09T19:50:46.452527Z DEBUG transparent_shard_server::service: query stage revision=5b7ee9849d47f5ee67d04eb6ca4588beacf42dce75e5a1b481dfd02607b1fb20 table="pages" seconds=2.151e-6 stage="query_admission"
2026-09-09T19:50:46.452552Z DEBUG transparent_shard_server::service: query stage revision=5b7ee9849d47f5ee67d04eb6ca4588beacf42dce75e5a1b481dfd02607b1fb20 table="pages" seconds=4.515e-6 stage="query_runtime"
2026-09-09T19:50:46.452667Z DEBUG transparent_shard_server::service: query stage revision=5b7ee9849d47f5ee67d04eb6ca4588beacf42dce75e5a1b481dfd02607b1fb20 table="pages" seconds=1.9413e-5 stage="query_dispatch"
2026-09-09T19:50:46.461931Z DEBUG transparent_shard_server::service: query stage revision=5b7ee9849d47f5ee67d04eb6ca4588beacf42dce75e5a1b481dfd02607b1fb20 table="pages" seconds=0.009248339 stage="query_evaluate"
2026-09-09T19:50:46.602638Z DEBUG transparent_shard_server::service: query stage revision=5b7ee9849d47f5ee67d04eb6ca4588beacf42dce75e5a1b481dfd02607b1fb20 table="directory" seconds=3.446e-6 stage="query_admission"
2026-09-09T19:50:46.602672Z DEBUG transparent_shard_server::service: query stage revision=5b7ee9849d47f5ee67d04eb6ca4588beacf42dce75e5a1b481dfd02607b1fb20 table="directory" seconds=8.048e-6 stage="query_runtime"
2026-09-09T19:50:46.602761Z DEBUG transparent_shard_server::service: query stage revision=5b7ee9849d47f5ee67d04eb6ca4588beacf42dce75e5a1b481dfd02607b1fb20 table="directory" seconds=1.3053e-5 stage="query_dispatch"
2026-09-09T19:50:46.612942Z DEBUG transparent_shard_server::service: query stage revision=5b7ee9849d47f5ee67d04eb6ca4588beacf42dce75e5a1b481dfd02607b1fb20 table="directory" seconds=0.010165749 stage="query_evaluate"
2026-09-09T19:50:46.617228Z DEBUG transparent_shard_server::service: query stage revision=5b7ee9849d47f5ee67d04eb6ca4588beacf42dce75e5a1b481dfd02607b1fb20 table="directory" seconds=2.248e-6 stage="query_admission"
2026-09-09T19:50:46.617250Z DEBUG transparent_shard_server::service: query stage revision=5b7ee9849d47f5ee67d04eb6ca4588beacf42dce75e5a1b481dfd02607b1fb20 table="directory" seconds=4.807e-6 stage="query_runtime"
2026-09-09T19:50:46.617333Z DEBUG transparent_shard_server::service: query stage revision=5b7ee9849d47f5ee67d04eb6ca4588beacf42dce75e5a1b481dfd02607b1fb20 table="directory" seconds=1.7975e-5 stage="query_dispatch"
2026-09-09T19:50:46.626516Z DEBUG transparent_shard_server::service: query stage revision=5b7ee9849d47f5ee67d04eb6ca4588beacf42dce75e5a1b481dfd02607b1fb20 table="directory" seconds=0.009165879 stage="query_evaluate"
2026-09-09T19:50:46.769729Z DEBUG transparent_shard_server::service: query stage revision=5b7ee9849d47f5ee67d04eb6ca4588beacf42dce75e5a1b481dfd02607b1fb20 table="pages" seconds=2.894e-6 stage="query_admission"
2026-09-09T19:50:46.769762Z DEBUG transparent_shard_server::service: query stage revision=5b7ee9849d47f5ee67d04eb6ca4588beacf42dce75e5a1b481dfd02607b1fb20 table="pages" seconds=5.7e-6 stage="query_runtime"
2026-09-09T19:50:46.769873Z DEBUG transparent_shard_server::service: query stage revision=5b7ee9849d47f5ee67d04eb6ca4588beacf42dce75e5a1b481dfd02607b1fb20 table="pages" seconds=2.5867e-5 stage="query_dispatch"
2026-09-09T19:50:46.778949Z DEBUG transparent_shard_server::service: query stage revision=5b7ee9849d47f5ee67d04eb6ca4588beacf42dce75e5a1b481dfd02607b1fb20 table="pages" seconds=0.009056609 stage="query_evaluate"
2026-09-09T19:50:46.781371Z DEBUG transparent_shard_server::service: query stage revision=5b7ee9849d47f5ee67d04eb6ca4588beacf42dce75e5a1b481dfd02607b1fb20 table="pages" seconds=3.329e-6 stage="query_admission"
2026-09-09T19:50:46.781397Z DEBUG transparent_shard_server::service: query stage revision=5b7ee9849d47f5ee67d04eb6ca4588beacf42dce75e5a1b481dfd02607b1fb20 table="pages" seconds=5.083e-6 stage="query_runtime"
2026-09-09T19:50:46.781495Z DEBUG transparent_shard_server::service: query stage revision=5b7ee9849d47f5ee67d04eb6ca4588beacf42dce75e5a1b481dfd02607b1fb20 table="pages" seconds=2.3699e-5 stage="query_dispatch"
2026-09-09T19:50:46.791208Z DEBUG transparent_shard_server::service: query stage revision=5b7ee9849d47f5ee67d04eb6ca4588beacf42dce75e5a1b481dfd02607b1fb20 table="pages" seconds=0.009706207 stage="query_evaluate"
2026-09-09T19:50:46.939144Z DEBUG transparent_shard_server::service: query stage revision=5b7ee9849d47f5ee67d04eb6ca4588beacf42dce75e5a1b481dfd02607b1fb20 table="directory" seconds=2.809e-6 stage="query_admission"
2026-09-09T19:50:46.939183Z DEBUG transparent_shard_server::service: query stage revision=5b7ee9849d47f5ee67d04eb6ca4588beacf42dce75e5a1b481dfd02607b1fb20 table="directory" seconds=5.178e-6 stage="query_runtime"
2026-09-09T19:50:46.939280Z DEBUG transparent_shard_server::service: query stage revision=5b7ee9849d47f5ee67d04eb6ca4588beacf42dce75e5a1b481dfd02607b1fb20 table="directory" seconds=2.2796e-5 stage="query_dispatch"
2026-09-09T19:50:46.947209Z DEBUG transparent_shard_server::service: query stage revision=5b7ee9849d47f5ee67d04eb6ca4588beacf42dce75e5a1b481dfd02607b1fb20 table="directory" seconds=2.791e-6 stage="query_admission"
2026-09-09T19:50:46.947237Z DEBUG transparent_shard_server::service: query stage revision=5b7ee9849d47f5ee67d04eb6ca4588beacf42dce75e5a1b481dfd02607b1fb20 table="directory" seconds=5.997e-6 stage="query_runtime"
2026-09-09T19:50:46.948165Z DEBUG transparent_shard_server::service: query stage revision=5b7ee9849d47f5ee67d04eb6ca4588beacf42dce75e5a1b481dfd02607b1fb20 table="directory" seconds=0.000859206 stage="query_dispatch"
2026-09-09T19:50:46.953121Z DEBUG transparent_shard_server::service: query stage revision=5b7ee9849d47f5ee67d04eb6ca4588beacf42dce75e5a1b481dfd02607b1fb20 table="directory" seconds=0.013823506 stage="query_evaluate"
2026-09-09T19:50:46.961253Z DEBUG transparent_shard_server::service: query stage revision=5b7ee9849d47f5ee67d04eb6ca4588beacf42dce75e5a1b481dfd02607b1fb20 table="directory" seconds=0.013065071 stage="query_evaluate"
2026-09-09T19:50:47.031804Z DEBUG transparent_shard_server::runtime: runtime stage key=("be059aab39ac34125e0452548d6fbcfb1e7cdb7237a597bd59ee86011ed4882b", Directory, 0) seconds=0.695237046 stage="disk_save"
2026-09-09T19:50:47.031879Z  INFO transparent_shard_server::service: prewarm finished warm=28 target=28 failed=0 seconds=6.959953259
2026-09-09T19:50:47.031918Z DEBUG transparent_shard_server::live: publication preparation stages map=32426d9e9300c44558210d8540b636402af2b3c322627f9e9f26e0082b489725 loading_seconds=0.663885704 warming_seconds=6.960270813
2026-09-09T19:50:47.081901Z  INFO transparent_shard_server::runtime: retired runtime memory reclaimed rss_before=4987478016 rss_after=4534018048
2026-09-09T19:50:47.116159Z DEBUG transparent_shard_server::runtime: runtime stage key=("5b7ee9849d47f5ee67d04eb6ca4588beacf42dce75e5a1b481dfd02607b1fb20", Pages, 0) seconds=1.332e-6 stage="restore_slot"
2026-09-09T19:50:47.635388Z DEBUG transparent_shard_server::runtime: runtime stage key=("268f5c527d35817d37919707b04a706c850d449156baa071b5438dbf8eb53aec", Directory, 0) seconds=1.24e-6 stage="restore_slot"
2026-09-09T19:50:47.635500Z DEBUG transparent_shard_server::runtime: runtime stage key=("268f5c527d35817d37919707b04a706c850d449156baa071b5438dbf8eb53aec", Pages, 0) seconds=2.28e-7 stage="restore_slot"
2026-09-09T19:50:47.635556Z DEBUG transparent_shard_server::runtime: runtime stage key=("268f5c527d35817d37919707b04a706c850d449156baa071b5438dbf8eb53aec", Directory, 0) seconds=5.0948e-5 hit=false stage="disk_restore"
2026-09-09T19:50:47.635576Z DEBUG transparent_shard_server::runtime: runtime stage key=("268f5c527d35817d37919707b04a706c850d449156baa071b5438dbf8eb53aec", Directory, 0) seconds=3.67e-7 stage="build_slot"
2026-09-09T19:50:47.635602Z DEBUG transparent_shard_server::memory: cold build admission wait seconds=2.181e-5 admitted=true
2026-09-09T19:50:47.635638Z DEBUG transparent_shard_server::runtime: runtime stage key=("268f5c527d35817d37919707b04a706c850d449156baa071b5438dbf8eb53aec", Pages, 0) seconds=2.5965e-5 hit=false stage="disk_restore"
2026-09-09T19:50:47.781498Z DEBUG transparent_shard_server::runtime: runtime stage key=("268f5c527d35817d37919707b04a706c850d449156baa071b5438dbf8eb53aec", Directory, 0) seconds=0.145834792 stage="source_load"
2026-09-09T19:50:47.845904Z DEBUG transparent_shard_server::runtime: runtime stage key=("5b7ee9849d47f5ee67d04eb6ca4588beacf42dce75e5a1b481dfd02607b1fb20", Pages, 0) seconds=0.729610644 hit=true stage="disk_restore"
2026-09-09T19:50:47.968317Z DEBUG transparent_shard_server::runtime: runtime stage key=("5b7ee9849d47f5ee67d04eb6ca4588beacf42dce75e5a1b481dfd02607b1fb20", Pages, 0) seconds=0.122378541 stage="source_verify"
2026-09-09T19:50:47.968348Z  INFO transparent_shard_server::runtime: restored runtime cache seconds=0.852057241
2026-09-09T19:50:47.998051Z DEBUG transparent_shard_server::service: query stage revision=5b7ee9849d47f5ee67d04eb6ca4588beacf42dce75e5a1b481dfd02607b1fb20 table="pages" seconds=2.939e-6 stage="query_admission"
2026-09-09T19:50:47.998088Z DEBUG transparent_shard_server::service: query stage revision=5b7ee9849d47f5ee67d04eb6ca4588beacf42dce75e5a1b481dfd02607b1fb20 table="pages" seconds=5.43e-6 stage="query_runtime"
2026-09-09T19:50:47.998194Z DEBUG transparent_shard_server::service: query stage revision=5b7ee9849d47f5ee67d04eb6ca4588beacf42dce75e5a1b481dfd02607b1fb20 table="pages" seconds=1.804e-6 stage="query_admission"
2026-09-09T19:50:47.998195Z DEBUG transparent_shard_server::service: query stage revision=5b7ee9849d47f5ee67d04eb6ca4588beacf42dce75e5a1b481dfd02607b1fb20 table="pages" seconds=3.1316e-5 stage="query_dispatch"
2026-09-09T19:50:47.998221Z DEBUG transparent_shard_server::service: query stage revision=5b7ee9849d47f5ee67d04eb6ca4588beacf42dce75e5a1b481dfd02607b1fb20 table="pages" seconds=3.959e-6 stage="query_runtime"
2026-09-09T19:50:47.998327Z DEBUG transparent_shard_server::service: query stage revision=5b7ee9849d47f5ee67d04eb6ca4588beacf42dce75e5a1b481dfd02607b1fb20 table="pages" seconds=8.52e-6 stage="query_dispatch"
2026-09-09T19:50:48.010934Z DEBUG transparent_shard_server::service: query stage revision=5b7ee9849d47f5ee67d04eb6ca4588beacf42dce75e5a1b481dfd02607b1fb20 table="pages" seconds=0.012686193 stage="query_evaluate"
2026-09-09T19:50:48.021341Z DEBUG transparent_shard_server::service: query stage revision=5b7ee9849d47f5ee67d04eb6ca4588beacf42dce75e5a1b481dfd02607b1fb20 table="pages" seconds=0.023008005 stage="query_evaluate"
2026-09-09T19:50:48.093737Z DEBUG transparent_shard_server::runtime: construction stage geometry="recent-8k" table="directory" seconds=0.312202569 stage="encode_database"
2026-09-09T19:50:48.093851Z DEBUG transparent_shard_server::runtime: construction stage geometry="recent-8k" table="directory" seconds=7.6302e-5 stage="public_setup"
2026-09-09T19:50:48.185429Z DEBUG transparent_shard_server::service: query stage revision=be059aab39ac34125e0452548d6fbcfb1e7cdb7237a597bd59ee86011ed4882b table="directory" seconds=2.676e-6 stage="query_admission"
2026-09-09T19:50:48.185466Z DEBUG transparent_shard_server::service: query stage revision=be059aab39ac34125e0452548d6fbcfb1e7cdb7237a597bd59ee86011ed4882b table="directory" seconds=5.371e-6 stage="query_runtime"
2026-09-09T19:50:48.188182Z DEBUG transparent_shard_server::service: query stage revision=be059aab39ac34125e0452548d6fbcfb1e7cdb7237a597bd59ee86011ed4882b table="directory" seconds=0.002645868 stage="query_dispatch"
2026-09-09T19:50:48.231448Z DEBUG transparent_shard_server::service: query stage revision=be059aab39ac34125e0452548d6fbcfb1e7cdb7237a597bd59ee86011ed4882b table="directory" seconds=3.259e-6 stage="query_admission"
2026-09-09T19:50:48.231485Z DEBUG transparent_shard_server::service: query stage revision=be059aab39ac34125e0452548d6fbcfb1e7cdb7237a597bd59ee86011ed4882b table="directory" seconds=6.589e-6 stage="query_runtime"
2026-09-09T19:50:48.233418Z DEBUG transparent_shard_server::service: query stage revision=be059aab39ac34125e0452548d6fbcfb1e7cdb7237a597bd59ee86011ed4882b table="directory" seconds=0.001859045 stage="query_dispatch"
2026-09-09T19:50:48.670274Z DEBUG transparent_shard_server::service: query stage revision=be059aab39ac34125e0452548d6fbcfb1e7cdb7237a597bd59ee86011ed4882b table="directory" seconds=0.436830588 stage="query_evaluate"
2026-09-09T19:50:48.670308Z DEBUG transparent_shard_server::service: query stage revision=be059aab39ac34125e0452548d6fbcfb1e7cdb7237a597bd59ee86011ed4882b table="directory" seconds=0.482096621 stage="query_evaluate"
2026-09-09T19:50:48.670456Z DEBUG transparent_shard_server::runtime: construction stage geometry="recent-8k" table="directory" seconds=0.576599626 stage="hint_columns"
2026-09-09T19:50:48.853334Z DEBUG transparent_shard_server::service: query stage revision=be059aab39ac34125e0452548d6fbcfb1e7cdb7237a597bd59ee86011ed4882b table="pages" seconds=2.59e-6 stage="query_admission"
2026-09-09T19:50:48.853350Z DEBUG transparent_shard_server::service: query stage revision=be059aab39ac34125e0452548d6fbcfb1e7cdb7237a597bd59ee86011ed4882b table="pages" seconds=1.853e-6 stage="query_admission"
2026-09-09T19:50:48.853373Z DEBUG transparent_shard_server::service: query stage revision=be059aab39ac34125e0452548d6fbcfb1e7cdb7237a597bd59ee86011ed4882b table="pages" seconds=4.788e-6 stage="query_runtime"
2026-09-09T19:50:48.853386Z DEBUG transparent_shard_server::service: query stage revision=be059aab39ac34125e0452548d6fbcfb1e7cdb7237a597bd59ee86011ed4882b table="pages" seconds=4.619e-6 stage="query_runtime"
2026-09-09T19:50:48.853471Z DEBUG transparent_shard_server::service: query stage revision=be059aab39ac34125e0452548d6fbcfb1e7cdb7237a597bd59ee86011ed4882b table="pages" seconds=9.692e-6 stage="query_dispatch"
2026-09-09T19:50:48.853487Z DEBUG transparent_shard_server::service: query stage revision=be059aab39ac34125e0452548d6fbcfb1e7cdb7237a597bd59ee86011ed4882b table="pages" seconds=2.282e-5 stage="query_dispatch"
2026-09-09T19:50:48.869553Z DEBUG transparent_shard_server::service: query stage revision=be059aab39ac34125e0452548d6fbcfb1e7cdb7237a597bd59ee86011ed4882b table="pages" seconds=0.016057625 stage="query_evaluate"
2026-09-09T19:50:48.870452Z DEBUG transparent_shard_server::service: query stage revision=be059aab39ac34125e0452548d6fbcfb1e7cdb7237a597bd59ee86011ed4882b table="pages" seconds=0.01696301 stage="query_evaluate"
2026-09-09T19:50:49.031549Z DEBUG transparent_shard_server::service: query stage revision=be059aab39ac34125e0452548d6fbcfb1e7cdb7237a597bd59ee86011ed4882b table="directory" seconds=2.363e-6 stage="query_admission"
2026-09-09T19:50:49.031583Z DEBUG transparent_shard_server::service: query stage revision=be059aab39ac34125e0452548d6fbcfb1e7cdb7237a597bd59ee86011ed4882b table="directory" seconds=5.705e-6 stage="query_runtime"
2026-09-09T19:50:49.031685Z DEBUG transparent_shard_server::service: query stage revision=be059aab39ac34125e0452548d6fbcfb1e7cdb7237a597bd59ee86011ed4882b table="directory" seconds=2.7073e-5 stage="query_dispatch"
2026-09-09T19:50:49.038432Z DEBUG transparent_shard_server::service: query stage revision=be059aab39ac34125e0452548d6fbcfb1e7cdb7237a597bd59ee86011ed4882b table="directory" seconds=3.245e-6 stage="query_admission"
2026-09-09T19:50:49.038467Z DEBUG transparent_shard_server::service: query stage revision=be059aab39ac34125e0452548d6fbcfb1e7cdb7237a597bd59ee86011ed4882b table="directory" seconds=5.346e-6 stage="query_runtime"
2026-09-09T19:50:49.038554Z DEBUG transparent_shard_server::service: query stage revision=be059aab39ac34125e0452548d6fbcfb1e7cdb7237a597bd59ee86011ed4882b table="directory" seconds=1.3552e-5 stage="query_dispatch"
2026-09-09T19:50:49.048108Z DEBUG transparent_shard_server::service: query stage revision=be059aab39ac34125e0452548d6fbcfb1e7cdb7237a597bd59ee86011ed4882b table="directory" seconds=0.016415852 stage="query_evaluate"
2026-09-09T19:50:49.048652Z DEBUG transparent_shard_server::service: query stage revision=be059aab39ac34125e0452548d6fbcfb1e7cdb7237a597bd59ee86011ed4882b table="directory" seconds=0.010091464 stage="query_evaluate"
2026-09-09T19:50:49.206717Z DEBUG transparent_shard_server::service: query stage revision=be059aab39ac34125e0452548d6fbcfb1e7cdb7237a597bd59ee86011ed4882b table="pages" seconds=2.291e-6 stage="query_admission"
2026-09-09T19:50:49.206746Z DEBUG transparent_shard_server::service: query stage revision=be059aab39ac34125e0452548d6fbcfb1e7cdb7237a597bd59ee86011ed4882b table="pages" seconds=5.222e-6 stage="query_runtime"
2026-09-09T19:50:49.206813Z DEBUG transparent_shard_server::service: query stage revision=be059aab39ac34125e0452548d6fbcfb1e7cdb7237a597bd59ee86011ed4882b table="pages" seconds=2.456e-5 stage="query_dispatch"
2026-09-09T19:50:49.207267Z DEBUG transparent_shard_server::service: query stage revision=be059aab39ac34125e0452548d6fbcfb1e7cdb7237a597bd59ee86011ed4882b table="pages" seconds=1.546e-6 stage="query_admission"
2026-09-09T19:50:49.207292Z DEBUG transparent_shard_server::service: query stage revision=be059aab39ac34125e0452548d6fbcfb1e7cdb7237a597bd59ee86011ed4882b table="pages" seconds=3.925e-6 stage="query_runtime"
2026-09-09T19:50:49.207355Z DEBUG transparent_shard_server::service: query stage revision=be059aab39ac34125e0452548d6fbcfb1e7cdb7237a597bd59ee86011ed4882b table="pages" seconds=9.483e-6 stage="query_dispatch"
2026-09-09T19:50:49.218115Z DEBUG transparent_shard_server::service: query stage revision=be059aab39ac34125e0452548d6fbcfb1e7cdb7237a597bd59ee86011ed4882b table="pages" seconds=0.010753233 stage="query_evaluate"
2026-09-09T19:50:49.224070Z DEBUG transparent_shard_server::service: query stage revision=be059aab39ac34125e0452548d6fbcfb1e7cdb7237a597bd59ee86011ed4882b table="pages" seconds=0.017241768 stage="query_evaluate"
2026-09-09T19:50:49.376058Z DEBUG transparent_shard_server::service: query stage revision=be059aab39ac34125e0452548d6fbcfb1e7cdb7237a597bd59ee86011ed4882b table="directory" seconds=3.271e-6 stage="query_admission"
2026-09-09T19:50:49.376093Z DEBUG transparent_shard_server::service: query stage revision=be059aab39ac34125e0452548d6fbcfb1e7cdb7237a597bd59ee86011ed4882b table="directory" seconds=4.966e-6 stage="query_runtime"
2026-09-09T19:50:49.376200Z DEBUG transparent_shard_server::service: query stage revision=be059aab39ac34125e0452548d6fbcfb1e7cdb7237a597bd59ee86011ed4882b table="directory" seconds=1.2265e-5 stage="query_dispatch"
2026-09-09T19:50:49.383440Z DEBUG transparent_shard_server::service: query stage revision=be059aab39ac34125e0452548d6fbcfb1e7cdb7237a597bd59ee86011ed4882b table="directory" seconds=2.961e-6 stage="query_admission"
2026-09-09T19:50:49.383475Z DEBUG transparent_shard_server::service: query stage revision=be059aab39ac34125e0452548d6fbcfb1e7cdb7237a597bd59ee86011ed4882b table="directory" seconds=4.757e-6 stage="query_runtime"
2026-09-09T19:50:49.383565Z DEBUG transparent_shard_server::service: query stage revision=be059aab39ac34125e0452548d6fbcfb1e7cdb7237a597bd59ee86011ed4882b table="directory" seconds=1.1933e-5 stage="query_dispatch"
2026-09-09T19:50:49.387778Z DEBUG transparent_shard_server::service: query stage revision=be059aab39ac34125e0452548d6fbcfb1e7cdb7237a597bd59ee86011ed4882b table="directory" seconds=0.011568328 stage="query_evaluate"
2026-09-09T19:50:49.394335Z DEBUG transparent_shard_server::service: query stage revision=be059aab39ac34125e0452548d6fbcfb1e7cdb7237a597bd59ee86011ed4882b table="directory" seconds=0.010764223 stage="query_evaluate"
2026-09-09T19:50:49.551456Z DEBUG transparent_shard_server::service: query stage revision=be059aab39ac34125e0452548d6fbcfb1e7cdb7237a597bd59ee86011ed4882b table="pages" seconds=3.213e-6 stage="query_admission"
2026-09-09T19:50:49.551498Z DEBUG transparent_shard_server::service: query stage revision=be059aab39ac34125e0452548d6fbcfb1e7cdb7237a597bd59ee86011ed4882b table="pages" seconds=5.795e-6 stage="query_runtime"
2026-09-09T19:50:49.551606Z DEBUG transparent_shard_server::service: query stage revision=be059aab39ac34125e0452548d6fbcfb1e7cdb7237a597bd59ee86011ed4882b table="pages" seconds=1.6533e-5 stage="query_dispatch"
2026-09-09T19:50:49.572425Z DEBUG transparent_shard_server::service: query stage revision=be059aab39ac34125e0452548d6fbcfb1e7cdb7237a597bd59ee86011ed4882b table="pages" seconds=0.020810746 stage="query_evaluate"
2026-09-09T19:50:49.596153Z DEBUG transparent_shard_server::service: query stage revision=be059aab39ac34125e0452548d6fbcfb1e7cdb7237a597bd59ee86011ed4882b table="pages" seconds=2.43e-6 stage="query_admission"
2026-09-09T19:50:49.596201Z DEBUG transparent_shard_server::service: query stage revision=be059aab39ac34125e0452548d6fbcfb1e7cdb7237a597bd59ee86011ed4882b table="pages" seconds=4.833e-6 stage="query_runtime"
2026-09-09T19:50:49.596308Z DEBUG transparent_shard_server::service: query stage revision=be059aab39ac34125e0452548d6fbcfb1e7cdb7237a597bd59ee86011ed4882b table="pages" seconds=1.8843e-5 stage="query_dispatch"
2026-09-09T19:50:49.675030Z DEBUG transparent_shard_server::service: query stage revision=be059aab39ac34125e0452548d6fbcfb1e7cdb7237a597bd59ee86011ed4882b table="pages" seconds=0.078700413 stage="query_evaluate"
2026-09-09T19:50:49.733992Z DEBUG transparent_shard_server::service: query stage revision=be059aab39ac34125e0452548d6fbcfb1e7cdb7237a597bd59ee86011ed4882b table="directory" seconds=3.439e-6 stage="query_admission"
2026-09-09T19:50:49.734031Z DEBUG transparent_shard_server::service: query stage revision=be059aab39ac34125e0452548d6fbcfb1e7cdb7237a597bd59ee86011ed4882b table="directory" seconds=6.19e-6 stage="query_runtime"
2026-09-09T19:50:49.734103Z DEBUG transparent_shard_server::service: query stage revision=be059aab39ac34125e0452548d6fbcfb1e7cdb7237a597bd59ee86011ed4882b table="directory" seconds=1.3834e-5 stage="query_dispatch"
2026-09-09T19:50:49.802677Z DEBUG transparent_shard_server::service: query stage revision=be059aab39ac34125e0452548d6fbcfb1e7cdb7237a597bd59ee86011ed4882b table="directory" seconds=0.068565761 stage="query_evaluate"
2026-09-09T19:50:49.859225Z DEBUG transparent_shard_server::service: query stage revision=be059aab39ac34125e0452548d6fbcfb1e7cdb7237a597bd59ee86011ed4882b table="directory" seconds=2.713e-6 stage="query_admission"
2026-09-09T19:50:49.859262Z DEBUG transparent_shard_server::service: query stage revision=be059aab39ac34125e0452548d6fbcfb1e7cdb7237a597bd59ee86011ed4882b table="directory" seconds=5.83e-6 stage="query_runtime"
2026-09-09T19:50:49.859347Z DEBUG transparent_shard_server::service: query stage revision=be059aab39ac34125e0452548d6fbcfb1e7cdb7237a597bd59ee86011ed4882b table="directory" seconds=1.1945e-5 stage="query_dispatch"
2026-09-09T19:50:49.874084Z DEBUG transparent_shard_server::service: query stage revision=be059aab39ac34125e0452548d6fbcfb1e7cdb7237a597bd59ee86011ed4882b table="directory" seconds=0.014730089 stage="query_evaluate"
2026-09-09T19:50:49.965641Z DEBUG transparent_shard_server::service: query stage revision=be059aab39ac34125e0452548d6fbcfb1e7cdb7237a597bd59ee86011ed4882b table="pages" seconds=2.967e-6 stage="query_admission"
2026-09-09T19:50:49.965676Z DEBUG transparent_shard_server::service: query stage revision=be059aab39ac34125e0452548d6fbcfb1e7cdb7237a597bd59ee86011ed4882b table="pages" seconds=5.218e-6 stage="query_runtime"
2026-09-09T19:50:49.965777Z DEBUG transparent_shard_server::service: query stage revision=be059aab39ac34125e0452548d6fbcfb1e7cdb7237a597bd59ee86011ed4882b table="pages" seconds=2.2065e-5 stage="query_dispatch"
2026-09-09T19:50:49.977765Z DEBUG transparent_shard_server::service: query stage revision=be059aab39ac34125e0452548d6fbcfb1e7cdb7237a597bd59ee86011ed4882b table="pages" seconds=0.011968951 stage="query_evaluate"
2026-09-09T19:50:50.031470Z DEBUG transparent_shard_server::service: query stage revision=be059aab39ac34125e0452548d6fbcfb1e7cdb7237a597bd59ee86011ed4882b table="pages" seconds=2.724e-6 stage="query_admission"
2026-09-09T19:50:50.031505Z DEBUG transparent_shard_server::service: query stage revision=be059aab39ac34125e0452548d6fbcfb1e7cdb7237a597bd59ee86011ed4882b table="pages" seconds=5.839e-6 stage="query_runtime"
2026-09-09T19:50:50.031592Z DEBUG transparent_shard_server::service: query stage revision=be059aab39ac34125e0452548d6fbcfb1e7cdb7237a597bd59ee86011ed4882b table="pages" seconds=1.2174e-5 stage="query_dispatch"
2026-09-09T19:50:50.046846Z DEBUG transparent_shard_server::service: query stage revision=be059aab39ac34125e0452548d6fbcfb1e7cdb7237a597bd59ee86011ed4882b table="pages" seconds=0.015246858 stage="query_evaluate"
2026-09-09T19:50:50.140183Z DEBUG transparent_shard_server::service: query stage revision=be059aab39ac34125e0452548d6fbcfb1e7cdb7237a597bd59ee86011ed4882b table="directory" seconds=2.577e-6 stage="query_admission"
2026-09-09T19:50:50.140222Z DEBUG transparent_shard_server::service: query stage revision=be059aab39ac34125e0452548d6fbcfb1e7cdb7237a597bd59ee86011ed4882b table="directory" seconds=5.824e-6 stage="query_runtime"
2026-09-09T19:50:50.140328Z DEBUG transparent_shard_server::service: query stage revision=be059aab39ac34125e0452548d6fbcfb1e7cdb7237a597bd59ee86011ed4882b table="directory" seconds=2.6588e-5 stage="query_dispatch"
2026-09-09T19:50:50.153996Z DEBUG transparent_shard_server::service: query stage revision=be059aab39ac34125e0452548d6fbcfb1e7cdb7237a597bd59ee86011ed4882b table="directory" seconds=0.013660186 stage="query_evaluate"
2026-09-09T19:50:50.204050Z DEBUG transparent_shard_server::service: query stage revision=be059aab39ac34125e0452548d6fbcfb1e7cdb7237a597bd59ee86011ed4882b table="directory" seconds=2.5e-6 stage="query_admission"
2026-09-09T19:50:50.204087Z DEBUG transparent_shard_server::service: query stage revision=be059aab39ac34125e0452548d6fbcfb1e7cdb7237a597bd59ee86011ed4882b table="directory" seconds=5.732e-6 stage="query_runtime"
2026-09-09T19:50:50.204198Z DEBUG transparent_shard_server::service: query stage revision=be059aab39ac34125e0452548d6fbcfb1e7cdb7237a597bd59ee86011ed4882b table="directory" seconds=2.0681e-5 stage="query_dispatch"
2026-09-09T19:50:50.219091Z DEBUG transparent_shard_server::service: query stage revision=be059aab39ac34125e0452548d6fbcfb1e7cdb7237a597bd59ee86011ed4882b table="directory" seconds=0.01484988 stage="query_evaluate"
2026-09-09T19:50:50.316279Z DEBUG transparent_shard_server::service: query stage revision=be059aab39ac34125e0452548d6fbcfb1e7cdb7237a597bd59ee86011ed4882b table="pages" seconds=3.425e-6 stage="query_admission"
2026-09-09T19:50:50.316317Z DEBUG transparent_shard_server::service: query stage revision=be059aab39ac34125e0452548d6fbcfb1e7cdb7237a597bd59ee86011ed4882b table="pages" seconds=5.824e-6 stage="query_runtime"
2026-09-09T19:50:50.316456Z DEBUG transparent_shard_server::service: query stage revision=be059aab39ac34125e0452548d6fbcfb1e7cdb7237a597bd59ee86011ed4882b table="pages" seconds=3.7005e-5 stage="query_dispatch"
2026-09-09T19:50:50.328220Z DEBUG transparent_shard_server::service: query stage revision=be059aab39ac34125e0452548d6fbcfb1e7cdb7237a597bd59ee86011ed4882b table="pages" seconds=0.011754878 stage="query_evaluate"
2026-09-09T19:50:50.375448Z DEBUG transparent_shard_server::service: query stage revision=be059aab39ac34125e0452548d6fbcfb1e7cdb7237a597bd59ee86011ed4882b table="pages" seconds=2.967e-6 stage="query_admission"
2026-09-09T19:50:50.375484Z DEBUG transparent_shard_server::service: query stage revision=be059aab39ac34125e0452548d6fbcfb1e7cdb7237a597bd59ee86011ed4882b table="pages" seconds=4.801e-6 stage="query_runtime"
2026-09-09T19:50:50.375583Z DEBUG transparent_shard_server::service: query stage revision=be059aab39ac34125e0452548d6fbcfb1e7cdb7237a597bd59ee86011ed4882b table="pages" seconds=2.7609e-5 stage="query_dispatch"
2026-09-09T19:50:50.390282Z DEBUG transparent_shard_server::service: query stage revision=be059aab39ac34125e0452548d6fbcfb1e7cdb7237a597bd59ee86011ed4882b table="pages" seconds=0.01469228 stage="query_evaluate"
2026-09-09T19:50:50.493123Z DEBUG transparent_shard_server::service: query stage revision=be059aab39ac34125e0452548d6fbcfb1e7cdb7237a597bd59ee86011ed4882b table="directory" seconds=2.696e-6 stage="query_admission"
2026-09-09T19:50:50.493171Z DEBUG transparent_shard_server::service: query stage revision=be059aab39ac34125e0452548d6fbcfb1e7cdb7237a597bd59ee86011ed4882b table="directory" seconds=1.8447e-5 stage="query_runtime"
2026-09-09T19:50:50.493276Z DEBUG transparent_shard_server::service: query stage revision=be059aab39ac34125e0452548d6fbcfb1e7cdb7237a597bd59ee86011ed4882b table="directory" seconds=2.6908e-5 stage="query_dispatch"
2026-09-09T19:50:50.505267Z DEBUG transparent_shard_server::service: query stage revision=be059aab39ac34125e0452548d6fbcfb1e7cdb7237a597bd59ee86011ed4882b table="directory" seconds=0.011970481 stage="query_evaluate"
2026-09-09T19:50:50.546976Z DEBUG transparent_shard_server::service: query stage revision=be059aab39ac34125e0452548d6fbcfb1e7cdb7237a597bd59ee86011ed4882b table="directory" seconds=3.196e-6 stage="query_admission"
2026-09-09T19:50:50.547014Z DEBUG transparent_shard_server::service: query stage revision=be059aab39ac34125e0452548d6fbcfb1e7cdb7237a597bd59ee86011ed4882b table="directory" seconds=6.359e-6 stage="query_runtime"
2026-09-09T19:50:50.547106Z DEBUG transparent_shard_server::service: query stage revision=be059aab39ac34125e0452548d6fbcfb1e7cdb7237a597bd59ee86011ed4882b table="directory" seconds=1.2815e-5 stage="query_dispatch"
2026-09-09T19:50:50.562183Z DEBUG transparent_shard_server::service: query stage revision=be059aab39ac34125e0452548d6fbcfb1e7cdb7237a597bd59ee86011ed4882b table="directory" seconds=0.015069928 stage="query_evaluate"
2026-09-09T19:50:50.667402Z DEBUG transparent_shard_server::service: query stage revision=be059aab39ac34125e0452548d6fbcfb1e7cdb7237a597bd59ee86011ed4882b table="pages" seconds=3.85e-6 stage="query_admission"
2026-09-09T19:50:50.667440Z DEBUG transparent_shard_server::service: query stage revision=be059aab39ac34125e0452548d6fbcfb1e7cdb7237a597bd59ee86011ed4882b table="pages" seconds=6.501e-6 stage="query_runtime"
2026-09-09T19:50:50.667557Z DEBUG transparent_shard_server::service: query stage revision=be059aab39ac34125e0452548d6fbcfb1e7cdb7237a597bd59ee86011ed4882b table="pages" seconds=2.4938e-5 stage="query_dispatch"
2026-09-09T19:50:50.681810Z DEBUG transparent_shard_server::service: query stage revision=be059aab39ac34125e0452548d6fbcfb1e7cdb7237a597bd59ee86011ed4882b table="pages" seconds=0.014234491 stage="query_evaluate"
2026-09-09T19:50:50.718903Z DEBUG transparent_shard_server::service: query stage revision=be059aab39ac34125e0452548d6fbcfb1e7cdb7237a597bd59ee86011ed4882b table="pages" seconds=3.662e-6 stage="query_admission"
2026-09-09T19:50:50.718945Z DEBUG transparent_shard_server::service: query stage revision=be059aab39ac34125e0452548d6fbcfb1e7cdb7237a597bd59ee86011ed4882b table="pages" seconds=5.917e-6 stage="query_runtime"
2026-09-09T19:50:50.719052Z DEBUG transparent_shard_server::service: query stage revision=be059aab39ac34125e0452548d6fbcfb1e7cdb7237a597bd59ee86011ed4882b table="pages" seconds=1.444e-5 stage="query_dispatch"
2026-09-09T19:50:50.729537Z DEBUG transparent_shard_server::service: query stage revision=be059aab39ac34125e0452548d6fbcfb1e7cdb7237a597bd59ee86011ed4882b table="pages" seconds=0.010476653 stage="query_evaluate"
2026-09-09T19:50:50.734172Z DEBUG transparent_shard_server::runtime: construction stage geometry="recent-8k" table="directory" seconds=2.063703154 stage="pack_preprocessing"
2026-09-09T19:50:50.734458Z DEBUG transparent_shard_server::runtime: construction stage geometry="recent-8k" table="directory" seconds=0.000265309 stage="publish_parameters"
2026-09-09T19:50:50.735114Z DEBUG transparent_shard_server::runtime: runtime stage key=("268f5c527d35817d37919707b04a706c850d449156baa071b5438dbf8eb53aec", Directory, 0) seconds=2.953582045 stage="runtime_build"
2026-09-09T19:50:50.735132Z DEBUG transparent_shard_server::runtime: runtime stage key=("268f5c527d35817d37919707b04a706c850d449156baa071b5438dbf8eb53aec", Directory, 0) reserved_bytes=136314880 stage="serialization_handoff"
2026-09-09T19:50:50.735151Z DEBUG transparent_shard_server::runtime: runtime stage key=("268f5c527d35817d37919707b04a706c850d449156baa071b5438dbf8eb53aec", Pages, 0) seconds=3.099495378 stage="build_slot"
2026-09-09T19:50:50.735259Z DEBUG transparent_shard_server::memory: cold build admission wait seconds=8.1659e-5 admitted=true
2026-09-09T19:50:50.844418Z DEBUG transparent_shard_server::service: query stage revision=be059aab39ac34125e0452548d6fbcfb1e7cdb7237a597bd59ee86011ed4882b table="directory" seconds=3.205e-6 stage="query_admission"
2026-09-09T19:50:50.844449Z DEBUG transparent_shard_server::service: query stage revision=be059aab39ac34125e0452548d6fbcfb1e7cdb7237a597bd59ee86011ed4882b table="directory" seconds=6.738e-6 stage="query_runtime"
2026-09-09T19:50:50.844539Z DEBUG transparent_shard_server::service: query stage revision=be059aab39ac34125e0452548d6fbcfb1e7cdb7237a597bd59ee86011ed4882b table="directory" seconds=1.5035e-5 stage="query_dispatch"
2026-09-09T19:50:50.860658Z DEBUG transparent_shard_server::service: query stage revision=be059aab39ac34125e0452548d6fbcfb1e7cdb7237a597bd59ee86011ed4882b table="directory" seconds=0.016102219 stage="query_evaluate"
2026-09-09T19:50:50.884013Z DEBUG transparent_shard_server::runtime: runtime stage key=("268f5c527d35817d37919707b04a706c850d449156baa071b5438dbf8eb53aec", Pages, 0) seconds=0.14873459 stage="source_load"
2026-09-09T19:50:50.887338Z DEBUG transparent_shard_server::service: query stage revision=be059aab39ac34125e0452548d6fbcfb1e7cdb7237a597bd59ee86011ed4882b table="directory" seconds=2.911e-6 stage="query_admission"
2026-09-09T19:50:50.887367Z DEBUG transparent_shard_server::service: query stage revision=be059aab39ac34125e0452548d6fbcfb1e7cdb7237a597bd59ee86011ed4882b table="directory" seconds=7.372e-6 stage="query_runtime"
2026-09-09T19:50:50.887465Z DEBUG transparent_shard_server::service: query stage revision=be059aab39ac34125e0452548d6fbcfb1e7cdb7237a597bd59ee86011ed4882b table="directory" seconds=2.8586e-5 stage="query_dispatch"
2026-09-09T19:50:50.903336Z DEBUG transparent_shard_server::service: query stage revision=be059aab39ac34125e0452548d6fbcfb1e7cdb7237a597bd59ee86011ed4882b table="directory" seconds=0.015849931 stage="query_evaluate"
2026-09-09T19:50:51.026637Z DEBUG transparent_shard_server::service: query stage revision=be059aab39ac34125e0452548d6fbcfb1e7cdb7237a597bd59ee86011ed4882b table="pages" seconds=2.409e-6 stage="query_admission"
2026-09-09T19:50:51.026667Z DEBUG transparent_shard_server::service: query stage revision=be059aab39ac34125e0452548d6fbcfb1e7cdb7237a597bd59ee86011ed4882b table="pages" seconds=4.881e-6 stage="query_runtime"
2026-09-09T19:50:51.026757Z DEBUG transparent_shard_server::service: query stage revision=be059aab39ac34125e0452548d6fbcfb1e7cdb7237a597bd59ee86011ed4882b table="pages" seconds=1.8399e-5 stage="query_dispatch"
2026-09-09T19:50:51.038925Z DEBUG transparent_shard_server::service: query stage revision=be059aab39ac34125e0452548d6fbcfb1e7cdb7237a597bd59ee86011ed4882b table="pages" seconds=0.012149796 stage="query_evaluate"
2026-09-09T19:50:51.066480Z DEBUG transparent_shard_server::service: query stage revision=be059aab39ac34125e0452548d6fbcfb1e7cdb7237a597bd59ee86011ed4882b table="pages" seconds=2.751e-6 stage="query_admission"
2026-09-09T19:50:51.066517Z DEBUG transparent_shard_server::service: query stage revision=be059aab39ac34125e0452548d6fbcfb1e7cdb7237a597bd59ee86011ed4882b table="pages" seconds=5.838e-6 stage="query_runtime"
2026-09-09T19:50:51.066617Z DEBUG transparent_shard_server::service: query stage revision=be059aab39ac34125e0452548d6fbcfb1e7cdb7237a597bd59ee86011ed4882b table="pages" seconds=1.3181e-5 stage="query_dispatch"
2026-09-09T19:50:51.082107Z DEBUG transparent_shard_server::service: query stage revision=be059aab39ac34125e0452548d6fbcfb1e7cdb7237a597bd59ee86011ed4882b table="pages" seconds=0.015481853 stage="query_evaluate"
2026-09-09T19:50:51.189772Z DEBUG transparent_shard_server::runtime: construction stage geometry="recent-8k" table="pages" seconds=0.305734172 stage="encode_database"
2026-09-09T19:50:51.189926Z DEBUG transparent_shard_server::runtime: construction stage geometry="recent-8k" table="pages" seconds=0.000118362 stage="public_setup"
2026-09-09T19:50:51.207910Z DEBUG transparent_shard_server::service: query stage revision=be059aab39ac34125e0452548d6fbcfb1e7cdb7237a597bd59ee86011ed4882b table="directory" seconds=2.883e-6 stage="query_admission"
2026-09-09T19:50:51.207941Z DEBUG transparent_shard_server::service: query stage revision=be059aab39ac34125e0452548d6fbcfb1e7cdb7237a597bd59ee86011ed4882b table="directory" seconds=5.584e-6 stage="query_runtime"
2026-09-09T19:50:51.210202Z DEBUG transparent_shard_server::service: query stage revision=be059aab39ac34125e0452548d6fbcfb1e7cdb7237a597bd59ee86011ed4882b table="directory" seconds=0.00219789 stage="query_dispatch"
2026-09-09T19:50:51.238062Z DEBUG transparent_shard_server::service: query stage revision=be059aab39ac34125e0452548d6fbcfb1e7cdb7237a597bd59ee86011ed4882b table="directory" seconds=2.753e-6 stage="query_admission"
2026-09-09T19:50:51.238095Z DEBUG transparent_shard_server::service: query stage revision=be059aab39ac34125e0452548d6fbcfb1e7cdb7237a597bd59ee86011ed4882b table="directory" seconds=6.243e-6 stage="query_runtime"
2026-09-09T19:50:51.238197Z DEBUG transparent_shard_server::service: query stage revision=be059aab39ac34125e0452548d6fbcfb1e7cdb7237a597bd59ee86011ed4882b table="directory" seconds=1.2224e-5 stage="query_dispatch"
2026-09-09T19:50:51.461133Z DEBUG transparent_shard_server::runtime: runtime stage key=("268f5c527d35817d37919707b04a706c850d449156baa071b5438dbf8eb53aec", Directory, 0) seconds=0.725995499 stage="disk_save"
2026-09-09T19:50:51.793802Z DEBUG transparent_shard_server::service: query stage revision=be059aab39ac34125e0452548d6fbcfb1e7cdb7237a597bd59ee86011ed4882b table="directory" seconds=0.555595853 stage="query_evaluate"
2026-09-09T19:50:51.794644Z DEBUG transparent_shard_server::service: query stage revision=be059aab39ac34125e0452548d6fbcfb1e7cdb7237a597bd59ee86011ed4882b table="directory" seconds=0.584421878 stage="query_evaluate"
2026-09-09T19:50:51.794762Z DEBUG transparent_shard_server::runtime: construction stage geometry="recent-8k" table="pages" seconds=0.604831697 stage="hint_columns"
2026-09-09T19:50:51.950620Z DEBUG transparent_shard_server::service: query stage revision=be059aab39ac34125e0452548d6fbcfb1e7cdb7237a597bd59ee86011ed4882b table="pages" seconds=2.587e-6 stage="query_admission"
2026-09-09T19:50:51.950656Z DEBUG transparent_shard_server::service: query stage revision=be059aab39ac34125e0452548d6fbcfb1e7cdb7237a597bd59ee86011ed4882b table="pages" seconds=4.997e-6 stage="query_runtime"
2026-09-09T19:50:51.950762Z DEBUG transparent_shard_server::service: query stage revision=be059aab39ac34125e0452548d6fbcfb1e7cdb7237a597bd59ee86011ed4882b table="pages" seconds=3.0146e-5 stage="query_dispatch"
2026-09-09T19:50:51.950769Z DEBUG transparent_shard_server::service: query stage revision=be059aab39ac34125e0452548d6fbcfb1e7cdb7237a597bd59ee86011ed4882b table="pages" seconds=1.475e-6 stage="query_admission"
2026-09-09T19:50:51.950806Z DEBUG transparent_shard_server::service: query stage revision=be059aab39ac34125e0452548d6fbcfb1e7cdb7237a597bd59ee86011ed4882b table="pages" seconds=3.601e-6 stage="query_runtime"
2026-09-09T19:50:51.950875Z DEBUG transparent_shard_server::service: query stage revision=be059aab39ac34125e0452548d6fbcfb1e7cdb7237a597bd59ee86011ed4882b table="pages" seconds=8.321e-6 stage="query_dispatch"
2026-09-09T19:50:51.970708Z DEBUG transparent_shard_server::service: query stage revision=be059aab39ac34125e0452548d6fbcfb1e7cdb7237a597bd59ee86011ed4882b table="pages" seconds=0.019826139 stage="query_evaluate"
2026-09-09T19:50:51.970712Z DEBUG transparent_shard_server::service: query stage revision=be059aab39ac34125e0452548d6fbcfb1e7cdb7237a597bd59ee86011ed4882b table="pages" seconds=0.019925375 stage="query_evaluate"
2026-09-09T19:50:52.127682Z DEBUG transparent_shard_server::service: query stage revision=be059aab39ac34125e0452548d6fbcfb1e7cdb7237a597bd59ee86011ed4882b table="directory" seconds=2.839e-6 stage="query_admission"
2026-09-09T19:50:52.127722Z DEBUG transparent_shard_server::service: query stage revision=be059aab39ac34125e0452548d6fbcfb1e7cdb7237a597bd59ee86011ed4882b table="directory" seconds=5.239e-6 stage="query_runtime"
2026-09-09T19:50:52.128283Z DEBUG transparent_shard_server::service: query stage revision=be059aab39ac34125e0452548d6fbcfb1e7cdb7237a597bd59ee86011ed4882b table="directory" seconds=0.000473732 stage="query_dispatch"
2026-09-09T19:50:52.136357Z DEBUG transparent_shard_server::service: query stage revision=be059aab39ac34125e0452548d6fbcfb1e7cdb7237a597bd59ee86011ed4882b table="directory" seconds=2.383e-6 stage="query_admission"
2026-09-09T19:50:52.136391Z DEBUG transparent_shard_server::service: query stage revision=be059aab39ac34125e0452548d6fbcfb1e7cdb7237a597bd59ee86011ed4882b table="directory" seconds=4.706e-6 stage="query_runtime"
2026-09-09T19:50:52.137047Z DEBUG transparent_shard_server::service: query stage revision=be059aab39ac34125e0452548d6fbcfb1e7cdb7237a597bd59ee86011ed4882b table="directory" seconds=0.000583283 stage="query_dispatch"
2026-09-09T19:50:52.137739Z DEBUG transparent_shard_server::service: query stage revision=be059aab39ac34125e0452548d6fbcfb1e7cdb7237a597bd59ee86011ed4882b table="directory" seconds=0.009431164 stage="query_evaluate"
2026-09-09T19:50:52.147524Z DEBUG transparent_shard_server::service: query stage revision=be059aab39ac34125e0452548d6fbcfb1e7cdb7237a597bd59ee86011ed4882b table="directory" seconds=0.010458046 stage="query_evaluate"
2026-09-09T19:50:52.299415Z DEBUG transparent_shard_server::service: query stage revision=be059aab39ac34125e0452548d6fbcfb1e7cdb7237a597bd59ee86011ed4882b table="pages" seconds=3.29e-6 stage="query_admission"
2026-09-09T19:50:52.299458Z DEBUG transparent_shard_server::service: query stage revision=be059aab39ac34125e0452548d6fbcfb1e7cdb7237a597bd59ee86011ed4882b table="pages" seconds=5.246e-6 stage="query_runtime"
2026-09-09T19:50:52.299564Z DEBUG transparent_shard_server::service: query stage revision=be059aab39ac34125e0452548d6fbcfb1e7cdb7237a597bd59ee86011ed4882b table="pages" seconds=1.3085e-5 stage="query_dispatch"
2026-09-09T19:50:52.309755Z DEBUG transparent_shard_server::service: query stage revision=be059aab39ac34125e0452548d6fbcfb1e7cdb7237a597bd59ee86011ed4882b table="pages" seconds=0.010169403 stage="query_evaluate"
2026-09-09T19:50:52.311261Z DEBUG transparent_shard_server::service: query stage revision=be059aab39ac34125e0452548d6fbcfb1e7cdb7237a597bd59ee86011ed4882b table="pages" seconds=2.371e-6 stage="query_admission"
2026-09-09T19:50:52.311282Z DEBUG transparent_shard_server::service: query stage revision=be059aab39ac34125e0452548d6fbcfb1e7cdb7237a597bd59ee86011ed4882b table="pages" seconds=4.748e-6 stage="query_runtime"
2026-09-09T19:50:52.311369Z DEBUG transparent_shard_server::service: query stage revision=be059aab39ac34125e0452548d6fbcfb1e7cdb7237a597bd59ee86011ed4882b table="pages" seconds=1.0915e-5 stage="query_dispatch"
2026-09-09T19:50:52.320710Z DEBUG transparent_shard_server::service: query stage revision=be059aab39ac34125e0452548d6fbcfb1e7cdb7237a597bd59ee86011ed4882b table="pages" seconds=0.009334976 stage="query_evaluate"
2026-09-09T19:50:52.473083Z DEBUG transparent_shard_server::service: query stage revision=be059aab39ac34125e0452548d6fbcfb1e7cdb7237a597bd59ee86011ed4882b table="directory" seconds=2.884e-6 stage="query_admission"
2026-09-09T19:50:52.473120Z DEBUG transparent_shard_server::service: query stage revision=be059aab39ac34125e0452548d6fbcfb1e7cdb7237a597bd59ee86011ed4882b table="directory" seconds=5.175e-6 stage="query_runtime"
2026-09-09T19:50:52.473240Z DEBUG transparent_shard_server::service: query stage revision=be059aab39ac34125e0452548d6fbcfb1e7cdb7237a597bd59ee86011ed4882b table="directory" seconds=3.0326e-5 stage="query_dispatch"
2026-09-09T19:50:52.482857Z DEBUG transparent_shard_server::service: query stage revision=be059aab39ac34125e0452548d6fbcfb1e7cdb7237a597bd59ee86011ed4882b table="directory" seconds=0.009590038 stage="query_evaluate"
2026-09-09T19:50:52.485653Z DEBUG transparent_shard_server::service: query stage revision=be059aab39ac34125e0452548d6fbcfb1e7cdb7237a597bd59ee86011ed4882b table="directory" seconds=2.22e-6 stage="query_admission"
2026-09-09T19:50:52.485678Z DEBUG transparent_shard_server::service: query stage revision=be059aab39ac34125e0452548d6fbcfb1e7cdb7237a597bd59ee86011ed4882b table="directory" seconds=5.488e-6 stage="query_runtime"
2026-09-09T19:50:52.485763Z DEBUG transparent_shard_server::service: query stage revision=be059aab39ac34125e0452548d6fbcfb1e7cdb7237a597bd59ee86011ed4882b table="directory" seconds=1.1992e-5 stage="query_dispatch"
2026-09-09T19:50:52.494944Z DEBUG transparent_shard_server::service: query stage revision=be059aab39ac34125e0452548d6fbcfb1e7cdb7237a597bd59ee86011ed4882b table="directory" seconds=0.009173479 stage="query_evaluate"
2026-09-09T19:50:52.643615Z DEBUG transparent_shard_server::service: query stage revision=be059aab39ac34125e0452548d6fbcfb1e7cdb7237a597bd59ee86011ed4882b table="pages" seconds=3.536e-6 stage="query_admission"
2026-09-09T19:50:52.643658Z DEBUG transparent_shard_server::service: query stage revision=be059aab39ac34125e0452548d6fbcfb1e7cdb7237a597bd59ee86011ed4882b table="pages" seconds=6.641e-6 stage="query_runtime"
2026-09-09T19:50:52.643788Z DEBUG transparent_shard_server::service: query stage revision=be059aab39ac34125e0452548d6fbcfb1e7cdb7237a597bd59ee86011ed4882b table="pages" seconds=2.2607e-5 stage="query_dispatch"
2026-09-09T19:50:52.676584Z DEBUG transparent_shard_server::service: query stage revision=be059aab39ac34125e0452548d6fbcfb1e7cdb7237a597bd59ee86011ed4882b table="pages" seconds=3.497e-6 stage="query_admission"
2026-09-09T19:50:52.676622Z DEBUG transparent_shard_server::service: query stage revision=be059aab39ac34125e0452548d6fbcfb1e7cdb7237a597bd59ee86011ed4882b table="pages" seconds=6.358e-6 stage="query_runtime"
2026-09-09T19:50:52.676710Z DEBUG transparent_shard_server::service: query stage revision=be059aab39ac34125e0452548d6fbcfb1e7cdb7237a597bd59ee86011ed4882b table="pages" seconds=2.2061e-5 stage="query_dispatch"
2026-09-09T19:50:52.716767Z DEBUG transparent_shard_server::service: query stage revision=be059aab39ac34125e0452548d6fbcfb1e7cdb7237a597bd59ee86011ed4882b table="pages" seconds=0.072957855 stage="query_evaluate"
2026-09-09T19:50:52.716796Z DEBUG transparent_shard_server::service: query stage revision=be059aab39ac34125e0452548d6fbcfb1e7cdb7237a597bd59ee86011ed4882b table="pages" seconds=0.040039197 stage="query_evaluate"
2026-09-09T19:50:52.883823Z DEBUG transparent_shard_server::service: query stage revision=be059aab39ac34125e0452548d6fbcfb1e7cdb7237a597bd59ee86011ed4882b table="directory" seconds=3.748e-6 stage="query_admission"
2026-09-09T19:50:52.883823Z DEBUG transparent_shard_server::service: query stage revision=be059aab39ac34125e0452548d6fbcfb1e7cdb7237a597bd59ee86011ed4882b table="directory" seconds=3.888e-6 stage="query_admission"
2026-09-09T19:50:52.883879Z DEBUG transparent_shard_server::service: query stage revision=be059aab39ac34125e0452548d6fbcfb1e7cdb7237a597bd59ee86011ed4882b table="directory" seconds=8.907e-6 stage="query_runtime"
2026-09-09T19:50:52.883880Z DEBUG transparent_shard_server::service: query stage revision=be059aab39ac34125e0452548d6fbcfb1e7cdb7237a597bd59ee86011ed4882b table="directory" seconds=2.611e-6 stage="query_runtime"
2026-09-09T19:50:52.887217Z DEBUG transparent_shard_server::service: query stage revision=be059aab39ac34125e0452548d6fbcfb1e7cdb7237a597bd59ee86011ed4882b table="directory" seconds=0.003241509 stage="query_dispatch"
2026-09-09T19:50:52.887902Z DEBUG transparent_shard_server::service: query stage revision=be059aab39ac34125e0452548d6fbcfb1e7cdb7237a597bd59ee86011ed4882b table="directory" seconds=0.003926961 stage="query_dispatch"
2026-09-09T19:50:52.967617Z DEBUG transparent_shard_server::service: query stage revision=be059aab39ac34125e0452548d6fbcfb1e7cdb7237a597bd59ee86011ed4882b table="directory" seconds=0.079697952 stage="query_evaluate"
2026-09-09T19:50:52.968251Z DEBUG transparent_shard_server::service: query stage revision=be059aab39ac34125e0452548d6fbcfb1e7cdb7237a597bd59ee86011ed4882b table="directory" seconds=0.080997345 stage="query_evaluate"
2026-09-09T19:50:53.126872Z DEBUG transparent_shard_server::service: query stage revision=be059aab39ac34125e0452548d6fbcfb1e7cdb7237a597bd59ee86011ed4882b table="pages" seconds=2.737e-6 stage="query_admission"
2026-09-09T19:50:53.126909Z DEBUG transparent_shard_server::service: query stage revision=be059aab39ac34125e0452548d6fbcfb1e7cdb7237a597bd59ee86011ed4882b table="pages" seconds=5.925e-6 stage="query_runtime"
2026-09-09T19:50:53.127008Z DEBUG transparent_shard_server::service: query stage revision=be059aab39ac34125e0452548d6fbcfb1e7cdb7237a597bd59ee86011ed4882b table="pages" seconds=2.2544e-5 stage="query_dispatch"
2026-09-09T19:50:53.137381Z DEBUG transparent_shard_server::service: query stage revision=be059aab39ac34125e0452548d6fbcfb1e7cdb7237a597bd59ee86011ed4882b table="pages" seconds=2.131e-6 stage="query_admission"
2026-09-09T19:50:53.137414Z DEBUG transparent_shard_server::service: query stage revision=be059aab39ac34125e0452548d6fbcfb1e7cdb7237a597bd59ee86011ed4882b table="pages" seconds=4.673e-6 stage="query_runtime"
2026-09-09T19:50:53.138431Z DEBUG transparent_shard_server::service: query stage revision=be059aab39ac34125e0452548d6fbcfb1e7cdb7237a597bd59ee86011ed4882b table="pages" seconds=0.00094618 stage="query_dispatch"
2026-09-09T19:50:53.139197Z DEBUG transparent_shard_server::service: query stage revision=be059aab39ac34125e0452548d6fbcfb1e7cdb7237a597bd59ee86011ed4882b table="pages" seconds=0.01216827 stage="query_evaluate"
2026-09-09T19:50:53.150857Z DEBUG transparent_shard_server::service: query stage revision=be059aab39ac34125e0452548d6fbcfb1e7cdb7237a597bd59ee86011ed4882b table="pages" seconds=0.012397591 stage="query_evaluate"
2026-09-09T19:50:53.298987Z DEBUG transparent_shard_server::service: query stage revision=be059aab39ac34125e0452548d6fbcfb1e7cdb7237a597bd59ee86011ed4882b table="directory" seconds=2.863e-6 stage="query_admission"
2026-09-09T19:50:53.299036Z DEBUG transparent_shard_server::service: query stage revision=be059aab39ac34125e0452548d6fbcfb1e7cdb7237a597bd59ee86011ed4882b table="directory" seconds=5.699e-6 stage="query_runtime"
2026-09-09T19:50:53.299110Z DEBUG transparent_shard_server::service: query stage revision=be059aab39ac34125e0452548d6fbcfb1e7cdb7237a597bd59ee86011ed4882b table="directory" seconds=2.271e-5 stage="query_dispatch"
2026-09-09T19:50:53.309447Z DEBUG transparent_shard_server::service: query stage revision=be059aab39ac34125e0452548d6fbcfb1e7cdb7237a597bd59ee86011ed4882b table="directory" seconds=2.489e-6 stage="query_admission"
2026-09-09T19:50:53.309485Z DEBUG transparent_shard_server::service: query stage revision=be059aab39ac34125e0452548d6fbcfb1e7cdb7237a597bd59ee86011ed4882b table="directory" seconds=6.289e-6 stage="query_runtime"
2026-09-09T19:50:53.311177Z DEBUG transparent_shard_server::service: query stage revision=be059aab39ac34125e0452548d6fbcfb1e7cdb7237a597bd59ee86011ed4882b table="directory" seconds=0.001610649 stage="query_dispatch"
2026-09-09T19:50:53.311851Z DEBUG transparent_shard_server::service: query stage revision=be059aab39ac34125e0452548d6fbcfb1e7cdb7237a597bd59ee86011ed4882b table="directory" seconds=0.012721645 stage="query_evaluate"
2026-09-09T19:50:53.324249Z DEBUG transparent_shard_server::service: query stage revision=be059aab39ac34125e0452548d6fbcfb1e7cdb7237a597bd59ee86011ed4882b table="directory" seconds=0.013040926 stage="query_evaluate"
2026-09-09T19:50:53.473295Z DEBUG transparent_shard_server::service: query stage revision=be059aab39ac34125e0452548d6fbcfb1e7cdb7237a597bd59ee86011ed4882b table="pages" seconds=2.852e-6 stage="query_admission"
2026-09-09T19:50:53.473333Z DEBUG transparent_shard_server::service: query stage revision=be059aab39ac34125e0452548d6fbcfb1e7cdb7237a597bd59ee86011ed4882b table="pages" seconds=6.043e-6 stage="query_runtime"
2026-09-09T19:50:53.473423Z DEBUG transparent_shard_server::service: query stage revision=be059aab39ac34125e0452548d6fbcfb1e7cdb7237a597bd59ee86011ed4882b table="pages" seconds=1.3577e-5 stage="query_dispatch"
2026-09-09T19:50:53.482019Z DEBUG transparent_shard_server::service: query stage revision=be059aab39ac34125e0452548d6fbcfb1e7cdb7237a597bd59ee86011ed4882b table="pages" seconds=2.538e-6 stage="query_admission"
2026-09-09T19:50:53.482055Z DEBUG transparent_shard_server::service: query stage revision=be059aab39ac34125e0452548d6fbcfb1e7cdb7237a597bd59ee86011ed4882b table="pages" seconds=5.014e-6 stage="query_runtime"
2026-09-09T19:50:53.482151Z DEBUG transparent_shard_server::service: query stage revision=be059aab39ac34125e0452548d6fbcfb1e7cdb7237a597bd59ee86011ed4882b table="pages" seconds=1.9382e-5 stage="query_dispatch"
2026-09-09T19:50:53.485641Z DEBUG transparent_shard_server::service: query stage revision=be059aab39ac34125e0452548d6fbcfb1e7cdb7237a597bd59ee86011ed4882b table="pages" seconds=0.01221118 stage="query_evaluate"
2026-09-09T19:50:53.497453Z DEBUG transparent_shard_server::service: query stage revision=be059aab39ac34125e0452548d6fbcfb1e7cdb7237a597bd59ee86011ed4882b table="pages" seconds=0.01526773 stage="query_evaluate"
2026-09-09T19:50:53.644098Z DEBUG transparent_shard_server::service: query stage revision=be059aab39ac34125e0452548d6fbcfb1e7cdb7237a597bd59ee86011ed4882b table="directory" seconds=2.405e-6 stage="query_admission"
2026-09-09T19:50:53.644135Z DEBUG transparent_shard_server::service: query stage revision=be059aab39ac34125e0452548d6fbcfb1e7cdb7237a597bd59ee86011ed4882b table="directory" seconds=6.43e-6 stage="query_runtime"
2026-09-09T19:50:53.644292Z DEBUG transparent_shard_server::service: query stage revision=be059aab39ac34125e0452548d6fbcfb1e7cdb7237a597bd59ee86011ed4882b table="directory" seconds=5.3076e-5 stage="query_dispatch"
2026-09-09T19:50:53.655666Z DEBUG transparent_shard_server::service: query stage revision=be059aab39ac34125e0452548d6fbcfb1e7cdb7237a597bd59ee86011ed4882b table="directory" seconds=2.739e-6 stage="query_admission"
2026-09-09T19:50:53.655695Z DEBUG transparent_shard_server::service: query stage revision=be059aab39ac34125e0452548d6fbcfb1e7cdb7237a597bd59ee86011ed4882b table="directory" seconds=4.71e-6 stage="query_runtime"
2026-09-09T19:50:53.655799Z DEBUG transparent_shard_server::service: query stage revision=be059aab39ac34125e0452548d6fbcfb1e7cdb7237a597bd59ee86011ed4882b table="directory" seconds=2.0703e-5 stage="query_dispatch"
2026-09-09T19:50:53.656326Z DEBUG transparent_shard_server::service: query stage revision=be059aab39ac34125e0452548d6fbcfb1e7cdb7237a597bd59ee86011ed4882b table="directory" seconds=0.01200988 stage="query_evaluate"
2026-09-09T19:50:53.668611Z DEBUG transparent_shard_server::service: query stage revision=be059aab39ac34125e0452548d6fbcfb1e7cdb7237a597bd59ee86011ed4882b table="directory" seconds=0.012792219 stage="query_evaluate"
2026-09-09T19:50:53.817632Z DEBUG transparent_shard_server::service: query stage revision=be059aab39ac34125e0452548d6fbcfb1e7cdb7237a597bd59ee86011ed4882b table="pages" seconds=3.231e-6 stage="query_admission"
2026-09-09T19:50:53.817667Z DEBUG transparent_shard_server::service: query stage revision=be059aab39ac34125e0452548d6fbcfb1e7cdb7237a597bd59ee86011ed4882b table="pages" seconds=4.663e-6 stage="query_runtime"
2026-09-09T19:50:53.817730Z DEBUG transparent_shard_server::service: query stage revision=be059aab39ac34125e0452548d6fbcfb1e7cdb7237a597bd59ee86011ed4882b table="pages" seconds=2.01e-5 stage="query_dispatch"
2026-09-09T19:50:53.827458Z DEBUG transparent_shard_server::service: query stage revision=be059aab39ac34125e0452548d6fbcfb1e7cdb7237a597bd59ee86011ed4882b table="pages" seconds=2.514e-6 stage="query_admission"
2026-09-09T19:50:53.827497Z DEBUG transparent_shard_server::service: query stage revision=be059aab39ac34125e0452548d6fbcfb1e7cdb7237a597bd59ee86011ed4882b table="pages" seconds=5.102e-6 stage="query_runtime"
2026-09-09T19:50:53.829036Z DEBUG transparent_shard_server::service: query stage revision=be059aab39ac34125e0452548d6fbcfb1e7cdb7237a597bd59ee86011ed4882b table="pages" seconds=0.001456438 stage="query_dispatch"
2026-09-09T19:50:53.836742Z DEBUG transparent_shard_server::service: query stage revision=be059aab39ac34125e0452548d6fbcfb1e7cdb7237a597bd59ee86011ed4882b table="pages" seconds=0.018992287 stage="query_evaluate"
2026-09-09T19:50:53.842306Z DEBUG transparent_shard_server::service: query stage revision=be059aab39ac34125e0452548d6fbcfb1e7cdb7237a597bd59ee86011ed4882b table="pages" seconds=0.013241318 stage="query_evaluate"
2026-09-09T19:50:53.903313Z DEBUG transparent_shard_server::runtime: construction stage geometry="recent-8k" table="pages" seconds=2.10854304 stage="pack_preprocessing"
2026-09-09T19:50:53.903614Z DEBUG transparent_shard_server::runtime: construction stage geometry="recent-8k" table="pages" seconds=0.000266708 stage="publish_parameters"
2026-09-09T19:50:53.904388Z DEBUG transparent_shard_server::runtime: runtime stage key=("268f5c527d35817d37919707b04a706c850d449156baa071b5438dbf8eb53aec", Pages, 0) seconds=3.020350401 stage="runtime_build"
2026-09-09T19:50:53.904410Z DEBUG transparent_shard_server::runtime: runtime stage key=("268f5c527d35817d37919707b04a706c850d449156baa071b5438dbf8eb53aec", Pages, 0) reserved_bytes=136314880 stage="serialization_handoff"
2026-09-09T19:50:53.993501Z DEBUG transparent_shard_server::service: query stage revision=be059aab39ac34125e0452548d6fbcfb1e7cdb7237a597bd59ee86011ed4882b table="directory" seconds=2.522e-6 stage="query_admission"
2026-09-09T19:50:53.993536Z DEBUG transparent_shard_server::service: query stage revision=be059aab39ac34125e0452548d6fbcfb1e7cdb7237a597bd59ee86011ed4882b table="directory" seconds=6.184e-6 stage="query_runtime"
2026-09-09T19:50:53.993626Z DEBUG transparent_shard_server::service: query stage revision=be059aab39ac34125e0452548d6fbcfb1e7cdb7237a597bd59ee86011ed4882b table="directory" seconds=1.292e-5 stage="query_dispatch"
2026-09-09T19:50:54.002541Z DEBUG transparent_shard_server::service: query stage revision=be059aab39ac34125e0452548d6fbcfb1e7cdb7237a597bd59ee86011ed4882b table="directory" seconds=2.486e-6 stage="query_admission"
2026-09-09T19:50:54.002583Z DEBUG transparent_shard_server::service: query stage revision=be059aab39ac34125e0452548d6fbcfb1e7cdb7237a597bd59ee86011ed4882b table="directory" seconds=5.493e-6 stage="query_runtime"
2026-09-09T19:50:54.002673Z DEBUG transparent_shard_server::service: query stage revision=be059aab39ac34125e0452548d6fbcfb1e7cdb7237a597bd59ee86011ed4882b table="directory" seconds=1.9231e-5 stage="query_dispatch"
2026-09-09T19:50:54.003719Z DEBUG transparent_shard_server::service: query stage revision=be059aab39ac34125e0452548d6fbcfb1e7cdb7237a597bd59ee86011ed4882b table="directory" seconds=0.010087919 stage="query_evaluate"
2026-09-09T19:50:54.012689Z DEBUG transparent_shard_server::service: query stage revision=be059aab39ac34125e0452548d6fbcfb1e7cdb7237a597bd59ee86011ed4882b table="directory" seconds=0.009996449 stage="query_evaluate"
2026-09-09T19:50:54.161316Z DEBUG transparent_shard_server::service: query stage revision=be059aab39ac34125e0452548d6fbcfb1e7cdb7237a597bd59ee86011ed4882b table="pages" seconds=2.721e-6 stage="query_admission"
2026-09-09T19:50:54.161345Z DEBUG transparent_shard_server::service: query stage revision=be059aab39ac34125e0452548d6fbcfb1e7cdb7237a597bd59ee86011ed4882b table="pages" seconds=4.986e-6 stage="query_runtime"
2026-09-09T19:50:54.161429Z DEBUG transparent_shard_server::service: query stage revision=be059aab39ac34125e0452548d6fbcfb1e7cdb7237a597bd59ee86011ed4882b table="pages" seconds=1.256e-5 stage="query_dispatch"
2026-09-09T19:50:54.167465Z DEBUG transparent_shard_server::service: query stage revision=be059aab39ac34125e0452548d6fbcfb1e7cdb7237a597bd59ee86011ed4882b table="pages" seconds=2.859e-6 stage="query_admission"
2026-09-09T19:50:54.167494Z DEBUG transparent_shard_server::service: query stage revision=be059aab39ac34125e0452548d6fbcfb1e7cdb7237a597bd59ee86011ed4882b table="pages" seconds=4.523e-6 stage="query_runtime"
2026-09-09T19:50:54.167617Z DEBUG transparent_shard_server::service: query stage revision=be059aab39ac34125e0452548d6fbcfb1e7cdb7237a597bd59ee86011ed4882b table="pages" seconds=1.2615e-5 stage="query_dispatch"
2026-09-09T19:50:54.172828Z DEBUG transparent_shard_server::service: query stage revision=be059aab39ac34125e0452548d6fbcfb1e7cdb7237a597bd59ee86011ed4882b table="pages" seconds=0.011392402 stage="query_evaluate"
2026-09-09T19:50:54.179465Z DEBUG transparent_shard_server::service: query stage revision=be059aab39ac34125e0452548d6fbcfb1e7cdb7237a597bd59ee86011ed4882b table="pages" seconds=0.01184132 stage="query_evaluate"
2026-09-09T19:50:54.330255Z DEBUG transparent_shard_server::service: query stage revision=be059aab39ac34125e0452548d6fbcfb1e7cdb7237a597bd59ee86011ed4882b table="directory" seconds=2.647e-6 stage="query_admission"
2026-09-09T19:50:54.330285Z DEBUG transparent_shard_server::service: query stage revision=be059aab39ac34125e0452548d6fbcfb1e7cdb7237a597bd59ee86011ed4882b table="directory" seconds=5.581e-6 stage="query_runtime"
2026-09-09T19:50:54.330381Z DEBUG transparent_shard_server::service: query stage revision=be059aab39ac34125e0452548d6fbcfb1e7cdb7237a597bd59ee86011ed4882b table="directory" seconds=2.3669e-5 stage="query_dispatch"
2026-09-09T19:50:54.335798Z DEBUG transparent_shard_server::service: query stage revision=be059aab39ac34125e0452548d6fbcfb1e7cdb7237a597bd59ee86011ed4882b table="directory" seconds=2.876e-6 stage="query_admission"
2026-09-09T19:50:54.335823Z DEBUG transparent_shard_server::service: query stage revision=be059aab39ac34125e0452548d6fbcfb1e7cdb7237a597bd59ee86011ed4882b table="directory" seconds=5.575e-6 stage="query_runtime"
2026-09-09T19:50:54.335891Z DEBUG transparent_shard_server::service: query stage revision=be059aab39ac34125e0452548d6fbcfb1e7cdb7237a597bd59ee86011ed4882b table="directory" seconds=9.348e-6 stage="query_dispatch"
2026-09-09T19:50:54.344267Z DEBUG transparent_shard_server::service: query stage revision=be059aab39ac34125e0452548d6fbcfb1e7cdb7237a597bd59ee86011ed4882b table="directory" seconds=0.013865495 stage="query_evaluate"
2026-09-09T19:50:54.351012Z DEBUG transparent_shard_server::service: query stage revision=be059aab39ac34125e0452548d6fbcfb1e7cdb7237a597bd59ee86011ed4882b table="directory" seconds=0.015114355 stage="query_evaluate"
2026-09-09T19:50:54.501964Z DEBUG transparent_shard_server::service: query stage revision=be059aab39ac34125e0452548d6fbcfb1e7cdb7237a597bd59ee86011ed4882b table="pages" seconds=3.048e-6 stage="query_admission"
2026-09-09T19:50:54.501999Z DEBUG transparent_shard_server::service: query stage revision=be059aab39ac34125e0452548d6fbcfb1e7cdb7237a597bd59ee86011ed4882b table="pages" seconds=5.119e-6 stage="query_runtime"
2026-09-09T19:50:54.502104Z DEBUG transparent_shard_server::service: query stage revision=be059aab39ac34125e0452548d6fbcfb1e7cdb7237a597bd59ee86011ed4882b table="pages" seconds=2.8307e-5 stage="query_dispatch"
2026-09-09T19:50:54.510425Z DEBUG transparent_shard_server::service: query stage revision=be059aab39ac34125e0452548d6fbcfb1e7cdb7237a597bd59ee86011ed4882b table="pages" seconds=3.224e-6 stage="query_admission"
2026-09-09T19:50:54.510454Z DEBUG transparent_shard_server::service: query stage revision=be059aab39ac34125e0452548d6fbcfb1e7cdb7237a597bd59ee86011ed4882b table="pages" seconds=4.702e-6 stage="query_runtime"
2026-09-09T19:50:54.510560Z DEBUG transparent_shard_server::service: query stage revision=be059aab39ac34125e0452548d6fbcfb1e7cdb7237a597bd59ee86011ed4882b table="pages" seconds=2.1498e-5 stage="query_dispatch"
2026-09-09T19:50:54.513602Z DEBUG transparent_shard_server::service: query stage revision=be059aab39ac34125e0452548d6fbcfb1e7cdb7237a597bd59ee86011ed4882b table="pages" seconds=0.011490464 stage="query_evaluate"
2026-09-09T19:50:54.520076Z DEBUG transparent_shard_server::service: query stage revision=be059aab39ac34125e0452548d6fbcfb1e7cdb7237a597bd59ee86011ed4882b table="pages" seconds=0.009491983 stage="query_evaluate"
2026-09-09T19:50:54.604024Z DEBUG transparent_shard_server::runtime: runtime stage key=("268f5c527d35817d37919707b04a706c850d449156baa071b5438dbf8eb53aec", Pages, 0) seconds=0.6996075 stage="disk_save"
2026-09-09T19:50:54.604125Z  INFO transparent_shard_server::service: prewarm finished warm=28 target=28 failed=0 seconds=6.968775743
2026-09-09T19:50:54.604209Z DEBUG transparent_shard_server::live: publication preparation stages map=12cbb58695cd66166197842d179b61598c15effb06ad32efcd899a13e36e7b10 loading_seconds=0.602013981 warming_seconds=6.968893378
2026-09-09T19:50:54.673177Z DEBUG transparent_shard_server::service: query stage revision=be059aab39ac34125e0452548d6fbcfb1e7cdb7237a597bd59ee86011ed4882b table="directory" seconds=2.653e-6 stage="query_admission"
2026-09-09T19:50:54.673228Z DEBUG transparent_shard_server::service: query stage revision=be059aab39ac34125e0452548d6fbcfb1e7cdb7237a597bd59ee86011ed4882b table="directory" seconds=5.956e-6 stage="query_runtime"
2026-09-09T19:50:54.673342Z DEBUG transparent_shard_server::service: query stage revision=be059aab39ac34125e0452548d6fbcfb1e7cdb7237a597bd59ee86011ed4882b table="directory" seconds=1.7185e-5 stage="query_dispatch"
2026-09-09T19:50:54.676901Z DEBUG transparent_shard_server::service: query stage revision=be059aab39ac34125e0452548d6fbcfb1e7cdb7237a597bd59ee86011ed4882b table="directory" seconds=5.971e-6 stage="query_admission"
2026-09-09T19:50:54.676945Z DEBUG transparent_shard_server::service: query stage revision=be059aab39ac34125e0452548d6fbcfb1e7cdb7237a597bd59ee86011ed4882b table="directory" seconds=4.995e-6 stage="query_runtime"
2026-09-09T19:50:54.677056Z DEBUG transparent_shard_server::service: query stage revision=be059aab39ac34125e0452548d6fbcfb1e7cdb7237a597bd59ee86011ed4882b table="directory" seconds=2.1596e-5 stage="query_dispatch"
2026-09-09T19:50:54.687363Z DEBUG transparent_shard_server::service: query stage revision=be059aab39ac34125e0452548d6fbcfb1e7cdb7237a597bd59ee86011ed4882b table="directory" seconds=0.014012267 stage="query_evaluate"
2026-09-09T19:50:54.688144Z DEBUG transparent_shard_server::service: query stage revision=be059aab39ac34125e0452548d6fbcfb1e7cdb7237a597bd59ee86011ed4882b table="directory" seconds=0.011062447 stage="query_evaluate"
2026-09-09T19:50:54.876692Z DEBUG transparent_shard_server::service: query stage revision=268f5c527d35817d37919707b04a706c850d449156baa071b5438dbf8eb53aec table="pages" seconds=2.753e-6 stage="query_admission"
2026-09-09T19:50:54.876746Z DEBUG transparent_shard_server::service: query stage revision=268f5c527d35817d37919707b04a706c850d449156baa071b5438dbf8eb53aec table="pages" seconds=6.885e-6 stage="query_runtime"
2026-09-09T19:50:54.876858Z DEBUG transparent_shard_server::service: query stage revision=268f5c527d35817d37919707b04a706c850d449156baa071b5438dbf8eb53aec table="pages" seconds=3.2466e-5 stage="query_dispatch"
2026-09-09T19:50:54.876934Z DEBUG transparent_shard_server::service: query stage revision=268f5c527d35817d37919707b04a706c850d449156baa071b5438dbf8eb53aec table="pages" seconds=1.365e-6 stage="query_admission"
2026-09-09T19:50:54.876943Z DEBUG transparent_shard_server::service: query stage revision=268f5c527d35817d37919707b04a706c850d449156baa071b5438dbf8eb53aec table="pages" seconds=3.009e-6 stage="query_runtime"
2026-09-09T19:50:54.876999Z DEBUG transparent_shard_server::service: query stage revision=268f5c527d35817d37919707b04a706c850d449156baa071b5438dbf8eb53aec table="pages" seconds=2.0791e-5 stage="query_dispatch"
2026-09-09T19:50:54.888875Z DEBUG transparent_shard_server::service: query stage revision=268f5c527d35817d37919707b04a706c850d449156baa071b5438dbf8eb53aec table="pages" seconds=0.011860288 stage="query_evaluate"
2026-09-09T19:50:54.889590Z DEBUG transparent_shard_server::service: query stage revision=268f5c527d35817d37919707b04a706c850d449156baa071b5438dbf8eb53aec table="pages" seconds=0.012707314 stage="query_evaluate"
2026-09-09T19:50:55.070588Z DEBUG transparent_shard_server::service: query stage revision=268f5c527d35817d37919707b04a706c850d449156baa071b5438dbf8eb53aec table="directory" seconds=3.022e-6 stage="query_admission"
2026-09-09T19:50:55.070625Z DEBUG transparent_shard_server::service: query stage revision=268f5c527d35817d37919707b04a706c850d449156baa071b5438dbf8eb53aec table="directory" seconds=5.842e-6 stage="query_runtime"
2026-09-09T19:50:55.070706Z DEBUG transparent_shard_server::service: query stage revision=268f5c527d35817d37919707b04a706c850d449156baa071b5438dbf8eb53aec table="directory" seconds=2.156e-5 stage="query_dispatch"
2026-09-09T19:50:55.070805Z DEBUG transparent_shard_server::service: query stage revision=268f5c527d35817d37919707b04a706c850d449156baa071b5438dbf8eb53aec table="directory" seconds=1.634e-6 stage="query_admission"
2026-09-09T19:50:55.070821Z DEBUG transparent_shard_server::service: query stage revision=268f5c527d35817d37919707b04a706c850d449156baa071b5438dbf8eb53aec table="directory" seconds=4.013e-6 stage="query_runtime"
2026-09-09T19:50:55.070890Z DEBUG transparent_shard_server::service: query stage revision=268f5c527d35817d37919707b04a706c850d449156baa071b5438dbf8eb53aec table="directory" seconds=1.1542e-5 stage="query_dispatch"
2026-09-09T19:50:55.078935Z DEBUG transparent_shard_server::service: query stage revision=268f5c527d35817d37919707b04a706c850d449156baa071b5438dbf8eb53aec table="directory" seconds=0.008038358 stage="query_evaluate"
2026-09-09T19:50:55.083603Z DEBUG transparent_shard_server::service: query stage revision=268f5c527d35817d37919707b04a706c850d449156baa071b5438dbf8eb53aec table="directory" seconds=0.012879959 stage="query_evaluate"
2026-09-09T19:50:55.238890Z DEBUG transparent_shard_server::service: query stage revision=268f5c527d35817d37919707b04a706c850d449156baa071b5438dbf8eb53aec table="pages" seconds=3.002e-6 stage="query_admission"
2026-09-09T19:50:55.238929Z DEBUG transparent_shard_server::service: query stage revision=268f5c527d35817d37919707b04a706c850d449156baa071b5438dbf8eb53aec table="pages" seconds=6.065e-6 stage="query_runtime"
2026-09-09T19:50:55.239020Z DEBUG transparent_shard_server::service: query stage revision=268f5c527d35817d37919707b04a706c850d449156baa071b5438dbf8eb53aec table="pages" seconds=1.3759e-5 stage="query_dispatch"
2026-09-09T19:50:55.239006Z DEBUG transparent_shard_server::service: query stage revision=268f5c527d35817d37919707b04a706c850d449156baa071b5438dbf8eb53aec table="pages" seconds=1.81e-6 stage="query_admission"
2026-09-09T19:50:55.239430Z DEBUG transparent_shard_server::service: query stage revision=268f5c527d35817d37919707b04a706c850d449156baa071b5438dbf8eb53aec table="pages" seconds=4.904e-6 stage="query_runtime"
2026-09-09T19:50:55.240862Z DEBUG transparent_shard_server::service: query stage revision=268f5c527d35817d37919707b04a706c850d449156baa071b5438dbf8eb53aec table="pages" seconds=0.001358123 stage="query_dispatch"
2026-09-09T19:50:55.247248Z DEBUG transparent_shard_server::service: query stage revision=268f5c527d35817d37919707b04a706c850d449156baa071b5438dbf8eb53aec table="pages" seconds=0.008214312 stage="query_evaluate"
2026-09-09T19:50:55.251842Z DEBUG transparent_shard_server::service: query stage revision=268f5c527d35817d37919707b04a706c850d449156baa071b5438dbf8eb53aec table="pages" seconds=0.010948456 stage="query_evaluate"
test burst::publication_burst_under_exact_load ... ok

test result: ok. 1 passed; 0 failed; 0 ignored; 0 measured; 16 filtered out; finished in 107.60s

Finished with result: success
Main processes terminated with: code=exited/status=0
Service runtime: 1min 47.691s
CPU time consumed: 3min 52.760s
Memory peak: 2.0M
Memory swap peak: 0B
