Running as unit: transparent-full-burst-94955e65ab7d4023b87b93380880a205.service

running 1 test
2026-09-09T19:51:01.034309Z DEBUG transparent_shard_server::runtime: runtime stage key=("5b7ee9849d47f5ee67d04eb6ca4588beacf42dce75e5a1b481dfd02607b1fb20", Pages, 0) seconds=1.262e-6 stage="restore_slot"
2026-09-09T19:51:01.034305Z DEBUG transparent_shard_server::runtime: runtime stage key=("5b7ee9849d47f5ee67d04eb6ca4588beacf42dce75e5a1b481dfd02607b1fb20", Directory, 0) seconds=9.581e-6 stage="restore_slot"
2026-09-09T19:51:01.034546Z DEBUG transparent_shard_server::runtime: runtime stage key=("1f5d7213a380745d83cc554ad16bdf9e039a0304d0de0b71376828e1838d0ea4", Directory, 0) seconds=5.13e-7 stage="restore_slot"
2026-09-09T19:51:01.034611Z DEBUG transparent_shard_server::runtime: runtime stage key=("1f5d7213a380745d83cc554ad16bdf9e039a0304d0de0b71376828e1838d0ea4", Pages, 0) seconds=2.45e-7 stage="restore_slot"
2026-09-09T19:51:01.034752Z DEBUG transparent_shard_server::runtime: runtime stage key=("5b7ee9849d47f5ee67d04eb6ca4588beacf42dce75e5a1b481dfd02607b1fb20", Pages, 0) seconds=5.0841e-5 hit=false stage="disk_restore"
2026-09-09T19:51:01.034818Z DEBUG transparent_shard_server::runtime: runtime stage key=("5b7ee9849d47f5ee67d04eb6ca4588beacf42dce75e5a1b481dfd02607b1fb20", Pages, 0) seconds=1.352e-6 stage="build_slot"
2026-09-09T19:51:01.034822Z DEBUG transparent_shard_server::runtime: runtime stage key=("5b7ee9849d47f5ee67d04eb6ca4588beacf42dce75e5a1b481dfd02607b1fb20", Directory, 0) seconds=1.9204e-5 hit=false stage="disk_restore"
2026-09-09T19:51:01.034845Z DEBUG transparent_shard_server::runtime: runtime stage key=("5b7ee9849d47f5ee67d04eb6ca4588beacf42dce75e5a1b481dfd02607b1fb20", Directory, 0) seconds=1.21e-7 stage="build_slot"
2026-09-09T19:51:01.034849Z DEBUG transparent_shard_server::runtime: runtime stage key=("1f5d7213a380745d83cc554ad16bdf9e039a0304d0de0b71376828e1838d0ea4", Directory, 0) seconds=3.3633e-5 hit=false stage="disk_restore"
2026-09-09T19:51:01.034840Z DEBUG transparent_shard_server::runtime: runtime stage key=("1f5d7213a380745d83cc554ad16bdf9e039a0304d0de0b71376828e1838d0ea4", Pages, 0) seconds=2.9255e-5 hit=false stage="disk_restore"
2026-09-09T19:51:01.034902Z DEBUG transparent_shard_server::memory: cold build admission wait seconds=7.507e-5 admitted=true
2026-09-09T19:51:01.034939Z DEBUG transparent_shard_server::memory: cold build admission wait seconds=8.5961e-5 admitted=true
2026-09-09T19:51:01.185962Z DEBUG transparent_shard_server::runtime: runtime stage key=("5b7ee9849d47f5ee67d04eb6ca4588beacf42dce75e5a1b481dfd02607b1fb20", Directory, 0) seconds=0.150998238 stage="source_load"
2026-09-09T19:51:01.187814Z DEBUG transparent_shard_server::runtime: runtime stage key=("5b7ee9849d47f5ee67d04eb6ca4588beacf42dce75e5a1b481dfd02607b1fb20", Pages, 0) seconds=0.152889841 stage="source_load"
2026-09-09T19:51:01.491792Z DEBUG transparent_shard_server::runtime: construction stage geometry="recent-8k" table="directory" seconds=0.305772101 stage="encode_database"
2026-09-09T19:51:01.491900Z DEBUG transparent_shard_server::runtime: construction stage geometry="recent-8k" table="directory" seconds=6.3694e-5 stage="public_setup"
2026-09-09T19:51:01.497438Z DEBUG transparent_shard_server::runtime: construction stage geometry="recent-8k" table="pages" seconds=0.309591762 stage="encode_database"
2026-09-09T19:51:01.497533Z DEBUG transparent_shard_server::runtime: construction stage geometry="recent-8k" table="pages" seconds=6.2849e-5 stage="public_setup"
2026-09-09T19:51:02.568338Z DEBUG transparent_shard_server::runtime: construction stage geometry="recent-8k" table="pages" seconds=1.070798381 stage="hint_columns"
2026-09-09T19:51:02.571255Z DEBUG transparent_shard_server::runtime: construction stage geometry="recent-8k" table="directory" seconds=1.079347581 stage="hint_columns"
2026-09-09T19:51:04.860412Z DEBUG transparent_shard_server::runtime: construction stage geometry="recent-8k" table="directory" seconds=2.28912099 stage="pack_preprocessing"
2026-09-09T19:51:04.860733Z DEBUG transparent_shard_server::runtime: construction stage geometry="recent-8k" table="directory" seconds=0.000282289 stage="publish_parameters"
2026-09-09T19:51:04.861264Z DEBUG transparent_shard_server::runtime: runtime stage key=("5b7ee9849d47f5ee67d04eb6ca4588beacf42dce75e5a1b481dfd02607b1fb20", Directory, 0) seconds=3.675245731 stage="runtime_build"
2026-09-09T19:51:04.862818Z DEBUG transparent_shard_server::runtime: runtime stage key=("5b7ee9849d47f5ee67d04eb6ca4588beacf42dce75e5a1b481dfd02607b1fb20", Directory, 0) reserved_bytes=136314880 stage="serialization_handoff"
2026-09-09T19:51:04.864193Z DEBUG transparent_shard_server::runtime: runtime stage key=("1f5d7213a380745d83cc554ad16bdf9e039a0304d0de0b71376828e1838d0ea4", Directory, 0) seconds=3.82931641 stage="build_slot"
2026-09-09T19:51:04.864289Z DEBUG transparent_shard_server::memory: cold build admission wait seconds=7.2964e-5 admitted=true
2026-09-09T19:51:05.020277Z DEBUG transparent_shard_server::runtime: runtime stage key=("1f5d7213a380745d83cc554ad16bdf9e039a0304d0de0b71376828e1838d0ea4", Directory, 0) seconds=0.15310429 stage="source_load"
2026-09-09T19:51:05.328059Z DEBUG transparent_shard_server::runtime: construction stage geometry="recent-8k" table="directory" seconds=0.307748275 stage="encode_database"
2026-09-09T19:51:05.328150Z DEBUG transparent_shard_server::runtime: construction stage geometry="recent-8k" table="directory" seconds=6.0163e-5 stage="public_setup"
2026-09-09T19:51:05.767270Z DEBUG transparent_shard_server::runtime: runtime stage key=("5b7ee9849d47f5ee67d04eb6ca4588beacf42dce75e5a1b481dfd02607b1fb20", Directory, 0) seconds=0.904434748 stage="disk_save"
2026-09-09T19:51:05.767356Z DEBUG transparent_shard_server::runtime: runtime stage key=("ca7afe810c988a8b4b561668f3456a9f38d1fdbb0776614e07ddfeb1a2132000", Directory, 0) seconds=1.954e-6 stage="restore_slot"
2026-09-09T19:51:05.769205Z DEBUG transparent_shard_server::runtime: runtime stage key=("ca7afe810c988a8b4b561668f3456a9f38d1fdbb0776614e07ddfeb1a2132000", Directory, 0) seconds=3.4993e-5 hit=false stage="disk_restore"
2026-09-09T19:51:05.780756Z DEBUG transparent_shard_server::runtime: construction stage geometry="recent-8k" table="pages" seconds=3.212374049 stage="pack_preprocessing"
2026-09-09T19:51:05.781059Z DEBUG transparent_shard_server::runtime: construction stage geometry="recent-8k" table="pages" seconds=0.000263708 stage="publish_parameters"
2026-09-09T19:51:05.785596Z DEBUG transparent_shard_server::runtime: runtime stage key=("5b7ee9849d47f5ee67d04eb6ca4588beacf42dce75e5a1b481dfd02607b1fb20", Pages, 0) seconds=4.597749673 stage="runtime_build"
2026-09-09T19:51:05.786859Z DEBUG transparent_shard_server::runtime: runtime stage key=("1f5d7213a380745d83cc554ad16bdf9e039a0304d0de0b71376828e1838d0ea4", Pages, 0) seconds=4.751955064 stage="build_slot"
2026-09-09T19:51:05.786962Z DEBUG transparent_shard_server::memory: cold build admission wait seconds=8.0585e-5 admitted=true
2026-09-09T19:51:05.786983Z DEBUG transparent_shard_server::runtime: runtime stage key=("5b7ee9849d47f5ee67d04eb6ca4588beacf42dce75e5a1b481dfd02607b1fb20", Pages, 0) reserved_bytes=136314880 stage="serialization_handoff"
2026-09-09T19:51:06.059205Z DEBUG transparent_shard_server::runtime: runtime stage key=("1f5d7213a380745d83cc554ad16bdf9e039a0304d0de0b71376828e1838d0ea4", Pages, 0) seconds=0.272221517 stage="source_load"
2026-09-09T19:51:06.275188Z DEBUG transparent_shard_server::runtime: construction stage geometry="recent-8k" table="directory" seconds=0.947032186 stage="hint_columns"
2026-09-09T19:51:06.471894Z DEBUG transparent_shard_server::runtime: construction stage geometry="recent-8k" table="pages" seconds=0.412653548 stage="encode_database"
2026-09-09T19:51:06.472003Z DEBUG transparent_shard_server::runtime: construction stage geometry="recent-8k" table="pages" seconds=7.2903e-5 stage="public_setup"
2026-09-09T19:51:06.794313Z DEBUG transparent_shard_server::runtime: runtime stage key=("5b7ee9849d47f5ee67d04eb6ca4588beacf42dce75e5a1b481dfd02607b1fb20", Pages, 0) seconds=1.00732264 stage="disk_save"
2026-09-09T19:51:06.794383Z DEBUG transparent_shard_server::runtime: runtime stage key=("ca7afe810c988a8b4b561668f3456a9f38d1fdbb0776614e07ddfeb1a2132000", Pages, 0) seconds=2.115e-6 stage="restore_slot"
2026-09-09T19:51:06.794519Z DEBUG transparent_shard_server::runtime: runtime stage key=("ca7afe810c988a8b4b561668f3456a9f38d1fdbb0776614e07ddfeb1a2132000", Pages, 0) seconds=4.1099e-5 hit=false stage="disk_restore"
2026-09-09T19:51:07.375210Z DEBUG transparent_shard_server::runtime: construction stage geometry="recent-8k" table="pages" seconds=0.903199124 stage="hint_columns"
2026-09-09T19:51:08.567271Z DEBUG transparent_shard_server::runtime: construction stage geometry="recent-8k" table="directory" seconds=2.292051096 stage="pack_preprocessing"
2026-09-09T19:51:08.567604Z DEBUG transparent_shard_server::runtime: construction stage geometry="recent-8k" table="directory" seconds=0.0002932 stage="publish_parameters"
2026-09-09T19:51:08.568215Z DEBUG transparent_shard_server::runtime: runtime stage key=("1f5d7213a380745d83cc554ad16bdf9e039a0304d0de0b71376828e1838d0ea4", Directory, 0) seconds=3.547905477 stage="runtime_build"
2026-09-09T19:51:08.568246Z DEBUG transparent_shard_server::runtime: runtime stage key=("1f5d7213a380745d83cc554ad16bdf9e039a0304d0de0b71376828e1838d0ea4", Directory, 0) reserved_bytes=136314880 stage="serialization_handoff"
2026-09-09T19:51:08.568278Z DEBUG transparent_shard_server::runtime: runtime stage key=("ca7afe810c988a8b4b561668f3456a9f38d1fdbb0776614e07ddfeb1a2132000", Directory, 0) seconds=2.7980727229999998 stage="build_slot"
2026-09-09T19:51:08.568376Z DEBUG transparent_shard_server::memory: cold build admission wait seconds=7.7218e-5 admitted=true
2026-09-09T19:51:08.731018Z DEBUG transparent_shard_server::runtime: runtime stage key=("ca7afe810c988a8b4b561668f3456a9f38d1fdbb0776614e07ddfeb1a2132000", Directory, 0) seconds=0.162617627 stage="source_load"
2026-09-09T19:51:09.041347Z DEBUG transparent_shard_server::runtime: construction stage geometry="recent-8k" table="directory" seconds=0.310299902 stage="encode_database"
2026-09-09T19:51:09.041432Z DEBUG transparent_shard_server::runtime: construction stage geometry="recent-8k" table="directory" seconds=5.8649e-5 stage="public_setup"
2026-09-09T19:51:09.575207Z DEBUG transparent_shard_server::runtime: runtime stage key=("1f5d7213a380745d83cc554ad16bdf9e039a0304d0de0b71376828e1838d0ea4", Directory, 0) seconds=1.006955435 stage="disk_save"
2026-09-09T19:51:09.577207Z DEBUG transparent_shard_server::runtime: runtime stage key=("95df7205357fe2d9c962d2b41daded841e05afa7b6fc8d06dfec46ad04e15335", Directory, 0) seconds=2.39e-6 stage="restore_slot"
2026-09-09T19:51:09.577342Z DEBUG transparent_shard_server::runtime: runtime stage key=("95df7205357fe2d9c962d2b41daded841e05afa7b6fc8d06dfec46ad04e15335", Directory, 0) seconds=2.7505e-5 hit=false stage="disk_restore"
2026-09-09T19:51:09.932033Z DEBUG transparent_shard_server::runtime: construction stage geometry="recent-8k" table="directory" seconds=0.890593846 stage="hint_columns"
2026-09-09T19:51:09.934974Z DEBUG transparent_shard_server::runtime: construction stage geometry="recent-8k" table="pages" seconds=2.5597219669999998 stage="pack_preprocessing"
2026-09-09T19:51:09.935283Z DEBUG transparent_shard_server::runtime: construction stage geometry="recent-8k" table="pages" seconds=0.000282232 stage="publish_parameters"
2026-09-09T19:51:09.935736Z DEBUG transparent_shard_server::runtime: runtime stage key=("1f5d7213a380745d83cc554ad16bdf9e039a0304d0de0b71376828e1838d0ea4", Pages, 0) seconds=3.876498568 stage="runtime_build"
2026-09-09T19:51:09.935771Z DEBUG transparent_shard_server::runtime: runtime stage key=("ca7afe810c988a8b4b561668f3456a9f38d1fdbb0776614e07ddfeb1a2132000", Pages, 0) seconds=3.13859276 stage="build_slot"
2026-09-09T19:51:09.935846Z DEBUG transparent_shard_server::memory: cold build admission wait seconds=7.1327e-5 admitted=true
2026-09-09T19:51:09.935863Z DEBUG transparent_shard_server::runtime: runtime stage key=("1f5d7213a380745d83cc554ad16bdf9e039a0304d0de0b71376828e1838d0ea4", Pages, 0) reserved_bytes=136314880 stage="serialization_handoff"
2026-09-09T19:51:10.073483Z DEBUG transparent_shard_server::runtime: runtime stage key=("ca7afe810c988a8b4b561668f3456a9f38d1fdbb0776614e07ddfeb1a2132000", Pages, 0) seconds=0.137583697 stage="source_load"
2026-09-09T19:51:10.366081Z DEBUG transparent_shard_server::runtime: construction stage geometry="recent-8k" table="pages" seconds=0.292568765 stage="encode_database"
2026-09-09T19:51:10.366186Z DEBUG transparent_shard_server::runtime: construction stage geometry="recent-8k" table="pages" seconds=7.3774e-5 stage="public_setup"
2026-09-09T19:51:10.659642Z DEBUG transparent_shard_server::runtime: runtime stage key=("1f5d7213a380745d83cc554ad16bdf9e039a0304d0de0b71376828e1838d0ea4", Pages, 0) seconds=0.723743756 stage="disk_save"
2026-09-09T19:51:10.659715Z DEBUG transparent_shard_server::runtime: runtime stage key=("95df7205357fe2d9c962d2b41daded841e05afa7b6fc8d06dfec46ad04e15335", Pages, 0) seconds=1.686e-6 stage="restore_slot"
2026-09-09T19:51:10.661225Z DEBUG transparent_shard_server::runtime: runtime stage key=("95df7205357fe2d9c962d2b41daded841e05afa7b6fc8d06dfec46ad04e15335", Pages, 0) seconds=5.1473e-5 hit=false stage="disk_restore"
2026-09-09T19:51:11.177542Z DEBUG transparent_shard_server::runtime: construction stage geometry="recent-8k" table="pages" seconds=0.811348603 stage="hint_columns"
2026-09-09T19:51:12.390589Z DEBUG transparent_shard_server::runtime: construction stage geometry="recent-8k" table="directory" seconds=2.458516302 stage="pack_preprocessing"
2026-09-09T19:51:12.390885Z DEBUG transparent_shard_server::runtime: construction stage geometry="recent-8k" table="directory" seconds=0.000253276 stage="publish_parameters"
2026-09-09T19:51:12.394514Z DEBUG transparent_shard_server::runtime: runtime stage key=("ca7afe810c988a8b4b561668f3456a9f38d1fdbb0776614e07ddfeb1a2132000", Directory, 0) seconds=3.663468595 stage="runtime_build"
2026-09-09T19:51:12.394557Z DEBUG transparent_shard_server::runtime: runtime stage key=("ca7afe810c988a8b4b561668f3456a9f38d1fdbb0776614e07ddfeb1a2132000", Directory, 0) reserved_bytes=136314880 stage="serialization_handoff"
2026-09-09T19:51:12.396189Z DEBUG transparent_shard_server::runtime: runtime stage key=("95df7205357fe2d9c962d2b41daded841e05afa7b6fc8d06dfec46ad04e15335", Directory, 0) seconds=2.815987999 stage="build_slot"
2026-09-09T19:51:12.396294Z DEBUG transparent_shard_server::memory: cold build admission wait seconds=7.6586e-5 admitted=true
2026-09-09T19:51:12.583786Z DEBUG transparent_shard_server::runtime: runtime stage key=("95df7205357fe2d9c962d2b41daded841e05afa7b6fc8d06dfec46ad04e15335", Directory, 0) seconds=0.187464708 stage="source_load"
2026-09-09T19:51:12.889477Z DEBUG transparent_shard_server::runtime: construction stage geometry="recent-8k" table="directory" seconds=0.305662025 stage="encode_database"
2026-09-09T19:51:12.889574Z DEBUG transparent_shard_server::runtime: construction stage geometry="recent-8k" table="directory" seconds=6.5975e-5 stage="public_setup"
2026-09-09T19:51:13.284040Z DEBUG transparent_shard_server::runtime: runtime stage key=("ca7afe810c988a8b4b561668f3456a9f38d1fdbb0776614e07ddfeb1a2132000", Directory, 0) seconds=0.889475373 stage="disk_save"
2026-09-09T19:51:13.284134Z DEBUG transparent_shard_server::runtime: runtime stage key=("73d46a59d0d03d7616f9a47e53b50448d4c5a3504e6e296600d8884c8c4403b8", Directory, 0) seconds=2.397e-6 stage="restore_slot"
2026-09-09T19:51:13.284296Z DEBUG transparent_shard_server::runtime: runtime stage key=("73d46a59d0d03d7616f9a47e53b50448d4c5a3504e6e296600d8884c8c4403b8", Directory, 0) seconds=4.4837e-5 hit=false stage="disk_restore"
2026-09-09T19:51:13.776745Z DEBUG transparent_shard_server::runtime: construction stage geometry="recent-8k" table="directory" seconds=0.88716356 stage="hint_columns"
2026-09-09T19:51:13.779374Z DEBUG transparent_shard_server::runtime: construction stage geometry="recent-8k" table="pages" seconds=2.6017631420000003 stage="pack_preprocessing"
2026-09-09T19:51:13.779688Z DEBUG transparent_shard_server::runtime: construction stage geometry="recent-8k" table="pages" seconds=0.000276363 stage="publish_parameters"
2026-09-09T19:51:13.780216Z DEBUG transparent_shard_server::runtime: runtime stage key=("ca7afe810c988a8b4b561668f3456a9f38d1fdbb0776614e07ddfeb1a2132000", Pages, 0) seconds=3.7067057759999997 stage="runtime_build"
2026-09-09T19:51:13.780244Z DEBUG transparent_shard_server::runtime: runtime stage key=("ca7afe810c988a8b4b561668f3456a9f38d1fdbb0776614e07ddfeb1a2132000", Pages, 0) reserved_bytes=136314880 stage="serialization_handoff"
2026-09-09T19:51:13.780275Z DEBUG transparent_shard_server::runtime: runtime stage key=("95df7205357fe2d9c962d2b41daded841e05afa7b6fc8d06dfec46ad04e15335", Pages, 0) seconds=3.119008789 stage="build_slot"
2026-09-09T19:51:13.780379Z DEBUG transparent_shard_server::memory: cold build admission wait seconds=8.3345e-5 admitted=true
2026-09-09T19:51:13.917515Z DEBUG transparent_shard_server::runtime: runtime stage key=("95df7205357fe2d9c962d2b41daded841e05afa7b6fc8d06dfec46ad04e15335", Pages, 0) seconds=0.137094594 stage="source_load"
2026-09-09T19:51:14.213670Z DEBUG transparent_shard_server::runtime: construction stage geometry="recent-8k" table="pages" seconds=0.296118856 stage="encode_database"
2026-09-09T19:51:14.213770Z DEBUG transparent_shard_server::runtime: construction stage geometry="recent-8k" table="pages" seconds=6.9641e-5 stage="public_setup"
2026-09-09T19:51:14.517199Z DEBUG transparent_shard_server::runtime: runtime stage key=("ca7afe810c988a8b4b561668f3456a9f38d1fdbb0776614e07ddfeb1a2132000", Pages, 0) seconds=0.736949522 stage="disk_save"
2026-09-09T19:51:14.521221Z DEBUG transparent_shard_server::runtime: runtime stage key=("73d46a59d0d03d7616f9a47e53b50448d4c5a3504e6e296600d8884c8c4403b8", Pages, 0) seconds=1.612e-6 stage="restore_slot"
2026-09-09T19:51:14.521372Z DEBUG transparent_shard_server::runtime: runtime stage key=("73d46a59d0d03d7616f9a47e53b50448d4c5a3504e6e296600d8884c8c4403b8", Pages, 0) seconds=2.9366e-5 hit=false stage="disk_restore"
2026-09-09T19:51:15.027645Z DEBUG transparent_shard_server::runtime: construction stage geometry="recent-8k" table="pages" seconds=0.813868501 stage="hint_columns"
2026-09-09T19:51:16.219882Z DEBUG transparent_shard_server::runtime: construction stage geometry="recent-8k" table="directory" seconds=2.443090645 stage="pack_preprocessing"
2026-09-09T19:51:16.220204Z DEBUG transparent_shard_server::runtime: construction stage geometry="recent-8k" table="directory" seconds=0.00028305 stage="publish_parameters"
2026-09-09T19:51:16.220924Z DEBUG transparent_shard_server::runtime: runtime stage key=("95df7205357fe2d9c962d2b41daded841e05afa7b6fc8d06dfec46ad04e15335", Directory, 0) seconds=3.6371107780000003 stage="runtime_build"
2026-09-09T19:51:16.220970Z DEBUG transparent_shard_server::runtime: runtime stage key=("73d46a59d0d03d7616f9a47e53b50448d4c5a3504e6e296600d8884c8c4403b8", Directory, 0) seconds=2.9366405479999997 stage="build_slot"
2026-09-09T19:51:16.221065Z DEBUG transparent_shard_server::memory: cold build admission wait seconds=9.1052e-5 admitted=true
2026-09-09T19:51:16.221111Z DEBUG transparent_shard_server::runtime: runtime stage key=("95df7205357fe2d9c962d2b41daded841e05afa7b6fc8d06dfec46ad04e15335", Directory, 0) reserved_bytes=136314880 stage="serialization_handoff"
2026-09-09T19:51:16.414990Z DEBUG transparent_shard_server::runtime: runtime stage key=("73d46a59d0d03d7616f9a47e53b50448d4c5a3504e6e296600d8884c8c4403b8", Directory, 0) seconds=0.193886007 stage="source_load"
2026-09-09T19:51:16.709827Z DEBUG transparent_shard_server::runtime: construction stage geometry="recent-8k" table="directory" seconds=0.294804649 stage="encode_database"
2026-09-09T19:51:16.709942Z DEBUG transparent_shard_server::runtime: construction stage geometry="recent-8k" table="directory" seconds=7.532e-5 stage="public_setup"
2026-09-09T19:51:17.224484Z DEBUG transparent_shard_server::runtime: runtime stage key=("95df7205357fe2d9c962d2b41daded841e05afa7b6fc8d06dfec46ad04e15335", Directory, 0) seconds=1.003365992 stage="disk_save"
2026-09-09T19:51:17.224552Z DEBUG transparent_shard_server::runtime: runtime stage key=("b16be2933ab920bc4745ea8917e5167a7a685c211e0b4febe88b4d3018f970bc", Directory, 0) seconds=1.817e-6 stage="restore_slot"
2026-09-09T19:51:17.224683Z DEBUG transparent_shard_server::runtime: runtime stage key=("b16be2933ab920bc4745ea8917e5167a7a685c211e0b4febe88b4d3018f970bc", Directory, 0) seconds=4.1031e-5 hit=false stage="disk_restore"
2026-09-09T19:51:17.279737Z DEBUG transparent_shard_server::runtime: construction stage geometry="recent-8k" table="pages" seconds=2.252051971 stage="pack_preprocessing"
2026-09-09T19:51:17.280047Z DEBUG transparent_shard_server::runtime: construction stage geometry="recent-8k" table="pages" seconds=0.000268318 stage="publish_parameters"
2026-09-09T19:51:17.283615Z DEBUG transparent_shard_server::runtime: runtime stage key=("95df7205357fe2d9c962d2b41daded841e05afa7b6fc8d06dfec46ad04e15335", Pages, 0) seconds=3.3660643439999998 stage="runtime_build"
2026-09-09T19:51:17.283667Z DEBUG transparent_shard_server::runtime: runtime stage key=("73d46a59d0d03d7616f9a47e53b50448d4c5a3504e6e296600d8884c8c4403b8", Pages, 0) seconds=2.762276308 stage="build_slot"
2026-09-09T19:51:17.283752Z DEBUG transparent_shard_server::memory: cold build admission wait seconds=8.0631e-5 admitted=true
2026-09-09T19:51:17.284149Z DEBUG transparent_shard_server::runtime: runtime stage key=("95df7205357fe2d9c962d2b41daded841e05afa7b6fc8d06dfec46ad04e15335", Pages, 0) reserved_bytes=136314880 stage="serialization_handoff"
2026-09-09T19:51:17.641428Z DEBUG transparent_shard_server::runtime: construction stage geometry="recent-8k" table="directory" seconds=0.931479687 stage="hint_columns"
2026-09-09T19:51:17.673867Z DEBUG transparent_shard_server::runtime: runtime stage key=("73d46a59d0d03d7616f9a47e53b50448d4c5a3504e6e296600d8884c8c4403b8", Pages, 0) seconds=0.390093477 stage="source_load"
2026-09-09T19:51:17.974531Z DEBUG transparent_shard_server::runtime: construction stage geometry="recent-8k" table="pages" seconds=0.300627457 stage="encode_database"
2026-09-09T19:51:17.974640Z DEBUG transparent_shard_server::runtime: construction stage geometry="recent-8k" table="pages" seconds=6.783e-5 stage="public_setup"
2026-09-09T19:51:18.282194Z DEBUG transparent_shard_server::runtime: runtime stage key=("95df7205357fe2d9c962d2b41daded841e05afa7b6fc8d06dfec46ad04e15335", Pages, 0) seconds=0.998033322 stage="disk_save"
2026-09-09T19:51:18.282268Z DEBUG transparent_shard_server::runtime: runtime stage key=("b16be2933ab920bc4745ea8917e5167a7a685c211e0b4febe88b4d3018f970bc", Pages, 0) seconds=1.704e-6 stage="restore_slot"
2026-09-09T19:51:18.285225Z DEBUG transparent_shard_server::runtime: runtime stage key=("b16be2933ab920bc4745ea8917e5167a7a685c211e0b4febe88b4d3018f970bc", Pages, 0) seconds=4.2042e-5 hit=false stage="disk_restore"
2026-09-09T19:51:18.789219Z DEBUG transparent_shard_server::runtime: construction stage geometry="recent-8k" table="pages" seconds=0.814571558 stage="hint_columns"
2026-09-09T19:51:19.974867Z DEBUG transparent_shard_server::runtime: construction stage geometry="recent-8k" table="directory" seconds=2.333398432 stage="pack_preprocessing"
2026-09-09T19:51:19.975208Z DEBUG transparent_shard_server::runtime: construction stage geometry="recent-8k" table="directory" seconds=0.000302082 stage="publish_parameters"
2026-09-09T19:51:19.975839Z DEBUG transparent_shard_server::runtime: runtime stage key=("73d46a59d0d03d7616f9a47e53b50448d4c5a3504e6e296600d8884c8c4403b8", Directory, 0) seconds=3.560818406 stage="runtime_build"
2026-09-09T19:51:19.975866Z DEBUG transparent_shard_server::runtime: runtime stage key=("73d46a59d0d03d7616f9a47e53b50448d4c5a3504e6e296600d8884c8c4403b8", Directory, 0) reserved_bytes=136314880 stage="serialization_handoff"
2026-09-09T19:51:19.975897Z DEBUG transparent_shard_server::runtime: runtime stage key=("b16be2933ab920bc4745ea8917e5167a7a685c211e0b4febe88b4d3018f970bc", Directory, 0) seconds=2.751166068 stage="build_slot"
2026-09-09T19:51:19.976033Z DEBUG transparent_shard_server::memory: cold build admission wait seconds=9.5316e-5 admitted=true
2026-09-09T19:51:20.163243Z DEBUG transparent_shard_server::runtime: runtime stage key=("b16be2933ab920bc4745ea8917e5167a7a685c211e0b4febe88b4d3018f970bc", Directory, 0) seconds=0.187165331 stage="source_load"
2026-09-09T19:51:20.457690Z DEBUG transparent_shard_server::runtime: construction stage geometry="recent-8k" table="directory" seconds=0.294414553 stage="encode_database"
2026-09-09T19:51:20.457791Z DEBUG transparent_shard_server::runtime: construction stage geometry="recent-8k" table="directory" seconds=7.3484e-5 stage="public_setup"
2026-09-09T19:51:20.932074Z DEBUG transparent_shard_server::runtime: runtime stage key=("73d46a59d0d03d7616f9a47e53b50448d4c5a3504e6e296600d8884c8c4403b8", Directory, 0) seconds=0.956200056 stage="disk_save"
2026-09-09T19:51:20.933206Z DEBUG transparent_shard_server::runtime: runtime stage key=("16b8227360ce35dd2e111156f5e31fd5eb500ff877879a212fef6cf8471de8a5", Directory, 0) seconds=2.044e-6 stage="restore_slot"
2026-09-09T19:51:20.933354Z DEBUG transparent_shard_server::runtime: runtime stage key=("16b8227360ce35dd2e111156f5e31fd5eb500ff877879a212fef6cf8471de8a5", Directory, 0) seconds=4.0081e-5 hit=false stage="disk_restore"
2026-09-09T19:51:21.309674Z DEBUG transparent_shard_server::runtime: construction stage geometry="recent-8k" table="directory" seconds=0.851875742 stage="hint_columns"
2026-09-09T19:51:21.312185Z DEBUG transparent_shard_server::runtime: construction stage geometry="recent-8k" table="pages" seconds=2.522921928 stage="pack_preprocessing"
2026-09-09T19:51:21.312484Z DEBUG transparent_shard_server::runtime: construction stage geometry="recent-8k" table="pages" seconds=0.000271965 stage="publish_parameters"
2026-09-09T19:51:21.313029Z DEBUG transparent_shard_server::runtime: runtime stage key=("73d46a59d0d03d7616f9a47e53b50448d4c5a3504e6e296600d8884c8c4403b8", Pages, 0) seconds=3.639127936 stage="runtime_build"
2026-09-09T19:51:21.313053Z DEBUG transparent_shard_server::runtime: runtime stage key=("73d46a59d0d03d7616f9a47e53b50448d4c5a3504e6e296600d8884c8c4403b8", Pages, 0) reserved_bytes=136314880 stage="serialization_handoff"
2026-09-09T19:51:21.313084Z DEBUG transparent_shard_server::runtime: runtime stage key=("b16be2933ab920bc4745ea8917e5167a7a685c211e0b4febe88b4d3018f970bc", Pages, 0) seconds=3.02781667 stage="build_slot"
2026-09-09T19:51:21.313198Z DEBUG transparent_shard_server::memory: cold build admission wait seconds=9.9523e-5 admitted=true
2026-09-09T19:51:21.450351Z DEBUG transparent_shard_server::runtime: runtime stage key=("b16be2933ab920bc4745ea8917e5167a7a685c211e0b4febe88b4d3018f970bc", Pages, 0) seconds=0.137102527 stage="source_load"
2026-09-09T19:51:21.748427Z DEBUG transparent_shard_server::runtime: construction stage geometry="recent-8k" table="pages" seconds=0.298047851 stage="encode_database"
2026-09-09T19:51:21.748526Z DEBUG transparent_shard_server::runtime: construction stage geometry="recent-8k" table="pages" seconds=7.3283e-5 stage="public_setup"
2026-09-09T19:51:22.054231Z DEBUG transparent_shard_server::runtime: runtime stage key=("73d46a59d0d03d7616f9a47e53b50448d4c5a3504e6e296600d8884c8c4403b8", Pages, 0) seconds=0.741172343 stage="disk_save"
2026-09-09T19:51:22.058209Z DEBUG transparent_shard_server::runtime: runtime stage key=("16b8227360ce35dd2e111156f5e31fd5eb500ff877879a212fef6cf8471de8a5", Pages, 0) seconds=1.619e-6 stage="restore_slot"
2026-09-09T19:51:22.058338Z DEBUG transparent_shard_server::runtime: runtime stage key=("16b8227360ce35dd2e111156f5e31fd5eb500ff877879a212fef6cf8471de8a5", Pages, 0) seconds=2.5274e-5 hit=false stage="disk_restore"
2026-09-09T19:51:22.530208Z DEBUG transparent_shard_server::runtime: construction stage geometry="recent-8k" table="pages" seconds=0.781676102 stage="hint_columns"
2026-09-09T19:51:23.717069Z DEBUG transparent_shard_server::runtime: construction stage geometry="recent-8k" table="directory" seconds=2.407355701 stage="pack_preprocessing"
2026-09-09T19:51:23.717403Z DEBUG transparent_shard_server::runtime: construction stage geometry="recent-8k" table="directory" seconds=0.000293339 stage="publish_parameters"
2026-09-09T19:51:23.718004Z DEBUG transparent_shard_server::runtime: runtime stage key=("b16be2933ab920bc4745ea8917e5167a7a685c211e0b4febe88b4d3018f970bc", Directory, 0) seconds=3.5547305639999998 stage="runtime_build"
2026-09-09T19:51:23.718041Z DEBUG transparent_shard_server::runtime: runtime stage key=("16b8227360ce35dd2e111156f5e31fd5eb500ff877879a212fef6cf8471de8a5", Directory, 0) seconds=2.781861445 stage="build_slot"
2026-09-09T19:51:23.718129Z DEBUG transparent_shard_server::memory: cold build admission wait seconds=8.3261e-5 admitted=true
2026-09-09T19:51:23.718147Z DEBUG transparent_shard_server::runtime: runtime stage key=("b16be2933ab920bc4745ea8917e5167a7a685c211e0b4febe88b4d3018f970bc", Directory, 0) reserved_bytes=136314880 stage="serialization_handoff"
2026-09-09T19:51:23.901360Z DEBUG transparent_shard_server::runtime: runtime stage key=("16b8227360ce35dd2e111156f5e31fd5eb500ff877879a212fef6cf8471de8a5", Directory, 0) seconds=0.183201783 stage="source_load"
2026-09-09T19:51:24.203404Z DEBUG transparent_shard_server::runtime: construction stage geometry="recent-8k" table="directory" seconds=0.302013611 stage="encode_database"
2026-09-09T19:51:24.203503Z DEBUG transparent_shard_server::runtime: construction stage geometry="recent-8k" table="directory" seconds=7.1784e-5 stage="public_setup"
2026-09-09T19:51:24.524015Z DEBUG transparent_shard_server::runtime: runtime stage key=("b16be2933ab920bc4745ea8917e5167a7a685c211e0b4febe88b4d3018f970bc", Directory, 0) seconds=0.805861969 stage="disk_save"
2026-09-09T19:51:24.524097Z DEBUG transparent_shard_server::runtime: runtime stage key=("1cd27964911287b2a127c1f8df5e6b0c19f5b4db309391c5adb2db3072bfec6e", Directory, 0) seconds=1.776e-6 stage="restore_slot"
2026-09-09T19:51:24.524228Z DEBUG transparent_shard_server::runtime: runtime stage key=("1cd27964911287b2a127c1f8df5e6b0c19f5b4db309391c5adb2db3072bfec6e", Directory, 0) seconds=4.0454e-5 hit=false stage="disk_restore"
2026-09-09T19:51:24.771833Z DEBUG transparent_shard_server::runtime: construction stage geometry="recent-8k" table="pages" seconds=2.241584119 stage="pack_preprocessing"
2026-09-09T19:51:24.772122Z DEBUG transparent_shard_server::runtime: construction stage geometry="recent-8k" table="pages" seconds=0.000250742 stage="publish_parameters"
2026-09-09T19:51:24.779254Z DEBUG transparent_shard_server::runtime: runtime stage key=("b16be2933ab920bc4745ea8917e5167a7a685c211e0b4febe88b4d3018f970bc", Pages, 0) seconds=3.3288761080000002 stage="runtime_build"
2026-09-09T19:51:24.779299Z DEBUG transparent_shard_server::runtime: runtime stage key=("b16be2933ab920bc4745ea8917e5167a7a685c211e0b4febe88b4d3018f970bc", Pages, 0) reserved_bytes=136314880 stage="serialization_handoff"
2026-09-09T19:51:24.779324Z DEBUG transparent_shard_server::runtime: runtime stage key=("16b8227360ce35dd2e111156f5e31fd5eb500ff877879a212fef6cf8471de8a5", Pages, 0) seconds=2.7209655550000003 stage="build_slot"
2026-09-09T19:51:24.779423Z DEBUG transparent_shard_server::memory: cold build admission wait seconds=7.8701e-5 admitted=true
2026-09-09T19:51:25.052427Z DEBUG transparent_shard_server::runtime: runtime stage key=("16b8227360ce35dd2e111156f5e31fd5eb500ff877879a212fef6cf8471de8a5", Pages, 0) seconds=0.272978693 stage="source_load"
2026-09-09T19:51:25.180221Z DEBUG transparent_shard_server::runtime: construction stage geometry="recent-8k" table="directory" seconds=0.97670664 stage="hint_columns"
2026-09-09T19:51:25.408222Z DEBUG transparent_shard_server::runtime: construction stage geometry="recent-8k" table="pages" seconds=0.355756964 stage="encode_database"
2026-09-09T19:51:25.408324Z DEBUG transparent_shard_server::runtime: construction stage geometry="recent-8k" table="pages" seconds=7.0429e-5 stage="public_setup"
2026-09-09T19:51:25.690194Z DEBUG transparent_shard_server::runtime: runtime stage key=("b16be2933ab920bc4745ea8917e5167a7a685c211e0b4febe88b4d3018f970bc", Pages, 0) seconds=0.910887501 stage="disk_save"
2026-09-09T19:51:25.690290Z DEBUG transparent_shard_server::runtime: runtime stage key=("1cd27964911287b2a127c1f8df5e6b0c19f5b4db309391c5adb2db3072bfec6e", Pages, 0) seconds=1.74e-6 stage="restore_slot"
2026-09-09T19:51:25.691212Z DEBUG transparent_shard_server::runtime: runtime stage key=("1cd27964911287b2a127c1f8df5e6b0c19f5b4db309391c5adb2db3072bfec6e", Pages, 0) seconds=4.2482e-5 hit=false stage="disk_restore"
2026-09-09T19:51:26.276047Z DEBUG transparent_shard_server::runtime: construction stage geometry="recent-8k" table="pages" seconds=0.867715519 stage="hint_columns"
2026-09-09T19:51:27.445643Z DEBUG transparent_shard_server::runtime: construction stage geometry="recent-8k" table="directory" seconds=2.265388008 stage="pack_preprocessing"
2026-09-09T19:51:27.445980Z DEBUG transparent_shard_server::runtime: construction stage geometry="recent-8k" table="directory" seconds=0.000295229 stage="publish_parameters"
2026-09-09T19:51:27.449540Z DEBUG transparent_shard_server::runtime: runtime stage key=("16b8227360ce35dd2e111156f5e31fd5eb500ff877879a212fef6cf8471de8a5", Directory, 0) seconds=3.548150976 stage="runtime_build"
2026-09-09T19:51:27.449585Z DEBUG transparent_shard_server::runtime: runtime stage key=("16b8227360ce35dd2e111156f5e31fd5eb500ff877879a212fef6cf8471de8a5", Directory, 0) reserved_bytes=136314880 stage="serialization_handoff"
2026-09-09T19:51:27.449618Z DEBUG transparent_shard_server::runtime: runtime stage key=("1cd27964911287b2a127c1f8df5e6b0c19f5b4db309391c5adb2db3072bfec6e", Directory, 0) seconds=2.923406455 stage="build_slot"
2026-09-09T19:51:27.449719Z DEBUG transparent_shard_server::memory: cold build admission wait seconds=7.8133e-5 admitted=true
2026-09-09T19:51:27.652340Z DEBUG transparent_shard_server::runtime: runtime stage key=("1cd27964911287b2a127c1f8df5e6b0c19f5b4db309391c5adb2db3072bfec6e", Directory, 0) seconds=0.202595078 stage="source_load"
2026-09-09T19:51:27.955267Z DEBUG transparent_shard_server::runtime: construction stage geometry="recent-8k" table="directory" seconds=0.302893179 stage="encode_database"
2026-09-09T19:51:27.955376Z DEBUG transparent_shard_server::runtime: construction stage geometry="recent-8k" table="directory" seconds=7.6976e-5 stage="public_setup"
2026-09-09T19:51:28.185153Z DEBUG transparent_shard_server::runtime: runtime stage key=("16b8227360ce35dd2e111156f5e31fd5eb500ff877879a212fef6cf8471de8a5", Directory, 0) seconds=0.735561419 stage="disk_save"
2026-09-09T19:51:28.185244Z DEBUG transparent_shard_server::runtime: runtime stage key=("27f56c565263ecffb8c7736d4e811665d81bf4ed71c7978431fcc4f45b645ee1", Directory, 0) seconds=2.457e-6 stage="restore_slot"
2026-09-09T19:51:28.185384Z DEBUG transparent_shard_server::runtime: runtime stage key=("27f56c565263ecffb8c7736d4e811665d81bf4ed71c7978431fcc4f45b645ee1", Directory, 0) seconds=2.908e-5 hit=false stage="disk_restore"
2026-09-09T19:51:28.783100Z DEBUG transparent_shard_server::runtime: construction stage geometry="recent-8k" table="pages" seconds=2.50701273 stage="pack_preprocessing"
2026-09-09T19:51:28.783435Z DEBUG transparent_shard_server::runtime: construction stage geometry="recent-8k" table="pages" seconds=0.00027662 stage="publish_parameters"
2026-09-09T19:51:28.789356Z DEBUG transparent_shard_server::runtime: runtime stage key=("16b8227360ce35dd2e111156f5e31fd5eb500ff877879a212fef6cf8471de8a5", Pages, 0) seconds=3.736892992 stage="runtime_build"
2026-09-09T19:51:28.789409Z DEBUG transparent_shard_server::runtime: runtime stage key=("16b8227360ce35dd2e111156f5e31fd5eb500ff877879a212fef6cf8471de8a5", Pages, 0) reserved_bytes=136314880 stage="serialization_handoff"
2026-09-09T19:51:28.792226Z DEBUG transparent_shard_server::runtime: runtime stage key=("1cd27964911287b2a127c1f8df5e6b0c19f5b4db309391c5adb2db3072bfec6e", Pages, 0) seconds=3.098035619 stage="build_slot"
2026-09-09T19:51:28.792325Z DEBUG transparent_shard_server::memory: cold build admission wait seconds=7.7161e-5 admitted=true
2026-09-09T19:51:28.825240Z DEBUG transparent_shard_server::runtime: construction stage geometry="recent-8k" table="directory" seconds=0.869858078 stage="hint_columns"
2026-09-09T19:51:28.942772Z DEBUG transparent_shard_server::runtime: runtime stage key=("1cd27964911287b2a127c1f8df5e6b0c19f5b4db309391c5adb2db3072bfec6e", Pages, 0) seconds=0.150420493 stage="source_load"
2026-09-09T19:51:29.247125Z DEBUG transparent_shard_server::runtime: construction stage geometry="recent-8k" table="pages" seconds=0.304302178 stage="encode_database"
2026-09-09T19:51:29.247248Z DEBUG transparent_shard_server::runtime: construction stage geometry="recent-8k" table="pages" seconds=7.4588e-5 stage="public_setup"
2026-09-09T19:51:29.536094Z DEBUG transparent_shard_server::runtime: runtime stage key=("16b8227360ce35dd2e111156f5e31fd5eb500ff877879a212fef6cf8471de8a5", Pages, 0) seconds=0.746678809 stage="disk_save"
2026-09-09T19:51:29.536180Z DEBUG transparent_shard_server::runtime: runtime stage key=("27f56c565263ecffb8c7736d4e811665d81bf4ed71c7978431fcc4f45b645ee1", Pages, 0) seconds=2.0674e-5 stage="restore_slot"
2026-09-09T19:51:29.539230Z DEBUG transparent_shard_server::runtime: runtime stage key=("27f56c565263ecffb8c7736d4e811665d81bf4ed71c7978431fcc4f45b645ee1", Pages, 0) seconds=4.3037e-5 hit=false stage="disk_restore"
2026-09-09T19:51:30.050213Z DEBUG transparent_shard_server::runtime: construction stage geometry="recent-8k" table="pages" seconds=0.802955819 stage="hint_columns"
2026-09-09T19:51:31.241094Z DEBUG transparent_shard_server::runtime: construction stage geometry="recent-8k" table="directory" seconds=2.415817203 stage="pack_preprocessing"
2026-09-09T19:51:31.241429Z DEBUG transparent_shard_server::runtime: construction stage geometry="recent-8k" table="directory" seconds=0.000287351 stage="publish_parameters"
2026-09-09T19:51:31.242109Z DEBUG transparent_shard_server::runtime: runtime stage key=("1cd27964911287b2a127c1f8df5e6b0c19f5b4db309391c5adb2db3072bfec6e", Directory, 0) seconds=3.5897367019999997 stage="runtime_build"
2026-09-09T19:51:31.242139Z DEBUG transparent_shard_server::runtime: runtime stage key=("1cd27964911287b2a127c1f8df5e6b0c19f5b4db309391c5adb2db3072bfec6e", Directory, 0) reserved_bytes=136314880 stage="serialization_handoff"
2026-09-09T19:51:31.242188Z DEBUG transparent_shard_server::runtime: runtime stage key=("27f56c565263ecffb8c7736d4e811665d81bf4ed71c7978431fcc4f45b645ee1", Directory, 0) seconds=3.05678368 stage="build_slot"
2026-09-09T19:51:31.242316Z DEBUG transparent_shard_server::memory: cold build admission wait seconds=9.7555e-5 admitted=true
2026-09-09T19:51:31.439025Z DEBUG transparent_shard_server::runtime: runtime stage key=("27f56c565263ecffb8c7736d4e811665d81bf4ed71c7978431fcc4f45b645ee1", Directory, 0) seconds=0.196682852 stage="source_load"
2026-09-09T19:51:31.734046Z DEBUG transparent_shard_server::runtime: construction stage geometry="recent-8k" table="directory" seconds=0.294987989 stage="encode_database"
2026-09-09T19:51:31.734157Z DEBUG transparent_shard_server::runtime: construction stage geometry="recent-8k" table="directory" seconds=7.3576e-5 stage="public_setup"
2026-09-09T19:51:32.223792Z DEBUG transparent_shard_server::runtime: runtime stage key=("1cd27964911287b2a127c1f8df5e6b0c19f5b4db309391c5adb2db3072bfec6e", Directory, 0) seconds=0.981631012 stage="disk_save"
2026-09-09T19:51:32.224207Z DEBUG transparent_shard_server::runtime: runtime stage key=("ced665ae1f1140944bcd0c9aa2b83c1019df768df87fa513f9509106fc5b88c1", Directory, 0) seconds=2.211e-6 stage="restore_slot"
2026-09-09T19:51:32.224346Z DEBUG transparent_shard_server::runtime: runtime stage key=("ced665ae1f1140944bcd0c9aa2b83c1019df768df87fa513f9509106fc5b88c1", Directory, 0) seconds=2.5716e-5 hit=false stage="disk_restore"
2026-09-09T19:51:32.607549Z DEBUG transparent_shard_server::runtime: construction stage geometry="recent-8k" table="directory" seconds=0.873384215 stage="hint_columns"
2026-09-09T19:51:32.610127Z DEBUG transparent_shard_server::runtime: construction stage geometry="recent-8k" table="pages" seconds=2.559873842 stage="pack_preprocessing"
2026-09-09T19:51:32.610436Z DEBUG transparent_shard_server::runtime: construction stage geometry="recent-8k" table="pages" seconds=0.000276855 stage="publish_parameters"
2026-09-09T19:51:32.611023Z DEBUG transparent_shard_server::runtime: runtime stage key=("1cd27964911287b2a127c1f8df5e6b0c19f5b4db309391c5adb2db3072bfec6e", Pages, 0) seconds=3.668202481 stage="runtime_build"
2026-09-09T19:51:32.611047Z DEBUG transparent_shard_server::runtime: runtime stage key=("1cd27964911287b2a127c1f8df5e6b0c19f5b4db309391c5adb2db3072bfec6e", Pages, 0) reserved_bytes=136314880 stage="serialization_handoff"
2026-09-09T19:51:32.611078Z DEBUG transparent_shard_server::runtime: runtime stage key=("27f56c565263ecffb8c7736d4e811665d81bf4ed71c7978431fcc4f45b645ee1", Pages, 0) seconds=3.071800331 stage="build_slot"
2026-09-09T19:51:32.611185Z DEBUG transparent_shard_server::memory: cold build admission wait seconds=8.8578e-5 admitted=true
2026-09-09T19:51:32.748854Z DEBUG transparent_shard_server::runtime: runtime stage key=("27f56c565263ecffb8c7736d4e811665d81bf4ed71c7978431fcc4f45b645ee1", Pages, 0) seconds=0.137627051 stage="source_load"
2026-09-09T19:51:33.061838Z DEBUG transparent_shard_server::runtime: construction stage geometry="recent-8k" table="pages" seconds=0.312950998 stage="encode_database"
2026-09-09T19:51:33.061945Z DEBUG transparent_shard_server::runtime: construction stage geometry="recent-8k" table="pages" seconds=7.6245e-5 stage="public_setup"
2026-09-09T19:51:33.347192Z DEBUG transparent_shard_server::runtime: runtime stage key=("1cd27964911287b2a127c1f8df5e6b0c19f5b4db309391c5adb2db3072bfec6e", Pages, 0) seconds=0.736138368 stage="disk_save"
2026-09-09T19:51:33.347283Z DEBUG transparent_shard_server::runtime: runtime stage key=("ced665ae1f1140944bcd0c9aa2b83c1019df768df87fa513f9509106fc5b88c1", Pages, 0) seconds=1.653e-6 stage="restore_slot"
2026-09-09T19:51:33.348227Z DEBUG transparent_shard_server::runtime: runtime stage key=("ced665ae1f1140944bcd0c9aa2b83c1019df768df87fa513f9509106fc5b88c1", Pages, 0) seconds=5.294e-5 hit=false stage="disk_restore"
2026-09-09T19:51:33.868199Z DEBUG transparent_shard_server::runtime: construction stage geometry="recent-8k" table="pages" seconds=0.806245445 stage="hint_columns"
2026-09-09T19:51:35.038812Z DEBUG transparent_shard_server::runtime: construction stage geometry="recent-8k" table="directory" seconds=2.4312214 stage="pack_preprocessing"
2026-09-09T19:51:35.039105Z DEBUG transparent_shard_server::runtime: construction stage geometry="recent-8k" table="directory" seconds=0.0002503 stage="publish_parameters"
2026-09-09T19:51:35.039673Z DEBUG transparent_shard_server::runtime: runtime stage key=("27f56c565263ecffb8c7736d4e811665d81bf4ed71c7978431fcc4f45b645ee1", Directory, 0) seconds=3.600615268 stage="runtime_build"
2026-09-09T19:51:35.039721Z DEBUG transparent_shard_server::runtime: runtime stage key=("ced665ae1f1140944bcd0c9aa2b83c1019df768df87fa513f9509106fc5b88c1", Directory, 0) seconds=2.815359995 stage="build_slot"
2026-09-09T19:51:35.039806Z DEBUG transparent_shard_server::memory: cold build admission wait seconds=7.8949e-5 admitted=true
2026-09-09T19:51:35.043182Z DEBUG transparent_shard_server::runtime: runtime stage key=("27f56c565263ecffb8c7736d4e811665d81bf4ed71c7978431fcc4f45b645ee1", Directory, 0) reserved_bytes=136314880 stage="serialization_handoff"
2026-09-09T19:51:35.225949Z DEBUG transparent_shard_server::runtime: runtime stage key=("ced665ae1f1140944bcd0c9aa2b83c1019df768df87fa513f9509106fc5b88c1", Directory, 0) seconds=0.186119281 stage="source_load"
2026-09-09T19:51:35.527441Z DEBUG transparent_shard_server::runtime: construction stage geometry="recent-8k" table="directory" seconds=0.301446854 stage="encode_database"
2026-09-09T19:51:35.527549Z DEBUG transparent_shard_server::runtime: construction stage geometry="recent-8k" table="directory" seconds=7.7066e-5 stage="public_setup"
2026-09-09T19:51:35.828204Z DEBUG transparent_shard_server::runtime: runtime stage key=("27f56c565263ecffb8c7736d4e811665d81bf4ed71c7978431fcc4f45b645ee1", Directory, 0) seconds=0.784985292 stage="disk_save"
2026-09-09T19:51:35.828305Z DEBUG transparent_shard_server::runtime: runtime stage key=("2d4497bf9e8bafc6139ee4e57114238a7ecfa0782702939922bf2a79b1fe05bf", Directory, 0) seconds=1.986e-6 stage="restore_slot"
2026-09-09T19:51:35.828437Z DEBUG transparent_shard_server::runtime: runtime stage key=("2d4497bf9e8bafc6139ee4e57114238a7ecfa0782702939922bf2a79b1fe05bf", Directory, 0) seconds=3.938e-5 hit=false stage="disk_restore"
2026-09-09T19:51:36.418995Z DEBUG transparent_shard_server::runtime: construction stage geometry="recent-8k" table="directory" seconds=0.891438477 stage="hint_columns"
2026-09-09T19:51:36.421601Z DEBUG transparent_shard_server::runtime: construction stage geometry="recent-8k" table="pages" seconds=2.553357231 stage="pack_preprocessing"
2026-09-09T19:51:36.421895Z DEBUG transparent_shard_server::runtime: construction stage geometry="recent-8k" table="pages" seconds=0.000267269 stage="publish_parameters"
2026-09-09T19:51:36.422519Z DEBUG transparent_shard_server::runtime: runtime stage key=("27f56c565263ecffb8c7736d4e811665d81bf4ed71c7978431fcc4f45b645ee1", Pages, 0) seconds=3.673633926 stage="runtime_build"
2026-09-09T19:51:36.422546Z DEBUG transparent_shard_server::runtime: runtime stage key=("27f56c565263ecffb8c7736d4e811665d81bf4ed71c7978431fcc4f45b645ee1", Pages, 0) reserved_bytes=136314880 stage="serialization_handoff"
2026-09-09T19:51:36.422572Z DEBUG transparent_shard_server::runtime: runtime stage key=("ced665ae1f1140944bcd0c9aa2b83c1019df768df87fa513f9509106fc5b88c1", Pages, 0) seconds=3.074306337 stage="build_slot"
2026-09-09T19:51:36.422684Z DEBUG transparent_shard_server::memory: cold build admission wait seconds=9.5016e-5 admitted=true
2026-09-09T19:51:36.561993Z DEBUG transparent_shard_server::runtime: runtime stage key=("ced665ae1f1140944bcd0c9aa2b83c1019df768df87fa513f9509106fc5b88c1", Pages, 0) seconds=0.139286601 stage="source_load"
2026-09-09T19:51:36.863677Z DEBUG transparent_shard_server::runtime: construction stage geometry="recent-8k" table="pages" seconds=0.301653856 stage="encode_database"
2026-09-09T19:51:36.863794Z DEBUG transparent_shard_server::runtime: construction stage geometry="recent-8k" table="pages" seconds=8.9469e-5 stage="public_setup"
2026-09-09T19:51:37.151682Z DEBUG transparent_shard_server::runtime: runtime stage key=("27f56c565263ecffb8c7736d4e811665d81bf4ed71c7978431fcc4f45b645ee1", Pages, 0) seconds=0.729129662 stage="disk_save"
2026-09-09T19:51:37.153204Z DEBUG transparent_shard_server::runtime: runtime stage key=("2d4497bf9e8bafc6139ee4e57114238a7ecfa0782702939922bf2a79b1fe05bf", Pages, 0) seconds=2.205e-6 stage="restore_slot"
2026-09-09T19:51:37.156268Z DEBUG transparent_shard_server::runtime: runtime stage key=("2d4497bf9e8bafc6139ee4e57114238a7ecfa0782702939922bf2a79b1fe05bf", Pages, 0) seconds=6.291e-5 hit=false stage="disk_restore"
2026-09-09T19:51:37.653917Z DEBUG transparent_shard_server::runtime: construction stage geometry="recent-8k" table="pages" seconds=0.790115596 stage="hint_columns"
2026-09-09T19:51:38.818413Z DEBUG transparent_shard_server::runtime: construction stage geometry="recent-8k" table="directory" seconds=2.399375908 stage="pack_preprocessing"
2026-09-09T19:51:38.818719Z DEBUG transparent_shard_server::runtime: construction stage geometry="recent-8k" table="directory" seconds=0.000264785 stage="publish_parameters"
2026-09-09T19:51:38.819298Z DEBUG transparent_shard_server::runtime: runtime stage key=("ced665ae1f1140944bcd0c9aa2b83c1019df768df87fa513f9509106fc5b88c1", Directory, 0) seconds=3.59330527 stage="runtime_build"
2026-09-09T19:51:38.819326Z DEBUG transparent_shard_server::runtime: runtime stage key=("ced665ae1f1140944bcd0c9aa2b83c1019df768df87fa513f9509106fc5b88c1", Directory, 0) reserved_bytes=136314880 stage="serialization_handoff"
2026-09-09T19:51:38.819355Z DEBUG transparent_shard_server::runtime: runtime stage key=("2d4497bf9e8bafc6139ee4e57114238a7ecfa0782702939922bf2a79b1fe05bf", Directory, 0) seconds=2.990883121 stage="build_slot"
2026-09-09T19:51:38.819461Z DEBUG transparent_shard_server::memory: cold build admission wait seconds=8.1514e-5 admitted=true
2026-09-09T19:51:39.030301Z DEBUG transparent_shard_server::runtime: runtime stage key=("2d4497bf9e8bafc6139ee4e57114238a7ecfa0782702939922bf2a79b1fe05bf", Directory, 0) seconds=0.210813817 stage="source_load"
2026-09-09T19:51:39.331544Z DEBUG transparent_shard_server::runtime: construction stage geometry="recent-8k" table="directory" seconds=0.301193734 stage="encode_database"
2026-09-09T19:51:39.331651Z DEBUG transparent_shard_server::runtime: construction stage geometry="recent-8k" table="directory" seconds=7.5058e-5 stage="public_setup"
2026-09-09T19:51:39.558680Z DEBUG transparent_shard_server::runtime: runtime stage key=("ced665ae1f1140944bcd0c9aa2b83c1019df768df87fa513f9509106fc5b88c1", Directory, 0) seconds=0.739348314 stage="disk_save"
2026-09-09T19:51:39.559201Z DEBUG transparent_shard_server::runtime: runtime stage key=("a4bd72b37c0aafb265c77bb09cbc402cf69b65a87a1fabc8a0f12614b35469be", Directory, 0) seconds=2.101e-6 stage="restore_slot"
2026-09-09T19:51:39.559339Z DEBUG transparent_shard_server::runtime: runtime stage key=("a4bd72b37c0aafb265c77bb09cbc402cf69b65a87a1fabc8a0f12614b35469be", Directory, 0) seconds=2.7078e-5 hit=false stage="disk_restore"
2026-09-09T19:51:40.189043Z DEBUG transparent_shard_server::runtime: construction stage geometry="recent-8k" table="directory" seconds=0.857385095 stage="hint_columns"
2026-09-09T19:51:40.191674Z DEBUG transparent_shard_server::runtime: construction stage geometry="recent-8k" table="pages" seconds=2.537713117 stage="pack_preprocessing"
2026-09-09T19:51:40.191953Z DEBUG transparent_shard_server::runtime: construction stage geometry="recent-8k" table="pages" seconds=0.00025203 stage="publish_parameters"
2026-09-09T19:51:40.192626Z DEBUG transparent_shard_server::runtime: runtime stage key=("ced665ae1f1140944bcd0c9aa2b83c1019df768df87fa513f9509106fc5b88c1", Pages, 0) seconds=3.6306042229999997 stage="runtime_build"
2026-09-09T19:51:40.192655Z DEBUG transparent_shard_server::runtime: runtime stage key=("ced665ae1f1140944bcd0c9aa2b83c1019df768df87fa513f9509106fc5b88c1", Pages, 0) reserved_bytes=136314880 stage="serialization_handoff"
2026-09-09T19:51:40.195190Z DEBUG transparent_shard_server::runtime: runtime stage key=("2d4497bf9e8bafc6139ee4e57114238a7ecfa0782702939922bf2a79b1fe05bf", Pages, 0) seconds=3.038872599 stage="build_slot"
2026-09-09T19:51:40.195275Z DEBUG transparent_shard_server::memory: cold build admission wait seconds=7.0716e-5 admitted=true
2026-09-09T19:51:40.333620Z DEBUG transparent_shard_server::runtime: runtime stage key=("2d4497bf9e8bafc6139ee4e57114238a7ecfa0782702939922bf2a79b1fe05bf", Pages, 0) seconds=0.138241013 stage="source_load"
2026-09-09T19:51:40.636443Z DEBUG transparent_shard_server::runtime: construction stage geometry="recent-8k" table="pages" seconds=0.302791187 stage="encode_database"
2026-09-09T19:51:40.636556Z DEBUG transparent_shard_server::runtime: construction stage geometry="recent-8k" table="pages" seconds=7.0195e-5 stage="public_setup"
2026-09-09T19:51:40.919330Z DEBUG transparent_shard_server::runtime: runtime stage key=("ced665ae1f1140944bcd0c9aa2b83c1019df768df87fa513f9509106fc5b88c1", Pages, 0) seconds=0.726668831 stage="disk_save"
2026-09-09T19:51:40.919401Z DEBUG transparent_shard_server::runtime: runtime stage key=("a4bd72b37c0aafb265c77bb09cbc402cf69b65a87a1fabc8a0f12614b35469be", Pages, 0) seconds=2.118e-6 stage="restore_slot"
2026-09-09T19:51:40.919528Z DEBUG transparent_shard_server::runtime: runtime stage key=("a4bd72b37c0aafb265c77bb09cbc402cf69b65a87a1fabc8a0f12614b35469be", Pages, 0) seconds=4.152e-5 hit=false stage="disk_restore"
2026-09-09T19:51:41.425036Z DEBUG transparent_shard_server::runtime: construction stage geometry="recent-8k" table="pages" seconds=0.788472552 stage="hint_columns"
2026-09-09T19:51:42.597472Z DEBUG transparent_shard_server::runtime: construction stage geometry="recent-8k" table="directory" seconds=2.40838565 stage="pack_preprocessing"
2026-09-09T19:51:42.597779Z DEBUG transparent_shard_server::runtime: construction stage geometry="recent-8k" table="directory" seconds=0.000266327 stage="publish_parameters"
2026-09-09T19:51:42.598790Z DEBUG transparent_shard_server::runtime: runtime stage key=("2d4497bf9e8bafc6139ee4e57114238a7ecfa0782702939922bf2a79b1fe05bf", Directory, 0) seconds=3.568441317 stage="runtime_build"
2026-09-09T19:51:42.598850Z DEBUG transparent_shard_server::runtime: runtime stage key=("a4bd72b37c0aafb265c77bb09cbc402cf69b65a87a1fabc8a0f12614b35469be", Directory, 0) seconds=3.0394970040000002 stage="build_slot"
2026-09-09T19:51:42.598937Z DEBUG transparent_shard_server::memory: cold build admission wait seconds=8.1535e-5 admitted=true
2026-09-09T19:51:42.599019Z DEBUG transparent_shard_server::runtime: runtime stage key=("2d4497bf9e8bafc6139ee4e57114238a7ecfa0782702939922bf2a79b1fe05bf", Directory, 0) reserved_bytes=136314880 stage="serialization_handoff"
2026-09-09T19:51:42.799327Z DEBUG transparent_shard_server::runtime: runtime stage key=("a4bd72b37c0aafb265c77bb09cbc402cf69b65a87a1fabc8a0f12614b35469be", Directory, 0) seconds=0.200367908 stage="source_load"
2026-09-09T19:51:43.098974Z DEBUG transparent_shard_server::runtime: construction stage geometry="recent-8k" table="directory" seconds=0.299614577 stage="encode_database"
2026-09-09T19:51:43.099071Z DEBUG transparent_shard_server::runtime: construction stage geometry="recent-8k" table="directory" seconds=6.7334e-5 stage="public_setup"
2026-09-09T19:51:43.387197Z DEBUG transparent_shard_server::runtime: runtime stage key=("2d4497bf9e8bafc6139ee4e57114238a7ecfa0782702939922bf2a79b1fe05bf", Directory, 0) seconds=0.788170298 stage="disk_save"
2026-09-09T19:51:43.387286Z DEBUG transparent_shard_server::runtime: runtime stage key=("c907a0aa45b2551520863990845279fd25135889865e088c2dad6ea0d32b8fde", Directory, 0) seconds=1.873e-6 stage="restore_slot"
2026-09-09T19:51:43.387435Z DEBUG transparent_shard_server::runtime: runtime stage key=("c907a0aa45b2551520863990845279fd25135889865e088c2dad6ea0d32b8fde", Directory, 0) seconds=3.8977e-5 hit=false stage="disk_restore"
2026-09-09T19:51:43.971254Z DEBUG transparent_shard_server::runtime: construction stage geometry="recent-8k" table="directory" seconds=0.872172387 stage="hint_columns"
2026-09-09T19:51:43.974968Z DEBUG transparent_shard_server::runtime: construction stage geometry="recent-8k" table="pages" seconds=2.549889034 stage="pack_preprocessing"
2026-09-09T19:51:43.975383Z DEBUG transparent_shard_server::runtime: construction stage geometry="recent-8k" table="pages" seconds=0.000358849 stage="publish_parameters"
2026-09-09T19:51:43.976023Z DEBUG transparent_shard_server::runtime: runtime stage key=("2d4497bf9e8bafc6139ee4e57114238a7ecfa0782702939922bf2a79b1fe05bf", Pages, 0) seconds=3.642373409 stage="runtime_build"
2026-09-09T19:51:43.976054Z DEBUG transparent_shard_server::runtime: runtime stage key=("2d4497bf9e8bafc6139ee4e57114238a7ecfa0782702939922bf2a79b1fe05bf", Pages, 0) reserved_bytes=136314880 stage="serialization_handoff"
2026-09-09T19:51:43.976088Z DEBUG transparent_shard_server::runtime: runtime stage key=("a4bd72b37c0aafb265c77bb09cbc402cf69b65a87a1fabc8a0f12614b35469be", Pages, 0) seconds=3.049889657 stage="build_slot"
2026-09-09T19:51:43.976213Z DEBUG transparent_shard_server::memory: cold build admission wait seconds=0.000103902 admitted=true
2026-09-09T19:51:44.120491Z DEBUG transparent_shard_server::runtime: runtime stage key=("a4bd72b37c0aafb265c77bb09cbc402cf69b65a87a1fabc8a0f12614b35469be", Pages, 0) seconds=0.144179897 stage="source_load"
2026-09-09T19:51:44.421713Z DEBUG transparent_shard_server::runtime: construction stage geometry="recent-8k" table="pages" seconds=0.301183407 stage="encode_database"
2026-09-09T19:51:44.421823Z DEBUG transparent_shard_server::runtime: construction stage geometry="recent-8k" table="pages" seconds=7.6638e-5 stage="public_setup"
2026-09-09T19:51:44.892222Z DEBUG transparent_shard_server::runtime: runtime stage key=("2d4497bf9e8bafc6139ee4e57114238a7ecfa0782702939922bf2a79b1fe05bf", Pages, 0) seconds=0.916161014 stage="disk_save"
2026-09-09T19:51:44.894236Z DEBUG transparent_shard_server::runtime: runtime stage key=("c907a0aa45b2551520863990845279fd25135889865e088c2dad6ea0d32b8fde", Pages, 0) seconds=1.796e-6 stage="restore_slot"
2026-09-09T19:51:44.894403Z DEBUG transparent_shard_server::runtime: runtime stage key=("c907a0aa45b2551520863990845279fd25135889865e088c2dad6ea0d32b8fde", Pages, 0) seconds=2.9143e-5 hit=false stage="disk_restore"
2026-09-09T19:51:45.210853Z DEBUG transparent_shard_server::runtime: construction stage geometry="recent-8k" table="pages" seconds=0.789023622 stage="hint_columns"
2026-09-09T19:51:46.366998Z DEBUG transparent_shard_server::runtime: construction stage geometry="recent-8k" table="directory" seconds=2.39567751 stage="pack_preprocessing"
2026-09-09T19:51:46.367315Z DEBUG transparent_shard_server::runtime: construction stage geometry="recent-8k" table="directory" seconds=0.000274912 stage="publish_parameters"
2026-09-09T19:51:46.367896Z DEBUG transparent_shard_server::runtime: runtime stage key=("a4bd72b37c0aafb265c77bb09cbc402cf69b65a87a1fabc8a0f12614b35469be", Directory, 0) seconds=3.568538962 stage="runtime_build"
2026-09-09T19:51:46.367937Z DEBUG transparent_shard_server::runtime: runtime stage key=("c907a0aa45b2551520863990845279fd25135889865e088c2dad6ea0d32b8fde", Directory, 0) seconds=2.9804695629999998 stage="build_slot"
2026-09-09T19:51:46.368026Z DEBUG transparent_shard_server::memory: cold build admission wait seconds=8.1652e-5 admitted=true
2026-09-09T19:51:46.368055Z DEBUG transparent_shard_server::runtime: runtime stage key=("a4bd72b37c0aafb265c77bb09cbc402cf69b65a87a1fabc8a0f12614b35469be", Directory, 0) reserved_bytes=136314880 stage="serialization_handoff"
2026-09-09T19:51:46.571943Z DEBUG transparent_shard_server::runtime: runtime stage key=("c907a0aa45b2551520863990845279fd25135889865e088c2dad6ea0d32b8fde", Directory, 0) seconds=0.203889152 stage="source_load"
2026-09-09T19:51:46.873328Z DEBUG transparent_shard_server::runtime: construction stage geometry="recent-8k" table="directory" seconds=0.301357354 stage="encode_database"
2026-09-09T19:51:46.873430Z DEBUG transparent_shard_server::runtime: construction stage geometry="recent-8k" table="directory" seconds=7.4215e-5 stage="public_setup"
2026-09-09T19:51:47.096367Z DEBUG transparent_shard_server::runtime: runtime stage key=("a4bd72b37c0aafb265c77bb09cbc402cf69b65a87a1fabc8a0f12614b35469be", Directory, 0) seconds=0.728304945 stage="disk_save"
2026-09-09T19:51:47.096438Z DEBUG transparent_shard_server::runtime: runtime stage key=("67574e8d4c7f7c258f8c7488f73e80a9476f8074c3db3540325133ff25020c2b", Directory, 0) seconds=1.576e-6 stage="restore_slot"
2026-09-09T19:51:47.096555Z DEBUG transparent_shard_server::runtime: runtime stage key=("67574e8d4c7f7c258f8c7488f73e80a9476f8074c3db3540325133ff25020c2b", Directory, 0) seconds=3.738e-5 hit=false stage="disk_restore"
2026-09-09T19:51:47.713939Z DEBUG transparent_shard_server::runtime: construction stage geometry="recent-8k" table="directory" seconds=0.840500908 stage="hint_columns"
2026-09-09T19:51:47.716603Z DEBUG transparent_shard_server::runtime: construction stage geometry="recent-8k" table="pages" seconds=2.505714373 stage="pack_preprocessing"
2026-09-09T19:51:47.716913Z DEBUG transparent_shard_server::runtime: construction stage geometry="recent-8k" table="pages" seconds=0.000282241 stage="publish_parameters"
2026-09-09T19:51:47.717527Z DEBUG transparent_shard_server::runtime: runtime stage key=("a4bd72b37c0aafb265c77bb09cbc402cf69b65a87a1fabc8a0f12614b35469be", Pages, 0) seconds=3.596999717 stage="runtime_build"
2026-09-09T19:51:47.717552Z DEBUG transparent_shard_server::runtime: runtime stage key=("a4bd72b37c0aafb265c77bb09cbc402cf69b65a87a1fabc8a0f12614b35469be", Pages, 0) reserved_bytes=136314880 stage="serialization_handoff"
2026-09-09T19:51:47.717593Z DEBUG transparent_shard_server::runtime: runtime stage key=("c907a0aa45b2551520863990845279fd25135889865e088c2dad6ea0d32b8fde", Pages, 0) seconds=2.823167767 stage="build_slot"
2026-09-09T19:51:47.717697Z DEBUG transparent_shard_server::memory: cold build admission wait seconds=8.2948e-5 admitted=true
2026-09-09T19:51:47.855042Z DEBUG transparent_shard_server::runtime: runtime stage key=("c907a0aa45b2551520863990845279fd25135889865e088c2dad6ea0d32b8fde", Pages, 0) seconds=0.137316921 stage="source_load"
2026-09-09T19:51:48.155742Z DEBUG transparent_shard_server::runtime: construction stage geometry="recent-8k" table="pages" seconds=0.3006603 stage="encode_database"
2026-09-09T19:51:48.155840Z DEBUG transparent_shard_server::runtime: construction stage geometry="recent-8k" table="pages" seconds=7.0853e-5 stage="public_setup"
2026-09-09T19:51:48.441944Z DEBUG transparent_shard_server::runtime: runtime stage key=("a4bd72b37c0aafb265c77bb09cbc402cf69b65a87a1fabc8a0f12614b35469be", Pages, 0) seconds=0.72438497 stage="disk_save"
2026-09-09T19:51:48.445215Z DEBUG transparent_shard_server::runtime: runtime stage key=("67574e8d4c7f7c258f8c7488f73e80a9476f8074c3db3540325133ff25020c2b", Pages, 0) seconds=1.63e-6 stage="restore_slot"
2026-09-09T19:51:48.445343Z DEBUG transparent_shard_server::runtime: runtime stage key=("67574e8d4c7f7c258f8c7488f73e80a9476f8074c3db3540325133ff25020c2b", Pages, 0) seconds=2.5467e-5 hit=false stage="disk_restore"
2026-09-09T19:51:48.949740Z DEBUG transparent_shard_server::runtime: construction stage geometry="recent-8k" table="pages" seconds=0.793893479 stage="hint_columns"
2026-09-09T19:51:50.093046Z DEBUG transparent_shard_server::runtime: construction stage geometry="recent-8k" table="directory" seconds=2.379065155 stage="pack_preprocessing"
2026-09-09T19:51:50.093360Z DEBUG transparent_shard_server::runtime: construction stage geometry="recent-8k" table="directory" seconds=0.000276513 stage="publish_parameters"
2026-09-09T19:51:50.093922Z DEBUG transparent_shard_server::runtime: runtime stage key=("c907a0aa45b2551520863990845279fd25135889865e088c2dad6ea0d32b8fde", Directory, 0) seconds=3.521952999 stage="runtime_build"
2026-09-09T19:51:50.093946Z DEBUG transparent_shard_server::runtime: runtime stage key=("c907a0aa45b2551520863990845279fd25135889865e088c2dad6ea0d32b8fde", Directory, 0) reserved_bytes=136314880 stage="serialization_handoff"
2026-09-09T19:51:50.093972Z DEBUG transparent_shard_server::runtime: runtime stage key=("67574e8d4c7f7c258f8c7488f73e80a9476f8074c3db3540325133ff25020c2b", Directory, 0) seconds=2.997380256 stage="build_slot"
2026-09-09T19:51:50.094071Z DEBUG transparent_shard_server::memory: cold build admission wait seconds=7.7261e-5 admitted=true
2026-09-09T19:51:50.282018Z DEBUG transparent_shard_server::runtime: runtime stage key=("67574e8d4c7f7c258f8c7488f73e80a9476f8074c3db3540325133ff25020c2b", Directory, 0) seconds=0.187923667 stage="source_load"
2026-09-09T19:51:50.582977Z DEBUG transparent_shard_server::runtime: construction stage geometry="recent-8k" table="directory" seconds=0.300929704 stage="encode_database"
2026-09-09T19:51:50.583080Z DEBUG transparent_shard_server::runtime: construction stage geometry="recent-8k" table="directory" seconds=7.2824e-5 stage="public_setup"
2026-09-09T19:51:51.082181Z DEBUG transparent_shard_server::runtime: runtime stage key=("c907a0aa45b2551520863990845279fd25135889865e088c2dad6ea0d32b8fde", Directory, 0) seconds=0.988228781 stage="disk_save"
2026-09-09T19:51:51.156473Z DEBUG transparent_shard_server::runtime: construction stage geometry="recent-8k" table="pages" seconds=2.206692597 stage="pack_preprocessing"
2026-09-09T19:51:51.156788Z DEBUG transparent_shard_server::runtime: construction stage geometry="recent-8k" table="pages" seconds=0.000279829 stage="publish_parameters"
2026-09-09T19:51:51.161378Z DEBUG transparent_shard_server::runtime: runtime stage key=("c907a0aa45b2551520863990845279fd25135889865e088c2dad6ea0d32b8fde", Pages, 0) seconds=3.306297286 stage="runtime_build"
2026-09-09T19:51:51.161410Z DEBUG transparent_shard_server::runtime: runtime stage key=("c907a0aa45b2551520863990845279fd25135889865e088c2dad6ea0d32b8fde", Pages, 0) reserved_bytes=136314880 stage="serialization_handoff"
2026-09-09T19:51:51.161434Z DEBUG transparent_shard_server::runtime: runtime stage key=("67574e8d4c7f7c258f8c7488f73e80a9476f8074c3db3540325133ff25020c2b", Pages, 0) seconds=2.7132221579999998 stage="build_slot"
2026-09-09T19:51:51.161529Z DEBUG transparent_shard_server::memory: cold build admission wait seconds=7.4749e-5 admitted=true
2026-09-09T19:51:51.430480Z DEBUG transparent_shard_server::runtime: runtime stage key=("67574e8d4c7f7c258f8c7488f73e80a9476f8074c3db3540325133ff25020c2b", Pages, 0) seconds=0.268913247 stage="source_load"
2026-09-09T19:51:51.548309Z DEBUG transparent_shard_server::runtime: construction stage geometry="recent-8k" table="directory" seconds=0.965222338 stage="hint_columns"
2026-09-09T19:51:51.784846Z DEBUG transparent_shard_server::runtime: construction stage geometry="recent-8k" table="pages" seconds=0.354315686 stage="encode_database"
2026-09-09T19:51:51.784958Z DEBUG transparent_shard_server::runtime: construction stage geometry="recent-8k" table="pages" seconds=7.2811e-5 stage="public_setup"
2026-09-09T19:51:52.071767Z DEBUG transparent_shard_server::runtime: runtime stage key=("c907a0aa45b2551520863990845279fd25135889865e088c2dad6ea0d32b8fde", Pages, 0) seconds=0.910350741 stage="disk_save"
2026-09-09T19:51:52.629755Z DEBUG transparent_shard_server::runtime: construction stage geometry="recent-8k" table="pages" seconds=0.844789906 stage="hint_columns"
2026-09-09T19:51:53.826829Z DEBUG transparent_shard_server::runtime: construction stage geometry="recent-8k" table="directory" seconds=2.278486779 stage="pack_preprocessing"
2026-09-09T19:51:53.827155Z DEBUG transparent_shard_server::runtime: construction stage geometry="recent-8k" table="directory" seconds=0.000284013 stage="publish_parameters"
2026-09-09T19:51:53.827852Z DEBUG transparent_shard_server::runtime: runtime stage key=("67574e8d4c7f7c258f8c7488f73e80a9476f8074c3db3540325133ff25020c2b", Directory, 0) seconds=3.545806084 stage="runtime_build"
2026-09-09T19:51:53.827873Z DEBUG transparent_shard_server::runtime: runtime stage key=("67574e8d4c7f7c258f8c7488f73e80a9476f8074c3db3540325133ff25020c2b", Directory, 0) reserved_bytes=136314880 stage="serialization_handoff"
2026-09-09T19:51:54.573054Z DEBUG transparent_shard_server::runtime: runtime stage key=("67574e8d4c7f7c258f8c7488f73e80a9476f8074c3db3540325133ff25020c2b", Directory, 0) seconds=0.74517527 stage="disk_save"
2026-09-09T19:51:54.873542Z DEBUG transparent_shard_server::runtime: construction stage geometry="recent-8k" table="pages" seconds=2.243745487 stage="pack_preprocessing"
2026-09-09T19:51:54.873849Z DEBUG transparent_shard_server::runtime: construction stage geometry="recent-8k" table="pages" seconds=0.000266775 stage="publish_parameters"
2026-09-09T19:51:54.874457Z DEBUG transparent_shard_server::runtime: runtime stage key=("67574e8d4c7f7c258f8c7488f73e80a9476f8074c3db3540325133ff25020c2b", Pages, 0) seconds=3.443928761 stage="runtime_build"
2026-09-09T19:51:54.874473Z DEBUG transparent_shard_server::runtime: runtime stage key=("67574e8d4c7f7c258f8c7488f73e80a9476f8074c3db3540325133ff25020c2b", Pages, 0) reserved_bytes=136314880 stage="serialization_handoff"
2026-09-09T19:51:55.573384Z DEBUG transparent_shard_server::runtime: runtime stage key=("67574e8d4c7f7c258f8c7488f73e80a9476f8074c3db3540325133ff25020c2b", Pages, 0) seconds=0.698902859 stage="disk_save"
2026-09-09T19:51:55.573462Z  INFO transparent_shard_server::service: prewarm finished warm=28 target=28 failed=0 seconds=54.539227863
test burst::publication_burst_under_exact_load has been running for over 60 seconds
2026-09-09T19:51:55.839845Z DEBUG transparent_shard_server::service: query stage revision=5b7ee9849d47f5ee67d04eb6ca4588beacf42dce75e5a1b481dfd02607b1fb20 table="directory" seconds=4.697e-6 stage="query_admission"
2026-09-09T19:51:55.839885Z DEBUG transparent_shard_server::service: query stage revision=5b7ee9849d47f5ee67d04eb6ca4588beacf42dce75e5a1b481dfd02607b1fb20 table="directory" seconds=6.892e-6 stage="query_runtime"
2026-09-09T19:51:55.840009Z DEBUG transparent_shard_server::service: query stage revision=5b7ee9849d47f5ee67d04eb6ca4588beacf42dce75e5a1b481dfd02607b1fb20 table="directory" seconds=5.0793e-5 stage="query_dispatch"
2026-09-09T19:51:55.840176Z DEBUG transparent_shard_server::service: query stage revision=5b7ee9849d47f5ee67d04eb6ca4588beacf42dce75e5a1b481dfd02607b1fb20 table="directory" seconds=1.462e-6 stage="query_admission"
2026-09-09T19:51:55.840200Z DEBUG transparent_shard_server::service: query stage revision=5b7ee9849d47f5ee67d04eb6ca4588beacf42dce75e5a1b481dfd02607b1fb20 table="directory" seconds=2.96e-6 stage="query_runtime"
2026-09-09T19:51:55.840257Z DEBUG transparent_shard_server::service: query stage revision=5b7ee9849d47f5ee67d04eb6ca4588beacf42dce75e5a1b481dfd02607b1fb20 table="directory" seconds=1.6926e-5 stage="query_dispatch"
2026-09-09T19:51:55.856209Z DEBUG transparent_shard_server::service: query stage revision=5b7ee9849d47f5ee67d04eb6ca4588beacf42dce75e5a1b481dfd02607b1fb20 table="directory" seconds=0.015945793 stage="query_evaluate"
2026-09-09T19:51:55.856943Z DEBUG transparent_shard_server::service: query stage revision=5b7ee9849d47f5ee67d04eb6ca4588beacf42dce75e5a1b481dfd02607b1fb20 table="directory" seconds=0.016908732 stage="query_evaluate"
2026-09-09T19:51:56.054985Z DEBUG transparent_shard_server::service: query stage revision=5b7ee9849d47f5ee67d04eb6ca4588beacf42dce75e5a1b481dfd02607b1fb20 table="pages" seconds=3.585e-6 stage="query_admission"
2026-09-09T19:51:56.055023Z DEBUG transparent_shard_server::service: query stage revision=5b7ee9849d47f5ee67d04eb6ca4588beacf42dce75e5a1b481dfd02607b1fb20 table="pages" seconds=5.201e-6 stage="query_runtime"
2026-09-09T19:51:56.055119Z DEBUG transparent_shard_server::service: query stage revision=5b7ee9849d47f5ee67d04eb6ca4588beacf42dce75e5a1b481dfd02607b1fb20 table="pages" seconds=1.8065e-5 stage="query_dispatch"
2026-09-09T19:51:56.055535Z DEBUG transparent_shard_server::service: query stage revision=5b7ee9849d47f5ee67d04eb6ca4588beacf42dce75e5a1b481dfd02607b1fb20 table="pages" seconds=1.792e-6 stage="query_admission"
2026-09-09T19:51:56.057443Z DEBUG transparent_shard_server::service: query stage revision=5b7ee9849d47f5ee67d04eb6ca4588beacf42dce75e5a1b481dfd02607b1fb20 table="pages" seconds=1.1064e-5 stage="query_runtime"
2026-09-09T19:51:56.057543Z DEBUG transparent_shard_server::service: query stage revision=5b7ee9849d47f5ee67d04eb6ca4588beacf42dce75e5a1b481dfd02607b1fb20 table="pages" seconds=2.4694e-5 stage="query_dispatch"
2026-09-09T19:51:56.065762Z DEBUG transparent_shard_server::service: query stage revision=5b7ee9849d47f5ee67d04eb6ca4588beacf42dce75e5a1b481dfd02607b1fb20 table="pages" seconds=0.010625186 stage="query_evaluate"
2026-09-09T19:51:56.072376Z DEBUG transparent_shard_server::service: query stage revision=5b7ee9849d47f5ee67d04eb6ca4588beacf42dce75e5a1b481dfd02607b1fb20 table="pages" seconds=0.014821534 stage="query_evaluate"
2026-09-09T19:51:56.135706Z  INFO transparent_shard_server::runtime: retired runtime memory reclaimed rss_before=4913549312 rss_after=4410494976
2026-09-09T19:51:56.221784Z DEBUG transparent_shard_server::service: query stage revision=5b7ee9849d47f5ee67d04eb6ca4588beacf42dce75e5a1b481dfd02607b1fb20 table="directory" seconds=3.552e-6 stage="query_admission"
2026-09-09T19:51:56.221818Z DEBUG transparent_shard_server::service: query stage revision=5b7ee9849d47f5ee67d04eb6ca4588beacf42dce75e5a1b481dfd02607b1fb20 table="directory" seconds=5.917e-6 stage="query_runtime"
2026-09-09T19:51:56.221902Z DEBUG transparent_shard_server::service: query stage revision=5b7ee9849d47f5ee67d04eb6ca4588beacf42dce75e5a1b481dfd02607b1fb20 table="directory" seconds=1.273e-5 stage="query_dispatch"
2026-09-09T19:51:56.232474Z DEBUG transparent_shard_server::service: query stage revision=5b7ee9849d47f5ee67d04eb6ca4588beacf42dce75e5a1b481dfd02607b1fb20 table="directory" seconds=2.699e-6 stage="query_admission"
2026-09-09T19:51:56.232511Z DEBUG transparent_shard_server::service: query stage revision=5b7ee9849d47f5ee67d04eb6ca4588beacf42dce75e5a1b481dfd02607b1fb20 table="directory" seconds=5.856e-6 stage="query_runtime"
2026-09-09T19:51:56.232750Z DEBUG transparent_shard_server::service: query stage revision=5b7ee9849d47f5ee67d04eb6ca4588beacf42dce75e5a1b481dfd02607b1fb20 table="directory" seconds=0.000164518 stage="query_dispatch"
2026-09-09T19:51:56.235730Z DEBUG transparent_shard_server::service: query stage revision=5b7ee9849d47f5ee67d04eb6ca4588beacf42dce75e5a1b481dfd02607b1fb20 table="directory" seconds=0.013822173 stage="query_evaluate"
2026-09-09T19:51:56.246941Z DEBUG transparent_shard_server::service: query stage revision=5b7ee9849d47f5ee67d04eb6ca4588beacf42dce75e5a1b481dfd02607b1fb20 table="directory" seconds=0.014170699 stage="query_evaluate"
2026-09-09T19:51:56.396668Z DEBUG transparent_shard_server::service: query stage revision=5b7ee9849d47f5ee67d04eb6ca4588beacf42dce75e5a1b481dfd02607b1fb20 table="pages" seconds=3.094e-6 stage="query_admission"
2026-09-09T19:51:56.396704Z DEBUG transparent_shard_server::service: query stage revision=5b7ee9849d47f5ee67d04eb6ca4588beacf42dce75e5a1b481dfd02607b1fb20 table="pages" seconds=5.592e-6 stage="query_runtime"
2026-09-09T19:51:56.396811Z DEBUG transparent_shard_server::service: query stage revision=5b7ee9849d47f5ee67d04eb6ca4588beacf42dce75e5a1b481dfd02607b1fb20 table="pages" seconds=1.97e-5 stage="query_dispatch"
2026-09-09T19:51:56.403950Z DEBUG transparent_shard_server::service: query stage revision=5b7ee9849d47f5ee67d04eb6ca4588beacf42dce75e5a1b481dfd02607b1fb20 table="pages" seconds=2.632e-6 stage="query_admission"
2026-09-09T19:51:56.403983Z DEBUG transparent_shard_server::service: query stage revision=5b7ee9849d47f5ee67d04eb6ca4588beacf42dce75e5a1b481dfd02607b1fb20 table="pages" seconds=4.514e-6 stage="query_runtime"
2026-09-09T19:51:56.406583Z DEBUG transparent_shard_server::service: query stage revision=5b7ee9849d47f5ee67d04eb6ca4588beacf42dce75e5a1b481dfd02607b1fb20 table="pages" seconds=0.002529915 stage="query_dispatch"
2026-09-09T19:51:56.419633Z DEBUG transparent_shard_server::service: query stage revision=5b7ee9849d47f5ee67d04eb6ca4588beacf42dce75e5a1b481dfd02607b1fb20 table="pages" seconds=0.02280164 stage="query_evaluate"
2026-09-09T19:51:56.420204Z DEBUG transparent_shard_server::service: query stage revision=5b7ee9849d47f5ee67d04eb6ca4588beacf42dce75e5a1b481dfd02607b1fb20 table="pages" seconds=0.013599377 stage="query_evaluate"
2026-09-09T19:51:56.575494Z DEBUG transparent_shard_server::service: query stage revision=5b7ee9849d47f5ee67d04eb6ca4588beacf42dce75e5a1b481dfd02607b1fb20 table="directory" seconds=3.63e-6 stage="query_admission"
2026-09-09T19:51:56.575517Z DEBUG transparent_shard_server::service: query stage revision=5b7ee9849d47f5ee67d04eb6ca4588beacf42dce75e5a1b481dfd02607b1fb20 table="directory" seconds=2.091e-6 stage="query_admission"
2026-09-09T19:51:56.575532Z DEBUG transparent_shard_server::service: query stage revision=5b7ee9849d47f5ee67d04eb6ca4588beacf42dce75e5a1b481dfd02607b1fb20 table="directory" seconds=8.41e-6 stage="query_runtime"
2026-09-09T19:51:56.575536Z DEBUG transparent_shard_server::service: query stage revision=5b7ee9849d47f5ee67d04eb6ca4588beacf42dce75e5a1b481dfd02607b1fb20 table="directory" seconds=4.167e-6 stage="query_runtime"
2026-09-09T19:51:56.575624Z DEBUG transparent_shard_server::service: query stage revision=5b7ee9849d47f5ee67d04eb6ca4588beacf42dce75e5a1b481dfd02607b1fb20 table="directory" seconds=1.5877e-5 stage="query_dispatch"
2026-09-09T19:51:56.575992Z DEBUG transparent_shard_server::service: query stage revision=5b7ee9849d47f5ee67d04eb6ca4588beacf42dce75e5a1b481dfd02607b1fb20 table="directory" seconds=0.00038229 stage="query_dispatch"
2026-09-09T19:51:56.592315Z DEBUG transparent_shard_server::service: query stage revision=5b7ee9849d47f5ee67d04eb6ca4588beacf42dce75e5a1b481dfd02607b1fb20 table="directory" seconds=0.01631613 stage="query_evaluate"
2026-09-09T19:51:56.592904Z DEBUG transparent_shard_server::service: query stage revision=5b7ee9849d47f5ee67d04eb6ca4588beacf42dce75e5a1b481dfd02607b1fb20 table="directory" seconds=0.017275805 stage="query_evaluate"
2026-09-09T19:51:56.711251Z DEBUG transparent_shard_server::runtime: runtime stage key=("be059aab39ac34125e0452548d6fbcfb1e7cdb7237a597bd59ee86011ed4882b", Directory, 0) seconds=1.491e-6 stage="restore_slot"
2026-09-09T19:51:56.711375Z DEBUG transparent_shard_server::runtime: runtime stage key=("be059aab39ac34125e0452548d6fbcfb1e7cdb7237a597bd59ee86011ed4882b", Pages, 0) seconds=3.93e-7 stage="restore_slot"
2026-09-09T19:51:56.711456Z DEBUG transparent_shard_server::runtime: runtime stage key=("be059aab39ac34125e0452548d6fbcfb1e7cdb7237a597bd59ee86011ed4882b", Pages, 0) seconds=2.3616e-5 hit=false stage="disk_restore"
2026-09-09T19:51:56.711490Z DEBUG transparent_shard_server::runtime: runtime stage key=("be059aab39ac34125e0452548d6fbcfb1e7cdb7237a597bd59ee86011ed4882b", Directory, 0) seconds=0.000114969 hit=false stage="disk_restore"
2026-09-09T19:51:56.711504Z DEBUG transparent_shard_server::runtime: runtime stage key=("be059aab39ac34125e0452548d6fbcfb1e7cdb7237a597bd59ee86011ed4882b", Directory, 0) seconds=4.36e-7 stage="build_slot"
2026-09-09T19:51:56.711535Z DEBUG transparent_shard_server::memory: cold build admission wait seconds=2.5229e-5 admitted=true
2026-09-09T19:51:56.711546Z DEBUG transparent_shard_server::runtime: runtime stage key=("be059aab39ac34125e0452548d6fbcfb1e7cdb7237a597bd59ee86011ed4882b", Pages, 0) seconds=7.6e-8 stage="build_slot"
2026-09-09T19:51:56.711569Z DEBUG transparent_shard_server::memory: cold build admission wait seconds=2.0861e-5 admitted=true
2026-09-09T19:51:56.748365Z DEBUG transparent_shard_server::service: query stage revision=5b7ee9849d47f5ee67d04eb6ca4588beacf42dce75e5a1b481dfd02607b1fb20 table="pages" seconds=2.834e-6 stage="query_admission"
2026-09-09T19:51:56.748399Z DEBUG transparent_shard_server::service: query stage revision=5b7ee9849d47f5ee67d04eb6ca4588beacf42dce75e5a1b481dfd02607b1fb20 table="pages" seconds=6.095e-6 stage="query_runtime"
2026-09-09T19:51:56.748671Z DEBUG transparent_shard_server::service: query stage revision=5b7ee9849d47f5ee67d04eb6ca4588beacf42dce75e5a1b481dfd02607b1fb20 table="pages" seconds=1.154e-6 stage="query_admission"
2026-09-09T19:51:56.748681Z DEBUG transparent_shard_server::service: query stage revision=5b7ee9849d47f5ee67d04eb6ca4588beacf42dce75e5a1b481dfd02607b1fb20 table="pages" seconds=2.88e-6 stage="query_runtime"
2026-09-09T19:51:56.751271Z DEBUG transparent_shard_server::service: query stage revision=5b7ee9849d47f5ee67d04eb6ca4588beacf42dce75e5a1b481dfd02607b1fb20 table="pages" seconds=0.002798214 stage="query_dispatch"
2026-09-09T19:51:56.751444Z DEBUG transparent_shard_server::service: query stage revision=5b7ee9849d47f5ee67d04eb6ca4588beacf42dce75e5a1b481dfd02607b1fb20 table="pages" seconds=0.002640787 stage="query_dispatch"
2026-09-09T19:51:56.776540Z DEBUG transparent_shard_server::service: query stage revision=5b7ee9849d47f5ee67d04eb6ca4588beacf42dce75e5a1b481dfd02607b1fb20 table="pages" seconds=0.025245528 stage="query_evaluate"
2026-09-09T19:51:56.776708Z DEBUG transparent_shard_server::service: query stage revision=5b7ee9849d47f5ee67d04eb6ca4588beacf42dce75e5a1b481dfd02607b1fb20 table="pages" seconds=0.025248535 stage="query_evaluate"
2026-09-09T19:51:56.861725Z DEBUG transparent_shard_server::runtime: runtime stage key=("be059aab39ac34125e0452548d6fbcfb1e7cdb7237a597bd59ee86011ed4882b", Directory, 0) seconds=0.150174113 stage="source_load"
2026-09-09T19:51:56.867367Z DEBUG transparent_shard_server::runtime: runtime stage key=("be059aab39ac34125e0452548d6fbcfb1e7cdb7237a597bd59ee86011ed4882b", Pages, 0) seconds=0.155779126 stage="source_load"
2026-09-09T19:51:56.930005Z DEBUG transparent_shard_server::service: query stage revision=5b7ee9849d47f5ee67d04eb6ca4588beacf42dce75e5a1b481dfd02607b1fb20 table="directory" seconds=2.784e-6 stage="query_admission"
2026-09-09T19:51:56.930035Z DEBUG transparent_shard_server::service: query stage revision=5b7ee9849d47f5ee67d04eb6ca4588beacf42dce75e5a1b481dfd02607b1fb20 table="directory" seconds=4.134e-6 stage="query_runtime"
2026-09-09T19:51:56.930103Z DEBUG transparent_shard_server::service: query stage revision=5b7ee9849d47f5ee67d04eb6ca4588beacf42dce75e5a1b481dfd02607b1fb20 table="directory" seconds=1.9683e-5 stage="query_dispatch"
2026-09-09T19:51:56.930305Z DEBUG transparent_shard_server::service: query stage revision=5b7ee9849d47f5ee67d04eb6ca4588beacf42dce75e5a1b481dfd02607b1fb20 table="directory" seconds=1.127e-6 stage="query_admission"
2026-09-09T19:51:56.930327Z DEBUG transparent_shard_server::service: query stage revision=5b7ee9849d47f5ee67d04eb6ca4588beacf42dce75e5a1b481dfd02607b1fb20 table="directory" seconds=2.315e-6 stage="query_runtime"
2026-09-09T19:51:56.930391Z DEBUG transparent_shard_server::service: query stage revision=5b7ee9849d47f5ee67d04eb6ca4588beacf42dce75e5a1b481dfd02607b1fb20 table="directory" seconds=2.656e-5 stage="query_dispatch"
2026-09-09T19:51:56.952137Z DEBUG transparent_shard_server::service: query stage revision=5b7ee9849d47f5ee67d04eb6ca4588beacf42dce75e5a1b481dfd02607b1fb20 table="directory" seconds=0.022016827 stage="query_evaluate"
2026-09-09T19:51:56.952928Z DEBUG transparent_shard_server::service: query stage revision=5b7ee9849d47f5ee67d04eb6ca4588beacf42dce75e5a1b481dfd02607b1fb20 table="directory" seconds=0.022522656 stage="query_evaluate"
2026-09-09T19:51:57.107151Z DEBUG transparent_shard_server::service: query stage revision=5b7ee9849d47f5ee67d04eb6ca4588beacf42dce75e5a1b481dfd02607b1fb20 table="pages" seconds=2.486e-6 stage="query_admission"
2026-09-09T19:51:57.107196Z DEBUG transparent_shard_server::service: query stage revision=5b7ee9849d47f5ee67d04eb6ca4588beacf42dce75e5a1b481dfd02607b1fb20 table="pages" seconds=4.815e-6 stage="query_runtime"
2026-09-09T19:51:57.107292Z DEBUG transparent_shard_server::service: query stage revision=5b7ee9849d47f5ee67d04eb6ca4588beacf42dce75e5a1b481dfd02607b1fb20 table="pages" seconds=1.8444e-5 stage="query_dispatch"
2026-09-09T19:51:57.107446Z DEBUG transparent_shard_server::service: query stage revision=5b7ee9849d47f5ee67d04eb6ca4588beacf42dce75e5a1b481dfd02607b1fb20 table="pages" seconds=1.085e-6 stage="query_admission"
2026-09-09T19:51:57.107456Z DEBUG transparent_shard_server::service: query stage revision=5b7ee9849d47f5ee67d04eb6ca4588beacf42dce75e5a1b481dfd02607b1fb20 table="pages" seconds=2.419e-6 stage="query_runtime"
2026-09-09T19:51:57.107521Z DEBUG transparent_shard_server::service: query stage revision=5b7ee9849d47f5ee67d04eb6ca4588beacf42dce75e5a1b481dfd02607b1fb20 table="pages" seconds=2.4754e-5 stage="query_dispatch"
2026-09-09T19:51:57.129888Z DEBUG transparent_shard_server::service: query stage revision=5b7ee9849d47f5ee67d04eb6ca4588beacf42dce75e5a1b481dfd02607b1fb20 table="pages" seconds=0.022353151 stage="query_evaluate"
2026-09-09T19:51:57.129903Z DEBUG transparent_shard_server::service: query stage revision=5b7ee9849d47f5ee67d04eb6ca4588beacf42dce75e5a1b481dfd02607b1fb20 table="pages" seconds=0.022592093 stage="query_evaluate"
2026-09-09T19:51:57.164957Z DEBUG transparent_shard_server::runtime: construction stage geometry="recent-8k" table="directory" seconds=0.303198205 stage="encode_database"
2026-09-09T19:51:57.165054Z DEBUG transparent_shard_server::runtime: construction stage geometry="recent-8k" table="directory" seconds=7.2981e-5 stage="public_setup"
2026-09-09T19:51:57.172267Z DEBUG transparent_shard_server::runtime: construction stage geometry="recent-8k" table="pages" seconds=0.304876955 stage="encode_database"
2026-09-09T19:51:57.172385Z DEBUG transparent_shard_server::runtime: construction stage geometry="recent-8k" table="pages" seconds=9.9416e-5 stage="public_setup"
2026-09-09T19:51:57.289190Z DEBUG transparent_shard_server::service: query stage revision=5b7ee9849d47f5ee67d04eb6ca4588beacf42dce75e5a1b481dfd02607b1fb20 table="directory" seconds=3.118e-6 stage="query_admission"
2026-09-09T19:51:57.289226Z DEBUG transparent_shard_server::service: query stage revision=5b7ee9849d47f5ee67d04eb6ca4588beacf42dce75e5a1b481dfd02607b1fb20 table="directory" seconds=4.17e-6 stage="query_runtime"
2026-09-09T19:51:57.289427Z DEBUG transparent_shard_server::service: query stage revision=5b7ee9849d47f5ee67d04eb6ca4588beacf42dce75e5a1b481dfd02607b1fb20 table="directory" seconds=2.036e-6 stage="query_admission"
2026-09-09T19:51:57.289451Z DEBUG transparent_shard_server::service: query stage revision=5b7ee9849d47f5ee67d04eb6ca4588beacf42dce75e5a1b481dfd02607b1fb20 table="directory" seconds=3.84e-6 stage="query_runtime"
2026-09-09T19:51:57.289521Z DEBUG transparent_shard_server::service: query stage revision=5b7ee9849d47f5ee67d04eb6ca4588beacf42dce75e5a1b481dfd02607b1fb20 table="directory" seconds=0.000226536 stage="query_dispatch"
2026-09-09T19:51:57.289908Z DEBUG transparent_shard_server::service: query stage revision=5b7ee9849d47f5ee67d04eb6ca4588beacf42dce75e5a1b481dfd02607b1fb20 table="directory" seconds=0.000395225 stage="query_dispatch"
2026-09-09T19:51:58.235879Z DEBUG transparent_shard_server::service: query stage revision=5b7ee9849d47f5ee67d04eb6ca4588beacf42dce75e5a1b481dfd02607b1fb20 table="directory" seconds=0.946342041 stage="query_evaluate"
2026-09-09T19:51:58.235996Z DEBUG transparent_shard_server::runtime: construction stage geometry="recent-8k" table="pages" seconds=1.063606348 stage="hint_columns"
2026-09-09T19:51:58.236709Z DEBUG transparent_shard_server::service: query stage revision=5b7ee9849d47f5ee67d04eb6ca4588beacf42dce75e5a1b481dfd02607b1fb20 table="directory" seconds=0.946787109 stage="query_evaluate"
2026-09-09T19:51:58.239258Z DEBUG transparent_shard_server::runtime: construction stage geometry="recent-8k" table="directory" seconds=1.074199223 stage="hint_columns"
2026-09-09T19:51:58.392728Z DEBUG transparent_shard_server::service: query stage revision=5b7ee9849d47f5ee67d04eb6ca4588beacf42dce75e5a1b481dfd02607b1fb20 table="pages" seconds=1.3237e-5 stage="query_admission"
2026-09-09T19:51:58.392786Z DEBUG transparent_shard_server::service: query stage revision=5b7ee9849d47f5ee67d04eb6ca4588beacf42dce75e5a1b481dfd02607b1fb20 table="pages" seconds=2.589e-5 stage="query_runtime"
2026-09-09T19:51:58.392894Z DEBUG transparent_shard_server::service: query stage revision=5b7ee9849d47f5ee67d04eb6ca4588beacf42dce75e5a1b481dfd02607b1fb20 table="pages" seconds=2.9238e-5 stage="query_dispatch"
2026-09-09T19:51:58.397359Z DEBUG transparent_shard_server::service: query stage revision=5b7ee9849d47f5ee67d04eb6ca4588beacf42dce75e5a1b481dfd02607b1fb20 table="pages" seconds=3.491e-6 stage="query_admission"
2026-09-09T19:51:58.397397Z DEBUG transparent_shard_server::service: query stage revision=5b7ee9849d47f5ee67d04eb6ca4588beacf42dce75e5a1b481dfd02607b1fb20 table="pages" seconds=6.224e-6 stage="query_runtime"
2026-09-09T19:51:58.397498Z DEBUG transparent_shard_server::service: query stage revision=5b7ee9849d47f5ee67d04eb6ca4588beacf42dce75e5a1b481dfd02607b1fb20 table="pages" seconds=2.221e-5 stage="query_dispatch"
2026-09-09T19:51:58.409280Z DEBUG transparent_shard_server::service: query stage revision=5b7ee9849d47f5ee67d04eb6ca4588beacf42dce75e5a1b481dfd02607b1fb20 table="pages" seconds=0.016365976 stage="query_evaluate"
2026-09-09T19:51:58.418094Z DEBUG transparent_shard_server::service: query stage revision=5b7ee9849d47f5ee67d04eb6ca4588beacf42dce75e5a1b481dfd02607b1fb20 table="pages" seconds=0.016867917 stage="query_evaluate"
2026-09-09T19:51:58.573478Z DEBUG transparent_shard_server::service: query stage revision=5b7ee9849d47f5ee67d04eb6ca4588beacf42dce75e5a1b481dfd02607b1fb20 table="directory" seconds=3.606e-6 stage="query_admission"
2026-09-09T19:51:58.573518Z DEBUG transparent_shard_server::service: query stage revision=5b7ee9849d47f5ee67d04eb6ca4588beacf42dce75e5a1b481dfd02607b1fb20 table="directory" seconds=5.537e-6 stage="query_runtime"
2026-09-09T19:51:58.573623Z DEBUG transparent_shard_server::service: query stage revision=5b7ee9849d47f5ee67d04eb6ca4588beacf42dce75e5a1b481dfd02607b1fb20 table="directory" seconds=2.4362e-5 stage="query_dispatch"
2026-09-09T19:51:58.577909Z DEBUG transparent_shard_server::service: query stage revision=5b7ee9849d47f5ee67d04eb6ca4588beacf42dce75e5a1b481dfd02607b1fb20 table="directory" seconds=3.407e-6 stage="query_admission"
2026-09-09T19:51:58.577946Z DEBUG transparent_shard_server::service: query stage revision=5b7ee9849d47f5ee67d04eb6ca4588beacf42dce75e5a1b481dfd02607b1fb20 table="directory" seconds=6.238e-6 stage="query_runtime"
2026-09-09T19:51:58.578043Z DEBUG transparent_shard_server::service: query stage revision=5b7ee9849d47f5ee67d04eb6ca4588beacf42dce75e5a1b481dfd02607b1fb20 table="directory" seconds=2.4393e-5 stage="query_dispatch"
2026-09-09T19:51:58.599390Z DEBUG transparent_shard_server::service: query stage revision=5b7ee9849d47f5ee67d04eb6ca4588beacf42dce75e5a1b481dfd02607b1fb20 table="directory" seconds=0.025743971 stage="query_evaluate"
2026-09-09T19:51:58.599447Z DEBUG transparent_shard_server::service: query stage revision=5b7ee9849d47f5ee67d04eb6ca4588beacf42dce75e5a1b481dfd02607b1fb20 table="directory" seconds=0.021387173 stage="query_evaluate"
2026-09-09T19:51:58.754835Z DEBUG transparent_shard_server::service: query stage revision=5b7ee9849d47f5ee67d04eb6ca4588beacf42dce75e5a1b481dfd02607b1fb20 table="pages" seconds=3.148e-6 stage="query_admission"
2026-09-09T19:51:58.754873Z DEBUG transparent_shard_server::service: query stage revision=5b7ee9849d47f5ee67d04eb6ca4588beacf42dce75e5a1b481dfd02607b1fb20 table="pages" seconds=4.791e-6 stage="query_runtime"
2026-09-09T19:51:58.754991Z DEBUG transparent_shard_server::service: query stage revision=5b7ee9849d47f5ee67d04eb6ca4588beacf42dce75e5a1b481dfd02607b1fb20 table="pages" seconds=3.8911e-5 stage="query_dispatch"
2026-09-09T19:51:58.755295Z DEBUG transparent_shard_server::service: query stage revision=5b7ee9849d47f5ee67d04eb6ca4588beacf42dce75e5a1b481dfd02607b1fb20 table="pages" seconds=1.462e-6 stage="query_admission"
2026-09-09T19:51:58.755312Z DEBUG transparent_shard_server::service: query stage revision=5b7ee9849d47f5ee67d04eb6ca4588beacf42dce75e5a1b481dfd02607b1fb20 table="pages" seconds=3.293e-6 stage="query_runtime"
2026-09-09T19:51:58.755367Z DEBUG transparent_shard_server::service: query stage revision=5b7ee9849d47f5ee67d04eb6ca4588beacf42dce75e5a1b481dfd02607b1fb20 table="pages" seconds=1.1562e-5 stage="query_dispatch"
2026-09-09T19:51:58.776675Z DEBUG transparent_shard_server::service: query stage revision=5b7ee9849d47f5ee67d04eb6ca4588beacf42dce75e5a1b481dfd02607b1fb20 table="pages" seconds=0.021661176 stage="query_evaluate"
2026-09-09T19:51:58.779212Z DEBUG transparent_shard_server::service: query stage revision=5b7ee9849d47f5ee67d04eb6ca4588beacf42dce75e5a1b481dfd02607b1fb20 table="pages" seconds=0.023839628 stage="query_evaluate"
2026-09-09T19:51:58.933685Z DEBUG transparent_shard_server::service: query stage revision=5b7ee9849d47f5ee67d04eb6ca4588beacf42dce75e5a1b481dfd02607b1fb20 table="directory" seconds=4.14e-6 stage="query_admission"
2026-09-09T19:51:58.933730Z DEBUG transparent_shard_server::service: query stage revision=5b7ee9849d47f5ee67d04eb6ca4588beacf42dce75e5a1b481dfd02607b1fb20 table="directory" seconds=7.826e-6 stage="query_runtime"
2026-09-09T19:51:58.933840Z DEBUG transparent_shard_server::service: query stage revision=5b7ee9849d47f5ee67d04eb6ca4588beacf42dce75e5a1b481dfd02607b1fb20 table="directory" seconds=2.2316e-5 stage="query_dispatch"
2026-09-09T19:51:58.937737Z DEBUG transparent_shard_server::service: query stage revision=5b7ee9849d47f5ee67d04eb6ca4588beacf42dce75e5a1b481dfd02607b1fb20 table="directory" seconds=2.825e-6 stage="query_admission"
2026-09-09T19:51:58.937777Z DEBUG transparent_shard_server::service: query stage revision=5b7ee9849d47f5ee67d04eb6ca4588beacf42dce75e5a1b481dfd02607b1fb20 table="directory" seconds=6.761e-6 stage="query_runtime"
2026-09-09T19:51:58.937906Z DEBUG transparent_shard_server::service: query stage revision=5b7ee9849d47f5ee67d04eb6ca4588beacf42dce75e5a1b481dfd02607b1fb20 table="directory" seconds=4.6177e-5 stage="query_dispatch"
2026-09-09T19:51:58.950238Z DEBUG transparent_shard_server::service: query stage revision=5b7ee9849d47f5ee67d04eb6ca4588beacf42dce75e5a1b481dfd02607b1fb20 table="directory" seconds=0.016389275 stage="query_evaluate"
2026-09-09T19:51:58.959703Z DEBUG transparent_shard_server::service: query stage revision=5b7ee9849d47f5ee67d04eb6ca4588beacf42dce75e5a1b481dfd02607b1fb20 table="directory" seconds=0.021789334 stage="query_evaluate"
2026-09-09T19:51:59.114413Z DEBUG transparent_shard_server::service: query stage revision=5b7ee9849d47f5ee67d04eb6ca4588beacf42dce75e5a1b481dfd02607b1fb20 table="pages" seconds=3.119e-6 stage="query_admission"
2026-09-09T19:51:59.114456Z DEBUG transparent_shard_server::service: query stage revision=5b7ee9849d47f5ee67d04eb6ca4588beacf42dce75e5a1b481dfd02607b1fb20 table="pages" seconds=6.351e-6 stage="query_runtime"
2026-09-09T19:51:59.114580Z DEBUG transparent_shard_server::service: query stage revision=5b7ee9849d47f5ee67d04eb6ca4588beacf42dce75e5a1b481dfd02607b1fb20 table="pages" seconds=2.2054e-5 stage="query_dispatch"
2026-09-09T19:51:59.118251Z DEBUG transparent_shard_server::service: query stage revision=5b7ee9849d47f5ee67d04eb6ca4588beacf42dce75e5a1b481dfd02607b1fb20 table="pages" seconds=3.869e-6 stage="query_admission"
2026-09-09T19:51:59.118291Z DEBUG transparent_shard_server::service: query stage revision=5b7ee9849d47f5ee67d04eb6ca4588beacf42dce75e5a1b481dfd02607b1fb20 table="pages" seconds=7.202e-6 stage="query_runtime"
2026-09-09T19:51:59.118395Z DEBUG transparent_shard_server::service: query stage revision=5b7ee9849d47f5ee67d04eb6ca4588beacf42dce75e5a1b481dfd02607b1fb20 table="pages" seconds=1.7904e-5 stage="query_dispatch"
2026-09-09T19:51:59.252995Z DEBUG transparent_shard_server::service: query stage revision=5b7ee9849d47f5ee67d04eb6ca4588beacf42dce75e5a1b481dfd02607b1fb20 table="pages" seconds=0.138402518 stage="query_evaluate"
2026-09-09T19:51:59.253695Z DEBUG transparent_shard_server::service: query stage revision=5b7ee9849d47f5ee67d04eb6ca4588beacf42dce75e5a1b481dfd02607b1fb20 table="pages" seconds=0.13528896 stage="query_evaluate"
2026-09-09T19:51:59.411532Z DEBUG transparent_shard_server::service: query stage revision=5b7ee9849d47f5ee67d04eb6ca4588beacf42dce75e5a1b481dfd02607b1fb20 table="directory" seconds=3.024e-6 stage="query_admission"
2026-09-09T19:51:59.411569Z DEBUG transparent_shard_server::service: query stage revision=5b7ee9849d47f5ee67d04eb6ca4588beacf42dce75e5a1b481dfd02607b1fb20 table="directory" seconds=5.147e-6 stage="query_runtime"
2026-09-09T19:51:59.411632Z DEBUG transparent_shard_server::service: query stage revision=5b7ee9849d47f5ee67d04eb6ca4588beacf42dce75e5a1b481dfd02607b1fb20 table="directory" seconds=1.921e-6 stage="query_admission"
2026-09-09T19:51:59.411652Z DEBUG transparent_shard_server::service: query stage revision=5b7ee9849d47f5ee67d04eb6ca4588beacf42dce75e5a1b481dfd02607b1fb20 table="directory" seconds=3.691e-6 stage="query_runtime"
2026-09-09T19:51:59.411660Z DEBUG transparent_shard_server::service: query stage revision=5b7ee9849d47f5ee67d04eb6ca4588beacf42dce75e5a1b481dfd02607b1fb20 table="directory" seconds=1.3866e-5 stage="query_dispatch"
2026-09-09T19:51:59.411738Z DEBUG transparent_shard_server::service: query stage revision=5b7ee9849d47f5ee67d04eb6ca4588beacf42dce75e5a1b481dfd02607b1fb20 table="directory" seconds=2.2495e-5 stage="query_dispatch"
2026-09-09T19:52:00.458323Z DEBUG transparent_shard_server::service: query stage revision=5b7ee9849d47f5ee67d04eb6ca4588beacf42dce75e5a1b481dfd02607b1fb20 table="directory" seconds=1.046576579 stage="query_evaluate"
2026-09-09T19:52:00.458328Z DEBUG transparent_shard_server::service: query stage revision=5b7ee9849d47f5ee67d04eb6ca4588beacf42dce75e5a1b481dfd02607b1fb20 table="directory" seconds=1.046661044 stage="query_evaluate"
2026-09-09T19:52:00.460814Z DEBUG transparent_shard_server::runtime: construction stage geometry="recent-8k" table="directory" seconds=2.221534272 stage="pack_preprocessing"
2026-09-09T19:52:00.461107Z DEBUG transparent_shard_server::runtime: construction stage geometry="recent-8k" table="directory" seconds=0.000265225 stage="publish_parameters"
2026-09-09T19:52:00.461866Z DEBUG transparent_shard_server::runtime: runtime stage key=("be059aab39ac34125e0452548d6fbcfb1e7cdb7237a597bd59ee86011ed4882b", Directory, 0) seconds=3.600107697 stage="runtime_build"
2026-09-09T19:52:00.461887Z DEBUG transparent_shard_server::runtime: runtime stage key=("be059aab39ac34125e0452548d6fbcfb1e7cdb7237a597bd59ee86011ed4882b", Directory, 0) reserved_bytes=136314880 stage="serialization_handoff"
2026-09-09T19:52:00.621390Z DEBUG transparent_shard_server::service: query stage revision=5b7ee9849d47f5ee67d04eb6ca4588beacf42dce75e5a1b481dfd02607b1fb20 table="pages" seconds=2.652e-6 stage="query_admission"
2026-09-09T19:52:00.621434Z DEBUG transparent_shard_server::service: query stage revision=5b7ee9849d47f5ee67d04eb6ca4588beacf42dce75e5a1b481dfd02607b1fb20 table="pages" seconds=5.258e-6 stage="query_runtime"
2026-09-09T19:52:00.624177Z DEBUG transparent_shard_server::service: query stage revision=5b7ee9849d47f5ee67d04eb6ca4588beacf42dce75e5a1b481dfd02607b1fb20 table="pages" seconds=0.00266221 stage="query_dispatch"
2026-09-09T19:52:00.628570Z DEBUG transparent_shard_server::service: query stage revision=5b7ee9849d47f5ee67d04eb6ca4588beacf42dce75e5a1b481dfd02607b1fb20 table="pages" seconds=3.712e-6 stage="query_admission"
2026-09-09T19:52:00.628606Z DEBUG transparent_shard_server::service: query stage revision=5b7ee9849d47f5ee67d04eb6ca4588beacf42dce75e5a1b481dfd02607b1fb20 table="pages" seconds=6.855e-6 stage="query_runtime"
2026-09-09T19:52:00.628698Z DEBUG transparent_shard_server::service: query stage revision=5b7ee9849d47f5ee67d04eb6ca4588beacf42dce75e5a1b481dfd02607b1fb20 table="pages" seconds=1.3962e-5 stage="query_dispatch"
2026-09-09T19:52:00.653496Z DEBUG transparent_shard_server::service: query stage revision=5b7ee9849d47f5ee67d04eb6ca4588beacf42dce75e5a1b481dfd02607b1fb20 table="pages" seconds=0.029292478 stage="query_evaluate"
2026-09-09T19:52:00.672578Z DEBUG transparent_shard_server::service: query stage revision=5b7ee9849d47f5ee67d04eb6ca4588beacf42dce75e5a1b481dfd02607b1fb20 table="pages" seconds=0.043871832 stage="query_evaluate"
2026-09-09T19:52:00.815432Z DEBUG transparent_shard_server::service: query stage revision=5b7ee9849d47f5ee67d04eb6ca4588beacf42dce75e5a1b481dfd02607b1fb20 table="directory" seconds=3.259e-6 stage="query_admission"
2026-09-09T19:52:00.815466Z DEBUG transparent_shard_server::service: query stage revision=5b7ee9849d47f5ee67d04eb6ca4588beacf42dce75e5a1b481dfd02607b1fb20 table="directory" seconds=5.176e-6 stage="query_runtime"
2026-09-09T19:52:00.815568Z DEBUG transparent_shard_server::service: query stage revision=5b7ee9849d47f5ee67d04eb6ca4588beacf42dce75e5a1b481dfd02607b1fb20 table="directory" seconds=2.0929e-5 stage="query_dispatch"
2026-09-09T19:52:00.837387Z DEBUG transparent_shard_server::service: query stage revision=5b7ee9849d47f5ee67d04eb6ca4588beacf42dce75e5a1b481dfd02607b1fb20 table="directory" seconds=2.311e-6 stage="query_admission"
2026-09-09T19:52:00.837418Z DEBUG transparent_shard_server::service: query stage revision=5b7ee9849d47f5ee67d04eb6ca4588beacf42dce75e5a1b481dfd02607b1fb20 table="directory" seconds=4.998e-6 stage="query_runtime"
2026-09-09T19:52:00.837500Z DEBUG transparent_shard_server::service: query stage revision=5b7ee9849d47f5ee67d04eb6ca4588beacf42dce75e5a1b481dfd02607b1fb20 table="directory" seconds=1.2561e-5 stage="query_dispatch"
2026-09-09T19:52:00.842689Z DEBUG transparent_shard_server::service: query stage revision=5b7ee9849d47f5ee67d04eb6ca4588beacf42dce75e5a1b481dfd02607b1fb20 table="directory" seconds=0.027100558 stage="query_evaluate"
2026-09-09T19:52:00.861576Z DEBUG transparent_shard_server::service: query stage revision=5b7ee9849d47f5ee67d04eb6ca4588beacf42dce75e5a1b481dfd02607b1fb20 table="directory" seconds=0.024070194 stage="query_evaluate"
2026-09-09T19:52:01.006563Z DEBUG transparent_shard_server::service: query stage revision=5b7ee9849d47f5ee67d04eb6ca4588beacf42dce75e5a1b481dfd02607b1fb20 table="pages" seconds=3.002e-6 stage="query_admission"
2026-09-09T19:52:01.006595Z DEBUG transparent_shard_server::service: query stage revision=5b7ee9849d47f5ee67d04eb6ca4588beacf42dce75e5a1b481dfd02607b1fb20 table="pages" seconds=5.678e-6 stage="query_runtime"
2026-09-09T19:52:01.006691Z DEBUG transparent_shard_server::service: query stage revision=5b7ee9849d47f5ee67d04eb6ca4588beacf42dce75e5a1b481dfd02607b1fb20 table="pages" seconds=2.1334e-5 stage="query_dispatch"
2026-09-09T19:52:01.019536Z DEBUG transparent_shard_server::service: query stage revision=5b7ee9849d47f5ee67d04eb6ca4588beacf42dce75e5a1b481dfd02607b1fb20 table="pages" seconds=3.029e-6 stage="query_admission"
2026-09-09T19:52:01.019564Z DEBUG transparent_shard_server::service: query stage revision=5b7ee9849d47f5ee67d04eb6ca4588beacf42dce75e5a1b481dfd02607b1fb20 table="pages" seconds=4.626e-6 stage="query_runtime"
2026-09-09T19:52:01.019666Z DEBUG transparent_shard_server::service: query stage revision=5b7ee9849d47f5ee67d04eb6ca4588beacf42dce75e5a1b481dfd02607b1fb20 table="pages" seconds=2.2637e-5 stage="query_dispatch"
2026-09-09T19:52:01.038152Z DEBUG transparent_shard_server::service: query stage revision=5b7ee9849d47f5ee67d04eb6ca4588beacf42dce75e5a1b481dfd02607b1fb20 table="pages" seconds=0.031440528 stage="query_evaluate"
2026-09-09T19:52:01.056454Z DEBUG transparent_shard_server::service: query stage revision=5b7ee9849d47f5ee67d04eb6ca4588beacf42dce75e5a1b481dfd02607b1fb20 table="pages" seconds=0.036781226 stage="query_evaluate"
2026-09-09T19:52:01.189680Z DEBUG transparent_shard_server::runtime: runtime stage key=("be059aab39ac34125e0452548d6fbcfb1e7cdb7237a597bd59ee86011ed4882b", Directory, 0) seconds=0.727786443 stage="disk_save"
2026-09-09T19:52:01.201554Z DEBUG transparent_shard_server::service: query stage revision=5b7ee9849d47f5ee67d04eb6ca4588beacf42dce75e5a1b481dfd02607b1fb20 table="directory" seconds=3.654e-6 stage="query_admission"
2026-09-09T19:52:01.201593Z DEBUG transparent_shard_server::service: query stage revision=5b7ee9849d47f5ee67d04eb6ca4588beacf42dce75e5a1b481dfd02607b1fb20 table="directory" seconds=5.857e-6 stage="query_runtime"
2026-09-09T19:52:01.201685Z DEBUG transparent_shard_server::service: query stage revision=5b7ee9849d47f5ee67d04eb6ca4588beacf42dce75e5a1b481dfd02607b1fb20 table="directory" seconds=1.2871e-5 stage="query_dispatch"
2026-09-09T19:52:01.214142Z DEBUG transparent_shard_server::service: query stage revision=5b7ee9849d47f5ee67d04eb6ca4588beacf42dce75e5a1b481dfd02607b1fb20 table="directory" seconds=2.787e-6 stage="query_admission"
2026-09-09T19:52:01.214187Z DEBUG transparent_shard_server::service: query stage revision=5b7ee9849d47f5ee67d04eb6ca4588beacf42dce75e5a1b481dfd02607b1fb20 table="directory" seconds=5.896e-6 stage="query_runtime"
2026-09-09T19:52:01.217387Z DEBUG transparent_shard_server::service: query stage revision=5b7ee9849d47f5ee67d04eb6ca4588beacf42dce75e5a1b481dfd02607b1fb20 table="directory" seconds=0.003128109 stage="query_dispatch"
2026-09-09T19:52:01.231052Z DEBUG transparent_shard_server::service: query stage revision=5b7ee9849d47f5ee67d04eb6ca4588beacf42dce75e5a1b481dfd02607b1fb20 table="directory" seconds=0.029358837 stage="query_evaluate"
2026-09-09T19:52:01.244571Z DEBUG transparent_shard_server::service: query stage revision=5b7ee9849d47f5ee67d04eb6ca4588beacf42dce75e5a1b481dfd02607b1fb20 table="directory" seconds=0.027157453 stage="query_evaluate"
2026-09-09T19:52:01.394427Z DEBUG transparent_shard_server::service: query stage revision=5b7ee9849d47f5ee67d04eb6ca4588beacf42dce75e5a1b481dfd02607b1fb20 table="pages" seconds=2.989e-6 stage="query_admission"
2026-09-09T19:52:01.394464Z DEBUG transparent_shard_server::service: query stage revision=5b7ee9849d47f5ee67d04eb6ca4588beacf42dce75e5a1b481dfd02607b1fb20 table="pages" seconds=6.218e-6 stage="query_runtime"
2026-09-09T19:52:01.394549Z DEBUG transparent_shard_server::service: query stage revision=5b7ee9849d47f5ee67d04eb6ca4588beacf42dce75e5a1b481dfd02607b1fb20 table="pages" seconds=3.2675e-5 stage="query_dispatch"
2026-09-09T19:52:01.405437Z DEBUG transparent_shard_server::service: query stage revision=5b7ee9849d47f5ee67d04eb6ca4588beacf42dce75e5a1b481dfd02607b1fb20 table="pages" seconds=2.282e-6 stage="query_admission"
2026-09-09T19:52:01.405473Z DEBUG transparent_shard_server::service: query stage revision=5b7ee9849d47f5ee67d04eb6ca4588beacf42dce75e5a1b481dfd02607b1fb20 table="pages" seconds=5.267e-6 stage="query_runtime"
2026-09-09T19:52:01.405562Z DEBUG transparent_shard_server::service: query stage revision=5b7ee9849d47f5ee67d04eb6ca4588beacf42dce75e5a1b481dfd02607b1fb20 table="pages" seconds=2.1136e-5 stage="query_dispatch"
2026-09-09T19:52:01.412502Z DEBUG transparent_shard_server::service: query stage revision=5b7ee9849d47f5ee67d04eb6ca4588beacf42dce75e5a1b481dfd02607b1fb20 table="pages" seconds=0.017922552 stage="query_evaluate"
2026-09-09T19:52:01.422463Z DEBUG transparent_shard_server::service: query stage revision=5b7ee9849d47f5ee67d04eb6ca4588beacf42dce75e5a1b481dfd02607b1fb20 table="pages" seconds=0.016891873 stage="query_evaluate"
2026-09-09T19:52:01.571712Z DEBUG transparent_shard_server::service: query stage revision=5b7ee9849d47f5ee67d04eb6ca4588beacf42dce75e5a1b481dfd02607b1fb20 table="directory" seconds=2.559e-6 stage="query_admission"
2026-09-09T19:52:01.571750Z DEBUG transparent_shard_server::service: query stage revision=5b7ee9849d47f5ee67d04eb6ca4588beacf42dce75e5a1b481dfd02607b1fb20 table="directory" seconds=4.942e-6 stage="query_runtime"
2026-09-09T19:52:01.571856Z DEBUG transparent_shard_server::service: query stage revision=5b7ee9849d47f5ee67d04eb6ca4588beacf42dce75e5a1b481dfd02607b1fb20 table="directory" seconds=2.831e-5 stage="query_dispatch"
2026-09-09T19:52:01.579919Z DEBUG transparent_shard_server::service: query stage revision=5b7ee9849d47f5ee67d04eb6ca4588beacf42dce75e5a1b481dfd02607b1fb20 table="directory" seconds=2.521e-6 stage="query_admission"
2026-09-09T19:52:01.579955Z DEBUG transparent_shard_server::service: query stage revision=5b7ee9849d47f5ee67d04eb6ca4588beacf42dce75e5a1b481dfd02607b1fb20 table="directory" seconds=5.062e-6 stage="query_runtime"
2026-09-09T19:52:01.580059Z DEBUG transparent_shard_server::service: query stage revision=5b7ee9849d47f5ee67d04eb6ca4588beacf42dce75e5a1b481dfd02607b1fb20 table="directory" seconds=2.7009e-5 stage="query_dispatch"
2026-09-09T19:52:01.583831Z DEBUG transparent_shard_server::service: query stage revision=5b7ee9849d47f5ee67d04eb6ca4588beacf42dce75e5a1b481dfd02607b1fb20 table="directory" seconds=0.011966042 stage="query_evaluate"
2026-09-09T19:52:01.584776Z DEBUG transparent_shard_server::runtime: construction stage geometry="recent-8k" table="pages" seconds=3.348762135 stage="pack_preprocessing"
2026-09-09T19:52:01.585317Z DEBUG transparent_shard_server::runtime: construction stage geometry="recent-8k" table="pages" seconds=0.000507723 stage="publish_parameters"
2026-09-09T19:52:01.589209Z DEBUG transparent_shard_server::runtime: runtime stage key=("be059aab39ac34125e0452548d6fbcfb1e7cdb7237a597bd59ee86011ed4882b", Pages, 0) seconds=4.721818068 stage="runtime_build"
2026-09-09T19:52:01.589238Z DEBUG transparent_shard_server::runtime: runtime stage key=("be059aab39ac34125e0452548d6fbcfb1e7cdb7237a597bd59ee86011ed4882b", Pages, 0) reserved_bytes=136314880 stage="serialization_handoff"
2026-09-09T19:52:01.593303Z DEBUG transparent_shard_server::service: query stage revision=5b7ee9849d47f5ee67d04eb6ca4588beacf42dce75e5a1b481dfd02607b1fb20 table="directory" seconds=0.013219437 stage="query_evaluate"
2026-09-09T19:52:01.744091Z DEBUG transparent_shard_server::service: query stage revision=5b7ee9849d47f5ee67d04eb6ca4588beacf42dce75e5a1b481dfd02607b1fb20 table="pages" seconds=2.502e-6 stage="query_admission"
2026-09-09T19:52:01.744125Z DEBUG transparent_shard_server::service: query stage revision=5b7ee9849d47f5ee67d04eb6ca4588beacf42dce75e5a1b481dfd02607b1fb20 table="pages" seconds=6.117e-6 stage="query_runtime"
2026-09-09T19:52:01.744227Z DEBUG transparent_shard_server::service: query stage revision=5b7ee9849d47f5ee67d04eb6ca4588beacf42dce75e5a1b481dfd02607b1fb20 table="pages" seconds=1.2825e-5 stage="query_dispatch"
2026-09-09T19:52:01.753243Z DEBUG transparent_shard_server::service: query stage revision=5b7ee9849d47f5ee67d04eb6ca4588beacf42dce75e5a1b481dfd02607b1fb20 table="pages" seconds=2.694e-6 stage="query_admission"
2026-09-09T19:52:01.753270Z DEBUG transparent_shard_server::service: query stage revision=5b7ee9849d47f5ee67d04eb6ca4588beacf42dce75e5a1b481dfd02607b1fb20 table="pages" seconds=4.562e-6 stage="query_runtime"
2026-09-09T19:52:01.753360Z DEBUG transparent_shard_server::service: query stage revision=5b7ee9849d47f5ee67d04eb6ca4588beacf42dce75e5a1b481dfd02607b1fb20 table="pages" seconds=2.0904e-5 stage="query_dispatch"
2026-09-09T19:52:01.754291Z DEBUG transparent_shard_server::service: query stage revision=5b7ee9849d47f5ee67d04eb6ca4588beacf42dce75e5a1b481dfd02607b1fb20 table="pages" seconds=0.010055879 stage="query_evaluate"
2026-09-09T19:52:01.763178Z DEBUG transparent_shard_server::service: query stage revision=5b7ee9849d47f5ee67d04eb6ca4588beacf42dce75e5a1b481dfd02607b1fb20 table="pages" seconds=0.009811219 stage="query_evaluate"
2026-09-09T19:52:01.917498Z DEBUG transparent_shard_server::service: query stage revision=5b7ee9849d47f5ee67d04eb6ca4588beacf42dce75e5a1b481dfd02607b1fb20 table="directory" seconds=3.033e-6 stage="query_admission"
2026-09-09T19:52:01.917529Z DEBUG transparent_shard_server::service: query stage revision=5b7ee9849d47f5ee67d04eb6ca4588beacf42dce75e5a1b481dfd02607b1fb20 table="directory" seconds=5.073e-6 stage="query_runtime"
2026-09-09T19:52:01.917618Z DEBUG transparent_shard_server::service: query stage revision=5b7ee9849d47f5ee67d04eb6ca4588beacf42dce75e5a1b481dfd02607b1fb20 table="directory" seconds=3.398e-5 stage="query_dispatch"
2026-09-09T19:52:01.920947Z DEBUG transparent_shard_server::service: query stage revision=5b7ee9849d47f5ee67d04eb6ca4588beacf42dce75e5a1b481dfd02607b1fb20 table="directory" seconds=2.851e-6 stage="query_admission"
2026-09-09T19:52:01.920980Z DEBUG transparent_shard_server::service: query stage revision=5b7ee9849d47f5ee67d04eb6ca4588beacf42dce75e5a1b481dfd02607b1fb20 table="directory" seconds=6.381e-6 stage="query_runtime"
2026-09-09T19:52:01.921056Z DEBUG transparent_shard_server::service: query stage revision=5b7ee9849d47f5ee67d04eb6ca4588beacf42dce75e5a1b481dfd02607b1fb20 table="directory" seconds=1.1309e-5 stage="query_dispatch"
2026-09-09T19:52:01.930153Z DEBUG transparent_shard_server::service: query stage revision=5b7ee9849d47f5ee67d04eb6ca4588beacf42dce75e5a1b481dfd02607b1fb20 table="directory" seconds=0.012513479 stage="query_evaluate"
2026-09-09T19:52:01.936825Z DEBUG transparent_shard_server::service: query stage revision=5b7ee9849d47f5ee67d04eb6ca4588beacf42dce75e5a1b481dfd02607b1fb20 table="directory" seconds=0.015762474 stage="query_evaluate"
2026-09-09T19:52:02.090321Z DEBUG transparent_shard_server::service: query stage revision=5b7ee9849d47f5ee67d04eb6ca4588beacf42dce75e5a1b481dfd02607b1fb20 table="pages" seconds=3.04e-6 stage="query_admission"
2026-09-09T19:52:02.090349Z DEBUG transparent_shard_server::service: query stage revision=5b7ee9849d47f5ee67d04eb6ca4588beacf42dce75e5a1b481dfd02607b1fb20 table="pages" seconds=4.505e-6 stage="query_runtime"
2026-09-09T19:52:02.090449Z DEBUG transparent_shard_server::service: query stage revision=5b7ee9849d47f5ee67d04eb6ca4588beacf42dce75e5a1b481dfd02607b1fb20 table="pages" seconds=2.7376e-5 stage="query_dispatch"
2026-09-09T19:52:02.100109Z DEBUG transparent_shard_server::service: query stage revision=5b7ee9849d47f5ee67d04eb6ca4588beacf42dce75e5a1b481dfd02607b1fb20 table="pages" seconds=0.009653639 stage="query_evaluate"
2026-09-09T19:52:02.102140Z DEBUG transparent_shard_server::service: query stage revision=5b7ee9849d47f5ee67d04eb6ca4588beacf42dce75e5a1b481dfd02607b1fb20 table="pages" seconds=2.39e-6 stage="query_admission"
2026-09-09T19:52:02.102172Z DEBUG transparent_shard_server::service: query stage revision=5b7ee9849d47f5ee67d04eb6ca4588beacf42dce75e5a1b481dfd02607b1fb20 table="pages" seconds=1.4365e-5 stage="query_runtime"
2026-09-09T19:52:02.102273Z DEBUG transparent_shard_server::service: query stage revision=5b7ee9849d47f5ee67d04eb6ca4588beacf42dce75e5a1b481dfd02607b1fb20 table="pages" seconds=2.7599e-5 stage="query_dispatch"
2026-09-09T19:52:02.112133Z DEBUG transparent_shard_server::service: query stage revision=5b7ee9849d47f5ee67d04eb6ca4588beacf42dce75e5a1b481dfd02607b1fb20 table="pages" seconds=0.009840307 stage="query_evaluate"
2026-09-09T19:52:02.260246Z DEBUG transparent_shard_server::service: query stage revision=5b7ee9849d47f5ee67d04eb6ca4588beacf42dce75e5a1b481dfd02607b1fb20 table="directory" seconds=2.71e-6 stage="query_admission"
2026-09-09T19:52:02.260282Z DEBUG transparent_shard_server::service: query stage revision=5b7ee9849d47f5ee67d04eb6ca4588beacf42dce75e5a1b481dfd02607b1fb20 table="directory" seconds=5.064e-6 stage="query_runtime"
2026-09-09T19:52:02.260382Z DEBUG transparent_shard_server::service: query stage revision=5b7ee9849d47f5ee67d04eb6ca4588beacf42dce75e5a1b481dfd02607b1fb20 table="directory" seconds=1.2866e-5 stage="query_dispatch"
2026-09-09T19:52:02.269791Z DEBUG transparent_shard_server::service: query stage revision=5b7ee9849d47f5ee67d04eb6ca4588beacf42dce75e5a1b481dfd02607b1fb20 table="directory" seconds=0.009401033 stage="query_evaluate"
2026-09-09T19:52:02.281215Z DEBUG transparent_shard_server::service: query stage revision=5b7ee9849d47f5ee67d04eb6ca4588beacf42dce75e5a1b481dfd02607b1fb20 table="directory" seconds=3.082e-6 stage="query_admission"
2026-09-09T19:52:02.281248Z DEBUG transparent_shard_server::service: query stage revision=5b7ee9849d47f5ee67d04eb6ca4588beacf42dce75e5a1b481dfd02607b1fb20 table="directory" seconds=6.419e-6 stage="query_runtime"
2026-09-09T19:52:02.281335Z DEBUG transparent_shard_server::service: query stage revision=5b7ee9849d47f5ee67d04eb6ca4588beacf42dce75e5a1b481dfd02607b1fb20 table="directory" seconds=1.0266e-5 stage="query_dispatch"
2026-09-09T19:52:02.291561Z DEBUG transparent_shard_server::service: query stage revision=5b7ee9849d47f5ee67d04eb6ca4588beacf42dce75e5a1b481dfd02607b1fb20 table="directory" seconds=0.010219127 stage="query_evaluate"
2026-09-09T19:52:02.311432Z DEBUG transparent_shard_server::runtime: runtime stage key=("be059aab39ac34125e0452548d6fbcfb1e7cdb7237a597bd59ee86011ed4882b", Pages, 0) seconds=0.722185239 stage="disk_save"
2026-09-09T19:52:02.311541Z  INFO transparent_shard_server::service: prewarm finished warm=28 target=28 failed=0 seconds=5.600349437
2026-09-09T19:52:02.311586Z DEBUG transparent_shard_server::live: publication preparation stages map=32426d9e9300c44558210d8540b636402af2b3c322627f9e9f26e0082b489725 loading_seconds=0.628408731 warming_seconds=5.600577512
2026-09-09T19:52:02.366788Z  INFO transparent_shard_server::runtime: retired runtime memory reclaimed rss_before=4954591232 rss_after=4489924608
2026-09-09T19:52:02.398598Z DEBUG transparent_shard_server::runtime: runtime stage key=("5b7ee9849d47f5ee67d04eb6ca4588beacf42dce75e5a1b481dfd02607b1fb20", Pages, 0) seconds=1.7e-6 stage="restore_slot"
2026-09-09T19:52:02.923308Z DEBUG transparent_shard_server::runtime: runtime stage key=("268f5c527d35817d37919707b04a706c850d449156baa071b5438dbf8eb53aec", Directory, 0) seconds=1.777e-6 stage="restore_slot"
2026-09-09T19:52:02.923311Z DEBUG transparent_shard_server::runtime: runtime stage key=("268f5c527d35817d37919707b04a706c850d449156baa071b5438dbf8eb53aec", Pages, 0) seconds=1.288e-6 stage="restore_slot"
2026-09-09T19:52:02.923521Z DEBUG transparent_shard_server::runtime: runtime stage key=("268f5c527d35817d37919707b04a706c850d449156baa071b5438dbf8eb53aec", Directory, 0) seconds=3.9834e-5 hit=false stage="disk_restore"
2026-09-09T19:52:02.923558Z DEBUG transparent_shard_server::runtime: runtime stage key=("268f5c527d35817d37919707b04a706c850d449156baa071b5438dbf8eb53aec", Directory, 0) seconds=4.46e-7 stage="build_slot"
2026-09-09T19:52:02.923592Z DEBUG transparent_shard_server::memory: cold build admission wait seconds=2.6113e-5 admitted=true
2026-09-09T19:52:02.925413Z DEBUG transparent_shard_server::runtime: runtime stage key=("268f5c527d35817d37919707b04a706c850d449156baa071b5438dbf8eb53aec", Pages, 0) seconds=3.1632e-5 hit=false stage="disk_restore"
2026-09-09T19:52:02.925543Z DEBUG transparent_shard_server::runtime: runtime stage key=("268f5c527d35817d37919707b04a706c850d449156baa071b5438dbf8eb53aec", Pages, 0) seconds=9.82e-7 stage="build_slot"
2026-09-09T19:52:02.925599Z DEBUG transparent_shard_server::memory: cold build admission wait seconds=4.5964e-5 admitted=true
2026-09-09T19:52:03.071504Z DEBUG transparent_shard_server::runtime: runtime stage key=("268f5c527d35817d37919707b04a706c850d449156baa071b5438dbf8eb53aec", Directory, 0) seconds=0.147897282 stage="source_load"
2026-09-09T19:52:03.087730Z DEBUG transparent_shard_server::runtime: runtime stage key=("268f5c527d35817d37919707b04a706c850d449156baa071b5438dbf8eb53aec", Pages, 0) seconds=0.162112876 stage="source_load"
2026-09-09T19:52:03.171944Z DEBUG transparent_shard_server::runtime: runtime stage key=("5b7ee9849d47f5ee67d04eb6ca4588beacf42dce75e5a1b481dfd02607b1fb20", Pages, 0) seconds=0.773213496 hit=true stage="disk_restore"
2026-09-09T19:52:03.314095Z DEBUG transparent_shard_server::runtime: runtime stage key=("5b7ee9849d47f5ee67d04eb6ca4588beacf42dce75e5a1b481dfd02607b1fb20", Pages, 0) seconds=0.142118353 stage="source_verify"
2026-09-09T19:52:03.314130Z  INFO transparent_shard_server::runtime: restored runtime cache seconds=0.915402904
2026-09-09T19:52:03.344959Z DEBUG transparent_shard_server::service: query stage revision=5b7ee9849d47f5ee67d04eb6ca4588beacf42dce75e5a1b481dfd02607b1fb20 table="pages" seconds=3.569e-6 stage="query_admission"
2026-09-09T19:52:03.344995Z DEBUG transparent_shard_server::service: query stage revision=5b7ee9849d47f5ee67d04eb6ca4588beacf42dce75e5a1b481dfd02607b1fb20 table="pages" seconds=7.737e-6 stage="query_runtime"
2026-09-09T19:52:03.345091Z DEBUG transparent_shard_server::service: query stage revision=5b7ee9849d47f5ee67d04eb6ca4588beacf42dce75e5a1b481dfd02607b1fb20 table="pages" seconds=2.2654e-5 stage="query_dispatch"
2026-09-09T19:52:03.350893Z DEBUG transparent_shard_server::service: query stage revision=5b7ee9849d47f5ee67d04eb6ca4588beacf42dce75e5a1b481dfd02607b1fb20 table="pages" seconds=2.944e-6 stage="query_admission"
2026-09-09T19:52:03.350919Z DEBUG transparent_shard_server::service: query stage revision=5b7ee9849d47f5ee67d04eb6ca4588beacf42dce75e5a1b481dfd02607b1fb20 table="pages" seconds=5.801e-6 stage="query_runtime"
2026-09-09T19:52:03.350997Z DEBUG transparent_shard_server::service: query stage revision=5b7ee9849d47f5ee67d04eb6ca4588beacf42dce75e5a1b481dfd02607b1fb20 table="pages" seconds=2.057e-5 stage="query_dispatch"
2026-09-09T19:52:03.366731Z DEBUG transparent_shard_server::service: query stage revision=5b7ee9849d47f5ee67d04eb6ca4588beacf42dce75e5a1b481dfd02607b1fb20 table="pages" seconds=0.021622799 stage="query_evaluate"
2026-09-09T19:52:03.375279Z DEBUG transparent_shard_server::service: query stage revision=5b7ee9849d47f5ee67d04eb6ca4588beacf42dce75e5a1b481dfd02607b1fb20 table="pages" seconds=0.024268846 stage="query_evaluate"
2026-09-09T19:52:03.378711Z DEBUG transparent_shard_server::runtime: construction stage geometry="recent-8k" table="directory" seconds=0.307172432 stage="encode_database"
2026-09-09T19:52:03.378857Z DEBUG transparent_shard_server::runtime: construction stage geometry="recent-8k" table="directory" seconds=0.000128765 stage="public_setup"
2026-09-09T19:52:03.393268Z DEBUG transparent_shard_server::runtime: construction stage geometry="recent-8k" table="pages" seconds=0.305490287 stage="encode_database"
2026-09-09T19:52:03.393417Z DEBUG transparent_shard_server::runtime: construction stage geometry="recent-8k" table="pages" seconds=0.0001296 stage="public_setup"
2026-09-09T19:52:03.554117Z DEBUG transparent_shard_server::service: query stage revision=be059aab39ac34125e0452548d6fbcfb1e7cdb7237a597bd59ee86011ed4882b table="directory" seconds=3.621e-6 stage="query_admission"
2026-09-09T19:52:03.554151Z DEBUG transparent_shard_server::service: query stage revision=be059aab39ac34125e0452548d6fbcfb1e7cdb7237a597bd59ee86011ed4882b table="directory" seconds=6.858e-6 stage="query_runtime"
2026-09-09T19:52:03.554247Z DEBUG transparent_shard_server::service: query stage revision=be059aab39ac34125e0452548d6fbcfb1e7cdb7237a597bd59ee86011ed4882b table="directory" seconds=1.3667e-5 stage="query_dispatch"
2026-09-09T19:52:03.554898Z DEBUG transparent_shard_server::service: query stage revision=be059aab39ac34125e0452548d6fbcfb1e7cdb7237a597bd59ee86011ed4882b table="directory" seconds=1.458e-6 stage="query_admission"
2026-09-09T19:52:03.554909Z DEBUG transparent_shard_server::service: query stage revision=be059aab39ac34125e0452548d6fbcfb1e7cdb7237a597bd59ee86011ed4882b table="directory" seconds=2.989e-6 stage="query_runtime"
2026-09-09T19:52:03.554962Z DEBUG transparent_shard_server::service: query stage revision=be059aab39ac34125e0452548d6fbcfb1e7cdb7237a597bd59ee86011ed4882b table="directory" seconds=1.2971e-5 stage="query_dispatch"
2026-09-09T19:52:04.453256Z DEBUG transparent_shard_server::service: query stage revision=be059aab39ac34125e0452548d6fbcfb1e7cdb7237a597bd59ee86011ed4882b table="directory" seconds=0.898981216 stage="query_evaluate"
2026-09-09T19:52:04.453268Z DEBUG transparent_shard_server::service: query stage revision=be059aab39ac34125e0452548d6fbcfb1e7cdb7237a597bd59ee86011ed4882b table="directory" seconds=0.898281881 stage="query_evaluate"
2026-09-09T19:52:04.453454Z DEBUG transparent_shard_server::runtime: construction stage geometry="recent-8k" table="pages" seconds=1.060032869 stage="hint_columns"
2026-09-09T19:52:04.453489Z DEBUG transparent_shard_server::runtime: construction stage geometry="recent-8k" table="directory" seconds=1.074627214 stage="hint_columns"
2026-09-09T19:52:04.635549Z DEBUG transparent_shard_server::service: query stage revision=be059aab39ac34125e0452548d6fbcfb1e7cdb7237a597bd59ee86011ed4882b table="pages" seconds=2.783e-6 stage="query_admission"
2026-09-09T19:52:04.635583Z DEBUG transparent_shard_server::service: query stage revision=be059aab39ac34125e0452548d6fbcfb1e7cdb7237a597bd59ee86011ed4882b table="pages" seconds=5.093e-6 stage="query_runtime"
2026-09-09T19:52:04.635679Z DEBUG transparent_shard_server::service: query stage revision=be059aab39ac34125e0452548d6fbcfb1e7cdb7237a597bd59ee86011ed4882b table="pages" seconds=2.5641e-5 stage="query_dispatch"
2026-09-09T19:52:04.635794Z DEBUG transparent_shard_server::service: query stage revision=be059aab39ac34125e0452548d6fbcfb1e7cdb7237a597bd59ee86011ed4882b table="pages" seconds=1.179e-6 stage="query_admission"
2026-09-09T19:52:04.635803Z DEBUG transparent_shard_server::service: query stage revision=be059aab39ac34125e0452548d6fbcfb1e7cdb7237a597bd59ee86011ed4882b table="pages" seconds=2.05e-6 stage="query_runtime"
2026-09-09T19:52:04.635867Z DEBUG transparent_shard_server::service: query stage revision=be059aab39ac34125e0452548d6fbcfb1e7cdb7237a597bd59ee86011ed4882b table="pages" seconds=2.7342e-5 stage="query_dispatch"
2026-09-09T19:52:04.656843Z DEBUG transparent_shard_server::service: query stage revision=be059aab39ac34125e0452548d6fbcfb1e7cdb7237a597bd59ee86011ed4882b table="pages" seconds=0.021145785 stage="query_evaluate"
2026-09-09T19:52:04.659865Z DEBUG transparent_shard_server::service: query stage revision=be059aab39ac34125e0452548d6fbcfb1e7cdb7237a597bd59ee86011ed4882b table="pages" seconds=0.023983696 stage="query_evaluate"
2026-09-09T19:52:04.817804Z DEBUG transparent_shard_server::service: query stage revision=be059aab39ac34125e0452548d6fbcfb1e7cdb7237a597bd59ee86011ed4882b table="directory" seconds=2.969e-6 stage="query_admission"
2026-09-09T19:52:04.817839Z DEBUG transparent_shard_server::service: query stage revision=be059aab39ac34125e0452548d6fbcfb1e7cdb7237a597bd59ee86011ed4882b table="directory" seconds=4.923e-6 stage="query_runtime"
2026-09-09T19:52:04.817919Z DEBUG transparent_shard_server::service: query stage revision=be059aab39ac34125e0452548d6fbcfb1e7cdb7237a597bd59ee86011ed4882b table="directory" seconds=1.4891e-5 stage="query_dispatch"
2026-09-09T19:52:04.819584Z DEBUG transparent_shard_server::service: query stage revision=be059aab39ac34125e0452548d6fbcfb1e7cdb7237a597bd59ee86011ed4882b table="directory" seconds=1.406e-6 stage="query_admission"
2026-09-09T19:52:04.819600Z DEBUG transparent_shard_server::service: query stage revision=be059aab39ac34125e0452548d6fbcfb1e7cdb7237a597bd59ee86011ed4882b table="directory" seconds=2.759e-6 stage="query_runtime"
2026-09-09T19:52:04.821419Z DEBUG transparent_shard_server::service: query stage revision=be059aab39ac34125e0452548d6fbcfb1e7cdb7237a597bd59ee86011ed4882b table="directory" seconds=0.001776862 stage="query_dispatch"
2026-09-09T19:52:04.846682Z DEBUG transparent_shard_server::service: query stage revision=be059aab39ac34125e0452548d6fbcfb1e7cdb7237a597bd59ee86011ed4882b table="directory" seconds=0.025240394 stage="query_evaluate"
2026-09-09T19:52:04.849721Z DEBUG transparent_shard_server::service: query stage revision=be059aab39ac34125e0452548d6fbcfb1e7cdb7237a597bd59ee86011ed4882b table="directory" seconds=0.031783331 stage="query_evaluate"
2026-09-09T19:52:05.002310Z DEBUG transparent_shard_server::service: query stage revision=be059aab39ac34125e0452548d6fbcfb1e7cdb7237a597bd59ee86011ed4882b table="pages" seconds=3.526e-6 stage="query_admission"
2026-09-09T19:52:05.002347Z DEBUG transparent_shard_server::service: query stage revision=be059aab39ac34125e0452548d6fbcfb1e7cdb7237a597bd59ee86011ed4882b table="pages" seconds=7.189e-6 stage="query_runtime"
2026-09-09T19:52:05.002440Z DEBUG transparent_shard_server::service: query stage revision=be059aab39ac34125e0452548d6fbcfb1e7cdb7237a597bd59ee86011ed4882b table="pages" seconds=2.2893e-5 stage="query_dispatch"
2026-09-09T19:52:05.005821Z DEBUG transparent_shard_server::service: query stage revision=be059aab39ac34125e0452548d6fbcfb1e7cdb7237a597bd59ee86011ed4882b table="pages" seconds=2.101e-6 stage="query_admission"
2026-09-09T19:52:05.005842Z DEBUG transparent_shard_server::service: query stage revision=be059aab39ac34125e0452548d6fbcfb1e7cdb7237a597bd59ee86011ed4882b table="pages" seconds=5.539e-6 stage="query_runtime"
2026-09-09T19:52:05.005915Z DEBUG transparent_shard_server::service: query stage revision=be059aab39ac34125e0452548d6fbcfb1e7cdb7237a597bd59ee86011ed4882b table="pages" seconds=1.8851e-5 stage="query_dispatch"
2026-09-09T19:52:05.018801Z DEBUG transparent_shard_server::service: query stage revision=be059aab39ac34125e0452548d6fbcfb1e7cdb7237a597bd59ee86011ed4882b table="pages" seconds=0.016343379 stage="query_evaluate"
2026-09-09T19:52:05.028049Z DEBUG transparent_shard_server::service: query stage revision=be059aab39ac34125e0452548d6fbcfb1e7cdb7237a597bd59ee86011ed4882b table="pages" seconds=0.022128327 stage="query_evaluate"
2026-09-09T19:52:05.173770Z DEBUG transparent_shard_server::service: query stage revision=be059aab39ac34125e0452548d6fbcfb1e7cdb7237a597bd59ee86011ed4882b table="directory" seconds=2.519e-6 stage="query_admission"
2026-09-09T19:52:05.173802Z DEBUG transparent_shard_server::service: query stage revision=be059aab39ac34125e0452548d6fbcfb1e7cdb7237a597bd59ee86011ed4882b table="directory" seconds=2.87e-6 stage="query_runtime"
2026-09-09T19:52:05.173898Z DEBUG transparent_shard_server::service: query stage revision=be059aab39ac34125e0452548d6fbcfb1e7cdb7237a597bd59ee86011ed4882b table="directory" seconds=2.7196e-5 stage="query_dispatch"
2026-09-09T19:52:05.184411Z DEBUG transparent_shard_server::service: query stage revision=be059aab39ac34125e0452548d6fbcfb1e7cdb7237a597bd59ee86011ed4882b table="directory" seconds=2.399e-6 stage="query_admission"
2026-09-09T19:52:05.184437Z DEBUG transparent_shard_server::service: query stage revision=be059aab39ac34125e0452548d6fbcfb1e7cdb7237a597bd59ee86011ed4882b table="directory" seconds=4.355e-6 stage="query_runtime"
2026-09-09T19:52:05.184513Z DEBUG transparent_shard_server::service: query stage revision=be059aab39ac34125e0452548d6fbcfb1e7cdb7237a597bd59ee86011ed4882b table="directory" seconds=1.7009e-5 stage="query_dispatch"
2026-09-09T19:52:05.189004Z DEBUG transparent_shard_server::service: query stage revision=be059aab39ac34125e0452548d6fbcfb1e7cdb7237a597bd59ee86011ed4882b table="directory" seconds=0.015088511 stage="query_evaluate"
2026-09-09T19:52:05.199503Z DEBUG transparent_shard_server::service: query stage revision=be059aab39ac34125e0452548d6fbcfb1e7cdb7237a597bd59ee86011ed4882b table="directory" seconds=0.014975491 stage="query_evaluate"
2026-09-09T19:52:05.357456Z DEBUG transparent_shard_server::service: query stage revision=be059aab39ac34125e0452548d6fbcfb1e7cdb7237a597bd59ee86011ed4882b table="pages" seconds=2.404e-6 stage="query_admission"
2026-09-09T19:52:05.357490Z DEBUG transparent_shard_server::service: query stage revision=be059aab39ac34125e0452548d6fbcfb1e7cdb7237a597bd59ee86011ed4882b table="pages" seconds=4.784e-6 stage="query_runtime"
2026-09-09T19:52:05.357573Z DEBUG transparent_shard_server::service: query stage revision=be059aab39ac34125e0452548d6fbcfb1e7cdb7237a597bd59ee86011ed4882b table="pages" seconds=1.8992e-5 stage="query_dispatch"
2026-09-09T19:52:05.357647Z DEBUG transparent_shard_server::service: query stage revision=be059aab39ac34125e0452548d6fbcfb1e7cdb7237a597bd59ee86011ed4882b table="pages" seconds=1.186e-6 stage="query_admission"
2026-09-09T19:52:05.357656Z DEBUG transparent_shard_server::service: query stage revision=be059aab39ac34125e0452548d6fbcfb1e7cdb7237a597bd59ee86011ed4882b table="pages" seconds=3.127e-6 stage="query_runtime"
2026-09-09T19:52:05.357701Z DEBUG transparent_shard_server::service: query stage revision=be059aab39ac34125e0452548d6fbcfb1e7cdb7237a597bd59ee86011ed4882b table="pages" seconds=1.5425e-5 stage="query_dispatch"
2026-09-09T19:52:05.521838Z DEBUG transparent_shard_server::service: query stage revision=be059aab39ac34125e0452548d6fbcfb1e7cdb7237a597bd59ee86011ed4882b table="pages" seconds=0.164234375 stage="query_evaluate"
2026-09-09T19:52:05.521868Z DEBUG transparent_shard_server::service: query stage revision=be059aab39ac34125e0452548d6fbcfb1e7cdb7237a597bd59ee86011ed4882b table="pages" seconds=0.164151731 stage="query_evaluate"
2026-09-09T19:52:05.681140Z DEBUG transparent_shard_server::service: query stage revision=be059aab39ac34125e0452548d6fbcfb1e7cdb7237a597bd59ee86011ed4882b table="directory" seconds=3.695e-6 stage="query_admission"
2026-09-09T19:52:05.681187Z DEBUG transparent_shard_server::service: query stage revision=be059aab39ac34125e0452548d6fbcfb1e7cdb7237a597bd59ee86011ed4882b table="directory" seconds=1.5366e-5 stage="query_runtime"
2026-09-09T19:52:05.681280Z DEBUG transparent_shard_server::service: query stage revision=be059aab39ac34125e0452548d6fbcfb1e7cdb7237a597bd59ee86011ed4882b table="directory" seconds=1.9498e-5 stage="query_dispatch"
2026-09-09T19:52:05.682141Z DEBUG transparent_shard_server::service: query stage revision=be059aab39ac34125e0452548d6fbcfb1e7cdb7237a597bd59ee86011ed4882b table="directory" seconds=1.253e-6 stage="query_admission"
2026-09-09T19:52:05.682156Z DEBUG transparent_shard_server::service: query stage revision=be059aab39ac34125e0452548d6fbcfb1e7cdb7237a597bd59ee86011ed4882b table="directory" seconds=4.628e-6 stage="query_runtime"
2026-09-09T19:52:05.682220Z DEBUG transparent_shard_server::memory: work memory admission denied current=5209493504 limit=7516192768 held=1342177280 requested=268435456
2026-09-09T19:52:05.698789Z DEBUG transparent_shard_server::service: query stage revision=be059aab39ac34125e0452548d6fbcfb1e7cdb7237a597bd59ee86011ed4882b table="directory" seconds=0.017488689 stage="query_evaluate"
2026-09-09T19:52:05.857703Z DEBUG transparent_shard_server::service: query stage revision=be059aab39ac34125e0452548d6fbcfb1e7cdb7237a597bd59ee86011ed4882b table="pages" seconds=2.501e-6 stage="query_admission"
2026-09-09T19:52:05.857736Z DEBUG transparent_shard_server::service: query stage revision=be059aab39ac34125e0452548d6fbcfb1e7cdb7237a597bd59ee86011ed4882b table="pages" seconds=3.124e-6 stage="query_runtime"
2026-09-09T19:52:05.859174Z DEBUG transparent_shard_server::service: query stage revision=be059aab39ac34125e0452548d6fbcfb1e7cdb7237a597bd59ee86011ed4882b table="pages" seconds=0.001371009 stage="query_dispatch"
2026-09-09T19:52:05.886213Z DEBUG transparent_shard_server::service: query stage revision=be059aab39ac34125e0452548d6fbcfb1e7cdb7237a597bd59ee86011ed4882b table="directory" seconds=2.86e-6 stage="query_admission"
2026-09-09T19:52:05.886243Z DEBUG transparent_shard_server::service: query stage revision=be059aab39ac34125e0452548d6fbcfb1e7cdb7237a597bd59ee86011ed4882b table="directory" seconds=5.974e-6 stage="query_runtime"
2026-09-09T19:52:05.886307Z DEBUG transparent_shard_server::memory: work memory admission denied current=5213806592 limit=7516192768 held=1342177280 requested=268435456
2026-09-09T19:52:06.094426Z DEBUG transparent_shard_server::service: query stage revision=be059aab39ac34125e0452548d6fbcfb1e7cdb7237a597bd59ee86011ed4882b table="directory" seconds=3.124e-6 stage="query_admission"
2026-09-09T19:52:06.094471Z DEBUG transparent_shard_server::service: query stage revision=be059aab39ac34125e0452548d6fbcfb1e7cdb7237a597bd59ee86011ed4882b table="directory" seconds=4.862e-6 stage="query_runtime"
2026-09-09T19:52:06.094539Z DEBUG transparent_shard_server::memory: work memory admission denied current=5188907008 limit=7516192768 held=1342177280 requested=268435456
2026-09-09T19:52:06.300542Z DEBUG transparent_shard_server::service: query stage revision=be059aab39ac34125e0452548d6fbcfb1e7cdb7237a597bd59ee86011ed4882b table="directory" seconds=3.196e-6 stage="query_admission"
2026-09-09T19:52:06.300576Z DEBUG transparent_shard_server::service: query stage revision=be059aab39ac34125e0452548d6fbcfb1e7cdb7237a597bd59ee86011ed4882b table="directory" seconds=5.009e-6 stage="query_runtime"
2026-09-09T19:52:06.300644Z DEBUG transparent_shard_server::memory: work memory admission denied current=5234700288 limit=7516192768 held=1342177280 requested=268435456
2026-09-09T19:52:06.507128Z DEBUG transparent_shard_server::service: query stage revision=be059aab39ac34125e0452548d6fbcfb1e7cdb7237a597bd59ee86011ed4882b table="directory" seconds=2.675e-6 stage="query_admission"
2026-09-09T19:52:06.507162Z DEBUG transparent_shard_server::service: query stage revision=be059aab39ac34125e0452548d6fbcfb1e7cdb7237a597bd59ee86011ed4882b table="directory" seconds=4.744e-6 stage="query_runtime"
2026-09-09T19:52:06.507245Z DEBUG transparent_shard_server::memory: work memory admission denied current=5265739776 limit=7516192768 held=1342177280 requested=268435456
2026-09-09T19:52:06.620422Z DEBUG transparent_shard_server::runtime: construction stage geometry="recent-8k" table="directory" seconds=2.16691993 stage="pack_preprocessing"
2026-09-09T19:52:06.620737Z DEBUG transparent_shard_server::runtime: construction stage geometry="recent-8k" table="directory" seconds=0.000278957 stage="publish_parameters"
2026-09-09T19:52:06.621415Z DEBUG transparent_shard_server::runtime: runtime stage key=("268f5c527d35817d37919707b04a706c850d449156baa071b5438dbf8eb53aec", Directory, 0) seconds=3.549877171 stage="runtime_build"
2026-09-09T19:52:06.621431Z DEBUG transparent_shard_server::runtime: runtime stage key=("268f5c527d35817d37919707b04a706c850d449156baa071b5438dbf8eb53aec", Directory, 0) reserved_bytes=136314880 stage="serialization_handoff"
2026-09-09T19:52:06.712192Z DEBUG transparent_shard_server::service: query stage revision=be059aab39ac34125e0452548d6fbcfb1e7cdb7237a597bd59ee86011ed4882b table="directory" seconds=3.274e-6 stage="query_admission"
2026-09-09T19:52:06.712223Z DEBUG transparent_shard_server::service: query stage revision=be059aab39ac34125e0452548d6fbcfb1e7cdb7237a597bd59ee86011ed4882b table="directory" seconds=8.218e-6 stage="query_runtime"
2026-09-09T19:52:06.712320Z DEBUG transparent_shard_server::service: query stage revision=be059aab39ac34125e0452548d6fbcfb1e7cdb7237a597bd59ee86011ed4882b table="directory" seconds=2.0648e-5 stage="query_dispatch"
2026-09-09T19:52:06.733711Z DEBUG transparent_shard_server::service: query stage revision=be059aab39ac34125e0452548d6fbcfb1e7cdb7237a597bd59ee86011ed4882b table="directory" seconds=0.021375486 stage="query_evaluate"
2026-09-09T19:52:06.850773Z DEBUG transparent_shard_server::service: query stage revision=be059aab39ac34125e0452548d6fbcfb1e7cdb7237a597bd59ee86011ed4882b table="pages" seconds=0.991576329 stage="query_evaluate"
2026-09-09T19:52:06.852400Z DEBUG transparent_shard_server::runtime: construction stage geometry="recent-8k" table="pages" seconds=2.398930893 stage="pack_preprocessing"
2026-09-09T19:52:06.852684Z DEBUG transparent_shard_server::runtime: construction stage geometry="recent-8k" table="pages" seconds=0.000262665 stage="publish_parameters"
2026-09-09T19:52:06.853333Z DEBUG transparent_shard_server::runtime: runtime stage key=("268f5c527d35817d37919707b04a706c850d449156baa071b5438dbf8eb53aec", Pages, 0) seconds=3.76555643 stage="runtime_build"
2026-09-09T19:52:06.853348Z DEBUG transparent_shard_server::runtime: runtime stage key=("268f5c527d35817d37919707b04a706c850d449156baa071b5438dbf8eb53aec", Pages, 0) reserved_bytes=136314880 stage="serialization_handoff"
2026-09-09T19:52:06.891667Z DEBUG transparent_shard_server::service: query stage revision=be059aab39ac34125e0452548d6fbcfb1e7cdb7237a597bd59ee86011ed4882b table="pages" seconds=2.798e-6 stage="query_admission"
2026-09-09T19:52:06.891693Z DEBUG transparent_shard_server::service: query stage revision=be059aab39ac34125e0452548d6fbcfb1e7cdb7237a597bd59ee86011ed4882b table="pages" seconds=5.515e-6 stage="query_runtime"
2026-09-09T19:52:06.891760Z DEBUG transparent_shard_server::service: query stage revision=be059aab39ac34125e0452548d6fbcfb1e7cdb7237a597bd59ee86011ed4882b table="pages" seconds=1.1212e-5 stage="query_dispatch"
2026-09-09T19:52:06.903732Z DEBUG transparent_shard_server::service: query stage revision=be059aab39ac34125e0452548d6fbcfb1e7cdb7237a597bd59ee86011ed4882b table="pages" seconds=0.011964972 stage="query_evaluate"
2026-09-09T19:52:07.006024Z DEBUG transparent_shard_server::service: query stage revision=be059aab39ac34125e0452548d6fbcfb1e7cdb7237a597bd59ee86011ed4882b table="directory" seconds=1.9706e-5 stage="query_admission"
2026-09-09T19:52:07.006050Z DEBUG transparent_shard_server::service: query stage revision=be059aab39ac34125e0452548d6fbcfb1e7cdb7237a597bd59ee86011ed4882b table="directory" seconds=5.931e-6 stage="query_runtime"
2026-09-09T19:52:07.006129Z DEBUG transparent_shard_server::service: query stage revision=be059aab39ac34125e0452548d6fbcfb1e7cdb7237a597bd59ee86011ed4882b table="directory" seconds=1.6772e-5 stage="query_dispatch"
2026-09-09T19:52:07.017985Z DEBUG transparent_shard_server::service: query stage revision=be059aab39ac34125e0452548d6fbcfb1e7cdb7237a597bd59ee86011ed4882b table="directory" seconds=0.011841244 stage="query_evaluate"
2026-09-09T19:52:07.059432Z DEBUG transparent_shard_server::service: query stage revision=be059aab39ac34125e0452548d6fbcfb1e7cdb7237a597bd59ee86011ed4882b table="directory" seconds=3.286e-6 stage="query_admission"
2026-09-09T19:52:07.059458Z DEBUG transparent_shard_server::service: query stage revision=be059aab39ac34125e0452548d6fbcfb1e7cdb7237a597bd59ee86011ed4882b table="directory" seconds=6.255e-6 stage="query_runtime"
2026-09-09T19:52:07.059535Z DEBUG transparent_shard_server::service: query stage revision=be059aab39ac34125e0452548d6fbcfb1e7cdb7237a597bd59ee86011ed4882b table="directory" seconds=9.786e-6 stage="query_dispatch"
2026-09-09T19:52:07.071077Z DEBUG transparent_shard_server::service: query stage revision=be059aab39ac34125e0452548d6fbcfb1e7cdb7237a597bd59ee86011ed4882b table="directory" seconds=0.011535798 stage="query_evaluate"
2026-09-09T19:52:07.172232Z DEBUG transparent_shard_server::service: query stage revision=be059aab39ac34125e0452548d6fbcfb1e7cdb7237a597bd59ee86011ed4882b table="pages" seconds=3.129e-6 stage="query_admission"
2026-09-09T19:52:07.172263Z DEBUG transparent_shard_server::service: query stage revision=be059aab39ac34125e0452548d6fbcfb1e7cdb7237a597bd59ee86011ed4882b table="pages" seconds=5.849e-6 stage="query_runtime"
2026-09-09T19:52:07.172361Z DEBUG transparent_shard_server::service: query stage revision=be059aab39ac34125e0452548d6fbcfb1e7cdb7237a597bd59ee86011ed4882b table="pages" seconds=2.374e-5 stage="query_dispatch"
2026-09-09T19:52:07.183847Z DEBUG transparent_shard_server::service: query stage revision=be059aab39ac34125e0452548d6fbcfb1e7cdb7237a597bd59ee86011ed4882b table="pages" seconds=0.011465424 stage="query_evaluate"
2026-09-09T19:52:07.227895Z DEBUG transparent_shard_server::service: query stage revision=be059aab39ac34125e0452548d6fbcfb1e7cdb7237a597bd59ee86011ed4882b table="pages" seconds=2.583e-6 stage="query_admission"
2026-09-09T19:52:07.227919Z DEBUG transparent_shard_server::service: query stage revision=be059aab39ac34125e0452548d6fbcfb1e7cdb7237a597bd59ee86011ed4882b table="pages" seconds=3.768e-6 stage="query_runtime"
2026-09-09T19:52:07.228006Z DEBUG transparent_shard_server::service: query stage revision=be059aab39ac34125e0452548d6fbcfb1e7cdb7237a597bd59ee86011ed4882b table="pages" seconds=2.2664e-5 stage="query_dispatch"
2026-09-09T19:52:07.239638Z DEBUG transparent_shard_server::service: query stage revision=be059aab39ac34125e0452548d6fbcfb1e7cdb7237a597bd59ee86011ed4882b table="pages" seconds=0.011599856 stage="query_evaluate"
2026-09-09T19:52:07.322915Z DEBUG transparent_shard_server::runtime: runtime stage key=("268f5c527d35817d37919707b04a706c850d449156baa071b5438dbf8eb53aec", Directory, 0) seconds=0.701478278 stage="disk_save"
2026-09-09T19:52:07.341986Z DEBUG transparent_shard_server::service: query stage revision=be059aab39ac34125e0452548d6fbcfb1e7cdb7237a597bd59ee86011ed4882b table="directory" seconds=2.541e-6 stage="query_admission"
2026-09-09T19:52:07.342010Z DEBUG transparent_shard_server::service: query stage revision=be059aab39ac34125e0452548d6fbcfb1e7cdb7237a597bd59ee86011ed4882b table="directory" seconds=5.367e-6 stage="query_runtime"
2026-09-09T19:52:07.342087Z DEBUG transparent_shard_server::service: query stage revision=be059aab39ac34125e0452548d6fbcfb1e7cdb7237a597bd59ee86011ed4882b table="directory" seconds=1.2246e-5 stage="query_dispatch"
2026-09-09T19:52:07.353822Z DEBUG transparent_shard_server::service: query stage revision=be059aab39ac34125e0452548d6fbcfb1e7cdb7237a597bd59ee86011ed4882b table="directory" seconds=0.011728768 stage="query_evaluate"
2026-09-09T19:52:07.396814Z DEBUG transparent_shard_server::service: query stage revision=be059aab39ac34125e0452548d6fbcfb1e7cdb7237a597bd59ee86011ed4882b table="directory" seconds=2.584e-6 stage="query_admission"
2026-09-09T19:52:07.396841Z DEBUG transparent_shard_server::service: query stage revision=be059aab39ac34125e0452548d6fbcfb1e7cdb7237a597bd59ee86011ed4882b table="directory" seconds=5.755e-6 stage="query_runtime"
2026-09-09T19:52:07.396898Z DEBUG transparent_shard_server::service: query stage revision=be059aab39ac34125e0452548d6fbcfb1e7cdb7237a597bd59ee86011ed4882b table="directory" seconds=1.112e-5 stage="query_dispatch"
2026-09-09T19:52:07.408577Z DEBUG transparent_shard_server::service: query stage revision=be059aab39ac34125e0452548d6fbcfb1e7cdb7237a597bd59ee86011ed4882b table="directory" seconds=0.011673385 stage="query_evaluate"
2026-09-09T19:52:07.508136Z DEBUG transparent_shard_server::service: query stage revision=be059aab39ac34125e0452548d6fbcfb1e7cdb7237a597bd59ee86011ed4882b table="pages" seconds=3.448e-6 stage="query_admission"
2026-09-09T19:52:07.508181Z DEBUG transparent_shard_server::service: query stage revision=be059aab39ac34125e0452548d6fbcfb1e7cdb7237a597bd59ee86011ed4882b table="pages" seconds=5.926e-6 stage="query_runtime"
2026-09-09T19:52:07.508287Z DEBUG transparent_shard_server::service: query stage revision=be059aab39ac34125e0452548d6fbcfb1e7cdb7237a597bd59ee86011ed4882b table="pages" seconds=4.557e-5 stage="query_dispatch"
2026-09-09T19:52:07.519710Z DEBUG transparent_shard_server::service: query stage revision=be059aab39ac34125e0452548d6fbcfb1e7cdb7237a597bd59ee86011ed4882b table="pages" seconds=0.01140549 stage="query_evaluate"
2026-09-09T19:52:07.564594Z DEBUG transparent_shard_server::service: query stage revision=be059aab39ac34125e0452548d6fbcfb1e7cdb7237a597bd59ee86011ed4882b table="pages" seconds=2.496e-6 stage="query_admission"
2026-09-09T19:52:07.564625Z DEBUG transparent_shard_server::service: query stage revision=be059aab39ac34125e0452548d6fbcfb1e7cdb7237a597bd59ee86011ed4882b table="pages" seconds=5.773e-6 stage="query_runtime"
2026-09-09T19:52:07.564744Z DEBUG transparent_shard_server::service: query stage revision=be059aab39ac34125e0452548d6fbcfb1e7cdb7237a597bd59ee86011ed4882b table="pages" seconds=3.7611e-5 stage="query_dispatch"
2026-09-09T19:52:07.576461Z DEBUG transparent_shard_server::service: query stage revision=be059aab39ac34125e0452548d6fbcfb1e7cdb7237a597bd59ee86011ed4882b table="pages" seconds=0.01169932 stage="query_evaluate"
2026-09-09T19:52:07.675981Z DEBUG transparent_shard_server::service: query stage revision=be059aab39ac34125e0452548d6fbcfb1e7cdb7237a597bd59ee86011ed4882b table="directory" seconds=2.523e-6 stage="query_admission"
2026-09-09T19:52:07.676010Z DEBUG transparent_shard_server::service: query stage revision=be059aab39ac34125e0452548d6fbcfb1e7cdb7237a597bd59ee86011ed4882b table="directory" seconds=6.014e-6 stage="query_runtime"
2026-09-09T19:52:07.676107Z DEBUG transparent_shard_server::service: query stage revision=be059aab39ac34125e0452548d6fbcfb1e7cdb7237a597bd59ee86011ed4882b table="directory" seconds=1.2756e-5 stage="query_dispatch"
2026-09-09T19:52:07.687923Z DEBUG transparent_shard_server::service: query stage revision=be059aab39ac34125e0452548d6fbcfb1e7cdb7237a597bd59ee86011ed4882b table="directory" seconds=0.011807821 stage="query_evaluate"
2026-09-09T19:52:07.733900Z DEBUG transparent_shard_server::service: query stage revision=be059aab39ac34125e0452548d6fbcfb1e7cdb7237a597bd59ee86011ed4882b table="directory" seconds=2.978e-6 stage="query_admission"
2026-09-09T19:52:07.733931Z DEBUG transparent_shard_server::service: query stage revision=be059aab39ac34125e0452548d6fbcfb1e7cdb7237a597bd59ee86011ed4882b table="directory" seconds=5.776e-6 stage="query_runtime"
2026-09-09T19:52:07.734049Z DEBUG transparent_shard_server::service: query stage revision=be059aab39ac34125e0452548d6fbcfb1e7cdb7237a597bd59ee86011ed4882b table="directory" seconds=3.9294e-5 stage="query_dispatch"
2026-09-09T19:52:07.743553Z DEBUG transparent_shard_server::service: query stage revision=be059aab39ac34125e0452548d6fbcfb1e7cdb7237a597bd59ee86011ed4882b table="directory" seconds=0.009484116 stage="query_evaluate"
2026-09-09T19:52:07.847183Z DEBUG transparent_shard_server::service: query stage revision=be059aab39ac34125e0452548d6fbcfb1e7cdb7237a597bd59ee86011ed4882b table="pages" seconds=2.815e-6 stage="query_admission"
2026-09-09T19:52:07.847223Z DEBUG transparent_shard_server::service: query stage revision=be059aab39ac34125e0452548d6fbcfb1e7cdb7237a597bd59ee86011ed4882b table="pages" seconds=6.421e-6 stage="query_runtime"
2026-09-09T19:52:07.847314Z DEBUG transparent_shard_server::service: query stage revision=be059aab39ac34125e0452548d6fbcfb1e7cdb7237a597bd59ee86011ed4882b table="pages" seconds=1.1849e-5 stage="query_dispatch"
2026-09-09T19:52:07.856543Z DEBUG transparent_shard_server::service: query stage revision=be059aab39ac34125e0452548d6fbcfb1e7cdb7237a597bd59ee86011ed4882b table="pages" seconds=0.009220383 stage="query_evaluate"
2026-09-09T19:52:07.900861Z DEBUG transparent_shard_server::service: query stage revision=be059aab39ac34125e0452548d6fbcfb1e7cdb7237a597bd59ee86011ed4882b table="pages" seconds=2.858e-6 stage="query_admission"
2026-09-09T19:52:07.900892Z DEBUG transparent_shard_server::service: query stage revision=be059aab39ac34125e0452548d6fbcfb1e7cdb7237a597bd59ee86011ed4882b table="pages" seconds=4.93e-6 stage="query_runtime"
2026-09-09T19:52:07.900982Z DEBUG transparent_shard_server::service: query stage revision=be059aab39ac34125e0452548d6fbcfb1e7cdb7237a597bd59ee86011ed4882b table="pages" seconds=1.2508e-5 stage="query_dispatch"
2026-09-09T19:52:07.910225Z DEBUG transparent_shard_server::service: query stage revision=be059aab39ac34125e0452548d6fbcfb1e7cdb7237a597bd59ee86011ed4882b table="pages" seconds=0.009234586 stage="query_evaluate"
2026-09-09T19:52:08.003374Z DEBUG transparent_shard_server::runtime: runtime stage key=("268f5c527d35817d37919707b04a706c850d449156baa071b5438dbf8eb53aec", Pages, 0) seconds=1.150011983 stage="disk_save"
2026-09-09T19:52:08.003493Z  INFO transparent_shard_server::service: prewarm finished warm=28 target=28 failed=0 seconds=5.080234832
2026-09-09T19:52:08.003536Z DEBUG transparent_shard_server::live: publication preparation stages map=12cbb58695cd66166197842d179b61598c15effb06ad32efcd899a13e36e7b10 loading_seconds=0.610178367 warming_seconds=5.080348483
2026-09-09T19:52:08.015834Z DEBUG transparent_shard_server::service: query stage revision=be059aab39ac34125e0452548d6fbcfb1e7cdb7237a597bd59ee86011ed4882b table="directory" seconds=2.944e-6 stage="query_admission"
2026-09-09T19:52:08.015870Z DEBUG transparent_shard_server::service: query stage revision=be059aab39ac34125e0452548d6fbcfb1e7cdb7237a597bd59ee86011ed4882b table="directory" seconds=5.857e-6 stage="query_runtime"
2026-09-09T19:52:08.015979Z DEBUG transparent_shard_server::service: query stage revision=be059aab39ac34125e0452548d6fbcfb1e7cdb7237a597bd59ee86011ed4882b table="directory" seconds=4.7127e-5 stage="query_dispatch"
2026-09-09T19:52:08.025187Z DEBUG transparent_shard_server::service: query stage revision=be059aab39ac34125e0452548d6fbcfb1e7cdb7237a597bd59ee86011ed4882b table="directory" seconds=0.009184809 stage="query_evaluate"
2026-09-09T19:52:08.068216Z DEBUG transparent_shard_server::service: query stage revision=be059aab39ac34125e0452548d6fbcfb1e7cdb7237a597bd59ee86011ed4882b table="directory" seconds=2.635e-6 stage="query_admission"
2026-09-09T19:52:08.068253Z DEBUG transparent_shard_server::service: query stage revision=be059aab39ac34125e0452548d6fbcfb1e7cdb7237a597bd59ee86011ed4882b table="directory" seconds=5.202e-6 stage="query_runtime"
2026-09-09T19:52:08.068363Z DEBUG transparent_shard_server::service: query stage revision=be059aab39ac34125e0452548d6fbcfb1e7cdb7237a597bd59ee86011ed4882b table="directory" seconds=2.5483e-5 stage="query_dispatch"
2026-09-09T19:52:08.077882Z DEBUG transparent_shard_server::service: query stage revision=be059aab39ac34125e0452548d6fbcfb1e7cdb7237a597bd59ee86011ed4882b table="directory" seconds=0.009499267 stage="query_evaluate"
2026-09-09T19:52:08.193704Z DEBUG transparent_shard_server::service: query stage revision=268f5c527d35817d37919707b04a706c850d449156baa071b5438dbf8eb53aec table="pages" seconds=3.414e-6 stage="query_admission"
2026-09-09T19:52:08.193741Z DEBUG transparent_shard_server::service: query stage revision=268f5c527d35817d37919707b04a706c850d449156baa071b5438dbf8eb53aec table="pages" seconds=5.973e-6 stage="query_runtime"
2026-09-09T19:52:08.193839Z DEBUG transparent_shard_server::service: query stage revision=268f5c527d35817d37919707b04a706c850d449156baa071b5438dbf8eb53aec table="pages" seconds=2.3375e-5 stage="query_dispatch"
2026-09-09T19:52:08.203271Z DEBUG transparent_shard_server::service: query stage revision=268f5c527d35817d37919707b04a706c850d449156baa071b5438dbf8eb53aec table="pages" seconds=0.009410382 stage="query_evaluate"
2026-09-09T19:52:08.238487Z DEBUG transparent_shard_server::service: query stage revision=268f5c527d35817d37919707b04a706c850d449156baa071b5438dbf8eb53aec table="pages" seconds=3.863e-6 stage="query_admission"
2026-09-09T19:52:08.238533Z DEBUG transparent_shard_server::service: query stage revision=268f5c527d35817d37919707b04a706c850d449156baa071b5438dbf8eb53aec table="pages" seconds=7.148e-6 stage="query_runtime"
2026-09-09T19:52:08.238646Z DEBUG transparent_shard_server::service: query stage revision=268f5c527d35817d37919707b04a706c850d449156baa071b5438dbf8eb53aec table="pages" seconds=2.4138e-5 stage="query_dispatch"
2026-09-09T19:52:08.248001Z DEBUG transparent_shard_server::service: query stage revision=268f5c527d35817d37919707b04a706c850d449156baa071b5438dbf8eb53aec table="pages" seconds=0.009337549 stage="query_evaluate"
2026-09-09T19:52:08.370508Z DEBUG transparent_shard_server::service: query stage revision=268f5c527d35817d37919707b04a706c850d449156baa071b5438dbf8eb53aec table="directory" seconds=3.017e-6 stage="query_admission"
2026-09-09T19:52:08.370546Z DEBUG transparent_shard_server::service: query stage revision=268f5c527d35817d37919707b04a706c850d449156baa071b5438dbf8eb53aec table="directory" seconds=5.584e-6 stage="query_runtime"
2026-09-09T19:52:08.370762Z DEBUG transparent_shard_server::service: query stage revision=268f5c527d35817d37919707b04a706c850d449156baa071b5438dbf8eb53aec table="directory" seconds=0.000140083 stage="query_dispatch"
2026-09-09T19:52:08.380122Z DEBUG transparent_shard_server::service: query stage revision=268f5c527d35817d37919707b04a706c850d449156baa071b5438dbf8eb53aec table="directory" seconds=0.00933886 stage="query_evaluate"
2026-09-09T19:52:08.407672Z DEBUG transparent_shard_server::service: query stage revision=268f5c527d35817d37919707b04a706c850d449156baa071b5438dbf8eb53aec table="directory" seconds=2.732e-6 stage="query_admission"
2026-09-09T19:52:08.407706Z DEBUG transparent_shard_server::service: query stage revision=268f5c527d35817d37919707b04a706c850d449156baa071b5438dbf8eb53aec table="directory" seconds=6.019e-6 stage="query_runtime"
2026-09-09T19:52:08.407803Z DEBUG transparent_shard_server::service: query stage revision=268f5c527d35817d37919707b04a706c850d449156baa071b5438dbf8eb53aec table="directory" seconds=1.2308e-5 stage="query_dispatch"
2026-09-09T19:52:08.417139Z DEBUG transparent_shard_server::service: query stage revision=268f5c527d35817d37919707b04a706c850d449156baa071b5438dbf8eb53aec table="directory" seconds=0.009329971 stage="query_evaluate"
2026-09-09T19:52:08.562640Z DEBUG transparent_shard_server::service: query stage revision=268f5c527d35817d37919707b04a706c850d449156baa071b5438dbf8eb53aec table="pages" seconds=2.708e-6 stage="query_admission"
2026-09-09T19:52:08.562673Z DEBUG transparent_shard_server::service: query stage revision=268f5c527d35817d37919707b04a706c850d449156baa071b5438dbf8eb53aec table="pages" seconds=5.555e-6 stage="query_runtime"
2026-09-09T19:52:08.562788Z DEBUG transparent_shard_server::service: query stage revision=268f5c527d35817d37919707b04a706c850d449156baa071b5438dbf8eb53aec table="pages" seconds=4.6331e-5 stage="query_dispatch"
2026-09-09T19:52:08.572025Z DEBUG transparent_shard_server::service: query stage revision=268f5c527d35817d37919707b04a706c850d449156baa071b5438dbf8eb53aec table="pages" seconds=0.009229309 stage="query_evaluate"
test burst::publication_burst_under_exact_load ... ok

test result: ok. 1 passed; 0 failed; 0 ignored; 0 measured; 16 filtered out; finished in 73.23s

Finished with result: success
Main processes terminated with: code=exited/status=0
Service runtime: 1min 13.296s
CPU time consumed: 3min 50.976s
Memory peak: 2.3M
Memory swap peak: 0B
