Running as unit: transparent-full-burst-0468545ad82a483cbf4daf8e058f5177.service; invocation ID: b6545aced73f42588a996bc13ccabc29

running 1 test
2026-09-09T19:53:28.481267Z DEBUG transparent_shard_server::runtime: runtime stage key=("5b7ee9849d47f5ee67d04eb6ca4588beacf42dce75e5a1b481dfd02607b1fb20", Pages, 0) seconds=1.384e-6 stage="restore_slot"
2026-09-09T19:53:28.481264Z DEBUG transparent_shard_server::runtime: runtime stage key=("5b7ee9849d47f5ee67d04eb6ca4588beacf42dce75e5a1b481dfd02607b1fb20", Directory, 0) seconds=9.594e-6 stage="restore_slot"
2026-09-09T19:53:28.481340Z DEBUG transparent_shard_server::runtime: runtime stage key=("1f5d7213a380745d83cc554ad16bdf9e039a0304d0de0b71376828e1838d0ea4", Pages, 0) seconds=3.56e-7 stage="restore_slot"
2026-09-09T19:53:28.481289Z DEBUG transparent_shard_server::runtime: runtime stage key=("1f5d7213a380745d83cc554ad16bdf9e039a0304d0de0b71376828e1838d0ea4", Directory, 0) seconds=7.66e-7 stage="restore_slot"
2026-09-09T19:53:28.481720Z DEBUG transparent_shard_server::runtime: runtime stage key=("5b7ee9849d47f5ee67d04eb6ca4588beacf42dce75e5a1b481dfd02607b1fb20", Pages, 0) seconds=3.8614e-5 hit=false stage="disk_restore"
2026-09-09T19:53:28.481756Z DEBUG transparent_shard_server::runtime: runtime stage key=("1f5d7213a380745d83cc554ad16bdf9e039a0304d0de0b71376828e1838d0ea4", Directory, 0) seconds=2.9865e-5 hit=false stage="disk_restore"
2026-09-09T19:53:28.481774Z DEBUG transparent_shard_server::runtime: runtime stage key=("5b7ee9849d47f5ee67d04eb6ca4588beacf42dce75e5a1b481dfd02607b1fb20", Pages, 0) seconds=7.55e-7 stage="build_slot"
2026-09-09T19:53:28.481818Z DEBUG transparent_shard_server::memory: cold build admission wait seconds=3.6601e-5 admitted=true
2026-09-09T19:53:28.481721Z DEBUG transparent_shard_server::runtime: runtime stage key=("5b7ee9849d47f5ee67d04eb6ca4588beacf42dce75e5a1b481dfd02607b1fb20", Directory, 0) seconds=3.7661e-5 hit=false stage="disk_restore"
2026-09-09T19:53:28.481831Z DEBUG transparent_shard_server::runtime: runtime stage key=("1f5d7213a380745d83cc554ad16bdf9e039a0304d0de0b71376828e1838d0ea4", Pages, 0) seconds=1.4612e-5 hit=false stage="disk_restore"
2026-09-09T19:53:28.633140Z DEBUG transparent_shard_server::runtime: runtime stage key=("5b7ee9849d47f5ee67d04eb6ca4588beacf42dce75e5a1b481dfd02607b1fb20", Pages, 0) seconds=0.151312452 stage="source_load"
2026-09-09T19:53:28.934982Z DEBUG transparent_shard_server::runtime: construction stage geometry="recent-8k" table="pages" seconds=0.301792765 stage="encode_database"
2026-09-09T19:53:28.935087Z DEBUG transparent_shard_server::runtime: construction stage geometry="recent-8k" table="pages" seconds=6.468e-5 stage="public_setup"
2026-09-09T19:53:29.465759Z DEBUG transparent_shard_server::runtime: construction stage geometry="recent-8k" table="pages" seconds=0.530665142 stage="hint_columns"
2026-09-09T19:53:31.501572Z DEBUG transparent_shard_server::runtime: construction stage geometry="recent-8k" table="pages" seconds=2.03577512 stage="pack_preprocessing"
2026-09-09T19:53:31.501872Z DEBUG transparent_shard_server::runtime: construction stage geometry="recent-8k" table="pages" seconds=0.000263405 stage="publish_parameters"
2026-09-09T19:53:31.503382Z DEBUG transparent_shard_server::runtime: runtime stage key=("5b7ee9849d47f5ee67d04eb6ca4588beacf42dce75e5a1b481dfd02607b1fb20", Pages, 0) seconds=2.870194043 stage="runtime_build"
2026-09-09T19:53:31.505639Z DEBUG transparent_shard_server::runtime: runtime stage key=("5b7ee9849d47f5ee67d04eb6ca4588beacf42dce75e5a1b481dfd02607b1fb20", Pages, 0) reserved_bytes=136314880 stage="serialization_handoff"
2026-09-09T19:53:31.505690Z DEBUG transparent_shard_server::runtime: runtime stage key=("1f5d7213a380745d83cc554ad16bdf9e039a0304d0de0b71376828e1838d0ea4", Directory, 0) seconds=3.023864072 stage="build_slot"
2026-09-09T19:53:31.505785Z DEBUG transparent_shard_server::memory: cold build admission wait seconds=7.3847e-5 admitted=true
2026-09-09T19:53:31.659005Z DEBUG transparent_shard_server::runtime: runtime stage key=("1f5d7213a380745d83cc554ad16bdf9e039a0304d0de0b71376828e1838d0ea4", Directory, 0) seconds=0.153194762 stage="source_load"
2026-09-09T19:53:31.959384Z DEBUG transparent_shard_server::runtime: construction stage geometry="recent-8k" table="directory" seconds=0.300339904 stage="encode_database"
2026-09-09T19:53:31.959473Z DEBUG transparent_shard_server::runtime: construction stage geometry="recent-8k" table="directory" seconds=6.2636e-5 stage="public_setup"
2026-09-09T19:53:32.397678Z DEBUG transparent_shard_server::runtime: runtime stage key=("5b7ee9849d47f5ee67d04eb6ca4588beacf42dce75e5a1b481dfd02607b1fb20", Pages, 0) seconds=0.892020238 stage="disk_save"
2026-09-09T19:53:32.398200Z DEBUG transparent_shard_server::runtime: runtime stage key=("ca7afe810c988a8b4b561668f3456a9f38d1fdbb0776614e07ddfeb1a2132000", Directory, 0) seconds=1.841e-6 stage="restore_slot"
2026-09-09T19:53:32.398339Z DEBUG transparent_shard_server::runtime: runtime stage key=("ca7afe810c988a8b4b561668f3456a9f38d1fdbb0776614e07ddfeb1a2132000", Directory, 0) seconds=3.0266e-5 hit=false stage="disk_restore"
2026-09-09T19:53:32.538147Z DEBUG transparent_shard_server::runtime: construction stage geometry="recent-8k" table="directory" seconds=0.578667567 stage="hint_columns"
2026-09-09T19:53:34.523944Z DEBUG transparent_shard_server::runtime: construction stage geometry="recent-8k" table="directory" seconds=1.985749177 stage="pack_preprocessing"
2026-09-09T19:53:34.524256Z DEBUG transparent_shard_server::runtime: construction stage geometry="recent-8k" table="directory" seconds=0.000274992 stage="publish_parameters"
2026-09-09T19:53:34.524820Z DEBUG transparent_shard_server::runtime: runtime stage key=("1f5d7213a380745d83cc554ad16bdf9e039a0304d0de0b71376828e1838d0ea4", Directory, 0) seconds=2.865778373 stage="runtime_build"
2026-09-09T19:53:34.524856Z DEBUG transparent_shard_server::runtime: runtime stage key=("5b7ee9849d47f5ee67d04eb6ca4588beacf42dce75e5a1b481dfd02607b1fb20", Directory, 0) seconds=6.043018177 stage="build_slot"
2026-09-09T19:53:34.524944Z DEBUG transparent_shard_server::memory: cold build admission wait seconds=8.3429e-5 admitted=true
2026-09-09T19:53:34.524967Z DEBUG transparent_shard_server::runtime: runtime stage key=("1f5d7213a380745d83cc554ad16bdf9e039a0304d0de0b71376828e1838d0ea4", Directory, 0) reserved_bytes=136314880 stage="serialization_handoff"
2026-09-09T19:53:34.669539Z DEBUG transparent_shard_server::runtime: runtime stage key=("5b7ee9849d47f5ee67d04eb6ca4588beacf42dce75e5a1b481dfd02607b1fb20", Directory, 0) seconds=0.14454625 stage="source_load"
2026-09-09T19:53:34.970791Z DEBUG transparent_shard_server::runtime: construction stage geometry="recent-8k" table="directory" seconds=0.301219275 stage="encode_database"
2026-09-09T19:53:34.970929Z DEBUG transparent_shard_server::runtime: construction stage geometry="recent-8k" table="directory" seconds=0.0001096 stage="public_setup"
2026-09-09T19:53:35.260258Z DEBUG transparent_shard_server::runtime: runtime stage key=("1f5d7213a380745d83cc554ad16bdf9e039a0304d0de0b71376828e1838d0ea4", Directory, 0) seconds=0.735284077 stage="disk_save"
2026-09-09T19:53:35.260325Z DEBUG transparent_shard_server::runtime: runtime stage key=("ca7afe810c988a8b4b561668f3456a9f38d1fdbb0776614e07ddfeb1a2132000", Pages, 0) seconds=1.466e-6 stage="restore_slot"
2026-09-09T19:53:35.260462Z DEBUG transparent_shard_server::runtime: runtime stage key=("ca7afe810c988a8b4b561668f3456a9f38d1fdbb0776614e07ddfeb1a2132000", Pages, 0) seconds=4.1116e-5 hit=false stage="disk_restore"
2026-09-09T19:53:35.545881Z DEBUG transparent_shard_server::runtime: construction stage geometry="recent-8k" table="directory" seconds=0.574945999 stage="hint_columns"
2026-09-09T19:53:37.563871Z DEBUG transparent_shard_server::runtime: construction stage geometry="recent-8k" table="directory" seconds=2.017949983 stage="pack_preprocessing"
2026-09-09T19:53:37.564187Z DEBUG transparent_shard_server::runtime: construction stage geometry="recent-8k" table="directory" seconds=0.000276942 stage="publish_parameters"
2026-09-09T19:53:37.564843Z DEBUG transparent_shard_server::runtime: runtime stage key=("5b7ee9849d47f5ee67d04eb6ca4588beacf42dce75e5a1b481dfd02607b1fb20", Directory, 0) seconds=2.895273643 stage="runtime_build"
2026-09-09T19:53:37.564879Z DEBUG transparent_shard_server::runtime: runtime stage key=("5b7ee9849d47f5ee67d04eb6ca4588beacf42dce75e5a1b481dfd02607b1fb20", Directory, 0) reserved_bytes=136314880 stage="serialization_handoff"
2026-09-09T19:53:37.564930Z DEBUG transparent_shard_server::runtime: runtime stage key=("1f5d7213a380745d83cc554ad16bdf9e039a0304d0de0b71376828e1838d0ea4", Pages, 0) seconds=9.083088637 stage="build_slot"
2026-09-09T19:53:37.565031Z DEBUG transparent_shard_server::memory: cold build admission wait seconds=7.7924e-5 admitted=true
2026-09-09T19:53:37.712615Z DEBUG transparent_shard_server::runtime: runtime stage key=("1f5d7213a380745d83cc554ad16bdf9e039a0304d0de0b71376828e1838d0ea4", Pages, 0) seconds=0.147568724 stage="source_load"
2026-09-09T19:53:38.015597Z DEBUG transparent_shard_server::runtime: construction stage geometry="recent-8k" table="pages" seconds=0.302947853 stage="encode_database"
2026-09-09T19:53:38.015685Z DEBUG transparent_shard_server::runtime: construction stage geometry="recent-8k" table="pages" seconds=5.7366e-5 stage="public_setup"
2026-09-09T19:53:38.492239Z DEBUG transparent_shard_server::runtime: runtime stage key=("5b7ee9849d47f5ee67d04eb6ca4588beacf42dce75e5a1b481dfd02607b1fb20", Directory, 0) seconds=0.927354244 stage="disk_save"
2026-09-09T19:53:38.494210Z DEBUG transparent_shard_server::runtime: runtime stage key=("95df7205357fe2d9c962d2b41daded841e05afa7b6fc8d06dfec46ad04e15335", Directory, 0) seconds=2.252e-6 stage="restore_slot"
2026-09-09T19:53:38.494351Z DEBUG transparent_shard_server::runtime: runtime stage key=("95df7205357fe2d9c962d2b41daded841e05afa7b6fc8d06dfec46ad04e15335", Directory, 0) seconds=2.529e-5 hit=false stage="disk_restore"
2026-09-09T19:53:38.641852Z DEBUG transparent_shard_server::runtime: construction stage geometry="recent-8k" table="pages" seconds=0.626160483 stage="hint_columns"
2026-09-09T19:53:40.643821Z DEBUG transparent_shard_server::runtime: construction stage geometry="recent-8k" table="pages" seconds=2.001924889 stage="pack_preprocessing"
2026-09-09T19:53:40.644112Z DEBUG transparent_shard_server::runtime: construction stage geometry="recent-8k" table="pages" seconds=0.000251065 stage="publish_parameters"
2026-09-09T19:53:40.644816Z DEBUG transparent_shard_server::runtime: runtime stage key=("1f5d7213a380745d83cc554ad16bdf9e039a0304d0de0b71376828e1838d0ea4", Pages, 0) seconds=2.9321693 stage="runtime_build"
2026-09-09T19:53:40.644863Z DEBUG transparent_shard_server::runtime: runtime stage key=("ca7afe810c988a8b4b561668f3456a9f38d1fdbb0776614e07ddfeb1a2132000", Directory, 0) seconds=8.246506548 stage="build_slot"
2026-09-09T19:53:40.644949Z DEBUG transparent_shard_server::memory: cold build admission wait seconds=8.1624e-5 admitted=true
2026-09-09T19:53:40.644972Z DEBUG transparent_shard_server::runtime: runtime stage key=("1f5d7213a380745d83cc554ad16bdf9e039a0304d0de0b71376828e1838d0ea4", Pages, 0) reserved_bytes=136314880 stage="serialization_handoff"
2026-09-09T19:53:40.781830Z DEBUG transparent_shard_server::runtime: runtime stage key=("ca7afe810c988a8b4b561668f3456a9f38d1fdbb0776614e07ddfeb1a2132000", Directory, 0) seconds=0.136845653 stage="source_load"
2026-09-09T19:53:41.083802Z DEBUG transparent_shard_server::runtime: construction stage geometry="recent-8k" table="directory" seconds=0.30193358 stage="encode_database"
2026-09-09T19:53:41.083904Z DEBUG transparent_shard_server::runtime: construction stage geometry="recent-8k" table="directory" seconds=6.8706e-5 stage="public_setup"
2026-09-09T19:53:41.375195Z DEBUG transparent_shard_server::runtime: runtime stage key=("1f5d7213a380745d83cc554ad16bdf9e039a0304d0de0b71376828e1838d0ea4", Pages, 0) seconds=0.730216589 stage="disk_save"
2026-09-09T19:53:41.375273Z DEBUG transparent_shard_server::runtime: runtime stage key=("95df7205357fe2d9c962d2b41daded841e05afa7b6fc8d06dfec46ad04e15335", Pages, 0) seconds=1.894e-6 stage="restore_slot"
2026-09-09T19:53:41.375425Z DEBUG transparent_shard_server::runtime: runtime stage key=("95df7205357fe2d9c962d2b41daded841e05afa7b6fc8d06dfec46ad04e15335", Pages, 0) seconds=4.6037e-5 hit=false stage="disk_restore"
2026-09-09T19:53:41.695899Z DEBUG transparent_shard_server::runtime: construction stage geometry="recent-8k" table="directory" seconds=0.61198811 stage="hint_columns"
2026-09-09T19:53:43.655001Z DEBUG transparent_shard_server::runtime: construction stage geometry="recent-8k" table="directory" seconds=1.959062077 stage="pack_preprocessing"
2026-09-09T19:53:43.655298Z DEBUG transparent_shard_server::runtime: construction stage geometry="recent-8k" table="directory" seconds=0.000259177 stage="publish_parameters"
2026-09-09T19:53:43.655990Z DEBUG transparent_shard_server::runtime: runtime stage key=("ca7afe810c988a8b4b561668f3456a9f38d1fdbb0776614e07ddfeb1a2132000", Directory, 0) seconds=2.874124237 stage="runtime_build"
2026-09-09T19:53:43.656014Z DEBUG transparent_shard_server::runtime: runtime stage key=("ca7afe810c988a8b4b561668f3456a9f38d1fdbb0776614e07ddfeb1a2132000", Directory, 0) reserved_bytes=136314880 stage="serialization_handoff"
2026-09-09T19:53:43.656054Z DEBUG transparent_shard_server::runtime: runtime stage key=("ca7afe810c988a8b4b561668f3456a9f38d1fdbb0776614e07ddfeb1a2132000", Pages, 0) seconds=8.395560015 stage="build_slot"
2026-09-09T19:53:43.656149Z DEBUG transparent_shard_server::memory: cold build admission wait seconds=7.2921e-5 admitted=true
2026-09-09T19:53:43.792691Z DEBUG transparent_shard_server::runtime: runtime stage key=("ca7afe810c988a8b4b561668f3456a9f38d1fdbb0776614e07ddfeb1a2132000", Pages, 0) seconds=0.136520037 stage="source_load"
2026-09-09T19:53:44.080249Z DEBUG transparent_shard_server::runtime: construction stage geometry="recent-8k" table="pages" seconds=0.287521893 stage="encode_database"
2026-09-09T19:53:44.080337Z DEBUG transparent_shard_server::runtime: construction stage geometry="recent-8k" table="pages" seconds=6.3635e-5 stage="public_setup"
2026-09-09T19:53:44.380454Z DEBUG transparent_shard_server::runtime: runtime stage key=("ca7afe810c988a8b4b561668f3456a9f38d1fdbb0776614e07ddfeb1a2132000", Directory, 0) seconds=0.724433863 stage="disk_save"
2026-09-09T19:53:44.381198Z DEBUG transparent_shard_server::runtime: runtime stage key=("73d46a59d0d03d7616f9a47e53b50448d4c5a3504e6e296600d8884c8c4403b8", Directory, 0) seconds=1.883e-6 stage="restore_slot"
2026-09-09T19:53:44.381319Z DEBUG transparent_shard_server::runtime: runtime stage key=("73d46a59d0d03d7616f9a47e53b50448d4c5a3504e6e296600d8884c8c4403b8", Directory, 0) seconds=2.4473e-5 hit=false stage="disk_restore"
2026-09-09T19:53:44.705797Z DEBUG transparent_shard_server::runtime: construction stage geometry="recent-8k" table="pages" seconds=0.625452789 stage="hint_columns"
2026-09-09T19:53:46.631099Z DEBUG transparent_shard_server::runtime: construction stage geometry="recent-8k" table="pages" seconds=1.9252609349999998 stage="pack_preprocessing"
2026-09-09T19:53:46.631396Z DEBUG transparent_shard_server::runtime: construction stage geometry="recent-8k" table="pages" seconds=0.000258779 stage="publish_parameters"
2026-09-09T19:53:46.632122Z DEBUG transparent_shard_server::runtime: runtime stage key=("ca7afe810c988a8b4b561668f3456a9f38d1fdbb0776614e07ddfeb1a2132000", Pages, 0) seconds=2.839396192 stage="runtime_build"
2026-09-09T19:53:46.632162Z DEBUG transparent_shard_server::runtime: runtime stage key=("95df7205357fe2d9c962d2b41daded841e05afa7b6fc8d06dfec46ad04e15335", Directory, 0) seconds=8.137789737 stage="build_slot"
2026-09-09T19:53:46.632253Z DEBUG transparent_shard_server::memory: cold build admission wait seconds=8.6053e-5 admitted=true
2026-09-09T19:53:46.632274Z DEBUG transparent_shard_server::runtime: runtime stage key=("ca7afe810c988a8b4b561668f3456a9f38d1fdbb0776614e07ddfeb1a2132000", Pages, 0) reserved_bytes=136314880 stage="serialization_handoff"
2026-09-09T19:53:46.768737Z DEBUG transparent_shard_server::runtime: runtime stage key=("95df7205357fe2d9c962d2b41daded841e05afa7b6fc8d06dfec46ad04e15335", Directory, 0) seconds=0.136440823 stage="source_load"
2026-09-09T19:53:47.058415Z DEBUG transparent_shard_server::runtime: construction stage geometry="recent-8k" table="directory" seconds=0.289630291 stage="encode_database"
2026-09-09T19:53:47.058512Z DEBUG transparent_shard_server::runtime: construction stage geometry="recent-8k" table="directory" seconds=6.9719e-5 stage="public_setup"
2026-09-09T19:53:47.355391Z DEBUG transparent_shard_server::runtime: runtime stage key=("ca7afe810c988a8b4b561668f3456a9f38d1fdbb0776614e07ddfeb1a2132000", Pages, 0) seconds=0.723110275 stage="disk_save"
2026-09-09T19:53:47.355460Z DEBUG transparent_shard_server::runtime: runtime stage key=("73d46a59d0d03d7616f9a47e53b50448d4c5a3504e6e296600d8884c8c4403b8", Pages, 0) seconds=2.117e-6 stage="restore_slot"
2026-09-09T19:53:47.355596Z DEBUG transparent_shard_server::runtime: runtime stage key=("73d46a59d0d03d7616f9a47e53b50448d4c5a3504e6e296600d8884c8c4403b8", Pages, 0) seconds=4.1157e-5 hit=false stage="disk_restore"
2026-09-09T19:53:47.642369Z DEBUG transparent_shard_server::runtime: construction stage geometry="recent-8k" table="directory" seconds=0.583849836 stage="hint_columns"
2026-09-09T19:53:49.640791Z DEBUG transparent_shard_server::runtime: construction stage geometry="recent-8k" table="directory" seconds=1.998378526 stage="pack_preprocessing"
2026-09-09T19:53:49.641101Z DEBUG transparent_shard_server::runtime: construction stage geometry="recent-8k" table="directory" seconds=0.000268236 stage="publish_parameters"
2026-09-09T19:53:49.641842Z DEBUG transparent_shard_server::runtime: runtime stage key=("95df7205357fe2d9c962d2b41daded841e05afa7b6fc8d06dfec46ad04e15335", Directory, 0) seconds=2.873059107 stage="runtime_build"
2026-09-09T19:53:49.641877Z DEBUG transparent_shard_server::runtime: runtime stage key=("95df7205357fe2d9c962d2b41daded841e05afa7b6fc8d06dfec46ad04e15335", Directory, 0) reserved_bytes=136314880 stage="serialization_handoff"
2026-09-09T19:53:49.642023Z DEBUG transparent_shard_server::runtime: runtime stage key=("95df7205357fe2d9c962d2b41daded841e05afa7b6fc8d06dfec46ad04e15335", Pages, 0) seconds=8.266550584 stage="build_slot"
2026-09-09T19:53:49.642125Z DEBUG transparent_shard_server::memory: cold build admission wait seconds=8.0434e-5 admitted=true
2026-09-09T19:53:49.779048Z DEBUG transparent_shard_server::runtime: runtime stage key=("95df7205357fe2d9c962d2b41daded841e05afa7b6fc8d06dfec46ad04e15335", Pages, 0) seconds=0.136902006 stage="source_load"
2026-09-09T19:53:50.070653Z DEBUG transparent_shard_server::runtime: construction stage geometry="recent-8k" table="pages" seconds=0.29156528 stage="encode_database"
2026-09-09T19:53:50.070764Z DEBUG transparent_shard_server::runtime: construction stage geometry="recent-8k" table="pages" seconds=7.4482e-5 stage="public_setup"
2026-09-09T19:53:50.376191Z DEBUG transparent_shard_server::runtime: runtime stage key=("95df7205357fe2d9c962d2b41daded841e05afa7b6fc8d06dfec46ad04e15335", Directory, 0) seconds=0.734308278 stage="disk_save"
2026-09-09T19:53:50.378200Z DEBUG transparent_shard_server::runtime: runtime stage key=("b16be2933ab920bc4745ea8917e5167a7a685c211e0b4febe88b4d3018f970bc", Directory, 0) seconds=1.77e-6 stage="restore_slot"
2026-09-09T19:53:50.378345Z DEBUG transparent_shard_server::runtime: runtime stage key=("b16be2933ab920bc4745ea8917e5167a7a685c211e0b4febe88b4d3018f970bc", Directory, 0) seconds=2.6822e-5 hit=false stage="disk_restore"
2026-09-09T19:53:50.698069Z DEBUG transparent_shard_server::runtime: construction stage geometry="recent-8k" table="pages" seconds=0.627296669 stage="hint_columns"
2026-09-09T19:53:52.670210Z DEBUG transparent_shard_server::runtime: construction stage geometry="recent-8k" table="pages" seconds=1.9720973590000002 stage="pack_preprocessing"
2026-09-09T19:53:52.670496Z DEBUG transparent_shard_server::runtime: construction stage geometry="recent-8k" table="pages" seconds=0.000248526 stage="publish_parameters"
2026-09-09T19:53:52.671204Z DEBUG transparent_shard_server::runtime: runtime stage key=("95df7205357fe2d9c962d2b41daded841e05afa7b6fc8d06dfec46ad04e15335", Pages, 0) seconds=2.892118283 stage="runtime_build"
2026-09-09T19:53:52.671252Z DEBUG transparent_shard_server::runtime: runtime stage key=("73d46a59d0d03d7616f9a47e53b50448d4c5a3504e6e296600d8884c8c4403b8", Directory, 0) seconds=8.289915706 stage="build_slot"
2026-09-09T19:53:52.671328Z DEBUG transparent_shard_server::memory: cold build admission wait seconds=7.1676e-5 admitted=true
2026-09-09T19:53:52.671349Z DEBUG transparent_shard_server::runtime: runtime stage key=("95df7205357fe2d9c962d2b41daded841e05afa7b6fc8d06dfec46ad04e15335", Pages, 0) reserved_bytes=136314880 stage="serialization_handoff"
2026-09-09T19:53:52.807898Z DEBUG transparent_shard_server::runtime: runtime stage key=("73d46a59d0d03d7616f9a47e53b50448d4c5a3504e6e296600d8884c8c4403b8", Directory, 0) seconds=0.136396009 stage="source_load"
2026-09-09T19:53:53.094831Z DEBUG transparent_shard_server::runtime: construction stage geometry="recent-8k" table="directory" seconds=0.286903161 stage="encode_database"
2026-09-09T19:53:53.094928Z DEBUG transparent_shard_server::runtime: construction stage geometry="recent-8k" table="directory" seconds=6.8949e-5 stage="public_setup"
2026-09-09T19:53:53.386431Z DEBUG transparent_shard_server::runtime: runtime stage key=("95df7205357fe2d9c962d2b41daded841e05afa7b6fc8d06dfec46ad04e15335", Pages, 0) seconds=0.71507652 stage="disk_save"
2026-09-09T19:53:53.386495Z DEBUG transparent_shard_server::runtime: runtime stage key=("b16be2933ab920bc4745ea8917e5167a7a685c211e0b4febe88b4d3018f970bc", Pages, 0) seconds=1.761e-6 stage="restore_slot"
2026-09-09T19:53:53.386616Z DEBUG transparent_shard_server::runtime: runtime stage key=("b16be2933ab920bc4745ea8917e5167a7a685c211e0b4febe88b4d3018f970bc", Pages, 0) seconds=3.7626e-5 hit=false stage="disk_restore"
2026-09-09T19:53:53.676134Z DEBUG transparent_shard_server::runtime: construction stage geometry="recent-8k" table="directory" seconds=0.581198805 stage="hint_columns"
2026-09-09T19:53:55.661678Z DEBUG transparent_shard_server::runtime: construction stage geometry="recent-8k" table="directory" seconds=1.9854820210000002 stage="pack_preprocessing"
2026-09-09T19:53:55.661994Z DEBUG transparent_shard_server::runtime: construction stage geometry="recent-8k" table="directory" seconds=0.000275647 stage="publish_parameters"
2026-09-09T19:53:55.662705Z DEBUG transparent_shard_server::runtime: runtime stage key=("73d46a59d0d03d7616f9a47e53b50448d4c5a3504e6e296600d8884c8c4403b8", Directory, 0) seconds=2.854778944 stage="runtime_build"
2026-09-09T19:53:55.662735Z DEBUG transparent_shard_server::runtime: runtime stage key=("73d46a59d0d03d7616f9a47e53b50448d4c5a3504e6e296600d8884c8c4403b8", Directory, 0) reserved_bytes=136314880 stage="serialization_handoff"
2026-09-09T19:53:55.662795Z DEBUG transparent_shard_server::runtime: runtime stage key=("73d46a59d0d03d7616f9a47e53b50448d4c5a3504e6e296600d8884c8c4403b8", Pages, 0) seconds=8.307165252 stage="build_slot"
2026-09-09T19:53:55.662899Z DEBUG transparent_shard_server::memory: cold build admission wait seconds=7.9432e-5 admitted=true
2026-09-09T19:53:55.801021Z DEBUG transparent_shard_server::runtime: runtime stage key=("73d46a59d0d03d7616f9a47e53b50448d4c5a3504e6e296600d8884c8c4403b8", Pages, 0) seconds=0.138105732 stage="source_load"
2026-09-09T19:53:56.091936Z DEBUG transparent_shard_server::runtime: construction stage geometry="recent-8k" table="pages" seconds=0.290884887 stage="encode_database"
2026-09-09T19:53:56.092032Z DEBUG transparent_shard_server::runtime: construction stage geometry="recent-8k" table="pages" seconds=6.9979e-5 stage="public_setup"
2026-09-09T19:53:56.394203Z DEBUG transparent_shard_server::runtime: runtime stage key=("73d46a59d0d03d7616f9a47e53b50448d4c5a3504e6e296600d8884c8c4403b8", Directory, 0) seconds=0.731444915 stage="disk_save"
2026-09-09T19:53:56.396200Z DEBUG transparent_shard_server::runtime: runtime stage key=("16b8227360ce35dd2e111156f5e31fd5eb500ff877879a212fef6cf8471de8a5", Directory, 0) seconds=1.999e-6 stage="restore_slot"
2026-09-09T19:53:56.396344Z DEBUG transparent_shard_server::runtime: runtime stage key=("16b8227360ce35dd2e111156f5e31fd5eb500ff877879a212fef6cf8471de8a5", Directory, 0) seconds=3.4474e-5 hit=false stage="disk_restore"
2026-09-09T19:53:56.723208Z DEBUG transparent_shard_server::runtime: construction stage geometry="recent-8k" table="pages" seconds=0.631169779 stage="hint_columns"
2026-09-09T19:53:58.648039Z DEBUG transparent_shard_server::runtime: construction stage geometry="recent-8k" table="pages" seconds=1.924789697 stage="pack_preprocessing"
2026-09-09T19:53:58.648342Z DEBUG transparent_shard_server::runtime: construction stage geometry="recent-8k" table="pages" seconds=0.000262473 stage="publish_parameters"
2026-09-09T19:53:58.649132Z DEBUG transparent_shard_server::runtime: runtime stage key=("73d46a59d0d03d7616f9a47e53b50448d4c5a3504e6e296600d8884c8c4403b8", Pages, 0) seconds=2.848082658 stage="runtime_build"
2026-09-09T19:53:58.649204Z DEBUG transparent_shard_server::runtime: runtime stage key=("b16be2933ab920bc4745ea8917e5167a7a685c211e0b4febe88b4d3018f970bc", Directory, 0) seconds=8.270843119 stage="build_slot"
2026-09-09T19:53:58.649311Z DEBUG transparent_shard_server::memory: cold build admission wait seconds=9.8283e-5 admitted=true
2026-09-09T19:53:58.649338Z DEBUG transparent_shard_server::runtime: runtime stage key=("73d46a59d0d03d7616f9a47e53b50448d4c5a3504e6e296600d8884c8c4403b8", Pages, 0) reserved_bytes=136314880 stage="serialization_handoff"
2026-09-09T19:53:58.787219Z DEBUG transparent_shard_server::runtime: runtime stage key=("b16be2933ab920bc4745ea8917e5167a7a685c211e0b4febe88b4d3018f970bc", Directory, 0) seconds=0.137870486 stage="source_load"
2026-09-09T19:53:59.078189Z DEBUG transparent_shard_server::runtime: construction stage geometry="recent-8k" table="directory" seconds=0.290938287 stage="encode_database"
2026-09-09T19:53:59.078290Z DEBUG transparent_shard_server::runtime: construction stage geometry="recent-8k" table="directory" seconds=7.1606e-5 stage="public_setup"
2026-09-09T19:53:59.389210Z DEBUG transparent_shard_server::runtime: runtime stage key=("73d46a59d0d03d7616f9a47e53b50448d4c5a3504e6e296600d8884c8c4403b8", Pages, 0) seconds=0.739864202 stage="disk_save"
2026-09-09T19:53:59.389277Z DEBUG transparent_shard_server::runtime: runtime stage key=("16b8227360ce35dd2e111156f5e31fd5eb500ff877879a212fef6cf8471de8a5", Pages, 0) seconds=1.411e-6 stage="restore_slot"
2026-09-09T19:53:59.389406Z DEBUG transparent_shard_server::runtime: runtime stage key=("16b8227360ce35dd2e111156f5e31fd5eb500ff877879a212fef6cf8471de8a5", Pages, 0) seconds=4.1812e-5 hit=false stage="disk_restore"
2026-09-09T19:53:59.662193Z DEBUG transparent_shard_server::runtime: construction stage geometry="recent-8k" table="directory" seconds=0.583895641 stage="hint_columns"
2026-09-09T19:54:01.626426Z DEBUG transparent_shard_server::runtime: construction stage geometry="recent-8k" table="directory" seconds=1.964193165 stage="pack_preprocessing"
2026-09-09T19:54:01.626735Z DEBUG transparent_shard_server::runtime: construction stage geometry="recent-8k" table="directory" seconds=0.000271591 stage="publish_parameters"
2026-09-09T19:54:01.627462Z DEBUG transparent_shard_server::runtime: runtime stage key=("b16be2933ab920bc4745ea8917e5167a7a685c211e0b4febe88b4d3018f970bc", Directory, 0) seconds=2.840213597 stage="runtime_build"
2026-09-09T19:54:01.627493Z DEBUG transparent_shard_server::runtime: runtime stage key=("b16be2933ab920bc4745ea8917e5167a7a685c211e0b4febe88b4d3018f970bc", Directory, 0) reserved_bytes=136314880 stage="serialization_handoff"
2026-09-09T19:54:01.627531Z DEBUG transparent_shard_server::runtime: runtime stage key=("b16be2933ab920bc4745ea8917e5167a7a685c211e0b4febe88b4d3018f970bc", Pages, 0) seconds=8.240881053 stage="build_slot"
2026-09-09T19:54:01.627637Z DEBUG transparent_shard_server::memory: cold build admission wait seconds=7.6323e-5 admitted=true
2026-09-09T19:54:01.767877Z DEBUG transparent_shard_server::runtime: runtime stage key=("b16be2933ab920bc4745ea8917e5167a7a685c211e0b4febe88b4d3018f970bc", Pages, 0) seconds=0.140220605 stage="source_load"
2026-09-09T19:54:02.064819Z DEBUG transparent_shard_server::runtime: construction stage geometry="recent-8k" table="pages" seconds=0.296899322 stage="encode_database"
2026-09-09T19:54:02.064920Z DEBUG transparent_shard_server::runtime: construction stage geometry="recent-8k" table="pages" seconds=7.3475e-5 stage="public_setup"
2026-09-09T19:54:02.360362Z DEBUG transparent_shard_server::runtime: runtime stage key=("b16be2933ab920bc4745ea8917e5167a7a685c211e0b4febe88b4d3018f970bc", Directory, 0) seconds=0.732862032 stage="disk_save"
2026-09-09T19:54:02.363218Z DEBUG transparent_shard_server::runtime: runtime stage key=("1cd27964911287b2a127c1f8df5e6b0c19f5b4db309391c5adb2db3072bfec6e", Directory, 0) seconds=1.684e-6 stage="restore_slot"
2026-09-09T19:54:02.363365Z DEBUG transparent_shard_server::runtime: runtime stage key=("1cd27964911287b2a127c1f8df5e6b0c19f5b4db309391c5adb2db3072bfec6e", Directory, 0) seconds=3.8429e-5 hit=false stage="disk_restore"
2026-09-09T19:54:02.722404Z DEBUG transparent_shard_server::runtime: construction stage geometry="recent-8k" table="pages" seconds=0.657476883 stage="hint_columns"
2026-09-09T19:54:04.685103Z DEBUG transparent_shard_server::runtime: construction stage geometry="recent-8k" table="pages" seconds=1.96265885 stage="pack_preprocessing"
2026-09-09T19:54:04.685422Z DEBUG transparent_shard_server::runtime: construction stage geometry="recent-8k" table="pages" seconds=0.000281908 stage="publish_parameters"
2026-09-09T19:54:04.686153Z DEBUG transparent_shard_server::runtime: runtime stage key=("b16be2933ab920bc4745ea8917e5167a7a685c211e0b4febe88b4d3018f970bc", Pages, 0) seconds=2.918235307 stage="runtime_build"
2026-09-09T19:54:04.686199Z DEBUG transparent_shard_server::runtime: runtime stage key=("16b8227360ce35dd2e111156f5e31fd5eb500ff877879a212fef6cf8471de8a5", Directory, 0) seconds=8.289831211 stage="build_slot"
2026-09-09T19:54:04.686287Z DEBUG transparent_shard_server::memory: cold build admission wait seconds=7.7853e-5 admitted=true
2026-09-09T19:54:04.686308Z DEBUG transparent_shard_server::runtime: runtime stage key=("b16be2933ab920bc4745ea8917e5167a7a685c211e0b4febe88b4d3018f970bc", Pages, 0) reserved_bytes=136314880 stage="serialization_handoff"
2026-09-09T19:54:04.821873Z DEBUG transparent_shard_server::runtime: runtime stage key=("16b8227360ce35dd2e111156f5e31fd5eb500ff877879a212fef6cf8471de8a5", Directory, 0) seconds=0.135423416 stage="source_load"
2026-09-09T19:54:05.120810Z DEBUG transparent_shard_server::runtime: construction stage geometry="recent-8k" table="directory" seconds=0.298906417 stage="encode_database"
2026-09-09T19:54:05.120908Z DEBUG transparent_shard_server::runtime: construction stage geometry="recent-8k" table="directory" seconds=7.2154e-5 stage="public_setup"
2026-09-09T19:54:05.412220Z DEBUG transparent_shard_server::runtime: runtime stage key=("b16be2933ab920bc4745ea8917e5167a7a685c211e0b4febe88b4d3018f970bc", Pages, 0) seconds=0.725906447 stage="disk_save"
2026-09-09T19:54:05.412287Z DEBUG transparent_shard_server::runtime: runtime stage key=("1cd27964911287b2a127c1f8df5e6b0c19f5b4db309391c5adb2db3072bfec6e", Pages, 0) seconds=1.579e-6 stage="restore_slot"
2026-09-09T19:54:05.412405Z DEBUG transparent_shard_server::runtime: runtime stage key=("1cd27964911287b2a127c1f8df5e6b0c19f5b4db309391c5adb2db3072bfec6e", Pages, 0) seconds=3.8731e-5 hit=false stage="disk_restore"
2026-09-09T19:54:05.710546Z DEBUG transparent_shard_server::runtime: construction stage geometry="recent-8k" table="directory" seconds=0.589630512 stage="hint_columns"
2026-09-09T19:54:07.676491Z DEBUG transparent_shard_server::runtime: construction stage geometry="recent-8k" table="directory" seconds=1.9659050580000001 stage="pack_preprocessing"
2026-09-09T19:54:07.676812Z DEBUG transparent_shard_server::runtime: construction stage geometry="recent-8k" table="directory" seconds=0.000281477 stage="publish_parameters"
2026-09-09T19:54:07.677561Z DEBUG transparent_shard_server::runtime: runtime stage key=("16b8227360ce35dd2e111156f5e31fd5eb500ff877879a212fef6cf8471de8a5", Directory, 0) seconds=2.855659295 stage="runtime_build"
2026-09-09T19:54:07.677601Z DEBUG transparent_shard_server::runtime: runtime stage key=("16b8227360ce35dd2e111156f5e31fd5eb500ff877879a212fef6cf8471de8a5", Directory, 0) reserved_bytes=136314880 stage="serialization_handoff"
2026-09-09T19:54:07.677650Z DEBUG transparent_shard_server::runtime: runtime stage key=("16b8227360ce35dd2e111156f5e31fd5eb500ff877879a212fef6cf8471de8a5", Pages, 0) seconds=8.288205672 stage="build_slot"
2026-09-09T19:54:07.677754Z DEBUG transparent_shard_server::memory: cold build admission wait seconds=7.935e-5 admitted=true
2026-09-09T19:54:07.819098Z DEBUG transparent_shard_server::runtime: runtime stage key=("16b8227360ce35dd2e111156f5e31fd5eb500ff877879a212fef6cf8471de8a5", Pages, 0) seconds=0.141327811 stage="source_load"
2026-09-09T19:54:08.113645Z DEBUG transparent_shard_server::runtime: construction stage geometry="recent-8k" table="pages" seconds=0.294513251 stage="encode_database"
2026-09-09T19:54:08.113753Z DEBUG transparent_shard_server::runtime: construction stage geometry="recent-8k" table="pages" seconds=7.565e-5 stage="public_setup"
2026-09-09T19:54:08.408163Z DEBUG transparent_shard_server::runtime: runtime stage key=("16b8227360ce35dd2e111156f5e31fd5eb500ff877879a212fef6cf8471de8a5", Directory, 0) seconds=0.730555054 stage="disk_save"
2026-09-09T19:54:08.409202Z DEBUG transparent_shard_server::runtime: runtime stage key=("27f56c565263ecffb8c7736d4e811665d81bf4ed71c7978431fcc4f45b645ee1", Directory, 0) seconds=1.915e-6 stage="restore_slot"
2026-09-09T19:54:08.409330Z DEBUG transparent_shard_server::runtime: runtime stage key=("27f56c565263ecffb8c7736d4e811665d81bf4ed71c7978431fcc4f45b645ee1", Directory, 0) seconds=2.6331e-5 hit=false stage="disk_restore"
2026-09-09T19:54:08.744689Z DEBUG transparent_shard_server::runtime: construction stage geometry="recent-8k" table="pages" seconds=0.630928942 stage="hint_columns"
2026-09-09T19:54:10.747477Z DEBUG transparent_shard_server::runtime: construction stage geometry="recent-8k" table="pages" seconds=2.002729132 stage="pack_preprocessing"
2026-09-09T19:54:10.747793Z DEBUG transparent_shard_server::runtime: construction stage geometry="recent-8k" table="pages" seconds=0.000268423 stage="publish_parameters"
2026-09-09T19:54:10.748552Z DEBUG transparent_shard_server::runtime: runtime stage key=("16b8227360ce35dd2e111156f5e31fd5eb500ff877879a212fef6cf8471de8a5", Pages, 0) seconds=2.929422317 stage="runtime_build"
2026-09-09T19:54:10.748597Z DEBUG transparent_shard_server::runtime: runtime stage key=("1cd27964911287b2a127c1f8df5e6b0c19f5b4db309391c5adb2db3072bfec6e", Directory, 0) seconds=8.38520756 stage="build_slot"
2026-09-09T19:54:10.748684Z DEBUG transparent_shard_server::memory: cold build admission wait seconds=8.2604e-5 admitted=true
2026-09-09T19:54:10.748707Z DEBUG transparent_shard_server::runtime: runtime stage key=("16b8227360ce35dd2e111156f5e31fd5eb500ff877879a212fef6cf8471de8a5", Pages, 0) reserved_bytes=136314880 stage="serialization_handoff"
2026-09-09T19:54:10.886734Z DEBUG transparent_shard_server::runtime: runtime stage key=("1cd27964911287b2a127c1f8df5e6b0c19f5b4db309391c5adb2db3072bfec6e", Directory, 0) seconds=0.137997906 stage="source_load"
2026-09-09T19:54:11.181424Z DEBUG transparent_shard_server::runtime: construction stage geometry="recent-8k" table="directory" seconds=0.294654924 stage="encode_database"
2026-09-09T19:54:11.181532Z DEBUG transparent_shard_server::runtime: construction stage geometry="recent-8k" table="directory" seconds=7.646e-5 stage="public_setup"
2026-09-09T19:54:11.489708Z DEBUG transparent_shard_server::runtime: runtime stage key=("16b8227360ce35dd2e111156f5e31fd5eb500ff877879a212fef6cf8471de8a5", Pages, 0) seconds=0.740993911 stage="disk_save"
2026-09-09T19:54:11.489787Z DEBUG transparent_shard_server::runtime: runtime stage key=("27f56c565263ecffb8c7736d4e811665d81bf4ed71c7978431fcc4f45b645ee1", Pages, 0) seconds=1.465e-6 stage="restore_slot"
2026-09-09T19:54:11.489932Z DEBUG transparent_shard_server::runtime: runtime stage key=("27f56c565263ecffb8c7736d4e811665d81bf4ed71c7978431fcc4f45b645ee1", Pages, 0) seconds=5.2872e-5 hit=false stage="disk_restore"
2026-09-09T19:54:11.780111Z DEBUG transparent_shard_server::runtime: construction stage geometry="recent-8k" table="directory" seconds=0.59857116 stage="hint_columns"
2026-09-09T19:54:13.746783Z DEBUG transparent_shard_server::runtime: construction stage geometry="recent-8k" table="directory" seconds=1.966628601 stage="pack_preprocessing"
2026-09-09T19:54:13.747072Z DEBUG transparent_shard_server::runtime: construction stage geometry="recent-8k" table="directory" seconds=0.000251921 stage="publish_parameters"
2026-09-09T19:54:13.747935Z DEBUG transparent_shard_server::runtime: runtime stage key=("1cd27964911287b2a127c1f8df5e6b0c19f5b4db309391c5adb2db3072bfec6e", Directory, 0) seconds=2.861167816 stage="runtime_build"
2026-09-09T19:54:13.747991Z DEBUG transparent_shard_server::runtime: runtime stage key=("1cd27964911287b2a127c1f8df5e6b0c19f5b4db309391c5adb2db3072bfec6e", Directory, 0) reserved_bytes=136314880 stage="serialization_handoff"
2026-09-09T19:54:13.748103Z DEBUG transparent_shard_server::runtime: runtime stage key=("1cd27964911287b2a127c1f8df5e6b0c19f5b4db309391c5adb2db3072bfec6e", Pages, 0) seconds=8.335663632 stage="build_slot"
2026-09-09T19:54:13.748217Z DEBUG transparent_shard_server::memory: cold build admission wait seconds=9.2706e-5 admitted=true
2026-09-09T19:54:13.884201Z DEBUG transparent_shard_server::runtime: runtime stage key=("1cd27964911287b2a127c1f8df5e6b0c19f5b4db309391c5adb2db3072bfec6e", Pages, 0) seconds=0.135844987 stage="source_load"
2026-09-09T19:54:14.179346Z DEBUG transparent_shard_server::runtime: construction stage geometry="recent-8k" table="pages" seconds=0.29511493 stage="encode_database"
2026-09-09T19:54:14.179446Z DEBUG transparent_shard_server::runtime: construction stage geometry="recent-8k" table="pages" seconds=7.2516e-5 stage="public_setup"
2026-09-09T19:54:14.482662Z DEBUG transparent_shard_server::runtime: runtime stage key=("1cd27964911287b2a127c1f8df5e6b0c19f5b4db309391c5adb2db3072bfec6e", Directory, 0) seconds=0.734665334 stage="disk_save"
2026-09-09T19:54:14.483224Z DEBUG transparent_shard_server::runtime: runtime stage key=("ced665ae1f1140944bcd0c9aa2b83c1019df768df87fa513f9509106fc5b88c1", Directory, 0) seconds=1.648e-6 stage="restore_slot"
2026-09-09T19:54:14.483381Z DEBUG transparent_shard_server::runtime: runtime stage key=("ced665ae1f1140944bcd0c9aa2b83c1019df768df87fa513f9509106fc5b88c1", Directory, 0) seconds=2.4306e-5 hit=false stage="disk_restore"
2026-09-09T19:54:14.814246Z DEBUG transparent_shard_server::runtime: construction stage geometry="recent-8k" table="pages" seconds=0.634792704 stage="hint_columns"
2026-09-09T19:54:16.798494Z DEBUG transparent_shard_server::runtime: construction stage geometry="recent-8k" table="pages" seconds=1.984206425 stage="pack_preprocessing"
2026-09-09T19:54:16.798787Z DEBUG transparent_shard_server::runtime: construction stage geometry="recent-8k" table="pages" seconds=0.000252057 stage="publish_parameters"
2026-09-09T19:54:16.799555Z DEBUG transparent_shard_server::runtime: runtime stage key=("1cd27964911287b2a127c1f8df5e6b0c19f5b4db309391c5adb2db3072bfec6e", Pages, 0) seconds=2.915326416 stage="runtime_build"
2026-09-09T19:54:16.799586Z DEBUG transparent_shard_server::runtime: runtime stage key=("1cd27964911287b2a127c1f8df5e6b0c19f5b4db309391c5adb2db3072bfec6e", Pages, 0) reserved_bytes=136314880 stage="serialization_handoff"
2026-09-09T19:54:16.799713Z DEBUG transparent_shard_server::runtime: runtime stage key=("27f56c565263ecffb8c7736d4e811665d81bf4ed71c7978431fcc4f45b645ee1", Directory, 0) seconds=8.390362563 stage="build_slot"
2026-09-09T19:54:16.799819Z DEBUG transparent_shard_server::memory: cold build admission wait seconds=8.2463e-5 admitted=true
2026-09-09T19:54:16.943063Z DEBUG transparent_shard_server::runtime: runtime stage key=("27f56c565263ecffb8c7736d4e811665d81bf4ed71c7978431fcc4f45b645ee1", Directory, 0) seconds=0.140881071 stage="source_load"
2026-09-09T19:54:17.246247Z DEBUG transparent_shard_server::runtime: construction stage geometry="recent-8k" table="directory" seconds=0.303146524 stage="encode_database"
2026-09-09T19:54:17.246369Z DEBUG transparent_shard_server::runtime: construction stage geometry="recent-8k" table="directory" seconds=7.4908e-5 stage="public_setup"
2026-09-09T19:54:17.528044Z DEBUG transparent_shard_server::runtime: runtime stage key=("1cd27964911287b2a127c1f8df5e6b0c19f5b4db309391c5adb2db3072bfec6e", Pages, 0) seconds=0.728452081 stage="disk_save"
2026-09-09T19:54:17.529206Z DEBUG transparent_shard_server::runtime: runtime stage key=("ced665ae1f1140944bcd0c9aa2b83c1019df768df87fa513f9509106fc5b88c1", Pages, 0) seconds=1.971e-6 stage="restore_slot"
2026-09-09T19:54:17.529372Z DEBUG transparent_shard_server::runtime: runtime stage key=("ced665ae1f1140944bcd0c9aa2b83c1019df768df87fa513f9509106fc5b88c1", Pages, 0) seconds=3.3145e-5 hit=false stage="disk_restore"
2026-09-09T19:54:17.841100Z DEBUG transparent_shard_server::runtime: construction stage geometry="recent-8k" table="directory" seconds=0.594722917 stage="hint_columns"
2026-09-09T19:54:19.810610Z DEBUG transparent_shard_server::runtime: construction stage geometry="recent-8k" table="directory" seconds=1.9694681539999999 stage="pack_preprocessing"
2026-09-09T19:54:19.810920Z DEBUG transparent_shard_server::runtime: construction stage geometry="recent-8k" table="directory" seconds=0.00025323 stage="publish_parameters"
2026-09-09T19:54:19.811655Z DEBUG transparent_shard_server::runtime: runtime stage key=("27f56c565263ecffb8c7736d4e811665d81bf4ed71c7978431fcc4f45b645ee1", Directory, 0) seconds=2.868556948 stage="runtime_build"
2026-09-09T19:54:19.811684Z DEBUG transparent_shard_server::runtime: runtime stage key=("27f56c565263ecffb8c7736d4e811665d81bf4ed71c7978431fcc4f45b645ee1", Directory, 0) reserved_bytes=136314880 stage="serialization_handoff"
2026-09-09T19:54:19.811729Z DEBUG transparent_shard_server::runtime: runtime stage key=("27f56c565263ecffb8c7736d4e811665d81bf4ed71c7978431fcc4f45b645ee1", Pages, 0) seconds=8.321743424 stage="build_slot"
2026-09-09T19:54:19.811833Z DEBUG transparent_shard_server::memory: cold build admission wait seconds=8.1107e-5 admitted=true
2026-09-09T19:54:19.949749Z DEBUG transparent_shard_server::runtime: runtime stage key=("27f56c565263ecffb8c7736d4e811665d81bf4ed71c7978431fcc4f45b645ee1", Pages, 0) seconds=0.137900483 stage="source_load"
2026-09-09T19:54:20.272670Z DEBUG transparent_shard_server::runtime: construction stage geometry="recent-8k" table="pages" seconds=0.322885525 stage="encode_database"
2026-09-09T19:54:20.272795Z DEBUG transparent_shard_server::runtime: construction stage geometry="recent-8k" table="pages" seconds=9.2642e-5 stage="public_setup"
2026-09-09T19:54:20.534199Z DEBUG transparent_shard_server::runtime: runtime stage key=("27f56c565263ecffb8c7736d4e811665d81bf4ed71c7978431fcc4f45b645ee1", Directory, 0) seconds=0.72250853 stage="disk_save"
2026-09-09T19:54:20.535203Z DEBUG transparent_shard_server::runtime: runtime stage key=("2d4497bf9e8bafc6139ee4e57114238a7ecfa0782702939922bf2a79b1fe05bf", Directory, 0) seconds=1.318e-6 stage="restore_slot"
2026-09-09T19:54:20.535357Z DEBUG transparent_shard_server::runtime: runtime stage key=("2d4497bf9e8bafc6139ee4e57114238a7ecfa0782702939922bf2a79b1fe05bf", Directory, 0) seconds=3.9415e-5 hit=false stage="disk_restore"
2026-09-09T19:54:20.889218Z DEBUG transparent_shard_server::runtime: construction stage geometry="recent-8k" table="pages" seconds=0.61641577 stage="hint_columns"
2026-09-09T19:54:22.835394Z DEBUG transparent_shard_server::runtime: construction stage geometry="recent-8k" table="pages" seconds=1.946132838 stage="pack_preprocessing"
2026-09-09T19:54:22.835687Z DEBUG transparent_shard_server::runtime: construction stage geometry="recent-8k" table="pages" seconds=0.000241359 stage="publish_parameters"
2026-09-09T19:54:22.836420Z DEBUG transparent_shard_server::runtime: runtime stage key=("27f56c565263ecffb8c7736d4e811665d81bf4ed71c7978431fcc4f45b645ee1", Pages, 0) seconds=2.886637545 stage="runtime_build"
2026-09-09T19:54:22.836464Z DEBUG transparent_shard_server::runtime: runtime stage key=("ced665ae1f1140944bcd0c9aa2b83c1019df768df87fa513f9509106fc5b88c1", Directory, 0) seconds=8.353065346 stage="build_slot"
2026-09-09T19:54:22.836555Z DEBUG transparent_shard_server::memory: cold build admission wait seconds=7.5042e-5 admitted=true
2026-09-09T19:54:22.836571Z DEBUG transparent_shard_server::runtime: runtime stage key=("27f56c565263ecffb8c7736d4e811665d81bf4ed71c7978431fcc4f45b645ee1", Pages, 0) reserved_bytes=136314880 stage="serialization_handoff"
2026-09-09T19:54:22.970957Z DEBUG transparent_shard_server::runtime: runtime stage key=("ced665ae1f1140944bcd0c9aa2b83c1019df768df87fa513f9509106fc5b88c1", Directory, 0) seconds=0.134293831 stage="source_load"
test burst::publication_burst_under_exact_load has been running for over 60 seconds
2026-09-09T19:54:23.274109Z DEBUG transparent_shard_server::runtime: construction stage geometry="recent-8k" table="directory" seconds=0.303124166 stage="encode_database"
2026-09-09T19:54:23.274224Z DEBUG transparent_shard_server::runtime: construction stage geometry="recent-8k" table="directory" seconds=8.7554e-5 stage="public_setup"
2026-09-09T19:54:23.568189Z DEBUG transparent_shard_server::runtime: runtime stage key=("27f56c565263ecffb8c7736d4e811665d81bf4ed71c7978431fcc4f45b645ee1", Pages, 0) seconds=0.731612178 stage="disk_save"
2026-09-09T19:54:23.568258Z DEBUG transparent_shard_server::runtime: runtime stage key=("2d4497bf9e8bafc6139ee4e57114238a7ecfa0782702939922bf2a79b1fe05bf", Pages, 0) seconds=1.542e-6 stage="restore_slot"
2026-09-09T19:54:23.568388Z DEBUG transparent_shard_server::runtime: runtime stage key=("2d4497bf9e8bafc6139ee4e57114238a7ecfa0782702939922bf2a79b1fe05bf", Pages, 0) seconds=4.5048e-5 hit=false stage="disk_restore"
2026-09-09T19:54:23.863707Z DEBUG transparent_shard_server::runtime: construction stage geometry="recent-8k" table="directory" seconds=0.589475896 stage="hint_columns"
2026-09-09T19:54:25.894995Z DEBUG transparent_shard_server::runtime: construction stage geometry="recent-8k" table="directory" seconds=2.031254002 stage="pack_preprocessing"
2026-09-09T19:54:25.895293Z DEBUG transparent_shard_server::runtime: construction stage geometry="recent-8k" table="directory" seconds=0.0002593 stage="publish_parameters"
2026-09-09T19:54:25.896011Z DEBUG transparent_shard_server::runtime: runtime stage key=("ced665ae1f1140944bcd0c9aa2b83c1019df768df87fa513f9509106fc5b88c1", Directory, 0) seconds=2.925027965 stage="runtime_build"
2026-09-09T19:54:25.896034Z DEBUG transparent_shard_server::runtime: runtime stage key=("ced665ae1f1140944bcd0c9aa2b83c1019df768df87fa513f9509106fc5b88c1", Directory, 0) reserved_bytes=136314880 stage="serialization_handoff"
2026-09-09T19:54:25.896158Z DEBUG transparent_shard_server::runtime: runtime stage key=("ced665ae1f1140944bcd0c9aa2b83c1019df768df87fa513f9509106fc5b88c1", Pages, 0) seconds=8.366760303 stage="build_slot"
2026-09-09T19:54:25.896294Z DEBUG transparent_shard_server::memory: cold build admission wait seconds=7.8174e-5 admitted=true
2026-09-09T19:54:26.036651Z DEBUG transparent_shard_server::runtime: runtime stage key=("ced665ae1f1140944bcd0c9aa2b83c1019df768df87fa513f9509106fc5b88c1", Pages, 0) seconds=0.140328144 stage="source_load"
2026-09-09T19:54:26.335082Z DEBUG transparent_shard_server::runtime: construction stage geometry="recent-8k" table="pages" seconds=0.29840296 stage="encode_database"
2026-09-09T19:54:26.335192Z DEBUG transparent_shard_server::runtime: construction stage geometry="recent-8k" table="pages" seconds=8.2155e-5 stage="public_setup"
2026-09-09T19:54:26.612822Z DEBUG transparent_shard_server::runtime: runtime stage key=("ced665ae1f1140944bcd0c9aa2b83c1019df768df87fa513f9509106fc5b88c1", Directory, 0) seconds=0.716782058 stage="disk_save"
2026-09-09T19:54:26.615196Z DEBUG transparent_shard_server::runtime: runtime stage key=("a4bd72b37c0aafb265c77bb09cbc402cf69b65a87a1fabc8a0f12614b35469be", Directory, 0) seconds=1.918e-6 stage="restore_slot"
2026-09-09T19:54:26.615352Z DEBUG transparent_shard_server::runtime: runtime stage key=("a4bd72b37c0aafb265c77bb09cbc402cf69b65a87a1fabc8a0f12614b35469be", Directory, 0) seconds=2.3628e-5 hit=false stage="disk_restore"
2026-09-09T19:54:26.979868Z DEBUG transparent_shard_server::runtime: construction stage geometry="recent-8k" table="pages" seconds=0.644667468 stage="hint_columns"
2026-09-09T19:54:28.909746Z DEBUG transparent_shard_server::runtime: construction stage geometry="recent-8k" table="pages" seconds=1.9298383380000002 stage="pack_preprocessing"
2026-09-09T19:54:28.910058Z DEBUG transparent_shard_server::runtime: construction stage geometry="recent-8k" table="pages" seconds=0.000269698 stage="publish_parameters"
2026-09-09T19:54:28.910809Z DEBUG transparent_shard_server::runtime: runtime stage key=("ced665ae1f1140944bcd0c9aa2b83c1019df768df87fa513f9509106fc5b88c1", Pages, 0) seconds=2.874131255 stage="runtime_build"
2026-09-09T19:54:28.910852Z DEBUG transparent_shard_server::runtime: runtime stage key=("2d4497bf9e8bafc6139ee4e57114238a7ecfa0782702939922bf2a79b1fe05bf", Directory, 0) seconds=8.375466016 stage="build_slot"
2026-09-09T19:54:28.910947Z DEBUG transparent_shard_server::memory: cold build admission wait seconds=8.9858e-5 admitted=true
2026-09-09T19:54:28.910978Z DEBUG transparent_shard_server::runtime: runtime stage key=("ced665ae1f1140944bcd0c9aa2b83c1019df768df87fa513f9509106fc5b88c1", Pages, 0) reserved_bytes=136314880 stage="serialization_handoff"
2026-09-09T19:54:29.047140Z DEBUG transparent_shard_server::runtime: runtime stage key=("2d4497bf9e8bafc6139ee4e57114238a7ecfa0782702939922bf2a79b1fe05bf", Directory, 0) seconds=0.136047505 stage="source_load"
2026-09-09T19:54:29.344786Z DEBUG transparent_shard_server::runtime: construction stage geometry="recent-8k" table="directory" seconds=0.297610541 stage="encode_database"
2026-09-09T19:54:29.344891Z DEBUG transparent_shard_server::runtime: construction stage geometry="recent-8k" table="directory" seconds=7.4194e-5 stage="public_setup"
2026-09-09T19:54:29.625820Z DEBUG transparent_shard_server::runtime: runtime stage key=("ced665ae1f1140944bcd0c9aa2b83c1019df768df87fa513f9509106fc5b88c1", Pages, 0) seconds=0.714835076 stage="disk_save"
2026-09-09T19:54:29.625886Z DEBUG transparent_shard_server::runtime: runtime stage key=("a4bd72b37c0aafb265c77bb09cbc402cf69b65a87a1fabc8a0f12614b35469be", Pages, 0) seconds=1.781e-6 stage="restore_slot"
2026-09-09T19:54:29.626019Z DEBUG transparent_shard_server::runtime: runtime stage key=("a4bd72b37c0aafb265c77bb09cbc402cf69b65a87a1fabc8a0f12614b35469be", Pages, 0) seconds=4.5453e-5 hit=false stage="disk_restore"
2026-09-09T19:54:29.918744Z DEBUG transparent_shard_server::runtime: construction stage geometry="recent-8k" table="directory" seconds=0.573844489 stage="hint_columns"
2026-09-09T19:54:31.879149Z DEBUG transparent_shard_server::runtime: construction stage geometry="recent-8k" table="directory" seconds=1.960361818 stage="pack_preprocessing"
2026-09-09T19:54:31.879447Z DEBUG transparent_shard_server::runtime: construction stage geometry="recent-8k" table="directory" seconds=0.00024968 stage="publish_parameters"
2026-09-09T19:54:31.880214Z DEBUG transparent_shard_server::runtime: runtime stage key=("2d4497bf9e8bafc6139ee4e57114238a7ecfa0782702939922bf2a79b1fe05bf", Directory, 0) seconds=2.833041204 stage="runtime_build"
2026-09-09T19:54:31.880240Z DEBUG transparent_shard_server::runtime: runtime stage key=("2d4497bf9e8bafc6139ee4e57114238a7ecfa0782702939922bf2a79b1fe05bf", Directory, 0) reserved_bytes=136314880 stage="serialization_handoff"
2026-09-09T19:54:31.880355Z DEBUG transparent_shard_server::runtime: runtime stage key=("2d4497bf9e8bafc6139ee4e57114238a7ecfa0782702939922bf2a79b1fe05bf", Pages, 0) seconds=8.311933067 stage="build_slot"
2026-09-09T19:54:31.880463Z DEBUG transparent_shard_server::memory: cold build admission wait seconds=7.8427e-5 admitted=true
2026-09-09T19:54:32.016213Z DEBUG transparent_shard_server::runtime: runtime stage key=("2d4497bf9e8bafc6139ee4e57114238a7ecfa0782702939922bf2a79b1fe05bf", Pages, 0) seconds=0.135729501 stage="source_load"
2026-09-09T19:54:32.315173Z DEBUG transparent_shard_server::runtime: construction stage geometry="recent-8k" table="pages" seconds=0.2989288 stage="encode_database"
2026-09-09T19:54:32.315291Z DEBUG transparent_shard_server::runtime: construction stage geometry="recent-8k" table="pages" seconds=7.3035e-5 stage="public_setup"
2026-09-09T19:54:32.646134Z DEBUG transparent_shard_server::runtime: runtime stage key=("2d4497bf9e8bafc6139ee4e57114238a7ecfa0782702939922bf2a79b1fe05bf", Directory, 0) seconds=0.765887628 stage="disk_save"
2026-09-09T19:54:32.649201Z DEBUG transparent_shard_server::runtime: runtime stage key=("c907a0aa45b2551520863990845279fd25135889865e088c2dad6ea0d32b8fde", Directory, 0) seconds=1.696e-6 stage="restore_slot"
2026-09-09T19:54:32.649342Z DEBUG transparent_shard_server::runtime: runtime stage key=("c907a0aa45b2551520863990845279fd25135889865e088c2dad6ea0d32b8fde", Directory, 0) seconds=2.8468e-5 hit=false stage="disk_restore"
2026-09-09T19:54:32.966122Z DEBUG transparent_shard_server::runtime: construction stage geometry="recent-8k" table="pages" seconds=0.650822809 stage="hint_columns"
2026-09-09T19:54:34.939684Z DEBUG transparent_shard_server::runtime: construction stage geometry="recent-8k" table="pages" seconds=1.97350344 stage="pack_preprocessing"
2026-09-09T19:54:34.939989Z DEBUG transparent_shard_server::runtime: construction stage geometry="recent-8k" table="pages" seconds=0.000269277 stage="publish_parameters"
2026-09-09T19:54:34.940743Z DEBUG transparent_shard_server::runtime: runtime stage key=("2d4497bf9e8bafc6139ee4e57114238a7ecfa0782702939922bf2a79b1fe05bf", Pages, 0) seconds=2.9245002319999998 stage="runtime_build"
2026-09-09T19:54:34.940786Z DEBUG transparent_shard_server::runtime: runtime stage key=("a4bd72b37c0aafb265c77bb09cbc402cf69b65a87a1fabc8a0f12614b35469be", Directory, 0) seconds=8.325408217 stage="build_slot"
2026-09-09T19:54:34.940887Z DEBUG transparent_shard_server::memory: cold build admission wait seconds=9.5256e-5 admitted=true
2026-09-09T19:54:34.940909Z DEBUG transparent_shard_server::runtime: runtime stage key=("2d4497bf9e8bafc6139ee4e57114238a7ecfa0782702939922bf2a79b1fe05bf", Pages, 0) reserved_bytes=136314880 stage="serialization_handoff"
2026-09-09T19:54:35.074792Z DEBUG transparent_shard_server::runtime: runtime stage key=("a4bd72b37c0aafb265c77bb09cbc402cf69b65a87a1fabc8a0f12614b35469be", Directory, 0) seconds=0.133875378 stage="source_load"
2026-09-09T19:54:35.378122Z DEBUG transparent_shard_server::runtime: construction stage geometry="recent-8k" table="directory" seconds=0.303300193 stage="encode_database"
2026-09-09T19:54:35.378228Z DEBUG transparent_shard_server::runtime: construction stage geometry="recent-8k" table="directory" seconds=7.9594e-5 stage="public_setup"
2026-09-09T19:54:35.668212Z DEBUG transparent_shard_server::runtime: runtime stage key=("2d4497bf9e8bafc6139ee4e57114238a7ecfa0782702939922bf2a79b1fe05bf", Pages, 0) seconds=0.727297642 stage="disk_save"
2026-09-09T19:54:35.668280Z DEBUG transparent_shard_server::runtime: runtime stage key=("c907a0aa45b2551520863990845279fd25135889865e088c2dad6ea0d32b8fde", Pages, 0) seconds=1.929e-6 stage="restore_slot"
2026-09-09T19:54:35.668414Z DEBUG transparent_shard_server::runtime: runtime stage key=("c907a0aa45b2551520863990845279fd25135889865e088c2dad6ea0d32b8fde", Pages, 0) seconds=4.6362e-5 hit=false stage="disk_restore"
2026-09-09T19:54:35.958876Z DEBUG transparent_shard_server::runtime: construction stage geometry="recent-8k" table="directory" seconds=0.580640349 stage="hint_columns"
2026-09-09T19:54:37.930877Z DEBUG transparent_shard_server::runtime: construction stage geometry="recent-8k" table="directory" seconds=1.9719575040000001 stage="pack_preprocessing"
2026-09-09T19:54:37.931225Z DEBUG transparent_shard_server::runtime: construction stage geometry="recent-8k" table="directory" seconds=0.000312987 stage="publish_parameters"
2026-09-09T19:54:37.931926Z DEBUG transparent_shard_server::runtime: runtime stage key=("a4bd72b37c0aafb265c77bb09cbc402cf69b65a87a1fabc8a0f12614b35469be", Directory, 0) seconds=2.857106012 stage="runtime_build"
2026-09-09T19:54:37.931963Z DEBUG transparent_shard_server::runtime: runtime stage key=("a4bd72b37c0aafb265c77bb09cbc402cf69b65a87a1fabc8a0f12614b35469be", Directory, 0) reserved_bytes=136314880 stage="serialization_handoff"
2026-09-09T19:54:37.932083Z DEBUG transparent_shard_server::runtime: runtime stage key=("a4bd72b37c0aafb265c77bb09cbc402cf69b65a87a1fabc8a0f12614b35469be", Pages, 0) seconds=8.306022493 stage="build_slot"
2026-09-09T19:54:37.932192Z DEBUG transparent_shard_server::memory: cold build admission wait seconds=8.6783e-5 admitted=true
2026-09-09T19:54:38.069432Z DEBUG transparent_shard_server::runtime: runtime stage key=("a4bd72b37c0aafb265c77bb09cbc402cf69b65a87a1fabc8a0f12614b35469be", Pages, 0) seconds=0.137215509 stage="source_load"
2026-09-09T19:54:38.369690Z DEBUG transparent_shard_server::runtime: construction stage geometry="recent-8k" table="pages" seconds=0.300227988 stage="encode_database"
2026-09-09T19:54:38.369790Z DEBUG transparent_shard_server::runtime: construction stage geometry="recent-8k" table="pages" seconds=7.4007e-5 stage="public_setup"
2026-09-09T19:54:38.836764Z DEBUG transparent_shard_server::runtime: runtime stage key=("a4bd72b37c0aafb265c77bb09cbc402cf69b65a87a1fabc8a0f12614b35469be", Directory, 0) seconds=0.904795428 stage="disk_save"
2026-09-09T19:54:38.839211Z DEBUG transparent_shard_server::runtime: runtime stage key=("67574e8d4c7f7c258f8c7488f73e80a9476f8074c3db3540325133ff25020c2b", Directory, 0) seconds=1.772e-6 stage="restore_slot"
2026-09-09T19:54:38.839338Z DEBUG transparent_shard_server::runtime: runtime stage key=("67574e8d4c7f7c258f8c7488f73e80a9476f8074c3db3540325133ff25020c2b", Directory, 0) seconds=2.4084e-5 hit=false stage="disk_restore"
2026-09-09T19:54:38.982336Z DEBUG transparent_shard_server::runtime: construction stage geometry="recent-8k" table="pages" seconds=0.612539993 stage="hint_columns"
2026-09-09T19:54:40.953933Z DEBUG transparent_shard_server::runtime: construction stage geometry="recent-8k" table="pages" seconds=1.9715595750000001 stage="pack_preprocessing"
2026-09-09T19:54:40.954309Z DEBUG transparent_shard_server::runtime: construction stage geometry="recent-8k" table="pages" seconds=0.000335533 stage="publish_parameters"
2026-09-09T19:54:40.955050Z DEBUG transparent_shard_server::runtime: runtime stage key=("a4bd72b37c0aafb265c77bb09cbc402cf69b65a87a1fabc8a0f12614b35469be", Pages, 0) seconds=2.885589364 stage="runtime_build"
2026-09-09T19:54:40.955102Z DEBUG transparent_shard_server::runtime: runtime stage key=("c907a0aa45b2551520863990845279fd25135889865e088c2dad6ea0d32b8fde", Directory, 0) seconds=8.305742502 stage="build_slot"
2026-09-09T19:54:40.955188Z DEBUG transparent_shard_server::memory: cold build admission wait seconds=8.1988e-5 admitted=true
2026-09-09T19:54:40.955220Z DEBUG transparent_shard_server::runtime: runtime stage key=("a4bd72b37c0aafb265c77bb09cbc402cf69b65a87a1fabc8a0f12614b35469be", Pages, 0) reserved_bytes=136314880 stage="serialization_handoff"
2026-09-09T19:54:41.093116Z DEBUG transparent_shard_server::runtime: runtime stage key=("c907a0aa45b2551520863990845279fd25135889865e088c2dad6ea0d32b8fde", Directory, 0) seconds=0.137896697 stage="source_load"
2026-09-09T19:54:41.395889Z DEBUG transparent_shard_server::runtime: construction stage geometry="recent-8k" table="directory" seconds=0.30274016 stage="encode_database"
2026-09-09T19:54:41.396001Z DEBUG transparent_shard_server::runtime: construction stage geometry="recent-8k" table="directory" seconds=8.2051e-5 stage="public_setup"
2026-09-09T19:54:41.688548Z DEBUG transparent_shard_server::runtime: runtime stage key=("a4bd72b37c0aafb265c77bb09cbc402cf69b65a87a1fabc8a0f12614b35469be", Pages, 0) seconds=0.73331834 stage="disk_save"
2026-09-09T19:54:41.688614Z DEBUG transparent_shard_server::runtime: runtime stage key=("67574e8d4c7f7c258f8c7488f73e80a9476f8074c3db3540325133ff25020c2b", Pages, 0) seconds=2.052e-6 stage="restore_slot"
2026-09-09T19:54:41.688750Z DEBUG transparent_shard_server::runtime: runtime stage key=("67574e8d4c7f7c258f8c7488f73e80a9476f8074c3db3540325133ff25020c2b", Pages, 0) seconds=5.0932e-5 hit=false stage="disk_restore"
2026-09-09T19:54:41.985379Z DEBUG transparent_shard_server::runtime: construction stage geometry="recent-8k" table="directory" seconds=0.589370204 stage="hint_columns"
2026-09-09T19:54:43.944056Z DEBUG transparent_shard_server::runtime: construction stage geometry="recent-8k" table="directory" seconds=1.9586342110000001 stage="pack_preprocessing"
2026-09-09T19:54:43.944370Z DEBUG transparent_shard_server::runtime: construction stage geometry="recent-8k" table="directory" seconds=0.000277595 stage="publish_parameters"
2026-09-09T19:54:43.945184Z DEBUG transparent_shard_server::runtime: runtime stage key=("c907a0aa45b2551520863990845279fd25135889865e088c2dad6ea0d32b8fde", Directory, 0) seconds=2.852036423 stage="runtime_build"
2026-09-09T19:54:43.945217Z DEBUG transparent_shard_server::runtime: runtime stage key=("c907a0aa45b2551520863990845279fd25135889865e088c2dad6ea0d32b8fde", Directory, 0) reserved_bytes=136314880 stage="serialization_handoff"
2026-09-09T19:54:43.945262Z DEBUG transparent_shard_server::runtime: runtime stage key=("c907a0aa45b2551520863990845279fd25135889865e088c2dad6ea0d32b8fde", Pages, 0) seconds=8.276812541 stage="build_slot"
2026-09-09T19:54:43.945357Z DEBUG transparent_shard_server::memory: cold build admission wait seconds=7.2716e-5 admitted=true
2026-09-09T19:54:44.083019Z DEBUG transparent_shard_server::runtime: runtime stage key=("c907a0aa45b2551520863990845279fd25135889865e088c2dad6ea0d32b8fde", Pages, 0) seconds=0.137645107 stage="source_load"
2026-09-09T19:54:44.383279Z DEBUG transparent_shard_server::runtime: construction stage geometry="recent-8k" table="pages" seconds=0.300228232 stage="encode_database"
2026-09-09T19:54:44.383386Z DEBUG transparent_shard_server::runtime: construction stage geometry="recent-8k" table="pages" seconds=7.3516e-5 stage="public_setup"
2026-09-09T19:54:44.691601Z DEBUG transparent_shard_server::runtime: runtime stage key=("c907a0aa45b2551520863990845279fd25135889865e088c2dad6ea0d32b8fde", Directory, 0) seconds=0.746376517 stage="disk_save"
2026-09-09T19:54:45.000980Z DEBUG transparent_shard_server::runtime: construction stage geometry="recent-8k" table="pages" seconds=0.617586628 stage="hint_columns"
2026-09-09T19:54:46.975793Z DEBUG transparent_shard_server::runtime: construction stage geometry="recent-8k" table="pages" seconds=1.974775452 stage="pack_preprocessing"
2026-09-09T19:54:46.976083Z DEBUG transparent_shard_server::runtime: construction stage geometry="recent-8k" table="pages" seconds=0.00025314 stage="publish_parameters"
2026-09-09T19:54:46.976814Z DEBUG transparent_shard_server::runtime: runtime stage key=("c907a0aa45b2551520863990845279fd25135889865e088c2dad6ea0d32b8fde", Pages, 0) seconds=2.893764344 stage="runtime_build"
2026-09-09T19:54:46.976874Z DEBUG transparent_shard_server::runtime: runtime stage key=("67574e8d4c7f7c258f8c7488f73e80a9476f8074c3db3540325133ff25020c2b", Directory, 0) seconds=8.137519986 stage="build_slot"
2026-09-09T19:54:46.976962Z DEBUG transparent_shard_server::memory: cold build admission wait seconds=8.4121e-5 admitted=true
2026-09-09T19:54:46.977038Z DEBUG transparent_shard_server::runtime: runtime stage key=("c907a0aa45b2551520863990845279fd25135889865e088c2dad6ea0d32b8fde", Pages, 0) reserved_bytes=136314880 stage="serialization_handoff"
2026-09-09T19:54:47.117720Z DEBUG transparent_shard_server::runtime: runtime stage key=("67574e8d4c7f7c258f8c7488f73e80a9476f8074c3db3540325133ff25020c2b", Directory, 0) seconds=0.140738126 stage="source_load"
2026-09-09T19:54:47.414393Z DEBUG transparent_shard_server::runtime: construction stage geometry="recent-8k" table="directory" seconds=0.296642707 stage="encode_database"
2026-09-09T19:54:47.414487Z DEBUG transparent_shard_server::runtime: construction stage geometry="recent-8k" table="directory" seconds=6.8121e-5 stage="public_setup"
2026-09-09T19:54:47.695292Z DEBUG transparent_shard_server::runtime: runtime stage key=("c907a0aa45b2551520863990845279fd25135889865e088c2dad6ea0d32b8fde", Pages, 0) seconds=0.718248016 stage="disk_save"
2026-09-09T19:54:47.989105Z DEBUG transparent_shard_server::runtime: construction stage geometry="recent-8k" table="directory" seconds=0.574611543 stage="hint_columns"
2026-09-09T19:54:49.958340Z DEBUG transparent_shard_server::runtime: construction stage geometry="recent-8k" table="directory" seconds=1.969196022 stage="pack_preprocessing"
2026-09-09T19:54:49.958647Z DEBUG transparent_shard_server::runtime: construction stage geometry="recent-8k" table="directory" seconds=0.000267403 stage="publish_parameters"
2026-09-09T19:54:49.959440Z DEBUG transparent_shard_server::runtime: runtime stage key=("67574e8d4c7f7c258f8c7488f73e80a9476f8074c3db3540325133ff25020c2b", Directory, 0) seconds=2.841690885 stage="runtime_build"
2026-09-09T19:54:49.959486Z DEBUG transparent_shard_server::runtime: runtime stage key=("67574e8d4c7f7c258f8c7488f73e80a9476f8074c3db3540325133ff25020c2b", Directory, 0) reserved_bytes=136314880 stage="serialization_handoff"
2026-09-09T19:54:49.962192Z DEBUG transparent_shard_server::runtime: runtime stage key=("67574e8d4c7f7c258f8c7488f73e80a9476f8074c3db3540325133ff25020c2b", Pages, 0) seconds=8.273393316 stage="build_slot"
2026-09-09T19:54:49.962287Z DEBUG transparent_shard_server::memory: cold build admission wait seconds=7.3967e-5 admitted=true
2026-09-09T19:54:50.098396Z DEBUG transparent_shard_server::runtime: runtime stage key=("67574e8d4c7f7c258f8c7488f73e80a9476f8074c3db3540325133ff25020c2b", Pages, 0) seconds=0.136059091 stage="source_load"
2026-09-09T19:54:50.398531Z DEBUG transparent_shard_server::runtime: construction stage geometry="recent-8k" table="pages" seconds=0.300101763 stage="encode_database"
2026-09-09T19:54:50.398643Z DEBUG transparent_shard_server::runtime: construction stage geometry="recent-8k" table="pages" seconds=7.0872e-5 stage="public_setup"
2026-09-09T19:54:50.718206Z DEBUG transparent_shard_server::runtime: runtime stage key=("67574e8d4c7f7c258f8c7488f73e80a9476f8074c3db3540325133ff25020c2b", Directory, 0) seconds=0.758713594 stage="disk_save"
2026-09-09T19:54:51.033465Z DEBUG transparent_shard_server::runtime: construction stage geometry="recent-8k" table="pages" seconds=0.634814834 stage="hint_columns"
2026-09-09T19:54:53.005099Z DEBUG transparent_shard_server::runtime: construction stage geometry="recent-8k" table="pages" seconds=1.9715916820000001 stage="pack_preprocessing"
2026-09-09T19:54:53.005414Z DEBUG transparent_shard_server::runtime: construction stage geometry="recent-8k" table="pages" seconds=0.00027758 stage="publish_parameters"
2026-09-09T19:54:53.006236Z DEBUG transparent_shard_server::runtime: runtime stage key=("67574e8d4c7f7c258f8c7488f73e80a9476f8074c3db3540325133ff25020c2b", Pages, 0) seconds=2.907808198 stage="runtime_build"
2026-09-09T19:54:53.006252Z DEBUG transparent_shard_server::runtime: runtime stage key=("67574e8d4c7f7c258f8c7488f73e80a9476f8074c3db3540325133ff25020c2b", Pages, 0) reserved_bytes=136314880 stage="serialization_handoff"
2026-09-09T19:54:53.719434Z DEBUG transparent_shard_server::runtime: runtime stage key=("67574e8d4c7f7c258f8c7488f73e80a9476f8074c3db3540325133ff25020c2b", Pages, 0) seconds=0.713175861 stage="disk_save"
2026-09-09T19:54:53.719644Z  INFO transparent_shard_server::service: prewarm finished warm=28 target=28 failed=0 seconds=85.238452768
2026-09-09T19:54:53.955341Z DEBUG transparent_shard_server::service: query stage revision=5b7ee9849d47f5ee67d04eb6ca4588beacf42dce75e5a1b481dfd02607b1fb20 table="directory" seconds=4.345e-6 stage="query_admission"
2026-09-09T19:54:53.955375Z DEBUG transparent_shard_server::service: query stage revision=5b7ee9849d47f5ee67d04eb6ca4588beacf42dce75e5a1b481dfd02607b1fb20 table="directory" seconds=4.865e-6 stage="query_runtime"
2026-09-09T19:54:53.955403Z DEBUG transparent_shard_server::service: query stage revision=5b7ee9849d47f5ee67d04eb6ca4588beacf42dce75e5a1b481dfd02607b1fb20 table="directory" seconds=1.991e-6 stage="query_admission"
2026-09-09T19:54:53.955423Z DEBUG transparent_shard_server::service: query stage revision=5b7ee9849d47f5ee67d04eb6ca4588beacf42dce75e5a1b481dfd02607b1fb20 table="directory" seconds=4.112e-6 stage="query_runtime"
2026-09-09T19:54:53.955460Z DEBUG transparent_shard_server::service: query stage revision=5b7ee9849d47f5ee67d04eb6ca4588beacf42dce75e5a1b481dfd02607b1fb20 table="directory" seconds=1.268e-5 stage="query_dispatch"
2026-09-09T19:54:53.955526Z DEBUG transparent_shard_server::service: query stage revision=5b7ee9849d47f5ee67d04eb6ca4588beacf42dce75e5a1b481dfd02607b1fb20 table="directory" seconds=2.2227e-5 stage="query_dispatch"
2026-09-09T19:54:53.969613Z DEBUG transparent_shard_server::service: query stage revision=5b7ee9849d47f5ee67d04eb6ca4588beacf42dce75e5a1b481dfd02607b1fb20 table="directory" seconds=0.014145178 stage="query_evaluate"
2026-09-09T19:54:53.970386Z DEBUG transparent_shard_server::service: query stage revision=5b7ee9849d47f5ee67d04eb6ca4588beacf42dce75e5a1b481dfd02607b1fb20 table="directory" seconds=0.014851866 stage="query_evaluate"
2026-09-09T19:54:54.158674Z DEBUG transparent_shard_server::service: query stage revision=5b7ee9849d47f5ee67d04eb6ca4588beacf42dce75e5a1b481dfd02607b1fb20 table="pages" seconds=2.494e-6 stage="query_admission"
2026-09-09T19:54:54.158710Z DEBUG transparent_shard_server::service: query stage revision=5b7ee9849d47f5ee67d04eb6ca4588beacf42dce75e5a1b481dfd02607b1fb20 table="pages" seconds=5.309e-6 stage="query_runtime"
2026-09-09T19:54:54.158811Z DEBUG transparent_shard_server::service: query stage revision=5b7ee9849d47f5ee67d04eb6ca4588beacf42dce75e5a1b481dfd02607b1fb20 table="pages" seconds=2.1417e-5 stage="query_dispatch"
2026-09-09T19:54:54.159344Z DEBUG transparent_shard_server::service: query stage revision=5b7ee9849d47f5ee67d04eb6ca4588beacf42dce75e5a1b481dfd02607b1fb20 table="pages" seconds=1.959e-6 stage="query_admission"
2026-09-09T19:54:54.159360Z DEBUG transparent_shard_server::service: query stage revision=5b7ee9849d47f5ee67d04eb6ca4588beacf42dce75e5a1b481dfd02607b1fb20 table="pages" seconds=3.505e-6 stage="query_runtime"
2026-09-09T19:54:54.160694Z DEBUG transparent_shard_server::service: query stage revision=5b7ee9849d47f5ee67d04eb6ca4588beacf42dce75e5a1b481dfd02607b1fb20 table="pages" seconds=0.001275864 stage="query_dispatch"
2026-09-09T19:54:54.167177Z DEBUG transparent_shard_server::service: query stage revision=5b7ee9849d47f5ee67d04eb6ca4588beacf42dce75e5a1b481dfd02607b1fb20 table="pages" seconds=0.008348192 stage="query_evaluate"
2026-09-09T19:54:54.171942Z DEBUG transparent_shard_server::service: query stage revision=5b7ee9849d47f5ee67d04eb6ca4588beacf42dce75e5a1b481dfd02607b1fb20 table="pages" seconds=0.011225972 stage="query_evaluate"
2026-09-09T19:54:54.222391Z  INFO transparent_shard_server::runtime: retired runtime memory reclaimed rss_before=4832509952 rss_after=4398227456
2026-09-09T19:54:54.322747Z DEBUG transparent_shard_server::service: query stage revision=5b7ee9849d47f5ee67d04eb6ca4588beacf42dce75e5a1b481dfd02607b1fb20 table="directory" seconds=3.178e-6 stage="query_admission"
2026-09-09T19:54:54.322785Z DEBUG transparent_shard_server::service: query stage revision=5b7ee9849d47f5ee67d04eb6ca4588beacf42dce75e5a1b481dfd02607b1fb20 table="directory" seconds=5.543e-6 stage="query_runtime"
2026-09-09T19:54:54.322887Z DEBUG transparent_shard_server::service: query stage revision=5b7ee9849d47f5ee67d04eb6ca4588beacf42dce75e5a1b481dfd02607b1fb20 table="directory" seconds=2.1663e-5 stage="query_dispatch"
2026-09-09T19:54:54.331479Z DEBUG transparent_shard_server::service: query stage revision=5b7ee9849d47f5ee67d04eb6ca4588beacf42dce75e5a1b481dfd02607b1fb20 table="directory" seconds=0.008573108 stage="query_evaluate"
2026-09-09T19:54:54.331913Z DEBUG transparent_shard_server::service: query stage revision=5b7ee9849d47f5ee67d04eb6ca4588beacf42dce75e5a1b481dfd02607b1fb20 table="directory" seconds=2.391e-6 stage="query_admission"
2026-09-09T19:54:54.331929Z DEBUG transparent_shard_server::service: query stage revision=5b7ee9849d47f5ee67d04eb6ca4588beacf42dce75e5a1b481dfd02607b1fb20 table="directory" seconds=4.174e-6 stage="query_runtime"
2026-09-09T19:54:54.332014Z DEBUG transparent_shard_server::service: query stage revision=5b7ee9849d47f5ee67d04eb6ca4588beacf42dce75e5a1b481dfd02607b1fb20 table="directory" seconds=2.0789e-5 stage="query_dispatch"
2026-09-09T19:54:54.340973Z DEBUG transparent_shard_server::service: query stage revision=5b7ee9849d47f5ee67d04eb6ca4588beacf42dce75e5a1b481dfd02607b1fb20 table="directory" seconds=0.008941322 stage="query_evaluate"
2026-09-09T19:54:54.487875Z DEBUG transparent_shard_server::service: query stage revision=5b7ee9849d47f5ee67d04eb6ca4588beacf42dce75e5a1b481dfd02607b1fb20 table="pages" seconds=3.334e-6 stage="query_admission"
2026-09-09T19:54:54.487909Z DEBUG transparent_shard_server::service: query stage revision=5b7ee9849d47f5ee67d04eb6ca4588beacf42dce75e5a1b481dfd02607b1fb20 table="pages" seconds=6.077e-6 stage="query_runtime"
2026-09-09T19:54:54.488023Z DEBUG transparent_shard_server::service: query stage revision=5b7ee9849d47f5ee67d04eb6ca4588beacf42dce75e5a1b481dfd02607b1fb20 table="pages" seconds=4.9829e-5 stage="query_dispatch"
2026-09-09T19:54:54.498951Z DEBUG transparent_shard_server::service: query stage revision=5b7ee9849d47f5ee67d04eb6ca4588beacf42dce75e5a1b481dfd02607b1fb20 table="pages" seconds=0.010910148 stage="query_evaluate"
2026-09-09T19:54:54.501033Z DEBUG transparent_shard_server::service: query stage revision=5b7ee9849d47f5ee67d04eb6ca4588beacf42dce75e5a1b481dfd02607b1fb20 table="pages" seconds=2.068e-6 stage="query_admission"
2026-09-09T19:54:54.501056Z DEBUG transparent_shard_server::service: query stage revision=5b7ee9849d47f5ee67d04eb6ca4588beacf42dce75e5a1b481dfd02607b1fb20 table="pages" seconds=3.926e-6 stage="query_runtime"
2026-09-09T19:54:54.501133Z DEBUG transparent_shard_server::service: query stage revision=5b7ee9849d47f5ee67d04eb6ca4588beacf42dce75e5a1b481dfd02607b1fb20 table="pages" seconds=1.6955e-5 stage="query_dispatch"
2026-09-09T19:54:54.510629Z DEBUG transparent_shard_server::service: query stage revision=5b7ee9849d47f5ee67d04eb6ca4588beacf42dce75e5a1b481dfd02607b1fb20 table="pages" seconds=0.009489731 stage="query_evaluate"
2026-09-09T19:54:54.653040Z DEBUG transparent_shard_server::service: query stage revision=5b7ee9849d47f5ee67d04eb6ca4588beacf42dce75e5a1b481dfd02607b1fb20 table="directory" seconds=3.241e-6 stage="query_admission"
2026-09-09T19:54:54.653073Z DEBUG transparent_shard_server::service: query stage revision=5b7ee9849d47f5ee67d04eb6ca4588beacf42dce75e5a1b481dfd02607b1fb20 table="directory" seconds=4.435e-6 stage="query_runtime"
2026-09-09T19:54:54.653184Z DEBUG transparent_shard_server::service: query stage revision=5b7ee9849d47f5ee67d04eb6ca4588beacf42dce75e5a1b481dfd02607b1fb20 table="directory" seconds=4.2623e-5 stage="query_dispatch"
2026-09-09T19:54:54.664629Z DEBUG transparent_shard_server::service: query stage revision=5b7ee9849d47f5ee67d04eb6ca4588beacf42dce75e5a1b481dfd02607b1fb20 table="directory" seconds=0.01141877 stage="query_evaluate"
2026-09-09T19:54:54.670413Z DEBUG transparent_shard_server::service: query stage revision=5b7ee9849d47f5ee67d04eb6ca4588beacf42dce75e5a1b481dfd02607b1fb20 table="directory" seconds=2.521e-6 stage="query_admission"
2026-09-09T19:54:54.670433Z DEBUG transparent_shard_server::service: query stage revision=5b7ee9849d47f5ee67d04eb6ca4588beacf42dce75e5a1b481dfd02607b1fb20 table="directory" seconds=3.981e-6 stage="query_runtime"
2026-09-09T19:54:54.670503Z DEBUG transparent_shard_server::service: query stage revision=5b7ee9849d47f5ee67d04eb6ca4588beacf42dce75e5a1b481dfd02607b1fb20 table="directory" seconds=1.9822e-5 stage="query_dispatch"
2026-09-09T19:54:54.679578Z DEBUG transparent_shard_server::service: query stage revision=5b7ee9849d47f5ee67d04eb6ca4588beacf42dce75e5a1b481dfd02607b1fb20 table="directory" seconds=0.009065735 stage="query_evaluate"
2026-09-09T19:54:54.768284Z DEBUG transparent_shard_server::runtime: runtime stage key=("be059aab39ac34125e0452548d6fbcfb1e7cdb7237a597bd59ee86011ed4882b", Directory, 0) seconds=1.459e-6 stage="restore_slot"
2026-09-09T19:54:54.768292Z DEBUG transparent_shard_server::runtime: runtime stage key=("be059aab39ac34125e0452548d6fbcfb1e7cdb7237a597bd59ee86011ed4882b", Pages, 0) seconds=1.183e-6 stage="restore_slot"
2026-09-09T19:54:54.768437Z DEBUG transparent_shard_server::runtime: runtime stage key=("be059aab39ac34125e0452548d6fbcfb1e7cdb7237a597bd59ee86011ed4882b", Directory, 0) seconds=3.905e-5 hit=false stage="disk_restore"
2026-09-09T19:54:54.768460Z DEBUG transparent_shard_server::runtime: runtime stage key=("be059aab39ac34125e0452548d6fbcfb1e7cdb7237a597bd59ee86011ed4882b", Pages, 0) seconds=2.6578e-5 hit=false stage="disk_restore"
2026-09-09T19:54:54.768478Z DEBUG transparent_shard_server::runtime: runtime stage key=("be059aab39ac34125e0452548d6fbcfb1e7cdb7237a597bd59ee86011ed4882b", Directory, 0) seconds=8.87e-7 stage="build_slot"
2026-09-09T19:54:54.768521Z DEBUG transparent_shard_server::memory: cold build admission wait seconds=3.6035e-5 admitted=true
2026-09-09T19:54:54.819078Z DEBUG transparent_shard_server::service: query stage revision=5b7ee9849d47f5ee67d04eb6ca4588beacf42dce75e5a1b481dfd02607b1fb20 table="pages" seconds=3.423e-6 stage="query_admission"
2026-09-09T19:54:54.819111Z DEBUG transparent_shard_server::service: query stage revision=5b7ee9849d47f5ee67d04eb6ca4588beacf42dce75e5a1b481dfd02607b1fb20 table="pages" seconds=4.225e-6 stage="query_runtime"
2026-09-09T19:54:54.819284Z DEBUG transparent_shard_server::service: query stage revision=5b7ee9849d47f5ee67d04eb6ca4588beacf42dce75e5a1b481dfd02607b1fb20 table="pages" seconds=4.5939e-5 stage="query_dispatch"
2026-09-09T19:54:54.840150Z DEBUG transparent_shard_server::service: query stage revision=5b7ee9849d47f5ee67d04eb6ca4588beacf42dce75e5a1b481dfd02607b1fb20 table="pages" seconds=2.039e-6 stage="query_admission"
2026-09-09T19:54:54.840201Z DEBUG transparent_shard_server::service: query stage revision=5b7ee9849d47f5ee67d04eb6ca4588beacf42dce75e5a1b481dfd02607b1fb20 table="pages" seconds=1.5148e-5 stage="query_runtime"
2026-09-09T19:54:54.840406Z DEBUG transparent_shard_server::service: query stage revision=5b7ee9849d47f5ee67d04eb6ca4588beacf42dce75e5a1b481dfd02607b1fb20 table="pages" seconds=0.000138279 stage="query_dispatch"
2026-09-09T19:54:54.840526Z DEBUG transparent_shard_server::service: query stage revision=5b7ee9849d47f5ee67d04eb6ca4588beacf42dce75e5a1b481dfd02607b1fb20 table="pages" seconds=0.02121802 stage="query_evaluate"
2026-09-09T19:54:54.855681Z DEBUG transparent_shard_server::service: query stage revision=5b7ee9849d47f5ee67d04eb6ca4588beacf42dce75e5a1b481dfd02607b1fb20 table="pages" seconds=0.015259585 stage="query_evaluate"
2026-09-09T19:54:54.924479Z DEBUG transparent_shard_server::runtime: runtime stage key=("be059aab39ac34125e0452548d6fbcfb1e7cdb7237a597bd59ee86011ed4882b", Directory, 0) seconds=0.155932256 stage="source_load"
2026-09-09T19:54:54.994609Z DEBUG transparent_shard_server::service: query stage revision=5b7ee9849d47f5ee67d04eb6ca4588beacf42dce75e5a1b481dfd02607b1fb20 table="directory" seconds=3.981e-6 stage="query_admission"
2026-09-09T19:54:54.994646Z DEBUG transparent_shard_server::service: query stage revision=5b7ee9849d47f5ee67d04eb6ca4588beacf42dce75e5a1b481dfd02607b1fb20 table="directory" seconds=4.333e-6 stage="query_runtime"
2026-09-09T19:54:54.994757Z DEBUG transparent_shard_server::service: query stage revision=5b7ee9849d47f5ee67d04eb6ca4588beacf42dce75e5a1b481dfd02607b1fb20 table="directory" seconds=3.9154e-5 stage="query_dispatch"
2026-09-09T19:54:55.009739Z DEBUG transparent_shard_server::service: query stage revision=5b7ee9849d47f5ee67d04eb6ca4588beacf42dce75e5a1b481dfd02607b1fb20 table="directory" seconds=0.014964142 stage="query_evaluate"
2026-09-09T19:54:55.018103Z DEBUG transparent_shard_server::service: query stage revision=5b7ee9849d47f5ee67d04eb6ca4588beacf42dce75e5a1b481dfd02607b1fb20 table="directory" seconds=2.178e-6 stage="query_admission"
2026-09-09T19:54:55.018123Z DEBUG transparent_shard_server::service: query stage revision=5b7ee9849d47f5ee67d04eb6ca4588beacf42dce75e5a1b481dfd02607b1fb20 table="directory" seconds=3.726e-6 stage="query_runtime"
2026-09-09T19:54:55.018210Z DEBUG transparent_shard_server::service: query stage revision=5b7ee9849d47f5ee67d04eb6ca4588beacf42dce75e5a1b481dfd02607b1fb20 table="directory" seconds=1.531e-5 stage="query_dispatch"
2026-09-09T19:54:55.031262Z DEBUG transparent_shard_server::service: query stage revision=5b7ee9849d47f5ee67d04eb6ca4588beacf42dce75e5a1b481dfd02607b1fb20 table="directory" seconds=0.013023584 stage="query_evaluate"
2026-09-09T19:54:55.163248Z DEBUG transparent_shard_server::service: query stage revision=5b7ee9849d47f5ee67d04eb6ca4588beacf42dce75e5a1b481dfd02607b1fb20 table="pages" seconds=3.125e-6 stage="query_admission"
2026-09-09T19:54:55.163286Z DEBUG transparent_shard_server::service: query stage revision=5b7ee9849d47f5ee67d04eb6ca4588beacf42dce75e5a1b481dfd02607b1fb20 table="pages" seconds=4.782e-6 stage="query_runtime"
2026-09-09T19:54:55.163392Z DEBUG transparent_shard_server::service: query stage revision=5b7ee9849d47f5ee67d04eb6ca4588beacf42dce75e5a1b481dfd02607b1fb20 table="pages" seconds=2.6266e-5 stage="query_dispatch"
2026-09-09T19:54:55.179439Z DEBUG transparent_shard_server::service: query stage revision=5b7ee9849d47f5ee67d04eb6ca4588beacf42dce75e5a1b481dfd02607b1fb20 table="pages" seconds=0.016027498 stage="query_evaluate"
2026-09-09T19:54:55.193289Z DEBUG transparent_shard_server::service: query stage revision=5b7ee9849d47f5ee67d04eb6ca4588beacf42dce75e5a1b481dfd02607b1fb20 table="pages" seconds=2.793e-6 stage="query_admission"
2026-09-09T19:54:55.193312Z DEBUG transparent_shard_server::service: query stage revision=5b7ee9849d47f5ee67d04eb6ca4588beacf42dce75e5a1b481dfd02607b1fb20 table="pages" seconds=5.976e-6 stage="query_runtime"
2026-09-09T19:54:55.193378Z DEBUG transparent_shard_server::service: query stage revision=5b7ee9849d47f5ee67d04eb6ca4588beacf42dce75e5a1b481dfd02607b1fb20 table="pages" seconds=9.972e-6 stage="query_dispatch"
2026-09-09T19:54:55.206067Z DEBUG transparent_shard_server::service: query stage revision=5b7ee9849d47f5ee67d04eb6ca4588beacf42dce75e5a1b481dfd02607b1fb20 table="pages" seconds=0.012683106 stage="query_evaluate"
2026-09-09T19:54:55.221482Z DEBUG transparent_shard_server::runtime: construction stage geometry="recent-8k" table="directory" seconds=0.296974191 stage="encode_database"
2026-09-09T19:54:55.221589Z DEBUG transparent_shard_server::runtime: construction stage geometry="recent-8k" table="directory" seconds=8.7546e-5 stage="public_setup"
2026-09-09T19:54:55.349656Z DEBUG transparent_shard_server::service: query stage revision=5b7ee9849d47f5ee67d04eb6ca4588beacf42dce75e5a1b481dfd02607b1fb20 table="directory" seconds=4.043e-6 stage="query_admission"
2026-09-09T19:54:55.349696Z DEBUG transparent_shard_server::service: query stage revision=5b7ee9849d47f5ee67d04eb6ca4588beacf42dce75e5a1b481dfd02607b1fb20 table="directory" seconds=5.757e-6 stage="query_runtime"
2026-09-09T19:54:55.352213Z DEBUG transparent_shard_server::service: query stage revision=5b7ee9849d47f5ee67d04eb6ca4588beacf42dce75e5a1b481dfd02607b1fb20 table="directory" seconds=0.002425729 stage="query_dispatch"
2026-09-09T19:54:55.432836Z DEBUG transparent_shard_server::service: query stage revision=5b7ee9849d47f5ee67d04eb6ca4588beacf42dce75e5a1b481dfd02607b1fb20 table="directory" seconds=3.765e-6 stage="query_admission"
2026-09-09T19:54:55.432871Z DEBUG transparent_shard_server::service: query stage revision=5b7ee9849d47f5ee67d04eb6ca4588beacf42dce75e5a1b481dfd02607b1fb20 table="directory" seconds=6.036e-6 stage="query_runtime"
2026-09-09T19:54:55.432963Z DEBUG transparent_shard_server::service: query stage revision=5b7ee9849d47f5ee67d04eb6ca4588beacf42dce75e5a1b481dfd02607b1fb20 table="directory" seconds=2.0606e-5 stage="query_dispatch"
2026-09-09T19:54:55.799137Z DEBUG transparent_shard_server::service: query stage revision=5b7ee9849d47f5ee67d04eb6ca4588beacf42dce75e5a1b481dfd02607b1fb20 table="directory" seconds=0.366166361 stage="query_evaluate"
2026-09-09T19:54:55.799144Z DEBUG transparent_shard_server::service: query stage revision=5b7ee9849d47f5ee67d04eb6ca4588beacf42dce75e5a1b481dfd02607b1fb20 table="directory" seconds=0.446909252 stage="query_evaluate"
2026-09-09T19:54:55.799241Z DEBUG transparent_shard_server::runtime: construction stage geometry="recent-8k" table="directory" seconds=0.577647723 stage="hint_columns"
2026-09-09T19:54:55.953710Z DEBUG transparent_shard_server::service: query stage revision=5b7ee9849d47f5ee67d04eb6ca4588beacf42dce75e5a1b481dfd02607b1fb20 table="pages" seconds=3.145e-6 stage="query_admission"
2026-09-09T19:54:55.953744Z DEBUG transparent_shard_server::service: query stage revision=5b7ee9849d47f5ee67d04eb6ca4588beacf42dce75e5a1b481dfd02607b1fb20 table="pages" seconds=5.346e-6 stage="query_runtime"
2026-09-09T19:54:55.953820Z DEBUG transparent_shard_server::service: query stage revision=5b7ee9849d47f5ee67d04eb6ca4588beacf42dce75e5a1b481dfd02607b1fb20 table="pages" seconds=1.3848e-5 stage="query_dispatch"
2026-09-09T19:54:55.954264Z DEBUG transparent_shard_server::service: query stage revision=5b7ee9849d47f5ee67d04eb6ca4588beacf42dce75e5a1b481dfd02607b1fb20 table="pages" seconds=1.437e-6 stage="query_admission"
2026-09-09T19:54:55.954277Z DEBUG transparent_shard_server::service: query stage revision=5b7ee9849d47f5ee67d04eb6ca4588beacf42dce75e5a1b481dfd02607b1fb20 table="pages" seconds=3.258e-6 stage="query_runtime"
2026-09-09T19:54:55.954361Z DEBUG transparent_shard_server::service: query stage revision=5b7ee9849d47f5ee67d04eb6ca4588beacf42dce75e5a1b481dfd02607b1fb20 table="pages" seconds=4.3172e-5 stage="query_dispatch"
2026-09-09T19:54:55.971713Z DEBUG transparent_shard_server::service: query stage revision=5b7ee9849d47f5ee67d04eb6ca4588beacf42dce75e5a1b481dfd02607b1fb20 table="pages" seconds=0.017332753 stage="query_evaluate"
2026-09-09T19:54:55.971713Z DEBUG transparent_shard_server::service: query stage revision=5b7ee9849d47f5ee67d04eb6ca4588beacf42dce75e5a1b481dfd02607b1fb20 table="pages" seconds=0.017885782 stage="query_evaluate"
2026-09-09T19:54:56.125103Z DEBUG transparent_shard_server::service: query stage revision=5b7ee9849d47f5ee67d04eb6ca4588beacf42dce75e5a1b481dfd02607b1fb20 table="directory" seconds=2.483e-6 stage="query_admission"
2026-09-09T19:54:56.125136Z DEBUG transparent_shard_server::service: query stage revision=5b7ee9849d47f5ee67d04eb6ca4588beacf42dce75e5a1b481dfd02607b1fb20 table="directory" seconds=5.343e-6 stage="query_runtime"
2026-09-09T19:54:56.125240Z DEBUG transparent_shard_server::service: query stage revision=5b7ee9849d47f5ee67d04eb6ca4588beacf42dce75e5a1b481dfd02607b1fb20 table="directory" seconds=4.2497e-5 stage="query_dispatch"
2026-09-09T19:54:56.125400Z DEBUG transparent_shard_server::service: query stage revision=5b7ee9849d47f5ee67d04eb6ca4588beacf42dce75e5a1b481dfd02607b1fb20 table="directory" seconds=1.357e-6 stage="query_admission"
2026-09-09T19:54:56.125410Z DEBUG transparent_shard_server::service: query stage revision=5b7ee9849d47f5ee67d04eb6ca4588beacf42dce75e5a1b481dfd02607b1fb20 table="directory" seconds=2.577e-6 stage="query_runtime"
2026-09-09T19:54:56.125465Z DEBUG transparent_shard_server::service: query stage revision=5b7ee9849d47f5ee67d04eb6ca4588beacf42dce75e5a1b481dfd02607b1fb20 table="directory" seconds=1.8495e-5 stage="query_dispatch"
2026-09-09T19:54:56.141380Z DEBUG transparent_shard_server::service: query stage revision=5b7ee9849d47f5ee67d04eb6ca4588beacf42dce75e5a1b481dfd02607b1fb20 table="directory" seconds=0.015907636 stage="query_evaluate"
2026-09-09T19:54:56.141380Z DEBUG transparent_shard_server::service: query stage revision=5b7ee9849d47f5ee67d04eb6ca4588beacf42dce75e5a1b481dfd02607b1fb20 table="directory" seconds=0.016114162 stage="query_evaluate"
2026-09-09T19:54:56.295624Z DEBUG transparent_shard_server::service: query stage revision=5b7ee9849d47f5ee67d04eb6ca4588beacf42dce75e5a1b481dfd02607b1fb20 table="pages" seconds=2.265e-6 stage="query_admission"
2026-09-09T19:54:56.295658Z DEBUG transparent_shard_server::service: query stage revision=5b7ee9849d47f5ee67d04eb6ca4588beacf42dce75e5a1b481dfd02607b1fb20 table="pages" seconds=4.046e-6 stage="query_runtime"
2026-09-09T19:54:56.295750Z DEBUG transparent_shard_server::service: query stage revision=5b7ee9849d47f5ee67d04eb6ca4588beacf42dce75e5a1b481dfd02607b1fb20 table="pages" seconds=2.4636e-5 stage="query_dispatch"
2026-09-09T19:54:56.298302Z DEBUG transparent_shard_server::service: query stage revision=5b7ee9849d47f5ee67d04eb6ca4588beacf42dce75e5a1b481dfd02607b1fb20 table="pages" seconds=2.014e-6 stage="query_admission"
2026-09-09T19:54:56.298324Z DEBUG transparent_shard_server::service: query stage revision=5b7ee9849d47f5ee67d04eb6ca4588beacf42dce75e5a1b481dfd02607b1fb20 table="pages" seconds=3.605e-6 stage="query_runtime"
2026-09-09T19:54:56.298398Z DEBUG transparent_shard_server::service: query stage revision=5b7ee9849d47f5ee67d04eb6ca4588beacf42dce75e5a1b481dfd02607b1fb20 table="pages" seconds=1.9325e-5 stage="query_dispatch"
2026-09-09T19:54:56.307386Z DEBUG transparent_shard_server::service: query stage revision=5b7ee9849d47f5ee67d04eb6ca4588beacf42dce75e5a1b481dfd02607b1fb20 table="pages" seconds=0.011620038 stage="query_evaluate"
2026-09-09T19:54:56.314267Z DEBUG transparent_shard_server::service: query stage revision=5b7ee9849d47f5ee67d04eb6ca4588beacf42dce75e5a1b481dfd02607b1fb20 table="pages" seconds=0.015849203 stage="query_evaluate"
2026-09-09T19:54:56.468926Z DEBUG transparent_shard_server::service: query stage revision=5b7ee9849d47f5ee67d04eb6ca4588beacf42dce75e5a1b481dfd02607b1fb20 table="directory" seconds=2.324e-6 stage="query_admission"
2026-09-09T19:54:56.468958Z DEBUG transparent_shard_server::service: query stage revision=5b7ee9849d47f5ee67d04eb6ca4588beacf42dce75e5a1b481dfd02607b1fb20 table="directory" seconds=3.029e-6 stage="query_runtime"
2026-09-09T19:54:56.469031Z DEBUG transparent_shard_server::service: query stage revision=5b7ee9849d47f5ee67d04eb6ca4588beacf42dce75e5a1b481dfd02607b1fb20 table="directory" seconds=1.1978e-5 stage="query_dispatch"
2026-09-09T19:54:56.471427Z DEBUG transparent_shard_server::service: query stage revision=5b7ee9849d47f5ee67d04eb6ca4588beacf42dce75e5a1b481dfd02607b1fb20 table="directory" seconds=1.983e-6 stage="query_admission"
2026-09-09T19:54:56.471448Z DEBUG transparent_shard_server::service: query stage revision=5b7ee9849d47f5ee67d04eb6ca4588beacf42dce75e5a1b481dfd02607b1fb20 table="directory" seconds=2.891e-6 stage="query_runtime"
2026-09-09T19:54:56.471519Z DEBUG transparent_shard_server::service: query stage revision=5b7ee9849d47f5ee67d04eb6ca4588beacf42dce75e5a1b481dfd02607b1fb20 table="directory" seconds=1.4542e-5 stage="query_dispatch"
2026-09-09T19:54:56.479575Z DEBUG transparent_shard_server::service: query stage revision=5b7ee9849d47f5ee67d04eb6ca4588beacf42dce75e5a1b481dfd02607b1fb20 table="directory" seconds=0.010537809 stage="query_evaluate"
2026-09-09T19:54:56.485753Z DEBUG transparent_shard_server::service: query stage revision=5b7ee9849d47f5ee67d04eb6ca4588beacf42dce75e5a1b481dfd02607b1fb20 table="directory" seconds=0.014210724 stage="query_evaluate"
2026-09-09T19:54:56.637948Z DEBUG transparent_shard_server::service: query stage revision=5b7ee9849d47f5ee67d04eb6ca4588beacf42dce75e5a1b481dfd02607b1fb20 table="pages" seconds=2.498e-6 stage="query_admission"
2026-09-09T19:54:56.637981Z DEBUG transparent_shard_server::service: query stage revision=5b7ee9849d47f5ee67d04eb6ca4588beacf42dce75e5a1b481dfd02607b1fb20 table="pages" seconds=3.932e-6 stage="query_runtime"
2026-09-09T19:54:56.638066Z DEBUG transparent_shard_server::service: query stage revision=5b7ee9849d47f5ee67d04eb6ca4588beacf42dce75e5a1b481dfd02607b1fb20 table="pages" seconds=1.8651e-5 stage="query_dispatch"
2026-09-09T19:54:56.645222Z DEBUG transparent_shard_server::service: query stage revision=5b7ee9849d47f5ee67d04eb6ca4588beacf42dce75e5a1b481dfd02607b1fb20 table="pages" seconds=1.91e-6 stage="query_admission"
2026-09-09T19:54:56.645246Z DEBUG transparent_shard_server::service: query stage revision=5b7ee9849d47f5ee67d04eb6ca4588beacf42dce75e5a1b481dfd02607b1fb20 table="pages" seconds=3.585e-6 stage="query_runtime"
2026-09-09T19:54:56.645309Z DEBUG transparent_shard_server::service: query stage revision=5b7ee9849d47f5ee67d04eb6ca4588beacf42dce75e5a1b481dfd02607b1fb20 table="pages" seconds=1.6285e-5 stage="query_dispatch"
2026-09-09T19:54:56.691747Z DEBUG transparent_shard_server::service: query stage revision=5b7ee9849d47f5ee67d04eb6ca4588beacf42dce75e5a1b481dfd02607b1fb20 table="pages" seconds=0.053673873 stage="query_evaluate"
2026-09-09T19:54:56.692348Z DEBUG transparent_shard_server::service: query stage revision=5b7ee9849d47f5ee67d04eb6ca4588beacf42dce75e5a1b481dfd02607b1fb20 table="pages" seconds=0.047009175 stage="query_evaluate"
2026-09-09T19:54:56.849432Z DEBUG transparent_shard_server::service: query stage revision=5b7ee9849d47f5ee67d04eb6ca4588beacf42dce75e5a1b481dfd02607b1fb20 table="directory" seconds=2.372e-6 stage="query_admission"
2026-09-09T19:54:56.849464Z DEBUG transparent_shard_server::service: query stage revision=5b7ee9849d47f5ee67d04eb6ca4588beacf42dce75e5a1b481dfd02607b1fb20 table="directory" seconds=4.357e-6 stage="query_runtime"
2026-09-09T19:54:56.849726Z DEBUG transparent_shard_server::service: query stage revision=5b7ee9849d47f5ee67d04eb6ca4588beacf42dce75e5a1b481dfd02607b1fb20 table="directory" seconds=1.145e-6 stage="query_admission"
2026-09-09T19:54:56.849736Z DEBUG transparent_shard_server::service: query stage revision=5b7ee9849d47f5ee67d04eb6ca4588beacf42dce75e5a1b481dfd02607b1fb20 table="directory" seconds=2.348e-6 stage="query_runtime"
2026-09-09T19:54:56.851733Z DEBUG transparent_shard_server::service: query stage revision=5b7ee9849d47f5ee67d04eb6ca4588beacf42dce75e5a1b481dfd02607b1fb20 table="directory" seconds=0.002198604 stage="query_dispatch"
2026-09-09T19:54:56.853189Z DEBUG transparent_shard_server::service: query stage revision=5b7ee9849d47f5ee67d04eb6ca4588beacf42dce75e5a1b481dfd02607b1fb20 table="directory" seconds=0.003412762 stage="query_dispatch"
2026-09-09T19:54:56.899428Z DEBUG transparent_shard_server::service: query stage revision=5b7ee9849d47f5ee67d04eb6ca4588beacf42dce75e5a1b481dfd02607b1fb20 table="directory" seconds=0.04767372 stage="query_evaluate"
2026-09-09T19:54:56.906537Z DEBUG transparent_shard_server::service: query stage revision=5b7ee9849d47f5ee67d04eb6ca4588beacf42dce75e5a1b481dfd02607b1fb20 table="directory" seconds=0.053327431 stage="query_evaluate"
2026-09-09T19:54:57.054417Z DEBUG transparent_shard_server::service: query stage revision=5b7ee9849d47f5ee67d04eb6ca4588beacf42dce75e5a1b481dfd02607b1fb20 table="pages" seconds=2.995e-6 stage="query_admission"
2026-09-09T19:54:57.054453Z DEBUG transparent_shard_server::service: query stage revision=5b7ee9849d47f5ee67d04eb6ca4588beacf42dce75e5a1b481dfd02607b1fb20 table="pages" seconds=5.231e-6 stage="query_runtime"
2026-09-09T19:54:57.054549Z DEBUG transparent_shard_server::service: query stage revision=5b7ee9849d47f5ee67d04eb6ca4588beacf42dce75e5a1b481dfd02607b1fb20 table="pages" seconds=1.5747e-5 stage="query_dispatch"
2026-09-09T19:54:57.066476Z DEBUG transparent_shard_server::service: query stage revision=5b7ee9849d47f5ee67d04eb6ca4588beacf42dce75e5a1b481dfd02607b1fb20 table="pages" seconds=2.187e-6 stage="query_admission"
2026-09-09T19:54:57.066509Z DEBUG transparent_shard_server::service: query stage revision=5b7ee9849d47f5ee67d04eb6ca4588beacf42dce75e5a1b481dfd02607b1fb20 table="pages" seconds=4.975e-6 stage="query_runtime"
2026-09-09T19:54:57.066582Z DEBUG transparent_shard_server::service: query stage revision=5b7ee9849d47f5ee67d04eb6ca4588beacf42dce75e5a1b481dfd02607b1fb20 table="pages" seconds=1.9319e-5 stage="query_dispatch"
2026-09-09T19:54:57.068921Z DEBUG transparent_shard_server::service: query stage revision=5b7ee9849d47f5ee67d04eb6ca4588beacf42dce75e5a1b481dfd02607b1fb20 table="pages" seconds=0.014354666 stage="query_evaluate"
2026-09-09T19:54:57.080035Z DEBUG transparent_shard_server::service: query stage revision=5b7ee9849d47f5ee67d04eb6ca4588beacf42dce75e5a1b481dfd02607b1fb20 table="pages" seconds=0.013434516 stage="query_evaluate"
2026-09-09T19:54:57.224178Z DEBUG transparent_shard_server::service: query stage revision=5b7ee9849d47f5ee67d04eb6ca4588beacf42dce75e5a1b481dfd02607b1fb20 table="directory" seconds=3.052e-6 stage="query_admission"
2026-09-09T19:54:57.224212Z DEBUG transparent_shard_server::service: query stage revision=5b7ee9849d47f5ee67d04eb6ca4588beacf42dce75e5a1b481dfd02607b1fb20 table="directory" seconds=3.4e-6 stage="query_runtime"
2026-09-09T19:54:57.224300Z DEBUG transparent_shard_server::service: query stage revision=5b7ee9849d47f5ee67d04eb6ca4588beacf42dce75e5a1b481dfd02607b1fb20 table="directory" seconds=1.0621e-5 stage="query_dispatch"
2026-09-09T19:54:57.238437Z DEBUG transparent_shard_server::service: query stage revision=5b7ee9849d47f5ee67d04eb6ca4588beacf42dce75e5a1b481dfd02607b1fb20 table="directory" seconds=2.929e-6 stage="query_admission"
2026-09-09T19:54:57.238472Z DEBUG transparent_shard_server::service: query stage revision=5b7ee9849d47f5ee67d04eb6ca4588beacf42dce75e5a1b481dfd02607b1fb20 table="directory" seconds=5.818e-6 stage="query_runtime"
2026-09-09T19:54:57.238563Z DEBUG transparent_shard_server::service: query stage revision=5b7ee9849d47f5ee67d04eb6ca4588beacf42dce75e5a1b481dfd02607b1fb20 table="directory" seconds=1.7402e-5 stage="query_dispatch"
2026-09-09T19:54:57.244769Z DEBUG transparent_shard_server::service: query stage revision=5b7ee9849d47f5ee67d04eb6ca4588beacf42dce75e5a1b481dfd02607b1fb20 table="directory" seconds=0.020462078 stage="query_evaluate"
2026-09-09T19:54:57.255377Z DEBUG transparent_shard_server::service: query stage revision=5b7ee9849d47f5ee67d04eb6ca4588beacf42dce75e5a1b481dfd02607b1fb20 table="directory" seconds=0.016794867 stage="query_evaluate"
2026-09-09T19:54:57.400458Z DEBUG transparent_shard_server::service: query stage revision=5b7ee9849d47f5ee67d04eb6ca4588beacf42dce75e5a1b481dfd02607b1fb20 table="pages" seconds=2.652e-6 stage="query_admission"
2026-09-09T19:54:57.400495Z DEBUG transparent_shard_server::service: query stage revision=5b7ee9849d47f5ee67d04eb6ca4588beacf42dce75e5a1b481dfd02607b1fb20 table="pages" seconds=5.219e-6 stage="query_runtime"
2026-09-09T19:54:57.400584Z DEBUG transparent_shard_server::service: query stage revision=5b7ee9849d47f5ee67d04eb6ca4588beacf42dce75e5a1b481dfd02607b1fb20 table="pages" seconds=1.2993e-5 stage="query_dispatch"
2026-09-09T19:54:57.410673Z DEBUG transparent_shard_server::service: query stage revision=5b7ee9849d47f5ee67d04eb6ca4588beacf42dce75e5a1b481dfd02607b1fb20 table="pages" seconds=2.514e-6 stage="query_admission"
2026-09-09T19:54:57.410710Z DEBUG transparent_shard_server::service: query stage revision=5b7ee9849d47f5ee67d04eb6ca4588beacf42dce75e5a1b481dfd02607b1fb20 table="pages" seconds=4.825e-6 stage="query_runtime"
2026-09-09T19:54:57.411239Z DEBUG transparent_shard_server::service: query stage revision=5b7ee9849d47f5ee67d04eb6ca4588beacf42dce75e5a1b481dfd02607b1fb20 table="pages" seconds=0.000446429 stage="query_dispatch"
2026-09-09T19:54:57.413766Z DEBUG transparent_shard_server::service: query stage revision=5b7ee9849d47f5ee67d04eb6ca4588beacf42dce75e5a1b481dfd02607b1fb20 table="pages" seconds=0.013175456 stage="query_evaluate"
2026-09-09T19:54:57.426684Z DEBUG transparent_shard_server::service: query stage revision=5b7ee9849d47f5ee67d04eb6ca4588beacf42dce75e5a1b481dfd02607b1fb20 table="pages" seconds=0.015417344 stage="query_evaluate"
2026-09-09T19:54:57.574656Z DEBUG transparent_shard_server::service: query stage revision=5b7ee9849d47f5ee67d04eb6ca4588beacf42dce75e5a1b481dfd02607b1fb20 table="directory" seconds=3.29e-6 stage="query_admission"
2026-09-09T19:54:57.574695Z DEBUG transparent_shard_server::service: query stage revision=5b7ee9849d47f5ee67d04eb6ca4588beacf42dce75e5a1b481dfd02607b1fb20 table="directory" seconds=7.325e-6 stage="query_runtime"
2026-09-09T19:54:57.574808Z DEBUG transparent_shard_server::service: query stage revision=5b7ee9849d47f5ee67d04eb6ca4588beacf42dce75e5a1b481dfd02607b1fb20 table="directory" seconds=3.4409e-5 stage="query_dispatch"
2026-09-09T19:54:57.583321Z DEBUG transparent_shard_server::service: query stage revision=5b7ee9849d47f5ee67d04eb6ca4588beacf42dce75e5a1b481dfd02607b1fb20 table="directory" seconds=2.6e-6 stage="query_admission"
2026-09-09T19:54:57.583361Z DEBUG transparent_shard_server::service: query stage revision=5b7ee9849d47f5ee67d04eb6ca4588beacf42dce75e5a1b481dfd02607b1fb20 table="directory" seconds=6.074e-6 stage="query_runtime"
2026-09-09T19:54:57.583544Z DEBUG transparent_shard_server::service: query stage revision=5b7ee9849d47f5ee67d04eb6ca4588beacf42dce75e5a1b481dfd02607b1fb20 table="directory" seconds=6.4952e-5 stage="query_dispatch"
2026-09-09T19:54:57.592770Z DEBUG transparent_shard_server::service: query stage revision=5b7ee9849d47f5ee67d04eb6ca4588beacf42dce75e5a1b481dfd02607b1fb20 table="directory" seconds=0.017954062 stage="query_evaluate"
2026-09-09T19:54:57.601185Z DEBUG transparent_shard_server::service: query stage revision=5b7ee9849d47f5ee67d04eb6ca4588beacf42dce75e5a1b481dfd02607b1fb20 table="directory" seconds=0.017623703 stage="query_evaluate"
2026-09-09T19:54:57.750643Z DEBUG transparent_shard_server::service: query stage revision=5b7ee9849d47f5ee67d04eb6ca4588beacf42dce75e5a1b481dfd02607b1fb20 table="pages" seconds=3.066e-6 stage="query_admission"
2026-09-09T19:54:57.750682Z DEBUG transparent_shard_server::service: query stage revision=5b7ee9849d47f5ee67d04eb6ca4588beacf42dce75e5a1b481dfd02607b1fb20 table="pages" seconds=5.668e-6 stage="query_runtime"
2026-09-09T19:54:57.750782Z DEBUG transparent_shard_server::service: query stage revision=5b7ee9849d47f5ee67d04eb6ca4588beacf42dce75e5a1b481dfd02607b1fb20 table="pages" seconds=2.3103e-5 stage="query_dispatch"
2026-09-09T19:54:57.758643Z DEBUG transparent_shard_server::service: query stage revision=5b7ee9849d47f5ee67d04eb6ca4588beacf42dce75e5a1b481dfd02607b1fb20 table="pages" seconds=3.569e-6 stage="query_admission"
2026-09-09T19:54:57.758690Z DEBUG transparent_shard_server::service: query stage revision=5b7ee9849d47f5ee67d04eb6ca4588beacf42dce75e5a1b481dfd02607b1fb20 table="pages" seconds=7.291e-6 stage="query_runtime"
2026-09-09T19:54:57.758822Z DEBUG transparent_shard_server::service: query stage revision=5b7ee9849d47f5ee67d04eb6ca4588beacf42dce75e5a1b481dfd02607b1fb20 table="pages" seconds=2.5703e-5 stage="query_dispatch"
2026-09-09T19:54:57.772078Z DEBUG transparent_shard_server::service: query stage revision=5b7ee9849d47f5ee67d04eb6ca4588beacf42dce75e5a1b481dfd02607b1fb20 table="pages" seconds=0.02128677 stage="query_evaluate"
2026-09-09T19:54:57.791205Z DEBUG transparent_shard_server::service: query stage revision=5b7ee9849d47f5ee67d04eb6ca4588beacf42dce75e5a1b481dfd02607b1fb20 table="pages" seconds=0.032364207 stage="query_evaluate"
2026-09-09T19:54:57.835965Z DEBUG transparent_shard_server::runtime: construction stage geometry="recent-8k" table="directory" seconds=2.036707646 stage="pack_preprocessing"
2026-09-09T19:54:57.836281Z DEBUG transparent_shard_server::runtime: construction stage geometry="recent-8k" table="directory" seconds=0.00027414 stage="publish_parameters"
2026-09-09T19:54:57.837050Z DEBUG transparent_shard_server::runtime: runtime stage key=("be059aab39ac34125e0452548d6fbcfb1e7cdb7237a597bd59ee86011ed4882b", Directory, 0) seconds=2.91254221 stage="runtime_build"
2026-09-09T19:54:57.837077Z DEBUG transparent_shard_server::runtime: runtime stage key=("be059aab39ac34125e0452548d6fbcfb1e7cdb7237a597bd59ee86011ed4882b", Directory, 0) reserved_bytes=136314880 stage="serialization_handoff"
2026-09-09T19:54:57.837114Z DEBUG transparent_shard_server::runtime: runtime stage key=("be059aab39ac34125e0452548d6fbcfb1e7cdb7237a597bd59ee86011ed4882b", Pages, 0) seconds=3.06862434 stage="build_slot"
2026-09-09T19:54:57.837224Z DEBUG transparent_shard_server::memory: cold build admission wait seconds=9.1296e-5 admitted=true
2026-09-09T19:54:57.936204Z DEBUG transparent_shard_server::service: query stage revision=5b7ee9849d47f5ee67d04eb6ca4588beacf42dce75e5a1b481dfd02607b1fb20 table="directory" seconds=2.926e-6 stage="query_admission"
2026-09-09T19:54:57.936235Z DEBUG transparent_shard_server::service: query stage revision=5b7ee9849d47f5ee67d04eb6ca4588beacf42dce75e5a1b481dfd02607b1fb20 table="directory" seconds=5.755e-6 stage="query_runtime"
2026-09-09T19:54:57.938199Z DEBUG transparent_shard_server::service: query stage revision=5b7ee9849d47f5ee67d04eb6ca4588beacf42dce75e5a1b481dfd02607b1fb20 table="directory" seconds=0.001889775 stage="query_dispatch"
2026-09-09T19:54:57.950512Z DEBUG transparent_shard_server::service: query stage revision=5b7ee9849d47f5ee67d04eb6ca4588beacf42dce75e5a1b481dfd02607b1fb20 table="directory" seconds=2.69e-6 stage="query_admission"
2026-09-09T19:54:57.950540Z DEBUG transparent_shard_server::service: query stage revision=5b7ee9849d47f5ee67d04eb6ca4588beacf42dce75e5a1b481dfd02607b1fb20 table="directory" seconds=5.177e-6 stage="query_runtime"
2026-09-09T19:54:57.950775Z DEBUG transparent_shard_server::service: query stage revision=5b7ee9849d47f5ee67d04eb6ca4588beacf42dce75e5a1b481dfd02607b1fb20 table="directory" seconds=0.000156396 stage="query_dispatch"
2026-09-09T19:54:57.962699Z DEBUG transparent_shard_server::service: query stage revision=5b7ee9849d47f5ee67d04eb6ca4588beacf42dce75e5a1b481dfd02607b1fb20 table="directory" seconds=0.024478093 stage="query_evaluate"
2026-09-09T19:54:57.965024Z DEBUG transparent_shard_server::service: query stage revision=5b7ee9849d47f5ee67d04eb6ca4588beacf42dce75e5a1b481dfd02607b1fb20 table="directory" seconds=0.014231141 stage="query_evaluate"
2026-09-09T19:54:57.992062Z DEBUG transparent_shard_server::runtime: runtime stage key=("be059aab39ac34125e0452548d6fbcfb1e7cdb7237a597bd59ee86011ed4882b", Pages, 0) seconds=0.154794282 stage="source_load"
2026-09-09T19:54:58.120567Z DEBUG transparent_shard_server::service: query stage revision=5b7ee9849d47f5ee67d04eb6ca4588beacf42dce75e5a1b481dfd02607b1fb20 table="pages" seconds=2.999e-6 stage="query_admission"
2026-09-09T19:54:58.120606Z DEBUG transparent_shard_server::service: query stage revision=5b7ee9849d47f5ee67d04eb6ca4588beacf42dce75e5a1b481dfd02607b1fb20 table="pages" seconds=5.817e-6 stage="query_runtime"
2026-09-09T19:54:58.120710Z DEBUG transparent_shard_server::service: query stage revision=5b7ee9849d47f5ee67d04eb6ca4588beacf42dce75e5a1b481dfd02607b1fb20 table="pages" seconds=1.4789e-5 stage="query_dispatch"
2026-09-09T19:54:58.136101Z DEBUG transparent_shard_server::service: query stage revision=5b7ee9849d47f5ee67d04eb6ca4588beacf42dce75e5a1b481dfd02607b1fb20 table="pages" seconds=0.015382334 stage="query_evaluate"
2026-09-09T19:54:58.137982Z DEBUG transparent_shard_server::service: query stage revision=5b7ee9849d47f5ee67d04eb6ca4588beacf42dce75e5a1b481dfd02607b1fb20 table="pages" seconds=2.191e-6 stage="query_admission"
2026-09-09T19:54:58.138007Z DEBUG transparent_shard_server::service: query stage revision=5b7ee9849d47f5ee67d04eb6ca4588beacf42dce75e5a1b481dfd02607b1fb20 table="pages" seconds=4.294e-6 stage="query_runtime"
2026-09-09T19:54:58.138179Z DEBUG transparent_shard_server::service: query stage revision=5b7ee9849d47f5ee67d04eb6ca4588beacf42dce75e5a1b481dfd02607b1fb20 table="pages" seconds=9.3702e-5 stage="query_dispatch"
2026-09-09T19:54:58.151083Z DEBUG transparent_shard_server::service: query stage revision=5b7ee9849d47f5ee67d04eb6ca4588beacf42dce75e5a1b481dfd02607b1fb20 table="pages" seconds=0.012870855 stage="query_evaluate"
2026-09-09T19:54:58.297430Z DEBUG transparent_shard_server::service: query stage revision=5b7ee9849d47f5ee67d04eb6ca4588beacf42dce75e5a1b481dfd02607b1fb20 table="directory" seconds=2.414e-6 stage="query_admission"
2026-09-09T19:54:58.297461Z DEBUG transparent_shard_server::service: query stage revision=5b7ee9849d47f5ee67d04eb6ca4588beacf42dce75e5a1b481dfd02607b1fb20 table="directory" seconds=5.078e-6 stage="query_runtime"
2026-09-09T19:54:58.297554Z DEBUG transparent_shard_server::service: query stage revision=5b7ee9849d47f5ee67d04eb6ca4588beacf42dce75e5a1b481dfd02607b1fb20 table="directory" seconds=1.4062e-5 stage="query_dispatch"
2026-09-09T19:54:58.299212Z DEBUG transparent_shard_server::runtime: construction stage geometry="recent-8k" table="pages" seconds=0.307119964 stage="encode_database"
2026-09-09T19:54:58.299313Z DEBUG transparent_shard_server::runtime: construction stage geometry="recent-8k" table="pages" seconds=7.3469e-5 stage="public_setup"
2026-09-09T19:54:58.317475Z DEBUG transparent_shard_server::service: query stage revision=5b7ee9849d47f5ee67d04eb6ca4588beacf42dce75e5a1b481dfd02607b1fb20 table="directory" seconds=2.987e-6 stage="query_admission"
2026-09-09T19:54:58.317516Z DEBUG transparent_shard_server::service: query stage revision=5b7ee9849d47f5ee67d04eb6ca4588beacf42dce75e5a1b481dfd02607b1fb20 table="directory" seconds=5.012e-6 stage="query_runtime"
2026-09-09T19:54:58.317601Z DEBUG transparent_shard_server::service: query stage revision=5b7ee9849d47f5ee67d04eb6ca4588beacf42dce75e5a1b481dfd02607b1fb20 table="directory" seconds=1.778e-5 stage="query_dispatch"
2026-09-09T19:54:58.576015Z DEBUG transparent_shard_server::runtime: runtime stage key=("be059aab39ac34125e0452548d6fbcfb1e7cdb7237a597bd59ee86011ed4882b", Directory, 0) seconds=0.738932639 stage="disk_save"
2026-09-09T19:54:58.911762Z DEBUG transparent_shard_server::service: query stage revision=5b7ee9849d47f5ee67d04eb6ca4588beacf42dce75e5a1b481dfd02607b1fb20 table="directory" seconds=0.614199887 stage="query_evaluate"
2026-09-09T19:54:58.913224Z DEBUG transparent_shard_server::service: query stage revision=5b7ee9849d47f5ee67d04eb6ca4588beacf42dce75e5a1b481dfd02607b1fb20 table="directory" seconds=0.595604236 stage="query_evaluate"
2026-09-09T19:54:58.913345Z DEBUG transparent_shard_server::runtime: construction stage geometry="recent-8k" table="pages" seconds=0.614027016 stage="hint_columns"
2026-09-09T19:54:59.069294Z DEBUG transparent_shard_server::service: query stage revision=5b7ee9849d47f5ee67d04eb6ca4588beacf42dce75e5a1b481dfd02607b1fb20 table="pages" seconds=2.873e-6 stage="query_admission"
2026-09-09T19:54:59.069333Z DEBUG transparent_shard_server::service: query stage revision=5b7ee9849d47f5ee67d04eb6ca4588beacf42dce75e5a1b481dfd02607b1fb20 table="pages" seconds=5.585e-6 stage="query_runtime"
2026-09-09T19:54:59.069443Z DEBUG transparent_shard_server::service: query stage revision=5b7ee9849d47f5ee67d04eb6ca4588beacf42dce75e5a1b481dfd02607b1fb20 table="pages" seconds=3.2077e-5 stage="query_dispatch"
2026-09-09T19:54:59.072337Z DEBUG transparent_shard_server::service: query stage revision=5b7ee9849d47f5ee67d04eb6ca4588beacf42dce75e5a1b481dfd02607b1fb20 table="pages" seconds=3.558e-6 stage="query_admission"
2026-09-09T19:54:59.072377Z DEBUG transparent_shard_server::service: query stage revision=5b7ee9849d47f5ee67d04eb6ca4588beacf42dce75e5a1b481dfd02607b1fb20 table="pages" seconds=1.5477e-5 stage="query_runtime"
2026-09-09T19:54:59.072456Z DEBUG transparent_shard_server::service: query stage revision=5b7ee9849d47f5ee67d04eb6ca4588beacf42dce75e5a1b481dfd02607b1fb20 table="pages" seconds=1.3181e-5 stage="query_dispatch"
2026-09-09T19:54:59.082796Z DEBUG transparent_shard_server::service: query stage revision=5b7ee9849d47f5ee67d04eb6ca4588beacf42dce75e5a1b481dfd02607b1fb20 table="pages" seconds=0.013329933 stage="query_evaluate"
2026-09-09T19:54:59.090306Z DEBUG transparent_shard_server::service: query stage revision=5b7ee9849d47f5ee67d04eb6ca4588beacf42dce75e5a1b481dfd02607b1fb20 table="pages" seconds=0.017831526 stage="query_evaluate"
2026-09-09T19:54:59.241808Z DEBUG transparent_shard_server::service: query stage revision=5b7ee9849d47f5ee67d04eb6ca4588beacf42dce75e5a1b481dfd02607b1fb20 table="directory" seconds=3.21e-6 stage="query_admission"
2026-09-09T19:54:59.241847Z DEBUG transparent_shard_server::service: query stage revision=5b7ee9849d47f5ee67d04eb6ca4588beacf42dce75e5a1b481dfd02607b1fb20 table="directory" seconds=6.981e-6 stage="query_runtime"
2026-09-09T19:54:59.241950Z DEBUG transparent_shard_server::service: query stage revision=5b7ee9849d47f5ee67d04eb6ca4588beacf42dce75e5a1b481dfd02607b1fb20 table="directory" seconds=2.5841e-5 stage="query_dispatch"
2026-09-09T19:54:59.247286Z DEBUG transparent_shard_server::service: query stage revision=5b7ee9849d47f5ee67d04eb6ca4588beacf42dce75e5a1b481dfd02607b1fb20 table="directory" seconds=2.876e-6 stage="query_admission"
2026-09-09T19:54:59.247321Z DEBUG transparent_shard_server::service: query stage revision=5b7ee9849d47f5ee67d04eb6ca4588beacf42dce75e5a1b481dfd02607b1fb20 table="directory" seconds=5.273e-6 stage="query_runtime"
2026-09-09T19:54:59.247412Z DEBUG transparent_shard_server::service: query stage revision=5b7ee9849d47f5ee67d04eb6ca4588beacf42dce75e5a1b481dfd02607b1fb20 table="directory" seconds=2.2642e-5 stage="query_dispatch"
2026-09-09T19:54:59.259622Z DEBUG transparent_shard_server::service: query stage revision=5b7ee9849d47f5ee67d04eb6ca4588beacf42dce75e5a1b481dfd02607b1fb20 table="directory" seconds=0.017652704 stage="query_evaluate"
2026-09-09T19:54:59.260498Z DEBUG transparent_shard_server::service: query stage revision=5b7ee9849d47f5ee67d04eb6ca4588beacf42dce75e5a1b481dfd02607b1fb20 table="directory" seconds=0.013065688 stage="query_evaluate"
2026-09-09T19:54:59.416073Z DEBUG transparent_shard_server::service: query stage revision=5b7ee9849d47f5ee67d04eb6ca4588beacf42dce75e5a1b481dfd02607b1fb20 table="pages" seconds=3.955e-6 stage="query_admission"
2026-09-09T19:54:59.416114Z DEBUG transparent_shard_server::service: query stage revision=5b7ee9849d47f5ee67d04eb6ca4588beacf42dce75e5a1b481dfd02607b1fb20 table="pages" seconds=8.247e-6 stage="query_runtime"
2026-09-09T19:54:59.416226Z DEBUG transparent_shard_server::service: query stage revision=5b7ee9849d47f5ee67d04eb6ca4588beacf42dce75e5a1b481dfd02607b1fb20 table="pages" seconds=2.2637e-5 stage="query_dispatch"
2026-09-09T19:54:59.416244Z DEBUG transparent_shard_server::service: query stage revision=5b7ee9849d47f5ee67d04eb6ca4588beacf42dce75e5a1b481dfd02607b1fb20 table="pages" seconds=1.79e-6 stage="query_admission"
2026-09-09T19:54:59.416264Z DEBUG transparent_shard_server::service: query stage revision=5b7ee9849d47f5ee67d04eb6ca4588beacf42dce75e5a1b481dfd02607b1fb20 table="pages" seconds=4.44e-6 stage="query_runtime"
2026-09-09T19:54:59.416361Z DEBUG transparent_shard_server::service: query stage revision=5b7ee9849d47f5ee67d04eb6ca4588beacf42dce75e5a1b481dfd02607b1fb20 table="pages" seconds=3.198e-5 stage="query_dispatch"
2026-09-09T19:54:59.427226Z DEBUG transparent_shard_server::service: query stage revision=5b7ee9849d47f5ee67d04eb6ca4588beacf42dce75e5a1b481dfd02607b1fb20 table="pages" seconds=0.010990351 stage="query_evaluate"
2026-09-09T19:54:59.433552Z DEBUG transparent_shard_server::service: query stage revision=5b7ee9849d47f5ee67d04eb6ca4588beacf42dce75e5a1b481dfd02607b1fb20 table="pages" seconds=0.017174265 stage="query_evaluate"
2026-09-09T19:54:59.588056Z DEBUG transparent_shard_server::service: query stage revision=5b7ee9849d47f5ee67d04eb6ca4588beacf42dce75e5a1b481dfd02607b1fb20 table="directory" seconds=2.531e-6 stage="query_admission"
2026-09-09T19:54:59.588080Z DEBUG transparent_shard_server::service: query stage revision=5b7ee9849d47f5ee67d04eb6ca4588beacf42dce75e5a1b481dfd02607b1fb20 table="directory" seconds=2.3e-6 stage="query_admission"
2026-09-09T19:54:59.588125Z DEBUG transparent_shard_server::service: query stage revision=5b7ee9849d47f5ee67d04eb6ca4588beacf42dce75e5a1b481dfd02607b1fb20 table="directory" seconds=5.39e-6 stage="query_runtime"
2026-09-09T19:54:59.588099Z DEBUG transparent_shard_server::service: query stage revision=5b7ee9849d47f5ee67d04eb6ca4588beacf42dce75e5a1b481dfd02607b1fb20 table="directory" seconds=4.685e-6 stage="query_runtime"
2026-09-09T19:54:59.588227Z DEBUG transparent_shard_server::service: query stage revision=5b7ee9849d47f5ee67d04eb6ca4588beacf42dce75e5a1b481dfd02607b1fb20 table="directory" seconds=1.0486e-5 stage="query_dispatch"
2026-09-09T19:54:59.588248Z DEBUG transparent_shard_server::service: query stage revision=5b7ee9849d47f5ee67d04eb6ca4588beacf42dce75e5a1b481dfd02607b1fb20 table="directory" seconds=2.9379e-5 stage="query_dispatch"
2026-09-09T19:54:59.603872Z DEBUG transparent_shard_server::service: query stage revision=5b7ee9849d47f5ee67d04eb6ca4588beacf42dce75e5a1b481dfd02607b1fb20 table="directory" seconds=0.015634312 stage="query_evaluate"
2026-09-09T19:54:59.604584Z DEBUG transparent_shard_server::service: query stage revision=5b7ee9849d47f5ee67d04eb6ca4588beacf42dce75e5a1b481dfd02607b1fb20 table="directory" seconds=0.016315171 stage="query_evaluate"
2026-09-09T19:54:59.772420Z DEBUG transparent_shard_server::service: query stage revision=5b7ee9849d47f5ee67d04eb6ca4588beacf42dce75e5a1b481dfd02607b1fb20 table="pages" seconds=2.405e-6 stage="query_admission"
2026-09-09T19:54:59.772468Z DEBUG transparent_shard_server::service: query stage revision=5b7ee9849d47f5ee67d04eb6ca4588beacf42dce75e5a1b481dfd02607b1fb20 table="pages" seconds=4.59e-6 stage="query_runtime"
2026-09-09T19:54:59.772532Z DEBUG transparent_shard_server::service: query stage revision=5b7ee9849d47f5ee67d04eb6ca4588beacf42dce75e5a1b481dfd02607b1fb20 table="pages" seconds=2.268e-6 stage="query_admission"
2026-09-09T19:54:59.772558Z DEBUG transparent_shard_server::service: query stage revision=5b7ee9849d47f5ee67d04eb6ca4588beacf42dce75e5a1b481dfd02607b1fb20 table="pages" seconds=3.803e-6 stage="query_runtime"
2026-09-09T19:54:59.772632Z DEBUG transparent_shard_server::service: query stage revision=5b7ee9849d47f5ee67d04eb6ca4588beacf42dce75e5a1b481dfd02607b1fb20 table="pages" seconds=0.000102239 stage="query_dispatch"
2026-09-09T19:54:59.773022Z DEBUG transparent_shard_server::service: query stage revision=5b7ee9849d47f5ee67d04eb6ca4588beacf42dce75e5a1b481dfd02607b1fb20 table="pages" seconds=0.000398835 stage="query_dispatch"
2026-09-09T19:54:59.816619Z DEBUG transparent_shard_server::service: query stage revision=5b7ee9849d47f5ee67d04eb6ca4588beacf42dce75e5a1b481dfd02607b1fb20 table="pages" seconds=0.043978727 stage="query_evaluate"
2026-09-09T19:54:59.817239Z DEBUG transparent_shard_server::service: query stage revision=5b7ee9849d47f5ee67d04eb6ca4588beacf42dce75e5a1b481dfd02607b1fb20 table="pages" seconds=0.044211363 stage="query_evaluate"
2026-09-09T19:54:59.979549Z DEBUG transparent_shard_server::service: query stage revision=5b7ee9849d47f5ee67d04eb6ca4588beacf42dce75e5a1b481dfd02607b1fb20 table="directory" seconds=3.437e-6 stage="query_admission"
2026-09-09T19:54:59.979586Z DEBUG transparent_shard_server::service: query stage revision=5b7ee9849d47f5ee67d04eb6ca4588beacf42dce75e5a1b481dfd02607b1fb20 table="directory" seconds=5.497e-6 stage="query_runtime"
2026-09-09T19:54:59.979679Z DEBUG transparent_shard_server::service: query stage revision=5b7ee9849d47f5ee67d04eb6ca4588beacf42dce75e5a1b481dfd02607b1fb20 table="directory" seconds=2.3911e-5 stage="query_dispatch"
2026-09-09T19:54:59.979755Z DEBUG transparent_shard_server::service: query stage revision=5b7ee9849d47f5ee67d04eb6ca4588beacf42dce75e5a1b481dfd02607b1fb20 table="directory" seconds=1.235e-6 stage="query_admission"
2026-09-09T19:54:59.979762Z DEBUG transparent_shard_server::service: query stage revision=5b7ee9849d47f5ee67d04eb6ca4588beacf42dce75e5a1b481dfd02607b1fb20 table="directory" seconds=2.696e-6 stage="query_runtime"
2026-09-09T19:54:59.979816Z DEBUG transparent_shard_server::service: query stage revision=5b7ee9849d47f5ee67d04eb6ca4588beacf42dce75e5a1b481dfd02607b1fb20 table="directory" seconds=2.3011e-5 stage="query_dispatch"
2026-09-09T19:55:00.042143Z DEBUG transparent_shard_server::service: query stage revision=5b7ee9849d47f5ee67d04eb6ca4588beacf42dce75e5a1b481dfd02607b1fb20 table="directory" seconds=0.062320535 stage="query_evaluate"
2026-09-09T19:55:00.042140Z DEBUG transparent_shard_server::service: query stage revision=5b7ee9849d47f5ee67d04eb6ca4588beacf42dce75e5a1b481dfd02607b1fb20 table="directory" seconds=0.06243615 stage="query_evaluate"
2026-09-09T19:55:00.202112Z DEBUG transparent_shard_server::service: query stage revision=5b7ee9849d47f5ee67d04eb6ca4588beacf42dce75e5a1b481dfd02607b1fb20 table="pages" seconds=2.419e-6 stage="query_admission"
2026-09-09T19:55:00.202194Z DEBUG transparent_shard_server::service: query stage revision=5b7ee9849d47f5ee67d04eb6ca4588beacf42dce75e5a1b481dfd02607b1fb20 table="pages" seconds=6.522e-6 stage="query_runtime"
2026-09-09T19:55:00.202136Z DEBUG transparent_shard_server::service: query stage revision=5b7ee9849d47f5ee67d04eb6ca4588beacf42dce75e5a1b481dfd02607b1fb20 table="pages" seconds=1.964e-6 stage="query_admission"
2026-09-09T19:55:00.202214Z DEBUG transparent_shard_server::service: query stage revision=5b7ee9849d47f5ee67d04eb6ca4588beacf42dce75e5a1b481dfd02607b1fb20 table="pages" seconds=4.675e-6 stage="query_runtime"
2026-09-09T19:55:00.202302Z DEBUG transparent_shard_server::service: query stage revision=5b7ee9849d47f5ee67d04eb6ca4588beacf42dce75e5a1b481dfd02607b1fb20 table="pages" seconds=1.121e-5 stage="query_dispatch"
2026-09-09T19:55:00.202679Z DEBUG transparent_shard_server::service: query stage revision=5b7ee9849d47f5ee67d04eb6ca4588beacf42dce75e5a1b481dfd02607b1fb20 table="pages" seconds=0.000371438 stage="query_dispatch"
2026-09-09T19:55:00.229835Z DEBUG transparent_shard_server::service: query stage revision=5b7ee9849d47f5ee67d04eb6ca4588beacf42dce75e5a1b481dfd02607b1fb20 table="pages" seconds=0.027525624 stage="query_evaluate"
2026-09-09T19:55:00.230419Z DEBUG transparent_shard_server::service: query stage revision=5b7ee9849d47f5ee67d04eb6ca4588beacf42dce75e5a1b481dfd02607b1fb20 table="pages" seconds=0.027734387 stage="query_evaluate"
2026-09-09T19:55:00.389966Z DEBUG transparent_shard_server::service: query stage revision=5b7ee9849d47f5ee67d04eb6ca4588beacf42dce75e5a1b481dfd02607b1fb20 table="directory" seconds=3.094e-6 stage="query_admission"
2026-09-09T19:55:00.390000Z DEBUG transparent_shard_server::service: query stage revision=5b7ee9849d47f5ee67d04eb6ca4588beacf42dce75e5a1b481dfd02607b1fb20 table="directory" seconds=4.94e-6 stage="query_runtime"
2026-09-09T19:55:00.390029Z DEBUG transparent_shard_server::service: query stage revision=5b7ee9849d47f5ee67d04eb6ca4588beacf42dce75e5a1b481dfd02607b1fb20 table="directory" seconds=1.909e-6 stage="query_admission"
2026-09-09T19:55:00.390049Z DEBUG transparent_shard_server::service: query stage revision=5b7ee9849d47f5ee67d04eb6ca4588beacf42dce75e5a1b481dfd02607b1fb20 table="directory" seconds=3.926e-6 stage="query_runtime"
2026-09-09T19:55:00.390215Z DEBUG transparent_shard_server::service: query stage revision=5b7ee9849d47f5ee67d04eb6ca4588beacf42dce75e5a1b481dfd02607b1fb20 table="directory" seconds=0.000168236 stage="query_dispatch"
2026-09-09T19:55:00.393572Z DEBUG transparent_shard_server::service: query stage revision=5b7ee9849d47f5ee67d04eb6ca4588beacf42dce75e5a1b481dfd02607b1fb20 table="directory" seconds=0.003457662 stage="query_dispatch"
2026-09-09T19:55:00.403772Z DEBUG transparent_shard_server::service: query stage revision=5b7ee9849d47f5ee67d04eb6ca4588beacf42dce75e5a1b481dfd02607b1fb20 table="directory" seconds=0.013540427 stage="query_evaluate"
2026-09-09T19:55:00.414128Z DEBUG transparent_shard_server::service: query stage revision=5b7ee9849d47f5ee67d04eb6ca4588beacf42dce75e5a1b481dfd02607b1fb20 table="directory" seconds=0.020525228 stage="query_evaluate"
2026-09-09T19:55:00.565112Z DEBUG transparent_shard_server::service: query stage revision=5b7ee9849d47f5ee67d04eb6ca4588beacf42dce75e5a1b481dfd02607b1fb20 table="pages" seconds=2.784e-6 stage="query_admission"
2026-09-09T19:55:00.565155Z DEBUG transparent_shard_server::service: query stage revision=5b7ee9849d47f5ee67d04eb6ca4588beacf42dce75e5a1b481dfd02607b1fb20 table="pages" seconds=5.702e-6 stage="query_runtime"
2026-09-09T19:55:00.565290Z DEBUG transparent_shard_server::service: query stage revision=5b7ee9849d47f5ee67d04eb6ca4588beacf42dce75e5a1b481dfd02607b1fb20 table="pages" seconds=3.2281e-5 stage="query_dispatch"
2026-09-09T19:55:00.572505Z DEBUG transparent_shard_server::service: query stage revision=5b7ee9849d47f5ee67d04eb6ca4588beacf42dce75e5a1b481dfd02607b1fb20 table="pages" seconds=2.355e-6 stage="query_admission"
2026-09-09T19:55:00.572540Z DEBUG transparent_shard_server::service: query stage revision=5b7ee9849d47f5ee67d04eb6ca4588beacf42dce75e5a1b481dfd02607b1fb20 table="pages" seconds=5.418e-6 stage="query_runtime"
2026-09-09T19:55:00.572627Z DEBUG transparent_shard_server::service: query stage revision=5b7ee9849d47f5ee67d04eb6ca4588beacf42dce75e5a1b481dfd02607b1fb20 table="pages" seconds=1.2673e-5 stage="query_dispatch"
2026-09-09T19:55:00.588859Z DEBUG transparent_shard_server::service: query stage revision=5b7ee9849d47f5ee67d04eb6ca4588beacf42dce75e5a1b481dfd02607b1fb20 table="pages" seconds=0.023546645 stage="query_evaluate"
2026-09-09T19:55:00.588891Z DEBUG transparent_shard_server::service: query stage revision=5b7ee9849d47f5ee67d04eb6ca4588beacf42dce75e5a1b481dfd02607b1fb20 table="pages" seconds=0.016257621 stage="query_evaluate"
2026-09-09T19:55:00.749564Z DEBUG transparent_shard_server::service: query stage revision=5b7ee9849d47f5ee67d04eb6ca4588beacf42dce75e5a1b481dfd02607b1fb20 table="directory" seconds=2.816e-6 stage="query_admission"
2026-09-09T19:55:00.749601Z DEBUG transparent_shard_server::service: query stage revision=5b7ee9849d47f5ee67d04eb6ca4588beacf42dce75e5a1b481dfd02607b1fb20 table="directory" seconds=6.11e-6 stage="query_runtime"
2026-09-09T19:55:00.749713Z DEBUG transparent_shard_server::service: query stage revision=5b7ee9849d47f5ee67d04eb6ca4588beacf42dce75e5a1b481dfd02607b1fb20 table="directory" seconds=3.0212e-5 stage="query_dispatch"
2026-09-09T19:55:00.749826Z DEBUG transparent_shard_server::service: query stage revision=5b7ee9849d47f5ee67d04eb6ca4588beacf42dce75e5a1b481dfd02607b1fb20 table="directory" seconds=1.44e-6 stage="query_admission"
2026-09-09T19:55:00.749835Z DEBUG transparent_shard_server::service: query stage revision=5b7ee9849d47f5ee67d04eb6ca4588beacf42dce75e5a1b481dfd02607b1fb20 table="directory" seconds=2.292e-6 stage="query_runtime"
2026-09-09T19:55:00.749881Z DEBUG transparent_shard_server::service: query stage revision=5b7ee9849d47f5ee67d04eb6ca4588beacf42dce75e5a1b481dfd02607b1fb20 table="directory" seconds=1.3517e-5 stage="query_dispatch"
2026-09-09T19:55:00.765064Z DEBUG transparent_shard_server::service: query stage revision=5b7ee9849d47f5ee67d04eb6ca4588beacf42dce75e5a1b481dfd02607b1fb20 table="directory" seconds=0.015175605 stage="query_evaluate"
2026-09-09T19:55:00.774276Z DEBUG transparent_shard_server::service: query stage revision=5b7ee9849d47f5ee67d04eb6ca4588beacf42dce75e5a1b481dfd02607b1fb20 table="directory" seconds=0.024542158 stage="query_evaluate"
2026-09-09T19:55:00.924565Z DEBUG transparent_shard_server::service: query stage revision=5b7ee9849d47f5ee67d04eb6ca4588beacf42dce75e5a1b481dfd02607b1fb20 table="pages" seconds=2.847e-6 stage="query_admission"
2026-09-09T19:55:00.924601Z DEBUG transparent_shard_server::service: query stage revision=5b7ee9849d47f5ee67d04eb6ca4588beacf42dce75e5a1b481dfd02607b1fb20 table="pages" seconds=5.06e-6 stage="query_runtime"
2026-09-09T19:55:00.924685Z DEBUG transparent_shard_server::service: query stage revision=5b7ee9849d47f5ee67d04eb6ca4588beacf42dce75e5a1b481dfd02607b1fb20 table="pages" seconds=1.1889e-5 stage="query_dispatch"
2026-09-09T19:55:00.931466Z DEBUG transparent_shard_server::service: query stage revision=5b7ee9849d47f5ee67d04eb6ca4588beacf42dce75e5a1b481dfd02607b1fb20 table="pages" seconds=2.19e-6 stage="query_admission"
2026-09-09T19:55:00.931500Z DEBUG transparent_shard_server::service: query stage revision=5b7ee9849d47f5ee67d04eb6ca4588beacf42dce75e5a1b481dfd02607b1fb20 table="pages" seconds=4.279e-6 stage="query_runtime"
2026-09-09T19:55:00.931595Z DEBUG transparent_shard_server::service: query stage revision=5b7ee9849d47f5ee67d04eb6ca4588beacf42dce75e5a1b481dfd02607b1fb20 table="pages" seconds=2.3693e-5 stage="query_dispatch"
2026-09-09T19:55:00.941841Z DEBUG transparent_shard_server::service: query stage revision=5b7ee9849d47f5ee67d04eb6ca4588beacf42dce75e5a1b481dfd02607b1fb20 table="pages" seconds=0.017149357 stage="query_evaluate"
2026-09-09T19:55:00.950180Z DEBUG transparent_shard_server::service: query stage revision=5b7ee9849d47f5ee67d04eb6ca4588beacf42dce75e5a1b481dfd02607b1fb20 table="pages" seconds=0.018563784 stage="query_evaluate"
2026-09-09T19:55:00.988905Z DEBUG transparent_shard_server::runtime: construction stage geometry="recent-8k" table="pages" seconds=2.075544457 stage="pack_preprocessing"
2026-09-09T19:55:00.989225Z DEBUG transparent_shard_server::runtime: construction stage geometry="recent-8k" table="pages" seconds=0.000281547 stage="publish_parameters"
2026-09-09T19:55:00.990000Z DEBUG transparent_shard_server::runtime: runtime stage key=("be059aab39ac34125e0452548d6fbcfb1e7cdb7237a597bd59ee86011ed4882b", Pages, 0) seconds=2.997909094 stage="runtime_build"
2026-09-09T19:55:00.990039Z DEBUG transparent_shard_server::runtime: runtime stage key=("be059aab39ac34125e0452548d6fbcfb1e7cdb7237a597bd59ee86011ed4882b", Pages, 0) reserved_bytes=136314880 stage="serialization_handoff"
2026-09-09T19:55:01.104332Z DEBUG transparent_shard_server::service: query stage revision=5b7ee9849d47f5ee67d04eb6ca4588beacf42dce75e5a1b481dfd02607b1fb20 table="directory" seconds=2.275e-6 stage="query_admission"
2026-09-09T19:55:01.104362Z DEBUG transparent_shard_server::service: query stage revision=5b7ee9849d47f5ee67d04eb6ca4588beacf42dce75e5a1b481dfd02607b1fb20 table="directory" seconds=5.547e-6 stage="query_runtime"
2026-09-09T19:55:01.104488Z DEBUG transparent_shard_server::service: query stage revision=5b7ee9849d47f5ee67d04eb6ca4588beacf42dce75e5a1b481dfd02607b1fb20 table="directory" seconds=4.0379e-5 stage="query_dispatch"
2026-09-09T19:55:01.107342Z DEBUG transparent_shard_server::service: query stage revision=5b7ee9849d47f5ee67d04eb6ca4588beacf42dce75e5a1b481dfd02607b1fb20 table="directory" seconds=2.534e-6 stage="query_admission"
2026-09-09T19:55:01.107373Z DEBUG transparent_shard_server::service: query stage revision=5b7ee9849d47f5ee67d04eb6ca4588beacf42dce75e5a1b481dfd02607b1fb20 table="directory" seconds=5.34e-6 stage="query_runtime"
2026-09-09T19:55:01.107481Z DEBUG transparent_shard_server::service: query stage revision=5b7ee9849d47f5ee67d04eb6ca4588beacf42dce75e5a1b481dfd02607b1fb20 table="directory" seconds=2.313e-5 stage="query_dispatch"
2026-09-09T19:55:01.116656Z DEBUG transparent_shard_server::service: query stage revision=5b7ee9849d47f5ee67d04eb6ca4588beacf42dce75e5a1b481dfd02607b1fb20 table="directory" seconds=0.01214725 stage="query_evaluate"
2026-09-09T19:55:01.123475Z DEBUG transparent_shard_server::service: query stage revision=5b7ee9849d47f5ee67d04eb6ca4588beacf42dce75e5a1b481dfd02607b1fb20 table="directory" seconds=0.015986986 stage="query_evaluate"
2026-09-09T19:55:01.279306Z DEBUG transparent_shard_server::service: query stage revision=5b7ee9849d47f5ee67d04eb6ca4588beacf42dce75e5a1b481dfd02607b1fb20 table="pages" seconds=3.798e-6 stage="query_admission"
2026-09-09T19:55:01.279345Z DEBUG transparent_shard_server::service: query stage revision=5b7ee9849d47f5ee67d04eb6ca4588beacf42dce75e5a1b481dfd02607b1fb20 table="pages" seconds=6.618e-6 stage="query_runtime"
2026-09-09T19:55:01.279501Z DEBUG transparent_shard_server::service: query stage revision=5b7ee9849d47f5ee67d04eb6ca4588beacf42dce75e5a1b481dfd02607b1fb20 table="pages" seconds=5.1272e-5 stage="query_dispatch"
2026-09-09T19:55:01.282030Z DEBUG transparent_shard_server::service: query stage revision=5b7ee9849d47f5ee67d04eb6ca4588beacf42dce75e5a1b481dfd02607b1fb20 table="pages" seconds=2.311e-6 stage="query_admission"
2026-09-09T19:55:01.282058Z DEBUG transparent_shard_server::service: query stage revision=5b7ee9849d47f5ee67d04eb6ca4588beacf42dce75e5a1b481dfd02607b1fb20 table="pages" seconds=4.369e-6 stage="query_runtime"
2026-09-09T19:55:01.282343Z DEBUG transparent_shard_server::service: query stage revision=5b7ee9849d47f5ee67d04eb6ca4588beacf42dce75e5a1b481dfd02607b1fb20 table="pages" seconds=0.000208417 stage="query_dispatch"
2026-09-09T19:55:01.297258Z DEBUG transparent_shard_server::service: query stage revision=5b7ee9849d47f5ee67d04eb6ca4588beacf42dce75e5a1b481dfd02607b1fb20 table="pages" seconds=0.014891953 stage="query_evaluate"
2026-09-09T19:55:01.297820Z DEBUG transparent_shard_server::service: query stage revision=5b7ee9849d47f5ee67d04eb6ca4588beacf42dce75e5a1b481dfd02607b1fb20 table="pages" seconds=0.018300859 stage="query_evaluate"
2026-09-09T19:55:01.458751Z DEBUG transparent_shard_server::service: query stage revision=5b7ee9849d47f5ee67d04eb6ca4588beacf42dce75e5a1b481dfd02607b1fb20 table="directory" seconds=3.397e-6 stage="query_admission"
2026-09-09T19:55:01.458791Z DEBUG transparent_shard_server::service: query stage revision=5b7ee9849d47f5ee67d04eb6ca4588beacf42dce75e5a1b481dfd02607b1fb20 table="directory" seconds=8.199e-6 stage="query_runtime"
2026-09-09T19:55:01.458914Z DEBUG transparent_shard_server::service: query stage revision=5b7ee9849d47f5ee67d04eb6ca4588beacf42dce75e5a1b481dfd02607b1fb20 table="directory" seconds=1.4251e-5 stage="query_dispatch"
2026-09-09T19:55:01.459526Z DEBUG transparent_shard_server::service: query stage revision=5b7ee9849d47f5ee67d04eb6ca4588beacf42dce75e5a1b481dfd02607b1fb20 table="directory" seconds=2.121e-6 stage="query_admission"
2026-09-09T19:55:01.459543Z DEBUG transparent_shard_server::service: query stage revision=5b7ee9849d47f5ee67d04eb6ca4588beacf42dce75e5a1b481dfd02607b1fb20 table="directory" seconds=3.167e-6 stage="query_runtime"
2026-09-09T19:55:01.459616Z DEBUG transparent_shard_server::service: query stage revision=5b7ee9849d47f5ee67d04eb6ca4588beacf42dce75e5a1b481dfd02607b1fb20 table="directory" seconds=2.2656e-5 stage="query_dispatch"
2026-09-09T19:55:01.475114Z DEBUG transparent_shard_server::service: query stage revision=5b7ee9849d47f5ee67d04eb6ca4588beacf42dce75e5a1b481dfd02607b1fb20 table="directory" seconds=0.015477823 stage="query_evaluate"
2026-09-09T19:55:01.475114Z DEBUG transparent_shard_server::service: query stage revision=5b7ee9849d47f5ee67d04eb6ca4588beacf42dce75e5a1b481dfd02607b1fb20 table="directory" seconds=0.016191604 stage="query_evaluate"
2026-09-09T19:55:01.632290Z DEBUG transparent_shard_server::service: query stage revision=5b7ee9849d47f5ee67d04eb6ca4588beacf42dce75e5a1b481dfd02607b1fb20 table="pages" seconds=3.076e-6 stage="query_admission"
2026-09-09T19:55:01.632326Z DEBUG transparent_shard_server::service: query stage revision=5b7ee9849d47f5ee67d04eb6ca4588beacf42dce75e5a1b481dfd02607b1fb20 table="pages" seconds=6.395e-6 stage="query_runtime"
2026-09-09T19:55:01.632454Z DEBUG transparent_shard_server::service: query stage revision=5b7ee9849d47f5ee67d04eb6ca4588beacf42dce75e5a1b481dfd02607b1fb20 table="pages" seconds=3.6009e-5 stage="query_dispatch"
2026-09-09T19:55:01.641579Z DEBUG transparent_shard_server::service: query stage revision=5b7ee9849d47f5ee67d04eb6ca4588beacf42dce75e5a1b481dfd02607b1fb20 table="pages" seconds=2.671e-6 stage="query_admission"
2026-09-09T19:55:01.641613Z DEBUG transparent_shard_server::service: query stage revision=5b7ee9849d47f5ee67d04eb6ca4588beacf42dce75e5a1b481dfd02607b1fb20 table="pages" seconds=5.6e-6 stage="query_runtime"
2026-09-09T19:55:01.641847Z DEBUG transparent_shard_server::service: query stage revision=5b7ee9849d47f5ee67d04eb6ca4588beacf42dce75e5a1b481dfd02607b1fb20 table="pages" seconds=0.000191842 stage="query_dispatch"
2026-09-09T19:55:01.645048Z DEBUG transparent_shard_server::service: query stage revision=5b7ee9849d47f5ee67d04eb6ca4588beacf42dce75e5a1b481dfd02607b1fb20 table="pages" seconds=0.012570306 stage="query_evaluate"
2026-09-09T19:55:01.651539Z DEBUG transparent_shard_server::service: query stage revision=5b7ee9849d47f5ee67d04eb6ca4588beacf42dce75e5a1b481dfd02607b1fb20 table="pages" seconds=0.009675657 stage="query_evaluate"
2026-09-09T19:55:01.704409Z DEBUG transparent_shard_server::runtime: runtime stage key=("be059aab39ac34125e0452548d6fbcfb1e7cdb7237a597bd59ee86011ed4882b", Pages, 0) seconds=0.714363716 stage="disk_save"
2026-09-09T19:55:01.704538Z  INFO transparent_shard_server::service: prewarm finished warm=28 target=28 failed=0 seconds=6.93630282
2026-09-09T19:55:01.704624Z DEBUG transparent_shard_server::live: publication preparation stages map=32426d9e9300c44558210d8540b636402af2b3c322627f9e9f26e0082b489725 loading_seconds=0.586633611 warming_seconds=6.936425187
2026-09-09T19:55:01.772901Z DEBUG transparent_shard_server::runtime: runtime stage key=("5b7ee9849d47f5ee67d04eb6ca4588beacf42dce75e5a1b481dfd02607b1fb20", Directory, 0) seconds=2.027e-6 stage="restore_slot"
2026-09-09T19:55:01.775072Z  INFO transparent_shard_server::runtime: retired runtime memory reclaimed rss_before=4942475264 rss_after=4495765504
2026-09-09T19:55:02.352183Z DEBUG transparent_shard_server::runtime: runtime stage key=("268f5c527d35817d37919707b04a706c850d449156baa071b5438dbf8eb53aec", Directory, 0) seconds=1.43e-6 stage="restore_slot"
2026-09-09T19:55:02.352196Z DEBUG transparent_shard_server::runtime: runtime stage key=("268f5c527d35817d37919707b04a706c850d449156baa071b5438dbf8eb53aec", Pages, 0) seconds=1.257e-6 stage="restore_slot"
2026-09-09T19:55:02.352354Z DEBUG transparent_shard_server::runtime: runtime stage key=("268f5c527d35817d37919707b04a706c850d449156baa071b5438dbf8eb53aec", Pages, 0) seconds=3.3278e-5 hit=false stage="disk_restore"
2026-09-09T19:55:02.352384Z DEBUG transparent_shard_server::runtime: runtime stage key=("268f5c527d35817d37919707b04a706c850d449156baa071b5438dbf8eb53aec", Pages, 0) seconds=5.54e-7 stage="build_slot"
2026-09-09T19:55:02.352392Z DEBUG transparent_shard_server::runtime: runtime stage key=("268f5c527d35817d37919707b04a706c850d449156baa071b5438dbf8eb53aec", Directory, 0) seconds=3.8075e-5 hit=false stage="disk_restore"
2026-09-09T19:55:02.352419Z DEBUG transparent_shard_server::memory: cold build admission wait seconds=2.7278e-5 admitted=true
2026-09-09T19:55:02.505280Z DEBUG transparent_shard_server::runtime: runtime stage key=("268f5c527d35817d37919707b04a706c850d449156baa071b5438dbf8eb53aec", Pages, 0) seconds=0.152844686 stage="source_load"
2026-09-09T19:55:02.535741Z DEBUG transparent_shard_server::runtime: runtime stage key=("5b7ee9849d47f5ee67d04eb6ca4588beacf42dce75e5a1b481dfd02607b1fb20", Directory, 0) seconds=0.762672065 hit=true stage="disk_restore"
2026-09-09T19:55:02.661895Z DEBUG transparent_shard_server::runtime: runtime stage key=("5b7ee9849d47f5ee67d04eb6ca4588beacf42dce75e5a1b481dfd02607b1fb20", Directory, 0) seconds=0.126113428 stage="source_verify"
2026-09-09T19:55:02.661930Z  INFO transparent_shard_server::runtime: restored runtime cache seconds=0.888862972
2026-09-09T19:55:02.692285Z DEBUG transparent_shard_server::service: query stage revision=5b7ee9849d47f5ee67d04eb6ca4588beacf42dce75e5a1b481dfd02607b1fb20 table="directory" seconds=3.632e-6 stage="query_admission"
2026-09-09T19:55:02.692323Z DEBUG transparent_shard_server::service: query stage revision=5b7ee9849d47f5ee67d04eb6ca4588beacf42dce75e5a1b481dfd02607b1fb20 table="directory" seconds=6.532e-6 stage="query_runtime"
2026-09-09T19:55:02.692399Z DEBUG transparent_shard_server::service: query stage revision=5b7ee9849d47f5ee67d04eb6ca4588beacf42dce75e5a1b481dfd02607b1fb20 table="directory" seconds=1.2112e-5 stage="query_dispatch"
2026-09-09T19:55:02.695482Z DEBUG transparent_shard_server::service: query stage revision=5b7ee9849d47f5ee67d04eb6ca4588beacf42dce75e5a1b481dfd02607b1fb20 table="directory" seconds=1.765e-6 stage="query_admission"
2026-09-09T19:55:02.695505Z DEBUG transparent_shard_server::service: query stage revision=5b7ee9849d47f5ee67d04eb6ca4588beacf42dce75e5a1b481dfd02607b1fb20 table="directory" seconds=4.151e-6 stage="query_runtime"
2026-09-09T19:55:02.698174Z DEBUG transparent_shard_server::service: query stage revision=5b7ee9849d47f5ee67d04eb6ca4588beacf42dce75e5a1b481dfd02607b1fb20 table="directory" seconds=0.002615498 stage="query_dispatch"
2026-09-09T19:55:02.709793Z DEBUG transparent_shard_server::service: query stage revision=5b7ee9849d47f5ee67d04eb6ca4588beacf42dce75e5a1b481dfd02607b1fb20 table="directory" seconds=0.017386868 stage="query_evaluate"
2026-09-09T19:55:02.709804Z DEBUG transparent_shard_server::service: query stage revision=5b7ee9849d47f5ee67d04eb6ca4588beacf42dce75e5a1b481dfd02607b1fb20 table="directory" seconds=0.011607993 stage="query_evaluate"
2026-09-09T19:55:02.815181Z DEBUG transparent_shard_server::runtime: construction stage geometry="recent-8k" table="pages" seconds=0.309862033 stage="encode_database"
2026-09-09T19:55:02.815292Z DEBUG transparent_shard_server::runtime: construction stage geometry="recent-8k" table="pages" seconds=7.9118e-5 stage="public_setup"
2026-09-09T19:55:02.890964Z DEBUG transparent_shard_server::service: query stage revision=be059aab39ac34125e0452548d6fbcfb1e7cdb7237a597bd59ee86011ed4882b table="pages" seconds=2.967e-6 stage="query_admission"
2026-09-09T19:55:02.891005Z DEBUG transparent_shard_server::service: query stage revision=be059aab39ac34125e0452548d6fbcfb1e7cdb7237a597bd59ee86011ed4882b table="pages" seconds=5.911e-6 stage="query_runtime"
2026-09-09T19:55:02.891131Z DEBUG transparent_shard_server::service: query stage revision=be059aab39ac34125e0452548d6fbcfb1e7cdb7237a597bd59ee86011ed4882b table="pages" seconds=2.2591e-5 stage="query_dispatch"
2026-09-09T19:55:02.916418Z DEBUG transparent_shard_server::service: query stage revision=be059aab39ac34125e0452548d6fbcfb1e7cdb7237a597bd59ee86011ed4882b table="pages" seconds=2.335e-6 stage="query_admission"
2026-09-09T19:55:02.916451Z DEBUG transparent_shard_server::service: query stage revision=be059aab39ac34125e0452548d6fbcfb1e7cdb7237a597bd59ee86011ed4882b table="pages" seconds=5.125e-6 stage="query_runtime"
2026-09-09T19:55:02.916529Z DEBUG transparent_shard_server::service: query stage revision=be059aab39ac34125e0452548d6fbcfb1e7cdb7237a597bd59ee86011ed4882b table="pages" seconds=1.8843e-5 stage="query_dispatch"
2026-09-09T19:55:03.390267Z DEBUG transparent_shard_server::runtime: construction stage geometry="recent-8k" table="pages" seconds=0.574966888 stage="hint_columns"
2026-09-09T19:55:03.390764Z DEBUG transparent_shard_server::service: query stage revision=be059aab39ac34125e0452548d6fbcfb1e7cdb7237a597bd59ee86011ed4882b table="pages" seconds=0.499612748 stage="query_evaluate"
2026-09-09T19:55:03.393706Z DEBUG transparent_shard_server::service: query stage revision=be059aab39ac34125e0452548d6fbcfb1e7cdb7237a597bd59ee86011ed4882b table="pages" seconds=0.477157624 stage="query_evaluate"
2026-09-09T19:55:03.648195Z DEBUG transparent_shard_server::service: query stage revision=be059aab39ac34125e0452548d6fbcfb1e7cdb7237a597bd59ee86011ed4882b table="directory" seconds=2.567e-6 stage="query_admission"
2026-09-09T19:55:03.648230Z DEBUG transparent_shard_server::service: query stage revision=be059aab39ac34125e0452548d6fbcfb1e7cdb7237a597bd59ee86011ed4882b table="directory" seconds=5.606e-6 stage="query_runtime"
2026-09-09T19:55:03.648326Z DEBUG transparent_shard_server::service: query stage revision=be059aab39ac34125e0452548d6fbcfb1e7cdb7237a597bd59ee86011ed4882b table="directory" seconds=2.6903e-5 stage="query_dispatch"
2026-09-09T19:55:03.648881Z DEBUG transparent_shard_server::service: query stage revision=be059aab39ac34125e0452548d6fbcfb1e7cdb7237a597bd59ee86011ed4882b table="directory" seconds=1.369e-6 stage="query_admission"
2026-09-09T19:55:03.648892Z DEBUG transparent_shard_server::service: query stage revision=be059aab39ac34125e0452548d6fbcfb1e7cdb7237a597bd59ee86011ed4882b table="directory" seconds=3.247e-6 stage="query_runtime"
2026-09-09T19:55:03.648955Z DEBUG transparent_shard_server::service: query stage revision=be059aab39ac34125e0452548d6fbcfb1e7cdb7237a597bd59ee86011ed4882b table="directory" seconds=1.9216e-5 stage="query_dispatch"
2026-09-09T19:55:03.664018Z DEBUG transparent_shard_server::service: query stage revision=be059aab39ac34125e0452548d6fbcfb1e7cdb7237a597bd59ee86011ed4882b table="directory" seconds=0.015042191 stage="query_evaluate"
2026-09-09T19:55:03.664044Z DEBUG transparent_shard_server::service: query stage revision=be059aab39ac34125e0452548d6fbcfb1e7cdb7237a597bd59ee86011ed4882b table="directory" seconds=0.015711419 stage="query_evaluate"
2026-09-09T19:55:03.821241Z DEBUG transparent_shard_server::service: query stage revision=be059aab39ac34125e0452548d6fbcfb1e7cdb7237a597bd59ee86011ed4882b table="pages" seconds=2.402e-6 stage="query_admission"
2026-09-09T19:55:03.821276Z DEBUG transparent_shard_server::service: query stage revision=be059aab39ac34125e0452548d6fbcfb1e7cdb7237a597bd59ee86011ed4882b table="pages" seconds=4.951e-6 stage="query_runtime"
2026-09-09T19:55:03.821366Z DEBUG transparent_shard_server::service: query stage revision=be059aab39ac34125e0452548d6fbcfb1e7cdb7237a597bd59ee86011ed4882b table="pages" seconds=1.9503e-5 stage="query_dispatch"
2026-09-09T19:55:03.821491Z DEBUG transparent_shard_server::service: query stage revision=be059aab39ac34125e0452548d6fbcfb1e7cdb7237a597bd59ee86011ed4882b table="pages" seconds=1.414e-6 stage="query_admission"
2026-09-09T19:55:03.821500Z DEBUG transparent_shard_server::service: query stage revision=be059aab39ac34125e0452548d6fbcfb1e7cdb7237a597bd59ee86011ed4882b table="pages" seconds=2.065e-6 stage="query_runtime"
2026-09-09T19:55:03.821590Z DEBUG transparent_shard_server::service: query stage revision=be059aab39ac34125e0452548d6fbcfb1e7cdb7237a597bd59ee86011ed4882b table="pages" seconds=4.1129e-5 stage="query_dispatch"
2026-09-09T19:55:03.837933Z DEBUG transparent_shard_server::service: query stage revision=be059aab39ac34125e0452548d6fbcfb1e7cdb7237a597bd59ee86011ed4882b table="pages" seconds=0.016545593 stage="query_evaluate"
2026-09-09T19:55:03.837962Z DEBUG transparent_shard_server::service: query stage revision=be059aab39ac34125e0452548d6fbcfb1e7cdb7237a597bd59ee86011ed4882b table="pages" seconds=0.016356996 stage="query_evaluate"
2026-09-09T19:55:03.995845Z DEBUG transparent_shard_server::service: query stage revision=be059aab39ac34125e0452548d6fbcfb1e7cdb7237a597bd59ee86011ed4882b table="directory" seconds=2.32e-6 stage="query_admission"
2026-09-09T19:55:03.995877Z DEBUG transparent_shard_server::service: query stage revision=be059aab39ac34125e0452548d6fbcfb1e7cdb7237a597bd59ee86011ed4882b table="directory" seconds=4.203e-6 stage="query_runtime"
2026-09-09T19:55:03.995956Z DEBUG transparent_shard_server::service: query stage revision=be059aab39ac34125e0452548d6fbcfb1e7cdb7237a597bd59ee86011ed4882b table="directory" seconds=1.1584e-5 stage="query_dispatch"
2026-09-09T19:55:03.998314Z DEBUG transparent_shard_server::service: query stage revision=be059aab39ac34125e0452548d6fbcfb1e7cdb7237a597bd59ee86011ed4882b table="directory" seconds=1.674e-6 stage="query_admission"
2026-09-09T19:55:03.998338Z DEBUG transparent_shard_server::service: query stage revision=be059aab39ac34125e0452548d6fbcfb1e7cdb7237a597bd59ee86011ed4882b table="directory" seconds=4.286e-6 stage="query_runtime"
2026-09-09T19:55:03.998417Z DEBUG transparent_shard_server::service: query stage revision=be059aab39ac34125e0452548d6fbcfb1e7cdb7237a597bd59ee86011ed4882b table="directory" seconds=1.9423e-5 stage="query_dispatch"
2026-09-09T19:55:04.012024Z DEBUG transparent_shard_server::service: query stage revision=be059aab39ac34125e0452548d6fbcfb1e7cdb7237a597bd59ee86011ed4882b table="directory" seconds=0.016061227 stage="query_evaluate"
2026-09-09T19:55:04.013016Z DEBUG transparent_shard_server::service: query stage revision=be059aab39ac34125e0452548d6fbcfb1e7cdb7237a597bd59ee86011ed4882b table="directory" seconds=0.014580304 stage="query_evaluate"
2026-09-09T19:55:04.169498Z DEBUG transparent_shard_server::service: query stage revision=be059aab39ac34125e0452548d6fbcfb1e7cdb7237a597bd59ee86011ed4882b table="pages" seconds=2.699e-6 stage="query_admission"
2026-09-09T19:55:04.169531Z DEBUG transparent_shard_server::service: query stage revision=be059aab39ac34125e0452548d6fbcfb1e7cdb7237a597bd59ee86011ed4882b table="pages" seconds=4.284e-6 stage="query_runtime"
2026-09-09T19:55:04.169642Z DEBUG transparent_shard_server::service: query stage revision=be059aab39ac34125e0452548d6fbcfb1e7cdb7237a597bd59ee86011ed4882b table="pages" seconds=4.1657e-5 stage="query_dispatch"
2026-09-09T19:55:04.172386Z DEBUG transparent_shard_server::service: query stage revision=be059aab39ac34125e0452548d6fbcfb1e7cdb7237a597bd59ee86011ed4882b table="pages" seconds=2.217e-6 stage="query_admission"
2026-09-09T19:55:04.172409Z DEBUG transparent_shard_server::service: query stage revision=be059aab39ac34125e0452548d6fbcfb1e7cdb7237a597bd59ee86011ed4882b table="pages" seconds=3.373e-6 stage="query_runtime"
2026-09-09T19:55:04.172482Z DEBUG transparent_shard_server::service: query stage revision=be059aab39ac34125e0452548d6fbcfb1e7cdb7237a597bd59ee86011ed4882b table="pages" seconds=1.1079e-5 stage="query_dispatch"
2026-09-09T19:55:04.180267Z DEBUG transparent_shard_server::service: query stage revision=be059aab39ac34125e0452548d6fbcfb1e7cdb7237a597bd59ee86011ed4882b table="pages" seconds=0.010608231 stage="query_evaluate"
2026-09-09T19:55:04.186277Z DEBUG transparent_shard_server::service: query stage revision=be059aab39ac34125e0452548d6fbcfb1e7cdb7237a597bd59ee86011ed4882b table="pages" seconds=0.013789282 stage="query_evaluate"
2026-09-09T19:55:04.339346Z DEBUG transparent_shard_server::service: query stage revision=be059aab39ac34125e0452548d6fbcfb1e7cdb7237a597bd59ee86011ed4882b table="directory" seconds=2.332e-6 stage="query_admission"
2026-09-09T19:55:04.339380Z DEBUG transparent_shard_server::service: query stage revision=be059aab39ac34125e0452548d6fbcfb1e7cdb7237a597bd59ee86011ed4882b table="directory" seconds=4.197e-6 stage="query_runtime"
2026-09-09T19:55:04.341174Z DEBUG transparent_shard_server::service: query stage revision=be059aab39ac34125e0452548d6fbcfb1e7cdb7237a597bd59ee86011ed4882b table="directory" seconds=0.001725151 stage="query_dispatch"
2026-09-09T19:55:04.343370Z DEBUG transparent_shard_server::service: query stage revision=be059aab39ac34125e0452548d6fbcfb1e7cdb7237a597bd59ee86011ed4882b table="directory" seconds=1.773e-6 stage="query_admission"
2026-09-09T19:55:04.343388Z DEBUG transparent_shard_server::service: query stage revision=be059aab39ac34125e0452548d6fbcfb1e7cdb7237a597bd59ee86011ed4882b table="directory" seconds=3.729e-6 stage="query_runtime"
2026-09-09T19:55:04.343454Z DEBUG transparent_shard_server::service: query stage revision=be059aab39ac34125e0452548d6fbcfb1e7cdb7237a597bd59ee86011ed4882b table="directory" seconds=1.357e-5 stage="query_dispatch"
2026-09-09T19:55:04.386057Z DEBUG transparent_shard_server::service: query stage revision=be059aab39ac34125e0452548d6fbcfb1e7cdb7237a597bd59ee86011ed4882b table="directory" seconds=0.04485778 stage="query_evaluate"
2026-09-09T19:55:04.386089Z DEBUG transparent_shard_server::service: query stage revision=be059aab39ac34125e0452548d6fbcfb1e7cdb7237a597bd59ee86011ed4882b table="directory" seconds=0.042624994 stage="query_evaluate"
2026-09-09T19:55:04.543878Z DEBUG transparent_shard_server::service: query stage revision=be059aab39ac34125e0452548d6fbcfb1e7cdb7237a597bd59ee86011ed4882b table="pages" seconds=2.63e-6 stage="query_admission"
2026-09-09T19:55:04.543912Z DEBUG transparent_shard_server::service: query stage revision=be059aab39ac34125e0452548d6fbcfb1e7cdb7237a597bd59ee86011ed4882b table="pages" seconds=4.526e-6 stage="query_runtime"
2026-09-09T19:55:04.543994Z DEBUG transparent_shard_server::service: query stage revision=be059aab39ac34125e0452548d6fbcfb1e7cdb7237a597bd59ee86011ed4882b table="pages" seconds=1.1545e-5 stage="query_dispatch"
2026-09-09T19:55:04.547495Z DEBUG transparent_shard_server::service: query stage revision=be059aab39ac34125e0452548d6fbcfb1e7cdb7237a597bd59ee86011ed4882b table="pages" seconds=2.124e-6 stage="query_admission"
2026-09-09T19:55:04.547520Z DEBUG transparent_shard_server::service: query stage revision=be059aab39ac34125e0452548d6fbcfb1e7cdb7237a597bd59ee86011ed4882b table="pages" seconds=4.315e-6 stage="query_runtime"
2026-09-09T19:55:04.547605Z DEBUG transparent_shard_server::service: query stage revision=be059aab39ac34125e0452548d6fbcfb1e7cdb7237a597bd59ee86011ed4882b table="pages" seconds=2.2544e-5 stage="query_dispatch"
2026-09-09T19:55:04.556345Z DEBUG transparent_shard_server::service: query stage revision=be059aab39ac34125e0452548d6fbcfb1e7cdb7237a597bd59ee86011ed4882b table="pages" seconds=0.012343911 stage="query_evaluate"
2026-09-09T19:55:04.568830Z DEBUG transparent_shard_server::service: query stage revision=be059aab39ac34125e0452548d6fbcfb1e7cdb7237a597bd59ee86011ed4882b table="pages" seconds=0.021203935 stage="query_evaluate"
2026-09-09T19:55:04.713033Z DEBUG transparent_shard_server::service: query stage revision=be059aab39ac34125e0452548d6fbcfb1e7cdb7237a597bd59ee86011ed4882b table="directory" seconds=2.628e-6 stage="query_admission"
2026-09-09T19:55:04.713069Z DEBUG transparent_shard_server::service: query stage revision=be059aab39ac34125e0452548d6fbcfb1e7cdb7237a597bd59ee86011ed4882b table="directory" seconds=5.234e-6 stage="query_runtime"
2026-09-09T19:55:04.713192Z DEBUG transparent_shard_server::service: query stage revision=be059aab39ac34125e0452548d6fbcfb1e7cdb7237a597bd59ee86011ed4882b table="directory" seconds=4.9725e-5 stage="query_dispatch"
2026-09-09T19:55:04.727260Z DEBUG transparent_shard_server::service: query stage revision=be059aab39ac34125e0452548d6fbcfb1e7cdb7237a597bd59ee86011ed4882b table="directory" seconds=0.014048886 stage="query_evaluate"
2026-09-09T19:55:04.733737Z DEBUG transparent_shard_server::service: query stage revision=be059aab39ac34125e0452548d6fbcfb1e7cdb7237a597bd59ee86011ed4882b table="directory" seconds=3.166e-6 stage="query_admission"
2026-09-09T19:55:04.733769Z DEBUG transparent_shard_server::service: query stage revision=be059aab39ac34125e0452548d6fbcfb1e7cdb7237a597bd59ee86011ed4882b table="directory" seconds=6.583e-6 stage="query_runtime"
2026-09-09T19:55:04.733889Z DEBUG transparent_shard_server::service: query stage revision=be059aab39ac34125e0452548d6fbcfb1e7cdb7237a597bd59ee86011ed4882b table="directory" seconds=3.3621e-5 stage="query_dispatch"
2026-09-09T19:55:04.746619Z DEBUG transparent_shard_server::service: query stage revision=be059aab39ac34125e0452548d6fbcfb1e7cdb7237a597bd59ee86011ed4882b table="directory" seconds=0.012719803 stage="query_evaluate"
2026-09-09T19:55:04.882792Z DEBUG transparent_shard_server::service: query stage revision=be059aab39ac34125e0452548d6fbcfb1e7cdb7237a597bd59ee86011ed4882b table="pages" seconds=2.293e-6 stage="query_admission"
2026-09-09T19:55:04.882826Z DEBUG transparent_shard_server::service: query stage revision=be059aab39ac34125e0452548d6fbcfb1e7cdb7237a597bd59ee86011ed4882b table="pages" seconds=5.2e-6 stage="query_runtime"
2026-09-09T19:55:04.882932Z DEBUG transparent_shard_server::service: query stage revision=be059aab39ac34125e0452548d6fbcfb1e7cdb7237a597bd59ee86011ed4882b table="pages" seconds=4.2777e-5 stage="query_dispatch"
2026-09-09T19:55:04.894453Z DEBUG transparent_shard_server::service: query stage revision=be059aab39ac34125e0452548d6fbcfb1e7cdb7237a597bd59ee86011ed4882b table="pages" seconds=0.011501179 stage="query_evaluate"
2026-09-09T19:55:04.903247Z DEBUG transparent_shard_server::service: query stage revision=be059aab39ac34125e0452548d6fbcfb1e7cdb7237a597bd59ee86011ed4882b table="pages" seconds=2.396e-6 stage="query_admission"
2026-09-09T19:55:04.903266Z DEBUG transparent_shard_server::service: query stage revision=be059aab39ac34125e0452548d6fbcfb1e7cdb7237a597bd59ee86011ed4882b table="pages" seconds=4.236e-6 stage="query_runtime"
2026-09-09T19:55:04.903332Z DEBUG transparent_shard_server::service: query stage revision=be059aab39ac34125e0452548d6fbcfb1e7cdb7237a597bd59ee86011ed4882b table="pages" seconds=1.0879e-5 stage="query_dispatch"
2026-09-09T19:55:04.914725Z DEBUG transparent_shard_server::service: query stage revision=be059aab39ac34125e0452548d6fbcfb1e7cdb7237a597bd59ee86011ed4882b table="pages" seconds=0.011386875 stage="query_evaluate"
2026-09-09T19:55:05.049179Z DEBUG transparent_shard_server::service: query stage revision=be059aab39ac34125e0452548d6fbcfb1e7cdb7237a597bd59ee86011ed4882b table="directory" seconds=2.359e-6 stage="query_admission"
2026-09-09T19:55:05.049213Z DEBUG transparent_shard_server::service: query stage revision=be059aab39ac34125e0452548d6fbcfb1e7cdb7237a597bd59ee86011ed4882b table="directory" seconds=3.877e-6 stage="query_runtime"
2026-09-09T19:55:05.049306Z DEBUG transparent_shard_server::service: query stage revision=be059aab39ac34125e0452548d6fbcfb1e7cdb7237a597bd59ee86011ed4882b table="directory" seconds=2.4425e-5 stage="query_dispatch"
2026-09-09T19:55:05.060877Z DEBUG transparent_shard_server::service: query stage revision=be059aab39ac34125e0452548d6fbcfb1e7cdb7237a597bd59ee86011ed4882b table="directory" seconds=0.011564978 stage="query_evaluate"
2026-09-09T19:55:05.069870Z DEBUG transparent_shard_server::service: query stage revision=be059aab39ac34125e0452548d6fbcfb1e7cdb7237a597bd59ee86011ed4882b table="directory" seconds=1.982e-6 stage="query_admission"
2026-09-09T19:55:05.069891Z DEBUG transparent_shard_server::service: query stage revision=be059aab39ac34125e0452548d6fbcfb1e7cdb7237a597bd59ee86011ed4882b table="directory" seconds=3.853e-6 stage="query_runtime"
2026-09-09T19:55:05.069981Z DEBUG transparent_shard_server::service: query stage revision=be059aab39ac34125e0452548d6fbcfb1e7cdb7237a597bd59ee86011ed4882b table="directory" seconds=2.6864e-5 stage="query_dispatch"
2026-09-09T19:55:05.083054Z DEBUG transparent_shard_server::service: query stage revision=be059aab39ac34125e0452548d6fbcfb1e7cdb7237a597bd59ee86011ed4882b table="directory" seconds=0.013041672 stage="query_evaluate"
2026-09-09T19:55:05.215804Z DEBUG transparent_shard_server::service: query stage revision=be059aab39ac34125e0452548d6fbcfb1e7cdb7237a597bd59ee86011ed4882b table="pages" seconds=2.851e-6 stage="query_admission"
2026-09-09T19:55:05.215835Z DEBUG transparent_shard_server::service: query stage revision=be059aab39ac34125e0452548d6fbcfb1e7cdb7237a597bd59ee86011ed4882b table="pages" seconds=3.061e-6 stage="query_runtime"
2026-09-09T19:55:05.215913Z DEBUG transparent_shard_server::service: query stage revision=be059aab39ac34125e0452548d6fbcfb1e7cdb7237a597bd59ee86011ed4882b table="pages" seconds=1.2155e-5 stage="query_dispatch"
2026-09-09T19:55:05.227900Z DEBUG transparent_shard_server::service: query stage revision=be059aab39ac34125e0452548d6fbcfb1e7cdb7237a597bd59ee86011ed4882b table="pages" seconds=0.011981626 stage="query_evaluate"
2026-09-09T19:55:05.238638Z DEBUG transparent_shard_server::service: query stage revision=be059aab39ac34125e0452548d6fbcfb1e7cdb7237a597bd59ee86011ed4882b table="pages" seconds=2.163e-6 stage="query_admission"
2026-09-09T19:55:05.238660Z DEBUG transparent_shard_server::service: query stage revision=be059aab39ac34125e0452548d6fbcfb1e7cdb7237a597bd59ee86011ed4882b table="pages" seconds=3.716e-6 stage="query_runtime"
2026-09-09T19:55:05.238741Z DEBUG transparent_shard_server::service: query stage revision=be059aab39ac34125e0452548d6fbcfb1e7cdb7237a597bd59ee86011ed4882b table="pages" seconds=1.647e-5 stage="query_dispatch"
2026-09-09T19:55:05.250383Z DEBUG transparent_shard_server::service: query stage revision=be059aab39ac34125e0452548d6fbcfb1e7cdb7237a597bd59ee86011ed4882b table="pages" seconds=0.011636274 stage="query_evaluate"
2026-09-09T19:55:05.385660Z DEBUG transparent_shard_server::service: query stage revision=be059aab39ac34125e0452548d6fbcfb1e7cdb7237a597bd59ee86011ed4882b table="directory" seconds=2.427e-6 stage="query_admission"
2026-09-09T19:55:05.385696Z DEBUG transparent_shard_server::service: query stage revision=be059aab39ac34125e0452548d6fbcfb1e7cdb7237a597bd59ee86011ed4882b table="directory" seconds=5.946e-6 stage="query_runtime"
2026-09-09T19:55:05.385773Z DEBUG transparent_shard_server::service: query stage revision=be059aab39ac34125e0452548d6fbcfb1e7cdb7237a597bd59ee86011ed4882b table="directory" seconds=2.9737e-5 stage="query_dispatch"
2026-09-09T19:55:05.397190Z DEBUG transparent_shard_server::service: query stage revision=be059aab39ac34125e0452548d6fbcfb1e7cdb7237a597bd59ee86011ed4882b table="directory" seconds=0.011397879 stage="query_evaluate"
2026-09-09T19:55:05.407012Z DEBUG transparent_shard_server::service: query stage revision=be059aab39ac34125e0452548d6fbcfb1e7cdb7237a597bd59ee86011ed4882b table="directory" seconds=1.862e-6 stage="query_admission"
2026-09-09T19:55:05.407033Z DEBUG transparent_shard_server::service: query stage revision=be059aab39ac34125e0452548d6fbcfb1e7cdb7237a597bd59ee86011ed4882b table="directory" seconds=4.099e-6 stage="query_runtime"
2026-09-09T19:55:05.407096Z DEBUG transparent_shard_server::service: query stage revision=be059aab39ac34125e0452548d6fbcfb1e7cdb7237a597bd59ee86011ed4882b table="directory" seconds=9.864e-6 stage="query_dispatch"
2026-09-09T19:55:05.418722Z DEBUG transparent_shard_server::service: query stage revision=be059aab39ac34125e0452548d6fbcfb1e7cdb7237a597bd59ee86011ed4882b table="directory" seconds=0.011620288 stage="query_evaluate"
2026-09-09T19:55:05.431174Z DEBUG transparent_shard_server::runtime: construction stage geometry="recent-8k" table="pages" seconds=2.040852871 stage="pack_preprocessing"
2026-09-09T19:55:05.431460Z DEBUG transparent_shard_server::runtime: construction stage geometry="recent-8k" table="pages" seconds=0.00026486 stage="publish_parameters"
2026-09-09T19:55:05.432062Z DEBUG transparent_shard_server::runtime: runtime stage key=("268f5c527d35817d37919707b04a706c850d449156baa071b5438dbf8eb53aec", Pages, 0) seconds=2.926746282 stage="runtime_build"
2026-09-09T19:55:05.432081Z DEBUG transparent_shard_server::runtime: runtime stage key=("268f5c527d35817d37919707b04a706c850d449156baa071b5438dbf8eb53aec", Pages, 0) reserved_bytes=136314880 stage="serialization_handoff"
2026-09-09T19:55:05.432100Z DEBUG transparent_shard_server::runtime: runtime stage key=("268f5c527d35817d37919707b04a706c850d449156baa071b5438dbf8eb53aec", Directory, 0) seconds=3.079683754 stage="build_slot"
2026-09-09T19:55:05.432179Z DEBUG transparent_shard_server::memory: cold build admission wait seconds=6.6504e-5 admitted=true
2026-09-09T19:55:05.554533Z DEBUG transparent_shard_server::service: query stage revision=be059aab39ac34125e0452548d6fbcfb1e7cdb7237a597bd59ee86011ed4882b table="pages" seconds=2.887e-6 stage="query_admission"
2026-09-09T19:55:05.554559Z DEBUG transparent_shard_server::service: query stage revision=be059aab39ac34125e0452548d6fbcfb1e7cdb7237a597bd59ee86011ed4882b table="pages" seconds=3.98e-6 stage="query_runtime"
2026-09-09T19:55:05.554677Z DEBUG transparent_shard_server::service: query stage revision=be059aab39ac34125e0452548d6fbcfb1e7cdb7237a597bd59ee86011ed4882b table="pages" seconds=4.6215e-5 stage="query_dispatch"
2026-09-09T19:55:05.566572Z DEBUG transparent_shard_server::service: query stage revision=be059aab39ac34125e0452548d6fbcfb1e7cdb7237a597bd59ee86011ed4882b table="pages" seconds=0.011874893 stage="query_evaluate"
2026-09-09T19:55:05.574586Z DEBUG transparent_shard_server::service: query stage revision=be059aab39ac34125e0452548d6fbcfb1e7cdb7237a597bd59ee86011ed4882b table="pages" seconds=2.123e-6 stage="query_admission"
2026-09-09T19:55:05.574606Z DEBUG transparent_shard_server::service: query stage revision=be059aab39ac34125e0452548d6fbcfb1e7cdb7237a597bd59ee86011ed4882b table="pages" seconds=3.849e-6 stage="query_runtime"
2026-09-09T19:55:05.574683Z DEBUG transparent_shard_server::service: query stage revision=be059aab39ac34125e0452548d6fbcfb1e7cdb7237a597bd59ee86011ed4882b table="pages" seconds=1.6648e-5 stage="query_dispatch"
2026-09-09T19:55:05.585462Z DEBUG transparent_shard_server::runtime: runtime stage key=("268f5c527d35817d37919707b04a706c850d449156baa071b5438dbf8eb53aec", Directory, 0) seconds=0.153259743 stage="source_load"
2026-09-09T19:55:05.586711Z DEBUG transparent_shard_server::service: query stage revision=be059aab39ac34125e0452548d6fbcfb1e7cdb7237a597bd59ee86011ed4882b table="pages" seconds=0.012022053 stage="query_evaluate"
2026-09-09T19:55:05.722887Z DEBUG transparent_shard_server::service: query stage revision=be059aab39ac34125e0452548d6fbcfb1e7cdb7237a597bd59ee86011ed4882b table="directory" seconds=3.273e-6 stage="query_admission"
2026-09-09T19:55:05.722911Z DEBUG transparent_shard_server::service: query stage revision=be059aab39ac34125e0452548d6fbcfb1e7cdb7237a597bd59ee86011ed4882b table="directory" seconds=4.259e-6 stage="query_runtime"
2026-09-09T19:55:05.723019Z DEBUG transparent_shard_server::service: query stage revision=be059aab39ac34125e0452548d6fbcfb1e7cdb7237a597bd59ee86011ed4882b table="directory" seconds=4.4781e-5 stage="query_dispatch"
2026-09-09T19:55:05.734789Z DEBUG transparent_shard_server::service: query stage revision=be059aab39ac34125e0452548d6fbcfb1e7cdb7237a597bd59ee86011ed4882b table="directory" seconds=0.011751069 stage="query_evaluate"
2026-09-09T19:55:05.747856Z DEBUG transparent_shard_server::service: query stage revision=be059aab39ac34125e0452548d6fbcfb1e7cdb7237a597bd59ee86011ed4882b table="directory" seconds=2.302e-6 stage="query_admission"
2026-09-09T19:55:05.747877Z DEBUG transparent_shard_server::service: query stage revision=be059aab39ac34125e0452548d6fbcfb1e7cdb7237a597bd59ee86011ed4882b table="directory" seconds=4.152e-6 stage="query_runtime"
2026-09-09T19:55:05.747971Z DEBUG transparent_shard_server::service: query stage revision=be059aab39ac34125e0452548d6fbcfb1e7cdb7237a597bd59ee86011ed4882b table="directory" seconds=2.4425e-5 stage="query_dispatch"
2026-09-09T19:55:05.759578Z DEBUG transparent_shard_server::service: query stage revision=be059aab39ac34125e0452548d6fbcfb1e7cdb7237a597bd59ee86011ed4882b table="directory" seconds=0.011592853 stage="query_evaluate"
2026-09-09T19:55:05.891329Z DEBUG transparent_shard_server::service: query stage revision=be059aab39ac34125e0452548d6fbcfb1e7cdb7237a597bd59ee86011ed4882b table="pages" seconds=2.295e-6 stage="query_admission"
2026-09-09T19:55:05.891354Z DEBUG transparent_shard_server::service: query stage revision=be059aab39ac34125e0452548d6fbcfb1e7cdb7237a597bd59ee86011ed4882b table="pages" seconds=2.95e-6 stage="query_runtime"
2026-09-09T19:55:05.891437Z DEBUG transparent_shard_server::service: query stage revision=be059aab39ac34125e0452548d6fbcfb1e7cdb7237a597bd59ee86011ed4882b table="pages" seconds=1.1657e-5 stage="query_dispatch"
2026-09-09T19:55:05.902157Z DEBUG transparent_shard_server::runtime: construction stage geometry="recent-8k" table="directory" seconds=0.31667693 stage="encode_database"
2026-09-09T19:55:05.902273Z DEBUG transparent_shard_server::runtime: construction stage geometry="recent-8k" table="directory" seconds=8.7946e-5 stage="public_setup"
2026-09-09T19:55:05.903081Z DEBUG transparent_shard_server::service: query stage revision=be059aab39ac34125e0452548d6fbcfb1e7cdb7237a597bd59ee86011ed4882b table="pages" seconds=0.011637965 stage="query_evaluate"
2026-09-09T19:55:05.916343Z DEBUG transparent_shard_server::service: query stage revision=be059aab39ac34125e0452548d6fbcfb1e7cdb7237a597bd59ee86011ed4882b table="pages" seconds=2.453e-6 stage="query_admission"
2026-09-09T19:55:05.916362Z DEBUG transparent_shard_server::service: query stage revision=be059aab39ac34125e0452548d6fbcfb1e7cdb7237a597bd59ee86011ed4882b table="pages" seconds=3.327e-6 stage="query_runtime"
2026-09-09T19:55:05.916510Z DEBUG transparent_shard_server::service: query stage revision=be059aab39ac34125e0452548d6fbcfb1e7cdb7237a597bd59ee86011ed4882b table="pages" seconds=9.3401e-5 stage="query_dispatch"
2026-09-09T19:55:06.063966Z DEBUG transparent_shard_server::service: query stage revision=be059aab39ac34125e0452548d6fbcfb1e7cdb7237a597bd59ee86011ed4882b table="directory" seconds=2.586e-6 stage="query_admission"
2026-09-09T19:55:06.063997Z DEBUG transparent_shard_server::service: query stage revision=be059aab39ac34125e0452548d6fbcfb1e7cdb7237a597bd59ee86011ed4882b table="directory" seconds=6.677e-6 stage="query_runtime"
2026-09-09T19:55:06.064079Z DEBUG transparent_shard_server::service: query stage revision=be059aab39ac34125e0452548d6fbcfb1e7cdb7237a597bd59ee86011ed4882b table="directory" seconds=1.3132e-5 stage="query_dispatch"
2026-09-09T19:55:06.149355Z DEBUG transparent_shard_server::runtime: runtime stage key=("268f5c527d35817d37919707b04a706c850d449156baa071b5438dbf8eb53aec", Pages, 0) seconds=0.717268304 stage="disk_save"
2026-09-09T19:55:06.498552Z DEBUG transparent_shard_server::service: query stage revision=be059aab39ac34125e0452548d6fbcfb1e7cdb7237a597bd59ee86011ed4882b table="pages" seconds=0.58202516 stage="query_evaluate"
2026-09-09T19:55:06.499176Z DEBUG transparent_shard_server::service: query stage revision=be059aab39ac34125e0452548d6fbcfb1e7cdb7237a597bd59ee86011ed4882b table="directory" seconds=0.435089382 stage="query_evaluate"
2026-09-09T19:55:06.499320Z DEBUG transparent_shard_server::runtime: construction stage geometry="recent-8k" table="directory" seconds=0.597042648 stage="hint_columns"
2026-09-09T19:55:06.655766Z DEBUG transparent_shard_server::service: query stage revision=be059aab39ac34125e0452548d6fbcfb1e7cdb7237a597bd59ee86011ed4882b table="pages" seconds=3.346e-6 stage="query_admission"
2026-09-09T19:55:06.655801Z DEBUG transparent_shard_server::service: query stage revision=be059aab39ac34125e0452548d6fbcfb1e7cdb7237a597bd59ee86011ed4882b table="pages" seconds=4.426e-6 stage="query_runtime"
2026-09-09T19:55:06.655910Z DEBUG transparent_shard_server::service: query stage revision=be059aab39ac34125e0452548d6fbcfb1e7cdb7237a597bd59ee86011ed4882b table="pages" seconds=4.9394e-5 stage="query_dispatch"
2026-09-09T19:55:06.656611Z DEBUG transparent_shard_server::service: query stage revision=be059aab39ac34125e0452548d6fbcfb1e7cdb7237a597bd59ee86011ed4882b table="directory" seconds=2.103e-6 stage="query_admission"
2026-09-09T19:55:06.656631Z DEBUG transparent_shard_server::service: query stage revision=be059aab39ac34125e0452548d6fbcfb1e7cdb7237a597bd59ee86011ed4882b table="directory" seconds=3.656e-6 stage="query_runtime"
2026-09-09T19:55:06.658116Z DEBUG transparent_shard_server::service: query stage revision=be059aab39ac34125e0452548d6fbcfb1e7cdb7237a597bd59ee86011ed4882b table="directory" seconds=0.001429015 stage="query_dispatch"
2026-09-09T19:55:06.667073Z DEBUG transparent_shard_server::service: query stage revision=be059aab39ac34125e0452548d6fbcfb1e7cdb7237a597bd59ee86011ed4882b table="pages" seconds=0.011124855 stage="query_evaluate"
2026-09-09T19:55:06.673547Z DEBUG transparent_shard_server::service: query stage revision=be059aab39ac34125e0452548d6fbcfb1e7cdb7237a597bd59ee86011ed4882b table="directory" seconds=0.015418756 stage="query_evaluate"
2026-09-09T19:55:06.828551Z DEBUG transparent_shard_server::service: query stage revision=be059aab39ac34125e0452548d6fbcfb1e7cdb7237a597bd59ee86011ed4882b table="pages" seconds=2.832e-6 stage="query_admission"
2026-09-09T19:55:06.828584Z DEBUG transparent_shard_server::service: query stage revision=be059aab39ac34125e0452548d6fbcfb1e7cdb7237a597bd59ee86011ed4882b table="pages" seconds=4.333e-6 stage="query_runtime"
2026-09-09T19:55:06.828672Z DEBUG transparent_shard_server::service: query stage revision=be059aab39ac34125e0452548d6fbcfb1e7cdb7237a597bd59ee86011ed4882b table="pages" seconds=1.7993e-5 stage="query_dispatch"
2026-09-09T19:55:06.831221Z DEBUG transparent_shard_server::service: query stage revision=be059aab39ac34125e0452548d6fbcfb1e7cdb7237a597bd59ee86011ed4882b table="directory" seconds=1.772e-6 stage="query_admission"
2026-09-09T19:55:06.831243Z DEBUG transparent_shard_server::service: query stage revision=be059aab39ac34125e0452548d6fbcfb1e7cdb7237a597bd59ee86011ed4882b table="directory" seconds=4.361e-6 stage="query_runtime"
2026-09-09T19:55:06.831329Z DEBUG transparent_shard_server::service: query stage revision=be059aab39ac34125e0452548d6fbcfb1e7cdb7237a597bd59ee86011ed4882b table="directory" seconds=2.6127e-5 stage="query_dispatch"
2026-09-09T19:55:06.843134Z DEBUG transparent_shard_server::service: query stage revision=be059aab39ac34125e0452548d6fbcfb1e7cdb7237a597bd59ee86011ed4882b table="pages" seconds=0.014442891 stage="query_evaluate"
2026-09-09T19:55:06.846039Z DEBUG transparent_shard_server::service: query stage revision=be059aab39ac34125e0452548d6fbcfb1e7cdb7237a597bd59ee86011ed4882b table="directory" seconds=0.014694132 stage="query_evaluate"
2026-09-09T19:55:07.000010Z DEBUG transparent_shard_server::service: query stage revision=be059aab39ac34125e0452548d6fbcfb1e7cdb7237a597bd59ee86011ed4882b table="directory" seconds=2.739e-6 stage="query_admission"
2026-09-09T19:55:07.000047Z DEBUG transparent_shard_server::service: query stage revision=be059aab39ac34125e0452548d6fbcfb1e7cdb7237a597bd59ee86011ed4882b table="directory" seconds=4.644e-6 stage="query_runtime"
2026-09-09T19:55:07.000140Z DEBUG transparent_shard_server::service: query stage revision=be059aab39ac34125e0452548d6fbcfb1e7cdb7237a597bd59ee86011ed4882b table="directory" seconds=2.2319e-5 stage="query_dispatch"
2026-09-09T19:55:07.002894Z DEBUG transparent_shard_server::service: query stage revision=be059aab39ac34125e0452548d6fbcfb1e7cdb7237a597bd59ee86011ed4882b table="pages" seconds=2.065e-6 stage="query_admission"
2026-09-09T19:55:07.002916Z DEBUG transparent_shard_server::service: query stage revision=be059aab39ac34125e0452548d6fbcfb1e7cdb7237a597bd59ee86011ed4882b table="pages" seconds=4.503e-6 stage="query_runtime"
2026-09-09T19:55:07.003006Z DEBUG transparent_shard_server::service: query stage revision=be059aab39ac34125e0452548d6fbcfb1e7cdb7237a597bd59ee86011ed4882b table="pages" seconds=1.6675e-5 stage="query_dispatch"
2026-09-09T19:55:07.011168Z DEBUG transparent_shard_server::service: query stage revision=be059aab39ac34125e0452548d6fbcfb1e7cdb7237a597bd59ee86011ed4882b table="directory" seconds=0.011009074 stage="query_evaluate"
2026-09-09T19:55:07.017554Z DEBUG transparent_shard_server::service: query stage revision=be059aab39ac34125e0452548d6fbcfb1e7cdb7237a597bd59ee86011ed4882b table="pages" seconds=0.014520582 stage="query_evaluate"
2026-09-09T19:55:07.166854Z DEBUG transparent_shard_server::service: query stage revision=be059aab39ac34125e0452548d6fbcfb1e7cdb7237a597bd59ee86011ed4882b table="pages" seconds=2.678e-6 stage="query_admission"
2026-09-09T19:55:07.166888Z DEBUG transparent_shard_server::service: query stage revision=be059aab39ac34125e0452548d6fbcfb1e7cdb7237a597bd59ee86011ed4882b table="pages" seconds=5.221e-6 stage="query_runtime"
2026-09-09T19:55:07.166988Z DEBUG transparent_shard_server::service: query stage revision=be059aab39ac34125e0452548d6fbcfb1e7cdb7237a597bd59ee86011ed4882b table="pages" seconds=4.6047e-5 stage="query_dispatch"
2026-09-09T19:55:07.173376Z DEBUG transparent_shard_server::service: query stage revision=be059aab39ac34125e0452548d6fbcfb1e7cdb7237a597bd59ee86011ed4882b table="directory" seconds=1.73e-6 stage="query_admission"
2026-09-09T19:55:07.173401Z DEBUG transparent_shard_server::service: query stage revision=be059aab39ac34125e0452548d6fbcfb1e7cdb7237a597bd59ee86011ed4882b table="directory" seconds=3.802e-6 stage="query_runtime"
2026-09-09T19:55:07.174644Z DEBUG transparent_shard_server::service: query stage revision=be059aab39ac34125e0452548d6fbcfb1e7cdb7237a597bd59ee86011ed4882b table="directory" seconds=0.001182714 stage="query_dispatch"
2026-09-09T19:55:07.183876Z DEBUG transparent_shard_server::service: query stage revision=be059aab39ac34125e0452548d6fbcfb1e7cdb7237a597bd59ee86011ed4882b table="pages" seconds=0.016867935 stage="query_evaluate"
2026-09-09T19:55:07.183881Z DEBUG transparent_shard_server::service: query stage revision=be059aab39ac34125e0452548d6fbcfb1e7cdb7237a597bd59ee86011ed4882b table="directory" seconds=0.009218252 stage="query_evaluate"
2026-09-09T19:55:07.339471Z DEBUG transparent_shard_server::service: query stage revision=be059aab39ac34125e0452548d6fbcfb1e7cdb7237a597bd59ee86011ed4882b table="pages" seconds=2.395e-6 stage="query_admission"
2026-09-09T19:55:07.339504Z DEBUG transparent_shard_server::service: query stage revision=be059aab39ac34125e0452548d6fbcfb1e7cdb7237a597bd59ee86011ed4882b table="pages" seconds=4.375e-6 stage="query_runtime"
2026-09-09T19:55:07.339710Z DEBUG transparent_shard_server::service: query stage revision=be059aab39ac34125e0452548d6fbcfb1e7cdb7237a597bd59ee86011ed4882b table="directory" seconds=1.381e-6 stage="query_admission"
2026-09-09T19:55:07.339719Z DEBUG transparent_shard_server::service: query stage revision=be059aab39ac34125e0452548d6fbcfb1e7cdb7237a597bd59ee86011ed4882b table="directory" seconds=2.941e-6 stage="query_runtime"
2026-09-09T19:55:07.339762Z DEBUG transparent_shard_server::service: query stage revision=be059aab39ac34125e0452548d6fbcfb1e7cdb7237a597bd59ee86011ed4882b table="pages" seconds=0.000185488 stage="query_dispatch"
2026-09-09T19:55:07.340135Z DEBUG transparent_shard_server::service: query stage revision=be059aab39ac34125e0452548d6fbcfb1e7cdb7237a597bd59ee86011ed4882b table="directory" seconds=0.000379949 stage="query_dispatch"
2026-09-09T19:55:07.406922Z DEBUG transparent_shard_server::service: query stage revision=be059aab39ac34125e0452548d6fbcfb1e7cdb7237a597bd59ee86011ed4882b table="pages" seconds=0.067153284 stage="query_evaluate"
2026-09-09T19:55:07.407450Z DEBUG transparent_shard_server::service: query stage revision=be059aab39ac34125e0452548d6fbcfb1e7cdb7237a597bd59ee86011ed4882b table="directory" seconds=0.067295751 stage="query_evaluate"
2026-09-09T19:55:07.568421Z DEBUG transparent_shard_server::service: query stage revision=be059aab39ac34125e0452548d6fbcfb1e7cdb7237a597bd59ee86011ed4882b table="directory" seconds=3.056e-6 stage="query_admission"
2026-09-09T19:55:07.568463Z DEBUG transparent_shard_server::service: query stage revision=be059aab39ac34125e0452548d6fbcfb1e7cdb7237a597bd59ee86011ed4882b table="directory" seconds=4.626e-6 stage="query_runtime"
2026-09-09T19:55:07.568523Z DEBUG transparent_shard_server::service: query stage revision=be059aab39ac34125e0452548d6fbcfb1e7cdb7237a597bd59ee86011ed4882b table="pages" seconds=1.853e-6 stage="query_admission"
2026-09-09T19:55:07.568542Z DEBUG transparent_shard_server::service: query stage revision=be059aab39ac34125e0452548d6fbcfb1e7cdb7237a597bd59ee86011ed4882b table="pages" seconds=4.161e-6 stage="query_runtime"
2026-09-09T19:55:07.568568Z DEBUG transparent_shard_server::service: query stage revision=be059aab39ac34125e0452548d6fbcfb1e7cdb7237a597bd59ee86011ed4882b table="directory" seconds=2.0321e-5 stage="query_dispatch"
2026-09-09T19:55:07.570514Z DEBUG transparent_shard_server::service: query stage revision=be059aab39ac34125e0452548d6fbcfb1e7cdb7237a597bd59ee86011ed4882b table="pages" seconds=0.001915034 stage="query_dispatch"
2026-09-09T19:55:07.617963Z DEBUG transparent_shard_server::service: query stage revision=be059aab39ac34125e0452548d6fbcfb1e7cdb7237a597bd59ee86011ed4882b table="directory" seconds=0.049387303 stage="query_evaluate"
2026-09-09T19:55:07.774354Z DEBUG transparent_shard_server::service: query stage revision=be059aab39ac34125e0452548d6fbcfb1e7cdb7237a597bd59ee86011ed4882b table="pages" seconds=2.967e-6 stage="query_admission"
2026-09-09T19:55:07.774390Z DEBUG transparent_shard_server::service: query stage revision=be059aab39ac34125e0452548d6fbcfb1e7cdb7237a597bd59ee86011ed4882b table="pages" seconds=5.387e-6 stage="query_runtime"
2026-09-09T19:55:07.774475Z DEBUG transparent_shard_server::service: query stage revision=be059aab39ac34125e0452548d6fbcfb1e7cdb7237a597bd59ee86011ed4882b table="pages" seconds=1.7792e-5 stage="query_dispatch"
2026-09-09T19:55:07.788636Z DEBUG transparent_shard_server::service: query stage revision=be059aab39ac34125e0452548d6fbcfb1e7cdb7237a597bd59ee86011ed4882b table="pages" seconds=0.014141943 stage="query_evaluate"
2026-09-09T19:55:07.943702Z DEBUG transparent_shard_server::service: query stage revision=be059aab39ac34125e0452548d6fbcfb1e7cdb7237a597bd59ee86011ed4882b table="directory" seconds=2.849e-6 stage="query_admission"
2026-09-09T19:55:07.943739Z DEBUG transparent_shard_server::service: query stage revision=be059aab39ac34125e0452548d6fbcfb1e7cdb7237a597bd59ee86011ed4882b table="directory" seconds=6.358e-6 stage="query_runtime"
2026-09-09T19:55:07.943830Z DEBUG transparent_shard_server::service: query stage revision=be059aab39ac34125e0452548d6fbcfb1e7cdb7237a597bd59ee86011ed4882b table="directory" seconds=1.6204e-5 stage="query_dispatch"
2026-09-09T19:55:07.955551Z DEBUG transparent_shard_server::service: query stage revision=be059aab39ac34125e0452548d6fbcfb1e7cdb7237a597bd59ee86011ed4882b table="directory" seconds=0.011703449 stage="query_evaluate"
2026-09-09T19:55:08.112553Z DEBUG transparent_shard_server::service: query stage revision=be059aab39ac34125e0452548d6fbcfb1e7cdb7237a597bd59ee86011ed4882b table="pages" seconds=3.079e-6 stage="query_admission"
2026-09-09T19:55:08.112588Z DEBUG transparent_shard_server::service: query stage revision=be059aab39ac34125e0452548d6fbcfb1e7cdb7237a597bd59ee86011ed4882b table="pages" seconds=5.731e-6 stage="query_runtime"
2026-09-09T19:55:08.112675Z DEBUG transparent_shard_server::service: query stage revision=be059aab39ac34125e0452548d6fbcfb1e7cdb7237a597bd59ee86011ed4882b table="pages" seconds=2.2545e-5 stage="query_dispatch"
2026-09-09T19:55:08.124232Z DEBUG transparent_shard_server::service: query stage revision=be059aab39ac34125e0452548d6fbcfb1e7cdb7237a597bd59ee86011ed4882b table="pages" seconds=0.011536161 stage="query_evaluate"
2026-09-09T19:55:08.278965Z DEBUG transparent_shard_server::service: query stage revision=be059aab39ac34125e0452548d6fbcfb1e7cdb7237a597bd59ee86011ed4882b table="directory" seconds=2.413e-6 stage="query_admission"
2026-09-09T19:55:08.279000Z DEBUG transparent_shard_server::service: query stage revision=be059aab39ac34125e0452548d6fbcfb1e7cdb7237a597bd59ee86011ed4882b table="directory" seconds=5.552e-6 stage="query_runtime"
2026-09-09T19:55:08.279104Z DEBUG transparent_shard_server::service: query stage revision=be059aab39ac34125e0452548d6fbcfb1e7cdb7237a597bd59ee86011ed4882b table="directory" seconds=1.901e-5 stage="query_dispatch"
2026-09-09T19:55:08.292754Z DEBUG transparent_shard_server::service: query stage revision=be059aab39ac34125e0452548d6fbcfb1e7cdb7237a597bd59ee86011ed4882b table="directory" seconds=0.013629144 stage="query_evaluate"
2026-09-09T19:55:08.455551Z DEBUG transparent_shard_server::service: query stage revision=be059aab39ac34125e0452548d6fbcfb1e7cdb7237a597bd59ee86011ed4882b table="pages" seconds=2.936e-6 stage="query_admission"
2026-09-09T19:55:08.455585Z DEBUG transparent_shard_server::service: query stage revision=be059aab39ac34125e0452548d6fbcfb1e7cdb7237a597bd59ee86011ed4882b table="pages" seconds=6.54e-6 stage="query_runtime"
2026-09-09T19:55:08.455693Z DEBUG transparent_shard_server::service: query stage revision=be059aab39ac34125e0452548d6fbcfb1e7cdb7237a597bd59ee86011ed4882b table="pages" seconds=2.0947e-5 stage="query_dispatch"
2026-09-09T19:55:08.467422Z DEBUG transparent_shard_server::service: query stage revision=be059aab39ac34125e0452548d6fbcfb1e7cdb7237a597bd59ee86011ed4882b table="pages" seconds=0.011709198 stage="query_evaluate"
2026-09-09T19:55:08.548707Z DEBUG transparent_shard_server::service: query stage revision=be059aab39ac34125e0452548d6fbcfb1e7cdb7237a597bd59ee86011ed4882b table="pages" seconds=0.978172092 stage="query_evaluate"
2026-09-09T19:55:08.551697Z DEBUG transparent_shard_server::runtime: construction stage geometry="recent-8k" table="directory" seconds=2.05236626 stage="pack_preprocessing"
2026-09-09T19:55:08.551979Z DEBUG transparent_shard_server::runtime: construction stage geometry="recent-8k" table="directory" seconds=0.000260356 stage="publish_parameters"
2026-09-09T19:55:08.552618Z DEBUG transparent_shard_server::runtime: runtime stage key=("268f5c527d35817d37919707b04a706c850d449156baa071b5438dbf8eb53aec", Directory, 0) seconds=2.9671385839999997 stage="runtime_build"
2026-09-09T19:55:08.552632Z DEBUG transparent_shard_server::runtime: runtime stage key=("268f5c527d35817d37919707b04a706c850d449156baa071b5438dbf8eb53aec", Directory, 0) reserved_bytes=136314880 stage="serialization_handoff"
2026-09-09T19:55:08.630252Z DEBUG transparent_shard_server::service: query stage revision=be059aab39ac34125e0452548d6fbcfb1e7cdb7237a597bd59ee86011ed4882b table="directory" seconds=2.732e-6 stage="query_admission"
2026-09-09T19:55:08.630278Z DEBUG transparent_shard_server::service: query stage revision=be059aab39ac34125e0452548d6fbcfb1e7cdb7237a597bd59ee86011ed4882b table="directory" seconds=4.681e-6 stage="query_runtime"
2026-09-09T19:55:08.630449Z DEBUG transparent_shard_server::service: query stage revision=be059aab39ac34125e0452548d6fbcfb1e7cdb7237a597bd59ee86011ed4882b table="directory" seconds=0.000113358 stage="query_dispatch"
2026-09-09T19:55:08.639651Z DEBUG transparent_shard_server::service: query stage revision=be059aab39ac34125e0452548d6fbcfb1e7cdb7237a597bd59ee86011ed4882b table="directory" seconds=0.00918488 stage="query_evaluate"
2026-09-09T19:55:08.710465Z DEBUG transparent_shard_server::service: query stage revision=be059aab39ac34125e0452548d6fbcfb1e7cdb7237a597bd59ee86011ed4882b table="directory" seconds=2.55e-6 stage="query_admission"
2026-09-09T19:55:08.710490Z DEBUG transparent_shard_server::service: query stage revision=be059aab39ac34125e0452548d6fbcfb1e7cdb7237a597bd59ee86011ed4882b table="directory" seconds=5.392e-6 stage="query_runtime"
2026-09-09T19:55:08.710555Z DEBUG transparent_shard_server::service: query stage revision=be059aab39ac34125e0452548d6fbcfb1e7cdb7237a597bd59ee86011ed4882b table="directory" seconds=2.1745e-5 stage="query_dispatch"
2026-09-09T19:55:08.719483Z DEBUG transparent_shard_server::service: query stage revision=be059aab39ac34125e0452548d6fbcfb1e7cdb7237a597bd59ee86011ed4882b table="directory" seconds=0.008910663 stage="query_evaluate"
2026-09-09T19:55:08.796052Z DEBUG transparent_shard_server::service: query stage revision=be059aab39ac34125e0452548d6fbcfb1e7cdb7237a597bd59ee86011ed4882b table="pages" seconds=2.627e-6 stage="query_admission"
2026-09-09T19:55:08.796081Z DEBUG transparent_shard_server::service: query stage revision=be059aab39ac34125e0452548d6fbcfb1e7cdb7237a597bd59ee86011ed4882b table="pages" seconds=5.221e-6 stage="query_runtime"
2026-09-09T19:55:08.796179Z DEBUG transparent_shard_server::service: query stage revision=be059aab39ac34125e0452548d6fbcfb1e7cdb7237a597bd59ee86011ed4882b table="pages" seconds=2.8621e-5 stage="query_dispatch"
2026-09-09T19:55:08.805253Z DEBUG transparent_shard_server::service: query stage revision=be059aab39ac34125e0452548d6fbcfb1e7cdb7237a597bd59ee86011ed4882b table="pages" seconds=0.009064824 stage="query_evaluate"
2026-09-09T19:55:08.874811Z DEBUG transparent_shard_server::service: query stage revision=be059aab39ac34125e0452548d6fbcfb1e7cdb7237a597bd59ee86011ed4882b table="pages" seconds=2.792e-6 stage="query_admission"
2026-09-09T19:55:08.874836Z DEBUG transparent_shard_server::service: query stage revision=be059aab39ac34125e0452548d6fbcfb1e7cdb7237a597bd59ee86011ed4882b table="pages" seconds=4.992e-6 stage="query_runtime"
2026-09-09T19:55:08.874914Z DEBUG transparent_shard_server::service: query stage revision=be059aab39ac34125e0452548d6fbcfb1e7cdb7237a597bd59ee86011ed4882b table="pages" seconds=1.1864e-5 stage="query_dispatch"
2026-09-09T19:55:08.883947Z DEBUG transparent_shard_server::service: query stage revision=be059aab39ac34125e0452548d6fbcfb1e7cdb7237a597bd59ee86011ed4882b table="pages" seconds=0.009026304 stage="query_evaluate"
2026-09-09T19:55:08.959244Z DEBUG transparent_shard_server::service: query stage revision=be059aab39ac34125e0452548d6fbcfb1e7cdb7237a597bd59ee86011ed4882b table="directory" seconds=3.169e-6 stage="query_admission"
2026-09-09T19:55:08.959268Z DEBUG transparent_shard_server::service: query stage revision=be059aab39ac34125e0452548d6fbcfb1e7cdb7237a597bd59ee86011ed4882b table="directory" seconds=4.717e-6 stage="query_runtime"
2026-09-09T19:55:08.959357Z DEBUG transparent_shard_server::service: query stage revision=be059aab39ac34125e0452548d6fbcfb1e7cdb7237a597bd59ee86011ed4882b table="directory" seconds=2.0877e-5 stage="query_dispatch"
2026-09-09T19:55:08.968456Z DEBUG transparent_shard_server::service: query stage revision=be059aab39ac34125e0452548d6fbcfb1e7cdb7237a597bd59ee86011ed4882b table="directory" seconds=0.00908239 stage="query_evaluate"
2026-09-09T19:55:09.039757Z DEBUG transparent_shard_server::service: query stage revision=be059aab39ac34125e0452548d6fbcfb1e7cdb7237a597bd59ee86011ed4882b table="directory" seconds=3.26e-6 stage="query_admission"
2026-09-09T19:55:09.039782Z DEBUG transparent_shard_server::service: query stage revision=be059aab39ac34125e0452548d6fbcfb1e7cdb7237a597bd59ee86011ed4882b table="directory" seconds=4.874e-6 stage="query_runtime"
2026-09-09T19:55:09.039859Z DEBUG transparent_shard_server::service: query stage revision=be059aab39ac34125e0452548d6fbcfb1e7cdb7237a597bd59ee86011ed4882b table="directory" seconds=1.9248e-5 stage="query_dispatch"
2026-09-09T19:55:09.048952Z DEBUG transparent_shard_server::service: query stage revision=be059aab39ac34125e0452548d6fbcfb1e7cdb7237a597bd59ee86011ed4882b table="directory" seconds=0.009076845 stage="query_evaluate"
2026-09-09T19:55:09.123890Z DEBUG transparent_shard_server::service: query stage revision=be059aab39ac34125e0452548d6fbcfb1e7cdb7237a597bd59ee86011ed4882b table="pages" seconds=3.068e-6 stage="query_admission"
2026-09-09T19:55:09.123919Z DEBUG transparent_shard_server::service: query stage revision=be059aab39ac34125e0452548d6fbcfb1e7cdb7237a597bd59ee86011ed4882b table="pages" seconds=4.801e-6 stage="query_runtime"
2026-09-09T19:55:09.123995Z DEBUG transparent_shard_server::service: query stage revision=be059aab39ac34125e0452548d6fbcfb1e7cdb7237a597bd59ee86011ed4882b table="pages" seconds=3.2894e-5 stage="query_dispatch"
2026-09-09T19:55:09.133133Z DEBUG transparent_shard_server::service: query stage revision=be059aab39ac34125e0452548d6fbcfb1e7cdb7237a597bd59ee86011ed4882b table="pages" seconds=0.009116331 stage="query_evaluate"
2026-09-09T19:55:09.206418Z DEBUG transparent_shard_server::service: query stage revision=be059aab39ac34125e0452548d6fbcfb1e7cdb7237a597bd59ee86011ed4882b table="pages" seconds=2.182e-6 stage="query_admission"
2026-09-09T19:55:09.206443Z DEBUG transparent_shard_server::service: query stage revision=be059aab39ac34125e0452548d6fbcfb1e7cdb7237a597bd59ee86011ed4882b table="pages" seconds=5.503e-6 stage="query_runtime"
2026-09-09T19:55:09.206524Z DEBUG transparent_shard_server::service: query stage revision=be059aab39ac34125e0452548d6fbcfb1e7cdb7237a597bd59ee86011ed4882b table="pages" seconds=1.1685e-5 stage="query_dispatch"
2026-09-09T19:55:09.215831Z DEBUG transparent_shard_server::service: query stage revision=be059aab39ac34125e0452548d6fbcfb1e7cdb7237a597bd59ee86011ed4882b table="pages" seconds=0.009300074 stage="query_evaluate"
2026-09-09T19:55:09.249078Z DEBUG transparent_shard_server::runtime: runtime stage key=("268f5c527d35817d37919707b04a706c850d449156baa071b5438dbf8eb53aec", Directory, 0) seconds=0.696441032 stage="disk_save"
2026-09-09T19:55:09.249151Z  INFO transparent_shard_server::service: prewarm finished warm=28 target=28 failed=0 seconds=6.897023991
2026-09-09T19:55:09.249198Z DEBUG transparent_shard_server::live: publication preparation stages map=12cbb58695cd66166197842d179b61598c15effb06ad32efcd899a13e36e7b10 loading_seconds=0.646155576 warming_seconds=6.897106496
2026-09-09T19:55:09.287908Z DEBUG transparent_shard_server::service: query stage revision=be059aab39ac34125e0452548d6fbcfb1e7cdb7237a597bd59ee86011ed4882b table="directory" seconds=2.172e-6 stage="query_admission"
2026-09-09T19:55:09.287933Z DEBUG transparent_shard_server::service: query stage revision=be059aab39ac34125e0452548d6fbcfb1e7cdb7237a597bd59ee86011ed4882b table="directory" seconds=5.094e-6 stage="query_runtime"
2026-09-09T19:55:09.288101Z DEBUG transparent_shard_server::service: query stage revision=be059aab39ac34125e0452548d6fbcfb1e7cdb7237a597bd59ee86011ed4882b table="directory" seconds=9.995e-5 stage="query_dispatch"
2026-09-09T19:55:09.294842Z DEBUG transparent_shard_server::service: query stage revision=be059aab39ac34125e0452548d6fbcfb1e7cdb7237a597bd59ee86011ed4882b table="directory" seconds=0.006723427 stage="query_evaluate"
2026-09-09T19:55:09.374354Z DEBUG transparent_shard_server::service: query stage revision=be059aab39ac34125e0452548d6fbcfb1e7cdb7237a597bd59ee86011ed4882b table="directory" seconds=2.371e-6 stage="query_admission"
2026-09-09T19:55:09.374384Z DEBUG transparent_shard_server::service: query stage revision=be059aab39ac34125e0452548d6fbcfb1e7cdb7237a597bd59ee86011ed4882b table="directory" seconds=4.563e-6 stage="query_runtime"
2026-09-09T19:55:09.374563Z DEBUG transparent_shard_server::service: query stage revision=be059aab39ac34125e0452548d6fbcfb1e7cdb7237a597bd59ee86011ed4882b table="directory" seconds=0.000113823 stage="query_dispatch"
2026-09-09T19:55:09.381627Z DEBUG transparent_shard_server::service: query stage revision=be059aab39ac34125e0452548d6fbcfb1e7cdb7237a597bd59ee86011ed4882b table="directory" seconds=0.007045505 stage="query_evaluate"
2026-09-09T19:55:09.457685Z DEBUG transparent_shard_server::service: query stage revision=268f5c527d35817d37919707b04a706c850d449156baa071b5438dbf8eb53aec table="pages" seconds=2.287e-6 stage="query_admission"
2026-09-09T19:55:09.457718Z DEBUG transparent_shard_server::service: query stage revision=268f5c527d35817d37919707b04a706c850d449156baa071b5438dbf8eb53aec table="pages" seconds=5.798e-6 stage="query_runtime"
2026-09-09T19:55:09.457802Z DEBUG transparent_shard_server::service: query stage revision=268f5c527d35817d37919707b04a706c850d449156baa071b5438dbf8eb53aec table="pages" seconds=2.157e-5 stage="query_dispatch"
2026-09-09T19:55:09.464569Z DEBUG transparent_shard_server::service: query stage revision=268f5c527d35817d37919707b04a706c850d449156baa071b5438dbf8eb53aec table="pages" seconds=0.006747627 stage="query_evaluate"
2026-09-09T19:55:09.540582Z DEBUG transparent_shard_server::service: query stage revision=268f5c527d35817d37919707b04a706c850d449156baa071b5438dbf8eb53aec table="pages" seconds=2.328e-6 stage="query_admission"
2026-09-09T19:55:09.540626Z DEBUG transparent_shard_server::service: query stage revision=268f5c527d35817d37919707b04a706c850d449156baa071b5438dbf8eb53aec table="pages" seconds=5.197e-6 stage="query_runtime"
2026-09-09T19:55:09.540793Z DEBUG transparent_shard_server::service: query stage revision=268f5c527d35817d37919707b04a706c850d449156baa071b5438dbf8eb53aec table="pages" seconds=0.000114148 stage="query_dispatch"
2026-09-09T19:55:09.547605Z DEBUG transparent_shard_server::service: query stage revision=268f5c527d35817d37919707b04a706c850d449156baa071b5438dbf8eb53aec table="pages" seconds=0.006792245 stage="query_evaluate"
2026-09-09T19:55:09.627636Z DEBUG transparent_shard_server::service: query stage revision=268f5c527d35817d37919707b04a706c850d449156baa071b5438dbf8eb53aec table="directory" seconds=2.469e-6 stage="query_admission"
2026-09-09T19:55:09.627669Z DEBUG transparent_shard_server::service: query stage revision=268f5c527d35817d37919707b04a706c850d449156baa071b5438dbf8eb53aec table="directory" seconds=4.595e-6 stage="query_runtime"
2026-09-09T19:55:09.627784Z DEBUG transparent_shard_server::service: query stage revision=268f5c527d35817d37919707b04a706c850d449156baa071b5438dbf8eb53aec table="directory" seconds=4.1348e-5 stage="query_dispatch"
2026-09-09T19:55:09.634590Z DEBUG transparent_shard_server::service: query stage revision=268f5c527d35817d37919707b04a706c850d449156baa071b5438dbf8eb53aec table="directory" seconds=0.006787873 stage="query_evaluate"
2026-09-09T19:55:09.706507Z DEBUG transparent_shard_server::service: query stage revision=268f5c527d35817d37919707b04a706c850d449156baa071b5438dbf8eb53aec table="directory" seconds=2.949e-6 stage="query_admission"
2026-09-09T19:55:09.706540Z DEBUG transparent_shard_server::service: query stage revision=268f5c527d35817d37919707b04a706c850d449156baa071b5438dbf8eb53aec table="directory" seconds=5.609e-6 stage="query_runtime"
2026-09-09T19:55:09.706669Z DEBUG transparent_shard_server::service: query stage revision=268f5c527d35817d37919707b04a706c850d449156baa071b5438dbf8eb53aec table="directory" seconds=3.943e-5 stage="query_dispatch"
2026-09-09T19:55:09.713850Z DEBUG transparent_shard_server::service: query stage revision=268f5c527d35817d37919707b04a706c850d449156baa071b5438dbf8eb53aec table="directory" seconds=0.007162312 stage="query_evaluate"
2026-09-09T19:55:09.789618Z DEBUG transparent_shard_server::service: query stage revision=268f5c527d35817d37919707b04a706c850d449156baa071b5438dbf8eb53aec table="pages" seconds=2.157e-6 stage="query_admission"
2026-09-09T19:55:09.789653Z DEBUG transparent_shard_server::service: query stage revision=268f5c527d35817d37919707b04a706c850d449156baa071b5438dbf8eb53aec table="pages" seconds=5.299e-6 stage="query_runtime"
2026-09-09T19:55:09.789747Z DEBUG transparent_shard_server::service: query stage revision=268f5c527d35817d37919707b04a706c850d449156baa071b5438dbf8eb53aec table="pages" seconds=2.1502e-5 stage="query_dispatch"
2026-09-09T19:55:09.798537Z DEBUG transparent_shard_server::service: query stage revision=268f5c527d35817d37919707b04a706c850d449156baa071b5438dbf8eb53aec table="pages" seconds=0.00877121 stage="query_evaluate"
test burst::publication_burst_under_exact_load ... ok

test result: ok. 1 passed; 0 failed; 0 ignored; 0 measured; 16 filtered out; finished in 106.99s

Finished with result: success
Main processes terminated with: code=exited/status=0
Service runtime: 1min 47.032s
CPU time consumed: 3min 51.348s
Memory peak: 256.0K
Memory swap peak: 0B
