python3 -m unittest discover -s enhance/ops/tests -p 'test_*.py'
...s.....................................................................s..............s......
----------------------------------------------------------------------
Ran 95 tests in 0.998s

OK (skipped=3)
python3 -m unittest discover -s ops/tests -p 'test_*.py'
..
----------------------------------------------------------------------
Ran 2 tests in 0.002s

OK
ops/scripts/check-jq-contracts.sh
== shell syntax and lint
  ops/scripts/check-jq-contracts.sh  ok
  ops/scripts/wallet-pir-terraform.sh ok
  transparent/ops/scripts/deploy-transparent-filter.sh ok
  transparent/ops/scripts/deploy-transparent-shard.sh ok
  transparent/ops/scripts/transparent-fleet-state.sh ok
== transparent/ops/scripts/deploy-transparent-shard.sh: compile and evaluate
  JQ_MAP_SHARD_COUNT                 ok against shards.json
  JQ_MAP_DIGESTS                     ok against shards.json
  JQ_MAP_FIRST_DIGEST                ok against shards.json
  JQ_MAP_GEOMETRIES                  ok against shards.json
  JQ_HEALTH_SERVING                  ok against health.json
  JQ_HEALTH_SHARDS                   ok against health.json
  JQ_HEALTH_ASSIGNED                 ok against health.json
  JQ_READY_OK                        ok against ready.json
  JQ_READY_MAP                       ok against ready.json
  JQ_READY_ASSIGNMENT                ok against ready.json
  JQ_READY_WARM                      ok against ready.json
  JQ_READY_REASON                    ok against ready.json
  JQ_READY_BINARY                    ok against ready.json
  JQ_READY_WORKER_ASSIGNMENT         ok against ready.json
  JQ_INIT_COMPLETE                   ok against init.json
  JQ_INIT_GEOMETRY_NAMES             ok against init.json
  JQ_INIT_SHARDS                     ok against init.json
  JQ_INIT_HAS_GEOMETRIES             ok against init.json
  JQ_INIT_MAP                        ok against init.json
  JQ_INIT_ASSIGNED                   ok against init.json
  JQ_INIT_GEOMETRY_COMPLETE          ok against init.json
  JQ_INIT_SUMMARY                    ok against init.json
== transparent/ops/scripts/deploy-transparent-filter.sh: compile only (no fixtures yet)
  JQ_FILTER_CHECK_MAP                compiles
  JQ_FILTER_CHECK_SUMMARY            compiles
  JQ_FILTER_HEALTH_SERVING           compiles
== transparent/ops/scripts/deploy-transparent-shard.sh validate, against the real fixture
  validate                           accepts the published fixture

all ops contract checks passed
python3 transparent/ops/tests/test_transparent_parents.py
.
----------------------------------------------------------------------
Ran 1 test in 0.014s

OK
python3 transparent/ops/tests/test_transparent_fleet.py
........
----------------------------------------------------------------------
Ran 8 tests in 2.027s

OK
python3 transparent/ops/tests/test_transparent_publication.py
{"event": "worker_control_transport_failed", "worker": "a1", "operation": "activate", "attempt": 1, "error_type": "RuntimeError", "retry": false}
{"event": "worker_control_transport_failed", "worker": "a1", "operation": "invalidate", "attempt": 1, "error_type": "RuntimeError", "retry": false}
{"event": "worker_control_transport_failed", "worker": "a1", "operation": "prepare", "attempt": 1, "error_type": "RuntimeError", "retry": false}
.....{"event": "fleet_command", "tool": "sh", "seconds": 0.350566, "exit_code": 0}
...{"event": "worker_control_transport_failed", "worker": "a1", "operation": "status", "attempt": 1, "error_type": "RuntimeError", "retry": true}
{"event": "worker_control_transport_failed", "worker": "a1", "operation": "status", "attempt": 2, "error_type": "RuntimeError", "retry": false}
{"event": "worker_control_transport_failed", "worker": "a1", "operation": "activate", "attempt": 1, "error_type": "RuntimeError", "retry": false}
.{"event": "worker_stage", "worker": "a1", "host": "10.0.0.1", "map_sha256": "new", "phase": "activate", "state": "started", "monotonic": 365514.687838875}
{"event": "worker_stage", "worker": "a1", "host": "10.0.0.1", "map_sha256": "new", "phase": "activate", "state": "completed", "seconds": 3.266602288931608e-05}
{"event": "worker_stage", "worker": "a1", "host": "10.0.0.1", "map_sha256": "new", "phase": "attest", "state": "started", "monotonic": 365514.687903125}
{"event": "worker_stage", "worker": "a1", "host": "10.0.0.1", "map_sha256": "new", "phase": "attest", "state": "completed", "seconds": 1.391599653288722e-05}
{"event": "worker_stage", "worker": "a2", "host": "10.0.0.2", "map_sha256": "new", "phase": "activate", "state": "started", "monotonic": 365514.688152875}
{"event": "worker_stage", "worker": "a2", "host": "10.0.0.2", "map_sha256": "new", "phase": "activate", "state": "RuntimeError", "seconds": 2.300000051036477e-05}
{"event": "worker_stage", "worker": "r1", "host": "10.0.1.1", "map_sha256": "new", "phase": "activate", "state": "started", "monotonic": 365514.688303208}
{"event": "worker_stage", "worker": "r1", "host": "10.0.1.1", "map_sha256": "new", "phase": "activate", "state": "completed", "seconds": 1.2500036973506212e-05}
{"event": "worker_stage", "worker": "r1", "host": "10.0.1.1", "map_sha256": "new", "phase": "attest", "state": "started", "monotonic": 365514.688326291}
{"event": "worker_stage", "worker": "r1", "host": "10.0.1.1", "map_sha256": "new", "phase": "attest", "state": "completed", "seconds": 1.308403443545103e-05}
{"event": "worker_stage", "worker": "r2", "host": "10.0.1.2", "map_sha256": "new", "phase": "activate", "state": "started", "monotonic": 365514.688497125}
{"event": "worker_stage", "worker": "r2", "host": "10.0.1.2", "map_sha256": "new", "phase": "activate", "state": "completed", "seconds": 2.400000812485814e-05}
{"event": "worker_stage", "worker": "r2", "host": "10.0.1.2", "map_sha256": "new", "phase": "attest", "state": "started", "monotonic": 365514.6885345}
{"event": "worker_stage", "worker": "r2", "host": "10.0.1.2", "map_sha256": "new", "phase": "attest", "state": "completed", "seconds": 1.1208001524209976e-05}
a2: owner lost during activation
...{"event": "worker_control_transport_failed", "worker": "a1", "operation": "status", "attempt": 1, "error_type": "RuntimeError", "retry": true}
{"event": "worker_control_transport_failed", "worker": "a1", "operation": "status", "attempt": 2, "error_type": "RuntimeError", "retry": false}
..{"event": "worker_control_transport_failed", "worker": "a1", "operation": "status", "attempt": 1, "error_type": "TimeoutError", "retry": true}
{"event": "worker_control_transport_failed", "worker": "a1", "operation": "status", "attempt": 2, "error_type": "TimeoutError", "retry": false}
...../opt/homebrew/Cellar/python@3.14/3.14.6/Frameworks/Python.framework/Versions/3.14/lib/python3.14/tempfile.py:484: ResourceWarning: Implicitly cleaning up <HTTPError 500: 'RPC error'>
  _warnings.warn(self.warn_message, ResourceWarning)
.....{"event": "control_session_started", "worker": "a1", "pid": 123}
{"event": "control_session_exited", "worker": "a1", "exit_code": 255}
{"event": "control_session_started", "worker": "a1", "pid": 123}
.{"event": "fleet_command", "tool": "sh", "seconds": 0.727993, "exit_code": 0}
{"event": "fleet_command", "tool": "sh", "seconds": 0.011267, "exit_code": 0}
{"event": "fleet_command", "tool": "sh", "seconds": 0.022989, "exit_code": 0}
{"event": "fleet_command", "tool": "sh", "seconds": 0.02128, "exit_code": 0}
.a2: revocation failed
..
----------------------------------------------------------------------
Ran 28 tests in 5.407s

OK
python3 transparent/ops/tests/test_transparent_burst.py
........
----------------------------------------------------------------------
Ran 8 tests in 3.443s

OK
python3 transparent/ops/tests/test_regression_recut.py
................
----------------------------------------------------------------------
Ran 16 tests in 0.001s

OK
python3 transparent/ops/tests/test_regression_fixture_compare.py
...............
----------------------------------------------------------------------
Ran 15 tests in 0.009s

OK
python3 transparent/ops/tests/test_observation_audit.py
.........................
----------------------------------------------------------------------
Ran 25 tests in 0.507s

OK
python3 -m unittest discover -s transparent/ops/tests -p 'test_transparent_stage_timing.py'
....
----------------------------------------------------------------------
Ran 4 tests in 0.006s

OK
tools/check-doc-links.sh
check-doc-links: 151 files, no broken links
python3 -m unittest discover -s transparent/tools/transparent-loadtest/tests -p 'test_*.py'
........Measured wave did not start; opening its preparation results.
.
----------------------------------------------------------------------
Ran 9 tests in 11.215s

OK
node --test transparent/tools/transparent-loadtest/tests/apm.test.cjs
✔ rates use elapsed time and break at failures, reset and identity change (1.206667ms)
✔ missing gauges remain unavailable and label escapes parse (0.096ms)
✔ histogram p95 uses cumulative interval deltas; gaps, zero observations and resets have no quantile (0.741875ms)
✔ overflow bucket does not invent a finite latency (0.116792ms)
✔ partial and non-cumulative histograms are unavailable (0.145917ms)
ℹ tests 5
ℹ suites 0
ℹ pass 5
ℹ fail 0
ℹ cancelled 0
ℹ skipped 0
ℹ todo 0
ℹ duration_ms 44.310291
python3 -m unittest discover -s transparent/tools/filters -p 'test_*.py'
...
----------------------------------------------------------------------
Ran 3 tests in 0.000s

OK
python3 -m unittest discover -s transparent/tools/parent-filters -p 'test_*.py'
....
----------------------------------------------------------------------
Ran 4 tests in 0.004s

OK
python3 -m unittest discover -s tools/tests -p 'test_*.py'
.................
----------------------------------------------------------------------
Ran 17 tests in 0.506s

OK
cargo fmt --all --check
cargo clippy --workspace --all-targets --all-features -- -D warnings
   Compiling proc-macro2 v1.0.106
   Compiling quote v1.0.45
   Compiling unicode-ident v1.0.24
   Compiling libc v0.2.184
    Checking cfg-if v1.0.4
   Compiling version_check v0.9.5
   Compiling serde_core v1.0.228
   Compiling shlex v1.3.0
   Compiling find-msvc-tools v0.1.9
   Compiling typenum v1.19.0
    Checking subtle v2.6.1
   Compiling serde v1.0.228
    Checking once_cell v1.21.4
    Checking memchr v2.8.0
    Checking pin-project-lite v0.2.17
    Checking smallvec v1.15.1
    Checking log v0.4.29
    Checking itoa v1.0.18
    Checking futures-core v0.3.32
    Checking bytes v1.11.1
    Checking tracing-core v0.1.36
    Checking arrayvec v0.7.6
   Compiling parking_lot_core v0.9.12
    Checking scopeguard v1.2.0
    Checking futures-sink v0.3.32
    Checking bitflags v2.11.0
    Checking lock_api v0.4.14
    Checking futures-channel v0.3.32
   Compiling crossbeam-utils v0.8.22
    Checking futures-io v0.3.34
    Checking futures-task v0.3.32
    Checking slab v0.4.12
   Compiling zmij v1.0.21
    Checking stable_deref_trait v1.2.1
   Compiling thiserror v2.0.18
   Compiling crossbeam-epoch v0.9.20
   Compiling serde_json v1.0.149
   Compiling heck v0.5.0
   Compiling crossbeam-deque v0.8.7
    Checking tower-service v0.3.3
   Compiling rayon-core v1.13.0
    Checking either v1.15.0
   Compiling generic-array v0.14.7
    Checking http v1.4.0
    Checking tower-layer v0.3.3
   Compiling zerocopy v0.8.48
    Checking http-body v1.0.1
    Checking writeable v0.6.3
    Checking litemap v0.8.2
   Compiling icu_normalizer_data v2.2.0
    Checking utf8_iter v1.0.4
    Checking percent-encoding v2.3.2
   Compiling httparse v1.10.1
   Compiling icu_properties_data v2.2.0
   Compiling syn v2.0.117
    Checking utf8parse v0.2.2
    Checking try-lock v0.2.5
    Checking untrusted v0.9.0
    Checking want v0.3.1
    Checking anstyle-parse v1.0.0
    Checking sync_wrapper v1.0.2
    Checking colorchoice v1.0.5
    Checking base64 v0.22.1
    Checking anstyle-query v1.1.5
    Checking is_terminal_polyfill v1.70.2
    Checking httpdate v1.0.3
   Compiling rustls v0.23.37
    Checking atomic-waker v1.1.2
    Checking anstyle v1.0.14
    Checking form_urlencoded v1.2.2
    Checking anstream v1.0.0
    Checking http-body-util v0.1.3
    Checking ipnet v2.12.0
   Compiling bitcoin-io v0.1.101
    Checking strsim v0.11.1
    Checking ryu v1.0.23
    Checking clap_lex v1.1.0
    Checking hex-conservative v0.2.3
    Checking iri-string v0.7.12
    Checking clap_builder v4.6.0
    Checking bech32 v0.11.1
    Checking fastrand v2.4.1
    Checking aho-corasick v1.1.4
    Checking regex-syntax v0.8.10
   Compiling thiserror v1.0.69
   Compiling getrandom v0.3.4
   Compiling synstructure v0.13.2
    Checking rand_core v0.10.1
    Checking jiff v0.2.23
    Checking regex-automata v0.4.14
    Checking constant_time_eq v0.4.2
   Compiling getrandom v0.4.2
    Checking getrandom v0.2.17
    Checking errno v0.3.14
    Checking cpufeatures v0.2.17
   Compiling jobserver v0.1.35
    Checking signal-hook-registry v1.4.8
    Checking socket2 v0.6.3
    Checking parking_lot v0.12.5
   Compiling cc v1.2.59
    Checking mio v1.2.0
    Checking rand_core v0.6.4
    Checking regex v1.12.3
    Checking env_filter v1.0.1
    Checking rayon v1.12.0
    Checking env_logger v0.11.10
    Checking memuse v0.2.2
   Compiling radium v0.7.0
    Checking arrayref v0.3.9
    Checking tap v1.0.1
    Checking wyz v0.5.1
    Checking blake2b_simd v1.0.4
    Checking funty v2.0.0
   Compiling autocfg v1.5.0
   Compiling rustix v1.1.4
    Checking static_assertions v1.1.0
   Compiling hex_lit v0.1.1
    Checking crypto-common v0.1.7
    Checking block-buffer v0.10.4
   Compiling num-traits v0.2.19
    Checking digest v0.10.7
    Checking sha2 v0.10.9
    Checking sha1 v0.10.6
   Compiling bitcoin v0.32.102
    Checking inout v0.1.4
    Checking maybe-rayon v0.1.1
    Checking hybrid-array v0.2.3
    Checking bitcoin-units v0.1.101
    Checking byteorder v1.5.0
    Checking crypto-common v0.2.0-rc.1
    Checking block-buffer v0.11.0-rc.3
   Compiling crc32fast v1.5.1
    Checking corez v0.1.1
    Checking simd-adler32 v0.3.10
   Compiling rustversion v1.0.22
    Checking digest v0.11.0-pre.9
    Checking adler2 v2.0.1
   Compiling litrs v1.0.0
    Checking miniz_oxide v0.9.1
    Checking ppv-lite86 v0.2.21
    Checking rand_chacha v0.3.1
    Checking universal-hash v0.5.1
    Checking rand v0.8.5
   Compiling proc-macro-error-attr2 v2.0.0
    Checking valar-spiral-rs v0.5.3-rc.1
    Checking bitcoin_hashes v0.14.101
   Compiling semver v1.0.28
    Checking nonempty v0.11.0
   Compiling document-features v0.2.12
    Checking opaque-debug v0.3.1
   Compiling crunchy v0.2.4
   Compiling libm v0.2.16
    Checking base58ck v0.1.101
   Compiling rustc_version v0.4.1
    Checking poly1305 v0.8.0
   Compiling ring v0.17.14
   Compiling secp256k1-sys v0.10.1
   Compiling zakura-pasta-curves v1.0.1
   Compiling proc-macro-error2 v2.0.1
    Checking rand_core v0.9.5
    Checking rand v0.9.2
    Checking bs58 v0.5.1
    Checking aead v0.5.2
    Checking zcash_spec v0.2.1
   Compiling syn v3.0.4
    Checking rand v0.10.2
    Checking bitvec v1.0.1
   Compiling ident_case v1.0.1
   Compiling darling_core v0.23.0
    Checking tempfile v3.27.0
    Checking ff v0.14.0
    Checking group v0.14.0
    Checking zip32 v0.2.1
   Compiling curve25519-dalek v4.1.3
    Checking zakura-pairing v1.0.1
    Checking ripemd v0.2.0-pre.4
    Checking zakura-bls12-381 v1.0.1
    Checking sha2 v0.11.0-pre.4
    Checking hmac v0.13.0-pre.4
    Checking humantime v2.4.0
    Checking zakura-jubjub v1.0.1
    Checking core-foundation-sys v0.8.7
    Checking zakura-halo2-legacy-pdqsort v1.0.1
    Checking iana-time-zone v0.1.65
    Checking ripemd v0.1.3
    Checking f4jumble v0.1.1
    Checking blake2s_simd v1.0.5
    Checking incrementalmerkletree v0.8.2
    Checking num-integer v0.1.46
    Checking foldhash v0.2.0
    Checking num-bigint v0.4.6
    Checking lazy_static v1.5.0
   Compiling equihash v0.3.0
    Checking allocator-api2 v0.2.21
    Checking equivalent v1.0.2
    Checking rustc-hex v2.1.0
   Compiling ref-cast v1.0.27
    Checking fixed-hash v0.8.0
    Checking hashbrown v0.16.1
    Checking zakura-bellman v1.0.1
   Compiling serde_derive_internals v0.30.0
    Checking flate2 v1.1.10
    Checking mime v0.3.17
    Checking option-ext v0.2.0
    Checking signature v2.2.0
    Checking dirs-sys v0.5.0
    Checking crossbeam-channel v0.5.16
    Checking serde_path_to_error v0.1.20
    Checking dyn-clone v1.0.20
    Checking matchit v0.7.3
    Checking dirs v6.0.0
    Checking itertools v0.14.0
    Checking nom v8.0.0
   Compiling prometheus v0.13.4
    Checking sharded-slab v0.1.7
    Checking matchers v0.2.0
    Checking tracing-log v0.2.0
    Checking thread_local v1.1.9
    Checking nu-ansi-term v0.50.3
    Checking fnv v1.0.7
    Checking objc2-core-foundation v0.3.2
   Compiling anyhow v1.0.102
    Checking hdrhistogram v7.6.0
    Checking objc2-io-kit v0.3.2
    Checking sysinfo v0.36.1
    Checking zakura-halo2-poseidon v1.0.1
    Checking zakura-sinsemilla v1.0.1
   Compiling serde_derive v1.0.228
   Compiling zeroize_derive v1.5.0
   Compiling tracing-attributes v0.1.31
   Compiling tokio-macros v2.7.0
   Compiling futures-macro v0.3.32
   Compiling zerofrom-derive v0.1.7
   Compiling yoke-derive v0.8.2
   Compiling thiserror-impl v2.0.18
   Compiling zerovec-derive v0.11.3
   Compiling displaydoc v0.2.5
   Compiling clap_derive v4.6.0
   Compiling thiserror-impl v1.0.69
   Compiling getset v0.1.6
   Compiling ref-cast-impl v1.0.27
    Checking zeroize v1.8.2
    Checking rustls-pki-types v1.14.0
    Checking rustls-webpki v0.103.10
    Checking webpki-roots v1.0.6
    Checking cipher v0.4.4
   Compiling async-trait v0.1.89
    Checking chacha20 v0.9.1
    Checking chacha20poly1305 v0.10.1
    Checking cbc v0.1.2
    Checking fpe v0.6.1
    Checking zcash_note_encryption v0.4.2
    Checking aes v0.8.4
   Compiling schemars_derive v1.2.2
    Checking tokio v1.51.1
    Checking futures-util v0.3.32
   Compiling strum_macros v0.27.2
   Compiling derive-getters v0.5.0
   Compiling darling_macro v0.23.0
    Checking tracing v0.1.44
   Compiling prost-derive v0.13.5
   Compiling darling v0.23.0
   Compiling prettyplease v0.2.37
    Checking zakura-halo2-proofs v1.0.1
    Checking tracing-subscriber v0.3.23
    Checking futures-executor v0.3.32
    Checking futures v0.3.32
    Checking tower-http v0.5.2
   Compiling serde_with_macros v3.22.0
   Compiling indexmap v2.13.1
    Checking hyper v1.9.0
    Checking tower v0.5.3
    Checking tokio-rustls v0.26.4
    Checking tokio-stream v0.1.19
    Checking hyper-util v0.1.20
    Checking tower-http v0.6.8
   Compiling fixedbitset v0.5.7
   Compiling petgraph v0.7.1
   Compiling multimap v0.10.1
    Checking hyper-rustls v0.27.7
   Compiling glob v0.3.4
    Checking zakura-halo2-gadgets v1.0.1
    Checking inspiring v0.1.0-rc.1 (https://github.com/valargroup/ipir-sp.git?rev=611a29284264d844bf4dba00de2874c5b762f8c2#611a2928)
    Checking zerofrom v0.1.7
   Compiling minimal-lexical v0.2.1
    Checking simplepir-kernel v0.1.0-rc.1 (https://github.com/valargroup/ipir-sp.git?rev=611a29284264d844bf4dba00de2874c5b762f8c2#611a2928)
   Compiling ahash v0.8.12
   Compiling nom v7.1.3
   Compiling bindgen v0.72.1
    Checking clap v4.6.0
   Compiling clang-sys v1.9.1
   Compiling itertools v0.13.0
   Compiling lz4-sys v1.11.1+lz4-1.10.0
   Compiling vcpkg v0.2.15
   Compiling rustc-hash v2.1.2
    Checking yoke v0.8.2
   Compiling pkg-config v0.3.34
    Checking tokio-util v0.7.19
    Checking hashbrown v0.14.5
   Compiling cexpr v0.6.0
   Compiling pin-project-internal v1.1.13
   Compiling syn v1.0.109
    Checking hashlink v0.9.1
    Checking fallible-streaming-iterator v0.1.9
   Compiling rlimit v0.10.2
    Checking fallible-iterator v0.3.0
    Checking rapidhash v4.5.1
    Checking zerovec v0.11.6
    Checking zerotrie v0.2.4
    Checking hex v0.4.3
    Checking serde_urlencoded v0.7.1
    Checking secp256k1 v0.29.1
    Checking ipir-sp v0.1.0-rc.2 (https://github.com/valargroup/ipir-sp.git?rev=611a29284264d844bf4dba00de2874c5b762f8c2#611a2928)
    Checking zakura-reddsa v1.0.1
    Checking zcash_encoding v0.4.0
    Checking bip32 v0.6.0-pre.1
    Checking bounded-vec v0.9.0
    Checking zcash_protocol v0.10.5
    Checking zakura-redjubjub v1.0.1
    Checking zcash_script v0.4.5
    Checking transparent-events v0.1.0 (/Users/roman/projects/wallet-pir-production-readiness/transparent/crates/transparent-events)
    Checking zcash_address v0.13.0
    Checking uint v0.9.5
    Checking chrono v0.4.45
    Checking axum-core v0.4.5
    Checking zcash_transparent v0.10.0
    Checking primitive-types v0.12.2
    Checking zakura-sapling-crypto v1.0.1
    Checking zakura-orchard v1.0.1
    Checking ed25519 v2.2.3
    Checking ed25519-zebra v4.2.0
    Checking zcash_history v0.5.0
    Checking x25519-dalek v2.0.1
    Checking uint v0.10.1
    Checking bitflags-serde-legacy v0.1.1
    Checking serde-big-array v0.5.1
    Checking schemars v1.2.2
   Compiling prost v0.13.5
    Checking serde_with v3.22.0
   Compiling libsqlite3-sys v0.30.1
    Checking strum v0.27.2
    Checking tinystr v0.8.3
    Checking potential_utf v0.1.5
    Checking icu_locale_core v2.2.0
    Checking icu_collections v2.2.0
    Checking metrics v0.24.6
    Checking bincode v1.3.3
    Checking humantime-serde v1.1.1
    Checking hex-literal v0.4.1
    Checking zakura-assets v0.3462171.0
    Checking icu_provider v2.2.0
    Checking icu_properties v2.2.0
    Checking icu_normalizer v2.2.0
    Checking idna_adapter v1.2.1
    Checking idna v1.1.0
    Checking url v2.5.8
    Checking axum v0.7.9
    Checking pin-project v1.1.13
    Checking reqwest v0.12.28
    Checking transparent-filter v0.1.0 (/Users/roman/projects/wallet-pir-production-readiness/transparent/crates/transparent-filter)
    Checking enhance-pir v0.0.1 (/Users/roman/projects/wallet-pir-production-readiness/enhance/crates/enhance-pir)
   Compiling prost-types v0.13.5
    Checking transparent-spend-pir v0.1.0 (/Users/roman/projects/wallet-pir-production-readiness/enhance/crates/transparent-spend-pir)
   Compiling derive-new v0.5.9
    Checking transparent-shard v0.1.0 (/Users/roman/projects/wallet-pir-production-readiness/transparent/crates/transparent-shard)
    Checking enhance-pir-load-test v0.0.1 (/Users/roman/projects/wallet-pir-production-readiness/enhance/tools/loadtest)
   Compiling prost-build v0.13.5
    Checking zakura-primitives v1.0.1
    Checking transparent-wallet v0.1.0 (/Users/roman/projects/wallet-pir-production-readiness/transparent/crates/transparent-wallet)
    Checking pir-apm v0.1.0 (/Users/roman/projects/wallet-pir-production-readiness/enhance/services/pir-apm)
    Checking zakura-chain v6.0.0 (https://github.com/zakura-core/zakura.git?rev=1faf150fc3648aae22c55a6b30f8f5a9b9ce934e#1faf150f)
    Checking tower v0.4.13
   Compiling transparent-blocks v0.1.0 (/Users/roman/projects/wallet-pir-production-readiness/transparent/crates/transparent-blocks)
   Compiling transparent-loadtest v0.1.0 (/Users/roman/projects/wallet-pir-production-readiness/transparent/tools/transparent-loadtest)
    Checking transparent-block-server v0.1.0 (/Users/roman/projects/wallet-pir-production-readiness/transparent/services/transparent-block-server)
   Compiling librocksdb-sys v0.17.3+10.4.2
    Checking enhance-pir-server v0.0.1 (/Users/roman/projects/wallet-pir-production-readiness/enhance/services/enhance-pir-server)
    Checking zakura-header-chain v1.0.0 (https://github.com/zakura-core/zakura.git?rev=1faf150fc3648aae22c55a6b30f8f5a9b9ce934e#1faf150f)
    Checking zakura-node-services v3.2.1 (https://github.com/zakura-core/zakura.git?rev=1faf150fc3648aae22c55a6b30f8f5a9b9ce934e#1faf150f)
    Checking transparent-shard-server v0.1.0 (/Users/roman/projects/wallet-pir-production-readiness/transparent/services/transparent-shard-server)
    Checking rusqlite v0.32.1
    Checking transparent-wallet-store v0.1.0 (/Users/roman/projects/wallet-pir-production-readiness/transparent/crates/transparent-wallet-store)
    Checking transparent-regression v0.1.0 (/Users/roman/projects/wallet-pir-production-readiness/transparent/tools/transparent-regression)
    Checking rocksdb v0.24.0
    Checking zakura-state v7.0.0 (https://github.com/zakura-core/zakura.git?rev=1faf150fc3648aae22c55a6b30f8f5a9b9ce934e#1faf150f)
    Checking transparent-filter-server v0.1.0 (/Users/roman/projects/wallet-pir-production-readiness/transparent/services/transparent-filter-server)
    Checking transparent-measure v0.1.0 (/Users/roman/projects/wallet-pir-production-readiness/transparent/tools/transparent-measure)
    Finished `dev` profile [unoptimized + debuginfo] target(s) in 1m 27s
cargo test --workspace --release
   Compiling proc-macro2 v1.0.106
   Compiling unicode-ident v1.0.24
   Compiling quote v1.0.45
   Compiling libc v0.2.184
   Compiling cfg-if v1.0.4
   Compiling version_check v0.9.5
   Compiling serde_core v1.0.228
   Compiling shlex v1.3.0
   Compiling typenum v1.19.0
   Compiling find-msvc-tools v0.1.9
   Compiling serde v1.0.228
   Compiling subtle v2.6.1
   Compiling memchr v2.8.0
   Compiling once_cell v1.21.4
   Compiling arrayvec v0.7.6
   Compiling itoa v1.0.18
   Compiling pin-project-lite v0.2.17
   Compiling crossbeam-utils v0.8.22
   Compiling smallvec v1.15.1
   Compiling thiserror v2.0.18
   Compiling log v0.4.29
   Compiling crossbeam-epoch v0.9.20
   Compiling bytes v1.11.1
   Compiling crossbeam-deque v0.8.7
   Compiling futures-core v0.3.32
   Compiling generic-array v0.14.7
   Compiling zmij v1.0.21
   Compiling tracing-core v0.1.36
   Compiling serde_json v1.0.149
   Compiling either v1.15.0
   Compiling rayon-core v1.13.0
   Compiling parking_lot_core v0.9.12
   Compiling scopeguard v1.2.0
   Compiling zerocopy v0.8.48
   Compiling syn v2.0.117
   Compiling lock_api v0.4.14
   Compiling futures-sink v0.3.32
   Compiling bitflags v2.11.0
   Compiling futures-channel v0.3.32
   Compiling futures-task v0.3.32
   Compiling slab v0.4.12
   Compiling bitcoin-io v0.1.101
   Compiling futures-io v0.3.34
   Compiling stable_deref_trait v1.2.1
   Compiling synstructure v0.13.2
   Compiling hex-conservative v0.2.3
   Compiling heck v0.5.0
   Compiling bech32 v0.11.1
   Compiling tower-service v0.3.3
   Compiling http v1.4.0
   Compiling tower-layer v0.3.3
   Compiling writeable v0.6.3
   Compiling fastrand v2.4.1
   Compiling http-body v1.0.1
   Compiling litemap v0.8.2
   Compiling aho-corasick v1.1.4
   Compiling serde_derive v1.0.228
   Compiling zeroize_derive v1.5.0
   Compiling thiserror-impl v2.0.18
   Compiling zeroize v1.8.2
   Compiling jobserver v0.1.35
   Compiling getrandom v0.2.17
   Compiling cpufeatures v0.2.17
   Compiling cc v1.2.59
   Compiling rand_core v0.6.4
   Compiling tracing-attributes v0.1.31
   Compiling errno v0.3.14
   Compiling signal-hook-registry v1.4.8
   Compiling mio v1.2.0
   Compiling socket2 v0.6.3
   Compiling tokio-macros v2.7.0
   Compiling futures-macro v0.3.32
   Compiling tracing v0.1.44
   Compiling zerofrom-derive v0.1.7
   Compiling yoke-derive v0.8.2
   Compiling secp256k1-sys v0.10.1
   Compiling zerovec-derive v0.11.3
   Compiling futures-util v0.3.32
   Compiling displaydoc v0.2.5
   Compiling zerofrom v0.1.7
   Compiling ring v0.17.14
   Compiling httparse v1.10.1
   Compiling icu_normalizer_data v2.2.0
   Compiling utf8_iter v1.0.4
   Compiling regex-syntax v0.8.10
   Compiling crypto-common v0.1.7
   Compiling block-buffer v0.10.4
   Compiling digest v0.10.7
   Compiling sha2 v0.10.9
   Compiling sha1 v0.10.6
   Compiling percent-encoding v2.3.2
   Compiling icu_properties_data v2.2.0
   Compiling regex-automata v0.4.14
   Compiling rayon v1.12.0
   Compiling parking_lot v0.12.5
   Compiling tokio v1.51.1
   Compiling try-lock v0.2.5
   Compiling utf8parse v0.2.2
   Compiling untrusted v0.9.0
   Compiling anstyle-parse v1.0.0
   Compiling want v0.3.1
   Compiling sync_wrapper v1.0.2
   Compiling colorchoice v1.0.5
   Compiling rustls v0.23.37
   Compiling thiserror v1.0.69
   Compiling bitcoin_hashes v0.14.101
   Compiling anstyle-query v1.1.5
   Compiling httpdate v1.0.3
   Compiling base64 v0.22.1
   Compiling is_terminal_polyfill v1.70.2
   Compiling atomic-waker v1.1.2
   Compiling anstyle v1.0.14
   Compiling anstream v1.0.0
   Compiling rustls-pki-types v1.14.0
   Compiling form_urlencoded v1.2.2
   Compiling thiserror-impl v1.0.69
   Compiling http-body-util v0.1.3
   Compiling getrandom v0.3.4
   Compiling ppv-lite86 v0.2.21
   Compiling ipnet v2.12.0
   Compiling rand_chacha v0.3.1
   Compiling rand v0.8.5
   Compiling hex v0.4.3
   Compiling rand_core v0.10.1
   Compiling regex v1.12.3
   Compiling clap_lex v1.1.0
   Compiling strsim v0.11.1
   Compiling ryu v1.0.23
   Compiling serde_urlencoded v0.7.1
   Compiling clap_builder v4.6.0
   Compiling valar-spiral-rs v0.5.3-rc.1
   Compiling webpki-roots v1.0.6
   Compiling clap_derive v4.6.0
   Compiling iri-string v0.7.12
   Compiling env_filter v1.0.1
   Compiling jiff v0.2.23
   Compiling getrandom v0.4.2
   Compiling clap v4.6.0
   Compiling constant_time_eq v0.4.2
   Compiling memuse v0.2.2
   Compiling radium v0.7.0
   Compiling yoke v0.8.2
   Compiling arrayref v0.3.9
   Compiling tap v1.0.1
   Compiling rustix v1.1.4
   Compiling env_logger v0.11.10
   Compiling wyz v0.5.1
   Compiling blake2b_simd v1.0.4
   Compiling funty v2.0.0
   Compiling static_assertions v1.1.0
   Compiling autocfg v1.5.0
   Compiling num-traits v0.2.19
   Compiling hex_lit v0.1.1
   Compiling bitcoin v0.32.102
   Compiling base58ck v0.1.101
   Compiling zakura-pasta-curves v1.0.1
   Compiling bitcoin-units v0.1.101
   Compiling maybe-rayon v0.1.1
   Compiling inout v0.1.4
   Compiling hybrid-array v0.2.3
   Compiling cipher v0.4.4
   Compiling crypto-common v0.2.0-rc.1
   Compiling secp256k1 v0.29.1
   Compiling block-buffer v0.11.0-rc.3
   Compiling byteorder v1.5.0
   Compiling corez v0.1.1
   Compiling digest v0.11.0-pre.9
   Compiling litrs v1.0.0
   Compiling crc32fast v1.5.1
   Compiling universal-hash v0.5.1
   Compiling proc-macro-error-attr2 v2.0.0
   Compiling document-features v0.2.12
   Compiling semver v1.0.28
   Compiling opaque-debug v0.3.1
   Compiling adler2 v2.0.1
   Compiling crunchy v0.2.4
   Compiling nonempty v0.11.0
   Compiling simd-adler32 v0.3.10
   Compiling libm v0.2.16
   Compiling miniz_oxide v0.9.1
   Compiling rand_core v0.9.5
   Compiling rand v0.9.2
   Compiling poly1305 v0.8.0
   Compiling rustc_version v0.4.1
   Compiling proc-macro-error2 v2.0.1
   Compiling hyper v1.9.0
   Compiling rustls-webpki v0.103.10
   Compiling hyper-util v0.1.20
   Compiling tower v0.5.3
   Compiling tower-http v0.6.8
   Compiling bitvec v1.0.1
   Compiling rand v0.10.2
   Compiling zerovec v0.11.6
   Compiling zerotrie v0.2.4
   Compiling chacha20 v0.9.1
   Compiling zcash_spec v0.2.1
   Compiling transparent-events v0.1.0 (/Users/roman/projects/wallet-pir-production-readiness/transparent/crates/transparent-events)
   Compiling bs58 v0.5.1
   Compiling aead v0.5.2
   Compiling syn v3.0.4
   Compiling ident_case v1.0.1
   Compiling rustversion v1.0.22
   Compiling darling_core v0.23.0
   Compiling num-integer v0.1.46
   Compiling ff v0.14.0
   Compiling group v0.14.0
   Compiling zakura-pairing v1.0.1
   Compiling num-bigint v0.4.6
   Compiling zakura-bls12-381 v1.0.1
   Compiling zakura-jubjub v1.0.1
   Compiling chacha20poly1305 v0.10.1
   Compiling zip32 v0.2.1
   Compiling curve25519-dalek v4.1.3
   Compiling zcash_encoding v0.4.0
   Compiling hmac v0.13.0-pre.4
   Compiling ripemd v0.2.0-pre.4
   Compiling sha2 v0.11.0-pre.4
   Compiling cbc v0.1.2
   Compiling zakura-halo2-legacy-pdqsort v1.0.1
   Compiling zcash_protocol v0.10.5
   Compiling zcash_note_encryption v0.4.2
   Compiling bip32 v0.6.0-pre.1
   Compiling darling_macro v0.23.0
   Compiling aes v0.8.4
   Compiling f4jumble v0.1.1
   Compiling bounded-vec v0.9.0
   Compiling blake2s_simd v1.0.5
   Compiling ripemd v0.1.3
   Compiling incrementalmerkletree v0.8.2
   Compiling rustc-hex v2.1.0
   Compiling zakura-reddsa v1.0.1
   Compiling tempfile v3.27.0
   Compiling flate2 v1.1.10
   Compiling transparent-filter v0.1.0 (/Users/roman/projects/wallet-pir-production-readiness/transparent/crates/transparent-filter)
   Compiling zakura-halo2-poseidon v1.0.1
   Compiling zakura-halo2-proofs v1.0.1
   Compiling zakura-sinsemilla v1.0.1
   Compiling ref-cast v1.0.27
   Compiling foldhash v0.2.0
   Compiling lazy_static v1.5.0
   Compiling equivalent v1.0.2
   Compiling core-foundation-sys v0.8.7
   Compiling equihash v0.3.0
   Compiling humantime v2.4.0
   Compiling fpe v0.6.1
   Compiling allocator-api2 v0.2.21
   Compiling inspiring v0.1.0-rc.1 (https://github.com/valargroup/ipir-sp.git?rev=611a29284264d844bf4dba00de2874c5b762f8c2#611a2928)
   Compiling hashbrown v0.16.1
   Compiling iana-time-zone v0.1.65
   Compiling transparent-shard v0.1.0 (/Users/roman/projects/wallet-pir-production-readiness/transparent/crates/transparent-shard)
   Compiling simplepir-kernel v0.1.0-rc.1 (https://github.com/valargroup/ipir-sp.git?rev=611a29284264d844bf4dba00de2874c5b762f8c2#611a2928)
   Compiling ipir-sp v0.1.0-rc.2 (https://github.com/valargroup/ipir-sp.git?rev=611a29284264d844bf4dba00de2874c5b762f8c2#611a2928)
   Compiling uint v0.9.5
   Compiling zakura-redjubjub v1.0.1
   Compiling zcash_script v0.4.5
   Compiling getset v0.1.6
   Compiling fixed-hash v0.8.0
   Compiling zakura-bellman v1.0.1
   Compiling darling v0.23.0
   Compiling ref-cast-impl v1.0.27
   Compiling serde_derive_internals v0.30.0
   Compiling zakura-halo2-gadgets v1.0.1
   Compiling option-ext v0.2.0
   Compiling signature v2.2.0
   Compiling ed25519 v2.2.3
   Compiling schemars_derive v1.2.2
   Compiling zakura-sapling-crypto v1.0.1
   Compiling dirs-sys v0.5.0
   Compiling primitive-types v0.12.2
   Compiling chrono v0.4.45
   Compiling futures-executor v0.3.32
   Compiling tinystr v0.8.3
   Compiling potential_utf v0.1.5
   Compiling icu_collections v2.2.0
   Compiling strum_macros v0.27.2
   Compiling icu_locale_core v2.2.0
   Compiling dyn-clone v1.0.20
   Compiling zcash_history v0.5.0
   Compiling futures v0.3.32
   Compiling dirs v6.0.0
   Compiling uint v0.10.1
   Compiling bitflags-serde-legacy v0.1.1
   Compiling serde-big-array v0.5.1
   Compiling async-trait v0.1.89
   Compiling derive-getters v0.5.0
   Compiling crossbeam-channel v0.5.16
   Compiling icu_provider v2.2.0
   Compiling tokio-rustls v0.26.4
   Compiling icu_properties v2.2.0
   Compiling icu_normalizer v2.2.0
   Compiling hyper-rustls v0.27.7
   Compiling strum v0.27.2
   Compiling itertools v0.14.0
   Compiling mime v0.3.17
   Compiling serde_path_to_error v0.1.20
   Compiling axum-core v0.4.5
   Compiling nom v8.0.0
   Compiling idna_adapter v1.2.1
   Compiling matchit v0.7.3
   Compiling idna v1.1.0
   Compiling zcash_address v0.13.0
   Compiling prometheus v0.13.4
   Compiling url v2.5.8
   Compiling zakura-orchard v1.0.1
   Compiling reqwest v0.12.28
   Compiling zcash_transparent v0.10.0
   Compiling ed25519-zebra v4.2.0
   Compiling x25519-dalek v2.0.1
   Compiling sharded-slab v0.1.7
   Compiling matchers v0.2.0
   Compiling enhance-pir v0.0.1 (/Users/roman/projects/wallet-pir-production-readiness/enhance/crates/enhance-pir)
   Compiling tracing-log v0.2.0
   Compiling hdrhistogram v7.6.0
   Compiling thread_local v1.1.9
   Compiling nu-ansi-term v0.50.3
   Compiling fnv v1.0.7
   Compiling tokio-stream v0.1.19
   Compiling tracing-subscriber v0.3.23
   Compiling transparent-wallet v0.1.0 (/Users/roman/projects/wallet-pir-production-readiness/transparent/crates/transparent-wallet)
   Compiling objc2-core-foundation v0.3.2
   Compiling tower-http v0.5.2
   Compiling objc2-io-kit v0.3.2
   Compiling anyhow v1.0.102
   Compiling sysinfo v0.36.1
   Compiling prettyplease v0.2.37
   Compiling indexmap v2.13.1
   Compiling fixedbitset v0.5.7
   Compiling petgraph v0.7.1
   Compiling multimap v0.10.1
   Compiling ahash v0.8.12
   Compiling glob v0.3.4
   Compiling clang-sys v1.9.1
   Compiling pkg-config v0.3.34
   Compiling vcpkg v0.2.15
   Compiling libsqlite3-sys v0.30.1
   Compiling minimal-lexical v0.2.1
   Compiling nom v7.1.3
   Compiling bindgen v0.72.1
   Compiling cexpr v0.6.0
   Compiling itertools v0.13.0
   Compiling lz4-sys v1.11.1+lz4-1.10.0
   Compiling fallible-streaming-iterator v0.1.9
   Compiling fallible-iterator v0.3.0
   Compiling serde_with_macros v3.22.0
   Compiling rustc-hash v2.1.2
   Compiling serde_with v3.22.0
   Compiling tokio-util v0.7.19
   Compiling pin-project-internal v1.1.13
   Compiling syn v1.0.109
   Compiling pin-project v1.1.13
   Compiling rlimit v0.10.2
   Compiling rapidhash v4.5.1
   Compiling zakura-primitives v1.0.1
   Compiling prost-derive v0.13.5
   Compiling prost v0.13.5
   Compiling humantime-serde v1.1.1
   Compiling bincode v1.3.3
   Compiling zakura-assets v0.3462171.0
   Compiling hex-literal v0.4.1
   Compiling transparent-spend-pir v0.1.0 (/Users/roman/projects/wallet-pir-production-readiness/enhance/crates/transparent-spend-pir)
   Compiling enhance-pir-load-test v0.0.1 (/Users/roman/projects/wallet-pir-production-readiness/enhance/tools/loadtest)
   Compiling hashbrown v0.14.5
   Compiling hashlink v0.9.1
   Compiling schemars v1.2.2
   Compiling metrics v0.24.6
   Compiling axum v0.7.9
   Compiling tower v0.4.13
   Compiling derive-new v0.5.9
   Compiling prost-types v0.13.5
   Compiling prost-build v0.13.5
   Compiling transparent-blocks v0.1.0 (/Users/roman/projects/wallet-pir-production-readiness/transparent/crates/transparent-blocks)
   Compiling pir-apm v0.1.0 (/Users/roman/projects/wallet-pir-production-readiness/enhance/services/pir-apm)
   Compiling transparent-loadtest v0.1.0 (/Users/roman/projects/wallet-pir-production-readiness/transparent/tools/transparent-loadtest)
   Compiling librocksdb-sys v0.17.3+10.4.2
   Compiling zakura-chain v6.0.0 (https://github.com/zakura-core/zakura.git?rev=1faf150fc3648aae22c55a6b30f8f5a9b9ce934e#1faf150f)
   Compiling rusqlite v0.32.1
   Compiling transparent-wallet-store v0.1.0 (/Users/roman/projects/wallet-pir-production-readiness/transparent/crates/transparent-wallet-store)
   Compiling transparent-regression v0.1.0 (/Users/roman/projects/wallet-pir-production-readiness/transparent/tools/transparent-regression)
   Compiling transparent-block-server v0.1.0 (/Users/roman/projects/wallet-pir-production-readiness/transparent/services/transparent-block-server)
   Compiling enhance-pir-server v0.0.1 (/Users/roman/projects/wallet-pir-production-readiness/enhance/services/enhance-pir-server)
   Compiling zakura-header-chain v1.0.0 (https://github.com/zakura-core/zakura.git?rev=1faf150fc3648aae22c55a6b30f8f5a9b9ce934e#1faf150f)
   Compiling transparent-shard-server v0.1.0 (/Users/roman/projects/wallet-pir-production-readiness/transparent/services/transparent-shard-server)
   Compiling zakura-node-services v3.2.1 (https://github.com/zakura-core/zakura.git?rev=1faf150fc3648aae22c55a6b30f8f5a9b9ce934e#1faf150f)
   Compiling rocksdb v0.24.0
   Compiling zakura-state v7.0.0 (https://github.com/zakura-core/zakura.git?rev=1faf150fc3648aae22c55a6b30f8f5a9b9ce934e#1faf150f)
   Compiling transparent-filter-server v0.1.0 (/Users/roman/projects/wallet-pir-production-readiness/transparent/services/transparent-filter-server)
   Compiling transparent-measure v0.1.0 (/Users/roman/projects/wallet-pir-production-readiness/transparent/tools/transparent-measure)
    Finished `release` profile [optimized] target(s) in 5m 33s
     Running unittests src/lib.rs (target/release/deps/enhance_pir-d70e4a22efa28f89)

running 6 tests
test protocol::tests::adaptive_units_and_binding_reject_malformed_input ... ok
test record::tests::every_reserved_flag_encoding_is_rejected ... ok
test protocol::tests::full_boundary_and_return_preserve_every_record ... ok
test record::tests::schema_v11_suffix_offsets ... ok
test record::tests::schema11_frozen_vector_and_metadata_validation ... ok
test protocol::tests::repeated_cycles_and_reorgs_keep_identity ... ok

test result: ok. 6 passed; 0 failed; 0 ignored; 0 measured; 0 filtered out; finished in 0.00s

     Running unittests src/main.rs (target/release/deps/enhance_pir_load_test-0fd0f2a260b0d753)

running 3 tests
test load::tests::warmup_does_not_hide_protocol_or_authorization_failures ... ok
test load::tests::fast_rejections_cannot_mask_slow_successes ... ok
test load::tests::warmup_preserves_transient_failures_and_exact_answer_failures ... ok

test result: ok. 3 passed; 0 failed; 0 ignored; 0 measured; 0 filtered out; finished in 0.00s

     Running unittests src/lib.rs (target/release/deps/enhance_pir_server-b820f8115f1cc82f)

running 64 tests
test capacity::tests::ceiling_never_requests_a_fifth_pair ... ok
test capacity::tests::requests_pair_at_inclusive_readiness_threshold_before_successor ... ok
test control::tests::lender_counts_and_new_successor_cannot_be_sixth_active_shard ... ok
test capacity::tests::forecasts_lender_limit_and_uses_existing_spare_pair ... ok
test capacity::tests::missing_growth_is_nonzero_and_requests_survive_serialization ... ok
test control::tests::consolidation_converges_across_multiple_boundaries_without_active_sixth_slot ... ok
test capacity::tests::memory_limit_requests_once_survives_restart_and_expires_for_larger_fleet ... ok
test control::tests::reorg_move_into_existing_group_requires_both_destination_replicas ... ok
test control::tests::reservations_materialize_once_and_pins_block_reclamation ... ok
test control::tests::seven_sealed_policy_preserves_active_limit_and_reorg_relocation ... ok
test artifact::tests::failure_is_shared_but_partial_reads_and_interrupts_do_not_invalidate ... ok
test capacity::tests::seven_sealed_extends_historical_capacity_not_first_active_pair ... ok
test artifact::tests::verification_rejects_corruption_truncation_and_trailing_data ... ok
test artifact::tests::slow_consumer_bounds_read_ahead_and_cancellation_stops_reader ... ok
test artifact::tests::pinned_files_survive_replacement_and_have_independent_readers ... ok
test exercise::tests::exact_probes_include_borrowed_owned_and_unit_boundaries ... ok
test exercise::tests::full_profiles_preserve_assignment_limits_across_cycles ... ok
test artifact::tests::stream_keeps_pin_after_eviction_and_reports_final_corruption ... ok
test control::tests::q46_controller_state_is_rejected_without_rewriting_it ... ok
test artifact::tests::failed_atomic_write_keeps_previous_file_and_cleans_temporary ... ok
test coordinator::admission_tests::preparation_outlives_default_http_deadline ... ok
test control::tests::durable_epoch_fences_restarts_and_failed_transactions ... ok
test ipir::persistence_tests::streamed_database_rejects_short_corrupt_and_failed_reads_without_panicking ... ok
test ipir::tests::enhance_rows_use_six_ipir_instances ... ok
test ipir::tests::every_layout_has_the_expected_instance_count ... ok
test exercise::tests::host_identity_matches_raw_linux_sampler_digest ... ok
test ipir::tests::shard_sum_wraps_without_u64_overflow ... ok
test ipir::tests::shard_combiners_reject_malformed_contributions ... ok
test ipir::tests::sixteen_bit_row_encoding_preserves_the_odd_tail_byte_and_zero_padding ... ok
test capacity::tests::clock_resolution_and_restarts_preserve_growth_and_demand ... ok
test coordinator::admission_tests::queue_waits_for_a_slot_and_releases_it ... ok
test coordinator::admission_tests::reorg_destination_memory_refusal_replans_to_complete_spare_pair ... ok
test coordinator::admission_tests::cancelled_waiter_releases_capacity ... ok
test ingest::tests::appends_only_the_active_enhancement_journal ... ok
test telemetry::tests::geometry_roles_and_escaped_labels_survive_loan_return ... ok
test telemetry::tests::publication_targets_detect_reorg_and_preserve_retry_age ... ok
test wire::streaming_tests::streaming_codec_matches_legacy_mph1_bytes ... ok
test wire::streaming_tests::validation_reads_payload_in_bounded_chunks ... ok
test wire::tests::crs_hint_round_trips_and_is_shape_strict ... ok
test wire::tests::evaluate_request_rejects_bad_magic_truncation_and_shard_count ... ok
test wire::tests::evaluate_response_round_trips_and_rejects_malformed_input ... ok
test wire::tests::evaluate_wire_round_trips_and_rejects_trailing_bytes ... ok
test store::tests::journal_refuses_concurrent_writers ... ok
test store::tests::records_must_match_the_layout ... ok
test store::tests::incompatible_journals_are_rejected_without_mutation ... ok
test store::tests::append_restart_and_padding_are_deterministic ... ok
test coordinator::admission_tests::restart_rejects_changed_placement_policy ... ok
test worker::tests::q46_worker_state_is_rejected_without_rewriting_it ... ok
test worker::tests::metrics_do_not_block_preparation_or_invent_zero_memory ... ok
test zakura::tests::canonical_ironwood_transaction_has_actual_fee_and_expiry ... ok
test worker::tests::abort_before_reserve_fences_delayed_attempt ... ok
test store::tests::rewind_truncates_records_and_allows_replacement_blocks ... ok
test worker::tests::placement_policy_is_persisted_and_fences_reservations ... ok
test worker::tests::aborted_attempts_conflicting_payloads_and_stale_epochs_are_fenced_over_http ... ok
test control::tests::publication_commits_manifest_placement_and_outcome_together ... ok
test coordinator::admission_tests::elective_consolidation_requires_both_admissions_and_does_not_reserve ... ok
test worker::tests::offline_repair_includes_durable_candidate_and_rejects_missing_journal ... ok
test control::tests::abort_intent_survives_restart_without_overwriting_older_decisions ... ok
test control::tests::restart_at_every_phase_preserves_decision_and_fences_old_writer ... ok
test ipir::persistence_tests::legacy_v7_artifacts_are_rejected_and_streamed_persistence_preserves_queries_and_bytes ... ok
test coordinator::admission_tests::full_queue_and_expired_wait_return_retryable_429 ... ok
test runtime::tests::encrypted_bootstrap_round_trip_and_cached_restart ... ok
test worker::tests::restart_rebuilds_lost_cache_only_from_verified_durable_rows ... ok
test runtime::tests::unequal_units_match_monolithic_preprocessing_and_evaluation ... ok

test result: ok. 64 passed; 0 failed; 0 ignored; 0 measured; 0 filtered out; finished in 6.58s

     Running unittests src/bin/server.rs (target/release/deps/enhance_pir_server-5cabe15f7edecc5e)

running 0 tests

test result: ok. 0 passed; 0 failed; 0 ignored; 0 measured; 0 filtered out; finished in 0.00s

     Running tests/canonical_record.rs (target/release/deps/canonical_record-d719e7d1f1781740)

running 1 test
test canonical_transaction_records_match_frozen_oracle_across_publication ... ok

test result: ok. 1 passed; 0 failed; 0 ignored; 0 measured; 0 filtered out; finished in 7.48s

     Running tests/http.rs (target/release/deps/http-14b231abd4779806)

running 10 tests
test consolidation_reservation_failure_retries_canonical_update_then_moves_sealed_shard ... ignored, seven shard domains across four workers; requires at least 32 GiB RAM and 64 GiB free disk
test full_shard_loan_return_over_http_preserves_old_queries ... ignored, full 32K lifecycle fixture; run on an isolated host with at least 16 GiB RAM
test seven_sealed_consolidation_preserves_retained_queries ... ignored, eight shard domains across four workers; requires 32 GiB RAM and 64 GiB free disk
test inventory_expansion_is_atomic_idempotent_and_survives_restart ... ok
test new_shard_uses_admitted_alternative_group_over_http ... ok
test lost_worker_rows_repair_restores_current_and_retained_http_queries ... ok
test memory_refusal_moves_published_shard_with_complete_destination_pair ... ok
test abort_recovery_fences_ambiguous_reservations_without_blocking_healthy_peer has been running for over 60 seconds
test committed_offline_participant_does_not_block_and_recovers_after_expiry has been running for over 60 seconds
test distributed_round_trip_retention_failover_and_restart has been running for over 60 seconds
test abort_recovery_fences_ambiguous_reservations_without_blocking_healthy_peer ... ok
test committed_offline_participant_does_not_block_and_recovers_after_expiry ... ok
test distributed_round_trip_retention_failover_and_restart ... ok

test result: ok. 7 passed; 0 failed; 3 ignored; 0 measured; 0 filtered out; finished in 97.87s

     Running tests/note_recovery.rs (target/release/deps/note_recovery-7a87d21a9b7f6634)

running 1 test
test incoming_and_outgoing_recovery_authenticate_pir_returned_record ... ok

test result: ok. 1 passed; 0 failed; 0 ignored; 0 measured; 0 filtered out; finished in 7.11s

     Running tests/record_layout.rs (target/release/deps/record_layout-06d608945dc65d80)

running 2 tests
test field_offsets_are_pinned ... ok
test records_survive_the_journal_and_padded_shard_read ... ok

test result: ok. 2 passed; 0 failed; 0 ignored; 0 measured; 0 filtered out; finished in 0.09s

     Running tests/rpc.rs (target/release/deps/rpc-9d6b887f7c4ec7fb)

running 1 test
test canonical_cli_ingests_rpc_rewinds_reorg_and_restarts_without_duplication ... ok

test result: ok. 1 passed; 0 failed; 0 ignored; 0 measured; 0 filtered out; finished in 48.60s

     Running tests/schema11_cutover.rs (target/release/deps/schema11_cutover-807f8f2783973b22)

running 2 tests
test full_ciphertext_journal_is_rejected_without_truncation ... ok
test old_controller_and_worker_state_are_rejected_without_rewrite ... ok

test result: ok. 2 passed; 0 failed; 0 ignored; 0 measured; 0 filtered out; finished in 0.00s

     Running unittests src/main.rs (target/release/deps/pir_apm-3e7bb18acf17fca8)

running 57 tests
test alerts::tests::missing_processing_metrics_do_not_fall_back_to_observed_latency ... ok
test alerts::tests::discovered_and_informational_endpoints_follow_their_rules ... ok
test alerts::tests::ready_requires_five_continuous_minutes ... ok
test alerts::tests::budgets_come_from_the_schema ... ok
test alerts::tests::applies_minimum_volume_to_thresholds ... ok
test alerts::tests::loss_of_shard_group_redundancy_pages_without_failing_readiness ... ok
test alerts::tests::capacity_counts_groups_not_replicas_and_recovers_after_append ... ok
test config::tests::env_overrides_the_schema ... ok
test config::tests::defaults_describe_the_enhance_coordinator ... ok
test alerts::tests::observed_total_is_informational_but_post_body_latency_pages ... ok
test alerts::tests::fires_once_per_episode_and_recovers_once ... ok
test config::tests::production_env_block_parses ... ok
test config::tests::rejects_bad_values ... ok
test dashboard::tests::current_coordinator_shows_live_metrics_without_legacy_endpoint_claims ... ok
test dashboard::tests::a_count_that_displays_as_zero_is_not_flagged_as_an_error ... ok
test dashboard::tests::discovered_endpoints_appear_after_configured_ones ... ok
test dashboard::tests::every_allowlisted_endpoint_gets_a_row_even_without_data ... ok
test dashboard::fleet_view::tests::detail_navigation_and_unknown_worker ... ok
test dashboard::tests::first_paint_before_any_scrape_is_renderable ... ok
test dashboard::tests::gauge_names_become_readable_labels ... ok
test dashboard::tests::latency_budgets_follow_endpoint_kind ... ok
test dashboard::tests::latency_is_graded_against_the_alert_budget ... ok
test dashboard::tests::hostile_values_are_escaped ... ok
test dashboard::tests::meters_stay_within_the_track ... ok
test dashboard::tests::long_health_bodies_and_paths_are_allowed_to_wrap ... ok
test dashboard::tests::relative_time_reads_naturally ... ok
test dashboard::tests::explainer_lists_every_table_and_hides_without_them ... ok
test dashboard::tests::renders_a_complete_document ... ok
test dashboard::tests::processing_split_explains_nested_timing_scopes ... ok
test dashboard::tests::fleet_card_draws_each_worker_with_its_health ... ok
test dashboard::tests::the_raw_gauge_name_survives_as_a_tooltip ... ok
test dashboard::tests::table_capacity_meter_uses_pool_and_layout ... ok
test fleet::tests::groups_preserve_labels_and_published_counts ... ok
test dashboard::tests::tables_render_in_fixed_order_with_planned_ones_dimmed ... ok
test dashboard::tests::worker_ram_line_renders_when_memory_gauges_exist ... ok
test dashboard::tests::worker_query_cards_are_stacked_in_inventory_order ... ok
test dashboard::tests::workers_are_ordered_by_index_and_list_per_table_shares ... ok
test fleet::tests::stale_values_remain_distinct_from_reachability ... ok
test fleet::tests::unavailable_memory_is_not_zero_or_previous_sample ... ok
test fleet::tests::inventory_rejects_duplicates_and_embedded_credentials ... ok
test metrics::tests::a_different_prefix_and_endpoint_set_parses ... ok
test metrics::tests::computes_histogram_deltas_and_interpolated_quantiles ... ok
test metrics::tests::computes_independent_worker_query_windows ... ok
test metrics::tests::current_coordinator_aggregates_are_kept_without_flattening_groups ... ok
test metrics::tests::discovered_endpoints_get_windows_after_configured_ones ... ok
test metrics::tests::endpoint_discovery_is_capped_and_validated ... ok
test metrics::tests::handles_counter_reset_and_caps_history ... ok
test metrics::tests::histogram_reset_uses_only_the_new_process_distribution ... ok
test metrics::tests::keeps_observed_and_processing_latency_separate ... ok
test metrics::tests::missing_processing_family_leaves_processing_unavailable ... ok
test metrics::tests::parses_escaped_label_values ... ok
test metrics::tests::process_start_time_detects_restart_when_counts_increase ... ok
test metrics::tests::parses_required_prometheus_families_and_labels ... ok
test metrics::tests::worker_query_windows_reset_with_the_coordinator_process ... ok
test schema::tests::builds_family_names_from_the_prefix ... ok
test schema::tests::rejects_inconsistent_definitions ... ok
test fleet::integration_tests::failed_and_slow_workers_do_not_block_pages_or_good_samples ... ok

test result: ok. 57 passed; 0 failed; 0 ignored; 0 measured; 0 filtered out; finished in 15.04s

     Running unittests src/main.rs (target/release/deps/transparent_block_server-4380f62d791b5e16)

running 1 test
test tests::streamed_bytes_are_counted_and_cancellation_releases_activity ... ok

test result: ok. 1 passed; 0 failed; 0 ignored; 0 measured; 0 filtered out; finished in 0.03s

     Running unittests src/lib.rs (target/release/deps/transparent_blocks-2df019678084a06e)

running 0 tests

test result: ok. 0 passed; 0 failed; 0 ignored; 0 measured; 0 filtered out; finished in 0.00s

     Running tests/recovery.rs (target/release/deps/recovery-68616384f3929e6b)

running 1 test
test representations_scan_and_resume_without_duplicates ... ok

test result: ok. 1 passed; 0 failed; 0 ignored; 0 measured; 0 filtered out; finished in 0.03s

     Running unittests src/lib.rs (target/release/deps/transparent_events-3937e2aa4e01cf5c)

running 8 tests
test tests::a_coinbase_receive_round_trips_its_flag ... ok
test tests::a_wrong_length_record_is_refused ... ok
test tests::both_kinds_round_trip ... ok
test tests::fields_a_kind_does_not_use_must_be_zero ... ok
test tests::every_record_is_the_same_width_regardless_of_kind ... ok
test tests::the_sort_key_orders_by_chain_position_then_identity ... ok
test tests::txids_display_in_reversed_order ... ok
test tests::unknown_kinds_flags_and_dirty_reserved_bytes_are_refused ... ok

test result: ok. 8 passed; 0 failed; 0 ignored; 0 measured; 0 filtered out; finished in 0.00s

     Running unittests src/lib.rs (target/release/deps/transparent_filter-c35d74a9bc2d1563)

running 78 tests
test build_filter::tests::duplicate_and_reordered_elements_encode_identically ... ok
test build_filter::tests::a_different_block_hash_produces_different_bytes_for_the_same_elements ... ok
test build_filter::tests::scripts_excluded_from_the_element_set_produce_the_empty_filter ... ok
test build_filter::tests::the_empty_filter_is_exactly_one_zero_byte ... ok
test build_filter::tests::a_shard_filter_does_not_match_under_block_keying ... ok
test build_filter::tests::the_empty_shard_filter_is_exactly_one_zero_byte ... ok
test build_filter::tests::the_two_profiles_encode_the_same_elements_differently ... ok
test client::tests::a_batch_for_another_chain_or_profile_is_rejected ... ok
test client::tests::a_cached_old_fork_filter_stops_counting_after_a_rollback ... ok
test build_filter::tests::scripts_repeated_across_a_shard_are_encoded_once ... ok
test client::tests::a_malformed_filter_fails_the_whole_batch_rather_than_reading_as_no_match ... ok
test client::tests::a_duplicated_height_is_rejected ... ok
test client::tests::a_map_whose_shards_do_not_chain_is_refused ... ok
test client::tests::a_matching_script_is_found_at_its_block ... ok
test client::tests::a_missing_middle_record_is_rejected ... ok
test client::tests::a_map_with_a_height_gap_is_refused_before_anything_is_fetched ... ok
test client::tests::a_record_on_another_branch_is_rejected ... ok
test client::tests::a_shard_anchored_off_the_wallets_chain_is_refused ... ok
test client::tests::a_shard_whose_bounds_disagree_with_the_map_is_refused ... ok
test client::tests::a_terminal_block_the_wallet_has_not_accepted_is_rejected ... ok
test client::tests::a_wallet_matches_only_the_shards_its_script_appears_in ... ok
test client::tests::an_absent_script_yields_coverage_with_no_matches ... ok
test client::tests::an_unused_wallet_covers_every_shard_and_matches_nothing ... ok
test client::tests::excess_records_are_rejected ... ok
test client::tests::filter_bytes_that_do_not_match_the_published_digest_are_refused ... ok
test client::tests::syncing_from_a_birthday_shard_skips_the_earlier_shards ... ok
test client::tests::the_map_locates_a_birthday_height_and_reports_heights_it_does_not_cover ... ok
test digest::tests::different_filters_have_different_digests ... ok
test digest::tests::headers_chain_and_depend_on_the_predecessor ... ok
test digest::tests::the_digest_is_double_sha256_of_the_bytes ... ok
test envelope::tests::a_count_beyond_the_batch_limit_is_refused ... ok
test envelope::tests::an_oversized_range_record_count_is_refused_before_allocation ... ok
test envelope::tests::an_oversized_record_count_is_refused_before_allocation ... ok
test envelope::tests::bad_magic_and_version_are_rejected ... ok
test envelope::tests::batching_does_not_alter_filter_bytes ... ok
test envelope::tests::hashes_are_serialized_in_internal_order_not_display_order ... ok
test envelope::tests::neither_envelope_decodes_as_the_other ... ok
test envelope::tests::range_batches_round_trip_including_the_empty_batch_and_empty_filters ... ok
test envelope::tests::range_trailing_bytes_are_rejected ... ok
test envelope::tests::round_trips_including_the_empty_batch_and_empty_filters ... ok
test envelope::tests::range_truncation_at_every_offset_is_rejected ... ok
test envelope::tests::trailing_bytes_are_rejected ... ok
test envelope::tests::truncation_at_every_offset_is_rejected ... ok
test experimental_parent::tests::canonical_empty_and_identity_separation ... ok
test hash::tests::a_shard_keying_is_not_its_terminal_block_hash_keying ... ok
test hash::tests::display_hex_round_trips_through_internal_order ... ok
test hash::tests::each_part_of_the_shard_identity_changes_the_keying ... ok
test hash::tests::internal_order_is_the_reverse_of_display_order ... ok
test hash::tests::keys_come_from_the_first_sixteen_internal_bytes ... ok
test hash::tests::malformed_display_hashes_are_rejected ... ok
test hash::tests::the_profile_string_is_terminated_rather_than_run_into_the_genesis_hash ... ok
test hash::tests::the_shard_keying_is_deterministic ... ok
test matching::tests::all_matching_identities_are_returned_not_just_the_first ... ok
test matching::tests::an_empty_query_returns_no_matches ... ok
test matching::tests::empty_wallet_scripts_are_skipped_without_shifting_indices ... ok
test matching::tests::every_included_script_matches ... ok
test matching::tests::matching_is_indifferent_to_query_order ... ok
test matching::tests::the_empty_filter_matches_nothing ... ok
test script::tests::empty_and_op_return_scripts_are_not_elements ... ok
test script::tests::only_a_leading_op_return_byte_excludes_a_script ... ok
test transport::tests::a_missing_batch_is_a_response_error ... ok
test transport::tests::charges_accumulate_across_requests ... ok
test validate::tests::a_built_filter_validates_and_reports_its_count ... ok
test validate::tests::a_count_larger_than_the_body_can_encode_is_refused ... ok
test validate::tests::a_huge_count_is_refused_before_allocation ... ok
test validate::tests::a_long_unary_run_terminates_instead_of_spinning ... ok
test validate::tests::an_empty_filter_with_trailing_bytes_is_rejected ... ok
test validate::tests::an_exceeded_element_cap_is_reported_as_a_limit_not_a_match ... ok
test validate::tests::empty_input_is_truncated_not_empty ... ok
test validate::tests::noncanonical_compact_size_is_rejected ... ok
test validate::tests::nonzero_padding_is_rejected ... ok
test validate::tests::oversize_filters_are_refused_by_byte_limit ... ok
test validate::tests::the_empty_filter_validates_to_no_elements ... ok
test validate::tests::trailing_bytes_after_a_valid_stream_are_rejected ... ok
test validate::tests::truncated_bit_streams_are_rejected ... ok
test validate::tests::truncated_compact_size_is_rejected ... ok
test transport::tests::the_file_transport_reads_and_charges_a_batch ... ok
test experimental_parent::tests::precision_matches_upstream_and_strictly_rejects_corruption ... ok

test result: ok. 78 passed; 0 failed; 0 ignored; 0 measured; 0 filtered out; finished in 0.00s

     Running tests/bip158_vectors.rs (target/release/deps/bip158_vectors-6fe46d3d3f112f07)

running 6 tests
test vectors_are_present_and_parse ... ok
test the_key_byte_order_is_load_bearing ... ok
test filter_headers_chain_to_the_reference_headers ... ok
test every_element_matches_its_reference_filter ... ok
test encoded_filters_match_the_reference_bytes_exactly ... ok
test reference_filters_pass_our_strict_validation ... ok

test result: ok. 6 passed; 0 failed; 0 ignored; 0 measured; 0 filtered out; finished in 0.00s

     Running tests/golden_envelope.rs (target/release/deps/golden_envelope-31008dde48888a04)

running 3 tests
test the_encoding_matches_the_committed_golden_bytes ... ok
test the_genesis_hash_is_stored_reversed_from_its_display_form ... ok
test the_golden_bytes_decode_to_the_golden_batch ... ok

test result: ok. 3 passed; 0 failed; 0 ignored; 0 measured; 0 filtered out; finished in 0.00s

     Running tests/independent_crosscheck.rs (target/release/deps/independent_crosscheck-c290a0f188d95e7c)

running 1 test
test filters_agree_with_the_independent_generator ... ok

test result: ok. 1 passed; 0 failed; 0 ignored; 0 measured; 0 filtered out; finished in 0.00s

     Running unittests src/lib.rs (target/release/deps/transparent_filter_server-d16ce6bf4a78ae79)

running 53 tests
test extract::tests::a_missing_previous_output_blocks_publication ... ok
test extract::tests::a_nonstandard_script_is_still_an_element ... ok
test extract::tests::a_receive_carries_its_value_outpoint_and_coinbase_status ... ok
test extract::tests::a_receive_only_block_yields_its_output_scripts ... ok
test extract::tests::a_same_block_spend_resolves_without_a_lookup ... ok
test extract::tests::a_repeated_script_appears_once ... ok
test extract::tests::a_spend_is_indexed_under_the_consumed_outputs_script ... ok
test events::tests::opening_a_directory_with_no_journal_is_an_error ... ok
test extract::tests::an_unresolvable_previous_output_blocks_event_extraction_too ... ok
test extract::tests::an_empty_block_has_no_elements ... ok
test extract::tests::a_spend_with_no_matching_new_output_still_yields_the_spent_script ... ok
test extract::tests::empty_scripts_are_not_elements ... ok
test extract::tests::extracted_events_round_trip_through_their_encoding ... ok
test extract::tests::op_return_outputs_are_excluded_but_a_later_0x6a_byte_is_not ... ok
test extract::tests::the_element_set_is_order_independent ... ok
test extract::tests::the_element_set_is_exactly_the_scripts_the_events_are_keyed_by ... ok
test prevout::tests::an_empty_cache_answers_nothing ... ok
test prevout::tests::eviction_bounds_the_cache_without_losing_recent_entries ... ok
test prevout::tests::eviction_is_by_output_count_not_transaction_count ... ok
test prevout::tests::one_huge_transaction_counts_for_all_its_outputs ... ok
test shard_matches::tests::a_script_in_both_tiers_is_priced_at_each_tiers_query_size_and_summed ... ok
test events::durability_tests::a_second_writer_is_refused_without_touching_the_journal ... ok
test events::tests::an_empty_block_still_advances_coverage ... ok
test events::durability_tests::a_checkpoint_past_the_file_is_refused_not_zero_extended ... ok
test events::tests::appending_out_of_order_is_refused ... ok
test events::tests::opening_existing_never_moves_anything_aside ... ok
test events::tests::events_round_trip_through_a_reopen ... ok
test shard_matches::tests::an_empty_journal_has_no_distribution ... ok
test shard_matches::tests::a_script_outside_directory_coverage_is_not_counted ... ok
test events::tests::opening_existing_ignores_an_uncommitted_tail ... ok
test shard_matches::tests::a_wholly_inline_script_costs_only_directory_queries ... ok
test events::tests::an_uncommitted_append_is_discarded_on_reopen ... ok
test events::tests::an_incompatible_store_is_set_aside_rather_than_refused ... ok
test events::tests::rolling_back_everything_empties_the_store ... ok
test shard_matches::tests::padding_does_not_merge_two_different_scripts ... ok
test shard_matches::tests::fragments_accumulate_without_splitting_the_script ... ok
test events::durability_tests::crash_after_shorter_checkpoint_before_truncation_recovers ... ok
test store::tests::a_fresh_store_has_no_coverage ... ok
test events::tests::rollback_drops_events_above_the_kept_height_and_allows_reappending ... ok
test shard_matches::tests::a_script_is_counted_once_per_shard_it_appears_in ... ok
test store::tests::heights_must_be_contiguous ... ok
test store::tests::a_different_chain_identity_sets_the_store_aside ... ok
test store::tests::the_same_block_hash_may_not_get_different_filter_bytes ... ok
test store::tests::appends_survive_reopening ... ok
test store::tests::an_incompatible_store_is_set_aside_rather_than_refusing_to_start ... ok
test store::tests::a_block_returning_to_the_best_chain_reuses_its_stored_filter ... ok
test store::tests::rolling_back_everything_empties_coverage ... ok
test store::tests::a_replacement_branch_can_reuse_the_heights ... ok
test store::tests::uncommitted_appends_are_discarded_on_reopen ... ok
test store::tests::rollback_drops_coverage_but_keeps_filter_bytes ... ok
test publication::tests::sealed_reorg_builds_a_separate_suffix_and_snapshot_survives_rollback ... ok
test publication::tests::incremental_extension_reuses_sealed_prefix_and_matches_full_tables ... ok
test controller::tests::rpc_follow_publishes_empty_blocks_and_recovers_a_sealed_reorg ... ok

test result: ok. 53 passed; 0 failed; 0 ignored; 0 measured; 0 filtered out; finished in 2.95s

     Running unittests src/bin/compact-export.rs (target/release/deps/compact_export-5949d7fc544436b3)

running 0 tests

test result: ok. 0 passed; 0 failed; 0 ignored; 0 measured; 0 filtered out; finished in 0.00s

     Running unittests src/bin/event-spotcheck.rs (target/release/deps/event_spotcheck-3b3f7415049302c9)

running 3 tests
test tests::multiset_difference_keeps_repetition ... ok
test tests::the_rule_indexes_every_nonempty_script_except_op_return ... ok
test tests::verbose_values_prefer_the_integer_field ... ok

test result: ok. 3 passed; 0 failed; 0 ignored; 0 measured; 0 filtered out; finished in 0.00s

     Running unittests src/bin/journal-inventory.rs (target/release/deps/journal_inventory-36984f5e7626ca56)

running 0 tests

test result: ok. 0 passed; 0 failed; 0 ignored; 0 measured; 0 filtered out; finished in 0.00s

     Running unittests src/bin/sample-oracle.rs (target/release/deps/sample_oracle-681771c0cef7345f)

running 0 tests

test result: ok. 0 passed; 0 failed; 0 ignored; 0 measured; 0 filtered out; finished in 0.00s

     Running unittests src/bin/script-sample.rs (target/release/deps/script_sample-234c5d25c1467f56)

running 0 tests

test result: ok. 0 passed; 0 failed; 0 ignored; 0 measured; 0 filtered out; finished in 0.00s

     Running unittests src/bin/shard-census.rs (target/release/deps/shard_census-d351c9ed6db89f6d)

running 3 tests
test tests::the_first_policy_is_the_one_the_publisher_would_use ... ok
test tests::the_default_sweep_is_unchanged_at_the_compiled_geometry ... ok
test tests::the_sweep_follows_a_wider_geometry ... ok

test result: ok. 3 passed; 0 failed; 0 ignored; 0 measured; 0 filtered out; finished in 0.00s

     Running unittests src/bin/shard-cutoff.rs (target/release/deps/shard_cutoff-bf6a37e416f3e87f)

running 5 tests
test tests::a_journal_that_begins_after_the_cutoff_time_is_refused ... ok
test tests::a_window_too_small_to_prove_the_boundary_is_refused ... ok
test tests::the_calendar_rule_clamps_to_the_end_of_the_month ... ok
test tests::monotone_times_put_the_cutoff_at_the_first_crossing ... ok
test tests::the_cutoff_is_past_the_last_early_stamped_block_not_the_first_crossing ... ok

test result: ok. 5 passed; 0 failed; 0 ignored; 0 measured; 0 filtered out; finished in 0.00s

     Running unittests src/bin/shard-publish.rs (target/release/deps/shard_publish-52ac0196632b1436)

running 0 tests

test result: ok. 0 passed; 0 failed; 0 ignored; 0 measured; 0 filtered out; finished in 0.00s

     Running unittests src/bin/shard-verify.rs (target/release/deps/shard_verify-e0daf5aa50233d15)

running 0 tests

test result: ok. 0 passed; 0 failed; 0 ignored; 0 measured; 0 filtered out; finished in 0.00s

     Running unittests src/bin/event-ingest.rs (target/release/deps/transparent_event_ingest-def24dea5ec21110)

running 0 tests

test result: ok. 0 passed; 0 failed; 0 ignored; 0 measured; 0 filtered out; finished in 0.00s

     Running unittests src/bin/server.rs (target/release/deps/transparent_filter_server-982b471a5ff3a708)

running 0 tests

test result: ok. 0 passed; 0 failed; 0 ignored; 0 measured; 0 filtered out; finished in 0.00s

     Running unittests src/bin/transparent-publish-controller.rs (target/release/deps/transparent_publish_controller-e32f6289ba16cbf1)

running 0 tests

test result: ok. 0 passed; 0 failed; 0 ignored; 0 measured; 0 filtered out; finished in 0.00s

     Running tests/compact.rs (target/release/deps/compact-8d474c39500486d1)

running 1 test
test raw_shielded_and_transparent_fields_round_trip_through_protoc ... ok

test result: ok. 1 passed; 0 failed; 0 ignored; 0 measured; 0 filtered out; finished in 0.11s

     Running tests/service_round_trip.rs (target/release/deps/service_round_trip-3be7503073a2eef5)

running 12 tests
test a_service_with_no_coverage_is_not_ready ... ok
test a_service_that_is_still_syncing_is_not_ready ... ok
test readiness_and_metrics_are_available_on_the_service_port ... ok
test the_chain_endpoint_returns_the_covered_prefix_only ... ok
test a_digest_request_past_coverage_returns_the_covered_prefix ... ok
test an_uncovered_stop_hash_is_refused ... ok
test a_wallet_on_a_different_branch_rejects_the_batch ... ok
test published_digests_match_the_served_filter_bytes ... ok
test a_start_below_the_service_start_height_is_refused ... ok
test info_reports_the_pinned_chain_identity_and_profile ... ok
test a_range_validates_and_the_active_block_matches ... ok
test a_batch_is_capped_and_the_client_accepts_the_bounded_prefix ... ok

test result: ok. 12 passed; 0 failed; 0 ignored; 0 measured; 0 filtered out; finished in 16.86s

     Running tests/shard_filters.rs (target/release/deps/shard_filters-8fa51e9bc0af3339)

running 5 tests
test a_set_missing_a_filter_is_refused ... ok
test a_filter_that_does_not_match_its_published_digest_is_refused ... ok
test a_published_set_loads_and_keeps_every_filter ... ok
test without_a_set_the_shard_routes_are_not_found ... ok
test the_routes_serve_the_map_and_each_filter ... ok

test result: ok. 5 passed; 0 failed; 0 ignored; 0 measured; 0 filtered out; finished in 0.06s

     Running unittests src/main.rs (target/release/deps/transparent_loadtest-fa9296e2e6ef0256)

running 7 tests
test scenario::tests::selection_is_reproducible_and_excludes_active_wallets ... ok
test scenario::tests::invalid_config_is_rejected_before_load ... ok
test preparation_cache::tests::checksums_identity_atomic_writes_and_eviction ... ok
test simulation_report::tests::failed_and_incomplete_work_is_in_denominator_not_success_latency ... ok
test simulation_report::tests::wallet_payload_totals_include_repeated_and_unsuccessful_recoveries ... ok
test simulation_report::tests::stages_capture_error_payloads_and_report_is_offline_and_escaped ... ok
test scenario::tests::prefetch_is_bounded_ordered_and_stops_commits_at_failure ... ok

test result: ok. 7 passed; 0 failed; 0 ignored; 0 measured; 0 filtered out; finished in 0.04s

     Running tests/simulation.rs (target/release/deps/simulation-a4013c7f760bab30)

running 12 tests
test supervisor_interrupt_finalizes_and_worker_crash_is_counted ... ok
test twenty_users_sustained_replacement_and_drain ... ok
test historical_sample_keeps_its_target_on_a_newer_publication ... ok
test block_backend_matches_oracle_with_network_and_offline_scanning ... ok
test measured_connection_close_retries_and_retains_diagnostics ... ok
test measured_upload_retry_is_exact_and_fully_accounted ... ok
test page_setup_retry_finishes_existing_pending_work ... ok
test preparation_cap_does_not_reduce_measured_wave_concurrency ... ok
test concurrent_real_pir_sqlite_recovery_and_mismatch ... ok
test hard_deadline_refusal_and_publication_failure_remain_unsuccessful ... ok
test preparation_cache_and_queue_preserve_exact_recoveries ... ok
test catch_up_seeds_prior_history_and_keeps_measurement_separate ... ok

test result: ok. 12 passed; 0 failed; 0 ignored; 0 measured; 0 filtered out; finished in 10.18s

     Running unittests src/main.rs (target/release/deps/transparent_measure-bca836c8df14aab6)

running 0 tests

test result: ok. 0 passed; 0 failed; 0 ignored; 0 measured; 0 filtered out; finished in 0.00s

     Running unittests src/lib.rs (target/release/deps/transparent_regression-230c31d51dc9598d)

running 2 tests
test tests::reference_keeps_zero_balance_history_and_bounds_spends_by_anchor ... ok
test journal::tests::respects_committed_lengths_without_truncating_the_journal ... ok

test result: ok. 2 passed; 0 failed; 0 ignored; 0 measured; 0 filtered out; finished in 0.00s

     Running unittests src/bin/hierarchical-filter-eval.rs (target/release/deps/hierarchical_filter_eval-a425205625af1a91)

running 1 test
test seed_tests::journal_seeds_verify_window_and_preserve_only_prior_events ... ok

test result: ok. 1 passed; 0 failed; 0 ignored; 0 measured; 0 filtered out; finished in 0.00s

     Running unittests src/bin/regression-export.rs (target/release/deps/regression_export-c0c4335110485520)

running 0 tests

test result: ok. 0 passed; 0 failed; 0 ignored; 0 measured; 0 filtered out; finished in 0.00s

     Running unittests src/main.rs (target/release/deps/transparent_regression-7da74b411ed7acb7)

running 0 tests

test result: ok. 0 passed; 0 failed; 0 ignored; 0 measured; 0 filtered out; finished in 0.00s

     Running tests/parent_filters.rs (target/release/deps/parent_filters-a743303937afb021)

running 1 test
test parent_negatives_restart_import_and_corrupt_fallback_recover_exactly ... ok

test result: ok. 1 passed; 0 failed; 0 ignored; 0 measured; 0 filtered out; finished in 4.03s

     Running tests/runner.rs (target/release/deps/runner-83f3b80ede14430a)

running 2 tests
test frozen_mainnet_fixture_has_exact_prefixes_and_required_wallet_profiles ... ok
test executable_checks_frozen_checkpoints_and_reports_publication_drift ... ok

test result: ok. 2 passed; 0 failed; 0 ignored; 0 measured; 0 filtered out; finished in 10.91s

     Running unittests src/lib.rs (target/release/deps/transparent_shard-b5bd90ad6656a658)

running 107 tests
test build::tests::events_outside_the_declared_range_are_refused ... ok
test build::tests::the_same_script_lands_in_unrelated_rows_in_different_shards ... ok
test layout::tests::a_fragment_holds_the_events_its_width_allows ... ok
test layout::tests::a_full_fragment_fits_its_row ... ok
test layout::tests::a_geometry_the_scheme_would_not_serve_is_refused ... ok
test layout::tests::a_history_becomes_long_exactly_when_it_outgrows_a_fragment ... ok
test layout::tests::a_history_moves_between_classes_as_it_grows ... ok
test layout::tests::a_row_splits_into_its_segment_and_its_row_within_it ... ok
test layout::tests::a_servable_width_is_not_automatically_a_publishable_one ... ok
test layout::tests::a_shard_always_has_at_least_one_segment_of_each_table ... ok
test layout::tests::doubling_the_rows_doubles_the_capacity ... ok
test layout::tests::entries_per_row_is_what_packing_buys ... ok
test layout::tests::every_paged_script_is_counted_exactly_once ... ok
test layout::tests::every_registry_entry_is_publishable ... ok
test layout::tests::histories_within_the_inline_allowance_occupy_no_page ... ok
test layout::tests::many_short_histories_need_more_fragments_than_one_long_one ... ok
test layout::tests::packed_rows_sit_between_the_byte_floor_and_the_unpacked_cost ... ok
test layout::tests::pages_are_added_only_when_the_previous_one_is_full ... ok
test layout::tests::registry_names_are_distinct_and_resolvable ... ok
test layout::tests::row_demand_can_fall_as_events_arrive ... ok
test layout::tests::scoring_functions_follow_the_inline_allowance ... ok
test layout::tests::the_archive_candidates_hold_what_they_claim ... ok
test layout::tests::the_default_geometry_is_the_one_that_ships ... ok
test layout::tests::the_inline_allowance_is_what_buys_directory_slots ... ok
test layout::tests::the_registry_varies_row_counts_only ... ok
test manifest::tests::a_grown_tail_takes_the_next_revision_and_names_its_predecessor ... ok
test manifest::tests::a_manifest_round_trips_through_its_canonical_bytes ... ok
test manifest::tests::a_sealed_shard_whose_content_changed_is_refused ... ok
test manifest::tests::a_shard_published_for_the_first_time_is_revision_zero ... ok
test manifest::tests::changing_any_field_changes_the_identity ... ok
test manifest::tests::republishing_the_same_shard_keeps_its_revision ... ok
test manifest::tests::the_digest_is_stable_across_encodings ... ok
test page_row::tests::a_count_larger_than_the_row_holds_is_refused ... ok
test page_row::tests::a_full_fragment_uses_the_bytes_the_layout_promises ... ok
test page_row::tests::a_payload_behind_a_zero_count_is_refused ... ok
test page_row::tests::a_row_of_the_wrong_length_is_refused ... ok
test page_row::tests::a_row_round_trips_whatever_it_holds ... ok
test page_row::tests::a_script_may_not_appear_twice_in_a_row ... ok
test page_row::tests::an_entry_without_a_script_is_refused ... ok
test page_row::tests::an_impossible_entry_count_is_refused_before_it_is_used ... ok
test page_row::tests::an_impossible_event_count_is_refused ... ok
test page_row::tests::an_ordinal_outside_its_fragment_count_is_refused ... ok
test page_row::tests::an_over_long_script_is_refused ... ok
test page_row::tests::an_unused_row_decodes_as_empty ... ok
test page_row::tests::arbitrary_bytes_never_panic ... ok
test page_row::tests::content_past_the_last_entry_is_refused ... ok
test page_row::tests::events_out_of_canonical_order_are_refused ... ok
test page_row::tests::every_class_fills_a_row_to_its_capacity ... ok
test page_row::tests::heights_that_disagree_with_the_events_are_refused ... ok
test page_row::tests::nonzero_reserved_bytes_are_refused ... ok
test page_row::tests::nonzero_script_padding_is_refused ... ok
test page_row::tests::the_encoding_is_frozen ... ok
test records::tests::a_directory_entry_round_trips ... ok
test records::tests::a_directory_row_round_trips_and_rejects_overfill ... ok
test records::tests::a_row_with_content_past_its_count_is_refused ... ok
test records::tests::a_script_too_long_for_a_private_table_is_refused_not_truncated ... ok
test records::tests::an_empty_slot_carrying_content_is_refused ... ok
test records::tests::an_empty_slot_decodes_as_absent ... ok
test records::tests::an_entry_whose_counts_disagree_is_refused ... ok
test records::tests::every_directory_row_is_the_same_size_however_full ... ok
test records::tests::the_geometry_is_what_the_layout_promises ... ok
test seal::tests::a_block_adds_at_most_one_row_per_script_it_touches ... ok
test seal::tests::a_block_larger_than_a_segment_becomes_a_shard_of_its_own ... ok
test build::tests::an_unindexable_script_is_filtered_but_counted_as_excluded ... ok
test seal::tests::a_geometry_change_on_an_existing_boundary_seals_nothing ... ok
test seal::tests::a_block_that_would_breach_capacity_seals_the_shard_before_it ... ok
test seal::tests::a_geometry_change_seals_the_shard_before_it ... ok
test seal::tests::a_journal_below_every_limit_yields_one_unsealed_tail ... ok
test seal::tests::a_journal_ending_on_a_boundary_leaves_no_tail ... ok
test seal::tests::a_shard_can_seal_on_page_rows_with_few_scripts ... ok
test seal::tests::a_wider_geometry_seals_later_in_both_tables ... ok
test seal::tests::an_empty_journal_seals_nothing ... ok
test build::tests::a_long_history_keeps_its_run_to_itself ... ok
test seal::tests::an_oversized_block_after_a_seal_closes_two_shards ... ok
test seal::tests::an_unindexable_script_contributes_no_packed_rows ... ok
test seal::tests::blocks_must_arrive_in_order ... ok
test seal::tests::empty_blocks_extend_the_span_without_adding_occupancy ... ok
test seal::tests::every_geometry_implies_a_usable_policy ... ok
test seal::tests::ids_continue_across_a_geometry_change ... ok
test seal::tests::limits_must_be_positive_and_ordered ... ok
test seal::tests::no_sealed_shard_ever_exceeds_capacity ... ok
test seal::tests::maintained_counters_match_a_full_recount ... ok
test seal::tests::ordering_is_enforced_across_a_seal ... ok
test seal::tests::no_valid_block_is_ever_refused ... ok
test seal::tests::placement_is_not_measured_unless_it_is_asked_for ... ok
test seal::tests::reaching_the_script_target_seals_the_block_that_reached_it ... ok
test seal::tests::shards_tile_the_journal_without_gaps_or_overlaps ... ok
test seal::tests::the_basis_decides_where_a_shard_ends ... ok
test build::tests::the_filter_matches_every_script_the_shard_holds ... ok
test build::tests::the_inline_events_are_the_newest_ones ... ok
test seal::tests::the_default_geometry_implies_the_policy_the_publisher_used ... ok
test seal::tests::the_inline_allowance_changes_what_a_shard_is_counted_to_hold ... ok
test build::tests::inline_events_and_pages_together_hold_the_complete_history ... ok
test seal::tests::the_same_journal_seals_identically_every_time ... ok
test build::tests::building_is_deterministic_regardless_of_input_order ... ok
test build::tests::two_scripts_can_name_the_same_row ... ok
test seal::tests::the_projection_equals_what_absorbing_produces ... ok
test build::tests::every_script_is_retrievable_from_one_of_its_candidate_rows ... ok
test build::tests::the_sealer_predicts_the_placement_the_builder_produces ... ok
test build::tests::tables_are_exactly_the_pinned_size_whatever_the_shard_holds ... ok
test build::tests::relocation_keeps_one_segment_past_the_greedy_ceiling ... ok
test seal::tests::placement_costs_more_than_dividing_scripts_by_slots ... ok
test build::tests::a_relocated_script_is_still_in_one_of_its_candidates ... ok
test build::tests::placement_is_reproducible ... ok
test build::tests::short_histories_of_a_length_share_rows ... ok
test build::tests::content_too_large_for_one_segment_takes_another ... ok
test seal::tests::a_script_set_past_one_segment_places_into_two ... ok

test result: ok. 107 passed; 0 failed; 0 ignored; 0 measured; 0 filtered out; finished in 0.49s

     Running unittests src/lib.rs (target/release/deps/transparent_shard_server-39bc92faea21d6d3)

running 39 tests
test assignment::tests::a_shard_nobody_holds_must_be_listed_as_unassigned ... ok
test admission::tests::body_bytes_are_bounded_across_waiting_requests ... ok
test assignment::tests::overlapping_archive_owners_are_refused ... ok
test admission::tests::waiting_places_are_bounded_and_returned_on_drop ... ok
test assignment::tests::replicas_in_one_group_must_hold_the_same_shards ... ok
test assignment::tests::a_disjoint_covering_assignment_is_accepted_and_digests_stably ... ok
test assignment::tests::tiers_are_enforced_by_role ... ok
test assignment::tests::worker_identity_ignores_provenance_and_peers_but_binds_serving_state ... ok
test memory::tests::cancelling_a_queued_builder_releases_its_turn ... ok
test memory::tests::expired_or_cancelled_query_wait_does_not_leave_a_reservation ... ok
test memory::tests::cancelled_waiter_cannot_release_blocking_work_reservation ... ok
test memory::tests::simultaneous_work_and_resident_memory_share_headroom ... ok
test memory::tests::phase_handoff_retains_remaining_work_and_other_owners ... ok
test prewarm::tests::corruption_is_not_retried_and_permanent_pressure_is_bounded ... ok
test metrics::tests::timers_classify_success_error_and_dropped_handlers_once ... ok
test metrics::tests::labels_reach_every_series_and_the_histogram_is_cumulative ... ok
test runtime::disk::tests::batched_reader_checks_boundaries_truncation_and_canonical_words ... ok
test runtime::disk::tests::batched_words_preserve_legacy_bytes_across_buffer_boundaries ... ok
test admission::tests::a_dropped_wait_is_in_the_latency_histogram ... ok
test router::tests::the_caddyfile_routes_each_shard_to_its_owners_and_nothing_else ... ok
test filecache::tests::queued_descriptor_survives_source_removal_and_replacement ... ok
test filecache::tests::blocked_advice_does_not_block_consumers_or_grow_queue ... ok
test runtime::tests::failed_waiter_cannot_forget_a_replacement_slot ... ok
test runtime::tests::the_reservation_matches_what_residency_measured ... ok
test runtime::tests::only_the_database_term_follows_the_row_count ... ok
test runtime::tests::every_registry_geometry_reserves_something_servable ... ok
test runtime::disk::tests::busy_collection_defers_then_prunes_only_unretained_files ... ok
test router::tests::the_archive_is_split_contiguously_and_balanced_by_reserved_bytes ... ok
test router::tests::a_roster_that_cannot_hold_its_share_is_refused ... ok
test filecache::tests::advice_preserves_contents_and_file_position ... ok
test memory::tests::admitted_query_waits_for_memory_without_exceeding_the_budget ... ok
test admission::tests::a_request_that_outwaits_its_deadline_is_refused_retryably ... ok
test runtime::disk::tests::incremental_snapshot_preserves_bytes_and_checksum_across_writeback ... ok
test prewarm::tests::cancellation_stops_retrying_an_obsolete_candidate ... ok
test prewarm::tests::transient_admission_does_not_permanently_lose_a_warm_target ... ok
test memory::tests::cold_builders_keep_fifo_order_until_memory_is_released ... ok
test runtime::disk::cache_integration_tests::blocked_snapshot_does_not_delay_serving_or_release_owned_memory ... ok
test runtime::disk::cache_integration_tests::restart_coalesces_restore_and_corruption_falls_back_without_losing_budget ... ok
test runtime::disk::tests::restored_runtimes_answer_identically_at_deployed_geometries ... ok

test result: ok. 39 passed; 0 failed; 0 ignored; 0 measured; 0 filtered out; finished in 12.05s

     Running unittests src/bin/parent-evaluation-server.rs (target/release/deps/parent_evaluation_server-40cd09066edada43)

running 0 tests

test result: ok. 0 passed; 0 failed; 0 ignored; 0 measured; 0 filtered out; finished in 0.00s

     Running unittests src/bin/shard-assign.rs (target/release/deps/shard_assign-1b32b7d97244e7da)

running 0 tests

test result: ok. 0 passed; 0 failed; 0 ignored; 0 measured; 0 filtered out; finished in 0.00s

     Running unittests src/bin/shard-control.rs (target/release/deps/shard_control-6442fa73576cd36e)

running 0 tests

test result: ok. 0 passed; 0 failed; 0 ignored; 0 measured; 0 filtered out; finished in 0.00s

     Running unittests src/bin/shard-prune.rs (target/release/deps/shard_prune-d902180fe90654e4)

running 0 tests

test result: ok. 0 passed; 0 failed; 0 ignored; 0 measured; 0 filtered out; finished in 0.00s

     Running unittests src/bin/shard-residency.rs (target/release/deps/shard_residency-dfbe0b3d1a863615)

running 0 tests

test result: ok. 0 passed; 0 failed; 0 ignored; 0 measured; 0 filtered out; finished in 0.00s

     Running unittests src/bin/shard-scaling.rs (target/release/deps/shard_scaling-a2f8147bf3d9def8)

running 0 tests

test result: ok. 0 passed; 0 failed; 0 ignored; 0 measured; 0 filtered out; finished in 0.00s

     Running unittests src/bin/server.rs (target/release/deps/transparent_shard_server-3aa2efd6d5b6eb53)

running 0 tests

test result: ok. 0 passed; 0 failed; 0 ignored; 0 measured; 0 filtered out; finished in 0.00s

     Running tests/assignment.rs (target/release/deps/assignment-16afd99f80d98e47)

running 8 tests
test a_hand_written_assignment_round_trips_and_checks_shape ... ok
test retention_by_bytes_keeps_newest_first_and_reports_the_rest_prunable ... ok
test an_assignment_for_another_map_is_refused ... ok
test the_plan_balances_owners_and_the_router_matches_the_golden_file ... ok
test a_subset_loads_only_assigned_tables_and_keeps_global_ids ... ok
test an_assignment_that_does_not_fit_the_cache_is_refused_in_warm_mode ... ok
test a_query_for_an_unassigned_shard_is_misdirected_and_public_bytes_are_served_for_all ... ok
test ready_waits_for_every_assigned_runtime_in_warm_mode_and_not_in_pilot_mode ... ok

test result: ok. 8 passed; 0 failed; 0 ignored; 0 measured; 0 filtered out; finished in 3.24s

     Running tests/geometry_costs.rs (target/release/deps/geometry_costs-3379e8c9e5119607)

running 4 tests
test the_pinned_geometry_costs_what_it_did ... ok
test a_narrower_table_buys_a_smaller_query_and_nothing_else ... ok
test evaluation_keys_dominate_every_query_whatever_the_geometry ... ok
test the_archive_candidates_cost_what_the_plan_claims ... ok

test result: ok. 4 passed; 0 failed; 0 ignored; 0 measured; 0 filtered out; finished in 0.00s

     Running tests/operator_payloads.rs (target/release/deps/operator_payloads-01983041fa7b75b1)

running 2 tests
test the_operator_payloads_match_what_ops_parses ... ok
test verify_only_stdout_is_machine_readable_and_checks_cache_capacity ... ok

test result: ok. 2 passed; 0 failed; 0 ignored; 0 measured; 0 filtered out; finished in 1.28s

     Running tests/revisions_and_cache.rs (target/release/deps/revisions_and_cache-4737c538afa6e5aa)

running 20 tests
test burst::external_query_clients ... ignored, manual external burst clients; started by the burst runner
test burst::publication_burst_under_exact_load ... ignored, manual recent-8k burst benchmark; use make transparent-burst
test burst::drained_external_errors_and_truncated_records_still_fail ... ok
test burst::external_records_drain_inflight_completion_after_stop ... ok
test a_revision_ahead_of_the_map_is_refused ... ok
test superseded_revisions_beyond_the_bound_are_refused ... ok
test a_set_holding_a_superseded_revision_loads ... ok
test blocked_collection_keeps_status_and_readiness_responsive ... ok
test a_pruned_revision_is_refused_with_the_current_map_digest ... ok
test the_served_map_matches_its_advertised_digest ... ok
test a_request_that_cannot_fit_the_budget_is_refused_retryably ... ok
test blocked_invalidation_refuses_without_blocking_executor ... ok
test a_segment_corrupted_after_loading_fails_its_build ... ok
test a_runtime_in_use_is_not_evicted_to_make_room ... ok
test each_revision_is_answered_under_its_own_identity ... ok
test a_second_runtime_evicts_the_first_rather_than_exceeding_the_budget ... ok
test concurrent_cold_requests_build_once ... ok
test blocked_activation_keeps_executor_responsive ... ok
test live_prepare_activate_and_invalidate ... ok
test revision_churn_bounds_runtimes_and_collects_idle_snapshots ... ok

test result: ok. 18 passed; 0 failed; 2 ignored; 0 measured; 0 filtered out; finished in 9.64s

     Running tests/round_trip.rs (target/release/deps/round_trip-2354385715b3e374)

running 17 tests
test a_shard_set_missing_a_shard_is_refused ... ok
test a_tampered_table_is_refused_at_load ... ok
test a_slow_upload_times_out_without_holding_a_place ... ok
test a_request_that_outwaits_its_deadline_is_refused_retryably ... ok
test a_full_queue_refuses_retryably_and_a_cancelled_waiter_frees_its_place ... ok
test a_truncated_query_is_refused_rather_than_padded ... ok
test a_query_without_a_declared_length_is_refused ... ok
test an_oversized_query_is_refused_before_any_work ... ok
test a_filter_for_a_shard_outside_the_set_is_refused ... ok
test the_map_is_identical_under_both_paths ... ok
test the_manifest_route_serves_canonical_bytes_that_digest_to_the_path ... ok
test each_shards_published_filter_is_served_verbatim ... ok
test a_query_built_for_one_shard_is_refused_by_another ... ok
test unknown_shards_and_tables_are_refused ... ok
test a_query_built_for_one_table_is_refused_by_the_other ... ok
test every_shard_reports_the_same_scheme_but_its_own_setup ... ok
test rows_retrieved_from_each_shard_equal_that_shards_published_table ... ok

test result: ok. 17 passed; 0 failed; 0 ignored; 0 measured; 0 filtered out; finished in 6.02s

     Running tests/wallet_anchor.rs (target/release/deps/wallet_anchor-8673a15d2e65f597)

running 6 tests
test unknown_rejected_and_unpublished_targets_do_not_commit_progress ... ok
test future_only_pages_do_not_advance_discovery ... ok
test pagination_progress_counts_future_records_and_restarts_on_a_new_target ... ok
test a_replaced_tail_rewinds_pending_events_without_completed_coverage ... ok
test arbitrary_anchors_survive_restart_overlap_and_exact_rollback ... ok
test an_exact_common_ancestor_inside_a_shard_survives_a_real_fork ... ok

test result: ok. 6 passed; 0 failed; 0 ignored; 0 measured; 0 filtered out; finished in 7.10s

     Running tests/wallet_continuation.rs (target/release/deps/wallet_continuation-b65e75c4768ba637)

running 11 tests
test an_unused_wallet_persists_coverage_and_pays_only_cached_filters_next_time ... ok
test raising_required_from_after_the_fact_does_not_drop_retained_receives ... ok
test an_unrelenting_overload_persists_pending_and_never_reports_a_balance_as_synced ... ok
test a_stale_refresh_that_names_a_lower_anchor_or_another_set_is_refused ... ok
test added_and_imported_scripts_are_discovered_over_their_earlier_ranges ... ok
test a_spend_synced_later_resolves_against_a_receive_persisted_earlier ... ok
test a_restarted_wallet_resumes_from_its_commits_without_refetching ... ok
test a_query_budget_stops_between_pages_and_resumes_exactly ... ok
test a_superseded_provisional_tail_is_truncated_and_replayed_not_appended ... ok
test a_reorg_below_the_tier_boundary_rewinds_to_the_accepted_ancestor ... ok
test a_crash_around_the_pending_commit_resumes_without_duplicating_pages ... ok

test result: ok. 11 passed; 0 failed; 0 ignored; 0 measured; 0 filtered out; finished in 13.87s

     Running tests/wallet_sync.rs (target/release/deps/wallet_sync-7a11ed6fb220fcd7)

running 19 tests
test an_unused_wallet_pays_only_the_public_floor ... ok
test a_service_serving_another_schema_is_refused ... ok
test a_wallet_refuses_a_manifest_that_does_not_digest_to_the_map ... ok
test an_unrelenting_overload_stops_the_sync_without_advancing_coverage ... ok
test a_shard_naming_an_unknown_geometry_stops_the_sync ... ok
test a_503_that_names_no_delay_is_not_retried ... ok
test init_declares_one_parameter_set_per_geometry ... ok
test a_shard_whose_pages_need_two_segments_syncs_exactly ... ok
test a_birthday_that_omits_a_receive_cannot_report_complete ... ok
test a_refresh_that_cannot_help_stops_the_sync_rather_than_looping ... ok
test a_corrupt_filter_with_an_unchanged_map_is_never_accepted ... ok
test coverage_does_not_advance_when_a_segment_is_missing ... ok
test scripts_sharing_a_row_still_cost_a_fetch_each ... ok
test an_overloaded_service_is_retried_and_the_sync_still_reconstructs_exactly ... ok
test a_filter_replaced_after_the_map_was_read_refreshes_before_matching ... ok
test a_genuine_manifest_is_verified_once_per_matched_shard ... ok
test a_wallet_syncs_from_its_birthday_and_matches_an_independent_traversal ... ok
test a_wallet_syncs_across_a_geometry_boundary_exactly ... ok
test a_wallet_holding_a_replaced_tail_revision_recovers_by_refreshing_the_map ... ok

test result: ok. 19 passed; 0 failed; 0 ignored; 0 measured; 0 filtered out; finished in 10.85s

     Running unittests src/lib.rs (target/release/deps/transparent_spend_pir-a59a813ac65821e6)

running 3 tests
test types::tests::entry_round_trip_and_reserved_validation ... ok
test types::tests::exact_scan_ignores_other_outputs_from_same_transaction ... ok
test types::tests::minimum_table_is_one_shard ... ok

test result: ok. 3 passed; 0 failed; 0 ignored; 0 measured; 0 filtered out; finished in 0.00s

     Running unittests src/lib.rs (target/release/deps/transparent_wallet-6d66ee845ff5326f)

running 41 tests
test ledger::tests::a_conflicting_receive_for_one_outpoint_is_an_error ... ok
test ledger::tests::a_fully_spent_wallet_has_no_balance_but_keeps_its_history ... ok
test ledger::tests::a_receive_and_its_spend_in_one_block_resolve_by_transaction_index ... ok
test ledger::tests::a_receive_becomes_a_utxo_and_a_balance ... ok
test ledger::tests::a_repeated_unresolved_spend_is_recorded_once ... ok
test ledger::tests::a_spend_extended_later_resolves_against_a_kept_receive ... ok
test ledger::tests::a_spend_of_an_unknown_output_is_recorded_as_unresolved ... ok
test ledger::tests::a_spend_removes_its_output_and_is_recorded ... ok
test ledger::tests::an_unresolved_spend_is_resolved_by_a_receive_extended_later ... ok
test ledger::tests::coinbase_status_survives_replay_without_being_applied ... ok
test ledger::tests::duplicate_events_are_idempotent ... ok
test ledger::tests::events_are_replayed_in_chain_order_whatever_order_they_arrive_in ... ok
test ledger::tests::history_reports_net_value_per_transaction ... ok
test ledger::tests::several_outputs_of_one_transaction_are_distinct ... ok
test ledger::tests::the_identical_spend_twice_is_idempotent ... ok
test ledger::tests::the_same_outpoint_spent_by_two_transactions_is_an_error ... ok
test ledger::tests::truncating_above_a_height_restores_outputs_spent_above_it ... ok
test store::tests::ranges_are_kept_per_shard_in_order_without_repeats ... ok
test store::tests::uncovered_reports_the_gaps_and_nothing_else ... ok
test sync::tests::a_different_set_identity_is_not_a_continuation ... ok
test sync::tests::a_re_cut_covered_shard_is_not_a_continuation ... ok
test sync::tests::a_replaced_tail_over_an_agreeing_prefix_continues_the_set ... ok
test sync::tests::appended_shards_continue_the_set ... ok
test sync::tests::backoff_prefers_the_services_figure_and_caps_it ... ok
test sync::tests::a_manifest_is_accepted_only_when_it_agrees_with_the_map_in_every_field ... ok
test sync::tests::coverage_ending_below_what_was_read_is_not_a_continuation ... ok
test sync::tests::reseal_is_refused_but_a_new_geometry_is_not ... ok
test sync::tests::withdrawing_a_covered_shard_is_not_a_continuation ... ok
test transport::tests::a_refusal_is_found_through_a_wrapping_error ... ok
test transport::tests::a_stale_refusal_carries_the_map_digest_the_service_reported ... ok
test transport::tests::a_stale_refusal_survives_a_body_it_cannot_parse ... ok
test transport::tests::an_ordinary_failure_is_neither_refusal ... ok
test transport::tests::an_overload_is_recognised_by_its_delay_not_its_status ... ok
test transport::tests::an_unparsable_delay_is_still_an_overload ... ok
test transport::tests::only_a_conflict_is_a_stale_refusal ... ok
test http::observation_tests::observes_success_refusal_payload_and_connection_failure_without_changing_results ... ok
test transport::tests::refusal_dispatches_on_what_the_reply_says ... ok
test http::observation_tests::retry_after_cannot_extend_the_deadline_on_public_or_bound_requests ... ok
test http::observation_tests::retries_share_one_deadline_including_backoff_and_response_reads ... ok
test http::observation_tests::opt_in_retries_are_bounded_and_account_for_every_response ... ok
test http::observation_tests::retries_established_connection_failures_with_bounded_attempts ... ok

test result: ok. 41 passed; 0 failed; 0 ignored; 0 measured; 0 filtered out; finished in 20.37s

     Running tests/birthday_to_balance.rs (target/release/deps/birthday_to_balance-94bb59cd57f7d7c3)

running 4 tests
test a_later_birthday_recovers_exactly_the_history_from_that_shard_forward ... ok
test the_ledger_replays_identically_from_shards_and_from_a_direct_traversal ... ok
test an_unused_wallet_matches_nothing_and_issues_no_queries ... ok
test byte_accounting_separates_the_unconditional_floor_from_the_gated_work ... ok

test result: ok. 4 passed; 0 failed; 0 ignored; 0 measured; 0 filtered out; finished in 0.04s

     Running unittests src/lib.rs (target/release/deps/transparent_wallet_store-85630851f305dc6c)

running 1 test
test coverage_append_tests::appending_checkpoints_does_not_rewrite_prior_coverage ... ok

test result: ok. 1 passed; 0 failed; 0 ignored; 0 measured; 0 filtered out; finished in 0.00s

     Running tests/store_semantics.rs (target/release/deps/store_semantics-f0709e52359d95a5)

running 4 tests
test the_memory_store_meets_the_contract ... ok
test the_sqlite_store_meets_the_contract_in_memory ... ok
test migration_preserves_events_but_invalidates_unbound_legacy_progress ... ok
test the_sqlite_store_meets_the_contract_on_disk_and_survives_reopening ... ok

test result: ok. 4 passed; 0 failed; 0 ignored; 0 measured; 0 filtered out; finished in 0.03s

   Doc-tests enhance_pir

running 0 tests

test result: ok. 0 passed; 0 failed; 0 ignored; 0 measured; 0 filtered out; finished in 0.00s

   Doc-tests enhance_pir_server

running 0 tests

test result: ok. 0 passed; 0 failed; 0 ignored; 0 measured; 0 filtered out; finished in 0.00s

   Doc-tests transparent_blocks

running 0 tests

test result: ok. 0 passed; 0 failed; 0 ignored; 0 measured; 0 filtered out; finished in 0.00s

   Doc-tests transparent_events

running 0 tests

test result: ok. 0 passed; 0 failed; 0 ignored; 0 measured; 0 filtered out; finished in 0.00s

   Doc-tests transparent_filter

running 0 tests

test result: ok. 0 passed; 0 failed; 0 ignored; 0 measured; 0 filtered out; finished in 0.00s

   Doc-tests transparent_filter_server

running 0 tests

test result: ok. 0 passed; 0 failed; 0 ignored; 0 measured; 0 filtered out; finished in 0.00s

   Doc-tests transparent_regression

running 0 tests

test result: ok. 0 passed; 0 failed; 0 ignored; 0 measured; 0 filtered out; finished in 0.00s

   Doc-tests transparent_shard

running 0 tests

test result: ok. 0 passed; 0 failed; 0 ignored; 0 measured; 0 filtered out; finished in 0.00s

   Doc-tests transparent_shard_server

running 0 tests

test result: ok. 0 passed; 0 failed; 0 ignored; 0 measured; 0 filtered out; finished in 0.00s

   Doc-tests transparent_spend_pir

running 0 tests

test result: ok. 0 passed; 0 failed; 0 ignored; 0 measured; 0 filtered out; finished in 0.00s

   Doc-tests transparent_wallet

running 0 tests

test result: ok. 0 passed; 0 failed; 0 ignored; 0 measured; 0 filtered out; finished in 0.00s

   Doc-tests transparent_wallet_store

running 0 tests

test result: ok. 0 passed; 0 failed; 0 ignored; 0 measured; 0 filtered out; finished in 0.00s

