Running as unit: transparent-full-burst-aa100ab7cf8d4d31b03920ca4dac2360.service; invocation ID: d450c9e0601541608e2e34d3cc338868

running 1 test
2026-09-09T20:34:58.502996Z DEBUG transparent_shard_server::runtime: runtime stage key=("5b7ee9849d47f5ee67d04eb6ca4588beacf42dce75e5a1b481dfd02607b1fb20", Directory, 0) seconds=3.916e-6 stage="restore_slot"
2026-09-09T20:34:58.503076Z DEBUG transparent_shard_server::runtime: runtime stage key=("5b7ee9849d47f5ee67d04eb6ca4588beacf42dce75e5a1b481dfd02607b1fb20", Pages, 0) seconds=3.323e-6 stage="restore_slot"
2026-09-09T20:34:58.503216Z DEBUG transparent_shard_server::runtime: runtime stage key=("1f5d7213a380745d83cc554ad16bdf9e039a0304d0de0b71376828e1838d0ea4", Pages, 0) seconds=2.715e-6 stage="restore_slot"
2026-09-09T20:34:58.503217Z DEBUG transparent_shard_server::runtime: runtime stage key=("1f5d7213a380745d83cc554ad16bdf9e039a0304d0de0b71376828e1838d0ea4", Directory, 0) seconds=3.698e-6 stage="restore_slot"
2026-09-09T20:34:58.503560Z DEBUG transparent_shard_server::runtime: runtime stage key=("5b7ee9849d47f5ee67d04eb6ca4588beacf42dce75e5a1b481dfd02607b1fb20", Pages, 0) seconds=3.0321e-5 hit=false stage="disk_restore"
2026-09-09T20:34:58.503568Z DEBUG transparent_shard_server::runtime: runtime stage key=("1f5d7213a380745d83cc554ad16bdf9e039a0304d0de0b71376828e1838d0ea4", Pages, 0) seconds=2.6453e-5 hit=false stage="disk_restore"
2026-09-09T20:34:58.503600Z DEBUG transparent_shard_server::runtime: runtime stage key=("1f5d7213a380745d83cc554ad16bdf9e039a0304d0de0b71376828e1838d0ea4", Pages, 0) seconds=1.111e-6 stage="build_slot"
2026-09-09T20:34:58.503608Z DEBUG transparent_shard_server::runtime: runtime stage key=("5b7ee9849d47f5ee67d04eb6ca4588beacf42dce75e5a1b481dfd02607b1fb20", Pages, 0) seconds=6.4e-7 stage="build_slot"
2026-09-09T20:34:58.503633Z DEBUG transparent_shard_server::runtime: runtime stage key=("1f5d7213a380745d83cc554ad16bdf9e039a0304d0de0b71376828e1838d0ea4", Directory, 0) seconds=1.1701e-5 hit=false stage="disk_restore"
2026-09-09T20:34:58.503560Z DEBUG transparent_shard_server::runtime: runtime stage key=("5b7ee9849d47f5ee67d04eb6ca4588beacf42dce75e5a1b481dfd02607b1fb20", Directory, 0) seconds=3.9721e-5 hit=false stage="disk_restore"
2026-09-09T20:34:58.503661Z DEBUG transparent_shard_server::memory: cold build admission wait seconds=5.1027e-5 admitted=true
2026-09-09T20:34:58.503743Z DEBUG transparent_shard_server::memory: cold build admission wait seconds=0.000127774 admitted=true
2026-09-09T20:34:58.650592Z DEBUG transparent_shard_server::runtime: runtime stage key=("1f5d7213a380745d83cc554ad16bdf9e039a0304d0de0b71376828e1838d0ea4", Pages, 0) seconds=0.14686572 stage="source_load"
2026-09-09T20:34:58.651519Z DEBUG transparent_shard_server::runtime: runtime stage key=("5b7ee9849d47f5ee67d04eb6ca4588beacf42dce75e5a1b481dfd02607b1fb20", Pages, 0) seconds=0.147754051 stage="source_load"
2026-09-09T20:34:58.953840Z DEBUG transparent_shard_server::runtime: construction stage geometry="recent-8k" table="pages" seconds=0.303209151 stage="encode_database"
2026-09-09T20:34:58.953940Z DEBUG transparent_shard_server::runtime: construction stage geometry="recent-8k" table="pages" seconds=6.0128e-5 stage="public_setup"
2026-09-09T20:34:58.956688Z DEBUG transparent_shard_server::runtime: construction stage geometry="recent-8k" table="pages" seconds=0.305142159 stage="encode_database"
2026-09-09T20:34:58.956767Z DEBUG transparent_shard_server::runtime: construction stage geometry="recent-8k" table="pages" seconds=5.1904e-5 stage="public_setup"
2026-09-09T20:35:00.042073Z DEBUG transparent_shard_server::runtime: construction stage geometry="recent-8k" table="pages" seconds=1.085300706 stage="hint_columns"
2026-09-09T20:35:00.042091Z DEBUG transparent_shard_server::runtime: construction stage geometry="recent-8k" table="pages" seconds=1.088145091 stage="hint_columns"
2026-09-09T20:35:02.290302Z DEBUG transparent_shard_server::runtime: construction stage geometry="recent-8k" table="pages" seconds=2.248183731 stage="pack_preprocessing"
2026-09-09T20:35:02.290603Z DEBUG transparent_shard_server::runtime: construction stage geometry="recent-8k" table="pages" seconds=0.000261562 stage="publish_parameters"
2026-09-09T20:35:02.291114Z DEBUG transparent_shard_server::runtime: runtime stage key=("5b7ee9849d47f5ee67d04eb6ca4588beacf42dce75e5a1b481dfd02607b1fb20", Pages, 0) seconds=3.639568984 stage="runtime_build"
2026-09-09T20:35:02.292786Z DEBUG transparent_shard_server::runtime: runtime stage key=("1f5d7213a380745d83cc554ad16bdf9e039a0304d0de0b71376828e1838d0ea4", Directory, 0) seconds=3.789129724 stage="build_slot"
2026-09-09T20:35:02.292878Z DEBUG transparent_shard_server::memory: cold build admission wait seconds=7.2594e-5 admitted=true
2026-09-09T20:35:02.292900Z DEBUG transparent_shard_server::runtime: runtime stage key=("ca7afe810c988a8b4b561668f3456a9f38d1fdbb0776614e07ddfeb1a2132000", Directory, 0) seconds=4.58e-7 stage="restore_slot"
2026-09-09T20:35:02.293124Z DEBUG transparent_shard_server::runtime: runtime stage key=("ca7afe810c988a8b4b561668f3456a9f38d1fdbb0776614e07ddfeb1a2132000", Directory, 0) seconds=2.7779e-5 hit=false stage="disk_restore"
2026-09-09T20:35:02.296583Z DEBUG transparent_shard_server::runtime: construction stage geometry="recent-8k" table="pages" seconds=2.254448839 stage="pack_preprocessing"
2026-09-09T20:35:02.296921Z DEBUG transparent_shard_server::runtime: construction stage geometry="recent-8k" table="pages" seconds=0.000316835 stage="publish_parameters"
2026-09-09T20:35:02.297444Z DEBUG transparent_shard_server::runtime: runtime stage key=("1f5d7213a380745d83cc554ad16bdf9e039a0304d0de0b71376828e1838d0ea4", Pages, 0) seconds=3.64681446 stage="runtime_build"
2026-09-09T20:35:02.299186Z DEBUG transparent_shard_server::runtime: runtime stage key=("5b7ee9849d47f5ee67d04eb6ca4588beacf42dce75e5a1b481dfd02607b1fb20", Directory, 0) seconds=3.795505319 stage="build_slot"
2026-09-09T20:35:02.299267Z DEBUG transparent_shard_server::memory: cold build admission wait seconds=6.4587e-5 admitted=true
2026-09-09T20:35:02.299286Z DEBUG transparent_shard_server::runtime: runtime stage key=("ca7afe810c988a8b4b561668f3456a9f38d1fdbb0776614e07ddfeb1a2132000", Pages, 0) seconds=4.28e-7 stage="restore_slot"
2026-09-09T20:35:02.300945Z DEBUG transparent_shard_server::runtime: runtime stage key=("ca7afe810c988a8b4b561668f3456a9f38d1fdbb0776614e07ddfeb1a2132000", Pages, 0) seconds=4.0156e-5 hit=false stage="disk_restore"
2026-09-09T20:35:02.437617Z DEBUG transparent_shard_server::runtime: runtime stage key=("1f5d7213a380745d83cc554ad16bdf9e039a0304d0de0b71376828e1838d0ea4", Directory, 0) seconds=0.144613929 stage="source_load"
2026-09-09T20:35:02.439168Z DEBUG transparent_shard_server::runtime: runtime stage key=("5b7ee9849d47f5ee67d04eb6ca4588beacf42dce75e5a1b481dfd02607b1fb20", Directory, 0) seconds=0.139852729 stage="source_load"
2026-09-09T20:35:02.742746Z DEBUG transparent_shard_server::runtime: construction stage geometry="recent-8k" table="directory" seconds=0.30510017 stage="encode_database"
2026-09-09T20:35:02.742840Z DEBUG transparent_shard_server::runtime: construction stage geometry="recent-8k" table="directory" seconds=6.4843e-5 stage="public_setup"
2026-09-09T20:35:02.745704Z DEBUG transparent_shard_server::runtime: construction stage geometry="recent-8k" table="directory" seconds=0.30651452 stage="encode_database"
2026-09-09T20:35:02.745792Z DEBUG transparent_shard_server::runtime: construction stage geometry="recent-8k" table="directory" seconds=6.446e-5 stage="public_setup"
2026-09-09T20:35:03.033205Z DEBUG transparent_shard_server::runtime: runtime stage key=("5b7ee9849d47f5ee67d04eb6ca4588beacf42dce75e5a1b481dfd02607b1fb20", Pages, 0) seconds=0.740413949 stage="disk_save"
2026-09-09T20:35:03.957344Z DEBUG transparent_shard_server::runtime: construction stage geometry="recent-8k" table="directory" seconds=1.211546404 stage="hint_columns"
2026-09-09T20:35:03.972209Z DEBUG transparent_shard_server::runtime: construction stage geometry="recent-8k" table="directory" seconds=1.22936263 stage="hint_columns"
2026-09-09T20:35:04.234378Z DEBUG transparent_shard_server::runtime: runtime stage key=("1f5d7213a380745d83cc554ad16bdf9e039a0304d0de0b71376828e1838d0ea4", Pages, 0) seconds=1.935237967 stage="disk_save"
2026-09-09T20:35:06.142041Z DEBUG transparent_shard_server::runtime: construction stage geometry="recent-8k" table="directory" seconds=2.169809238 stage="pack_preprocessing"
2026-09-09T20:35:06.142342Z DEBUG transparent_shard_server::runtime: construction stage geometry="recent-8k" table="directory" seconds=0.000266136 stage="publish_parameters"
2026-09-09T20:35:06.142807Z DEBUG transparent_shard_server::runtime: runtime stage key=("1f5d7213a380745d83cc554ad16bdf9e039a0304d0de0b71376828e1838d0ea4", Directory, 0) seconds=3.705163642 stage="runtime_build"
2026-09-09T20:35:06.142942Z DEBUG transparent_shard_server::runtime: runtime stage key=("ca7afe810c988a8b4b561668f3456a9f38d1fdbb0776614e07ddfeb1a2132000", Directory, 0) seconds=3.849768014 stage="build_slot"
2026-09-09T20:35:06.143031Z DEBUG transparent_shard_server::memory: cold build admission wait seconds=6.8579e-5 admitted=true
2026-09-09T20:35:06.146224Z DEBUG transparent_shard_server::runtime: runtime stage key=("95df7205357fe2d9c962d2b41daded841e05afa7b6fc8d06dfec46ad04e15335", Directory, 0) seconds=6.124e-6 stage="restore_slot"
2026-09-09T20:35:06.146372Z DEBUG transparent_shard_server::runtime: runtime stage key=("95df7205357fe2d9c962d2b41daded841e05afa7b6fc8d06dfec46ad04e15335", Directory, 0) seconds=3.2181e-5 hit=false stage="disk_restore"
2026-09-09T20:35:06.161937Z DEBUG transparent_shard_server::runtime: construction stage geometry="recent-8k" table="directory" seconds=2.204560766 stage="pack_preprocessing"
2026-09-09T20:35:06.162209Z DEBUG transparent_shard_server::runtime: construction stage geometry="recent-8k" table="directory" seconds=0.00024798 stage="publish_parameters"
2026-09-09T20:35:06.162703Z DEBUG transparent_shard_server::runtime: runtime stage key=("5b7ee9849d47f5ee67d04eb6ca4588beacf42dce75e5a1b481dfd02607b1fb20", Directory, 0) seconds=3.723515039 stage="runtime_build"
2026-09-09T20:35:06.162851Z DEBUG transparent_shard_server::runtime: runtime stage key=("ca7afe810c988a8b4b561668f3456a9f38d1fdbb0776614e07ddfeb1a2132000", Pages, 0) seconds=3.861865816 stage="build_slot"
2026-09-09T20:35:06.162873Z DEBUG transparent_shard_server::runtime: runtime stage key=("95df7205357fe2d9c962d2b41daded841e05afa7b6fc8d06dfec46ad04e15335", Pages, 0) seconds=8.55e-7 stage="restore_slot"
2026-09-09T20:35:06.162968Z DEBUG transparent_shard_server::runtime: runtime stage key=("95df7205357fe2d9c962d2b41daded841e05afa7b6fc8d06dfec46ad04e15335", Pages, 0) seconds=2.7189e-5 hit=false stage="disk_restore"
2026-09-09T20:35:06.162930Z DEBUG transparent_shard_server::memory: cold build admission wait seconds=6.3585e-5 admitted=true
2026-09-09T20:35:06.289957Z DEBUG transparent_shard_server::runtime: runtime stage key=("ca7afe810c988a8b4b561668f3456a9f38d1fdbb0776614e07ddfeb1a2132000", Directory, 0) seconds=0.143652665 stage="source_load"
2026-09-09T20:35:06.298761Z DEBUG transparent_shard_server::runtime: runtime stage key=("ca7afe810c988a8b4b561668f3456a9f38d1fdbb0776614e07ddfeb1a2132000", Pages, 0) seconds=0.135756262 stage="source_load"
2026-09-09T20:35:06.593779Z DEBUG transparent_shard_server::runtime: construction stage geometry="recent-8k" table="pages" seconds=0.294994219 stage="encode_database"
2026-09-09T20:35:06.593874Z DEBUG transparent_shard_server::runtime: construction stage geometry="recent-8k" table="pages" seconds=6.9323e-5 stage="public_setup"
2026-09-09T20:35:06.598647Z DEBUG transparent_shard_server::runtime: construction stage geometry="recent-8k" table="directory" seconds=0.308661088 stage="encode_database"
2026-09-09T20:35:06.598729Z DEBUG transparent_shard_server::runtime: construction stage geometry="recent-8k" table="directory" seconds=6.2006e-5 stage="public_setup"
2026-09-09T20:35:06.872176Z DEBUG transparent_shard_server::runtime: runtime stage key=("1f5d7213a380745d83cc554ad16bdf9e039a0304d0de0b71376828e1838d0ea4", Directory, 0) seconds=0.728984128 stage="disk_save"
2026-09-09T20:35:07.835304Z DEBUG transparent_shard_server::runtime: construction stage geometry="recent-8k" table="directory" seconds=1.236568579 stage="hint_columns"
2026-09-09T20:35:07.844238Z DEBUG transparent_shard_server::runtime: construction stage geometry="recent-8k" table="pages" seconds=1.250357709 stage="hint_columns"
2026-09-09T20:35:08.030813Z DEBUG transparent_shard_server::runtime: runtime stage key=("5b7ee9849d47f5ee67d04eb6ca4588beacf42dce75e5a1b481dfd02607b1fb20", Directory, 0) seconds=1.868069156 stage="disk_save"
2026-09-09T20:35:09.946977Z DEBUG transparent_shard_server::runtime: construction stage geometry="recent-8k" table="directory" seconds=2.111635774 stage="pack_preprocessing"
2026-09-09T20:35:09.947298Z DEBUG transparent_shard_server::runtime: construction stage geometry="recent-8k" table="directory" seconds=0.000278497 stage="publish_parameters"
2026-09-09T20:35:09.947864Z DEBUG transparent_shard_server::runtime: runtime stage key=("ca7afe810c988a8b4b561668f3456a9f38d1fdbb0776614e07ddfeb1a2132000", Directory, 0) seconds=3.657879576 stage="runtime_build"
2026-09-09T20:35:09.947904Z DEBUG transparent_shard_server::runtime: runtime stage key=("95df7205357fe2d9c962d2b41daded841e05afa7b6fc8d06dfec46ad04e15335", Directory, 0) seconds=3.801501785 stage="build_slot"
2026-09-09T20:35:09.947987Z DEBUG transparent_shard_server::memory: cold build admission wait seconds=7.7877e-5 admitted=true
2026-09-09T20:35:09.948030Z DEBUG transparent_shard_server::runtime: runtime stage key=("73d46a59d0d03d7616f9a47e53b50448d4c5a3504e6e296600d8884c8c4403b8", Directory, 0) seconds=5.01e-7 stage="restore_slot"
2026-09-09T20:35:09.948088Z DEBUG transparent_shard_server::runtime: runtime stage key=("73d46a59d0d03d7616f9a47e53b50448d4c5a3504e6e296600d8884c8c4403b8", Directory, 0) seconds=2.0302e-5 hit=false stage="disk_restore"
2026-09-09T20:35:10.089836Z DEBUG transparent_shard_server::runtime: runtime stage key=("95df7205357fe2d9c962d2b41daded841e05afa7b6fc8d06dfec46ad04e15335", Directory, 0) seconds=0.141823614 stage="source_load"
2026-09-09T20:35:10.137346Z DEBUG transparent_shard_server::runtime: construction stage geometry="recent-8k" table="pages" seconds=2.293080037 stage="pack_preprocessing"
2026-09-09T20:35:10.137641Z DEBUG transparent_shard_server::runtime: construction stage geometry="recent-8k" table="pages" seconds=0.000268442 stage="publish_parameters"
2026-09-09T20:35:10.138190Z DEBUG transparent_shard_server::runtime: runtime stage key=("ca7afe810c988a8b4b561668f3456a9f38d1fdbb0776614e07ddfeb1a2132000", Pages, 0) seconds=3.839406603 stage="runtime_build"
2026-09-09T20:35:10.139188Z DEBUG transparent_shard_server::runtime: runtime stage key=("95df7205357fe2d9c962d2b41daded841e05afa7b6fc8d06dfec46ad04e15335", Pages, 0) seconds=3.976192608 stage="build_slot"
2026-09-09T20:35:10.139285Z DEBUG transparent_shard_server::memory: cold build admission wait seconds=7.4321e-5 admitted=true
2026-09-09T20:35:10.140230Z DEBUG transparent_shard_server::runtime: runtime stage key=("73d46a59d0d03d7616f9a47e53b50448d4c5a3504e6e296600d8884c8c4403b8", Pages, 0) seconds=8.04e-7 stage="restore_slot"
2026-09-09T20:35:10.140313Z DEBUG transparent_shard_server::runtime: runtime stage key=("73d46a59d0d03d7616f9a47e53b50448d4c5a3504e6e296600d8884c8c4403b8", Pages, 0) seconds=3.0666e-5 hit=false stage="disk_restore"
2026-09-09T20:35:10.280279Z DEBUG transparent_shard_server::runtime: runtime stage key=("95df7205357fe2d9c962d2b41daded841e05afa7b6fc8d06dfec46ad04e15335", Pages, 0) seconds=0.140047896 stage="source_load"
2026-09-09T20:35:10.389617Z DEBUG transparent_shard_server::runtime: construction stage geometry="recent-8k" table="directory" seconds=0.2997518 stage="encode_database"
2026-09-09T20:35:10.389731Z DEBUG transparent_shard_server::runtime: construction stage geometry="recent-8k" table="directory" seconds=8.7024e-5 stage="public_setup"
2026-09-09T20:35:10.586732Z DEBUG transparent_shard_server::runtime: construction stage geometry="recent-8k" table="pages" seconds=0.306423171 stage="encode_database"
2026-09-09T20:35:10.586826Z DEBUG transparent_shard_server::runtime: construction stage geometry="recent-8k" table="pages" seconds=6.5581e-5 stage="public_setup"
2026-09-09T20:35:10.798844Z DEBUG transparent_shard_server::runtime: runtime stage key=("ca7afe810c988a8b4b561668f3456a9f38d1fdbb0776614e07ddfeb1a2132000", Directory, 0) seconds=0.850819299 stage="disk_save"
2026-09-09T20:35:11.684542Z DEBUG transparent_shard_server::runtime: construction stage geometry="recent-8k" table="pages" seconds=1.097698329 stage="hint_columns"
2026-09-09T20:35:11.685333Z DEBUG transparent_shard_server::runtime: construction stage geometry="recent-8k" table="directory" seconds=1.295595049 stage="hint_columns"
2026-09-09T20:35:11.948067Z DEBUG transparent_shard_server::runtime: runtime stage key=("ca7afe810c988a8b4b561668f3456a9f38d1fdbb0776614e07ddfeb1a2132000", Pages, 0) seconds=1.807870272 stage="disk_save"
2026-09-09T20:35:13.855885Z DEBUG transparent_shard_server::runtime: construction stage geometry="recent-8k" table="directory" seconds=2.170524576 stage="pack_preprocessing"
2026-09-09T20:35:13.856206Z DEBUG transparent_shard_server::runtime: construction stage geometry="recent-8k" table="directory" seconds=0.000282788 stage="publish_parameters"
2026-09-09T20:35:13.856795Z DEBUG transparent_shard_server::runtime: runtime stage key=("95df7205357fe2d9c962d2b41daded841e05afa7b6fc8d06dfec46ad04e15335", Directory, 0) seconds=3.766932188 stage="runtime_build"
2026-09-09T20:35:13.856836Z DEBUG transparent_shard_server::runtime: runtime stage key=("73d46a59d0d03d7616f9a47e53b50448d4c5a3504e6e296600d8884c8c4403b8", Directory, 0) seconds=3.908727576 stage="build_slot"
2026-09-09T20:35:13.856853Z DEBUG transparent_shard_server::runtime: runtime stage key=("b16be2933ab920bc4745ea8917e5167a7a685c211e0b4febe88b4d3018f970bc", Directory, 0) seconds=1.41e-6 stage="restore_slot"
2026-09-09T20:35:13.856949Z DEBUG transparent_shard_server::memory: cold build admission wait seconds=9.0589e-5 admitted=true
2026-09-09T20:35:13.857034Z DEBUG transparent_shard_server::runtime: runtime stage key=("b16be2933ab920bc4745ea8917e5167a7a685c211e0b4febe88b4d3018f970bc", Directory, 0) seconds=7.4412e-5 hit=false stage="disk_restore"
2026-09-09T20:35:13.859263Z DEBUG transparent_shard_server::runtime: construction stage geometry="recent-8k" table="pages" seconds=2.174692282 stage="pack_preprocessing"
2026-09-09T20:35:13.859542Z DEBUG transparent_shard_server::runtime: construction stage geometry="recent-8k" table="pages" seconds=0.000261893 stage="publish_parameters"
2026-09-09T20:35:13.860050Z DEBUG transparent_shard_server::runtime: runtime stage key=("95df7205357fe2d9c962d2b41daded841e05afa7b6fc8d06dfec46ad04e15335", Pages, 0) seconds=3.5797436940000003 stage="runtime_build"
2026-09-09T20:35:13.860117Z DEBUG transparent_shard_server::runtime: runtime stage key=("73d46a59d0d03d7616f9a47e53b50448d4c5a3504e6e296600d8884c8c4403b8", Pages, 0) seconds=3.716929753 stage="build_slot"
2026-09-09T20:35:13.860140Z DEBUG transparent_shard_server::runtime: runtime stage key=("b16be2933ab920bc4745ea8917e5167a7a685c211e0b4febe88b4d3018f970bc", Pages, 0) seconds=8.07e-7 stage="restore_slot"
2026-09-09T20:35:13.860190Z DEBUG transparent_shard_server::memory: cold build admission wait seconds=6.0535e-5 admitted=true
2026-09-09T20:35:13.860269Z DEBUG transparent_shard_server::runtime: runtime stage key=("b16be2933ab920bc4745ea8917e5167a7a685c211e0b4febe88b4d3018f970bc", Pages, 0) seconds=2.6155e-5 hit=false stage="disk_restore"
2026-09-09T20:35:13.992259Z DEBUG transparent_shard_server::runtime: runtime stage key=("73d46a59d0d03d7616f9a47e53b50448d4c5a3504e6e296600d8884c8c4403b8", Directory, 0) seconds=0.135280748 stage="source_load"
2026-09-09T20:35:13.994894Z DEBUG transparent_shard_server::runtime: runtime stage key=("73d46a59d0d03d7616f9a47e53b50448d4c5a3504e6e296600d8884c8c4403b8", Pages, 0) seconds=0.134684755 stage="source_load"
2026-09-09T20:35:14.281270Z DEBUG transparent_shard_server::runtime: construction stage geometry="recent-8k" table="directory" seconds=0.288983144 stage="encode_database"
2026-09-09T20:35:14.281365Z DEBUG transparent_shard_server::runtime: construction stage geometry="recent-8k" table="directory" seconds=6.7536e-5 stage="public_setup"
2026-09-09T20:35:14.283343Z DEBUG transparent_shard_server::runtime: construction stage geometry="recent-8k" table="pages" seconds=0.288425307 stage="encode_database"
2026-09-09T20:35:14.283435Z DEBUG transparent_shard_server::runtime: construction stage geometry="recent-8k" table="pages" seconds=7.2604e-5 stage="public_setup"
2026-09-09T20:35:14.579627Z DEBUG transparent_shard_server::runtime: runtime stage key=("95df7205357fe2d9c962d2b41daded841e05afa7b6fc8d06dfec46ad04e15335", Directory, 0) seconds=0.722769468 stage="disk_save"
2026-09-09T20:35:15.518708Z DEBUG transparent_shard_server::runtime: construction stage geometry="recent-8k" table="pages" seconds=1.235267335 stage="hint_columns"
2026-09-09T20:35:15.522384Z DEBUG transparent_shard_server::runtime: construction stage geometry="recent-8k" table="directory" seconds=1.241004329 stage="hint_columns"
2026-09-09T20:35:15.774734Z DEBUG transparent_shard_server::runtime: runtime stage key=("95df7205357fe2d9c962d2b41daded841e05afa7b6fc8d06dfec46ad04e15335", Pages, 0) seconds=1.914650218 stage="disk_save"
2026-09-09T20:35:17.675031Z DEBUG transparent_shard_server::runtime: construction stage geometry="recent-8k" table="directory" seconds=2.152627126 stage="pack_preprocessing"
2026-09-09T20:35:17.675314Z DEBUG transparent_shard_server::runtime: construction stage geometry="recent-8k" table="directory" seconds=0.0002445 stage="publish_parameters"
2026-09-09T20:35:17.675906Z DEBUG transparent_shard_server::runtime: runtime stage key=("73d46a59d0d03d7616f9a47e53b50448d4c5a3504e6e296600d8884c8c4403b8", Directory, 0) seconds=3.683620582 stage="runtime_build"
2026-09-09T20:35:17.675960Z DEBUG transparent_shard_server::runtime: runtime stage key=("b16be2933ab920bc4745ea8917e5167a7a685c211e0b4febe88b4d3018f970bc", Directory, 0) seconds=3.818906075 stage="build_slot"
2026-09-09T20:35:17.676062Z DEBUG transparent_shard_server::memory: cold build admission wait seconds=7.4489e-5 admitted=true
2026-09-09T20:35:17.676188Z DEBUG transparent_shard_server::runtime: runtime stage key=("16b8227360ce35dd2e111156f5e31fd5eb500ff877879a212fef6cf8471de8a5", Directory, 0) seconds=8.45e-7 stage="restore_slot"
2026-09-09T20:35:17.676317Z DEBUG transparent_shard_server::runtime: runtime stage key=("16b8227360ce35dd2e111156f5e31fd5eb500ff877879a212fef6cf8471de8a5", Directory, 0) seconds=3.2291e-5 hit=false stage="disk_restore"
2026-09-09T20:35:17.823847Z DEBUG transparent_shard_server::runtime: runtime stage key=("b16be2933ab920bc4745ea8917e5167a7a685c211e0b4febe88b4d3018f970bc", Directory, 0) seconds=0.141675514 stage="source_load"
2026-09-09T20:35:18.125082Z DEBUG transparent_shard_server::runtime: construction stage geometry="recent-8k" table="directory" seconds=0.301202934 stage="encode_database"
2026-09-09T20:35:18.125170Z DEBUG transparent_shard_server::runtime: construction stage geometry="recent-8k" table="directory" seconds=6.205e-5 stage="public_setup"
2026-09-09T20:35:18.393355Z DEBUG transparent_shard_server::runtime: runtime stage key=("73d46a59d0d03d7616f9a47e53b50448d4c5a3504e6e296600d8884c8c4403b8", Directory, 0) seconds=0.717271681 stage="disk_save"
2026-09-09T20:35:18.683666Z DEBUG transparent_shard_server::runtime: construction stage geometry="recent-8k" table="pages" seconds=3.164925055 stage="pack_preprocessing"
2026-09-09T20:35:18.683998Z DEBUG transparent_shard_server::runtime: construction stage geometry="recent-8k" table="pages" seconds=0.000296053 stage="publish_parameters"
2026-09-09T20:35:18.685544Z DEBUG transparent_shard_server::runtime: runtime stage key=("73d46a59d0d03d7616f9a47e53b50448d4c5a3504e6e296600d8884c8c4403b8", Pages, 0) seconds=4.690626765 stage="runtime_build"
2026-09-09T20:35:18.685618Z DEBUG transparent_shard_server::runtime: runtime stage key=("b16be2933ab920bc4745ea8917e5167a7a685c211e0b4febe88b4d3018f970bc", Pages, 0) seconds=4.825337499 stage="build_slot"
2026-09-09T20:35:18.685700Z DEBUG transparent_shard_server::memory: cold build admission wait seconds=7.0755e-5 admitted=true
2026-09-09T20:35:18.690209Z DEBUG transparent_shard_server::runtime: runtime stage key=("16b8227360ce35dd2e111156f5e31fd5eb500ff877879a212fef6cf8471de8a5", Pages, 0) seconds=1.2e-6 stage="restore_slot"
2026-09-09T20:35:18.693269Z DEBUG transparent_shard_server::runtime: runtime stage key=("16b8227360ce35dd2e111156f5e31fd5eb500ff877879a212fef6cf8471de8a5", Pages, 0) seconds=3.0176e-5 hit=false stage="disk_restore"
2026-09-09T20:35:18.969209Z DEBUG transparent_shard_server::runtime: construction stage geometry="recent-8k" table="directory" seconds=0.844025431 stage="hint_columns"
2026-09-09T20:35:19.013395Z DEBUG transparent_shard_server::runtime: runtime stage key=("b16be2933ab920bc4745ea8917e5167a7a685c211e0b4febe88b4d3018f970bc", Pages, 0) seconds=0.323110182 stage="source_load"
2026-09-09T20:35:19.310649Z DEBUG transparent_shard_server::runtime: construction stage geometry="recent-8k" table="pages" seconds=0.29722518 stage="encode_database"
2026-09-09T20:35:19.310748Z DEBUG transparent_shard_server::runtime: construction stage geometry="recent-8k" table="pages" seconds=7.3727e-5 stage="public_setup"
2026-09-09T20:35:19.584664Z DEBUG transparent_shard_server::runtime: runtime stage key=("73d46a59d0d03d7616f9a47e53b50448d4c5a3504e6e296600d8884c8c4403b8", Pages, 0) seconds=0.897474284 stage="disk_save"
2026-09-09T20:35:20.098897Z DEBUG transparent_shard_server::runtime: construction stage geometry="recent-8k" table="pages" seconds=0.788143088 stage="hint_columns"
2026-09-09T20:35:21.259820Z DEBUG transparent_shard_server::runtime: construction stage geometry="recent-8k" table="directory" seconds=2.290587389 stage="pack_preprocessing"
2026-09-09T20:35:21.260129Z DEBUG transparent_shard_server::runtime: construction stage geometry="recent-8k" table="directory" seconds=0.000263937 stage="publish_parameters"
2026-09-09T20:35:21.260738Z DEBUG transparent_shard_server::runtime: runtime stage key=("b16be2933ab920bc4745ea8917e5167a7a685c211e0b4febe88b4d3018f970bc", Directory, 0) seconds=3.436860407 stage="runtime_build"
2026-09-09T20:35:21.260950Z DEBUG transparent_shard_server::runtime: runtime stage key=("16b8227360ce35dd2e111156f5e31fd5eb500ff877879a212fef6cf8471de8a5", Directory, 0) seconds=3.581760954 stage="build_slot"
2026-09-09T20:35:21.260974Z DEBUG transparent_shard_server::runtime: runtime stage key=("1cd27964911287b2a127c1f8df5e6b0c19f5b4db309391c5adb2db3072bfec6e", Directory, 0) seconds=9.81e-7 stage="restore_slot"
2026-09-09T20:35:21.261061Z DEBUG transparent_shard_server::memory: cold build admission wait seconds=8.9713e-5 admitted=true
2026-09-09T20:35:21.261108Z DEBUG transparent_shard_server::runtime: runtime stage key=("1cd27964911287b2a127c1f8df5e6b0c19f5b4db309391c5adb2db3072bfec6e", Directory, 0) seconds=3.2937e-5 hit=false stage="disk_restore"
2026-09-09T20:35:21.450775Z DEBUG transparent_shard_server::runtime: runtime stage key=("16b8227360ce35dd2e111156f5e31fd5eb500ff877879a212fef6cf8471de8a5", Directory, 0) seconds=0.189693358 stage="source_load"
2026-09-09T20:35:21.741542Z DEBUG transparent_shard_server::runtime: construction stage geometry="recent-8k" table="directory" seconds=0.290732421 stage="encode_database"
2026-09-09T20:35:21.741650Z DEBUG transparent_shard_server::runtime: construction stage geometry="recent-8k" table="directory" seconds=7.2788e-5 stage="public_setup"
2026-09-09T20:35:22.214240Z DEBUG transparent_shard_server::runtime: runtime stage key=("b16be2933ab920bc4745ea8917e5167a7a685c211e0b4febe88b4d3018f970bc", Directory, 0) seconds=0.953419596 stage="disk_save"
2026-09-09T20:35:22.578457Z DEBUG transparent_shard_server::runtime: construction stage geometry="recent-8k" table="directory" seconds=0.83679979 stage="hint_columns"
2026-09-09T20:35:22.580978Z DEBUG transparent_shard_server::runtime: construction stage geometry="recent-8k" table="pages" seconds=2.482042501 stage="pack_preprocessing"
2026-09-09T20:35:22.581275Z DEBUG transparent_shard_server::runtime: construction stage geometry="recent-8k" table="pages" seconds=0.000263475 stage="publish_parameters"
2026-09-09T20:35:22.581891Z DEBUG transparent_shard_server::runtime: runtime stage key=("b16be2933ab920bc4745ea8917e5167a7a685c211e0b4febe88b4d3018f970bc", Pages, 0) seconds=3.568469468 stage="runtime_build"
2026-09-09T20:35:22.581948Z DEBUG transparent_shard_server::runtime: runtime stage key=("16b8227360ce35dd2e111156f5e31fd5eb500ff877879a212fef6cf8471de8a5", Pages, 0) seconds=3.888162748 stage="build_slot"
2026-09-09T20:35:22.582049Z DEBUG transparent_shard_server::memory: cold build admission wait seconds=8.4145e-5 admitted=true
2026-09-09T20:35:22.582073Z DEBUG transparent_shard_server::runtime: runtime stage key=("1cd27964911287b2a127c1f8df5e6b0c19f5b4db309391c5adb2db3072bfec6e", Pages, 0) seconds=5.27e-7 stage="restore_slot"
2026-09-09T20:35:22.582238Z DEBUG transparent_shard_server::runtime: runtime stage key=("1cd27964911287b2a127c1f8df5e6b0c19f5b4db309391c5adb2db3072bfec6e", Pages, 0) seconds=3.3334e-5 hit=false stage="disk_restore"
2026-09-09T20:35:22.719903Z DEBUG transparent_shard_server::runtime: runtime stage key=("16b8227360ce35dd2e111156f5e31fd5eb500ff877879a212fef6cf8471de8a5", Pages, 0) seconds=0.137825553 stage="source_load"
2026-09-09T20:35:23.014523Z DEBUG transparent_shard_server::runtime: construction stage geometry="recent-8k" table="pages" seconds=0.294577552 stage="encode_database"
2026-09-09T20:35:23.014633Z DEBUG transparent_shard_server::runtime: construction stage geometry="recent-8k" table="pages" seconds=7.5144e-5 stage="public_setup"
2026-09-09T20:35:23.474882Z DEBUG transparent_shard_server::runtime: runtime stage key=("b16be2933ab920bc4745ea8917e5167a7a685c211e0b4febe88b4d3018f970bc", Pages, 0) seconds=0.892921502 stage="disk_save"
2026-09-09T20:35:23.798508Z DEBUG transparent_shard_server::runtime: construction stage geometry="recent-8k" table="pages" seconds=0.783868323 stage="hint_columns"
2026-09-09T20:35:24.946944Z DEBUG transparent_shard_server::runtime: construction stage geometry="recent-8k" table="directory" seconds=2.368442458 stage="pack_preprocessing"
2026-09-09T20:35:24.947264Z DEBUG transparent_shard_server::runtime: construction stage geometry="recent-8k" table="directory" seconds=0.000280309 stage="publish_parameters"
2026-09-09T20:35:24.947865Z DEBUG transparent_shard_server::runtime: runtime stage key=("16b8227360ce35dd2e111156f5e31fd5eb500ff877879a212fef6cf8471de8a5", Directory, 0) seconds=3.497057586 stage="runtime_build"
2026-09-09T20:35:24.947903Z DEBUG transparent_shard_server::runtime: runtime stage key=("1cd27964911287b2a127c1f8df5e6b0c19f5b4db309391c5adb2db3072bfec6e", Directory, 0) seconds=3.68676664 stage="build_slot"
2026-09-09T20:35:24.947986Z DEBUG transparent_shard_server::memory: cold build admission wait seconds=7.8625e-5 admitted=true
2026-09-09T20:35:24.950257Z DEBUG transparent_shard_server::runtime: runtime stage key=("27f56c565263ecffb8c7736d4e811665d81bf4ed71c7978431fcc4f45b645ee1", Directory, 0) seconds=1.425e-6 stage="restore_slot"
2026-09-09T20:35:24.950377Z DEBUG transparent_shard_server::runtime: runtime stage key=("27f56c565263ecffb8c7736d4e811665d81bf4ed71c7978431fcc4f45b645ee1", Directory, 0) seconds=2.3677e-5 hit=false stage="disk_restore"
2026-09-09T20:35:25.151836Z DEBUG transparent_shard_server::runtime: runtime stage key=("1cd27964911287b2a127c1f8df5e6b0c19f5b4db309391c5adb2db3072bfec6e", Directory, 0) seconds=0.203825241 stage="source_load"
2026-09-09T20:35:25.451804Z DEBUG transparent_shard_server::runtime: construction stage geometry="recent-8k" table="directory" seconds=0.299931037 stage="encode_database"
2026-09-09T20:35:25.451909Z DEBUG transparent_shard_server::runtime: construction stage geometry="recent-8k" table="directory" seconds=7.3369e-5 stage="public_setup"
2026-09-09T20:35:25.670194Z DEBUG transparent_shard_server::runtime: runtime stage key=("16b8227360ce35dd2e111156f5e31fd5eb500ff877879a212fef6cf8471de8a5", Directory, 0) seconds=0.722172675 stage="disk_save"
2026-09-09T20:35:26.275800Z DEBUG transparent_shard_server::runtime: construction stage geometry="recent-8k" table="pages" seconds=2.477247969 stage="pack_preprocessing"
2026-09-09T20:35:26.276116Z DEBUG transparent_shard_server::runtime: construction stage geometry="recent-8k" table="pages" seconds=0.000264894 stage="publish_parameters"
2026-09-09T20:35:26.281642Z DEBUG transparent_shard_server::runtime: runtime stage key=("16b8227360ce35dd2e111156f5e31fd5eb500ff877879a212fef6cf8471de8a5", Pages, 0) seconds=3.561697238 stage="runtime_build"
2026-09-09T20:35:26.281724Z DEBUG transparent_shard_server::runtime: runtime stage key=("1cd27964911287b2a127c1f8df5e6b0c19f5b4db309391c5adb2db3072bfec6e", Pages, 0) seconds=3.696538438 stage="build_slot"
2026-09-09T20:35:26.281835Z DEBUG transparent_shard_server::memory: cold build admission wait seconds=9.1322e-5 admitted=true
2026-09-09T20:35:26.281858Z DEBUG transparent_shard_server::runtime: runtime stage key=("27f56c565263ecffb8c7736d4e811665d81bf4ed71c7978431fcc4f45b645ee1", Pages, 0) seconds=4.71e-7 stage="restore_slot"
2026-09-09T20:35:26.281968Z DEBUG transparent_shard_server::runtime: runtime stage key=("27f56c565263ecffb8c7736d4e811665d81bf4ed71c7978431fcc4f45b645ee1", Pages, 0) seconds=2.8354e-5 hit=false stage="disk_restore"
2026-09-09T20:35:26.291205Z DEBUG transparent_shard_server::runtime: construction stage geometry="recent-8k" table="directory" seconds=0.839291543 stage="hint_columns"
2026-09-09T20:35:26.418633Z DEBUG transparent_shard_server::runtime: runtime stage key=("1cd27964911287b2a127c1f8df5e6b0c19f5b4db309391c5adb2db3072bfec6e", Pages, 0) seconds=0.136758179 stage="source_load"
2026-09-09T20:35:26.706957Z DEBUG transparent_shard_server::runtime: construction stage geometry="recent-8k" table="pages" seconds=0.288294419 stage="encode_database"
2026-09-09T20:35:26.707055Z DEBUG transparent_shard_server::runtime: construction stage geometry="recent-8k" table="pages" seconds=6.5889e-5 stage="public_setup"
2026-09-09T20:35:27.029708Z DEBUG transparent_shard_server::runtime: runtime stage key=("16b8227360ce35dd2e111156f5e31fd5eb500ff877879a212fef6cf8471de8a5", Pages, 0) seconds=0.747987097 stage="disk_save"
2026-09-09T20:35:27.500071Z DEBUG transparent_shard_server::runtime: construction stage geometry="recent-8k" table="pages" seconds=0.7930085 stage="hint_columns"
2026-09-09T20:35:28.611558Z DEBUG transparent_shard_server::runtime: construction stage geometry="recent-8k" table="directory" seconds=2.32033129 stage="pack_preprocessing"
2026-09-09T20:35:28.611886Z DEBUG transparent_shard_server::runtime: construction stage geometry="recent-8k" table="directory" seconds=0.000289579 stage="publish_parameters"
2026-09-09T20:35:28.612405Z DEBUG transparent_shard_server::runtime: runtime stage key=("1cd27964911287b2a127c1f8df5e6b0c19f5b4db309391c5adb2db3072bfec6e", Directory, 0) seconds=3.46053501 stage="runtime_build"
2026-09-09T20:35:28.612450Z DEBUG transparent_shard_server::runtime: runtime stage key=("27f56c565263ecffb8c7736d4e811665d81bf4ed71c7978431fcc4f45b645ee1", Directory, 0) seconds=3.662038161 stage="build_slot"
2026-09-09T20:35:28.612533Z DEBUG transparent_shard_server::memory: cold build admission wait seconds=7.7794e-5 admitted=true
2026-09-09T20:35:28.612554Z DEBUG transparent_shard_server::runtime: runtime stage key=("ced665ae1f1140944bcd0c9aa2b83c1019df768df87fa513f9509106fc5b88c1", Directory, 0) seconds=8.51e-7 stage="restore_slot"
2026-09-09T20:35:28.612621Z DEBUG transparent_shard_server::runtime: runtime stage key=("ced665ae1f1140944bcd0c9aa2b83c1019df768df87fa513f9509106fc5b88c1", Directory, 0) seconds=2.3894e-5 hit=false stage="disk_restore"
2026-09-09T20:35:28.795083Z DEBUG transparent_shard_server::runtime: runtime stage key=("27f56c565263ecffb8c7736d4e811665d81bf4ed71c7978431fcc4f45b645ee1", Directory, 0) seconds=0.182526781 stage="source_load"
2026-09-09T20:35:29.087196Z DEBUG transparent_shard_server::runtime: construction stage geometry="recent-8k" table="directory" seconds=0.292083927 stage="encode_database"
2026-09-09T20:35:29.087289Z DEBUG transparent_shard_server::runtime: construction stage geometry="recent-8k" table="directory" seconds=6.6671e-5 stage="public_setup"
2026-09-09T20:35:29.592088Z DEBUG transparent_shard_server::runtime: runtime stage key=("1cd27964911287b2a127c1f8df5e6b0c19f5b4db309391c5adb2db3072bfec6e", Directory, 0) seconds=0.979634176 stage="disk_save"
2026-09-09T20:35:29.656318Z DEBUG transparent_shard_server::runtime: construction stage geometry="recent-8k" table="pages" seconds=2.156204443 stage="pack_preprocessing"
2026-09-09T20:35:29.656616Z DEBUG transparent_shard_server::runtime: construction stage geometry="recent-8k" table="pages" seconds=0.000263262 stage="publish_parameters"
2026-09-09T20:35:29.662212Z DEBUG transparent_shard_server::runtime: runtime stage key=("1cd27964911287b2a127c1f8df5e6b0c19f5b4db309391c5adb2db3072bfec6e", Pages, 0) seconds=3.243551346 stage="runtime_build"
2026-09-09T20:35:29.664211Z DEBUG transparent_shard_server::runtime: runtime stage key=("27f56c565263ecffb8c7736d4e811665d81bf4ed71c7978431fcc4f45b645ee1", Pages, 0) seconds=3.382210363 stage="build_slot"
2026-09-09T20:35:29.664308Z DEBUG transparent_shard_server::memory: cold build admission wait seconds=7.2688e-5 admitted=true
2026-09-09T20:35:29.664330Z DEBUG transparent_shard_server::runtime: runtime stage key=("ced665ae1f1140944bcd0c9aa2b83c1019df768df87fa513f9509106fc5b88c1", Pages, 0) seconds=4.47e-7 stage="restore_slot"
2026-09-09T20:35:29.666159Z DEBUG transparent_shard_server::runtime: runtime stage key=("ced665ae1f1140944bcd0c9aa2b83c1019df768df87fa513f9509106fc5b88c1", Pages, 0) seconds=3.4125e-5 hit=false stage="disk_restore"
2026-09-09T20:35:29.931468Z DEBUG transparent_shard_server::runtime: runtime stage key=("27f56c565263ecffb8c7736d4e811665d81bf4ed71c7978431fcc4f45b645ee1", Pages, 0) seconds=0.267104518 stage="source_load"
2026-09-09T20:35:30.046248Z DEBUG transparent_shard_server::runtime: construction stage geometry="recent-8k" table="directory" seconds=0.958940703 stage="hint_columns"
2026-09-09T20:35:30.285643Z DEBUG transparent_shard_server::runtime: construction stage geometry="recent-8k" table="pages" seconds=0.354145634 stage="encode_database"
2026-09-09T20:35:30.285767Z DEBUG transparent_shard_server::runtime: construction stage geometry="recent-8k" table="pages" seconds=8.3425e-5 stage="public_setup"
2026-09-09T20:35:30.556217Z DEBUG transparent_shard_server::runtime: runtime stage key=("1cd27964911287b2a127c1f8df5e6b0c19f5b4db309391c5adb2db3072bfec6e", Pages, 0) seconds=0.89201447 stage="disk_save"
2026-09-09T20:35:31.098206Z DEBUG transparent_shard_server::runtime: construction stage geometry="recent-8k" table="pages" seconds=0.812433678 stage="hint_columns"
2026-09-09T20:35:32.230843Z DEBUG transparent_shard_server::runtime: construction stage geometry="recent-8k" table="directory" seconds=2.1845673469999998 stage="pack_preprocessing"
2026-09-09T20:35:32.231170Z DEBUG transparent_shard_server::runtime: construction stage geometry="recent-8k" table="directory" seconds=0.0002822 stage="publish_parameters"
2026-09-09T20:35:32.231780Z DEBUG transparent_shard_server::runtime: runtime stage key=("27f56c565263ecffb8c7736d4e811665d81bf4ed71c7978431fcc4f45b645ee1", Directory, 0) seconds=3.436669932 stage="runtime_build"
2026-09-09T20:35:32.231866Z DEBUG transparent_shard_server::runtime: runtime stage key=("2d4497bf9e8bafc6139ee4e57114238a7ecfa0782702939922bf2a79b1fe05bf", Directory, 0) seconds=1.437e-6 stage="restore_slot"
2026-09-09T20:35:32.231979Z DEBUG transparent_shard_server::runtime: runtime stage key=("ced665ae1f1140944bcd0c9aa2b83c1019df768df87fa513f9509106fc5b88c1", Directory, 0) seconds=3.618781351 stage="build_slot"
2026-09-09T20:35:32.232011Z DEBUG transparent_shard_server::memory: cold build admission wait seconds=2.4415e-5 admitted=true
2026-09-09T20:35:32.232014Z DEBUG transparent_shard_server::runtime: runtime stage key=("2d4497bf9e8bafc6139ee4e57114238a7ecfa0782702939922bf2a79b1fe05bf", Directory, 0) seconds=3.2897e-5 hit=false stage="disk_restore"
2026-09-09T20:35:32.374912Z DEBUG transparent_shard_server::runtime: runtime stage key=("ced665ae1f1140944bcd0c9aa2b83c1019df768df87fa513f9509106fc5b88c1", Directory, 0) seconds=0.142867965 stage="source_load"
2026-09-09T20:35:32.667102Z DEBUG transparent_shard_server::runtime: construction stage geometry="recent-8k" table="directory" seconds=0.292135421 stage="encode_database"
2026-09-09T20:35:32.667220Z DEBUG transparent_shard_server::runtime: construction stage geometry="recent-8k" table="directory" seconds=8.0136e-5 stage="public_setup"
2026-09-09T20:35:33.352336Z DEBUG transparent_shard_server::runtime: runtime stage key=("27f56c565263ecffb8c7736d4e811665d81bf4ed71c7978431fcc4f45b645ee1", Directory, 0) seconds=1.120504496 stage="disk_save"
2026-09-09T20:35:33.603154Z DEBUG transparent_shard_server::runtime: construction stage geometry="recent-8k" table="directory" seconds=0.935908945 stage="hint_columns"
2026-09-09T20:35:33.605581Z DEBUG transparent_shard_server::runtime: construction stage geometry="recent-8k" table="pages" seconds=2.50733598 stage="pack_preprocessing"
2026-09-09T20:35:33.605846Z DEBUG transparent_shard_server::runtime: construction stage geometry="recent-8k" table="pages" seconds=0.000239006 stage="publish_parameters"
2026-09-09T20:35:33.606404Z DEBUG transparent_shard_server::runtime: runtime stage key=("27f56c565263ecffb8c7736d4e811665d81bf4ed71c7978431fcc4f45b645ee1", Pages, 0) seconds=3.674909383 stage="runtime_build"
2026-09-09T20:35:33.606474Z DEBUG transparent_shard_server::runtime: runtime stage key=("2d4497bf9e8bafc6139ee4e57114238a7ecfa0782702939922bf2a79b1fe05bf", Pages, 0) seconds=1.557e-6 stage="restore_slot"
2026-09-09T20:35:33.606572Z DEBUG transparent_shard_server::runtime: runtime stage key=("ced665ae1f1140944bcd0c9aa2b83c1019df768df87fa513f9509106fc5b88c1", Pages, 0) seconds=3.940127996 stage="build_slot"
2026-09-09T20:35:33.606600Z DEBUG transparent_shard_server::memory: cold build admission wait seconds=2.246e-5 admitted=true
2026-09-09T20:35:33.606639Z DEBUG transparent_shard_server::runtime: runtime stage key=("2d4497bf9e8bafc6139ee4e57114238a7ecfa0782702939922bf2a79b1fe05bf", Pages, 0) seconds=2.5382e-5 hit=false stage="disk_restore"
2026-09-09T20:35:33.757321Z DEBUG transparent_shard_server::runtime: runtime stage key=("ced665ae1f1140944bcd0c9aa2b83c1019df768df87fa513f9509106fc5b88c1", Pages, 0) seconds=0.150660924 stage="source_load"
2026-09-09T20:35:34.059195Z DEBUG transparent_shard_server::runtime: construction stage geometry="recent-8k" table="pages" seconds=0.30183473 stage="encode_database"
2026-09-09T20:35:34.059302Z DEBUG transparent_shard_server::runtime: construction stage geometry="recent-8k" table="pages" seconds=7.5586e-5 stage="public_setup"
2026-09-09T20:35:34.528657Z DEBUG transparent_shard_server::runtime: runtime stage key=("27f56c565263ecffb8c7736d4e811665d81bf4ed71c7978431fcc4f45b645ee1", Pages, 0) seconds=0.922206483 stage="disk_save"
2026-09-09T20:35:34.837215Z DEBUG transparent_shard_server::runtime: construction stage geometry="recent-8k" table="pages" seconds=0.77790767 stage="hint_columns"
2026-09-09T20:35:35.973689Z DEBUG transparent_shard_server::runtime: construction stage geometry="recent-8k" table="directory" seconds=2.370474361 stage="pack_preprocessing"
2026-09-09T20:35:35.973993Z DEBUG transparent_shard_server::runtime: construction stage geometry="recent-8k" table="directory" seconds=0.000263748 stage="publish_parameters"
2026-09-09T20:35:35.974604Z DEBUG transparent_shard_server::runtime: runtime stage key=("ced665ae1f1140944bcd0c9aa2b83c1019df768df87fa513f9509106fc5b88c1", Directory, 0) seconds=3.599640561 stage="runtime_build"
2026-09-09T20:35:35.974687Z DEBUG transparent_shard_server::runtime: runtime stage key=("a4bd72b37c0aafb265c77bb09cbc402cf69b65a87a1fabc8a0f12614b35469be", Directory, 0) seconds=2.235e-6 stage="restore_slot"
2026-09-09T20:35:35.974800Z DEBUG transparent_shard_server::runtime: runtime stage key=("2d4497bf9e8bafc6139ee4e57114238a7ecfa0782702939922bf2a79b1fe05bf", Directory, 0) seconds=3.74274164 stage="build_slot"
2026-09-09T20:35:35.974831Z DEBUG transparent_shard_server::memory: cold build admission wait seconds=2.5188e-5 admitted=true
2026-09-09T20:35:35.974850Z DEBUG transparent_shard_server::runtime: runtime stage key=("a4bd72b37c0aafb265c77bb09cbc402cf69b65a87a1fabc8a0f12614b35469be", Directory, 0) seconds=5.1019e-5 hit=false stage="disk_restore"
2026-09-09T20:35:36.164629Z DEBUG transparent_shard_server::runtime: runtime stage key=("2d4497bf9e8bafc6139ee4e57114238a7ecfa0782702939922bf2a79b1fe05bf", Directory, 0) seconds=0.189749783 stage="source_load"
2026-09-09T20:35:36.459125Z DEBUG transparent_shard_server::runtime: construction stage geometry="recent-8k" table="directory" seconds=0.294460372 stage="encode_database"
2026-09-09T20:35:36.459270Z DEBUG transparent_shard_server::runtime: construction stage geometry="recent-8k" table="directory" seconds=0.000113681 stage="public_setup"
2026-09-09T20:35:36.943801Z DEBUG transparent_shard_server::runtime: runtime stage key=("ced665ae1f1140944bcd0c9aa2b83c1019df768df87fa513f9509106fc5b88c1", Directory, 0) seconds=0.969132482 stage="disk_save"
2026-09-09T20:35:37.016910Z DEBUG transparent_shard_server::runtime: construction stage geometry="recent-8k" table="pages" seconds=2.179652609 stage="pack_preprocessing"
2026-09-09T20:35:37.017205Z DEBUG transparent_shard_server::runtime: construction stage geometry="recent-8k" table="pages" seconds=0.000256941 stage="publish_parameters"
2026-09-09T20:35:37.017772Z DEBUG transparent_shard_server::runtime: runtime stage key=("ced665ae1f1140944bcd0c9aa2b83c1019df768df87fa513f9509106fc5b88c1", Pages, 0) seconds=3.260414899 stage="runtime_build"
2026-09-09T20:35:37.020202Z DEBUG transparent_shard_server::runtime: runtime stage key=("2d4497bf9e8bafc6139ee4e57114238a7ecfa0782702939922bf2a79b1fe05bf", Pages, 0) seconds=3.413528215 stage="build_slot"
2026-09-09T20:35:37.020293Z DEBUG transparent_shard_server::memory: cold build admission wait seconds=6.8481e-5 admitted=true
2026-09-09T20:35:37.020318Z DEBUG transparent_shard_server::runtime: runtime stage key=("a4bd72b37c0aafb265c77bb09cbc402cf69b65a87a1fabc8a0f12614b35469be", Pages, 0) seconds=8.99e-7 stage="restore_slot"
2026-09-09T20:35:37.020405Z DEBUG transparent_shard_server::runtime: runtime stage key=("a4bd72b37c0aafb265c77bb09cbc402cf69b65a87a1fabc8a0f12614b35469be", Pages, 0) seconds=2.5728e-5 hit=false stage="disk_restore"
2026-09-09T20:35:37.281457Z DEBUG transparent_shard_server::runtime: runtime stage key=("2d4497bf9e8bafc6139ee4e57114238a7ecfa0782702939922bf2a79b1fe05bf", Pages, 0) seconds=0.261138752 stage="source_load"
2026-09-09T20:35:37.397231Z DEBUG transparent_shard_server::runtime: construction stage geometry="recent-8k" table="directory" seconds=0.937949583 stage="hint_columns"
2026-09-09T20:35:37.622046Z DEBUG transparent_shard_server::runtime: construction stage geometry="recent-8k" table="pages" seconds=0.340561544 stage="encode_database"
2026-09-09T20:35:37.622140Z DEBUG transparent_shard_server::runtime: construction stage geometry="recent-8k" table="pages" seconds=6.8983e-5 stage="public_setup"
2026-09-09T20:35:37.951210Z DEBUG transparent_shard_server::runtime: runtime stage key=("ced665ae1f1140944bcd0c9aa2b83c1019df768df87fa513f9509106fc5b88c1", Pages, 0) seconds=0.932978114 stage="disk_save"
2026-09-09T20:35:38.461396Z DEBUG transparent_shard_server::runtime: construction stage geometry="recent-8k" table="pages" seconds=0.839249664 stage="hint_columns"
2026-09-09T20:35:39.604214Z DEBUG transparent_shard_server::runtime: construction stage geometry="recent-8k" table="directory" seconds=2.206959911 stage="pack_preprocessing"
2026-09-09T20:35:39.604518Z DEBUG transparent_shard_server::runtime: construction stage geometry="recent-8k" table="directory" seconds=0.000263842 stage="publish_parameters"
2026-09-09T20:35:39.605085Z DEBUG transparent_shard_server::runtime: runtime stage key=("2d4497bf9e8bafc6139ee4e57114238a7ecfa0782702939922bf2a79b1fe05bf", Directory, 0) seconds=3.440423217 stage="runtime_build"
2026-09-09T20:35:39.605154Z DEBUG transparent_shard_server::runtime: runtime stage key=("c907a0aa45b2551520863990845279fd25135889865e088c2dad6ea0d32b8fde", Directory, 0) seconds=1.607e-6 stage="restore_slot"
2026-09-09T20:35:39.605272Z DEBUG transparent_shard_server::runtime: runtime stage key=("a4bd72b37c0aafb265c77bb09cbc402cf69b65a87a1fabc8a0f12614b35469be", Directory, 0) seconds=3.630379554 stage="build_slot"
2026-09-09T20:35:39.605313Z DEBUG transparent_shard_server::memory: cold build admission wait seconds=2.3441e-5 admitted=true
2026-09-09T20:35:39.605310Z DEBUG transparent_shard_server::runtime: runtime stage key=("c907a0aa45b2551520863990845279fd25135889865e088c2dad6ea0d32b8fde", Directory, 0) seconds=3.1398e-5 hit=false stage="disk_restore"
2026-09-09T20:35:39.797369Z DEBUG transparent_shard_server::runtime: runtime stage key=("a4bd72b37c0aafb265c77bb09cbc402cf69b65a87a1fabc8a0f12614b35469be", Directory, 0) seconds=0.192038914 stage="source_load"
2026-09-09T20:35:40.096383Z DEBUG transparent_shard_server::runtime: construction stage geometry="recent-8k" table="directory" seconds=0.298983338 stage="encode_database"
2026-09-09T20:35:40.096481Z DEBUG transparent_shard_server::runtime: construction stage geometry="recent-8k" table="directory" seconds=7.2369e-5 stage="public_setup"
2026-09-09T20:35:40.322249Z DEBUG transparent_shard_server::runtime: runtime stage key=("2d4497bf9e8bafc6139ee4e57114238a7ecfa0782702939922bf2a79b1fe05bf", Directory, 0) seconds=0.717115961 stage="disk_save"
2026-09-09T20:35:40.907151Z DEBUG transparent_shard_server::runtime: construction stage geometry="recent-8k" table="directory" seconds=0.810664092 stage="hint_columns"
2026-09-09T20:35:40.909609Z DEBUG transparent_shard_server::runtime: construction stage geometry="recent-8k" table="pages" seconds=2.448173417 stage="pack_preprocessing"
2026-09-09T20:35:40.909880Z DEBUG transparent_shard_server::runtime: construction stage geometry="recent-8k" table="pages" seconds=0.000244299 stage="publish_parameters"
2026-09-09T20:35:40.910402Z DEBUG transparent_shard_server::runtime: runtime stage key=("2d4497bf9e8bafc6139ee4e57114238a7ecfa0782702939922bf2a79b1fe05bf", Pages, 0) seconds=3.628919924 stage="runtime_build"
2026-09-09T20:35:40.910443Z DEBUG transparent_shard_server::runtime: runtime stage key=("a4bd72b37c0aafb265c77bb09cbc402cf69b65a87a1fabc8a0f12614b35469be", Pages, 0) seconds=3.890013536 stage="build_slot"
2026-09-09T20:35:40.910518Z DEBUG transparent_shard_server::memory: cold build admission wait seconds=7.0787e-5 admitted=true
2026-09-09T20:35:40.910538Z DEBUG transparent_shard_server::runtime: runtime stage key=("c907a0aa45b2551520863990845279fd25135889865e088c2dad6ea0d32b8fde", Pages, 0) seconds=4.63e-7 stage="restore_slot"
2026-09-09T20:35:40.910598Z DEBUG transparent_shard_server::runtime: runtime stage key=("c907a0aa45b2551520863990845279fd25135889865e088c2dad6ea0d32b8fde", Pages, 0) seconds=2.4101e-5 hit=false stage="disk_restore"
2026-09-09T20:35:41.044290Z DEBUG transparent_shard_server::runtime: runtime stage key=("a4bd72b37c0aafb265c77bb09cbc402cf69b65a87a1fabc8a0f12614b35469be", Pages, 0) seconds=0.133746108 stage="source_load"
2026-09-09T20:35:41.341696Z DEBUG transparent_shard_server::runtime: construction stage geometry="recent-8k" table="pages" seconds=0.297377172 stage="encode_database"
2026-09-09T20:35:41.341796Z DEBUG transparent_shard_server::runtime: construction stage geometry="recent-8k" table="pages" seconds=7.3936e-5 stage="public_setup"
2026-09-09T20:35:41.800322Z DEBUG transparent_shard_server::runtime: runtime stage key=("2d4497bf9e8bafc6139ee4e57114238a7ecfa0782702939922bf2a79b1fe05bf", Pages, 0) seconds=0.88980048 stage="disk_save"
2026-09-09T20:35:42.118265Z DEBUG transparent_shard_server::runtime: construction stage geometry="recent-8k" table="pages" seconds=0.776463256 stage="hint_columns"
2026-09-09T20:35:43.242171Z DEBUG transparent_shard_server::runtime: construction stage geometry="recent-8k" table="directory" seconds=2.334975045 stage="pack_preprocessing"
2026-09-09T20:35:43.242456Z DEBUG transparent_shard_server::runtime: construction stage geometry="recent-8k" table="directory" seconds=0.000244864 stage="publish_parameters"
2026-09-09T20:35:43.242980Z DEBUG transparent_shard_server::runtime: runtime stage key=("a4bd72b37c0aafb265c77bb09cbc402cf69b65a87a1fabc8a0f12614b35469be", Directory, 0) seconds=3.445583535 stage="runtime_build"
2026-09-09T20:35:43.248210Z DEBUG transparent_shard_server::runtime: runtime stage key=("c907a0aa45b2551520863990845279fd25135889865e088c2dad6ea0d32b8fde", Directory, 0) seconds=3.642869295 stage="build_slot"
2026-09-09T20:35:43.248322Z DEBUG transparent_shard_server::memory: cold build admission wait seconds=7.9487e-5 admitted=true
2026-09-09T20:35:43.248347Z DEBUG transparent_shard_server::runtime: runtime stage key=("67574e8d4c7f7c258f8c7488f73e80a9476f8074c3db3540325133ff25020c2b", Directory, 0) seconds=4.73e-7 stage="restore_slot"
2026-09-09T20:35:43.248429Z DEBUG transparent_shard_server::runtime: runtime stage key=("67574e8d4c7f7c258f8c7488f73e80a9476f8074c3db3540325133ff25020c2b", Directory, 0) seconds=3.8335e-5 hit=false stage="disk_restore"
2026-09-09T20:35:43.435721Z DEBUG transparent_shard_server::runtime: runtime stage key=("c907a0aa45b2551520863990845279fd25135889865e088c2dad6ea0d32b8fde", Directory, 0) seconds=0.187371027 stage="source_load"
2026-09-09T20:35:43.739139Z DEBUG transparent_shard_server::runtime: construction stage geometry="recent-8k" table="directory" seconds=0.303382918 stage="encode_database"
2026-09-09T20:35:43.739253Z DEBUG transparent_shard_server::runtime: construction stage geometry="recent-8k" table="directory" seconds=7.964e-5 stage="public_setup"
2026-09-09T20:35:44.198148Z DEBUG transparent_shard_server::runtime: runtime stage key=("a4bd72b37c0aafb265c77bb09cbc402cf69b65a87a1fabc8a0f12614b35469be", Directory, 0) seconds=0.955116819 stage="disk_save"
2026-09-09T20:35:44.576952Z DEBUG transparent_shard_server::runtime: construction stage geometry="recent-8k" table="directory" seconds=0.837689314 stage="hint_columns"
2026-09-09T20:35:44.579533Z DEBUG transparent_shard_server::runtime: construction stage geometry="recent-8k" table="pages" seconds=2.461209405 stage="pack_preprocessing"
2026-09-09T20:35:44.579858Z DEBUG transparent_shard_server::runtime: construction stage geometry="recent-8k" table="pages" seconds=0.000290499 stage="publish_parameters"
2026-09-09T20:35:44.580466Z DEBUG transparent_shard_server::runtime: runtime stage key=("a4bd72b37c0aafb265c77bb09cbc402cf69b65a87a1fabc8a0f12614b35469be", Pages, 0) seconds=3.536150001 stage="runtime_build"
2026-09-09T20:35:44.580550Z DEBUG transparent_shard_server::runtime: runtime stage key=("67574e8d4c7f7c258f8c7488f73e80a9476f8074c3db3540325133ff25020c2b", Pages, 0) seconds=1.598e-6 stage="restore_slot"
2026-09-09T20:35:44.580673Z DEBUG transparent_shard_server::runtime: runtime stage key=("c907a0aa45b2551520863990845279fd25135889865e088c2dad6ea0d32b8fde", Pages, 0) seconds=3.670038031 stage="build_slot"
2026-09-09T20:35:44.580706Z DEBUG transparent_shard_server::memory: cold build admission wait seconds=2.5107e-5 admitted=true
2026-09-09T20:35:44.583296Z DEBUG transparent_shard_server::runtime: runtime stage key=("67574e8d4c7f7c258f8c7488f73e80a9476f8074c3db3540325133ff25020c2b", Pages, 0) seconds=3.2848e-5 hit=false stage="disk_restore"
2026-09-09T20:35:44.718584Z DEBUG transparent_shard_server::runtime: runtime stage key=("c907a0aa45b2551520863990845279fd25135889865e088c2dad6ea0d32b8fde", Pages, 0) seconds=0.135308954 stage="source_load"
2026-09-09T20:35:45.018644Z DEBUG transparent_shard_server::runtime: construction stage geometry="recent-8k" table="pages" seconds=0.300023516 stage="encode_database"
2026-09-09T20:35:45.018753Z DEBUG transparent_shard_server::runtime: construction stage geometry="recent-8k" table="pages" seconds=7.6188e-5 stage="public_setup"
2026-09-09T20:35:45.338648Z DEBUG transparent_shard_server::runtime: runtime stage key=("a4bd72b37c0aafb265c77bb09cbc402cf69b65a87a1fabc8a0f12614b35469be", Pages, 0) seconds=0.755464223 stage="disk_save"
2026-09-09T20:35:45.810758Z DEBUG transparent_shard_server::runtime: construction stage geometry="recent-8k" table="pages" seconds=0.791998988 stage="hint_columns"
2026-09-09T20:35:46.971625Z DEBUG transparent_shard_server::runtime: construction stage geometry="recent-8k" table="directory" seconds=2.394625708 stage="pack_preprocessing"
2026-09-09T20:35:46.971968Z DEBUG transparent_shard_server::runtime: construction stage geometry="recent-8k" table="directory" seconds=0.000276568 stage="publish_parameters"
2026-09-09T20:35:46.972548Z DEBUG transparent_shard_server::runtime: runtime stage key=("c907a0aa45b2551520863990845279fd25135889865e088c2dad6ea0d32b8fde", Directory, 0) seconds=3.536794078 stage="runtime_build"
2026-09-09T20:35:46.974221Z DEBUG transparent_shard_server::runtime: runtime stage key=("67574e8d4c7f7c258f8c7488f73e80a9476f8074c3db3540325133ff25020c2b", Directory, 0) seconds=3.725757076 stage="build_slot"
2026-09-09T20:35:46.974320Z DEBUG transparent_shard_server::memory: cold build admission wait seconds=7.4822e-5 admitted=true
2026-09-09T20:35:47.164122Z DEBUG transparent_shard_server::runtime: runtime stage key=("67574e8d4c7f7c258f8c7488f73e80a9476f8074c3db3540325133ff25020c2b", Directory, 0) seconds=0.189772249 stage="source_load"
2026-09-09T20:35:47.464306Z DEBUG transparent_shard_server::runtime: construction stage geometry="recent-8k" table="directory" seconds=0.300145164 stage="encode_database"
2026-09-09T20:35:47.464411Z DEBUG transparent_shard_server::runtime: construction stage geometry="recent-8k" table="directory" seconds=7.3543e-5 stage="public_setup"
2026-09-09T20:35:47.927497Z DEBUG transparent_shard_server::runtime: runtime stage key=("c907a0aa45b2551520863990845279fd25135889865e088c2dad6ea0d32b8fde", Directory, 0) seconds=0.954903359 stage="disk_save"
2026-09-09T20:35:48.005152Z DEBUG transparent_shard_server::runtime: construction stage geometry="recent-8k" table="pages" seconds=2.194350979 stage="pack_preprocessing"
2026-09-09T20:35:48.005450Z DEBUG transparent_shard_server::runtime: construction stage geometry="recent-8k" table="pages" seconds=0.000252476 stage="publish_parameters"
2026-09-09T20:35:48.007517Z DEBUG transparent_shard_server::runtime: runtime stage key=("c907a0aa45b2551520863990845279fd25135889865e088c2dad6ea0d32b8fde", Pages, 0) seconds=3.288898318 stage="runtime_build"
2026-09-09T20:35:48.007564Z DEBUG transparent_shard_server::runtime: runtime stage key=("67574e8d4c7f7c258f8c7488f73e80a9476f8074c3db3540325133ff25020c2b", Pages, 0) seconds=3.424228788 stage="build_slot"
2026-09-09T20:35:48.007662Z DEBUG transparent_shard_server::memory: cold build admission wait seconds=9.2985e-5 admitted=true
2026-09-09T20:35:48.276791Z DEBUG transparent_shard_server::runtime: runtime stage key=("67574e8d4c7f7c258f8c7488f73e80a9476f8074c3db3540325133ff25020c2b", Pages, 0) seconds=0.269102144 stage="source_load"
2026-09-09T20:35:48.414202Z DEBUG transparent_shard_server::runtime: construction stage geometry="recent-8k" table="directory" seconds=0.949783987 stage="hint_columns"
2026-09-09T20:35:48.627196Z DEBUG transparent_shard_server::runtime: construction stage geometry="recent-8k" table="pages" seconds=0.350368693 stage="encode_database"
2026-09-09T20:35:48.627297Z DEBUG transparent_shard_server::runtime: construction stage geometry="recent-8k" table="pages" seconds=6.8893e-5 stage="public_setup"
2026-09-09T20:35:48.958069Z DEBUG transparent_shard_server::runtime: runtime stage key=("c907a0aa45b2551520863990845279fd25135889865e088c2dad6ea0d32b8fde", Pages, 0) seconds=0.946858664 stage="disk_save"
2026-09-09T20:35:49.465197Z DEBUG transparent_shard_server::runtime: construction stage geometry="recent-8k" table="pages" seconds=0.837893219 stage="hint_columns"
2026-09-09T20:35:50.585325Z DEBUG transparent_shard_server::runtime: construction stage geometry="recent-8k" table="directory" seconds=2.171083045 stage="pack_preprocessing"
2026-09-09T20:35:50.585661Z DEBUG transparent_shard_server::runtime: construction stage geometry="recent-8k" table="directory" seconds=0.000292747 stage="publish_parameters"
2026-09-09T20:35:50.586289Z DEBUG transparent_shard_server::runtime: runtime stage key=("67574e8d4c7f7c258f8c7488f73e80a9476f8074c3db3540325133ff25020c2b", Directory, 0) seconds=3.422130921 stage="runtime_build"
2026-09-09T20:35:51.280017Z DEBUG transparent_shard_server::runtime: runtime stage key=("67574e8d4c7f7c258f8c7488f73e80a9476f8074c3db3540325133ff25020c2b", Directory, 0) seconds=0.693684593 stage="disk_save"
2026-09-09T20:35:51.615418Z DEBUG transparent_shard_server::runtime: construction stage geometry="recent-8k" table="pages" seconds=2.15017858 stage="pack_preprocessing"
2026-09-09T20:35:51.615732Z DEBUG transparent_shard_server::runtime: construction stage geometry="recent-8k" table="pages" seconds=0.000277344 stage="publish_parameters"
2026-09-09T20:35:51.616316Z DEBUG transparent_shard_server::runtime: runtime stage key=("67574e8d4c7f7c258f8c7488f73e80a9476f8074c3db3540325133ff25020c2b", Pages, 0) seconds=3.33949133 stage="runtime_build"
2026-09-09T20:35:51.616401Z  INFO transparent_shard_server::service: prewarm finished warm=28 target=28 failed=0 seconds=53.113474769
2026-09-09T20:35:52.304004Z DEBUG transparent_shard_server::runtime: runtime stage key=("67574e8d4c7f7c258f8c7488f73e80a9476f8074c3db3540325133ff25020c2b", Pages, 0) seconds=0.687556446 stage="disk_save"
2026-09-09T20:35:52.591492Z DEBUG transparent_shard_server::service: query stage revision=5b7ee9849d47f5ee67d04eb6ca4588beacf42dce75e5a1b481dfd02607b1fb20 table="directory" seconds=5.284e-6 stage="query_admission"
2026-09-09T20:35:52.591530Z DEBUG transparent_shard_server::service: query stage revision=5b7ee9849d47f5ee67d04eb6ca4588beacf42dce75e5a1b481dfd02607b1fb20 table="directory" seconds=7.377e-6 stage="query_runtime"
2026-09-09T20:35:52.591672Z DEBUG transparent_shard_server::service: query stage revision=5b7ee9849d47f5ee67d04eb6ca4588beacf42dce75e5a1b481dfd02607b1fb20 table="directory" seconds=6.745e-5 stage="query_dispatch"
2026-09-09T20:35:52.593864Z DEBUG transparent_shard_server::service: query stage revision=5b7ee9849d47f5ee67d04eb6ca4588beacf42dce75e5a1b481dfd02607b1fb20 table="directory" seconds=2.035e-6 stage="query_admission"
2026-09-09T20:35:52.593886Z DEBUG transparent_shard_server::service: query stage revision=5b7ee9849d47f5ee67d04eb6ca4588beacf42dce75e5a1b481dfd02607b1fb20 table="directory" seconds=3.775e-6 stage="query_runtime"
2026-09-09T20:35:52.593964Z DEBUG transparent_shard_server::service: query stage revision=5b7ee9849d47f5ee67d04eb6ca4588beacf42dce75e5a1b481dfd02607b1fb20 table="directory" seconds=2.2459e-5 stage="query_dispatch"
2026-09-09T20:35:52.608933Z DEBUG transparent_shard_server::service: query stage revision=5b7ee9849d47f5ee67d04eb6ca4588beacf42dce75e5a1b481dfd02607b1fb20 table="directory" seconds=0.014949526 stage="query_evaluate"
2026-09-09T20:35:52.608957Z DEBUG transparent_shard_server::service: query stage revision=5b7ee9849d47f5ee67d04eb6ca4588beacf42dce75e5a1b481dfd02607b1fb20 table="directory" seconds=0.01725649 stage="query_evaluate"
2026-09-09T20:35:52.794366Z DEBUG transparent_shard_server::service: query stage revision=5b7ee9849d47f5ee67d04eb6ca4588beacf42dce75e5a1b481dfd02607b1fb20 table="pages" seconds=2.456e-6 stage="query_admission"
2026-09-09T20:35:52.794400Z DEBUG transparent_shard_server::service: query stage revision=5b7ee9849d47f5ee67d04eb6ca4588beacf42dce75e5a1b481dfd02607b1fb20 table="pages" seconds=5.49e-6 stage="query_runtime"
2026-09-09T20:35:52.794493Z DEBUG transparent_shard_server::service: query stage revision=5b7ee9849d47f5ee67d04eb6ca4588beacf42dce75e5a1b481dfd02607b1fb20 table="pages" seconds=1.9622e-5 stage="query_dispatch"
2026-09-09T20:35:52.794816Z DEBUG transparent_shard_server::service: query stage revision=5b7ee9849d47f5ee67d04eb6ca4588beacf42dce75e5a1b481dfd02607b1fb20 table="pages" seconds=3.115e-6 stage="query_admission"
2026-09-09T20:35:52.794834Z DEBUG transparent_shard_server::service: query stage revision=5b7ee9849d47f5ee67d04eb6ca4588beacf42dce75e5a1b481dfd02607b1fb20 table="pages" seconds=5.523e-6 stage="query_runtime"
2026-09-09T20:35:52.797129Z DEBUG transparent_shard_server::service: query stage revision=5b7ee9849d47f5ee67d04eb6ca4588beacf42dce75e5a1b481dfd02607b1fb20 table="pages" seconds=0.002230624 stage="query_dispatch"
2026-09-09T20:35:52.811165Z DEBUG transparent_shard_server::service: query stage revision=5b7ee9849d47f5ee67d04eb6ca4588beacf42dce75e5a1b481dfd02607b1fb20 table="pages" seconds=0.014014472 stage="query_evaluate"
2026-09-09T20:35:52.811172Z DEBUG transparent_shard_server::service: query stage revision=5b7ee9849d47f5ee67d04eb6ca4588beacf42dce75e5a1b481dfd02607b1fb20 table="pages" seconds=0.016648702 stage="query_evaluate"
2026-09-09T20:35:52.872965Z  INFO transparent_shard_server::runtime: retired runtime memory reclaimed rss_before=4954226688 rss_after=4424585216
2026-09-09T20:35:52.961991Z DEBUG transparent_shard_server::service: query stage revision=5b7ee9849d47f5ee67d04eb6ca4588beacf42dce75e5a1b481dfd02607b1fb20 table="directory" seconds=2.07e-6 stage="query_admission"
2026-09-09T20:35:52.962023Z DEBUG transparent_shard_server::service: query stage revision=5b7ee9849d47f5ee67d04eb6ca4588beacf42dce75e5a1b481dfd02607b1fb20 table="directory" seconds=3.906e-6 stage="query_runtime"
2026-09-09T20:35:52.962196Z DEBUG transparent_shard_server::service: query stage revision=5b7ee9849d47f5ee67d04eb6ca4588beacf42dce75e5a1b481dfd02607b1fb20 table="directory" seconds=0.00011611 stage="query_dispatch"
2026-09-09T20:35:52.962314Z DEBUG transparent_shard_server::service: query stage revision=5b7ee9849d47f5ee67d04eb6ca4588beacf42dce75e5a1b481dfd02607b1fb20 table="directory" seconds=1.245e-6 stage="query_admission"
2026-09-09T20:35:52.962325Z DEBUG transparent_shard_server::service: query stage revision=5b7ee9849d47f5ee67d04eb6ca4588beacf42dce75e5a1b481dfd02607b1fb20 table="directory" seconds=2.81e-6 stage="query_runtime"
2026-09-09T20:35:52.962389Z DEBUG transparent_shard_server::service: query stage revision=5b7ee9849d47f5ee67d04eb6ca4588beacf42dce75e5a1b481dfd02607b1fb20 table="directory" seconds=2.5281e-5 stage="query_dispatch"
2026-09-09T20:35:52.974634Z DEBUG transparent_shard_server::service: query stage revision=5b7ee9849d47f5ee67d04eb6ca4588beacf42dce75e5a1b481dfd02607b1fb20 table="directory" seconds=0.012228843 stage="query_evaluate"
2026-09-09T20:35:52.980479Z DEBUG transparent_shard_server::service: query stage revision=5b7ee9849d47f5ee67d04eb6ca4588beacf42dce75e5a1b481dfd02607b1fb20 table="directory" seconds=0.018259103 stage="query_evaluate"
2026-09-09T20:35:53.128984Z DEBUG transparent_shard_server::service: query stage revision=5b7ee9849d47f5ee67d04eb6ca4588beacf42dce75e5a1b481dfd02607b1fb20 table="pages" seconds=2.443e-6 stage="query_admission"
2026-09-09T20:35:53.129015Z DEBUG transparent_shard_server::service: query stage revision=5b7ee9849d47f5ee67d04eb6ca4588beacf42dce75e5a1b481dfd02607b1fb20 table="pages" seconds=3.739e-6 stage="query_runtime"
2026-09-09T20:35:53.129103Z DEBUG transparent_shard_server::service: query stage revision=5b7ee9849d47f5ee67d04eb6ca4588beacf42dce75e5a1b481dfd02607b1fb20 table="pages" seconds=2.3338e-5 stage="query_dispatch"
2026-09-09T20:35:53.132067Z DEBUG transparent_shard_server::service: query stage revision=5b7ee9849d47f5ee67d04eb6ca4588beacf42dce75e5a1b481dfd02607b1fb20 table="pages" seconds=1.816e-6 stage="query_admission"
2026-09-09T20:35:53.132088Z DEBUG transparent_shard_server::service: query stage revision=5b7ee9849d47f5ee67d04eb6ca4588beacf42dce75e5a1b481dfd02607b1fb20 table="pages" seconds=3.58e-6 stage="query_runtime"
2026-09-09T20:35:53.132171Z DEBUG transparent_shard_server::service: query stage revision=5b7ee9849d47f5ee67d04eb6ca4588beacf42dce75e5a1b481dfd02607b1fb20 table="pages" seconds=2.1294e-5 stage="query_dispatch"
2026-09-09T20:35:53.146565Z DEBUG transparent_shard_server::service: query stage revision=5b7ee9849d47f5ee67d04eb6ca4588beacf42dce75e5a1b481dfd02607b1fb20 table="pages" seconds=0.014373288 stage="query_evaluate"
2026-09-09T20:35:53.146572Z DEBUG transparent_shard_server::service: query stage revision=5b7ee9849d47f5ee67d04eb6ca4588beacf42dce75e5a1b481dfd02607b1fb20 table="pages" seconds=0.017451045 stage="query_evaluate"
test burst::publication_burst_under_exact_load has been running for over 60 seconds
2026-09-09T20:35:53.299146Z DEBUG transparent_shard_server::service: query stage revision=5b7ee9849d47f5ee67d04eb6ca4588beacf42dce75e5a1b481dfd02607b1fb20 table="directory" seconds=3.543e-6 stage="query_admission"
2026-09-09T20:35:53.299203Z DEBUG transparent_shard_server::service: query stage revision=5b7ee9849d47f5ee67d04eb6ca4588beacf42dce75e5a1b481dfd02607b1fb20 table="directory" seconds=4.388e-6 stage="query_runtime"
2026-09-09T20:35:53.299377Z DEBUG transparent_shard_server::service: query stage revision=5b7ee9849d47f5ee67d04eb6ca4588beacf42dce75e5a1b481dfd02607b1fb20 table="directory" seconds=0.000107834 stage="query_dispatch"
2026-09-09T20:35:53.299755Z DEBUG transparent_shard_server::service: query stage revision=5b7ee9849d47f5ee67d04eb6ca4588beacf42dce75e5a1b481dfd02607b1fb20 table="directory" seconds=1.422e-6 stage="query_admission"
2026-09-09T20:35:53.299767Z DEBUG transparent_shard_server::service: query stage revision=5b7ee9849d47f5ee67d04eb6ca4588beacf42dce75e5a1b481dfd02607b1fb20 table="directory" seconds=2.896e-6 stage="query_runtime"
2026-09-09T20:35:53.299829Z DEBUG transparent_shard_server::service: query stage revision=5b7ee9849d47f5ee67d04eb6ca4588beacf42dce75e5a1b481dfd02607b1fb20 table="directory" seconds=1.4706e-5 stage="query_dispatch"
2026-09-09T20:35:53.315998Z DEBUG transparent_shard_server::service: query stage revision=5b7ee9849d47f5ee67d04eb6ca4588beacf42dce75e5a1b481dfd02607b1fb20 table="directory" seconds=0.016601772 stage="query_evaluate"
2026-09-09T20:35:53.316691Z DEBUG transparent_shard_server::service: query stage revision=5b7ee9849d47f5ee67d04eb6ca4588beacf42dce75e5a1b481dfd02607b1fb20 table="directory" seconds=0.016847284 stage="query_evaluate"
2026-09-09T20:35:53.409722Z DEBUG transparent_shard_server::runtime: runtime stage key=("be059aab39ac34125e0452548d6fbcfb1e7cdb7237a597bd59ee86011ed4882b", Directory, 0) seconds=1.682e-6 stage="restore_slot"
2026-09-09T20:35:53.409827Z DEBUG transparent_shard_server::runtime: runtime stage key=("be059aab39ac34125e0452548d6fbcfb1e7cdb7237a597bd59ee86011ed4882b", Pages, 0) seconds=2.13e-7 stage="restore_slot"
2026-09-09T20:35:53.409870Z DEBUG transparent_shard_server::runtime: runtime stage key=("be059aab39ac34125e0452548d6fbcfb1e7cdb7237a597bd59ee86011ed4882b", Directory, 0) seconds=3.6003e-5 hit=false stage="disk_restore"
2026-09-09T20:35:53.409890Z DEBUG transparent_shard_server::runtime: runtime stage key=("be059aab39ac34125e0452548d6fbcfb1e7cdb7237a597bd59ee86011ed4882b", Directory, 0) seconds=3.55e-7 stage="build_slot"
2026-09-09T20:35:53.409901Z DEBUG transparent_shard_server::runtime: runtime stage key=("be059aab39ac34125e0452548d6fbcfb1e7cdb7237a597bd59ee86011ed4882b", Pages, 0) seconds=1.2862e-5 hit=false stage="disk_restore"
2026-09-09T20:35:53.409914Z DEBUG transparent_shard_server::memory: cold build admission wait seconds=2.0132e-5 admitted=true
2026-09-09T20:35:53.409922Z DEBUG transparent_shard_server::runtime: runtime stage key=("be059aab39ac34125e0452548d6fbcfb1e7cdb7237a597bd59ee86011ed4882b", Pages, 0) seconds=9.3e-8 stage="build_slot"
2026-09-09T20:35:53.409942Z DEBUG transparent_shard_server::memory: cold build admission wait seconds=1.7887e-5 admitted=true
2026-09-09T20:35:53.467916Z DEBUG transparent_shard_server::service: query stage revision=5b7ee9849d47f5ee67d04eb6ca4588beacf42dce75e5a1b481dfd02607b1fb20 table="pages" seconds=2.177e-6 stage="query_admission"
2026-09-09T20:35:53.467947Z DEBUG transparent_shard_server::service: query stage revision=5b7ee9849d47f5ee67d04eb6ca4588beacf42dce75e5a1b481dfd02607b1fb20 table="pages" seconds=4.549e-6 stage="query_runtime"
2026-09-09T20:35:53.468029Z DEBUG transparent_shard_server::service: query stage revision=5b7ee9849d47f5ee67d04eb6ca4588beacf42dce75e5a1b481dfd02607b1fb20 table="pages" seconds=2.7028e-5 stage="query_dispatch"
2026-09-09T20:35:53.468183Z DEBUG transparent_shard_server::service: query stage revision=5b7ee9849d47f5ee67d04eb6ca4588beacf42dce75e5a1b481dfd02607b1fb20 table="pages" seconds=1.497e-6 stage="query_admission"
2026-09-09T20:35:53.468198Z DEBUG transparent_shard_server::service: query stage revision=5b7ee9849d47f5ee67d04eb6ca4588beacf42dce75e5a1b481dfd02607b1fb20 table="pages" seconds=2.907e-6 stage="query_runtime"
2026-09-09T20:35:53.468378Z DEBUG transparent_shard_server::service: query stage revision=5b7ee9849d47f5ee67d04eb6ca4588beacf42dce75e5a1b481dfd02607b1fb20 table="pages" seconds=0.000129474 stage="query_dispatch"
2026-09-09T20:35:53.487778Z DEBUG transparent_shard_server::service: query stage revision=5b7ee9849d47f5ee67d04eb6ca4588beacf42dce75e5a1b481dfd02607b1fb20 table="pages" seconds=0.019390039 stage="query_evaluate"
2026-09-09T20:35:53.498813Z DEBUG transparent_shard_server::service: query stage revision=5b7ee9849d47f5ee67d04eb6ca4588beacf42dce75e5a1b481dfd02607b1fb20 table="pages" seconds=0.030766349 stage="query_evaluate"
2026-09-09T20:35:53.557174Z DEBUG transparent_shard_server::runtime: runtime stage key=("be059aab39ac34125e0452548d6fbcfb1e7cdb7237a597bd59ee86011ed4882b", Directory, 0) seconds=0.147232595 stage="source_load"
2026-09-09T20:35:53.566813Z DEBUG transparent_shard_server::runtime: runtime stage key=("be059aab39ac34125e0452548d6fbcfb1e7cdb7237a597bd59ee86011ed4882b", Pages, 0) seconds=0.156844028 stage="source_load"
2026-09-09T20:35:53.650712Z DEBUG transparent_shard_server::service: query stage revision=5b7ee9849d47f5ee67d04eb6ca4588beacf42dce75e5a1b481dfd02607b1fb20 table="directory" seconds=2.913e-6 stage="query_admission"
2026-09-09T20:35:53.650753Z DEBUG transparent_shard_server::service: query stage revision=5b7ee9849d47f5ee67d04eb6ca4588beacf42dce75e5a1b481dfd02607b1fb20 table="directory" seconds=6.445e-6 stage="query_runtime"
2026-09-09T20:35:53.650869Z DEBUG transparent_shard_server::service: query stage revision=5b7ee9849d47f5ee67d04eb6ca4588beacf42dce75e5a1b481dfd02607b1fb20 table="directory" seconds=2.3859e-5 stage="query_dispatch"
2026-09-09T20:35:53.651527Z DEBUG transparent_shard_server::service: query stage revision=5b7ee9849d47f5ee67d04eb6ca4588beacf42dce75e5a1b481dfd02607b1fb20 table="directory" seconds=1.69e-6 stage="query_admission"
2026-09-09T20:35:53.651545Z DEBUG transparent_shard_server::service: query stage revision=5b7ee9849d47f5ee67d04eb6ca4588beacf42dce75e5a1b481dfd02607b1fb20 table="directory" seconds=3.128e-6 stage="query_runtime"
2026-09-09T20:35:53.651637Z DEBUG transparent_shard_server::service: query stage revision=5b7ee9849d47f5ee67d04eb6ca4588beacf42dce75e5a1b481dfd02607b1fb20 table="directory" seconds=1.8105e-5 stage="query_dispatch"
2026-09-09T20:35:53.677869Z DEBUG transparent_shard_server::service: query stage revision=5b7ee9849d47f5ee67d04eb6ca4588beacf42dce75e5a1b481dfd02607b1fb20 table="directory" seconds=0.026981048 stage="query_evaluate"
2026-09-09T20:35:53.677887Z DEBUG transparent_shard_server::service: query stage revision=5b7ee9849d47f5ee67d04eb6ca4588beacf42dce75e5a1b481dfd02607b1fb20 table="directory" seconds=0.026235495 stage="query_evaluate"
2026-09-09T20:35:53.830960Z DEBUG transparent_shard_server::service: query stage revision=5b7ee9849d47f5ee67d04eb6ca4588beacf42dce75e5a1b481dfd02607b1fb20 table="pages" seconds=2.415e-6 stage="query_admission"
2026-09-09T20:35:53.830992Z DEBUG transparent_shard_server::service: query stage revision=5b7ee9849d47f5ee67d04eb6ca4588beacf42dce75e5a1b481dfd02607b1fb20 table="pages" seconds=4.432e-6 stage="query_runtime"
2026-09-09T20:35:53.831210Z DEBUG transparent_shard_server::service: query stage revision=5b7ee9849d47f5ee67d04eb6ca4588beacf42dce75e5a1b481dfd02607b1fb20 table="pages" seconds=1.429e-6 stage="query_admission"
2026-09-09T20:35:53.831225Z DEBUG transparent_shard_server::service: query stage revision=5b7ee9849d47f5ee67d04eb6ca4588beacf42dce75e5a1b481dfd02607b1fb20 table="pages" seconds=3.481e-6 stage="query_runtime"
2026-09-09T20:35:53.831279Z DEBUG transparent_shard_server::service: query stage revision=5b7ee9849d47f5ee67d04eb6ca4588beacf42dce75e5a1b481dfd02607b1fb20 table="pages" seconds=0.000205239 stage="query_dispatch"
2026-09-09T20:35:53.831691Z DEBUG transparent_shard_server::service: query stage revision=5b7ee9849d47f5ee67d04eb6ca4588beacf42dce75e5a1b481dfd02607b1fb20 table="pages" seconds=0.000429009 stage="query_dispatch"
2026-09-09T20:35:53.853891Z DEBUG transparent_shard_server::service: query stage revision=5b7ee9849d47f5ee67d04eb6ca4588beacf42dce75e5a1b481dfd02607b1fb20 table="pages" seconds=0.022604684 stage="query_evaluate"
2026-09-09T20:35:53.853994Z DEBUG transparent_shard_server::service: query stage revision=5b7ee9849d47f5ee67d04eb6ca4588beacf42dce75e5a1b481dfd02607b1fb20 table="pages" seconds=0.022283247 stage="query_evaluate"
2026-09-09T20:35:53.860257Z DEBUG transparent_shard_server::runtime: construction stage geometry="recent-8k" table="directory" seconds=0.303048549 stage="encode_database"
2026-09-09T20:35:53.860348Z DEBUG transparent_shard_server::runtime: construction stage geometry="recent-8k" table="directory" seconds=7.3953e-5 stage="public_setup"
2026-09-09T20:35:53.866951Z DEBUG transparent_shard_server::runtime: construction stage geometry="recent-8k" table="pages" seconds=0.300116036 stage="encode_database"
2026-09-09T20:35:53.867049Z DEBUG transparent_shard_server::runtime: construction stage geometry="recent-8k" table="pages" seconds=8.189e-5 stage="public_setup"
2026-09-09T20:35:54.010277Z DEBUG transparent_shard_server::service: query stage revision=5b7ee9849d47f5ee67d04eb6ca4588beacf42dce75e5a1b481dfd02607b1fb20 table="directory" seconds=2.14e-6 stage="query_admission"
2026-09-09T20:35:54.010312Z DEBUG transparent_shard_server::service: query stage revision=5b7ee9849d47f5ee67d04eb6ca4588beacf42dce75e5a1b481dfd02607b1fb20 table="directory" seconds=4.728e-6 stage="query_runtime"
2026-09-09T20:35:54.010400Z DEBUG transparent_shard_server::service: query stage revision=5b7ee9849d47f5ee67d04eb6ca4588beacf42dce75e5a1b481dfd02607b1fb20 table="directory" seconds=1.7348e-5 stage="query_dispatch"
2026-09-09T20:35:54.010803Z DEBUG transparent_shard_server::service: query stage revision=5b7ee9849d47f5ee67d04eb6ca4588beacf42dce75e5a1b481dfd02607b1fb20 table="directory" seconds=1.816e-6 stage="query_admission"
2026-09-09T20:35:54.010812Z DEBUG transparent_shard_server::service: query stage revision=5b7ee9849d47f5ee67d04eb6ca4588beacf42dce75e5a1b481dfd02607b1fb20 table="directory" seconds=4.206e-6 stage="query_runtime"
2026-09-09T20:35:54.010885Z DEBUG transparent_shard_server::service: query stage revision=5b7ee9849d47f5ee67d04eb6ca4588beacf42dce75e5a1b481dfd02607b1fb20 table="directory" seconds=1.2647e-5 stage="query_dispatch"
2026-09-09T20:35:54.911278Z DEBUG transparent_shard_server::service: query stage revision=5b7ee9849d47f5ee67d04eb6ca4588beacf42dce75e5a1b481dfd02607b1fb20 table="directory" seconds=0.900377006 stage="query_evaluate"
2026-09-09T20:35:54.918242Z DEBUG transparent_shard_server::runtime: construction stage geometry="recent-8k" table="pages" seconds=1.051187883 stage="hint_columns"
2026-09-09T20:35:54.918708Z DEBUG transparent_shard_server::service: query stage revision=5b7ee9849d47f5ee67d04eb6ca4588beacf42dce75e5a1b481dfd02607b1fb20 table="directory" seconds=0.908290874 stage="query_evaluate"
2026-09-09T20:35:54.918787Z DEBUG transparent_shard_server::runtime: construction stage geometry="recent-8k" table="directory" seconds=1.058434184 stage="hint_columns"
2026-09-09T20:35:55.067462Z DEBUG transparent_shard_server::service: query stage revision=5b7ee9849d47f5ee67d04eb6ca4588beacf42dce75e5a1b481dfd02607b1fb20 table="pages" seconds=2.925e-6 stage="query_admission"
2026-09-09T20:35:55.067497Z DEBUG transparent_shard_server::service: query stage revision=5b7ee9849d47f5ee67d04eb6ca4588beacf42dce75e5a1b481dfd02607b1fb20 table="pages" seconds=5.417e-6 stage="query_runtime"
2026-09-09T20:35:55.067580Z DEBUG transparent_shard_server::service: query stage revision=5b7ee9849d47f5ee67d04eb6ca4588beacf42dce75e5a1b481dfd02607b1fb20 table="pages" seconds=1.1736e-5 stage="query_dispatch"
2026-09-09T20:35:55.080072Z DEBUG transparent_shard_server::service: query stage revision=5b7ee9849d47f5ee67d04eb6ca4588beacf42dce75e5a1b481dfd02607b1fb20 table="pages" seconds=2.098e-6 stage="query_admission"
2026-09-09T20:35:55.080079Z DEBUG transparent_shard_server::service: query stage revision=5b7ee9849d47f5ee67d04eb6ca4588beacf42dce75e5a1b481dfd02607b1fb20 table="pages" seconds=0.012492867 stage="query_evaluate"
2026-09-09T20:35:55.080109Z DEBUG transparent_shard_server::service: query stage revision=5b7ee9849d47f5ee67d04eb6ca4588beacf42dce75e5a1b481dfd02607b1fb20 table="pages" seconds=4.236e-6 stage="query_runtime"
2026-09-09T20:35:55.080246Z DEBUG transparent_shard_server::service: query stage revision=5b7ee9849d47f5ee67d04eb6ca4588beacf42dce75e5a1b481dfd02607b1fb20 table="pages" seconds=9.216e-6 stage="query_dispatch"
2026-09-09T20:35:55.093004Z DEBUG transparent_shard_server::service: query stage revision=5b7ee9849d47f5ee67d04eb6ca4588beacf42dce75e5a1b481dfd02607b1fb20 table="pages" seconds=0.012746773 stage="query_evaluate"
2026-09-09T20:35:55.234811Z DEBUG transparent_shard_server::service: query stage revision=5b7ee9849d47f5ee67d04eb6ca4588beacf42dce75e5a1b481dfd02607b1fb20 table="directory" seconds=2.384e-6 stage="query_admission"
2026-09-09T20:35:55.234846Z DEBUG transparent_shard_server::service: query stage revision=5b7ee9849d47f5ee67d04eb6ca4588beacf42dce75e5a1b481dfd02607b1fb20 table="directory" seconds=4.968e-6 stage="query_runtime"
2026-09-09T20:35:55.234953Z DEBUG transparent_shard_server::service: query stage revision=5b7ee9849d47f5ee67d04eb6ca4588beacf42dce75e5a1b481dfd02607b1fb20 table="directory" seconds=3.9524e-5 stage="query_dispatch"
2026-09-09T20:35:55.248276Z DEBUG transparent_shard_server::service: query stage revision=5b7ee9849d47f5ee67d04eb6ca4588beacf42dce75e5a1b481dfd02607b1fb20 table="directory" seconds=2.292e-6 stage="query_admission"
2026-09-09T20:35:55.248315Z DEBUG transparent_shard_server::service: query stage revision=5b7ee9849d47f5ee67d04eb6ca4588beacf42dce75e5a1b481dfd02607b1fb20 table="directory" seconds=4.44e-6 stage="query_runtime"
2026-09-09T20:35:55.248416Z DEBUG transparent_shard_server::service: query stage revision=5b7ee9849d47f5ee67d04eb6ca4588beacf42dce75e5a1b481dfd02607b1fb20 table="directory" seconds=2.1568e-5 stage="query_dispatch"
2026-09-09T20:35:55.266893Z DEBUG transparent_shard_server::service: query stage revision=5b7ee9849d47f5ee67d04eb6ca4588beacf42dce75e5a1b481dfd02607b1fb20 table="directory" seconds=0.031927349 stage="query_evaluate"
2026-09-09T20:35:55.274771Z DEBUG transparent_shard_server::service: query stage revision=5b7ee9849d47f5ee67d04eb6ca4588beacf42dce75e5a1b481dfd02607b1fb20 table="directory" seconds=0.026328527 stage="query_evaluate"
2026-09-09T20:35:55.420845Z DEBUG transparent_shard_server::service: query stage revision=5b7ee9849d47f5ee67d04eb6ca4588beacf42dce75e5a1b481dfd02607b1fb20 table="pages" seconds=2.669e-6 stage="query_admission"
2026-09-09T20:35:55.420896Z DEBUG transparent_shard_server::service: query stage revision=5b7ee9849d47f5ee67d04eb6ca4588beacf42dce75e5a1b481dfd02607b1fb20 table="pages" seconds=5.318e-6 stage="query_runtime"
2026-09-09T20:35:55.421050Z DEBUG transparent_shard_server::service: query stage revision=5b7ee9849d47f5ee67d04eb6ca4588beacf42dce75e5a1b481dfd02607b1fb20 table="pages" seconds=4.4738e-5 stage="query_dispatch"
2026-09-09T20:35:55.436499Z DEBUG transparent_shard_server::service: query stage revision=5b7ee9849d47f5ee67d04eb6ca4588beacf42dce75e5a1b481dfd02607b1fb20 table="pages" seconds=3.355e-6 stage="query_admission"
2026-09-09T20:35:55.436543Z DEBUG transparent_shard_server::service: query stage revision=5b7ee9849d47f5ee67d04eb6ca4588beacf42dce75e5a1b481dfd02607b1fb20 table="pages" seconds=7.421e-6 stage="query_runtime"
2026-09-09T20:35:55.436658Z DEBUG transparent_shard_server::service: query stage revision=5b7ee9849d47f5ee67d04eb6ca4588beacf42dce75e5a1b481dfd02607b1fb20 table="pages" seconds=3.2795e-5 stage="query_dispatch"
2026-09-09T20:35:55.447859Z DEBUG transparent_shard_server::service: query stage revision=5b7ee9849d47f5ee67d04eb6ca4588beacf42dce75e5a1b481dfd02607b1fb20 table="pages" seconds=0.0267913 stage="query_evaluate"
2026-09-09T20:35:55.461583Z DEBUG transparent_shard_server::service: query stage revision=5b7ee9849d47f5ee67d04eb6ca4588beacf42dce75e5a1b481dfd02607b1fb20 table="pages" seconds=0.024912687 stage="query_evaluate"
2026-09-09T20:35:55.605423Z DEBUG transparent_shard_server::service: query stage revision=5b7ee9849d47f5ee67d04eb6ca4588beacf42dce75e5a1b481dfd02607b1fb20 table="directory" seconds=2.506e-6 stage="query_admission"
2026-09-09T20:35:55.605470Z DEBUG transparent_shard_server::service: query stage revision=5b7ee9849d47f5ee67d04eb6ca4588beacf42dce75e5a1b481dfd02607b1fb20 table="directory" seconds=5.086e-6 stage="query_runtime"
2026-09-09T20:35:55.605576Z DEBUG transparent_shard_server::service: query stage revision=5b7ee9849d47f5ee67d04eb6ca4588beacf42dce75e5a1b481dfd02607b1fb20 table="directory" seconds=2.9271e-5 stage="query_dispatch"
2026-09-09T20:35:55.620577Z DEBUG transparent_shard_server::service: query stage revision=5b7ee9849d47f5ee67d04eb6ca4588beacf42dce75e5a1b481dfd02607b1fb20 table="directory" seconds=3.878e-6 stage="query_admission"
2026-09-09T20:35:55.620626Z DEBUG transparent_shard_server::service: query stage revision=5b7ee9849d47f5ee67d04eb6ca4588beacf42dce75e5a1b481dfd02607b1fb20 table="directory" seconds=8.051e-6 stage="query_runtime"
2026-09-09T20:35:55.623193Z DEBUG transparent_shard_server::service: query stage revision=5b7ee9849d47f5ee67d04eb6ca4588beacf42dce75e5a1b481dfd02607b1fb20 table="directory" seconds=0.002465646 stage="query_dispatch"
2026-09-09T20:35:55.630765Z DEBUG transparent_shard_server::service: query stage revision=5b7ee9849d47f5ee67d04eb6ca4588beacf42dce75e5a1b481dfd02607b1fb20 table="directory" seconds=0.025175432 stage="query_evaluate"
2026-09-09T20:35:55.645275Z DEBUG transparent_shard_server::service: query stage revision=5b7ee9849d47f5ee67d04eb6ca4588beacf42dce75e5a1b481dfd02607b1fb20 table="directory" seconds=0.022047368 stage="query_evaluate"
2026-09-09T20:35:55.788185Z DEBUG transparent_shard_server::service: query stage revision=5b7ee9849d47f5ee67d04eb6ca4588beacf42dce75e5a1b481dfd02607b1fb20 table="pages" seconds=2.272e-6 stage="query_admission"
2026-09-09T20:35:55.788223Z DEBUG transparent_shard_server::service: query stage revision=5b7ee9849d47f5ee67d04eb6ca4588beacf42dce75e5a1b481dfd02607b1fb20 table="pages" seconds=5.433e-6 stage="query_runtime"
2026-09-09T20:35:55.790229Z DEBUG transparent_shard_server::service: query stage revision=5b7ee9849d47f5ee67d04eb6ca4588beacf42dce75e5a1b481dfd02607b1fb20 table="pages" seconds=0.001927987 stage="query_dispatch"
2026-09-09T20:35:55.805402Z DEBUG transparent_shard_server::service: query stage revision=5b7ee9849d47f5ee67d04eb6ca4588beacf42dce75e5a1b481dfd02607b1fb20 table="pages" seconds=2.633e-6 stage="query_admission"
2026-09-09T20:35:55.805438Z DEBUG transparent_shard_server::service: query stage revision=5b7ee9849d47f5ee67d04eb6ca4588beacf42dce75e5a1b481dfd02607b1fb20 table="pages" seconds=5.877e-6 stage="query_runtime"
2026-09-09T20:35:55.805530Z DEBUG transparent_shard_server::service: query stage revision=5b7ee9849d47f5ee67d04eb6ca4588beacf42dce75e5a1b481dfd02607b1fb20 table="pages" seconds=1.9034e-5 stage="query_dispatch"
2026-09-09T20:35:55.889336Z DEBUG transparent_shard_server::service: query stage revision=5b7ee9849d47f5ee67d04eb6ca4588beacf42dce75e5a1b481dfd02607b1fb20 table="pages" seconds=0.099075167 stage="query_evaluate"
2026-09-09T20:35:55.889898Z DEBUG transparent_shard_server::service: query stage revision=5b7ee9849d47f5ee67d04eb6ca4588beacf42dce75e5a1b481dfd02607b1fb20 table="pages" seconds=0.084325393 stage="query_evaluate"
2026-09-09T20:35:56.050069Z DEBUG transparent_shard_server::service: query stage revision=5b7ee9849d47f5ee67d04eb6ca4588beacf42dce75e5a1b481dfd02607b1fb20 table="directory" seconds=3.159e-6 stage="query_admission"
2026-09-09T20:35:56.050106Z DEBUG transparent_shard_server::service: query stage revision=5b7ee9849d47f5ee67d04eb6ca4588beacf42dce75e5a1b481dfd02607b1fb20 table="directory" seconds=5.11e-6 stage="query_runtime"
2026-09-09T20:35:56.050212Z DEBUG transparent_shard_server::service: query stage revision=5b7ee9849d47f5ee67d04eb6ca4588beacf42dce75e5a1b481dfd02607b1fb20 table="directory" seconds=1.4948e-5 stage="query_dispatch"
2026-09-09T20:35:56.050595Z DEBUG transparent_shard_server::service: query stage revision=5b7ee9849d47f5ee67d04eb6ca4588beacf42dce75e5a1b481dfd02607b1fb20 table="directory" seconds=2.138e-6 stage="query_admission"
2026-09-09T20:35:56.050614Z DEBUG transparent_shard_server::service: query stage revision=5b7ee9849d47f5ee67d04eb6ca4588beacf42dce75e5a1b481dfd02607b1fb20 table="directory" seconds=3.955e-6 stage="query_runtime"
2026-09-09T20:35:56.050687Z DEBUG transparent_shard_server::service: query stage revision=5b7ee9849d47f5ee67d04eb6ca4588beacf42dce75e5a1b481dfd02607b1fb20 table="directory" seconds=1.3177e-5 stage="query_dispatch"
2026-09-09T20:35:56.080165Z DEBUG transparent_shard_server::service: query stage revision=5b7ee9849d47f5ee67d04eb6ca4588beacf42dce75e5a1b481dfd02607b1fb20 table="directory" seconds=0.029468024 stage="query_evaluate"
2026-09-09T20:35:56.080874Z DEBUG transparent_shard_server::service: query stage revision=5b7ee9849d47f5ee67d04eb6ca4588beacf42dce75e5a1b481dfd02607b1fb20 table="directory" seconds=0.030637344 stage="query_evaluate"
2026-09-09T20:35:56.238013Z DEBUG transparent_shard_server::service: query stage revision=5b7ee9849d47f5ee67d04eb6ca4588beacf42dce75e5a1b481dfd02607b1fb20 table="pages" seconds=2.189e-6 stage="query_admission"
2026-09-09T20:35:56.238040Z DEBUG transparent_shard_server::service: query stage revision=5b7ee9849d47f5ee67d04eb6ca4588beacf42dce75e5a1b481dfd02607b1fb20 table="pages" seconds=4.13e-6 stage="query_runtime"
2026-09-09T20:35:56.238174Z DEBUG transparent_shard_server::service: query stage revision=5b7ee9849d47f5ee67d04eb6ca4588beacf42dce75e5a1b481dfd02607b1fb20 table="pages" seconds=1.724e-6 stage="query_admission"
2026-09-09T20:35:56.238196Z DEBUG transparent_shard_server::service: query stage revision=5b7ee9849d47f5ee67d04eb6ca4588beacf42dce75e5a1b481dfd02607b1fb20 table="pages" seconds=3.754e-6 stage="query_runtime"
2026-09-09T20:35:56.238223Z DEBUG transparent_shard_server::service: query stage revision=5b7ee9849d47f5ee67d04eb6ca4588beacf42dce75e5a1b481dfd02607b1fb20 table="pages" seconds=0.000125614 stage="query_dispatch"
2026-09-09T20:35:56.238258Z DEBUG transparent_shard_server::service: query stage revision=5b7ee9849d47f5ee67d04eb6ca4588beacf42dce75e5a1b481dfd02607b1fb20 table="pages" seconds=1.0779e-5 stage="query_dispatch"
2026-09-09T20:35:56.290661Z DEBUG transparent_shard_server::service: query stage revision=5b7ee9849d47f5ee67d04eb6ca4588beacf42dce75e5a1b481dfd02607b1fb20 table="pages" seconds=0.052423661 stage="query_evaluate"
2026-09-09T20:35:56.295945Z DEBUG transparent_shard_server::service: query stage revision=5b7ee9849d47f5ee67d04eb6ca4588beacf42dce75e5a1b481dfd02607b1fb20 table="pages" seconds=0.057679932 stage="query_evaluate"
2026-09-09T20:35:56.448054Z DEBUG transparent_shard_server::service: query stage revision=5b7ee9849d47f5ee67d04eb6ca4588beacf42dce75e5a1b481dfd02607b1fb20 table="directory" seconds=3.131e-6 stage="query_admission"
2026-09-09T20:35:56.448093Z DEBUG transparent_shard_server::service: query stage revision=5b7ee9849d47f5ee67d04eb6ca4588beacf42dce75e5a1b481dfd02607b1fb20 table="directory" seconds=7.114e-6 stage="query_runtime"
2026-09-09T20:35:56.448201Z DEBUG transparent_shard_server::service: query stage revision=5b7ee9849d47f5ee67d04eb6ca4588beacf42dce75e5a1b481dfd02607b1fb20 table="directory" seconds=2.2213e-5 stage="query_dispatch"
2026-09-09T20:35:56.460802Z DEBUG transparent_shard_server::service: query stage revision=5b7ee9849d47f5ee67d04eb6ca4588beacf42dce75e5a1b481dfd02607b1fb20 table="directory" seconds=2.676e-6 stage="query_admission"
2026-09-09T20:35:56.460836Z DEBUG transparent_shard_server::service: query stage revision=5b7ee9849d47f5ee67d04eb6ca4588beacf42dce75e5a1b481dfd02607b1fb20 table="directory" seconds=5.83e-6 stage="query_runtime"
2026-09-09T20:35:56.460933Z DEBUG transparent_shard_server::service: query stage revision=5b7ee9849d47f5ee67d04eb6ca4588beacf42dce75e5a1b481dfd02607b1fb20 table="directory" seconds=2.4257e-5 stage="query_dispatch"
2026-09-09T20:35:56.461041Z DEBUG transparent_shard_server::service: query stage revision=5b7ee9849d47f5ee67d04eb6ca4588beacf42dce75e5a1b481dfd02607b1fb20 table="directory" seconds=0.012814737 stage="query_evaluate"
2026-09-09T20:35:56.473868Z DEBUG transparent_shard_server::service: query stage revision=5b7ee9849d47f5ee67d04eb6ca4588beacf42dce75e5a1b481dfd02607b1fb20 table="directory" seconds=0.01291563 stage="query_evaluate"
2026-09-09T20:35:56.619080Z DEBUG transparent_shard_server::service: query stage revision=5b7ee9849d47f5ee67d04eb6ca4588beacf42dce75e5a1b481dfd02607b1fb20 table="pages" seconds=3.984e-6 stage="query_admission"
2026-09-09T20:35:56.619119Z DEBUG transparent_shard_server::service: query stage revision=5b7ee9849d47f5ee67d04eb6ca4588beacf42dce75e5a1b481dfd02607b1fb20 table="pages" seconds=6.305e-6 stage="query_runtime"
2026-09-09T20:35:56.621295Z DEBUG transparent_shard_server::service: query stage revision=5b7ee9849d47f5ee67d04eb6ca4588beacf42dce75e5a1b481dfd02607b1fb20 table="pages" seconds=0.002091966 stage="query_dispatch"
2026-09-09T20:35:56.629494Z DEBUG transparent_shard_server::service: query stage revision=5b7ee9849d47f5ee67d04eb6ca4588beacf42dce75e5a1b481dfd02607b1fb20 table="pages" seconds=3.595e-6 stage="query_admission"
2026-09-09T20:35:56.629531Z DEBUG transparent_shard_server::service: query stage revision=5b7ee9849d47f5ee67d04eb6ca4588beacf42dce75e5a1b481dfd02607b1fb20 table="pages" seconds=8.759e-6 stage="query_runtime"
2026-09-09T20:35:56.633189Z DEBUG transparent_shard_server::service: query stage revision=5b7ee9849d47f5ee67d04eb6ca4588beacf42dce75e5a1b481dfd02607b1fb20 table="pages" seconds=0.003575135 stage="query_dispatch"
2026-09-09T20:35:56.634720Z DEBUG transparent_shard_server::service: query stage revision=5b7ee9849d47f5ee67d04eb6ca4588beacf42dce75e5a1b481dfd02607b1fb20 table="pages" seconds=0.013399315 stage="query_evaluate"
2026-09-09T20:35:56.646823Z DEBUG transparent_shard_server::service: query stage revision=5b7ee9849d47f5ee67d04eb6ca4588beacf42dce75e5a1b481dfd02607b1fb20 table="pages" seconds=0.013604669 stage="query_evaluate"
2026-09-09T20:35:56.790449Z DEBUG transparent_shard_server::service: query stage revision=5b7ee9849d47f5ee67d04eb6ca4588beacf42dce75e5a1b481dfd02607b1fb20 table="directory" seconds=1.6545e-5 stage="query_admission"
2026-09-09T20:35:56.790486Z DEBUG transparent_shard_server::service: query stage revision=5b7ee9849d47f5ee67d04eb6ca4588beacf42dce75e5a1b481dfd02607b1fb20 table="directory" seconds=5.976e-6 stage="query_runtime"
2026-09-09T20:35:56.790576Z DEBUG transparent_shard_server::service: query stage revision=5b7ee9849d47f5ee67d04eb6ca4588beacf42dce75e5a1b481dfd02607b1fb20 table="directory" seconds=1.2441e-5 stage="query_dispatch"
2026-09-09T20:35:56.803499Z DEBUG transparent_shard_server::service: query stage revision=5b7ee9849d47f5ee67d04eb6ca4588beacf42dce75e5a1b481dfd02607b1fb20 table="directory" seconds=2.967e-6 stage="query_admission"
2026-09-09T20:35:56.803556Z DEBUG transparent_shard_server::service: query stage revision=5b7ee9849d47f5ee67d04eb6ca4588beacf42dce75e5a1b481dfd02607b1fb20 table="directory" seconds=6.414e-6 stage="query_runtime"
2026-09-09T20:35:56.803663Z DEBUG transparent_shard_server::service: query stage revision=5b7ee9849d47f5ee67d04eb6ca4588beacf42dce75e5a1b481dfd02607b1fb20 table="directory" seconds=1.7578e-5 stage="query_dispatch"
2026-09-09T20:35:56.805919Z DEBUG transparent_shard_server::service: query stage revision=5b7ee9849d47f5ee67d04eb6ca4588beacf42dce75e5a1b481dfd02607b1fb20 table="directory" seconds=0.015337127 stage="query_evaluate"
2026-09-09T20:35:56.817327Z DEBUG transparent_shard_server::service: query stage revision=5b7ee9849d47f5ee67d04eb6ca4588beacf42dce75e5a1b481dfd02607b1fb20 table="directory" seconds=0.013645329 stage="query_evaluate"
2026-09-09T20:35:56.963065Z DEBUG transparent_shard_server::service: query stage revision=5b7ee9849d47f5ee67d04eb6ca4588beacf42dce75e5a1b481dfd02607b1fb20 table="pages" seconds=3.062e-6 stage="query_admission"
2026-09-09T20:35:56.963101Z DEBUG transparent_shard_server::service: query stage revision=5b7ee9849d47f5ee67d04eb6ca4588beacf42dce75e5a1b481dfd02607b1fb20 table="pages" seconds=4.733e-6 stage="query_runtime"
2026-09-09T20:35:56.963216Z DEBUG transparent_shard_server::service: query stage revision=5b7ee9849d47f5ee67d04eb6ca4588beacf42dce75e5a1b481dfd02607b1fb20 table="pages" seconds=2.2836e-5 stage="query_dispatch"
2026-09-09T20:35:56.971097Z DEBUG transparent_shard_server::service: query stage revision=5b7ee9849d47f5ee67d04eb6ca4588beacf42dce75e5a1b481dfd02607b1fb20 table="pages" seconds=2.334e-6 stage="query_admission"
2026-09-09T20:35:56.971127Z DEBUG transparent_shard_server::service: query stage revision=5b7ee9849d47f5ee67d04eb6ca4588beacf42dce75e5a1b481dfd02607b1fb20 table="pages" seconds=4.835e-6 stage="query_runtime"
2026-09-09T20:35:56.971221Z DEBUG transparent_shard_server::service: query stage revision=5b7ee9849d47f5ee67d04eb6ca4588beacf42dce75e5a1b481dfd02607b1fb20 table="pages" seconds=1.0234e-5 stage="query_dispatch"
2026-09-09T20:35:56.976731Z DEBUG transparent_shard_server::service: query stage revision=5b7ee9849d47f5ee67d04eb6ca4588beacf42dce75e5a1b481dfd02607b1fb20 table="pages" seconds=0.013475135 stage="query_evaluate"
2026-09-09T20:35:56.988946Z DEBUG transparent_shard_server::service: query stage revision=5b7ee9849d47f5ee67d04eb6ca4588beacf42dce75e5a1b481dfd02607b1fb20 table="pages" seconds=0.017714714 stage="query_evaluate"
2026-09-09T20:35:57.133098Z DEBUG transparent_shard_server::service: query stage revision=5b7ee9849d47f5ee67d04eb6ca4588beacf42dce75e5a1b481dfd02607b1fb20 table="directory" seconds=3.68e-6 stage="query_admission"
2026-09-09T20:35:57.133141Z DEBUG transparent_shard_server::service: query stage revision=5b7ee9849d47f5ee67d04eb6ca4588beacf42dce75e5a1b481dfd02607b1fb20 table="directory" seconds=4.6e-6 stage="query_runtime"
2026-09-09T20:35:57.133247Z DEBUG transparent_shard_server::service: query stage revision=5b7ee9849d47f5ee67d04eb6ca4588beacf42dce75e5a1b481dfd02607b1fb20 table="directory" seconds=1.324e-5 stage="query_dispatch"
2026-09-09T20:35:57.143988Z DEBUG transparent_shard_server::service: query stage revision=5b7ee9849d47f5ee67d04eb6ca4588beacf42dce75e5a1b481dfd02607b1fb20 table="directory" seconds=3.345e-6 stage="query_admission"
2026-09-09T20:35:57.144025Z DEBUG transparent_shard_server::service: query stage revision=5b7ee9849d47f5ee67d04eb6ca4588beacf42dce75e5a1b481dfd02607b1fb20 table="directory" seconds=7.724e-6 stage="query_runtime"
2026-09-09T20:35:57.144120Z DEBUG transparent_shard_server::service: query stage revision=5b7ee9849d47f5ee67d04eb6ca4588beacf42dce75e5a1b481dfd02607b1fb20 table="directory" seconds=2.2816e-5 stage="query_dispatch"
2026-09-09T20:35:57.146659Z DEBUG transparent_shard_server::service: query stage revision=5b7ee9849d47f5ee67d04eb6ca4588beacf42dce75e5a1b481dfd02607b1fb20 table="directory" seconds=0.013402301 stage="query_evaluate"
2026-09-09T20:35:57.158614Z DEBUG transparent_shard_server::service: query stage revision=5b7ee9849d47f5ee67d04eb6ca4588beacf42dce75e5a1b481dfd02607b1fb20 table="directory" seconds=0.01448723 stage="query_evaluate"
2026-09-09T20:35:57.205074Z DEBUG transparent_shard_server::runtime: construction stage geometry="recent-8k" table="directory" seconds=2.286272197 stage="pack_preprocessing"
2026-09-09T20:35:57.205390Z DEBUG transparent_shard_server::runtime: construction stage geometry="recent-8k" table="directory" seconds=0.00027808 stage="publish_parameters"
2026-09-09T20:35:57.206034Z DEBUG transparent_shard_server::runtime: runtime stage key=("be059aab39ac34125e0452548d6fbcfb1e7cdb7237a597bd59ee86011ed4882b", Directory, 0) seconds=3.648825677 stage="runtime_build"
2026-09-09T20:35:57.310247Z DEBUG transparent_shard_server::service: query stage revision=5b7ee9849d47f5ee67d04eb6ca4588beacf42dce75e5a1b481dfd02607b1fb20 table="pages" seconds=2.619e-6 stage="query_admission"
2026-09-09T20:35:57.310281Z DEBUG transparent_shard_server::service: query stage revision=5b7ee9849d47f5ee67d04eb6ca4588beacf42dce75e5a1b481dfd02607b1fb20 table="pages" seconds=4.657e-6 stage="query_runtime"
2026-09-09T20:35:57.310379Z DEBUG transparent_shard_server::service: query stage revision=5b7ee9849d47f5ee67d04eb6ca4588beacf42dce75e5a1b481dfd02607b1fb20 table="pages" seconds=2.0295e-5 stage="query_dispatch"
2026-09-09T20:35:57.319845Z DEBUG transparent_shard_server::service: query stage revision=5b7ee9849d47f5ee67d04eb6ca4588beacf42dce75e5a1b481dfd02607b1fb20 table="pages" seconds=2.528e-6 stage="query_admission"
2026-09-09T20:35:57.319871Z DEBUG transparent_shard_server::service: query stage revision=5b7ee9849d47f5ee67d04eb6ca4588beacf42dce75e5a1b481dfd02607b1fb20 table="pages" seconds=4.982e-6 stage="query_runtime"
2026-09-09T20:35:57.322176Z DEBUG transparent_shard_server::service: query stage revision=5b7ee9849d47f5ee67d04eb6ca4588beacf42dce75e5a1b481dfd02607b1fb20 table="pages" seconds=0.002259584 stage="query_dispatch"
2026-09-09T20:35:57.343920Z DEBUG transparent_shard_server::service: query stage revision=5b7ee9849d47f5ee67d04eb6ca4588beacf42dce75e5a1b481dfd02607b1fb20 table="pages" seconds=0.033510451 stage="query_evaluate"
2026-09-09T20:35:57.359794Z DEBUG transparent_shard_server::service: query stage revision=5b7ee9849d47f5ee67d04eb6ca4588beacf42dce75e5a1b481dfd02607b1fb20 table="pages" seconds=0.0375924 stage="query_evaluate"
2026-09-09T20:35:57.505503Z DEBUG transparent_shard_server::service: query stage revision=5b7ee9849d47f5ee67d04eb6ca4588beacf42dce75e5a1b481dfd02607b1fb20 table="directory" seconds=2.852e-6 stage="query_admission"
2026-09-09T20:35:57.505536Z DEBUG transparent_shard_server::service: query stage revision=5b7ee9849d47f5ee67d04eb6ca4588beacf42dce75e5a1b481dfd02607b1fb20 table="directory" seconds=6.887e-6 stage="query_runtime"
2026-09-09T20:35:57.505638Z DEBUG transparent_shard_server::service: query stage revision=5b7ee9849d47f5ee67d04eb6ca4588beacf42dce75e5a1b481dfd02607b1fb20 table="directory" seconds=2.7254e-5 stage="query_dispatch"
2026-09-09T20:35:57.520573Z DEBUG transparent_shard_server::service: query stage revision=5b7ee9849d47f5ee67d04eb6ca4588beacf42dce75e5a1b481dfd02607b1fb20 table="directory" seconds=3.612e-6 stage="query_admission"
2026-09-09T20:35:57.520612Z DEBUG transparent_shard_server::service: query stage revision=5b7ee9849d47f5ee67d04eb6ca4588beacf42dce75e5a1b481dfd02607b1fb20 table="directory" seconds=8.757e-6 stage="query_runtime"
2026-09-09T20:35:57.520734Z DEBUG transparent_shard_server::service: query stage revision=5b7ee9849d47f5ee67d04eb6ca4588beacf42dce75e5a1b481dfd02607b1fb20 table="directory" seconds=2.3746e-5 stage="query_dispatch"
2026-09-09T20:35:57.550924Z DEBUG transparent_shard_server::service: query stage revision=5b7ee9849d47f5ee67d04eb6ca4588beacf42dce75e5a1b481dfd02607b1fb20 table="directory" seconds=0.045276753 stage="query_evaluate"
2026-09-09T20:35:57.571011Z DEBUG transparent_shard_server::service: query stage revision=5b7ee9849d47f5ee67d04eb6ca4588beacf42dce75e5a1b481dfd02607b1fb20 table="directory" seconds=0.0502595 stage="query_evaluate"
2026-09-09T20:35:57.706727Z DEBUG transparent_shard_server::service: query stage revision=5b7ee9849d47f5ee67d04eb6ca4588beacf42dce75e5a1b481dfd02607b1fb20 table="pages" seconds=3.074e-6 stage="query_admission"
2026-09-09T20:35:57.706759Z DEBUG transparent_shard_server::service: query stage revision=5b7ee9849d47f5ee67d04eb6ca4588beacf42dce75e5a1b481dfd02607b1fb20 table="pages" seconds=7.138e-6 stage="query_runtime"
2026-09-09T20:35:57.706849Z DEBUG transparent_shard_server::service: query stage revision=5b7ee9849d47f5ee67d04eb6ca4588beacf42dce75e5a1b481dfd02607b1fb20 table="pages" seconds=1.3372e-5 stage="query_dispatch"
2026-09-09T20:35:57.728522Z DEBUG transparent_shard_server::service: query stage revision=5b7ee9849d47f5ee67d04eb6ca4588beacf42dce75e5a1b481dfd02607b1fb20 table="pages" seconds=3.408e-6 stage="query_admission"
2026-09-09T20:35:57.728563Z DEBUG transparent_shard_server::service: query stage revision=5b7ee9849d47f5ee67d04eb6ca4588beacf42dce75e5a1b481dfd02607b1fb20 table="pages" seconds=8.505e-6 stage="query_runtime"
2026-09-09T20:35:57.729208Z DEBUG transparent_shard_server::service: query stage revision=5b7ee9849d47f5ee67d04eb6ca4588beacf42dce75e5a1b481dfd02607b1fb20 table="pages" seconds=0.000547798 stage="query_dispatch"
2026-09-09T20:35:57.750282Z DEBUG transparent_shard_server::service: query stage revision=5b7ee9849d47f5ee67d04eb6ca4588beacf42dce75e5a1b481dfd02607b1fb20 table="pages" seconds=0.043425462 stage="query_evaluate"
2026-09-09T20:35:57.772961Z DEBUG transparent_shard_server::service: query stage revision=5b7ee9849d47f5ee67d04eb6ca4588beacf42dce75e5a1b481dfd02607b1fb20 table="pages" seconds=0.043728138 stage="query_evaluate"
2026-09-09T20:35:57.907934Z DEBUG transparent_shard_server::service: query stage revision=5b7ee9849d47f5ee67d04eb6ca4588beacf42dce75e5a1b481dfd02607b1fb20 table="directory" seconds=3.273e-6 stage="query_admission"
2026-09-09T20:35:57.907979Z DEBUG transparent_shard_server::service: query stage revision=5b7ee9849d47f5ee67d04eb6ca4588beacf42dce75e5a1b481dfd02607b1fb20 table="directory" seconds=7.974e-6 stage="query_runtime"
2026-09-09T20:35:57.908197Z DEBUG transparent_shard_server::service: query stage revision=5b7ee9849d47f5ee67d04eb6ca4588beacf42dce75e5a1b481dfd02607b1fb20 table="directory" seconds=0.000124745 stage="query_dispatch"
2026-09-09T20:35:57.929252Z DEBUG transparent_shard_server::runtime: runtime stage key=("be059aab39ac34125e0452548d6fbcfb1e7cdb7237a597bd59ee86011ed4882b", Directory, 0) seconds=0.723176939 stage="disk_save"
2026-09-09T20:35:57.929548Z DEBUG transparent_shard_server::service: query stage revision=5b7ee9849d47f5ee67d04eb6ca4588beacf42dce75e5a1b481dfd02607b1fb20 table="directory" seconds=2.125e-6 stage="query_admission"
2026-09-09T20:35:57.929566Z DEBUG transparent_shard_server::service: query stage revision=5b7ee9849d47f5ee67d04eb6ca4588beacf42dce75e5a1b481dfd02607b1fb20 table="directory" seconds=4.605e-6 stage="query_runtime"
2026-09-09T20:35:57.929659Z DEBUG transparent_shard_server::service: query stage revision=5b7ee9849d47f5ee67d04eb6ca4588beacf42dce75e5a1b481dfd02607b1fb20 table="directory" seconds=1.9127e-5 stage="query_dispatch"
2026-09-09T20:35:57.947000Z DEBUG transparent_shard_server::service: query stage revision=5b7ee9849d47f5ee67d04eb6ca4588beacf42dce75e5a1b481dfd02607b1fb20 table="directory" seconds=0.017307916 stage="query_evaluate"
2026-09-09T20:35:57.947638Z DEBUG transparent_shard_server::service: query stage revision=5b7ee9849d47f5ee67d04eb6ca4588beacf42dce75e5a1b481dfd02607b1fb20 table="directory" seconds=0.039427741 stage="query_evaluate"
2026-09-09T20:35:58.102456Z DEBUG transparent_shard_server::service: query stage revision=5b7ee9849d47f5ee67d04eb6ca4588beacf42dce75e5a1b481dfd02607b1fb20 table="pages" seconds=2.296e-6 stage="query_admission"
2026-09-09T20:35:58.102495Z DEBUG transparent_shard_server::service: query stage revision=5b7ee9849d47f5ee67d04eb6ca4588beacf42dce75e5a1b481dfd02607b1fb20 table="pages" seconds=6.297e-6 stage="query_runtime"
2026-09-09T20:35:58.102584Z DEBUG transparent_shard_server::service: query stage revision=5b7ee9849d47f5ee67d04eb6ca4588beacf42dce75e5a1b481dfd02607b1fb20 table="pages" seconds=1.3737e-5 stage="query_dispatch"
2026-09-09T20:35:58.106429Z DEBUG transparent_shard_server::service: query stage revision=5b7ee9849d47f5ee67d04eb6ca4588beacf42dce75e5a1b481dfd02607b1fb20 table="pages" seconds=1.912e-6 stage="query_admission"
2026-09-09T20:35:58.106463Z DEBUG transparent_shard_server::service: query stage revision=5b7ee9849d47f5ee67d04eb6ca4588beacf42dce75e5a1b481dfd02607b1fb20 table="pages" seconds=4.638e-6 stage="query_runtime"
2026-09-09T20:35:58.106567Z DEBUG transparent_shard_server::service: query stage revision=5b7ee9849d47f5ee67d04eb6ca4588beacf42dce75e5a1b481dfd02607b1fb20 table="pages" seconds=1.9459e-5 stage="query_dispatch"
2026-09-09T20:35:58.129048Z DEBUG transparent_shard_server::service: query stage revision=5b7ee9849d47f5ee67d04eb6ca4588beacf42dce75e5a1b481dfd02607b1fb20 table="pages" seconds=0.022469382 stage="query_evaluate"
2026-09-09T20:35:58.129848Z DEBUG transparent_shard_server::service: query stage revision=5b7ee9849d47f5ee67d04eb6ca4588beacf42dce75e5a1b481dfd02607b1fb20 table="pages" seconds=0.027256355 stage="query_evaluate"
2026-09-09T20:35:58.215347Z DEBUG transparent_shard_server::runtime: construction stage geometry="recent-8k" table="pages" seconds=3.297076567 stage="pack_preprocessing"
2026-09-09T20:35:58.215683Z DEBUG transparent_shard_server::runtime: construction stage geometry="recent-8k" table="pages" seconds=0.000281132 stage="publish_parameters"
2026-09-09T20:35:58.216351Z DEBUG transparent_shard_server::runtime: runtime stage key=("be059aab39ac34125e0452548d6fbcfb1e7cdb7237a597bd59ee86011ed4882b", Pages, 0) seconds=4.649515437 stage="runtime_build"
2026-09-09T20:35:58.220218Z  INFO transparent_shard_server::service: prewarm finished warm=28 target=28 failed=0 seconds=4.810539884
2026-09-09T20:35:58.220268Z DEBUG transparent_shard_server::live: publication preparation stages map=32426d9e9300c44558210d8540b636402af2b3c322627f9e9f26e0082b489725 loading_seconds=0.583961532 warming_seconds=4.810626871
2026-09-09T20:35:58.255326Z DEBUG transparent_shard_server::runtime: runtime stage key=("5b7ee9849d47f5ee67d04eb6ca4588beacf42dce75e5a1b481dfd02607b1fb20", Directory, 0) seconds=1.247e-6 stage="restore_slot"
2026-09-09T20:35:58.277014Z  INFO transparent_shard_server::runtime: retired runtime memory reclaimed rss_before=4957831168 rss_after=4505833472
2026-09-09T20:35:58.914447Z DEBUG transparent_shard_server::runtime: runtime stage key=("268f5c527d35817d37919707b04a706c850d449156baa071b5438dbf8eb53aec", Directory, 0) seconds=1.705e-6 stage="restore_slot"
2026-09-09T20:35:58.914455Z DEBUG transparent_shard_server::runtime: runtime stage key=("268f5c527d35817d37919707b04a706c850d449156baa071b5438dbf8eb53aec", Pages, 0) seconds=1.133e-6 stage="restore_slot"
2026-09-09T20:35:58.914606Z DEBUG transparent_shard_server::runtime: runtime stage key=("268f5c527d35817d37919707b04a706c850d449156baa071b5438dbf8eb53aec", Pages, 0) seconds=3.4677e-5 hit=false stage="disk_restore"
2026-09-09T20:35:58.914633Z DEBUG transparent_shard_server::runtime: runtime stage key=("268f5c527d35817d37919707b04a706c850d449156baa071b5438dbf8eb53aec", Directory, 0) seconds=1.3315e-5 hit=false stage="disk_restore"
2026-09-09T20:35:58.914660Z DEBUG transparent_shard_server::runtime: runtime stage key=("268f5c527d35817d37919707b04a706c850d449156baa071b5438dbf8eb53aec", Pages, 0) seconds=1.194e-6 stage="build_slot"
2026-09-09T20:35:58.914687Z DEBUG transparent_shard_server::runtime: runtime stage key=("268f5c527d35817d37919707b04a706c850d449156baa071b5438dbf8eb53aec", Directory, 0) seconds=5.09e-7 stage="build_slot"
2026-09-09T20:35:58.914721Z DEBUG transparent_shard_server::memory: cold build admission wait seconds=4.3031e-5 admitted=true
2026-09-09T20:35:58.914758Z DEBUG transparent_shard_server::memory: cold build admission wait seconds=6.4766e-5 admitted=true
2026-09-09T20:35:59.038226Z DEBUG transparent_shard_server::runtime: runtime stage key=("be059aab39ac34125e0452548d6fbcfb1e7cdb7237a597bd59ee86011ed4882b", Pages, 0) seconds=0.821801949 stage="disk_save"
2026-09-09T20:35:59.055144Z DEBUG transparent_shard_server::runtime: runtime stage key=("5b7ee9849d47f5ee67d04eb6ca4588beacf42dce75e5a1b481dfd02607b1fb20", Directory, 0) seconds=0.799714267 hit=true stage="disk_restore"
2026-09-09T20:35:59.087609Z DEBUG transparent_shard_server::runtime: runtime stage key=("268f5c527d35817d37919707b04a706c850d449156baa071b5438dbf8eb53aec", Pages, 0) seconds=0.172839695 stage="source_load"
2026-09-09T20:35:59.095958Z DEBUG transparent_shard_server::runtime: runtime stage key=("268f5c527d35817d37919707b04a706c850d449156baa071b5438dbf8eb53aec", Directory, 0) seconds=0.181134506 stage="source_load"
2026-09-09T20:35:59.174256Z DEBUG transparent_shard_server::runtime: runtime stage key=("5b7ee9849d47f5ee67d04eb6ca4588beacf42dce75e5a1b481dfd02607b1fb20", Directory, 0) seconds=0.119084109 stage="source_verify"
2026-09-09T20:35:59.174286Z  INFO transparent_shard_server::runtime: restored runtime cache seconds=0.91885776
2026-09-09T20:35:59.209264Z DEBUG transparent_shard_server::service: query stage revision=5b7ee9849d47f5ee67d04eb6ca4588beacf42dce75e5a1b481dfd02607b1fb20 table="directory" seconds=2.936e-6 stage="query_admission"
2026-09-09T20:35:59.209283Z DEBUG transparent_shard_server::service: query stage revision=5b7ee9849d47f5ee67d04eb6ca4588beacf42dce75e5a1b481dfd02607b1fb20 table="directory" seconds=1.78e-6 stage="query_admission"
2026-09-09T20:35:59.209290Z DEBUG transparent_shard_server::service: query stage revision=5b7ee9849d47f5ee67d04eb6ca4588beacf42dce75e5a1b481dfd02607b1fb20 table="directory" seconds=4.33e-6 stage="query_runtime"
2026-09-09T20:35:59.209314Z DEBUG transparent_shard_server::service: query stage revision=5b7ee9849d47f5ee67d04eb6ca4588beacf42dce75e5a1b481dfd02607b1fb20 table="directory" seconds=4.227e-6 stage="query_runtime"
2026-09-09T20:35:59.209477Z DEBUG transparent_shard_server::service: query stage revision=5b7ee9849d47f5ee67d04eb6ca4588beacf42dce75e5a1b481dfd02607b1fb20 table="directory" seconds=0.000119126 stage="query_dispatch"
2026-09-09T20:35:59.212819Z DEBUG transparent_shard_server::service: query stage revision=5b7ee9849d47f5ee67d04eb6ca4588beacf42dce75e5a1b481dfd02607b1fb20 table="directory" seconds=0.003448257 stage="query_dispatch"
2026-09-09T20:35:59.234908Z DEBUG transparent_shard_server::service: query stage revision=5b7ee9849d47f5ee67d04eb6ca4588beacf42dce75e5a1b481dfd02607b1fb20 table="directory" seconds=0.025415616 stage="query_evaluate"
2026-09-09T20:35:59.235551Z DEBUG transparent_shard_server::service: query stage revision=5b7ee9849d47f5ee67d04eb6ca4588beacf42dce75e5a1b481dfd02607b1fb20 table="directory" seconds=0.022710648 stage="query_evaluate"
2026-09-09T20:35:59.395157Z DEBUG transparent_shard_server::runtime: construction stage geometry="recent-8k" table="pages" seconds=0.30751207 stage="encode_database"
2026-09-09T20:35:59.395278Z DEBUG transparent_shard_server::runtime: construction stage geometry="recent-8k" table="pages" seconds=8.6059e-5 stage="public_setup"
2026-09-09T20:35:59.410547Z DEBUG transparent_shard_server::runtime: construction stage geometry="recent-8k" table="directory" seconds=0.314565194 stage="encode_database"
2026-09-09T20:35:59.410701Z DEBUG transparent_shard_server::runtime: construction stage geometry="recent-8k" table="directory" seconds=0.000126496 stage="public_setup"
2026-09-09T20:35:59.423421Z DEBUG transparent_shard_server::service: query stage revision=be059aab39ac34125e0452548d6fbcfb1e7cdb7237a597bd59ee86011ed4882b table="pages" seconds=2.097e-6 stage="query_admission"
2026-09-09T20:35:59.423439Z DEBUG transparent_shard_server::service: query stage revision=be059aab39ac34125e0452548d6fbcfb1e7cdb7237a597bd59ee86011ed4882b table="pages" seconds=1.847e-6 stage="query_admission"
2026-09-09T20:35:59.423446Z DEBUG transparent_shard_server::service: query stage revision=be059aab39ac34125e0452548d6fbcfb1e7cdb7237a597bd59ee86011ed4882b table="pages" seconds=4.225e-6 stage="query_runtime"
2026-09-09T20:35:59.423461Z DEBUG transparent_shard_server::service: query stage revision=be059aab39ac34125e0452548d6fbcfb1e7cdb7237a597bd59ee86011ed4882b table="pages" seconds=3.543e-6 stage="query_runtime"
2026-09-09T20:35:59.423520Z DEBUG transparent_shard_server::service: query stage revision=be059aab39ac34125e0452548d6fbcfb1e7cdb7237a597bd59ee86011ed4882b table="pages" seconds=7.613e-6 stage="query_dispatch"
2026-09-09T20:35:59.426171Z DEBUG transparent_shard_server::service: query stage revision=be059aab39ac34125e0452548d6fbcfb1e7cdb7237a597bd59ee86011ed4882b table="pages" seconds=0.0026513 stage="query_dispatch"
2026-09-09T20:36:00.442577Z DEBUG transparent_shard_server::runtime: construction stage geometry="recent-8k" table="pages" seconds=1.047292583 stage="hint_columns"
2026-09-09T20:36:00.443035Z DEBUG transparent_shard_server::service: query stage revision=be059aab39ac34125e0452548d6fbcfb1e7cdb7237a597bd59ee86011ed4882b table="pages" seconds=1.019509424 stage="query_evaluate"
2026-09-09T20:36:00.443039Z DEBUG transparent_shard_server::service: query stage revision=be059aab39ac34125e0452548d6fbcfb1e7cdb7237a597bd59ee86011ed4882b table="pages" seconds=1.016849053 stage="query_evaluate"
2026-09-09T20:36:00.443216Z DEBUG transparent_shard_server::runtime: construction stage geometry="recent-8k" table="directory" seconds=1.032510907 stage="hint_columns"
2026-09-09T20:36:00.624273Z DEBUG transparent_shard_server::service: query stage revision=be059aab39ac34125e0452548d6fbcfb1e7cdb7237a597bd59ee86011ed4882b table="directory" seconds=2.414e-6 stage="query_admission"
2026-09-09T20:36:00.624311Z DEBUG transparent_shard_server::service: query stage revision=be059aab39ac34125e0452548d6fbcfb1e7cdb7237a597bd59ee86011ed4882b table="directory" seconds=6.427e-6 stage="query_runtime"
2026-09-09T20:36:00.624356Z DEBUG transparent_shard_server::service: query stage revision=be059aab39ac34125e0452548d6fbcfb1e7cdb7237a597bd59ee86011ed4882b table="directory" seconds=2.101e-6 stage="query_admission"
2026-09-09T20:36:00.624375Z DEBUG transparent_shard_server::service: query stage revision=be059aab39ac34125e0452548d6fbcfb1e7cdb7237a597bd59ee86011ed4882b table="directory" seconds=3.923e-6 stage="query_runtime"
2026-09-09T20:36:00.624405Z DEBUG transparent_shard_server::service: query stage revision=be059aab39ac34125e0452548d6fbcfb1e7cdb7237a597bd59ee86011ed4882b table="directory" seconds=2.0098e-5 stage="query_dispatch"
2026-09-09T20:36:00.624480Z DEBUG transparent_shard_server::service: query stage revision=be059aab39ac34125e0452548d6fbcfb1e7cdb7237a597bd59ee86011ed4882b table="directory" seconds=1.1703e-5 stage="query_dispatch"
2026-09-09T20:36:00.647990Z DEBUG transparent_shard_server::service: query stage revision=be059aab39ac34125e0452548d6fbcfb1e7cdb7237a597bd59ee86011ed4882b table="directory" seconds=0.023501624 stage="query_evaluate"
2026-09-09T20:36:00.648029Z DEBUG transparent_shard_server::service: query stage revision=be059aab39ac34125e0452548d6fbcfb1e7cdb7237a597bd59ee86011ed4882b table="directory" seconds=0.023610606 stage="query_evaluate"
2026-09-09T20:36:00.801017Z DEBUG transparent_shard_server::service: query stage revision=be059aab39ac34125e0452548d6fbcfb1e7cdb7237a597bd59ee86011ed4882b table="pages" seconds=2.122e-6 stage="query_admission"
2026-09-09T20:36:00.801049Z DEBUG transparent_shard_server::service: query stage revision=be059aab39ac34125e0452548d6fbcfb1e7cdb7237a597bd59ee86011ed4882b table="pages" seconds=4.135e-6 stage="query_runtime"
2026-09-09T20:36:00.801171Z DEBUG transparent_shard_server::service: query stage revision=be059aab39ac34125e0452548d6fbcfb1e7cdb7237a597bd59ee86011ed4882b table="pages" seconds=3.937e-5 stage="query_dispatch"
2026-09-09T20:36:00.802451Z DEBUG transparent_shard_server::service: query stage revision=be059aab39ac34125e0452548d6fbcfb1e7cdb7237a597bd59ee86011ed4882b table="pages" seconds=1.338e-6 stage="query_admission"
2026-09-09T20:36:00.802468Z DEBUG transparent_shard_server::service: query stage revision=be059aab39ac34125e0452548d6fbcfb1e7cdb7237a597bd59ee86011ed4882b table="pages" seconds=3.203e-6 stage="query_runtime"
2026-09-09T20:36:00.803174Z DEBUG transparent_shard_server::service: query stage revision=be059aab39ac34125e0452548d6fbcfb1e7cdb7237a597bd59ee86011ed4882b table="pages" seconds=0.000648244 stage="query_dispatch"
2026-09-09T20:36:00.824389Z DEBUG transparent_shard_server::service: query stage revision=be059aab39ac34125e0452548d6fbcfb1e7cdb7237a597bd59ee86011ed4882b table="pages" seconds=0.021195242 stage="query_evaluate"
2026-09-09T20:36:00.825062Z DEBUG transparent_shard_server::service: query stage revision=be059aab39ac34125e0452548d6fbcfb1e7cdb7237a597bd59ee86011ed4882b table="pages" seconds=0.023867122 stage="query_evaluate"
2026-09-09T20:36:00.977479Z DEBUG transparent_shard_server::service: query stage revision=be059aab39ac34125e0452548d6fbcfb1e7cdb7237a597bd59ee86011ed4882b table="directory" seconds=2.053e-6 stage="query_admission"
2026-09-09T20:36:00.977510Z DEBUG transparent_shard_server::service: query stage revision=be059aab39ac34125e0452548d6fbcfb1e7cdb7237a597bd59ee86011ed4882b table="directory" seconds=4.166e-6 stage="query_runtime"
2026-09-09T20:36:00.977568Z DEBUG transparent_shard_server::service: query stage revision=be059aab39ac34125e0452548d6fbcfb1e7cdb7237a597bd59ee86011ed4882b table="directory" seconds=1.1689e-5 stage="query_dispatch"
2026-09-09T20:36:00.978104Z DEBUG transparent_shard_server::service: query stage revision=be059aab39ac34125e0452548d6fbcfb1e7cdb7237a597bd59ee86011ed4882b table="directory" seconds=1.521e-6 stage="query_admission"
2026-09-09T20:36:00.978126Z DEBUG transparent_shard_server::service: query stage revision=be059aab39ac34125e0452548d6fbcfb1e7cdb7237a597bd59ee86011ed4882b table="directory" seconds=2.689e-6 stage="query_runtime"
2026-09-09T20:36:00.978193Z DEBUG transparent_shard_server::service: query stage revision=be059aab39ac34125e0452548d6fbcfb1e7cdb7237a597bd59ee86011ed4882b table="directory" seconds=1.4602e-5 stage="query_dispatch"
2026-09-09T20:36:00.998691Z DEBUG transparent_shard_server::service: query stage revision=be059aab39ac34125e0452548d6fbcfb1e7cdb7237a597bd59ee86011ed4882b table="directory" seconds=0.021115478 stage="query_evaluate"
2026-09-09T20:36:01.002418Z DEBUG transparent_shard_server::service: query stage revision=be059aab39ac34125e0452548d6fbcfb1e7cdb7237a597bd59ee86011ed4882b table="directory" seconds=0.024199682 stage="query_evaluate"
2026-09-09T20:36:01.151749Z DEBUG transparent_shard_server::service: query stage revision=be059aab39ac34125e0452548d6fbcfb1e7cdb7237a597bd59ee86011ed4882b table="pages" seconds=2.399e-6 stage="query_admission"
2026-09-09T20:36:01.151781Z DEBUG transparent_shard_server::service: query stage revision=be059aab39ac34125e0452548d6fbcfb1e7cdb7237a597bd59ee86011ed4882b table="pages" seconds=3.766e-6 stage="query_runtime"
2026-09-09T20:36:01.151862Z DEBUG transparent_shard_server::service: query stage revision=be059aab39ac34125e0452548d6fbcfb1e7cdb7237a597bd59ee86011ed4882b table="pages" seconds=1.2684e-5 stage="query_dispatch"
2026-09-09T20:36:01.156311Z DEBUG transparent_shard_server::service: query stage revision=be059aab39ac34125e0452548d6fbcfb1e7cdb7237a597bd59ee86011ed4882b table="pages" seconds=2.4e-6 stage="query_admission"
2026-09-09T20:36:01.156338Z DEBUG transparent_shard_server::service: query stage revision=be059aab39ac34125e0452548d6fbcfb1e7cdb7237a597bd59ee86011ed4882b table="pages" seconds=4.473e-6 stage="query_runtime"
2026-09-09T20:36:01.156417Z DEBUG transparent_shard_server::service: query stage revision=be059aab39ac34125e0452548d6fbcfb1e7cdb7237a597bd59ee86011ed4882b table="pages" seconds=1.6133e-5 stage="query_dispatch"
2026-09-09T20:36:01.176538Z DEBUG transparent_shard_server::service: query stage revision=be059aab39ac34125e0452548d6fbcfb1e7cdb7237a597bd59ee86011ed4882b table="pages" seconds=0.020115035 stage="query_evaluate"
2026-09-09T20:36:01.176537Z DEBUG transparent_shard_server::service: query stage revision=be059aab39ac34125e0452548d6fbcfb1e7cdb7237a597bd59ee86011ed4882b table="pages" seconds=0.024666891 stage="query_evaluate"
2026-09-09T20:36:01.333401Z DEBUG transparent_shard_server::service: query stage revision=be059aab39ac34125e0452548d6fbcfb1e7cdb7237a597bd59ee86011ed4882b table="directory" seconds=2.737e-6 stage="query_admission"
2026-09-09T20:36:01.333436Z DEBUG transparent_shard_server::service: query stage revision=be059aab39ac34125e0452548d6fbcfb1e7cdb7237a597bd59ee86011ed4882b table="directory" seconds=5.189e-6 stage="query_runtime"
2026-09-09T20:36:01.333525Z DEBUG transparent_shard_server::service: query stage revision=be059aab39ac34125e0452548d6fbcfb1e7cdb7237a597bd59ee86011ed4882b table="directory" seconds=2.0501e-5 stage="query_dispatch"
2026-09-09T20:36:01.333700Z DEBUG transparent_shard_server::service: query stage revision=be059aab39ac34125e0452548d6fbcfb1e7cdb7237a597bd59ee86011ed4882b table="directory" seconds=1.514e-6 stage="query_admission"
2026-09-09T20:36:01.333709Z DEBUG transparent_shard_server::service: query stage revision=be059aab39ac34125e0452548d6fbcfb1e7cdb7237a597bd59ee86011ed4882b table="directory" seconds=2.546e-6 stage="query_runtime"
2026-09-09T20:36:01.333757Z DEBUG transparent_shard_server::service: query stage revision=be059aab39ac34125e0452548d6fbcfb1e7cdb7237a597bd59ee86011ed4882b table="directory" seconds=1.0706e-5 stage="query_dispatch"
2026-09-09T20:36:01.405936Z DEBUG transparent_shard_server::service: query stage revision=be059aab39ac34125e0452548d6fbcfb1e7cdb7237a597bd59ee86011ed4882b table="directory" seconds=0.072390205 stage="query_evaluate"
2026-09-09T20:36:01.405936Z DEBUG transparent_shard_server::service: query stage revision=be059aab39ac34125e0452548d6fbcfb1e7cdb7237a597bd59ee86011ed4882b table="directory" seconds=0.072172168 stage="query_evaluate"
2026-09-09T20:36:01.565760Z DEBUG transparent_shard_server::service: query stage revision=be059aab39ac34125e0452548d6fbcfb1e7cdb7237a597bd59ee86011ed4882b table="pages" seconds=2.272e-6 stage="query_admission"
2026-09-09T20:36:01.565796Z DEBUG transparent_shard_server::service: query stage revision=be059aab39ac34125e0452548d6fbcfb1e7cdb7237a597bd59ee86011ed4882b table="pages" seconds=4.965e-6 stage="query_runtime"
2026-09-09T20:36:01.565886Z DEBUG transparent_shard_server::service: query stage revision=be059aab39ac34125e0452548d6fbcfb1e7cdb7237a597bd59ee86011ed4882b table="pages" seconds=1.4033e-5 stage="query_dispatch"
2026-09-09T20:36:01.566263Z DEBUG transparent_shard_server::service: query stage revision=be059aab39ac34125e0452548d6fbcfb1e7cdb7237a597bd59ee86011ed4882b table="pages" seconds=1.806e-6 stage="query_admission"
2026-09-09T20:36:01.566278Z DEBUG transparent_shard_server::service: query stage revision=be059aab39ac34125e0452548d6fbcfb1e7cdb7237a597bd59ee86011ed4882b table="pages" seconds=4.384e-6 stage="query_runtime"
2026-09-09T20:36:01.566337Z DEBUG transparent_shard_server::memory: work memory admission denied current=5173338112 limit=7516192768 held=1342177280 requested=268435456
2026-09-09T20:36:01.588900Z DEBUG transparent_shard_server::service: query stage revision=be059aab39ac34125e0452548d6fbcfb1e7cdb7237a597bd59ee86011ed4882b table="pages" seconds=0.0229984 stage="query_evaluate"
2026-09-09T20:36:01.747306Z DEBUG transparent_shard_server::service: query stage revision=be059aab39ac34125e0452548d6fbcfb1e7cdb7237a597bd59ee86011ed4882b table="directory" seconds=3.169e-6 stage="query_admission"
2026-09-09T20:36:01.747340Z DEBUG transparent_shard_server::service: query stage revision=be059aab39ac34125e0452548d6fbcfb1e7cdb7237a597bd59ee86011ed4882b table="directory" seconds=5.186e-6 stage="query_runtime"
2026-09-09T20:36:01.747418Z DEBUG transparent_shard_server::service: query stage revision=be059aab39ac34125e0452548d6fbcfb1e7cdb7237a597bd59ee86011ed4882b table="directory" seconds=9.022e-6 stage="query_dispatch"
2026-09-09T20:36:01.764013Z DEBUG transparent_shard_server::service: query stage revision=be059aab39ac34125e0452548d6fbcfb1e7cdb7237a597bd59ee86011ed4882b table="directory" seconds=0.016587424 stage="query_evaluate"
2026-09-09T20:36:01.773347Z DEBUG transparent_shard_server::service: query stage revision=be059aab39ac34125e0452548d6fbcfb1e7cdb7237a597bd59ee86011ed4882b table="pages" seconds=2.257e-6 stage="query_admission"
2026-09-09T20:36:01.773369Z DEBUG transparent_shard_server::service: query stage revision=be059aab39ac34125e0452548d6fbcfb1e7cdb7237a597bd59ee86011ed4882b table="pages" seconds=3.639e-6 stage="query_runtime"
2026-09-09T20:36:01.773443Z DEBUG transparent_shard_server::service: query stage revision=be059aab39ac34125e0452548d6fbcfb1e7cdb7237a597bd59ee86011ed4882b table="pages" seconds=1.2137e-5 stage="query_dispatch"
2026-09-09T20:36:01.918720Z DEBUG transparent_shard_server::service: query stage revision=be059aab39ac34125e0452548d6fbcfb1e7cdb7237a597bd59ee86011ed4882b table="pages" seconds=2.632e-6 stage="query_admission"
2026-09-09T20:36:01.918755Z DEBUG transparent_shard_server::service: query stage revision=be059aab39ac34125e0452548d6fbcfb1e7cdb7237a597bd59ee86011ed4882b table="pages" seconds=6.061e-6 stage="query_runtime"
2026-09-09T20:36:01.918827Z DEBUG transparent_shard_server::service: query stage revision=be059aab39ac34125e0452548d6fbcfb1e7cdb7237a597bd59ee86011ed4882b table="pages" seconds=1.5598e-5 stage="query_dispatch"
2026-09-09T20:36:02.681883Z DEBUG transparent_shard_server::service: query stage revision=be059aab39ac34125e0452548d6fbcfb1e7cdb7237a597bd59ee86011ed4882b table="pages" seconds=0.763048711 stage="query_evaluate"
2026-09-09T20:36:02.684493Z DEBUG transparent_shard_server::runtime: construction stage geometry="recent-8k" table="directory" seconds=2.241249107 stage="pack_preprocessing"
2026-09-09T20:36:02.684795Z DEBUG transparent_shard_server::runtime: construction stage geometry="recent-8k" table="directory" seconds=0.00026736 stage="publish_parameters"
2026-09-09T20:36:02.688406Z DEBUG transparent_shard_server::runtime: runtime stage key=("268f5c527d35817d37919707b04a706c850d449156baa071b5438dbf8eb53aec", Directory, 0) seconds=3.59242483 stage="runtime_build"
2026-09-09T20:36:02.693426Z DEBUG transparent_shard_server::service: query stage revision=be059aab39ac34125e0452548d6fbcfb1e7cdb7237a597bd59ee86011ed4882b table="pages" seconds=0.919970612 stage="query_evaluate"
2026-09-09T20:36:02.698130Z DEBUG transparent_shard_server::runtime: construction stage geometry="recent-8k" table="pages" seconds=2.255518618 stage="pack_preprocessing"
2026-09-09T20:36:02.698411Z DEBUG transparent_shard_server::runtime: construction stage geometry="recent-8k" table="pages" seconds=0.000262349 stage="publish_parameters"
2026-09-09T20:36:02.698939Z DEBUG transparent_shard_server::runtime: runtime stage key=("268f5c527d35817d37919707b04a706c850d449156baa071b5438dbf8eb53aec", Pages, 0) seconds=3.611296081 stage="runtime_build"
2026-09-09T20:36:02.699001Z  INFO transparent_shard_server::service: prewarm finished warm=28 target=28 failed=0 seconds=3.7846084859999998
2026-09-09T20:36:02.699022Z DEBUG transparent_shard_server::live: publication preparation stages map=12cbb58695cd66166197842d179b61598c15effb06ad32efcd899a13e36e7b10 loading_seconds=0.692054711 warming_seconds=3.784810998
2026-09-09T20:36:02.842988Z DEBUG transparent_shard_server::service: query stage revision=be059aab39ac34125e0452548d6fbcfb1e7cdb7237a597bd59ee86011ed4882b table="directory" seconds=2.357e-6 stage="query_admission"
2026-09-09T20:36:02.843012Z DEBUG transparent_shard_server::service: query stage revision=be059aab39ac34125e0452548d6fbcfb1e7cdb7237a597bd59ee86011ed4882b table="directory" seconds=4.137e-6 stage="query_runtime"
2026-09-09T20:36:02.843103Z DEBUG transparent_shard_server::service: query stage revision=be059aab39ac34125e0452548d6fbcfb1e7cdb7237a597bd59ee86011ed4882b table="directory" seconds=1.7957e-5 stage="query_dispatch"
2026-09-09T20:36:02.848486Z DEBUG transparent_shard_server::service: query stage revision=be059aab39ac34125e0452548d6fbcfb1e7cdb7237a597bd59ee86011ed4882b table="directory" seconds=1.551e-6 stage="query_admission"
2026-09-09T20:36:02.848506Z DEBUG transparent_shard_server::service: query stage revision=be059aab39ac34125e0452548d6fbcfb1e7cdb7237a597bd59ee86011ed4882b table="directory" seconds=3.905e-6 stage="query_runtime"
2026-09-09T20:36:02.848583Z DEBUG transparent_shard_server::service: query stage revision=be059aab39ac34125e0452548d6fbcfb1e7cdb7237a597bd59ee86011ed4882b table="directory" seconds=2.2335e-5 stage="query_dispatch"
2026-09-09T20:36:02.862023Z DEBUG transparent_shard_server::service: query stage revision=be059aab39ac34125e0452548d6fbcfb1e7cdb7237a597bd59ee86011ed4882b table="directory" seconds=0.018903797 stage="query_evaluate"
2026-09-09T20:36:02.862915Z DEBUG transparent_shard_server::service: query stage revision=be059aab39ac34125e0452548d6fbcfb1e7cdb7237a597bd59ee86011ed4882b table="directory" seconds=0.014316675 stage="query_evaluate"
2026-09-09T20:36:03.044443Z DEBUG transparent_shard_server::service: query stage revision=268f5c527d35817d37919707b04a706c850d449156baa071b5438dbf8eb53aec table="pages" seconds=2.342e-6 stage="query_admission"
2026-09-09T20:36:03.044470Z DEBUG transparent_shard_server::service: query stage revision=268f5c527d35817d37919707b04a706c850d449156baa071b5438dbf8eb53aec table="pages" seconds=4.499e-6 stage="query_runtime"
2026-09-09T20:36:03.044556Z DEBUG transparent_shard_server::service: query stage revision=268f5c527d35817d37919707b04a706c850d449156baa071b5438dbf8eb53aec table="pages" seconds=1.4146e-5 stage="query_dispatch"
2026-09-09T20:36:03.047046Z DEBUG transparent_shard_server::service: query stage revision=268f5c527d35817d37919707b04a706c850d449156baa071b5438dbf8eb53aec table="pages" seconds=3.202e-6 stage="query_admission"
2026-09-09T20:36:03.047080Z DEBUG transparent_shard_server::service: query stage revision=268f5c527d35817d37919707b04a706c850d449156baa071b5438dbf8eb53aec table="pages" seconds=4.459e-6 stage="query_runtime"
2026-09-09T20:36:03.047154Z DEBUG transparent_shard_server::service: query stage revision=268f5c527d35817d37919707b04a706c850d449156baa071b5438dbf8eb53aec table="pages" seconds=1.9457e-5 stage="query_dispatch"
2026-09-09T20:36:03.062344Z DEBUG transparent_shard_server::service: query stage revision=268f5c527d35817d37919707b04a706c850d449156baa071b5438dbf8eb53aec table="pages" seconds=0.017772206 stage="query_evaluate"
2026-09-09T20:36:03.062390Z DEBUG transparent_shard_server::service: query stage revision=268f5c527d35817d37919707b04a706c850d449156baa071b5438dbf8eb53aec table="pages" seconds=0.015207863 stage="query_evaluate"
2026-09-09T20:36:03.259915Z DEBUG transparent_shard_server::service: query stage revision=268f5c527d35817d37919707b04a706c850d449156baa071b5438dbf8eb53aec table="directory" seconds=2.001e-6 stage="query_admission"
2026-09-09T20:36:03.259945Z DEBUG transparent_shard_server::service: query stage revision=268f5c527d35817d37919707b04a706c850d449156baa071b5438dbf8eb53aec table="directory" seconds=4.129e-6 stage="query_runtime"
2026-09-09T20:36:03.260042Z DEBUG transparent_shard_server::service: query stage revision=268f5c527d35817d37919707b04a706c850d449156baa071b5438dbf8eb53aec table="directory" seconds=2.4605e-5 stage="query_dispatch"
2026-09-09T20:36:03.260100Z DEBUG transparent_shard_server::service: query stage revision=268f5c527d35817d37919707b04a706c850d449156baa071b5438dbf8eb53aec table="directory" seconds=1.155e-6 stage="query_admission"
2026-09-09T20:36:03.260111Z DEBUG transparent_shard_server::service: query stage revision=268f5c527d35817d37919707b04a706c850d449156baa071b5438dbf8eb53aec table="directory" seconds=3.327e-6 stage="query_runtime"
2026-09-09T20:36:03.260183Z DEBUG transparent_shard_server::service: query stage revision=268f5c527d35817d37919707b04a706c850d449156baa071b5438dbf8eb53aec table="directory" seconds=4.1641e-5 stage="query_dispatch"
2026-09-09T20:36:03.282343Z DEBUG transparent_shard_server::service: query stage revision=268f5c527d35817d37919707b04a706c850d449156baa071b5438dbf8eb53aec table="directory" seconds=0.022139142 stage="query_evaluate"
2026-09-09T20:36:03.282348Z DEBUG transparent_shard_server::service: query stage revision=268f5c527d35817d37919707b04a706c850d449156baa071b5438dbf8eb53aec table="directory" seconds=0.022284007 stage="query_evaluate"
2026-09-09T20:36:03.354932Z DEBUG transparent_shard_server::runtime: runtime stage key=("268f5c527d35817d37919707b04a706c850d449156baa071b5438dbf8eb53aec", Directory, 0) seconds=0.666485229 stage="disk_save"
2026-09-09T20:36:03.438963Z DEBUG transparent_shard_server::service: query stage revision=268f5c527d35817d37919707b04a706c850d449156baa071b5438dbf8eb53aec table="pages" seconds=2.049e-6 stage="query_admission"
2026-09-09T20:36:03.438987Z DEBUG transparent_shard_server::service: query stage revision=268f5c527d35817d37919707b04a706c850d449156baa071b5438dbf8eb53aec table="pages" seconds=4.837e-6 stage="query_runtime"
2026-09-09T20:36:03.439098Z DEBUG transparent_shard_server::service: query stage revision=268f5c527d35817d37919707b04a706c850d449156baa071b5438dbf8eb53aec table="pages" seconds=3.2249e-5 stage="query_dispatch"
2026-09-09T20:36:03.439216Z DEBUG transparent_shard_server::service: query stage revision=268f5c527d35817d37919707b04a706c850d449156baa071b5438dbf8eb53aec table="pages" seconds=9.73e-7 stage="query_admission"
2026-09-09T20:36:03.439236Z DEBUG transparent_shard_server::service: query stage revision=268f5c527d35817d37919707b04a706c850d449156baa071b5438dbf8eb53aec table="pages" seconds=1.0778e-5 stage="query_runtime"
2026-09-09T20:36:03.439299Z DEBUG transparent_shard_server::service: query stage revision=268f5c527d35817d37919707b04a706c850d449156baa071b5438dbf8eb53aec table="pages" seconds=2.5179e-5 stage="query_dispatch"
2026-09-09T20:36:03.454665Z DEBUG transparent_shard_server::service: query stage revision=268f5c527d35817d37919707b04a706c850d449156baa071b5438dbf8eb53aec table="pages" seconds=0.015546091 stage="query_evaluate"
2026-09-09T20:36:03.456697Z DEBUG transparent_shard_server::service: query stage revision=268f5c527d35817d37919707b04a706c850d449156baa071b5438dbf8eb53aec table="pages" seconds=0.017361621 stage="query_evaluate"
2026-09-09T20:36:04.022719Z DEBUG transparent_shard_server::runtime: runtime stage key=("268f5c527d35817d37919707b04a706c850d449156baa071b5438dbf8eb53aec", Pages, 0) seconds=1.3237471109999999 stage="disk_save"
test burst::publication_burst_under_exact_load ... ok

test result: ok. 1 passed; 0 failed; 0 ignored; 0 measured; 16 filtered out; finished in 71.17s

Finished with result: success
Main processes terminated with: code=exited/status=0
Service runtime: 1min 11.216s
CPU time consumed: 3min 44.819s
Memory peak: 768.0K
Memory swap peak: 0B
