Running as unit: transparent-full-burst-4a846f1f74bb41b38ec8fa11e52931b8.service; invocation ID: d7e4ebb0c7ad44aebc4b0fe27f0f12cb

running 1 test
2026-09-09T20:40:48.542787Z DEBUG transparent_shard_server::runtime: runtime stage key=("5b7ee9849d47f5ee67d04eb6ca4588beacf42dce75e5a1b481dfd02607b1fb20", Directory, 0) seconds=3.64e-6 stage="restore_slot"
2026-09-09T20:40:48.542790Z DEBUG transparent_shard_server::runtime: runtime stage key=("5b7ee9849d47f5ee67d04eb6ca4588beacf42dce75e5a1b481dfd02607b1fb20", Pages, 0) seconds=4.118e-6 stage="restore_slot"
2026-09-09T20:40:48.542864Z DEBUG transparent_shard_server::runtime: runtime stage key=("1f5d7213a380745d83cc554ad16bdf9e039a0304d0de0b71376828e1838d0ea4", Pages, 0) seconds=2.371e-6 stage="restore_slot"
2026-09-09T20:40:48.542839Z DEBUG transparent_shard_server::runtime: runtime stage key=("1f5d7213a380745d83cc554ad16bdf9e039a0304d0de0b71376828e1838d0ea4", Directory, 0) seconds=2.568e-6 stage="restore_slot"
2026-09-09T20:40:48.543350Z DEBUG transparent_shard_server::runtime: runtime stage key=("1f5d7213a380745d83cc554ad16bdf9e039a0304d0de0b71376828e1838d0ea4", Pages, 0) seconds=4.2504e-5 hit=false stage="disk_restore"
2026-09-09T20:40:48.543365Z DEBUG transparent_shard_server::runtime: runtime stage key=("5b7ee9849d47f5ee67d04eb6ca4588beacf42dce75e5a1b481dfd02607b1fb20", Directory, 0) seconds=4.5214e-5 hit=false stage="disk_restore"
2026-09-09T20:40:48.543379Z DEBUG transparent_shard_server::runtime: runtime stage key=("1f5d7213a380745d83cc554ad16bdf9e039a0304d0de0b71376828e1838d0ea4", Directory, 0) seconds=2.6767e-5 hit=false stage="disk_restore"
2026-09-09T20:40:48.543389Z DEBUG transparent_shard_server::runtime: runtime stage key=("5b7ee9849d47f5ee67d04eb6ca4588beacf42dce75e5a1b481dfd02607b1fb20", Pages, 0) seconds=1.0807e-5 hit=false stage="disk_restore"
2026-09-09T20:40:48.543401Z DEBUG transparent_shard_server::runtime: runtime stage key=("1f5d7213a380745d83cc554ad16bdf9e039a0304d0de0b71376828e1838d0ea4", Pages, 0) seconds=1.12e-6 stage="build_slot"
2026-09-09T20:40:48.543445Z DEBUG transparent_shard_server::memory: cold build admission wait seconds=3.9907e-5 admitted=true
2026-09-09T20:40:48.543455Z DEBUG transparent_shard_server::runtime: runtime stage key=("5b7ee9849d47f5ee67d04eb6ca4588beacf42dce75e5a1b481dfd02607b1fb20", Directory, 0) seconds=2.8e-7 stage="build_slot"
2026-09-09T20:40:48.543482Z DEBUG transparent_shard_server::memory: cold build admission wait seconds=2.4668e-5 admitted=true
2026-09-09T20:40:48.690573Z DEBUG transparent_shard_server::runtime: runtime stage key=("5b7ee9849d47f5ee67d04eb6ca4588beacf42dce75e5a1b481dfd02607b1fb20", Directory, 0) seconds=0.147073069 stage="source_load"
2026-09-09T20:40:48.695897Z DEBUG transparent_shard_server::runtime: runtime stage key=("1f5d7213a380745d83cc554ad16bdf9e039a0304d0de0b71376828e1838d0ea4", Pages, 0) seconds=0.152428332 stage="source_load"
2026-09-09T20:40:48.992545Z DEBUG transparent_shard_server::runtime: construction stage geometry="recent-8k" table="directory" seconds=0.301931271 stage="encode_database"
2026-09-09T20:40:48.992648Z DEBUG transparent_shard_server::runtime: construction stage geometry="recent-8k" table="directory" seconds=6.2985e-5 stage="public_setup"
2026-09-09T20:40:49.000006Z DEBUG transparent_shard_server::runtime: construction stage geometry="recent-8k" table="pages" seconds=0.304075004 stage="encode_database"
2026-09-09T20:40:49.000095Z DEBUG transparent_shard_server::runtime: construction stage geometry="recent-8k" table="pages" seconds=6.0545e-5 stage="public_setup"
2026-09-09T20:40:50.070790Z DEBUG transparent_shard_server::runtime: construction stage geometry="recent-8k" table="pages" seconds=1.070690048 stage="hint_columns"
2026-09-09T20:40:50.074214Z DEBUG transparent_shard_server::runtime: construction stage geometry="recent-8k" table="directory" seconds=1.081560217 stage="hint_columns"
2026-09-09T20:40:52.294082Z DEBUG transparent_shard_server::runtime: construction stage geometry="recent-8k" table="pages" seconds=2.223253345 stage="pack_preprocessing"
2026-09-09T20:40:52.294409Z DEBUG transparent_shard_server::runtime: construction stage geometry="recent-8k" table="pages" seconds=0.000277398 stage="publish_parameters"
2026-09-09T20:40:52.294955Z DEBUG transparent_shard_server::runtime: runtime stage key=("1f5d7213a380745d83cc554ad16bdf9e039a0304d0de0b71376828e1838d0ea4", Pages, 0) seconds=3.599025191 stage="runtime_build"
2026-09-09T20:40:52.297196Z DEBUG transparent_shard_server::runtime: runtime stage key=("1f5d7213a380745d83cc554ad16bdf9e039a0304d0de0b71376828e1838d0ea4", Directory, 0) seconds=3.753705579 stage="build_slot"
2026-09-09T20:40:52.297306Z DEBUG transparent_shard_server::memory: cold build admission wait seconds=7.3371e-5 admitted=true
2026-09-09T20:40:52.298221Z DEBUG transparent_shard_server::runtime: runtime stage key=("ca7afe810c988a8b4b561668f3456a9f38d1fdbb0776614e07ddfeb1a2132000", Directory, 0) seconds=8.35e-7 stage="restore_slot"
2026-09-09T20:40:52.300439Z DEBUG transparent_shard_server::runtime: runtime stage key=("ca7afe810c988a8b4b561668f3456a9f38d1fdbb0776614e07ddfeb1a2132000", Directory, 0) seconds=4.1279e-5 hit=false stage="disk_restore"
2026-09-09T20:40:52.314044Z DEBUG transparent_shard_server::runtime: construction stage geometry="recent-8k" table="directory" seconds=2.239801978 stage="pack_preprocessing"
2026-09-09T20:40:52.314378Z DEBUG transparent_shard_server::runtime: construction stage geometry="recent-8k" table="directory" seconds=0.00029915 stage="publish_parameters"
2026-09-09T20:40:52.314922Z DEBUG transparent_shard_server::runtime: runtime stage key=("5b7ee9849d47f5ee67d04eb6ca4588beacf42dce75e5a1b481dfd02607b1fb20", Directory, 0) seconds=3.624309058 stage="runtime_build"
2026-09-09T20:40:52.316475Z DEBUG transparent_shard_server::runtime: runtime stage key=("5b7ee9849d47f5ee67d04eb6ca4588beacf42dce75e5a1b481dfd02607b1fb20", Pages, 0) seconds=3.772983842 stage="build_slot"
2026-09-09T20:40:52.316580Z DEBUG transparent_shard_server::memory: cold build admission wait seconds=8.1506e-5 admitted=true
2026-09-09T20:40:52.316611Z DEBUG transparent_shard_server::runtime: runtime stage key=("ca7afe810c988a8b4b561668f3456a9f38d1fdbb0776614e07ddfeb1a2132000", Pages, 0) seconds=6.81e-7 stage="restore_slot"
2026-09-09T20:40:52.316699Z DEBUG transparent_shard_server::runtime: runtime stage key=("ca7afe810c988a8b4b561668f3456a9f38d1fdbb0776614e07ddfeb1a2132000", Pages, 0) seconds=2.6333e-5 hit=false stage="disk_restore"
2026-09-09T20:40:52.442007Z DEBUG transparent_shard_server::runtime: runtime stage key=("1f5d7213a380745d83cc554ad16bdf9e039a0304d0de0b71376828e1838d0ea4", Directory, 0) seconds=0.141602905 stage="source_load"
2026-09-09T20:40:52.461122Z DEBUG transparent_shard_server::runtime: runtime stage key=("5b7ee9849d47f5ee67d04eb6ca4588beacf42dce75e5a1b481dfd02607b1fb20", Pages, 0) seconds=0.144503304 stage="source_load"
2026-09-09T20:40:52.746601Z DEBUG transparent_shard_server::runtime: construction stage geometry="recent-8k" table="directory" seconds=0.304561121 stage="encode_database"
2026-09-09T20:40:52.746718Z DEBUG transparent_shard_server::runtime: construction stage geometry="recent-8k" table="directory" seconds=7.1163e-5 stage="public_setup"
2026-09-09T20:40:52.783643Z DEBUG transparent_shard_server::runtime: construction stage geometry="recent-8k" table="pages" seconds=0.322484009 stage="encode_database"
2026-09-09T20:40:52.783734Z DEBUG transparent_shard_server::runtime: construction stage geometry="recent-8k" table="pages" seconds=5.8219e-5 stage="public_setup"
2026-09-09T20:40:53.055810Z DEBUG transparent_shard_server::runtime: runtime stage key=("1f5d7213a380745d83cc554ad16bdf9e039a0304d0de0b71376828e1838d0ea4", Pages, 0) seconds=0.758482008 stage="disk_save"
2026-09-09T20:40:53.967220Z DEBUG transparent_shard_server::runtime: construction stage geometry="recent-8k" table="pages" seconds=1.183480364 stage="hint_columns"
2026-09-09T20:40:53.976259Z DEBUG transparent_shard_server::runtime: construction stage geometry="recent-8k" table="directory" seconds=1.229534299 stage="hint_columns"
2026-09-09T20:40:54.230724Z DEBUG transparent_shard_server::runtime: runtime stage key=("5b7ee9849d47f5ee67d04eb6ca4588beacf42dce75e5a1b481dfd02607b1fb20", Directory, 0) seconds=1.914275298 stage="disk_save"
2026-09-09T20:40:56.194677Z DEBUG transparent_shard_server::runtime: construction stage geometry="recent-8k" table="pages" seconds=2.227424723 stage="pack_preprocessing"
2026-09-09T20:40:56.194966Z DEBUG transparent_shard_server::runtime: construction stage geometry="recent-8k" table="pages" seconds=0.000251422 stage="publish_parameters"
2026-09-09T20:40:56.195510Z DEBUG transparent_shard_server::runtime: runtime stage key=("5b7ee9849d47f5ee67d04eb6ca4588beacf42dce75e5a1b481dfd02607b1fb20", Pages, 0) seconds=3.734352868 stage="runtime_build"
2026-09-09T20:40:56.195588Z DEBUG transparent_shard_server::runtime: runtime stage key=("ca7afe810c988a8b4b561668f3456a9f38d1fdbb0776614e07ddfeb1a2132000", Directory, 0) seconds=3.895114254 stage="build_slot"
2026-09-09T20:40:56.195690Z DEBUG transparent_shard_server::memory: cold build admission wait seconds=7.9171e-5 admitted=true
2026-09-09T20:40:56.195721Z DEBUG transparent_shard_server::runtime: runtime stage key=("95df7205357fe2d9c962d2b41daded841e05afa7b6fc8d06dfec46ad04e15335", Directory, 0) seconds=4.87e-7 stage="restore_slot"
2026-09-09T20:40:56.195830Z DEBUG transparent_shard_server::runtime: runtime stage key=("95df7205357fe2d9c962d2b41daded841e05afa7b6fc8d06dfec46ad04e15335", Directory, 0) seconds=2.8097e-5 hit=false stage="disk_restore"
2026-09-09T20:40:56.213786Z DEBUG transparent_shard_server::runtime: construction stage geometry="recent-8k" table="directory" seconds=2.237495232 stage="pack_preprocessing"
2026-09-09T20:40:56.214083Z DEBUG transparent_shard_server::runtime: construction stage geometry="recent-8k" table="directory" seconds=0.000265493 stage="publish_parameters"
2026-09-09T20:40:56.214785Z DEBUG transparent_shard_server::runtime: runtime stage key=("1f5d7213a380745d83cc554ad16bdf9e039a0304d0de0b71376828e1838d0ea4", Directory, 0) seconds=3.772747409 stage="runtime_build"
2026-09-09T20:40:56.214823Z DEBUG transparent_shard_server::runtime: runtime stage key=("ca7afe810c988a8b4b561668f3456a9f38d1fdbb0776614e07ddfeb1a2132000", Pages, 0) seconds=3.8980984 stage="build_slot"
2026-09-09T20:40:56.214902Z DEBUG transparent_shard_server::memory: cold build admission wait seconds=7.4853e-5 admitted=true
2026-09-09T20:40:56.215240Z DEBUG transparent_shard_server::runtime: runtime stage key=("95df7205357fe2d9c962d2b41daded841e05afa7b6fc8d06dfec46ad04e15335", Pages, 0) seconds=5.04e-7 stage="restore_slot"
2026-09-09T20:40:56.215387Z DEBUG transparent_shard_server::runtime: runtime stage key=("95df7205357fe2d9c962d2b41daded841e05afa7b6fc8d06dfec46ad04e15335", Pages, 0) seconds=2.7216e-5 hit=false stage="disk_restore"
2026-09-09T20:40:56.357161Z DEBUG transparent_shard_server::runtime: runtime stage key=("ca7afe810c988a8b4b561668f3456a9f38d1fdbb0776614e07ddfeb1a2132000", Directory, 0) seconds=0.161435158 stage="source_load"
2026-09-09T20:40:56.373734Z DEBUG transparent_shard_server::runtime: runtime stage key=("ca7afe810c988a8b4b561668f3456a9f38d1fdbb0776614e07ddfeb1a2132000", Pages, 0) seconds=0.158519701 stage="source_load"
2026-09-09T20:40:56.658949Z DEBUG transparent_shard_server::runtime: construction stage geometry="recent-8k" table="directory" seconds=0.301748584 stage="encode_database"
2026-09-09T20:40:56.659046Z DEBUG transparent_shard_server::runtime: construction stage geometry="recent-8k" table="directory" seconds=6.7782e-5 stage="public_setup"
2026-09-09T20:40:56.689746Z DEBUG transparent_shard_server::runtime: construction stage geometry="recent-8k" table="pages" seconds=0.315979867 stage="encode_database"
2026-09-09T20:40:56.689854Z DEBUG transparent_shard_server::runtime: construction stage geometry="recent-8k" table="pages" seconds=6.5705e-5 stage="public_setup"
2026-09-09T20:40:56.921328Z DEBUG transparent_shard_server::runtime: runtime stage key=("5b7ee9849d47f5ee67d04eb6ca4588beacf42dce75e5a1b481dfd02607b1fb20", Pages, 0) seconds=0.725766195 stage="disk_save"
2026-09-09T20:40:57.911312Z DEBUG transparent_shard_server::runtime: construction stage geometry="recent-8k" table="pages" seconds=1.22145161 stage="hint_columns"
2026-09-09T20:40:57.917297Z DEBUG transparent_shard_server::runtime: construction stage geometry="recent-8k" table="directory" seconds=1.25824473 stage="hint_columns"
2026-09-09T20:40:58.122335Z DEBUG transparent_shard_server::runtime: runtime stage key=("1f5d7213a380745d83cc554ad16bdf9e039a0304d0de0b71376828e1838d0ea4", Directory, 0) seconds=1.9071011100000002 stage="disk_save"
2026-09-09T20:41:00.149831Z DEBUG transparent_shard_server::runtime: construction stage geometry="recent-8k" table="pages" seconds=2.238476106 stage="pack_preprocessing"
2026-09-09T20:41:00.150134Z DEBUG transparent_shard_server::runtime: construction stage geometry="recent-8k" table="pages" seconds=0.000261747 stage="publish_parameters"
2026-09-09T20:41:00.150748Z DEBUG transparent_shard_server::runtime: runtime stage key=("ca7afe810c988a8b4b561668f3456a9f38d1fdbb0776614e07ddfeb1a2132000", Pages, 0) seconds=3.776984414 stage="runtime_build"
2026-09-09T20:41:00.150926Z DEBUG transparent_shard_server::runtime: runtime stage key=("73d46a59d0d03d7616f9a47e53b50448d4c5a3504e6e296600d8884c8c4403b8", Directory, 0) seconds=1.689e-6 stage="restore_slot"
2026-09-09T20:41:00.151071Z DEBUG transparent_shard_server::runtime: runtime stage key=("95df7205357fe2d9c962d2b41daded841e05afa7b6fc8d06dfec46ad04e15335", Directory, 0) seconds=3.95521416 stage="build_slot"
2026-09-09T20:41:00.151105Z DEBUG transparent_shard_server::memory: cold build admission wait seconds=2.7007e-5 admitted=true
2026-09-09T20:41:00.151122Z DEBUG transparent_shard_server::runtime: runtime stage key=("73d46a59d0d03d7616f9a47e53b50448d4c5a3504e6e296600d8884c8c4403b8", Directory, 0) seconds=4.8906e-5 hit=false stage="disk_restore"
2026-09-09T20:41:00.151280Z DEBUG transparent_shard_server::runtime: construction stage geometry="recent-8k" table="directory" seconds=2.233956962 stage="pack_preprocessing"
2026-09-09T20:41:00.151592Z DEBUG transparent_shard_server::runtime: construction stage geometry="recent-8k" table="directory" seconds=0.000293559 stage="publish_parameters"
2026-09-09T20:41:00.152272Z DEBUG transparent_shard_server::runtime: runtime stage key=("ca7afe810c988a8b4b561668f3456a9f38d1fdbb0776614e07ddfeb1a2132000", Directory, 0) seconds=3.795073968 stage="runtime_build"
2026-09-09T20:41:00.153290Z DEBUG transparent_shard_server::runtime: runtime stage key=("95df7205357fe2d9c962d2b41daded841e05afa7b6fc8d06dfec46ad04e15335", Pages, 0) seconds=3.937888969 stage="build_slot"
2026-09-09T20:41:00.153310Z DEBUG transparent_shard_server::runtime: runtime stage key=("73d46a59d0d03d7616f9a47e53b50448d4c5a3504e6e296600d8884c8c4403b8", Pages, 0) seconds=7.32e-7 stage="restore_slot"
2026-09-09T20:41:00.153365Z DEBUG transparent_shard_server::memory: cold build admission wait seconds=6.1927e-5 admitted=true
2026-09-09T20:41:00.154112Z DEBUG transparent_shard_server::runtime: runtime stage key=("73d46a59d0d03d7616f9a47e53b50448d4c5a3504e6e296600d8884c8c4403b8", Pages, 0) seconds=2.6956e-5 hit=false stage="disk_restore"
2026-09-09T20:41:00.290898Z DEBUG transparent_shard_server::runtime: runtime stage key=("95df7205357fe2d9c962d2b41daded841e05afa7b6fc8d06dfec46ad04e15335", Pages, 0) seconds=0.136750054 stage="source_load"
2026-09-09T20:41:00.295193Z DEBUG transparent_shard_server::runtime: runtime stage key=("95df7205357fe2d9c962d2b41daded841e05afa7b6fc8d06dfec46ad04e15335", Directory, 0) seconds=0.144055567 stage="source_load"
2026-09-09T20:41:00.594147Z DEBUG transparent_shard_server::runtime: construction stage geometry="recent-8k" table="pages" seconds=0.30321677 stage="encode_database"
2026-09-09T20:41:00.594256Z DEBUG transparent_shard_server::runtime: construction stage geometry="recent-8k" table="pages" seconds=7.502e-5 stage="public_setup"
2026-09-09T20:41:00.600655Z DEBUG transparent_shard_server::runtime: construction stage geometry="recent-8k" table="directory" seconds=0.305431971 stage="encode_database"
2026-09-09T20:41:00.600769Z DEBUG transparent_shard_server::runtime: construction stage geometry="recent-8k" table="directory" seconds=5.9623e-5 stage="public_setup"
2026-09-09T20:41:01.047082Z DEBUG transparent_shard_server::runtime: runtime stage key=("ca7afe810c988a8b4b561668f3456a9f38d1fdbb0776614e07ddfeb1a2132000", Pages, 0) seconds=0.896041215 stage="disk_save"
2026-09-09T20:41:01.803526Z DEBUG transparent_shard_server::runtime: construction stage geometry="recent-8k" table="directory" seconds=1.202738935 stage="hint_columns"
2026-09-09T20:41:01.805322Z DEBUG transparent_shard_server::runtime: construction stage geometry="recent-8k" table="pages" seconds=1.211058928 stage="hint_columns"
2026-09-09T20:41:02.142027Z DEBUG transparent_shard_server::runtime: runtime stage key=("ca7afe810c988a8b4b561668f3456a9f38d1fdbb0776614e07ddfeb1a2132000", Directory, 0) seconds=1.989727223 stage="disk_save"
2026-09-09T20:41:04.021210Z DEBUG transparent_shard_server::runtime: construction stage geometry="recent-8k" table="pages" seconds=2.215855644 stage="pack_preprocessing"
2026-09-09T20:41:04.021513Z DEBUG transparent_shard_server::runtime: construction stage geometry="recent-8k" table="pages" seconds=0.000262835 stage="publish_parameters"
2026-09-09T20:41:04.022297Z DEBUG transparent_shard_server::runtime: runtime stage key=("95df7205357fe2d9c962d2b41daded841e05afa7b6fc8d06dfec46ad04e15335", Pages, 0) seconds=3.7313695129999997 stage="runtime_build"
2026-09-09T20:41:04.022353Z DEBUG transparent_shard_server::runtime: runtime stage key=("73d46a59d0d03d7616f9a47e53b50448d4c5a3504e6e296600d8884c8c4403b8", Directory, 0) seconds=3.869064152 stage="build_slot"
2026-09-09T20:41:04.022372Z DEBUG transparent_shard_server::runtime: runtime stage key=("b16be2933ab920bc4745ea8917e5167a7a685c211e0b4febe88b4d3018f970bc", Directory, 0) seconds=1.788e-6 stage="restore_slot"
2026-09-09T20:41:04.022461Z DEBUG transparent_shard_server::memory: cold build admission wait seconds=8.5413e-5 admitted=true
2026-09-09T20:41:04.022508Z DEBUG transparent_shard_server::runtime: runtime stage key=("b16be2933ab920bc4745ea8917e5167a7a685c211e0b4febe88b4d3018f970bc", Directory, 0) seconds=2.9132e-5 hit=false stage="disk_restore"
2026-09-09T20:41:04.026365Z DEBUG transparent_shard_server::runtime: construction stage geometry="recent-8k" table="directory" seconds=2.222798686 stage="pack_preprocessing"
2026-09-09T20:41:04.026663Z DEBUG transparent_shard_server::runtime: construction stage geometry="recent-8k" table="directory" seconds=0.000270673 stage="publish_parameters"
2026-09-09T20:41:04.027254Z DEBUG transparent_shard_server::runtime: runtime stage key=("95df7205357fe2d9c962d2b41daded841e05afa7b6fc8d06dfec46ad04e15335", Directory, 0) seconds=3.732034272 stage="runtime_build"
2026-09-09T20:41:04.027297Z DEBUG transparent_shard_server::runtime: runtime stage key=("73d46a59d0d03d7616f9a47e53b50448d4c5a3504e6e296600d8884c8c4403b8", Pages, 0) seconds=3.87315045 stage="build_slot"
2026-09-09T20:41:04.027326Z DEBUG transparent_shard_server::runtime: runtime stage key=("b16be2933ab920bc4745ea8917e5167a7a685c211e0b4febe88b4d3018f970bc", Pages, 0) seconds=8.05e-7 stage="restore_slot"
2026-09-09T20:41:04.027381Z DEBUG transparent_shard_server::memory: cold build admission wait seconds=6.8733e-5 admitted=true
2026-09-09T20:41:04.030219Z DEBUG transparent_shard_server::runtime: runtime stage key=("b16be2933ab920bc4745ea8917e5167a7a685c211e0b4febe88b4d3018f970bc", Pages, 0) seconds=2.9574e-5 hit=false stage="disk_restore"
2026-09-09T20:41:04.168926Z DEBUG transparent_shard_server::runtime: runtime stage key=("73d46a59d0d03d7616f9a47e53b50448d4c5a3504e6e296600d8884c8c4403b8", Directory, 0) seconds=0.146403507 stage="source_load"
2026-09-09T20:41:04.177756Z DEBUG transparent_shard_server::runtime: runtime stage key=("73d46a59d0d03d7616f9a47e53b50448d4c5a3504e6e296600d8884c8c4403b8", Pages, 0) seconds=0.147572345 stage="source_load"
2026-09-09T20:41:04.462963Z DEBUG transparent_shard_server::runtime: construction stage geometry="recent-8k" table="directory" seconds=0.29398747 stage="encode_database"
2026-09-09T20:41:04.463062Z DEBUG transparent_shard_server::runtime: construction stage geometry="recent-8k" table="directory" seconds=6.7304e-5 stage="public_setup"
2026-09-09T20:41:04.483041Z DEBUG transparent_shard_server::runtime: construction stage geometry="recent-8k" table="pages" seconds=0.3052361 stage="encode_database"
2026-09-09T20:41:04.483170Z DEBUG transparent_shard_server::runtime: construction stage geometry="recent-8k" table="pages" seconds=9.2417e-5 stage="public_setup"
2026-09-09T20:41:04.937237Z DEBUG transparent_shard_server::runtime: runtime stage key=("95df7205357fe2d9c962d2b41daded841e05afa7b6fc8d06dfec46ad04e15335", Pages, 0) seconds=0.914808642 stage="disk_save"
2026-09-09T20:41:05.708246Z DEBUG transparent_shard_server::runtime: construction stage geometry="recent-8k" table="pages" seconds=1.225065614 stage="hint_columns"
2026-09-09T20:41:05.711316Z DEBUG transparent_shard_server::runtime: construction stage geometry="recent-8k" table="directory" seconds=1.248233436 stage="hint_columns"
2026-09-09T20:41:06.037762Z DEBUG transparent_shard_server::runtime: runtime stage key=("95df7205357fe2d9c962d2b41daded841e05afa7b6fc8d06dfec46ad04e15335", Directory, 0) seconds=2.008526609 stage="disk_save"
2026-09-09T20:41:07.836269Z DEBUG transparent_shard_server::runtime: construction stage geometry="recent-8k" table="directory" seconds=2.124924516 stage="pack_preprocessing"
2026-09-09T20:41:07.836591Z DEBUG transparent_shard_server::runtime: construction stage geometry="recent-8k" table="directory" seconds=0.000279735 stage="publish_parameters"
2026-09-09T20:41:07.837388Z DEBUG transparent_shard_server::runtime: runtime stage key=("73d46a59d0d03d7616f9a47e53b50448d4c5a3504e6e296600d8884c8c4403b8", Directory, 0) seconds=3.668413904 stage="runtime_build"
2026-09-09T20:41:07.838202Z DEBUG transparent_shard_server::runtime: runtime stage key=("b16be2933ab920bc4745ea8917e5167a7a685c211e0b4febe88b4d3018f970bc", Directory, 0) seconds=3.815667251 stage="build_slot"
2026-09-09T20:41:07.838295Z DEBUG transparent_shard_server::memory: cold build admission wait seconds=8.2681e-5 admitted=true
2026-09-09T20:41:07.838331Z DEBUG transparent_shard_server::runtime: runtime stage key=("16b8227360ce35dd2e111156f5e31fd5eb500ff877879a212fef6cf8471de8a5", Directory, 0) seconds=7.26e-7 stage="restore_slot"
2026-09-09T20:41:07.843269Z DEBUG transparent_shard_server::runtime: runtime stage key=("16b8227360ce35dd2e111156f5e31fd5eb500ff877879a212fef6cf8471de8a5", Directory, 0) seconds=4.3846e-5 hit=false stage="disk_restore"
2026-09-09T20:41:08.060060Z DEBUG transparent_shard_server::runtime: runtime stage key=("b16be2933ab920bc4745ea8917e5167a7a685c211e0b4febe88b4d3018f970bc", Directory, 0) seconds=0.216848185 stage="source_load"
2026-09-09T20:41:08.352503Z DEBUG transparent_shard_server::runtime: construction stage geometry="recent-8k" table="directory" seconds=0.292413521 stage="encode_database"
2026-09-09T20:41:08.352607Z DEBUG transparent_shard_server::runtime: construction stage geometry="recent-8k" table="directory" seconds=7.2038e-5 stage="public_setup"
2026-09-09T20:41:08.673130Z DEBUG transparent_shard_server::runtime: runtime stage key=("73d46a59d0d03d7616f9a47e53b50448d4c5a3504e6e296600d8884c8c4403b8", Directory, 0) seconds=0.832937403 stage="disk_save"
2026-09-09T20:41:09.197138Z DEBUG transparent_shard_server::runtime: construction stage geometry="recent-8k" table="directory" seconds=0.844524577 stage="hint_columns"
2026-09-09T20:41:09.199721Z DEBUG transparent_shard_server::runtime: construction stage geometry="recent-8k" table="pages" seconds=3.491439653 stage="pack_preprocessing"
2026-09-09T20:41:09.200015Z DEBUG transparent_shard_server::runtime: construction stage geometry="recent-8k" table="pages" seconds=0.000264118 stage="publish_parameters"
2026-09-09T20:41:09.200623Z DEBUG transparent_shard_server::runtime: runtime stage key=("73d46a59d0d03d7616f9a47e53b50448d4c5a3504e6e296600d8884c8c4403b8", Pages, 0) seconds=5.022821038 stage="runtime_build"
2026-09-09T20:41:09.200688Z DEBUG transparent_shard_server::runtime: runtime stage key=("b16be2933ab920bc4745ea8917e5167a7a685c211e0b4febe88b4d3018f970bc", Pages, 0) seconds=5.170436534 stage="build_slot"
2026-09-09T20:41:09.200791Z DEBUG transparent_shard_server::memory: cold build admission wait seconds=7.4259e-5 admitted=true
2026-09-09T20:41:09.200870Z DEBUG transparent_shard_server::runtime: runtime stage key=("16b8227360ce35dd2e111156f5e31fd5eb500ff877879a212fef6cf8471de8a5", Pages, 0) seconds=4.45e-7 stage="restore_slot"
2026-09-09T20:41:09.200935Z DEBUG transparent_shard_server::runtime: runtime stage key=("16b8227360ce35dd2e111156f5e31fd5eb500ff877879a212fef6cf8471de8a5", Pages, 0) seconds=1.7444e-5 hit=false stage="disk_restore"
2026-09-09T20:41:09.333482Z DEBUG transparent_shard_server::runtime: runtime stage key=("b16be2933ab920bc4745ea8917e5167a7a685c211e0b4febe88b4d3018f970bc", Pages, 0) seconds=0.13267327 stage="source_load"
2026-09-09T20:41:09.631657Z DEBUG transparent_shard_server::runtime: construction stage geometry="recent-8k" table="pages" seconds=0.298144537 stage="encode_database"
2026-09-09T20:41:09.631755Z DEBUG transparent_shard_server::runtime: construction stage geometry="recent-8k" table="pages" seconds=7.0815e-5 stage="public_setup"
2026-09-09T20:41:10.080492Z DEBUG transparent_shard_server::runtime: runtime stage key=("73d46a59d0d03d7616f9a47e53b50448d4c5a3504e6e296600d8884c8c4403b8", Pages, 0) seconds=0.879803725 stage="disk_save"
2026-09-09T20:41:10.407047Z DEBUG transparent_shard_server::runtime: construction stage geometry="recent-8k" table="pages" seconds=0.775285592 stage="hint_columns"
2026-09-09T20:41:11.553840Z DEBUG transparent_shard_server::runtime: construction stage geometry="recent-8k" table="directory" seconds=2.356652454 stage="pack_preprocessing"
2026-09-09T20:41:11.554130Z DEBUG transparent_shard_server::runtime: construction stage geometry="recent-8k" table="directory" seconds=0.00025038 stage="publish_parameters"
2026-09-09T20:41:11.557866Z DEBUG transparent_shard_server::runtime: runtime stage key=("b16be2933ab920bc4745ea8917e5167a7a685c211e0b4febe88b4d3018f970bc", Directory, 0) seconds=3.49777652 stage="runtime_build"
2026-09-09T20:41:11.557953Z DEBUG transparent_shard_server::runtime: runtime stage key=("16b8227360ce35dd2e111156f5e31fd5eb500ff877879a212fef6cf8471de8a5", Directory, 0) seconds=3.714633306 stage="build_slot"
2026-09-09T20:41:11.558048Z DEBUG transparent_shard_server::memory: cold build admission wait seconds=7.5297e-5 admitted=true
2026-09-09T20:41:11.562424Z DEBUG transparent_shard_server::runtime: runtime stage key=("1cd27964911287b2a127c1f8df5e6b0c19f5b4db309391c5adb2db3072bfec6e", Directory, 0) seconds=1.531e-6 stage="restore_slot"
2026-09-09T20:41:11.562610Z DEBUG transparent_shard_server::runtime: runtime stage key=("1cd27964911287b2a127c1f8df5e6b0c19f5b4db309391c5adb2db3072bfec6e", Directory, 0) seconds=5.6367e-5 hit=false stage="disk_restore"
2026-09-09T20:41:11.747819Z DEBUG transparent_shard_server::runtime: runtime stage key=("16b8227360ce35dd2e111156f5e31fd5eb500ff877879a212fef6cf8471de8a5", Directory, 0) seconds=0.189739399 stage="source_load"
2026-09-09T20:41:12.053010Z DEBUG transparent_shard_server::runtime: construction stage geometry="recent-8k" table="directory" seconds=0.305155681 stage="encode_database"
2026-09-09T20:41:12.053111Z DEBUG transparent_shard_server::runtime: construction stage geometry="recent-8k" table="directory" seconds=7.1621e-5 stage="public_setup"
2026-09-09T20:41:12.291559Z DEBUG transparent_shard_server::runtime: runtime stage key=("b16be2933ab920bc4745ea8917e5167a7a685c211e0b4febe88b4d3018f970bc", Directory, 0) seconds=0.73363405 stage="disk_save"
2026-09-09T20:41:12.908689Z DEBUG transparent_shard_server::runtime: construction stage geometry="recent-8k" table="directory" seconds=0.855571562 stage="hint_columns"
2026-09-09T20:41:12.911132Z DEBUG transparent_shard_server::runtime: construction stage geometry="recent-8k" table="pages" seconds=2.504046688 stage="pack_preprocessing"
2026-09-09T20:41:12.911411Z DEBUG transparent_shard_server::runtime: construction stage geometry="recent-8k" table="pages" seconds=0.00024783 stage="publish_parameters"
2026-09-09T20:41:12.912106Z DEBUG transparent_shard_server::runtime: runtime stage key=("b16be2933ab920bc4745ea8917e5167a7a685c211e0b4febe88b4d3018f970bc", Pages, 0) seconds=3.5785956309999998 stage="runtime_build"
2026-09-09T20:41:12.912154Z DEBUG transparent_shard_server::runtime: runtime stage key=("16b8227360ce35dd2e111156f5e31fd5eb500ff877879a212fef6cf8471de8a5", Pages, 0) seconds=3.708968539 stage="build_slot"
2026-09-09T20:41:12.912249Z DEBUG transparent_shard_server::memory: cold build admission wait seconds=9.0656e-5 admitted=true
2026-09-09T20:41:12.914273Z DEBUG transparent_shard_server::runtime: runtime stage key=("1cd27964911287b2a127c1f8df5e6b0c19f5b4db309391c5adb2db3072bfec6e", Pages, 0) seconds=2.204e-6 stage="restore_slot"
2026-09-09T20:41:12.914403Z DEBUG transparent_shard_server::runtime: runtime stage key=("1cd27964911287b2a127c1f8df5e6b0c19f5b4db309391c5adb2db3072bfec6e", Pages, 0) seconds=2.502e-5 hit=false stage="disk_restore"
2026-09-09T20:41:13.047874Z DEBUG transparent_shard_server::runtime: runtime stage key=("16b8227360ce35dd2e111156f5e31fd5eb500ff877879a212fef6cf8471de8a5", Pages, 0) seconds=0.135571683 stage="source_load"
2026-09-09T20:41:13.339800Z DEBUG transparent_shard_server::runtime: construction stage geometry="recent-8k" table="pages" seconds=0.291892668 stage="encode_database"
2026-09-09T20:41:13.339904Z DEBUG transparent_shard_server::runtime: construction stage geometry="recent-8k" table="pages" seconds=7.1716e-5 stage="public_setup"
2026-09-09T20:41:13.824497Z DEBUG transparent_shard_server::runtime: runtime stage key=("b16be2933ab920bc4745ea8917e5167a7a685c211e0b4febe88b4d3018f970bc", Pages, 0) seconds=0.912183529 stage="disk_save"
2026-09-09T20:41:14.132786Z DEBUG transparent_shard_server::runtime: construction stage geometry="recent-8k" table="pages" seconds=0.79287543 stage="hint_columns"
2026-09-09T20:41:15.295437Z DEBUG transparent_shard_server::runtime: construction stage geometry="recent-8k" table="directory" seconds=2.386703434 stage="pack_preprocessing"
2026-09-09T20:41:15.295803Z DEBUG transparent_shard_server::runtime: construction stage geometry="recent-8k" table="directory" seconds=0.00032665 stage="publish_parameters"
2026-09-09T20:41:15.296492Z DEBUG transparent_shard_server::runtime: runtime stage key=("16b8227360ce35dd2e111156f5e31fd5eb500ff877879a212fef6cf8471de8a5", Directory, 0) seconds=3.548639317 stage="runtime_build"
2026-09-09T20:41:15.297219Z DEBUG transparent_shard_server::runtime: runtime stage key=("27f56c565263ecffb8c7736d4e811665d81bf4ed71c7978431fcc4f45b645ee1", Directory, 0) seconds=1.176e-6 stage="restore_slot"
2026-09-09T20:41:15.297339Z DEBUG transparent_shard_server::runtime: runtime stage key=("1cd27964911287b2a127c1f8df5e6b0c19f5b4db309391c5adb2db3072bfec6e", Directory, 0) seconds=3.732592061 stage="build_slot"
2026-09-09T20:41:15.297369Z DEBUG transparent_shard_server::memory: cold build admission wait seconds=2.4328e-5 admitted=true
2026-09-09T20:41:15.299205Z DEBUG transparent_shard_server::runtime: runtime stage key=("27f56c565263ecffb8c7736d4e811665d81bf4ed71c7978431fcc4f45b645ee1", Directory, 0) seconds=3.3256e-5 hit=false stage="disk_restore"
2026-09-09T20:41:15.447665Z DEBUG transparent_shard_server::runtime: runtime stage key=("1cd27964911287b2a127c1f8df5e6b0c19f5b4db309391c5adb2db3072bfec6e", Directory, 0) seconds=0.148425476 stage="source_load"
2026-09-09T20:41:15.741944Z DEBUG transparent_shard_server::runtime: construction stage geometry="recent-8k" table="directory" seconds=0.294246978 stage="encode_database"
2026-09-09T20:41:15.742041Z DEBUG transparent_shard_server::runtime: construction stage geometry="recent-8k" table="directory" seconds=6.6206e-5 stage="public_setup"
2026-09-09T20:41:16.095209Z DEBUG transparent_shard_server::runtime: runtime stage key=("16b8227360ce35dd2e111156f5e31fd5eb500ff877879a212fef6cf8471de8a5", Directory, 0) seconds=0.798647148 stage="disk_save"
2026-09-09T20:41:16.653453Z DEBUG transparent_shard_server::runtime: construction stage geometry="recent-8k" table="pages" seconds=2.520624381 stage="pack_preprocessing"
2026-09-09T20:41:16.653783Z DEBUG transparent_shard_server::runtime: construction stage geometry="recent-8k" table="pages" seconds=0.000275228 stage="publish_parameters"
2026-09-09T20:41:16.654534Z DEBUG transparent_shard_server::runtime: runtime stage key=("16b8227360ce35dd2e111156f5e31fd5eb500ff877879a212fef6cf8471de8a5", Pages, 0) seconds=3.606628362 stage="runtime_build"
2026-09-09T20:41:16.655193Z DEBUG transparent_shard_server::runtime: runtime stage key=("1cd27964911287b2a127c1f8df5e6b0c19f5b4db309391c5adb2db3072bfec6e", Pages, 0) seconds=3.740224842 stage="build_slot"
2026-09-09T20:41:16.655221Z DEBUG transparent_shard_server::runtime: runtime stage key=("27f56c565263ecffb8c7736d4e811665d81bf4ed71c7978431fcc4f45b645ee1", Pages, 0) seconds=1.193e-6 stage="restore_slot"
2026-09-09T20:41:16.655277Z DEBUG transparent_shard_server::memory: cold build admission wait seconds=7.4842e-5 admitted=true
2026-09-09T20:41:16.655415Z DEBUG transparent_shard_server::runtime: runtime stage key=("27f56c565263ecffb8c7736d4e811665d81bf4ed71c7978431fcc4f45b645ee1", Pages, 0) seconds=3.4454e-5 hit=false stage="disk_restore"
2026-09-09T20:41:16.673334Z DEBUG transparent_shard_server::runtime: construction stage geometry="recent-8k" table="directory" seconds=0.931284637 stage="hint_columns"
2026-09-09T20:41:16.796547Z DEBUG transparent_shard_server::runtime: runtime stage key=("1cd27964911287b2a127c1f8df5e6b0c19f5b4db309391c5adb2db3072bfec6e", Pages, 0) seconds=0.141238528 stage="source_load"
2026-09-09T20:41:17.098529Z DEBUG transparent_shard_server::runtime: construction stage geometry="recent-8k" table="pages" seconds=0.301943222 stage="encode_database"
2026-09-09T20:41:17.098663Z DEBUG transparent_shard_server::runtime: construction stage geometry="recent-8k" table="pages" seconds=0.000102026 stage="public_setup"
2026-09-09T20:41:17.371195Z DEBUG transparent_shard_server::runtime: runtime stage key=("16b8227360ce35dd2e111156f5e31fd5eb500ff877879a212fef6cf8471de8a5", Pages, 0) seconds=0.716563502 stage="disk_save"
2026-09-09T20:41:17.872203Z DEBUG transparent_shard_server::runtime: construction stage geometry="recent-8k" table="pages" seconds=0.773532124 stage="hint_columns"
2026-09-09T20:41:19.041854Z DEBUG transparent_shard_server::runtime: construction stage geometry="recent-8k" table="directory" seconds=2.368479937 stage="pack_preprocessing"
2026-09-09T20:41:19.042147Z DEBUG transparent_shard_server::runtime: construction stage geometry="recent-8k" table="directory" seconds=0.000253229 stage="publish_parameters"
2026-09-09T20:41:19.043179Z DEBUG transparent_shard_server::runtime: runtime stage key=("1cd27964911287b2a127c1f8df5e6b0c19f5b4db309391c5adb2db3072bfec6e", Directory, 0) seconds=3.595483437 stage="runtime_build"
2026-09-09T20:41:19.043238Z DEBUG transparent_shard_server::runtime: runtime stage key=("27f56c565263ecffb8c7736d4e811665d81bf4ed71c7978431fcc4f45b645ee1", Directory, 0) seconds=3.7439872530000002 stage="build_slot"
2026-09-09T20:41:19.043261Z DEBUG transparent_shard_server::runtime: runtime stage key=("ced665ae1f1140944bcd0c9aa2b83c1019df768df87fa513f9509106fc5b88c1", Directory, 0) seconds=1.443e-6 stage="restore_slot"
2026-09-09T20:41:19.043337Z DEBUG transparent_shard_server::memory: cold build admission wait seconds=7.7949e-5 admitted=true
2026-09-09T20:41:19.043388Z DEBUG transparent_shard_server::runtime: runtime stage key=("ced665ae1f1140944bcd0c9aa2b83c1019df768df87fa513f9509106fc5b88c1", Directory, 0) seconds=3.0842e-5 hit=false stage="disk_restore"
2026-09-09T20:41:19.234646Z DEBUG transparent_shard_server::runtime: runtime stage key=("27f56c565263ecffb8c7736d4e811665d81bf4ed71c7978431fcc4f45b645ee1", Directory, 0) seconds=0.191242563 stage="source_load"
2026-09-09T20:41:19.526641Z DEBUG transparent_shard_server::runtime: construction stage geometry="recent-8k" table="directory" seconds=0.291959048 stage="encode_database"
2026-09-09T20:41:19.526743Z DEBUG transparent_shard_server::runtime: construction stage geometry="recent-8k" table="directory" seconds=7.0603e-5 stage="public_setup"
2026-09-09T20:41:19.840128Z DEBUG transparent_shard_server::runtime: runtime stage key=("1cd27964911287b2a127c1f8df5e6b0c19f5b4db309391c5adb2db3072bfec6e", Directory, 0) seconds=0.796891289 stage="disk_save"
2026-09-09T20:41:20.394012Z DEBUG transparent_shard_server::runtime: construction stage geometry="recent-8k" table="pages" seconds=2.521764202 stage="pack_preprocessing"
2026-09-09T20:41:20.398299Z DEBUG transparent_shard_server::runtime: construction stage geometry="recent-8k" table="pages" seconds=0.004245497 stage="publish_parameters"
2026-09-09T20:41:20.399079Z DEBUG transparent_shard_server::runtime: runtime stage key=("1cd27964911287b2a127c1f8df5e6b0c19f5b4db309391c5adb2db3072bfec6e", Pages, 0) seconds=3.602495589 stage="runtime_build"
2026-09-09T20:41:20.402184Z DEBUG transparent_shard_server::runtime: runtime stage key=("27f56c565263ecffb8c7736d4e811665d81bf4ed71c7978431fcc4f45b645ee1", Pages, 0) seconds=3.7439992909999997 stage="build_slot"
2026-09-09T20:41:20.402225Z DEBUG transparent_shard_server::runtime: runtime stage key=("ced665ae1f1140944bcd0c9aa2b83c1019df768df87fa513f9509106fc5b88c1", Pages, 0) seconds=9.02e-7 stage="restore_slot"
2026-09-09T20:41:20.402269Z DEBUG transparent_shard_server::memory: cold build admission wait seconds=6.7883e-5 admitted=true
2026-09-09T20:41:20.402422Z DEBUG transparent_shard_server::runtime: runtime stage key=("ced665ae1f1140944bcd0c9aa2b83c1019df768df87fa513f9509106fc5b88c1", Pages, 0) seconds=4.8259e-5 hit=false stage="disk_restore"
2026-09-09T20:41:20.402484Z DEBUG transparent_shard_server::runtime: construction stage geometry="recent-8k" table="directory" seconds=0.875725488 stage="hint_columns"
2026-09-09T20:41:20.549795Z DEBUG transparent_shard_server::runtime: runtime stage key=("27f56c565263ecffb8c7736d4e811665d81bf4ed71c7978431fcc4f45b645ee1", Pages, 0) seconds=0.147458564 stage="source_load"
2026-09-09T20:41:20.840525Z DEBUG transparent_shard_server::runtime: construction stage geometry="recent-8k" table="pages" seconds=0.290696685 stage="encode_database"
2026-09-09T20:41:20.840631Z DEBUG transparent_shard_server::runtime: construction stage geometry="recent-8k" table="pages" seconds=7.316e-5 stage="public_setup"
2026-09-09T20:41:21.109601Z DEBUG transparent_shard_server::runtime: runtime stage key=("1cd27964911287b2a127c1f8df5e6b0c19f5b4db309391c5adb2db3072bfec6e", Pages, 0) seconds=0.710375665 stage="disk_save"
2026-09-09T20:41:21.612089Z DEBUG transparent_shard_server::runtime: construction stage geometry="recent-8k" table="pages" seconds=0.771450331 stage="hint_columns"
2026-09-09T20:41:22.733879Z DEBUG transparent_shard_server::runtime: construction stage geometry="recent-8k" table="directory" seconds=2.331381439 stage="pack_preprocessing"
2026-09-09T20:41:22.734188Z DEBUG transparent_shard_server::runtime: construction stage geometry="recent-8k" table="directory" seconds=0.000267386 stage="publish_parameters"
2026-09-09T20:41:22.734803Z DEBUG transparent_shard_server::runtime: runtime stage key=("27f56c565263ecffb8c7736d4e811665d81bf4ed71c7978431fcc4f45b645ee1", Directory, 0) seconds=3.500123663 stage="runtime_build"
2026-09-09T20:41:22.734855Z DEBUG transparent_shard_server::runtime: runtime stage key=("ced665ae1f1140944bcd0c9aa2b83c1019df768df87fa513f9509106fc5b88c1", Directory, 0) seconds=3.691437895 stage="build_slot"
2026-09-09T20:41:22.734948Z DEBUG transparent_shard_server::memory: cold build admission wait seconds=7.3216e-5 admitted=true
2026-09-09T20:41:22.738227Z DEBUG transparent_shard_server::runtime: runtime stage key=("2d4497bf9e8bafc6139ee4e57114238a7ecfa0782702939922bf2a79b1fe05bf", Directory, 0) seconds=1.203e-6 stage="restore_slot"
2026-09-09T20:41:22.738374Z DEBUG transparent_shard_server::runtime: runtime stage key=("2d4497bf9e8bafc6139ee4e57114238a7ecfa0782702939922bf2a79b1fe05bf", Directory, 0) seconds=4.7251e-5 hit=false stage="disk_restore"
2026-09-09T20:41:22.919154Z DEBUG transparent_shard_server::runtime: runtime stage key=("ced665ae1f1140944bcd0c9aa2b83c1019df768df87fa513f9509106fc5b88c1", Directory, 0) seconds=0.184188725 stage="source_load"
2026-09-09T20:41:23.218633Z DEBUG transparent_shard_server::runtime: construction stage geometry="recent-8k" table="directory" seconds=0.299430682 stage="encode_database"
2026-09-09T20:41:23.218742Z DEBUG transparent_shard_server::runtime: construction stage geometry="recent-8k" table="directory" seconds=6.8839e-5 stage="public_setup"
2026-09-09T20:41:23.682190Z DEBUG transparent_shard_server::runtime: runtime stage key=("27f56c565263ecffb8c7736d4e811665d81bf4ed71c7978431fcc4f45b645ee1", Directory, 0) seconds=0.947345795 stage="disk_save"
2026-09-09T20:41:23.781619Z DEBUG transparent_shard_server::runtime: construction stage geometry="recent-8k" table="pages" seconds=2.169489192 stage="pack_preprocessing"
2026-09-09T20:41:23.781904Z DEBUG transparent_shard_server::runtime: construction stage geometry="recent-8k" table="pages" seconds=0.000249915 stage="publish_parameters"
2026-09-09T20:41:23.785622Z DEBUG transparent_shard_server::runtime: runtime stage key=("27f56c565263ecffb8c7736d4e811665d81bf4ed71c7978431fcc4f45b645ee1", Pages, 0) seconds=3.235795238 stage="runtime_build"
2026-09-09T20:41:23.785678Z DEBUG transparent_shard_server::runtime: runtime stage key=("ced665ae1f1140944bcd0c9aa2b83c1019df768df87fa513f9509106fc5b88c1", Pages, 0) seconds=3.383217942 stage="build_slot"
2026-09-09T20:41:23.785703Z DEBUG transparent_shard_server::runtime: runtime stage key=("2d4497bf9e8bafc6139ee4e57114238a7ecfa0782702939922bf2a79b1fe05bf", Pages, 0) seconds=1.058e-6 stage="restore_slot"
2026-09-09T20:41:23.785767Z DEBUG transparent_shard_server::memory: cold build admission wait seconds=7.145e-5 admitted=true
2026-09-09T20:41:23.785812Z DEBUG transparent_shard_server::runtime: runtime stage key=("2d4497bf9e8bafc6139ee4e57114238a7ecfa0782702939922bf2a79b1fe05bf", Pages, 0) seconds=2.3008e-5 hit=false stage="disk_restore"
2026-09-09T20:41:24.056476Z DEBUG transparent_shard_server::runtime: runtime stage key=("ced665ae1f1140944bcd0c9aa2b83c1019df768df87fa513f9509106fc5b88c1", Pages, 0) seconds=0.26728121 stage="source_load"
2026-09-09T20:41:24.169867Z DEBUG transparent_shard_server::runtime: construction stage geometry="recent-8k" table="directory" seconds=0.951119086 stage="hint_columns"
2026-09-09T20:41:24.386934Z DEBUG transparent_shard_server::runtime: construction stage geometry="recent-8k" table="pages" seconds=0.330428379 stage="encode_database"
2026-09-09T20:41:24.387028Z DEBUG transparent_shard_server::runtime: construction stage geometry="recent-8k" table="pages" seconds=6.7669e-5 stage="public_setup"
2026-09-09T20:41:24.676763Z DEBUG transparent_shard_server::runtime: runtime stage key=("27f56c565263ecffb8c7736d4e811665d81bf4ed71c7978431fcc4f45b645ee1", Pages, 0) seconds=0.891087685 stage="disk_save"
2026-09-09T20:41:25.222226Z DEBUG transparent_shard_server::runtime: construction stage geometry="recent-8k" table="pages" seconds=0.835191506 stage="hint_columns"
2026-09-09T20:41:26.362746Z DEBUG transparent_shard_server::runtime: construction stage geometry="recent-8k" table="directory" seconds=2.192854084 stage="pack_preprocessing"
2026-09-09T20:41:26.363045Z DEBUG transparent_shard_server::runtime: construction stage geometry="recent-8k" table="directory" seconds=0.000261071 stage="publish_parameters"
2026-09-09T20:41:26.363698Z DEBUG transparent_shard_server::runtime: runtime stage key=("ced665ae1f1140944bcd0c9aa2b83c1019df768df87fa513f9509106fc5b88c1", Directory, 0) seconds=3.444496903 stage="runtime_build"
2026-09-09T20:41:26.363765Z DEBUG transparent_shard_server::runtime: runtime stage key=("2d4497bf9e8bafc6139ee4e57114238a7ecfa0782702939922bf2a79b1fe05bf", Directory, 0) seconds=3.622568974 stage="build_slot"
2026-09-09T20:41:26.363787Z DEBUG transparent_shard_server::runtime: runtime stage key=("a4bd72b37c0aafb265c77bb09cbc402cf69b65a87a1fabc8a0f12614b35469be", Directory, 0) seconds=9.01e-7 stage="restore_slot"
2026-09-09T20:41:26.363864Z DEBUG transparent_shard_server::memory: cold build admission wait seconds=7.964e-5 admitted=true
2026-09-09T20:41:26.363906Z DEBUG transparent_shard_server::runtime: runtime stage key=("a4bd72b37c0aafb265c77bb09cbc402cf69b65a87a1fabc8a0f12614b35469be", Directory, 0) seconds=2.9112e-5 hit=false stage="disk_restore"
2026-09-09T20:41:26.606882Z DEBUG transparent_shard_server::runtime: runtime stage key=("2d4497bf9e8bafc6139ee4e57114238a7ecfa0782702939922bf2a79b1fe05bf", Directory, 0) seconds=0.242949359 stage="source_load"
2026-09-09T20:41:26.915529Z DEBUG transparent_shard_server::runtime: construction stage geometry="recent-8k" table="directory" seconds=0.308615747 stage="encode_database"
2026-09-09T20:41:26.915648Z DEBUG transparent_shard_server::runtime: construction stage geometry="recent-8k" table="directory" seconds=7.3444e-5 stage="public_setup"
2026-09-09T20:41:27.267294Z DEBUG transparent_shard_server::runtime: runtime stage key=("ced665ae1f1140944bcd0c9aa2b83c1019df768df87fa513f9509106fc5b88c1", Directory, 0) seconds=0.903304173 stage="disk_save"
2026-09-09T20:41:27.704332Z DEBUG transparent_shard_server::runtime: construction stage geometry="recent-8k" table="directory" seconds=0.788676958 stage="hint_columns"
2026-09-09T20:41:27.706769Z DEBUG transparent_shard_server::runtime: construction stage geometry="recent-8k" table="pages" seconds=2.484505166 stage="pack_preprocessing"
2026-09-09T20:41:27.707067Z DEBUG transparent_shard_server::runtime: construction stage geometry="recent-8k" table="pages" seconds=0.000271139 stage="publish_parameters"
2026-09-09T20:41:27.707737Z DEBUG transparent_shard_server::runtime: runtime stage key=("ced665ae1f1140944bcd0c9aa2b83c1019df768df87fa513f9509106fc5b88c1", Pages, 0) seconds=3.651233193 stage="runtime_build"
2026-09-09T20:41:27.707790Z DEBUG transparent_shard_server::runtime: runtime stage key=("2d4497bf9e8bafc6139ee4e57114238a7ecfa0782702939922bf2a79b1fe05bf", Pages, 0) seconds=3.918597469 stage="build_slot"
2026-09-09T20:41:27.707885Z DEBUG transparent_shard_server::memory: cold build admission wait seconds=7.9035e-5 admitted=true
2026-09-09T20:41:27.708206Z DEBUG transparent_shard_server::runtime: runtime stage key=("a4bd72b37c0aafb265c77bb09cbc402cf69b65a87a1fabc8a0f12614b35469be", Pages, 0) seconds=1.168e-6 stage="restore_slot"
2026-09-09T20:41:27.710334Z DEBUG transparent_shard_server::runtime: runtime stage key=("a4bd72b37c0aafb265c77bb09cbc402cf69b65a87a1fabc8a0f12614b35469be", Pages, 0) seconds=2.771e-5 hit=false stage="disk_restore"
2026-09-09T20:41:27.844410Z DEBUG transparent_shard_server::runtime: runtime stage key=("2d4497bf9e8bafc6139ee4e57114238a7ecfa0782702939922bf2a79b1fe05bf", Pages, 0) seconds=0.134109756 stage="source_load"
2026-09-09T20:41:28.144937Z DEBUG transparent_shard_server::runtime: construction stage geometry="recent-8k" table="pages" seconds=0.300498831 stage="encode_database"
2026-09-09T20:41:28.145041Z DEBUG transparent_shard_server::runtime: construction stage geometry="recent-8k" table="pages" seconds=7.8058e-5 stage="public_setup"
2026-09-09T20:41:28.438454Z DEBUG transparent_shard_server::runtime: runtime stage key=("ced665ae1f1140944bcd0c9aa2b83c1019df768df87fa513f9509106fc5b88c1", Pages, 0) seconds=0.728224823 stage="disk_save"
2026-09-09T20:41:28.929239Z DEBUG transparent_shard_server::runtime: construction stage geometry="recent-8k" table="pages" seconds=0.784191621 stage="hint_columns"
2026-09-09T20:41:30.081028Z DEBUG transparent_shard_server::runtime: construction stage geometry="recent-8k" table="directory" seconds=2.376656559 stage="pack_preprocessing"
2026-09-09T20:41:30.081349Z DEBUG transparent_shard_server::runtime: construction stage geometry="recent-8k" table="directory" seconds=0.000267128 stage="publish_parameters"
2026-09-09T20:41:30.082119Z DEBUG transparent_shard_server::runtime: runtime stage key=("2d4497bf9e8bafc6139ee4e57114238a7ecfa0782702939922bf2a79b1fe05bf", Directory, 0) seconds=3.475206836 stage="runtime_build"
2026-09-09T20:41:30.085200Z DEBUG transparent_shard_server::runtime: runtime stage key=("a4bd72b37c0aafb265c77bb09cbc402cf69b65a87a1fabc8a0f12614b35469be", Directory, 0) seconds=3.721252662 stage="build_slot"
2026-09-09T20:41:30.085239Z DEBUG transparent_shard_server::runtime: runtime stage key=("c907a0aa45b2551520863990845279fd25135889865e088c2dad6ea0d32b8fde", Directory, 0) seconds=1.138e-6 stage="restore_slot"
2026-09-09T20:41:30.085298Z DEBUG transparent_shard_server::memory: cold build admission wait seconds=7.3397e-5 admitted=true
2026-09-09T20:41:30.085460Z DEBUG transparent_shard_server::runtime: runtime stage key=("c907a0aa45b2551520863990845279fd25135889865e088c2dad6ea0d32b8fde", Directory, 0) seconds=3.6801e-5 hit=false stage="disk_restore"
2026-09-09T20:41:30.266807Z DEBUG transparent_shard_server::runtime: runtime stage key=("a4bd72b37c0aafb265c77bb09cbc402cf69b65a87a1fabc8a0f12614b35469be", Directory, 0) seconds=0.181464693 stage="source_load"
2026-09-09T20:41:30.558923Z DEBUG transparent_shard_server::runtime: construction stage geometry="recent-8k" table="directory" seconds=0.292083042 stage="encode_database"
2026-09-09T20:41:30.559032Z DEBUG transparent_shard_server::runtime: construction stage geometry="recent-8k" table="directory" seconds=7.1058e-5 stage="public_setup"
2026-09-09T20:41:31.047202Z DEBUG transparent_shard_server::runtime: runtime stage key=("2d4497bf9e8bafc6139ee4e57114238a7ecfa0782702939922bf2a79b1fe05bf", Directory, 0) seconds=0.965022506 stage="disk_save"
2026-09-09T20:41:31.390402Z DEBUG transparent_shard_server::runtime: construction stage geometry="recent-8k" table="directory" seconds=0.831361784 stage="hint_columns"
2026-09-09T20:41:31.392696Z DEBUG transparent_shard_server::runtime: construction stage geometry="recent-8k" table="pages" seconds=2.463416662 stage="pack_preprocessing"
2026-09-09T20:41:31.392997Z DEBUG transparent_shard_server::runtime: construction stage geometry="recent-8k" table="pages" seconds=0.00027142 stage="publish_parameters"
2026-09-09T20:41:31.393711Z DEBUG transparent_shard_server::runtime: runtime stage key=("2d4497bf9e8bafc6139ee4e57114238a7ecfa0782702939922bf2a79b1fe05bf", Pages, 0) seconds=3.549274628 stage="runtime_build"
2026-09-09T20:41:31.396203Z DEBUG transparent_shard_server::runtime: runtime stage key=("a4bd72b37c0aafb265c77bb09cbc402cf69b65a87a1fabc8a0f12614b35469be", Pages, 0) seconds=3.685846431 stage="build_slot"
2026-09-09T20:41:31.396293Z DEBUG transparent_shard_server::memory: cold build admission wait seconds=7.1867e-5 admitted=true
2026-09-09T20:41:31.396317Z DEBUG transparent_shard_server::runtime: runtime stage key=("c907a0aa45b2551520863990845279fd25135889865e088c2dad6ea0d32b8fde", Pages, 0) seconds=5.44e-7 stage="restore_slot"
2026-09-09T20:41:31.396391Z DEBUG transparent_shard_server::runtime: runtime stage key=("c907a0aa45b2551520863990845279fd25135889865e088c2dad6ea0d32b8fde", Pages, 0) seconds=2.9877e-5 hit=false stage="disk_restore"
2026-09-09T20:41:31.531456Z DEBUG transparent_shard_server::runtime: runtime stage key=("a4bd72b37c0aafb265c77bb09cbc402cf69b65a87a1fabc8a0f12614b35469be", Pages, 0) seconds=0.135120499 stage="source_load"
2026-09-09T20:41:31.831406Z DEBUG transparent_shard_server::runtime: construction stage geometry="recent-8k" table="pages" seconds=0.299913553 stage="encode_database"
2026-09-09T20:41:31.831523Z DEBUG transparent_shard_server::runtime: construction stage geometry="recent-8k" table="pages" seconds=8.6346e-5 stage="public_setup"
2026-09-09T20:41:32.297949Z DEBUG transparent_shard_server::runtime: runtime stage key=("2d4497bf9e8bafc6139ee4e57114238a7ecfa0782702939922bf2a79b1fe05bf", Pages, 0) seconds=0.904159196 stage="disk_save"
2026-09-09T20:41:32.603005Z DEBUG transparent_shard_server::runtime: construction stage geometry="recent-8k" table="pages" seconds=0.771474941 stage="hint_columns"
2026-09-09T20:41:33.805416Z DEBUG transparent_shard_server::runtime: construction stage geometry="recent-8k" table="directory" seconds=2.414970965 stage="pack_preprocessing"
2026-09-09T20:41:33.805687Z DEBUG transparent_shard_server::runtime: construction stage geometry="recent-8k" table="directory" seconds=0.000234726 stage="publish_parameters"
2026-09-09T20:41:33.809388Z DEBUG transparent_shard_server::runtime: runtime stage key=("a4bd72b37c0aafb265c77bb09cbc402cf69b65a87a1fabc8a0f12614b35469be", Directory, 0) seconds=3.542548284 stage="runtime_build"
2026-09-09T20:41:33.809451Z DEBUG transparent_shard_server::runtime: runtime stage key=("c907a0aa45b2551520863990845279fd25135889865e088c2dad6ea0d32b8fde", Directory, 0) seconds=3.723354467 stage="build_slot"
2026-09-09T20:41:33.809533Z DEBUG transparent_shard_server::memory: cold build admission wait seconds=7.8136e-5 admitted=true
2026-09-09T20:41:33.813216Z DEBUG transparent_shard_server::runtime: runtime stage key=("67574e8d4c7f7c258f8c7488f73e80a9476f8074c3db3540325133ff25020c2b", Directory, 0) seconds=1.139e-6 stage="restore_slot"
2026-09-09T20:41:33.816227Z DEBUG transparent_shard_server::runtime: runtime stage key=("67574e8d4c7f7c258f8c7488f73e80a9476f8074c3db3540325133ff25020c2b", Directory, 0) seconds=3.5356e-5 hit=false stage="disk_restore"
2026-09-09T20:41:33.978693Z DEBUG transparent_shard_server::runtime: runtime stage key=("c907a0aa45b2551520863990845279fd25135889865e088c2dad6ea0d32b8fde", Directory, 0) seconds=0.169131698 stage="source_load"
2026-09-09T20:41:34.273650Z DEBUG transparent_shard_server::runtime: construction stage geometry="recent-8k" table="directory" seconds=0.294926084 stage="encode_database"
2026-09-09T20:41:34.273761Z DEBUG transparent_shard_server::runtime: construction stage geometry="recent-8k" table="directory" seconds=7.3987e-5 stage="public_setup"
2026-09-09T20:41:34.789135Z DEBUG transparent_shard_server::runtime: runtime stage key=("a4bd72b37c0aafb265c77bb09cbc402cf69b65a87a1fabc8a0f12614b35469be", Directory, 0) seconds=0.973957557 stage="disk_save"
2026-09-09T20:41:34.808341Z DEBUG transparent_shard_server::runtime: construction stage geometry="recent-8k" table="pages" seconds=2.205290972 stage="pack_preprocessing"
2026-09-09T20:41:34.808646Z DEBUG transparent_shard_server::runtime: construction stage geometry="recent-8k" table="pages" seconds=0.000267806 stage="publish_parameters"
2026-09-09T20:41:34.812454Z DEBUG transparent_shard_server::runtime: runtime stage key=("a4bd72b37c0aafb265c77bb09cbc402cf69b65a87a1fabc8a0f12614b35469be", Pages, 0) seconds=3.280963223 stage="runtime_build"
2026-09-09T20:41:34.812513Z DEBUG transparent_shard_server::runtime: runtime stage key=("c907a0aa45b2551520863990845279fd25135889865e088c2dad6ea0d32b8fde", Pages, 0) seconds=3.41610616 stage="build_slot"
2026-09-09T20:41:34.812605Z DEBUG transparent_shard_server::memory: cold build admission wait seconds=7.403e-5 admitted=true
2026-09-09T20:41:34.812632Z DEBUG transparent_shard_server::runtime: runtime stage key=("67574e8d4c7f7c258f8c7488f73e80a9476f8074c3db3540325133ff25020c2b", Pages, 0) seconds=1.508e-6 stage="restore_slot"
2026-09-09T20:41:34.812764Z DEBUG transparent_shard_server::runtime: runtime stage key=("67574e8d4c7f7c258f8c7488f73e80a9476f8074c3db3540325133ff25020c2b", Pages, 0) seconds=2.3107e-5 hit=false stage="disk_restore"
2026-09-09T20:41:35.079730Z DEBUG transparent_shard_server::runtime: runtime stage key=("c907a0aa45b2551520863990845279fd25135889865e088c2dad6ea0d32b8fde", Pages, 0) seconds=0.267055274 stage="source_load"
2026-09-09T20:41:35.213214Z DEBUG transparent_shard_server::runtime: construction stage geometry="recent-8k" table="directory" seconds=0.939442949 stage="hint_columns"
2026-09-09T20:41:35.429730Z DEBUG transparent_shard_server::runtime: construction stage geometry="recent-8k" table="pages" seconds=0.349964861 stage="encode_database"
2026-09-09T20:41:35.429823Z DEBUG transparent_shard_server::runtime: construction stage geometry="recent-8k" table="pages" seconds=6.6092e-5 stage="public_setup"
2026-09-09T20:41:35.792193Z DEBUG transparent_shard_server::runtime: runtime stage key=("a4bd72b37c0aafb265c77bb09cbc402cf69b65a87a1fabc8a0f12614b35469be", Pages, 0) seconds=0.979682727 stage="disk_save"
2026-09-09T20:41:36.307326Z DEBUG transparent_shard_server::runtime: construction stage geometry="recent-8k" table="pages" seconds=0.877497321 stage="hint_columns"
2026-09-09T20:41:37.457571Z DEBUG transparent_shard_server::runtime: construction stage geometry="recent-8k" table="directory" seconds=2.244335324 stage="pack_preprocessing"
2026-09-09T20:41:37.457871Z DEBUG transparent_shard_server::runtime: construction stage geometry="recent-8k" table="directory" seconds=0.000250422 stage="publish_parameters"
2026-09-09T20:41:37.461192Z DEBUG transparent_shard_server::runtime: runtime stage key=("c907a0aa45b2551520863990845279fd25135889865e088c2dad6ea0d32b8fde", Directory, 0) seconds=3.482469054 stage="runtime_build"
2026-09-09T20:41:37.461285Z DEBUG transparent_shard_server::runtime: runtime stage key=("67574e8d4c7f7c258f8c7488f73e80a9476f8074c3db3540325133ff25020c2b", Directory, 0) seconds=3.64502242 stage="build_slot"
2026-09-09T20:41:37.461380Z DEBUG transparent_shard_server::memory: cold build admission wait seconds=7.5773e-5 admitted=true
2026-09-09T20:41:37.655246Z DEBUG transparent_shard_server::runtime: runtime stage key=("67574e8d4c7f7c258f8c7488f73e80a9476f8074c3db3540325133ff25020c2b", Directory, 0) seconds=0.193849785 stage="source_load"
2026-09-09T20:41:37.957774Z DEBUG transparent_shard_server::runtime: construction stage geometry="recent-8k" table="directory" seconds=0.302489373 stage="encode_database"
2026-09-09T20:41:37.957883Z DEBUG transparent_shard_server::runtime: construction stage geometry="recent-8k" table="directory" seconds=7.5007e-5 stage="public_setup"
2026-09-09T20:41:38.244943Z DEBUG transparent_shard_server::runtime: runtime stage key=("c907a0aa45b2551520863990845279fd25135889865e088c2dad6ea0d32b8fde", Directory, 0) seconds=0.783694799 stage="disk_save"
2026-09-09T20:41:38.801664Z DEBUG transparent_shard_server::runtime: construction stage geometry="recent-8k" table="directory" seconds=0.843773406 stage="hint_columns"
2026-09-09T20:41:38.804166Z DEBUG transparent_shard_server::runtime: construction stage geometry="recent-8k" table="pages" seconds=2.496790038 stage="pack_preprocessing"
2026-09-09T20:41:38.804468Z DEBUG transparent_shard_server::runtime: construction stage geometry="recent-8k" table="pages" seconds=0.00026568 stage="publish_parameters"
2026-09-09T20:41:38.805122Z DEBUG transparent_shard_server::runtime: runtime stage key=("c907a0aa45b2551520863990845279fd25135889865e088c2dad6ea0d32b8fde", Pages, 0) seconds=3.725359144 stage="runtime_build"
2026-09-09T20:41:38.805162Z DEBUG transparent_shard_server::runtime: runtime stage key=("67574e8d4c7f7c258f8c7488f73e80a9476f8074c3db3540325133ff25020c2b", Pages, 0) seconds=3.992379425 stage="build_slot"
2026-09-09T20:41:38.805260Z DEBUG transparent_shard_server::memory: cold build admission wait seconds=7.853e-5 admitted=true
2026-09-09T20:41:38.940498Z DEBUG transparent_shard_server::runtime: runtime stage key=("67574e8d4c7f7c258f8c7488f73e80a9476f8074c3db3540325133ff25020c2b", Pages, 0) seconds=0.134218129 stage="source_load"
2026-09-09T20:41:39.241522Z DEBUG transparent_shard_server::runtime: construction stage geometry="recent-8k" table="pages" seconds=0.300990778 stage="encode_database"
2026-09-09T20:41:39.241624Z DEBUG transparent_shard_server::runtime: construction stage geometry="recent-8k" table="pages" seconds=7.2279e-5 stage="public_setup"
2026-09-09T20:41:39.661307Z DEBUG transparent_shard_server::runtime: runtime stage key=("c907a0aa45b2551520863990845279fd25135889865e088c2dad6ea0d32b8fde", Pages, 0) seconds=0.855979813 stage="disk_save"
2026-09-09T20:41:40.020198Z DEBUG transparent_shard_server::runtime: construction stage geometry="recent-8k" table="pages" seconds=0.778567868 stage="hint_columns"
2026-09-09T20:41:41.153427Z DEBUG transparent_shard_server::runtime: construction stage geometry="recent-8k" table="directory" seconds=2.351721949 stage="pack_preprocessing"
2026-09-09T20:41:41.153736Z DEBUG transparent_shard_server::runtime: construction stage geometry="recent-8k" table="directory" seconds=0.000249099 stage="publish_parameters"
2026-09-09T20:41:41.154453Z DEBUG transparent_shard_server::runtime: runtime stage key=("67574e8d4c7f7c258f8c7488f73e80a9476f8074c3db3540325133ff25020c2b", Directory, 0) seconds=3.499170692 stage="runtime_build"
2026-09-09T20:41:41.807051Z DEBUG transparent_shard_server::runtime: runtime stage key=("67574e8d4c7f7c258f8c7488f73e80a9476f8074c3db3540325133ff25020c2b", Directory, 0) seconds=0.652554741 stage="disk_save"
2026-09-09T20:41:42.176604Z DEBUG transparent_shard_server::runtime: construction stage geometry="recent-8k" table="pages" seconds=2.156361583 stage="pack_preprocessing"
2026-09-09T20:41:42.176914Z DEBUG transparent_shard_server::runtime: construction stage geometry="recent-8k" table="pages" seconds=0.0002732 stage="publish_parameters"
2026-09-09T20:41:42.177551Z DEBUG transparent_shard_server::runtime: runtime stage key=("67574e8d4c7f7c258f8c7488f73e80a9476f8074c3db3540325133ff25020c2b", Pages, 0) seconds=3.237021619 stage="runtime_build"
2026-09-09T20:41:42.181250Z  INFO transparent_shard_server::service: prewarm finished warm=28 target=28 failed=0 seconds=53.638547346
2026-09-09T20:41:42.818473Z DEBUG transparent_shard_server::runtime: runtime stage key=("67574e8d4c7f7c258f8c7488f73e80a9476f8074c3db3540325133ff25020c2b", Pages, 0) seconds=0.640889895 stage="disk_save"
2026-09-09T20:41:43.060643Z DEBUG transparent_shard_server::service: query stage revision=5b7ee9849d47f5ee67d04eb6ca4588beacf42dce75e5a1b481dfd02607b1fb20 table="directory" seconds=4.553e-6 stage="query_admission"
2026-09-09T20:41:43.060676Z DEBUG transparent_shard_server::service: query stage revision=5b7ee9849d47f5ee67d04eb6ca4588beacf42dce75e5a1b481dfd02607b1fb20 table="directory" seconds=5.739e-6 stage="query_runtime"
2026-09-09T20:41:43.060758Z DEBUG transparent_shard_server::service: query stage revision=5b7ee9849d47f5ee67d04eb6ca4588beacf42dce75e5a1b481dfd02607b1fb20 table="directory" seconds=3.2739e-5 stage="query_dispatch"
2026-09-09T20:41:43.060849Z DEBUG transparent_shard_server::service: query stage revision=5b7ee9849d47f5ee67d04eb6ca4588beacf42dce75e5a1b481dfd02607b1fb20 table="directory" seconds=8.97e-7 stage="query_admission"
2026-09-09T20:41:43.060856Z DEBUG transparent_shard_server::service: query stage revision=5b7ee9849d47f5ee67d04eb6ca4588beacf42dce75e5a1b481dfd02607b1fb20 table="directory" seconds=1.741e-6 stage="query_runtime"
2026-09-09T20:41:43.060904Z DEBUG transparent_shard_server::service: query stage revision=5b7ee9849d47f5ee67d04eb6ca4588beacf42dce75e5a1b481dfd02607b1fb20 table="directory" seconds=2.2254e-5 stage="query_dispatch"
2026-09-09T20:41:43.076439Z DEBUG transparent_shard_server::service: query stage revision=5b7ee9849d47f5ee67d04eb6ca4588beacf42dce75e5a1b481dfd02607b1fb20 table="directory" seconds=0.01566422 stage="query_evaluate"
2026-09-09T20:41:43.076459Z DEBUG transparent_shard_server::service: query stage revision=5b7ee9849d47f5ee67d04eb6ca4588beacf42dce75e5a1b481dfd02607b1fb20 table="directory" seconds=0.015549022 stage="query_evaluate"
2026-09-09T20:41:43.267483Z DEBUG transparent_shard_server::service: query stage revision=5b7ee9849d47f5ee67d04eb6ca4588beacf42dce75e5a1b481dfd02607b1fb20 table="pages" seconds=2.715e-6 stage="query_admission"
2026-09-09T20:41:43.267527Z DEBUG transparent_shard_server::service: query stage revision=5b7ee9849d47f5ee67d04eb6ca4588beacf42dce75e5a1b481dfd02607b1fb20 table="pages" seconds=6.199e-6 stage="query_runtime"
2026-09-09T20:41:43.267610Z DEBUG transparent_shard_server::service: query stage revision=5b7ee9849d47f5ee67d04eb6ca4588beacf42dce75e5a1b481dfd02607b1fb20 table="pages" seconds=1.607e-6 stage="query_admission"
2026-09-09T20:41:43.267629Z DEBUG transparent_shard_server::service: query stage revision=5b7ee9849d47f5ee67d04eb6ca4588beacf42dce75e5a1b481dfd02607b1fb20 table="pages" seconds=4.325e-6 stage="query_runtime"
2026-09-09T20:41:43.267637Z DEBUG transparent_shard_server::service: query stage revision=5b7ee9849d47f5ee67d04eb6ca4588beacf42dce75e5a1b481dfd02607b1fb20 table="pages" seconds=4.4417e-5 stage="query_dispatch"
2026-09-09T20:41:43.268020Z DEBUG transparent_shard_server::service: query stage revision=5b7ee9849d47f5ee67d04eb6ca4588beacf42dce75e5a1b481dfd02607b1fb20 table="pages" seconds=0.000336933 stage="query_dispatch"
2026-09-09T20:41:43.283307Z DEBUG transparent_shard_server::service: query stage revision=5b7ee9849d47f5ee67d04eb6ca4588beacf42dce75e5a1b481dfd02607b1fb20 table="pages" seconds=0.015279869 stage="query_evaluate"
2026-09-09T20:41:43.283894Z DEBUG transparent_shard_server::service: query stage revision=5b7ee9849d47f5ee67d04eb6ca4588beacf42dce75e5a1b481dfd02607b1fb20 table="pages" seconds=0.016243216 stage="query_evaluate"
2026-09-09T20:41:43.356430Z  INFO transparent_shard_server::runtime: retired runtime memory reclaimed rss_before=5153685504 rss_after=4457402368
test burst::publication_burst_under_exact_load has been running for over 60 seconds
2026-09-09T20:41:43.434186Z DEBUG transparent_shard_server::service: query stage revision=5b7ee9849d47f5ee67d04eb6ca4588beacf42dce75e5a1b481dfd02607b1fb20 table="directory" seconds=2.016e-6 stage="query_admission"
2026-09-09T20:41:43.434216Z DEBUG transparent_shard_server::service: query stage revision=5b7ee9849d47f5ee67d04eb6ca4588beacf42dce75e5a1b481dfd02607b1fb20 table="directory" seconds=4.622e-6 stage="query_runtime"
2026-09-09T20:41:43.434430Z DEBUG transparent_shard_server::service: query stage revision=5b7ee9849d47f5ee67d04eb6ca4588beacf42dce75e5a1b481dfd02607b1fb20 table="directory" seconds=1.13e-6 stage="query_admission"
2026-09-09T20:41:43.434441Z DEBUG transparent_shard_server::service: query stage revision=5b7ee9849d47f5ee67d04eb6ca4588beacf42dce75e5a1b481dfd02607b1fb20 table="directory" seconds=3.131e-6 stage="query_runtime"
2026-09-09T20:41:43.434493Z DEBUG transparent_shard_server::service: query stage revision=5b7ee9849d47f5ee67d04eb6ca4588beacf42dce75e5a1b481dfd02607b1fb20 table="directory" seconds=0.000213996 stage="query_dispatch"
2026-09-09T20:41:43.435063Z DEBUG transparent_shard_server::service: query stage revision=5b7ee9849d47f5ee67d04eb6ca4588beacf42dce75e5a1b481dfd02607b1fb20 table="directory" seconds=0.000584849 stage="query_dispatch"
2026-09-09T20:41:43.451672Z DEBUG transparent_shard_server::service: query stage revision=5b7ee9849d47f5ee67d04eb6ca4588beacf42dce75e5a1b481dfd02607b1fb20 table="directory" seconds=0.017172709 stage="query_evaluate"
2026-09-09T20:41:43.452333Z DEBUG transparent_shard_server::service: query stage revision=5b7ee9849d47f5ee67d04eb6ca4588beacf42dce75e5a1b481dfd02607b1fb20 table="directory" seconds=0.017251578 stage="query_evaluate"
2026-09-09T20:41:43.603325Z DEBUG transparent_shard_server::service: query stage revision=5b7ee9849d47f5ee67d04eb6ca4588beacf42dce75e5a1b481dfd02607b1fb20 table="pages" seconds=2.765e-6 stage="query_admission"
2026-09-09T20:41:43.603358Z DEBUG transparent_shard_server::service: query stage revision=5b7ee9849d47f5ee67d04eb6ca4588beacf42dce75e5a1b481dfd02607b1fb20 table="pages" seconds=5.056e-6 stage="query_runtime"
2026-09-09T20:41:43.603587Z DEBUG transparent_shard_server::service: query stage revision=5b7ee9849d47f5ee67d04eb6ca4588beacf42dce75e5a1b481dfd02607b1fb20 table="pages" seconds=0.000166973 stage="query_dispatch"
2026-09-09T20:41:43.603637Z DEBUG transparent_shard_server::service: query stage revision=5b7ee9849d47f5ee67d04eb6ca4588beacf42dce75e5a1b481dfd02607b1fb20 table="pages" seconds=1.721e-6 stage="query_admission"
2026-09-09T20:41:43.603648Z DEBUG transparent_shard_server::service: query stage revision=5b7ee9849d47f5ee67d04eb6ca4588beacf42dce75e5a1b481dfd02607b1fb20 table="pages" seconds=2.802e-6 stage="query_runtime"
2026-09-09T20:41:43.603699Z DEBUG transparent_shard_server::service: query stage revision=5b7ee9849d47f5ee67d04eb6ca4588beacf42dce75e5a1b481dfd02607b1fb20 table="pages" seconds=1.1566e-5 stage="query_dispatch"
2026-09-09T20:41:43.615454Z DEBUG transparent_shard_server::service: query stage revision=5b7ee9849d47f5ee67d04eb6ca4588beacf42dce75e5a1b481dfd02607b1fb20 table="pages" seconds=0.011749057 stage="query_evaluate"
2026-09-09T20:41:43.622155Z DEBUG transparent_shard_server::service: query stage revision=5b7ee9849d47f5ee67d04eb6ca4588beacf42dce75e5a1b481dfd02607b1fb20 table="pages" seconds=0.018549916 stage="query_evaluate"
2026-09-09T20:41:43.771699Z DEBUG transparent_shard_server::service: query stage revision=5b7ee9849d47f5ee67d04eb6ca4588beacf42dce75e5a1b481dfd02607b1fb20 table="directory" seconds=2.258e-6 stage="query_admission"
2026-09-09T20:41:43.771741Z DEBUG transparent_shard_server::service: query stage revision=5b7ee9849d47f5ee67d04eb6ca4588beacf42dce75e5a1b481dfd02607b1fb20 table="directory" seconds=4.822e-6 stage="query_runtime"
2026-09-09T20:41:43.771828Z DEBUG transparent_shard_server::service: query stage revision=5b7ee9849d47f5ee67d04eb6ca4588beacf42dce75e5a1b481dfd02607b1fb20 table="directory" seconds=3.9703e-5 stage="query_dispatch"
2026-09-09T20:41:43.775056Z DEBUG transparent_shard_server::service: query stage revision=5b7ee9849d47f5ee67d04eb6ca4588beacf42dce75e5a1b481dfd02607b1fb20 table="directory" seconds=1.85e-6 stage="query_admission"
2026-09-09T20:41:43.775081Z DEBUG transparent_shard_server::service: query stage revision=5b7ee9849d47f5ee67d04eb6ca4588beacf42dce75e5a1b481dfd02607b1fb20 table="directory" seconds=3.977e-6 stage="query_runtime"
2026-09-09T20:41:43.775147Z DEBUG transparent_shard_server::service: query stage revision=5b7ee9849d47f5ee67d04eb6ca4588beacf42dce75e5a1b481dfd02607b1fb20 table="directory" seconds=1.1819e-5 stage="query_dispatch"
2026-09-09T20:41:43.784149Z DEBUG transparent_shard_server::service: query stage revision=5b7ee9849d47f5ee67d04eb6ca4588beacf42dce75e5a1b481dfd02607b1fb20 table="directory" seconds=0.012302023 stage="query_evaluate"
2026-09-09T20:41:43.790840Z DEBUG transparent_shard_server::service: query stage revision=5b7ee9849d47f5ee67d04eb6ca4588beacf42dce75e5a1b481dfd02607b1fb20 table="directory" seconds=0.015686307 stage="query_evaluate"
2026-09-09T20:41:43.894947Z DEBUG transparent_shard_server::runtime: runtime stage key=("be059aab39ac34125e0452548d6fbcfb1e7cdb7237a597bd59ee86011ed4882b", Directory, 0) seconds=1.384e-6 stage="restore_slot"
2026-09-09T20:41:43.895038Z DEBUG transparent_shard_server::runtime: runtime stage key=("be059aab39ac34125e0452548d6fbcfb1e7cdb7237a597bd59ee86011ed4882b", Pages, 0) seconds=2.08e-7 stage="restore_slot"
2026-09-09T20:41:43.895108Z DEBUG transparent_shard_server::runtime: runtime stage key=("be059aab39ac34125e0452548d6fbcfb1e7cdb7237a597bd59ee86011ed4882b", Pages, 0) seconds=3.1031e-5 hit=false stage="disk_restore"
2026-09-09T20:41:43.895140Z DEBUG transparent_shard_server::runtime: runtime stage key=("be059aab39ac34125e0452548d6fbcfb1e7cdb7237a597bd59ee86011ed4882b", Directory, 0) seconds=9.2849e-5 hit=false stage="disk_restore"
2026-09-09T20:41:43.895145Z DEBUG transparent_shard_server::runtime: runtime stage key=("be059aab39ac34125e0452548d6fbcfb1e7cdb7237a597bd59ee86011ed4882b", Pages, 0) seconds=4.22e-7 stage="build_slot"
2026-09-09T20:41:43.895187Z DEBUG transparent_shard_server::memory: cold build admission wait seconds=3.6442e-5 admitted=true
2026-09-09T20:41:43.895251Z DEBUG transparent_shard_server::runtime: runtime stage key=("be059aab39ac34125e0452548d6fbcfb1e7cdb7237a597bd59ee86011ed4882b", Directory, 0) seconds=1.27e-7 stage="build_slot"
2026-09-09T20:41:43.895275Z DEBUG transparent_shard_server::memory: cold build admission wait seconds=2.1306e-5 admitted=true
2026-09-09T20:41:43.939589Z DEBUG transparent_shard_server::service: query stage revision=5b7ee9849d47f5ee67d04eb6ca4588beacf42dce75e5a1b481dfd02607b1fb20 table="pages" seconds=2.094e-6 stage="query_admission"
2026-09-09T20:41:43.939624Z DEBUG transparent_shard_server::service: query stage revision=5b7ee9849d47f5ee67d04eb6ca4588beacf42dce75e5a1b481dfd02607b1fb20 table="pages" seconds=5.7e-6 stage="query_runtime"
2026-09-09T20:41:43.939742Z DEBUG transparent_shard_server::service: query stage revision=5b7ee9849d47f5ee67d04eb6ca4588beacf42dce75e5a1b481dfd02607b1fb20 table="pages" seconds=4.6289e-5 stage="query_dispatch"
2026-09-09T20:41:43.941955Z DEBUG transparent_shard_server::service: query stage revision=5b7ee9849d47f5ee67d04eb6ca4588beacf42dce75e5a1b481dfd02607b1fb20 table="pages" seconds=1.908e-6 stage="query_admission"
2026-09-09T20:41:43.941981Z DEBUG transparent_shard_server::service: query stage revision=5b7ee9849d47f5ee67d04eb6ca4588beacf42dce75e5a1b481dfd02607b1fb20 table="pages" seconds=5.097e-6 stage="query_runtime"
2026-09-09T20:41:43.943188Z DEBUG transparent_shard_server::service: query stage revision=5b7ee9849d47f5ee67d04eb6ca4588beacf42dce75e5a1b481dfd02607b1fb20 table="pages" seconds=0.001116344 stage="query_dispatch"
2026-09-09T20:41:43.968192Z DEBUG transparent_shard_server::service: query stage revision=5b7ee9849d47f5ee67d04eb6ca4588beacf42dce75e5a1b481dfd02607b1fb20 table="pages" seconds=0.028430386 stage="query_evaluate"
2026-09-09T20:41:43.968764Z DEBUG transparent_shard_server::service: query stage revision=5b7ee9849d47f5ee67d04eb6ca4588beacf42dce75e5a1b481dfd02607b1fb20 table="pages" seconds=0.025557541 stage="query_evaluate"
2026-09-09T20:41:44.042840Z DEBUG transparent_shard_server::runtime: runtime stage key=("be059aab39ac34125e0452548d6fbcfb1e7cdb7237a597bd59ee86011ed4882b", Directory, 0) seconds=0.147544611 stage="source_load"
2026-09-09T20:41:44.061043Z DEBUG transparent_shard_server::runtime: runtime stage key=("be059aab39ac34125e0452548d6fbcfb1e7cdb7237a597bd59ee86011ed4882b", Pages, 0) seconds=0.165839069 stage="source_load"
2026-09-09T20:41:44.122433Z DEBUG transparent_shard_server::service: query stage revision=5b7ee9849d47f5ee67d04eb6ca4588beacf42dce75e5a1b481dfd02607b1fb20 table="directory" seconds=2.603e-6 stage="query_admission"
2026-09-09T20:41:44.122466Z DEBUG transparent_shard_server::service: query stage revision=5b7ee9849d47f5ee67d04eb6ca4588beacf42dce75e5a1b481dfd02607b1fb20 table="directory" seconds=3.943e-6 stage="query_runtime"
2026-09-09T20:41:44.122433Z DEBUG transparent_shard_server::service: query stage revision=5b7ee9849d47f5ee67d04eb6ca4588beacf42dce75e5a1b481dfd02607b1fb20 table="directory" seconds=2.766e-6 stage="query_admission"
2026-09-09T20:41:44.122481Z DEBUG transparent_shard_server::service: query stage revision=5b7ee9849d47f5ee67d04eb6ca4588beacf42dce75e5a1b481dfd02607b1fb20 table="directory" seconds=3.876e-6 stage="query_runtime"
2026-09-09T20:41:44.122547Z DEBUG transparent_shard_server::service: query stage revision=5b7ee9849d47f5ee67d04eb6ca4588beacf42dce75e5a1b481dfd02607b1fb20 table="directory" seconds=1.638e-5 stage="query_dispatch"
2026-09-09T20:41:44.126684Z DEBUG transparent_shard_server::service: query stage revision=5b7ee9849d47f5ee67d04eb6ca4588beacf42dce75e5a1b481dfd02607b1fb20 table="directory" seconds=2.4146e-5 stage="query_dispatch"
2026-09-09T20:41:44.150806Z DEBUG transparent_shard_server::service: query stage revision=5b7ee9849d47f5ee67d04eb6ca4588beacf42dce75e5a1b481dfd02607b1fb20 table="directory" seconds=0.028252585 stage="query_evaluate"
2026-09-09T20:41:44.151399Z DEBUG transparent_shard_server::service: query stage revision=5b7ee9849d47f5ee67d04eb6ca4588beacf42dce75e5a1b481dfd02607b1fb20 table="directory" seconds=0.024696767 stage="query_evaluate"
2026-09-09T20:41:44.303199Z DEBUG transparent_shard_server::service: query stage revision=5b7ee9849d47f5ee67d04eb6ca4588beacf42dce75e5a1b481dfd02607b1fb20 table="pages" seconds=1.966e-6 stage="query_admission"
2026-09-09T20:41:44.303233Z DEBUG transparent_shard_server::service: query stage revision=5b7ee9849d47f5ee67d04eb6ca4588beacf42dce75e5a1b481dfd02607b1fb20 table="pages" seconds=4.868e-6 stage="query_runtime"
2026-09-09T20:41:44.303295Z DEBUG transparent_shard_server::service: query stage revision=5b7ee9849d47f5ee67d04eb6ca4588beacf42dce75e5a1b481dfd02607b1fb20 table="pages" seconds=1.1511e-5 stage="query_dispatch"
2026-09-09T20:41:44.303766Z DEBUG transparent_shard_server::service: query stage revision=5b7ee9849d47f5ee67d04eb6ca4588beacf42dce75e5a1b481dfd02607b1fb20 table="pages" seconds=1.303e-6 stage="query_admission"
2026-09-09T20:41:44.303776Z DEBUG transparent_shard_server::service: query stage revision=5b7ee9849d47f5ee67d04eb6ca4588beacf42dce75e5a1b481dfd02607b1fb20 table="pages" seconds=3.836e-6 stage="query_runtime"
2026-09-09T20:41:44.303822Z DEBUG transparent_shard_server::service: query stage revision=5b7ee9849d47f5ee67d04eb6ca4588beacf42dce75e5a1b481dfd02607b1fb20 table="pages" seconds=8.481e-6 stage="query_dispatch"
2026-09-09T20:41:44.331721Z DEBUG transparent_shard_server::service: query stage revision=5b7ee9849d47f5ee67d04eb6ca4588beacf42dce75e5a1b481dfd02607b1fb20 table="pages" seconds=0.027891994 stage="query_evaluate"
2026-09-09T20:41:44.332389Z DEBUG transparent_shard_server::service: query stage revision=5b7ee9849d47f5ee67d04eb6ca4588beacf42dce75e5a1b481dfd02607b1fb20 table="pages" seconds=0.02908816 stage="query_evaluate"
2026-09-09T20:41:44.343229Z DEBUG transparent_shard_server::runtime: construction stage geometry="recent-8k" table="directory" seconds=0.300354862 stage="encode_database"
2026-09-09T20:41:44.343330Z DEBUG transparent_shard_server::runtime: construction stage geometry="recent-8k" table="directory" seconds=8.0556e-5 stage="public_setup"
2026-09-09T20:41:44.400589Z DEBUG transparent_shard_server::runtime: construction stage geometry="recent-8k" table="pages" seconds=0.339512286 stage="encode_database"
2026-09-09T20:41:44.400711Z DEBUG transparent_shard_server::runtime: construction stage geometry="recent-8k" table="pages" seconds=8.7951e-5 stage="public_setup"
2026-09-09T20:41:44.487513Z DEBUG transparent_shard_server::service: query stage revision=5b7ee9849d47f5ee67d04eb6ca4588beacf42dce75e5a1b481dfd02607b1fb20 table="directory" seconds=2.785e-6 stage="query_admission"
2026-09-09T20:41:44.487545Z DEBUG transparent_shard_server::service: query stage revision=5b7ee9849d47f5ee67d04eb6ca4588beacf42dce75e5a1b481dfd02607b1fb20 table="directory" seconds=4.374e-6 stage="query_runtime"
2026-09-09T20:41:44.487643Z DEBUG transparent_shard_server::service: query stage revision=5b7ee9849d47f5ee67d04eb6ca4588beacf42dce75e5a1b481dfd02607b1fb20 table="directory" seconds=1.2189e-5 stage="query_dispatch"
2026-09-09T20:41:44.488202Z DEBUG transparent_shard_server::service: query stage revision=5b7ee9849d47f5ee67d04eb6ca4588beacf42dce75e5a1b481dfd02607b1fb20 table="directory" seconds=1.083e-6 stage="query_admission"
2026-09-09T20:41:44.488217Z DEBUG transparent_shard_server::service: query stage revision=5b7ee9849d47f5ee67d04eb6ca4588beacf42dce75e5a1b481dfd02607b1fb20 table="directory" seconds=2.706e-6 stage="query_runtime"
2026-09-09T20:41:44.488273Z DEBUG transparent_shard_server::service: query stage revision=5b7ee9849d47f5ee67d04eb6ca4588beacf42dce75e5a1b481dfd02607b1fb20 table="directory" seconds=1.4251e-5 stage="query_dispatch"
2026-09-09T20:41:45.406021Z DEBUG transparent_shard_server::service: query stage revision=5b7ee9849d47f5ee67d04eb6ca4588beacf42dce75e5a1b481dfd02607b1fb20 table="directory" seconds=0.917740291 stage="query_evaluate"
2026-09-09T20:41:45.406044Z DEBUG transparent_shard_server::service: query stage revision=5b7ee9849d47f5ee67d04eb6ca4588beacf42dce75e5a1b481dfd02607b1fb20 table="directory" seconds=0.918394745 stage="query_evaluate"
2026-09-09T20:41:45.407616Z DEBUG transparent_shard_server::runtime: construction stage geometry="recent-8k" table="pages" seconds=1.006898555 stage="hint_columns"
2026-09-09T20:41:45.407670Z DEBUG transparent_shard_server::runtime: construction stage geometry="recent-8k" table="directory" seconds=1.064336156 stage="hint_columns"
2026-09-09T20:41:45.559643Z DEBUG transparent_shard_server::service: query stage revision=5b7ee9849d47f5ee67d04eb6ca4588beacf42dce75e5a1b481dfd02607b1fb20 table="pages" seconds=3.225e-6 stage="query_admission"
2026-09-09T20:41:45.559681Z DEBUG transparent_shard_server::service: query stage revision=5b7ee9849d47f5ee67d04eb6ca4588beacf42dce75e5a1b481dfd02607b1fb20 table="pages" seconds=6.844e-6 stage="query_runtime"
2026-09-09T20:41:45.559787Z DEBUG transparent_shard_server::service: query stage revision=5b7ee9849d47f5ee67d04eb6ca4588beacf42dce75e5a1b481dfd02607b1fb20 table="pages" seconds=3.4878e-5 stage="query_dispatch"
2026-09-09T20:41:45.563980Z DEBUG transparent_shard_server::service: query stage revision=5b7ee9849d47f5ee67d04eb6ca4588beacf42dce75e5a1b481dfd02607b1fb20 table="pages" seconds=2.101e-6 stage="query_admission"
2026-09-09T20:41:45.564003Z DEBUG transparent_shard_server::service: query stage revision=5b7ee9849d47f5ee67d04eb6ca4588beacf42dce75e5a1b481dfd02607b1fb20 table="pages" seconds=4.698e-6 stage="query_runtime"
2026-09-09T20:41:45.564088Z DEBUG transparent_shard_server::service: query stage revision=5b7ee9849d47f5ee67d04eb6ca4588beacf42dce75e5a1b481dfd02607b1fb20 table="pages" seconds=1.9849e-5 stage="query_dispatch"
2026-09-09T20:41:45.583796Z DEBUG transparent_shard_server::service: query stage revision=5b7ee9849d47f5ee67d04eb6ca4588beacf42dce75e5a1b481dfd02607b1fb20 table="pages" seconds=0.019693082 stage="query_evaluate"
2026-09-09T20:41:45.584479Z DEBUG transparent_shard_server::service: query stage revision=5b7ee9849d47f5ee67d04eb6ca4588beacf42dce75e5a1b481dfd02607b1fb20 table="pages" seconds=0.024673206 stage="query_evaluate"
2026-09-09T20:41:45.737813Z DEBUG transparent_shard_server::service: query stage revision=5b7ee9849d47f5ee67d04eb6ca4588beacf42dce75e5a1b481dfd02607b1fb20 table="directory" seconds=1.961e-6 stage="query_admission"
2026-09-09T20:41:45.737845Z DEBUG transparent_shard_server::service: query stage revision=5b7ee9849d47f5ee67d04eb6ca4588beacf42dce75e5a1b481dfd02607b1fb20 table="directory" seconds=5.047e-6 stage="query_runtime"
2026-09-09T20:41:45.737906Z DEBUG transparent_shard_server::service: query stage revision=5b7ee9849d47f5ee67d04eb6ca4588beacf42dce75e5a1b481dfd02607b1fb20 table="directory" seconds=1.7955e-5 stage="query_dispatch"
2026-09-09T20:41:45.738330Z DEBUG transparent_shard_server::service: query stage revision=5b7ee9849d47f5ee67d04eb6ca4588beacf42dce75e5a1b481dfd02607b1fb20 table="directory" seconds=1.302e-6 stage="query_admission"
2026-09-09T20:41:45.738342Z DEBUG transparent_shard_server::service: query stage revision=5b7ee9849d47f5ee67d04eb6ca4588beacf42dce75e5a1b481dfd02607b1fb20 table="directory" seconds=2.744e-6 stage="query_runtime"
2026-09-09T20:41:45.738399Z DEBUG transparent_shard_server::service: query stage revision=5b7ee9849d47f5ee67d04eb6ca4588beacf42dce75e5a1b481dfd02607b1fb20 table="directory" seconds=2.0284e-5 stage="query_dispatch"
2026-09-09T20:41:45.762406Z DEBUG transparent_shard_server::service: query stage revision=5b7ee9849d47f5ee67d04eb6ca4588beacf42dce75e5a1b481dfd02607b1fb20 table="directory" seconds=0.024492039 stage="query_evaluate"
2026-09-09T20:41:45.762423Z DEBUG transparent_shard_server::service: query stage revision=5b7ee9849d47f5ee67d04eb6ca4588beacf42dce75e5a1b481dfd02607b1fb20 table="directory" seconds=0.024001545 stage="query_evaluate"
2026-09-09T20:41:45.915802Z DEBUG transparent_shard_server::service: query stage revision=5b7ee9849d47f5ee67d04eb6ca4588beacf42dce75e5a1b481dfd02607b1fb20 table="pages" seconds=2.824e-6 stage="query_admission"
2026-09-09T20:41:45.915834Z DEBUG transparent_shard_server::service: query stage revision=5b7ee9849d47f5ee67d04eb6ca4588beacf42dce75e5a1b481dfd02607b1fb20 table="pages" seconds=3.967e-6 stage="query_runtime"
2026-09-09T20:41:45.915917Z DEBUG transparent_shard_server::service: query stage revision=5b7ee9849d47f5ee67d04eb6ca4588beacf42dce75e5a1b481dfd02607b1fb20 table="pages" seconds=1.1703e-5 stage="query_dispatch"
2026-09-09T20:41:45.919435Z DEBUG transparent_shard_server::service: query stage revision=5b7ee9849d47f5ee67d04eb6ca4588beacf42dce75e5a1b481dfd02607b1fb20 table="pages" seconds=1.578e-6 stage="query_admission"
2026-09-09T20:41:45.919456Z DEBUG transparent_shard_server::service: query stage revision=5b7ee9849d47f5ee67d04eb6ca4588beacf42dce75e5a1b481dfd02607b1fb20 table="pages" seconds=3.336e-6 stage="query_runtime"
2026-09-09T20:41:45.919683Z DEBUG transparent_shard_server::service: query stage revision=5b7ee9849d47f5ee67d04eb6ca4588beacf42dce75e5a1b481dfd02607b1fb20 table="pages" seconds=0.000146893 stage="query_dispatch"
2026-09-09T20:41:45.939785Z DEBUG transparent_shard_server::service: query stage revision=5b7ee9849d47f5ee67d04eb6ca4588beacf42dce75e5a1b481dfd02607b1fb20 table="pages" seconds=0.023862175 stage="query_evaluate"
2026-09-09T20:41:45.939801Z DEBUG transparent_shard_server::service: query stage revision=5b7ee9849d47f5ee67d04eb6ca4588beacf42dce75e5a1b481dfd02607b1fb20 table="pages" seconds=0.020098746 stage="query_evaluate"
2026-09-09T20:41:46.093982Z DEBUG transparent_shard_server::service: query stage revision=5b7ee9849d47f5ee67d04eb6ca4588beacf42dce75e5a1b481dfd02607b1fb20 table="directory" seconds=1.947e-6 stage="query_admission"
2026-09-09T20:41:46.094029Z DEBUG transparent_shard_server::service: query stage revision=5b7ee9849d47f5ee67d04eb6ca4588beacf42dce75e5a1b481dfd02607b1fb20 table="directory" seconds=5.33e-6 stage="query_runtime"
2026-09-09T20:41:46.094122Z DEBUG transparent_shard_server::service: query stage revision=5b7ee9849d47f5ee67d04eb6ca4588beacf42dce75e5a1b481dfd02607b1fb20 table="directory" seconds=1.1935e-5 stage="query_dispatch"
2026-09-09T20:41:46.098209Z DEBUG transparent_shard_server::service: query stage revision=5b7ee9849d47f5ee67d04eb6ca4588beacf42dce75e5a1b481dfd02607b1fb20 table="directory" seconds=1.861e-6 stage="query_admission"
2026-09-09T20:41:46.098251Z DEBUG transparent_shard_server::service: query stage revision=5b7ee9849d47f5ee67d04eb6ca4588beacf42dce75e5a1b481dfd02607b1fb20 table="directory" seconds=4.514e-6 stage="query_runtime"
2026-09-09T20:41:46.098333Z DEBUG transparent_shard_server::service: query stage revision=5b7ee9849d47f5ee67d04eb6ca4588beacf42dce75e5a1b481dfd02607b1fb20 table="directory" seconds=1.8509e-5 stage="query_dispatch"
2026-09-09T20:41:46.116706Z DEBUG transparent_shard_server::service: query stage revision=5b7ee9849d47f5ee67d04eb6ca4588beacf42dce75e5a1b481dfd02607b1fb20 table="directory" seconds=0.022576814 stage="query_evaluate"
2026-09-09T20:41:46.118927Z DEBUG transparent_shard_server::service: query stage revision=5b7ee9849d47f5ee67d04eb6ca4588beacf42dce75e5a1b481dfd02607b1fb20 table="directory" seconds=0.020563111 stage="query_evaluate"
2026-09-09T20:41:46.273458Z DEBUG transparent_shard_server::service: query stage revision=5b7ee9849d47f5ee67d04eb6ca4588beacf42dce75e5a1b481dfd02607b1fb20 table="pages" seconds=2.197e-6 stage="query_admission"
2026-09-09T20:41:46.273492Z DEBUG transparent_shard_server::service: query stage revision=5b7ee9849d47f5ee67d04eb6ca4588beacf42dce75e5a1b481dfd02607b1fb20 table="pages" seconds=5.585e-6 stage="query_runtime"
2026-09-09T20:41:46.273660Z DEBUG transparent_shard_server::service: query stage revision=5b7ee9849d47f5ee67d04eb6ca4588beacf42dce75e5a1b481dfd02607b1fb20 table="pages" seconds=1.016e-6 stage="query_admission"
2026-09-09T20:41:46.273667Z DEBUG transparent_shard_server::service: query stage revision=5b7ee9849d47f5ee67d04eb6ca4588beacf42dce75e5a1b481dfd02607b1fb20 table="pages" seconds=2.416e-6 stage="query_runtime"
2026-09-09T20:41:46.273702Z DEBUG transparent_shard_server::service: query stage revision=5b7ee9849d47f5ee67d04eb6ca4588beacf42dce75e5a1b481dfd02607b1fb20 table="pages" seconds=0.000148878 stage="query_dispatch"
2026-09-09T20:41:46.277210Z DEBUG transparent_shard_server::service: query stage revision=5b7ee9849d47f5ee67d04eb6ca4588beacf42dce75e5a1b481dfd02607b1fb20 table="pages" seconds=0.003514127 stage="query_dispatch"
2026-09-09T20:41:46.347526Z DEBUG transparent_shard_server::service: query stage revision=5b7ee9849d47f5ee67d04eb6ca4588beacf42dce75e5a1b481dfd02607b1fb20 table="pages" seconds=0.073816987 stage="query_evaluate"
2026-09-09T20:41:46.347531Z DEBUG transparent_shard_server::service: query stage revision=5b7ee9849d47f5ee67d04eb6ca4588beacf42dce75e5a1b481dfd02607b1fb20 table="pages" seconds=0.070300312 stage="query_evaluate"
2026-09-09T20:41:46.508124Z DEBUG transparent_shard_server::service: query stage revision=5b7ee9849d47f5ee67d04eb6ca4588beacf42dce75e5a1b481dfd02607b1fb20 table="directory" seconds=1.893e-6 stage="query_admission"
2026-09-09T20:41:46.508159Z DEBUG transparent_shard_server::service: query stage revision=5b7ee9849d47f5ee67d04eb6ca4588beacf42dce75e5a1b481dfd02607b1fb20 table="directory" seconds=5.195e-6 stage="query_runtime"
2026-09-09T20:41:46.508374Z DEBUG transparent_shard_server::service: query stage revision=5b7ee9849d47f5ee67d04eb6ca4588beacf42dce75e5a1b481dfd02607b1fb20 table="directory" seconds=1.057e-6 stage="query_admission"
2026-09-09T20:41:46.508383Z DEBUG transparent_shard_server::service: query stage revision=5b7ee9849d47f5ee67d04eb6ca4588beacf42dce75e5a1b481dfd02607b1fb20 table="directory" seconds=2.132e-6 stage="query_runtime"
2026-09-09T20:41:46.508441Z DEBUG transparent_shard_server::service: query stage revision=5b7ee9849d47f5ee67d04eb6ca4588beacf42dce75e5a1b481dfd02607b1fb20 table="directory" seconds=0.000204665 stage="query_dispatch"
2026-09-09T20:41:46.511172Z DEBUG transparent_shard_server::service: query stage revision=5b7ee9849d47f5ee67d04eb6ca4588beacf42dce75e5a1b481dfd02607b1fb20 table="directory" seconds=0.002738249 stage="query_dispatch"
2026-09-09T20:41:46.536871Z DEBUG transparent_shard_server::service: query stage revision=5b7ee9849d47f5ee67d04eb6ca4588beacf42dce75e5a1b481dfd02607b1fb20 table="directory" seconds=0.025677093 stage="query_evaluate"
2026-09-09T20:41:46.544785Z DEBUG transparent_shard_server::service: query stage revision=5b7ee9849d47f5ee67d04eb6ca4588beacf42dce75e5a1b481dfd02607b1fb20 table="directory" seconds=0.03633726 stage="query_evaluate"
2026-09-09T20:41:46.695397Z DEBUG transparent_shard_server::service: query stage revision=5b7ee9849d47f5ee67d04eb6ca4588beacf42dce75e5a1b481dfd02607b1fb20 table="pages" seconds=1.929e-6 stage="query_admission"
2026-09-09T20:41:46.695432Z DEBUG transparent_shard_server::service: query stage revision=5b7ee9849d47f5ee67d04eb6ca4588beacf42dce75e5a1b481dfd02607b1fb20 table="pages" seconds=5.111e-6 stage="query_runtime"
2026-09-09T20:41:46.695531Z DEBUG transparent_shard_server::service: query stage revision=5b7ee9849d47f5ee67d04eb6ca4588beacf42dce75e5a1b481dfd02607b1fb20 table="pages" seconds=1.8461e-5 stage="query_dispatch"
2026-09-09T20:41:46.697835Z DEBUG transparent_shard_server::service: query stage revision=5b7ee9849d47f5ee67d04eb6ca4588beacf42dce75e5a1b481dfd02607b1fb20 table="pages" seconds=1.326e-6 stage="query_admission"
2026-09-09T20:41:46.697855Z DEBUG transparent_shard_server::service: query stage revision=5b7ee9849d47f5ee67d04eb6ca4588beacf42dce75e5a1b481dfd02607b1fb20 table="pages" seconds=3.4e-6 stage="query_runtime"
2026-09-09T20:41:46.697933Z DEBUG transparent_shard_server::service: query stage revision=5b7ee9849d47f5ee67d04eb6ca4588beacf42dce75e5a1b481dfd02607b1fb20 table="pages" seconds=1.6478e-5 stage="query_dispatch"
2026-09-09T20:41:47.637533Z DEBUG transparent_shard_server::runtime: construction stage geometry="recent-8k" table="pages" seconds=2.229893167 stage="pack_preprocessing"
2026-09-09T20:41:47.637833Z DEBUG transparent_shard_server::runtime: construction stage geometry="recent-8k" table="pages" seconds=0.000267127 stage="publish_parameters"
2026-09-09T20:41:47.638474Z DEBUG transparent_shard_server::runtime: runtime stage key=("be059aab39ac34125e0452548d6fbcfb1e7cdb7237a597bd59ee86011ed4882b", Pages, 0) seconds=3.577399319 stage="runtime_build"
2026-09-09T20:41:47.647887Z DEBUG transparent_shard_server::service: query stage revision=5b7ee9849d47f5ee67d04eb6ca4588beacf42dce75e5a1b481dfd02607b1fb20 table="pages" seconds=0.952317239 stage="query_evaluate"
2026-09-09T20:41:47.648571Z DEBUG transparent_shard_server::service: query stage revision=5b7ee9849d47f5ee67d04eb6ca4588beacf42dce75e5a1b481dfd02607b1fb20 table="pages" seconds=0.950631709 stage="query_evaluate"
2026-09-09T20:41:47.650596Z DEBUG transparent_shard_server::runtime: construction stage geometry="recent-8k" table="directory" seconds=2.242913739 stage="pack_preprocessing"
2026-09-09T20:41:47.650877Z DEBUG transparent_shard_server::runtime: construction stage geometry="recent-8k" table="directory" seconds=0.000266845 stage="publish_parameters"
2026-09-09T20:41:47.651597Z DEBUG transparent_shard_server::runtime: runtime stage key=("be059aab39ac34125e0452548d6fbcfb1e7cdb7237a597bd59ee86011ed4882b", Directory, 0) seconds=3.608723824 stage="runtime_build"
2026-09-09T20:41:47.651642Z  INFO transparent_shard_server::service: prewarm finished warm=28 target=28 failed=0 seconds=3.756757563
2026-09-09T20:41:47.651720Z DEBUG transparent_shard_server::live: publication preparation stages map=32426d9e9300c44558210d8540b636402af2b3c322627f9e9f26e0082b489725 loading_seconds=0.597168251 warming_seconds=3.756979395
2026-09-09T20:41:47.700355Z  INFO transparent_shard_server::runtime: retired runtime memory reclaimed rss_before=5008572416 rss_after=4553527296
2026-09-09T20:41:47.772013Z DEBUG transparent_shard_server::runtime: runtime stage key=("5b7ee9849d47f5ee67d04eb6ca4588beacf42dce75e5a1b481dfd02607b1fb20", Directory, 0) seconds=1.221e-6 stage="restore_slot"
2026-09-09T20:41:48.239278Z DEBUG transparent_shard_server::runtime: runtime stage key=("268f5c527d35817d37919707b04a706c850d449156baa071b5438dbf8eb53aec", Directory, 0) seconds=1.572e-6 stage="restore_slot"
2026-09-09T20:41:48.239377Z DEBUG transparent_shard_server::runtime: runtime stage key=("268f5c527d35817d37919707b04a706c850d449156baa071b5438dbf8eb53aec", Pages, 0) seconds=1.99e-7 stage="restore_slot"
2026-09-09T20:41:48.239443Z DEBUG transparent_shard_server::runtime: runtime stage key=("268f5c527d35817d37919707b04a706c850d449156baa071b5438dbf8eb53aec", Directory, 0) seconds=6.0198e-5 hit=false stage="disk_restore"
2026-09-09T20:41:48.239468Z DEBUG transparent_shard_server::runtime: runtime stage key=("268f5c527d35817d37919707b04a706c850d449156baa071b5438dbf8eb53aec", Directory, 0) seconds=2.94e-7 stage="build_slot"
2026-09-09T20:41:48.239465Z DEBUG transparent_shard_server::runtime: runtime stage key=("268f5c527d35817d37919707b04a706c850d449156baa071b5438dbf8eb53aec", Pages, 0) seconds=4.8552e-5 hit=false stage="disk_restore"
2026-09-09T20:41:48.239512Z DEBUG transparent_shard_server::memory: cold build admission wait seconds=3.4678e-5 admitted=true
2026-09-09T20:41:48.239516Z DEBUG transparent_shard_server::runtime: runtime stage key=("268f5c527d35817d37919707b04a706c850d449156baa071b5438dbf8eb53aec", Pages, 0) seconds=9.09e-7 stage="build_slot"
2026-09-09T20:41:48.239610Z DEBUG transparent_shard_server::memory: cold build admission wait seconds=4.8789e-5 admitted=true
2026-09-09T20:41:48.354954Z DEBUG transparent_shard_server::runtime: runtime stage key=("be059aab39ac34125e0452548d6fbcfb1e7cdb7237a597bd59ee86011ed4882b", Pages, 0) seconds=0.716373848 stage="disk_save"
2026-09-09T20:41:48.384466Z DEBUG transparent_shard_server::runtime: runtime stage key=("268f5c527d35817d37919707b04a706c850d449156baa071b5438dbf8eb53aec", Pages, 0) seconds=0.144835494 stage="source_load"
2026-09-09T20:41:48.385500Z DEBUG transparent_shard_server::runtime: runtime stage key=("268f5c527d35817d37919707b04a706c850d449156baa071b5438dbf8eb53aec", Directory, 0) seconds=0.145973553 stage="source_load"
2026-09-09T20:41:48.538073Z DEBUG transparent_shard_server::runtime: runtime stage key=("5b7ee9849d47f5ee67d04eb6ca4588beacf42dce75e5a1b481dfd02607b1fb20", Directory, 0) seconds=0.765955812 hit=true stage="disk_restore"
2026-09-09T20:41:48.659211Z DEBUG transparent_shard_server::runtime: runtime stage key=("5b7ee9849d47f5ee67d04eb6ca4588beacf42dce75e5a1b481dfd02607b1fb20", Directory, 0) seconds=0.121098696 stage="source_verify"
2026-09-09T20:41:48.659237Z  INFO transparent_shard_server::runtime: restored runtime cache seconds=0.887123372
2026-09-09T20:41:48.687269Z DEBUG transparent_shard_server::runtime: construction stage geometry="recent-8k" table="pages" seconds=0.302773867 stage="encode_database"
2026-09-09T20:41:48.687370Z DEBUG transparent_shard_server::runtime: construction stage geometry="recent-8k" table="pages" seconds=7.235e-5 stage="public_setup"
2026-09-09T20:41:48.691908Z DEBUG transparent_shard_server::service: query stage revision=5b7ee9849d47f5ee67d04eb6ca4588beacf42dce75e5a1b481dfd02607b1fb20 table="directory" seconds=2.142e-6 stage="query_admission"
2026-09-09T20:41:48.691931Z DEBUG transparent_shard_server::service: query stage revision=5b7ee9849d47f5ee67d04eb6ca4588beacf42dce75e5a1b481dfd02607b1fb20 table="directory" seconds=4.398e-6 stage="query_runtime"
2026-09-09T20:41:48.692156Z DEBUG transparent_shard_server::service: query stage revision=5b7ee9849d47f5ee67d04eb6ca4588beacf42dce75e5a1b481dfd02607b1fb20 table="directory" seconds=1.101e-6 stage="query_admission"
2026-09-09T20:41:48.692184Z DEBUG transparent_shard_server::service: query stage revision=5b7ee9849d47f5ee67d04eb6ca4588beacf42dce75e5a1b481dfd02607b1fb20 table="directory" seconds=2.674e-6 stage="query_runtime"
2026-09-09T20:41:48.692825Z DEBUG transparent_shard_server::service: query stage revision=5b7ee9849d47f5ee67d04eb6ca4588beacf42dce75e5a1b481dfd02607b1fb20 table="directory" seconds=0.000822079 stage="query_dispatch"
2026-09-09T20:41:48.700191Z DEBUG transparent_shard_server::service: query stage revision=5b7ee9849d47f5ee67d04eb6ca4588beacf42dce75e5a1b481dfd02607b1fb20 table="directory" seconds=0.007956492 stage="query_dispatch"
2026-09-09T20:41:48.708112Z DEBUG transparent_shard_server::runtime: construction stage geometry="recent-8k" table="directory" seconds=0.322589027 stage="encode_database"
2026-09-09T20:41:48.708317Z DEBUG transparent_shard_server::runtime: construction stage geometry="recent-8k" table="directory" seconds=0.000180362 stage="public_setup"
2026-09-09T20:41:49.099199Z DEBUG transparent_shard_server::runtime: runtime stage key=("be059aab39ac34125e0452548d6fbcfb1e7cdb7237a597bd59ee86011ed4882b", Directory, 0) seconds=1.447557191 stage="disk_save"
2026-09-09T20:41:49.813208Z DEBUG transparent_shard_server::runtime: construction stage geometry="recent-8k" table="directory" seconds=1.104876873 stage="hint_columns"
2026-09-09T20:41:49.823663Z DEBUG transparent_shard_server::service: query stage revision=5b7ee9849d47f5ee67d04eb6ca4588beacf42dce75e5a1b481dfd02607b1fb20 table="directory" seconds=1.130824263 stage="query_evaluate"
2026-09-09T20:41:49.823698Z DEBUG transparent_shard_server::service: query stage revision=5b7ee9849d47f5ee67d04eb6ca4588beacf42dce75e5a1b481dfd02607b1fb20 table="directory" seconds=1.123484118 stage="query_evaluate"
2026-09-09T20:41:49.823775Z DEBUG transparent_shard_server::runtime: construction stage geometry="recent-8k" table="pages" seconds=1.136398746 stage="hint_columns"
2026-09-09T20:41:50.066673Z DEBUG transparent_shard_server::service: query stage revision=be059aab39ac34125e0452548d6fbcfb1e7cdb7237a597bd59ee86011ed4882b table="pages" seconds=3.056e-6 stage="query_admission"
2026-09-09T20:41:50.066714Z DEBUG transparent_shard_server::service: query stage revision=be059aab39ac34125e0452548d6fbcfb1e7cdb7237a597bd59ee86011ed4882b table="pages" seconds=7.118e-6 stage="query_runtime"
2026-09-09T20:41:50.066816Z DEBUG transparent_shard_server::service: query stage revision=be059aab39ac34125e0452548d6fbcfb1e7cdb7237a597bd59ee86011ed4882b table="pages" seconds=2.2499e-5 stage="query_dispatch"
2026-09-09T20:41:50.070877Z DEBUG transparent_shard_server::service: query stage revision=be059aab39ac34125e0452548d6fbcfb1e7cdb7237a597bd59ee86011ed4882b table="pages" seconds=3.124e-6 stage="query_admission"
2026-09-09T20:41:50.070906Z DEBUG transparent_shard_server::service: query stage revision=be059aab39ac34125e0452548d6fbcfb1e7cdb7237a597bd59ee86011ed4882b table="pages" seconds=5.185e-6 stage="query_runtime"
2026-09-09T20:41:50.070986Z DEBUG transparent_shard_server::service: query stage revision=be059aab39ac34125e0452548d6fbcfb1e7cdb7237a597bd59ee86011ed4882b table="pages" seconds=2.0211e-5 stage="query_dispatch"
2026-09-09T20:41:50.088725Z DEBUG transparent_shard_server::service: query stage revision=be059aab39ac34125e0452548d6fbcfb1e7cdb7237a597bd59ee86011ed4882b table="pages" seconds=0.021889005 stage="query_evaluate"
2026-09-09T20:41:50.093081Z DEBUG transparent_shard_server::service: query stage revision=be059aab39ac34125e0452548d6fbcfb1e7cdb7237a597bd59ee86011ed4882b table="pages" seconds=0.022076434 stage="query_evaluate"
2026-09-09T20:41:50.291525Z DEBUG transparent_shard_server::service: query stage revision=be059aab39ac34125e0452548d6fbcfb1e7cdb7237a597bd59ee86011ed4882b table="directory" seconds=2.147e-6 stage="query_admission"
2026-09-09T20:41:50.291582Z DEBUG transparent_shard_server::service: query stage revision=be059aab39ac34125e0452548d6fbcfb1e7cdb7237a597bd59ee86011ed4882b table="directory" seconds=5.362e-6 stage="query_runtime"
2026-09-09T20:41:50.291656Z DEBUG transparent_shard_server::service: query stage revision=be059aab39ac34125e0452548d6fbcfb1e7cdb7237a597bd59ee86011ed4882b table="directory" seconds=1.831e-6 stage="query_admission"
2026-09-09T20:41:50.291688Z DEBUG transparent_shard_server::service: query stage revision=be059aab39ac34125e0452548d6fbcfb1e7cdb7237a597bd59ee86011ed4882b table="directory" seconds=3.834e-6 stage="query_runtime"
2026-09-09T20:41:50.291742Z DEBUG transparent_shard_server::service: query stage revision=be059aab39ac34125e0452548d6fbcfb1e7cdb7237a597bd59ee86011ed4882b table="directory" seconds=9.3781e-5 stage="query_dispatch"
2026-09-09T20:41:50.291763Z DEBUG transparent_shard_server::service: query stage revision=be059aab39ac34125e0452548d6fbcfb1e7cdb7237a597bd59ee86011ed4882b table="directory" seconds=1.2657e-5 stage="query_dispatch"
2026-09-09T20:41:50.315574Z DEBUG transparent_shard_server::service: query stage revision=be059aab39ac34125e0452548d6fbcfb1e7cdb7237a597bd59ee86011ed4882b table="directory" seconds=0.023803453 stage="query_evaluate"
2026-09-09T20:41:50.316185Z DEBUG transparent_shard_server::service: query stage revision=be059aab39ac34125e0452548d6fbcfb1e7cdb7237a597bd59ee86011ed4882b table="directory" seconds=0.024426511 stage="query_evaluate"
2026-09-09T20:41:50.470439Z DEBUG transparent_shard_server::service: query stage revision=be059aab39ac34125e0452548d6fbcfb1e7cdb7237a597bd59ee86011ed4882b table="pages" seconds=2.254e-6 stage="query_admission"
2026-09-09T20:41:50.470476Z DEBUG transparent_shard_server::service: query stage revision=be059aab39ac34125e0452548d6fbcfb1e7cdb7237a597bd59ee86011ed4882b table="pages" seconds=4.062e-6 stage="query_runtime"
2026-09-09T20:41:50.470548Z DEBUG transparent_shard_server::service: query stage revision=be059aab39ac34125e0452548d6fbcfb1e7cdb7237a597bd59ee86011ed4882b table="pages" seconds=1.802e-6 stage="query_admission"
2026-09-09T20:41:50.470571Z DEBUG transparent_shard_server::service: query stage revision=be059aab39ac34125e0452548d6fbcfb1e7cdb7237a597bd59ee86011ed4882b table="pages" seconds=1.952e-5 stage="query_dispatch"
2026-09-09T20:41:50.474672Z DEBUG transparent_shard_server::service: query stage revision=be059aab39ac34125e0452548d6fbcfb1e7cdb7237a597bd59ee86011ed4882b table="pages" seconds=1.0151e-5 stage="query_runtime"
2026-09-09T20:41:50.474797Z DEBUG transparent_shard_server::service: query stage revision=be059aab39ac34125e0452548d6fbcfb1e7cdb7237a597bd59ee86011ed4882b table="pages" seconds=2.4916e-5 stage="query_dispatch"
2026-09-09T20:41:50.495380Z DEBUG transparent_shard_server::service: query stage revision=be059aab39ac34125e0452548d6fbcfb1e7cdb7237a597bd59ee86011ed4882b table="pages" seconds=0.024766339 stage="query_evaluate"
2026-09-09T20:41:50.495976Z DEBUG transparent_shard_server::service: query stage revision=be059aab39ac34125e0452548d6fbcfb1e7cdb7237a597bd59ee86011ed4882b table="pages" seconds=0.02117157 stage="query_evaluate"
2026-09-09T20:41:50.650974Z DEBUG transparent_shard_server::service: query stage revision=be059aab39ac34125e0452548d6fbcfb1e7cdb7237a597bd59ee86011ed4882b table="directory" seconds=2.328e-6 stage="query_admission"
2026-09-09T20:41:50.651009Z DEBUG transparent_shard_server::service: query stage revision=be059aab39ac34125e0452548d6fbcfb1e7cdb7237a597bd59ee86011ed4882b table="directory" seconds=4.236e-6 stage="query_runtime"
2026-09-09T20:41:50.651104Z DEBUG transparent_shard_server::service: query stage revision=be059aab39ac34125e0452548d6fbcfb1e7cdb7237a597bd59ee86011ed4882b table="directory" seconds=1.967e-5 stage="query_dispatch"
2026-09-09T20:41:50.686496Z DEBUG transparent_shard_server::service: query stage revision=be059aab39ac34125e0452548d6fbcfb1e7cdb7237a597bd59ee86011ed4882b table="directory" seconds=3.66e-6 stage="query_admission"
2026-09-09T20:41:50.686535Z DEBUG transparent_shard_server::service: query stage revision=be059aab39ac34125e0452548d6fbcfb1e7cdb7237a597bd59ee86011ed4882b table="directory" seconds=7.205e-6 stage="query_runtime"
2026-09-09T20:41:50.686628Z DEBUG transparent_shard_server::service: query stage revision=be059aab39ac34125e0452548d6fbcfb1e7cdb7237a597bd59ee86011ed4882b table="directory" seconds=1.8238e-5 stage="query_dispatch"
2026-09-09T20:41:50.792556Z DEBUG transparent_shard_server::service: query stage revision=be059aab39ac34125e0452548d6fbcfb1e7cdb7237a597bd59ee86011ed4882b table="directory" seconds=0.105909116 stage="query_evaluate"
2026-09-09T20:41:50.808138Z DEBUG transparent_shard_server::service: query stage revision=be059aab39ac34125e0452548d6fbcfb1e7cdb7237a597bd59ee86011ed4882b table="directory" seconds=0.157012256 stage="query_evaluate"
2026-09-09T20:41:50.963043Z DEBUG transparent_shard_server::service: query stage revision=be059aab39ac34125e0452548d6fbcfb1e7cdb7237a597bd59ee86011ed4882b table="pages" seconds=3.327e-6 stage="query_admission"
2026-09-09T20:41:50.963083Z DEBUG transparent_shard_server::service: query stage revision=be059aab39ac34125e0452548d6fbcfb1e7cdb7237a597bd59ee86011ed4882b table="pages" seconds=6.489e-6 stage="query_runtime"
2026-09-09T20:41:50.963186Z DEBUG transparent_shard_server::service: query stage revision=be059aab39ac34125e0452548d6fbcfb1e7cdb7237a597bd59ee86011ed4882b table="pages" seconds=1.3958e-5 stage="query_dispatch"
2026-09-09T20:41:50.992793Z DEBUG transparent_shard_server::service: query stage revision=be059aab39ac34125e0452548d6fbcfb1e7cdb7237a597bd59ee86011ed4882b table="pages" seconds=0.029580952 stage="query_evaluate"
2026-09-09T20:41:51.000365Z DEBUG transparent_shard_server::service: query stage revision=be059aab39ac34125e0452548d6fbcfb1e7cdb7237a597bd59ee86011ed4882b table="pages" seconds=2.109e-6 stage="query_admission"
2026-09-09T20:41:51.000400Z DEBUG transparent_shard_server::service: query stage revision=be059aab39ac34125e0452548d6fbcfb1e7cdb7237a597bd59ee86011ed4882b table="pages" seconds=5.566e-6 stage="query_runtime"
2026-09-09T20:41:51.000497Z DEBUG transparent_shard_server::service: query stage revision=be059aab39ac34125e0452548d6fbcfb1e7cdb7237a597bd59ee86011ed4882b table="pages" seconds=2.2185e-5 stage="query_dispatch"
2026-09-09T20:41:51.018416Z DEBUG transparent_shard_server::service: query stage revision=be059aab39ac34125e0452548d6fbcfb1e7cdb7237a597bd59ee86011ed4882b table="pages" seconds=0.017899151 stage="query_evaluate"
2026-09-09T20:41:51.152533Z DEBUG transparent_shard_server::service: query stage revision=be059aab39ac34125e0452548d6fbcfb1e7cdb7237a597bd59ee86011ed4882b table="directory" seconds=2.173e-6 stage="query_admission"
2026-09-09T20:41:51.152567Z DEBUG transparent_shard_server::service: query stage revision=be059aab39ac34125e0452548d6fbcfb1e7cdb7237a597bd59ee86011ed4882b table="directory" seconds=4.468e-6 stage="query_runtime"
2026-09-09T20:41:51.156176Z DEBUG transparent_shard_server::service: query stage revision=be059aab39ac34125e0452548d6fbcfb1e7cdb7237a597bd59ee86011ed4882b table="directory" seconds=0.003535925 stage="query_dispatch"
2026-09-09T20:41:51.174618Z DEBUG transparent_shard_server::service: query stage revision=be059aab39ac34125e0452548d6fbcfb1e7cdb7237a597bd59ee86011ed4882b table="directory" seconds=2.747e-6 stage="query_admission"
2026-09-09T20:41:51.174657Z DEBUG transparent_shard_server::service: query stage revision=be059aab39ac34125e0452548d6fbcfb1e7cdb7237a597bd59ee86011ed4882b table="directory" seconds=7.407e-6 stage="query_runtime"
2026-09-09T20:41:51.174734Z DEBUG transparent_shard_server::memory: work memory admission denied current=5267349504 limit=7516192768 held=1342177280 requested=268435456
2026-09-09T20:41:51.208489Z DEBUG transparent_shard_server::service: query stage revision=be059aab39ac34125e0452548d6fbcfb1e7cdb7237a597bd59ee86011ed4882b table="directory" seconds=0.052284851 stage="query_evaluate"
2026-09-09T20:41:51.364966Z DEBUG transparent_shard_server::service: query stage revision=be059aab39ac34125e0452548d6fbcfb1e7cdb7237a597bd59ee86011ed4882b table="pages" seconds=3.035e-6 stage="query_admission"
2026-09-09T20:41:51.365005Z DEBUG transparent_shard_server::service: query stage revision=be059aab39ac34125e0452548d6fbcfb1e7cdb7237a597bd59ee86011ed4882b table="pages" seconds=6.577e-6 stage="query_runtime"
2026-09-09T20:41:51.365098Z DEBUG transparent_shard_server::service: query stage revision=be059aab39ac34125e0452548d6fbcfb1e7cdb7237a597bd59ee86011ed4882b table="pages" seconds=1.3808e-5 stage="query_dispatch"
2026-09-09T20:41:51.383521Z DEBUG transparent_shard_server::service: query stage revision=be059aab39ac34125e0452548d6fbcfb1e7cdb7237a597bd59ee86011ed4882b table="directory" seconds=2.613e-6 stage="query_admission"
2026-09-09T20:41:51.383576Z DEBUG transparent_shard_server::service: query stage revision=be059aab39ac34125e0452548d6fbcfb1e7cdb7237a597bd59ee86011ed4882b table="directory" seconds=6.639e-6 stage="query_runtime"
2026-09-09T20:41:51.383652Z DEBUG transparent_shard_server::memory: work memory admission denied current=5171875840 limit=7516192768 held=1342177280 requested=268435456
2026-09-09T20:41:51.589254Z DEBUG transparent_shard_server::service: query stage revision=be059aab39ac34125e0452548d6fbcfb1e7cdb7237a597bd59ee86011ed4882b table="directory" seconds=2.893e-6 stage="query_admission"
2026-09-09T20:41:51.589293Z DEBUG transparent_shard_server::service: query stage revision=be059aab39ac34125e0452548d6fbcfb1e7cdb7237a597bd59ee86011ed4882b table="directory" seconds=7.048e-6 stage="query_runtime"
2026-09-09T20:41:51.589366Z DEBUG transparent_shard_server::memory: work memory admission denied current=5217349632 limit=7516192768 held=1342177280 requested=268435456
2026-09-09T20:41:51.793117Z DEBUG transparent_shard_server::service: query stage revision=be059aab39ac34125e0452548d6fbcfb1e7cdb7237a597bd59ee86011ed4882b table="directory" seconds=2.562e-6 stage="query_admission"
2026-09-09T20:41:51.793154Z DEBUG transparent_shard_server::service: query stage revision=be059aab39ac34125e0452548d6fbcfb1e7cdb7237a597bd59ee86011ed4882b table="directory" seconds=7.09e-6 stage="query_runtime"
2026-09-09T20:41:51.793232Z DEBUG transparent_shard_server::memory: work memory admission denied current=5262913536 limit=7516192768 held=1342177280 requested=268435456
2026-09-09T20:41:52.001445Z DEBUG transparent_shard_server::service: query stage revision=be059aab39ac34125e0452548d6fbcfb1e7cdb7237a597bd59ee86011ed4882b table="directory" seconds=2.726e-6 stage="query_admission"
2026-09-09T20:41:52.001484Z DEBUG transparent_shard_server::service: query stage revision=be059aab39ac34125e0452548d6fbcfb1e7cdb7237a597bd59ee86011ed4882b table="directory" seconds=6.741e-6 stage="query_runtime"
2026-09-09T20:41:52.001555Z DEBUG transparent_shard_server::memory: work memory admission denied current=5297160192 limit=7516192768 held=1342177280 requested=268435456
2026-09-09T20:41:52.124842Z DEBUG transparent_shard_server::runtime: construction stage geometry="recent-8k" table="directory" seconds=2.311594413 stage="pack_preprocessing"
2026-09-09T20:41:52.125143Z DEBUG transparent_shard_server::runtime: construction stage geometry="recent-8k" table="directory" seconds=0.000264035 stage="publish_parameters"
2026-09-09T20:41:52.126802Z DEBUG transparent_shard_server::service: query stage revision=be059aab39ac34125e0452548d6fbcfb1e7cdb7237a597bd59ee86011ed4882b table="pages" seconds=0.761673811 stage="query_evaluate"
2026-09-09T20:41:52.126830Z DEBUG transparent_shard_server::runtime: runtime stage key=("268f5c527d35817d37919707b04a706c850d449156baa071b5438dbf8eb53aec", Directory, 0) seconds=3.741306623 stage="runtime_build"
2026-09-09T20:41:52.150640Z DEBUG transparent_shard_server::runtime: construction stage geometry="recent-8k" table="pages" seconds=2.326850474 stage="pack_preprocessing"
2026-09-09T20:41:52.150924Z DEBUG transparent_shard_server::runtime: construction stage geometry="recent-8k" table="pages" seconds=0.000261177 stage="publish_parameters"
2026-09-09T20:41:52.151625Z DEBUG transparent_shard_server::runtime: runtime stage key=("268f5c527d35817d37919707b04a706c850d449156baa071b5438dbf8eb53aec", Pages, 0) seconds=3.767131229 stage="runtime_build"
2026-09-09T20:41:52.151698Z  INFO transparent_shard_server::service: prewarm finished warm=28 target=28 failed=0 seconds=3.912460218
2026-09-09T20:41:52.151730Z DEBUG transparent_shard_server::live: publication preparation stages map=12cbb58695cd66166197842d179b61598c15effb06ad32efcd899a13e36e7b10 loading_seconds=0.585535346 warming_seconds=3.912537103
2026-09-09T20:41:52.203039Z DEBUG transparent_shard_server::service: query stage revision=be059aab39ac34125e0452548d6fbcfb1e7cdb7237a597bd59ee86011ed4882b table="directory" seconds=2.404e-6 stage="query_admission"
2026-09-09T20:41:52.203071Z DEBUG transparent_shard_server::service: query stage revision=be059aab39ac34125e0452548d6fbcfb1e7cdb7237a597bd59ee86011ed4882b table="directory" seconds=5.586e-6 stage="query_runtime"
2026-09-09T20:41:52.203267Z DEBUG transparent_shard_server::service: query stage revision=be059aab39ac34125e0452548d6fbcfb1e7cdb7237a597bd59ee86011ed4882b table="directory" seconds=0.000118613 stage="query_dispatch"
2026-09-09T20:41:52.221799Z DEBUG transparent_shard_server::service: query stage revision=be059aab39ac34125e0452548d6fbcfb1e7cdb7237a597bd59ee86011ed4882b table="directory" seconds=0.01850641 stage="query_evaluate"
2026-09-09T20:41:52.284065Z DEBUG transparent_shard_server::service: query stage revision=be059aab39ac34125e0452548d6fbcfb1e7cdb7237a597bd59ee86011ed4882b table="directory" seconds=2.936e-6 stage="query_admission"
2026-09-09T20:41:52.284092Z DEBUG transparent_shard_server::service: query stage revision=be059aab39ac34125e0452548d6fbcfb1e7cdb7237a597bd59ee86011ed4882b table="directory" seconds=6.84e-6 stage="query_runtime"
2026-09-09T20:41:52.284221Z DEBUG transparent_shard_server::service: query stage revision=be059aab39ac34125e0452548d6fbcfb1e7cdb7237a597bd59ee86011ed4882b table="directory" seconds=2.6684e-5 stage="query_dispatch"
2026-09-09T20:41:52.293491Z DEBUG transparent_shard_server::service: query stage revision=be059aab39ac34125e0452548d6fbcfb1e7cdb7237a597bd59ee86011ed4882b table="directory" seconds=0.009246413 stage="query_evaluate"
2026-09-09T20:41:52.387963Z DEBUG transparent_shard_server::service: query stage revision=268f5c527d35817d37919707b04a706c850d449156baa071b5438dbf8eb53aec table="pages" seconds=2.197e-6 stage="query_admission"
2026-09-09T20:41:52.387997Z DEBUG transparent_shard_server::service: query stage revision=268f5c527d35817d37919707b04a706c850d449156baa071b5438dbf8eb53aec table="pages" seconds=6.232e-6 stage="query_runtime"
2026-09-09T20:41:52.388095Z DEBUG transparent_shard_server::service: query stage revision=268f5c527d35817d37919707b04a706c850d449156baa071b5438dbf8eb53aec table="pages" seconds=2.2984e-5 stage="query_dispatch"
2026-09-09T20:41:52.398067Z DEBUG transparent_shard_server::service: query stage revision=268f5c527d35817d37919707b04a706c850d449156baa071b5438dbf8eb53aec table="pages" seconds=0.009951772 stage="query_evaluate"
2026-09-09T20:41:52.448131Z DEBUG transparent_shard_server::service: query stage revision=268f5c527d35817d37919707b04a706c850d449156baa071b5438dbf8eb53aec table="pages" seconds=2.138e-6 stage="query_admission"
2026-09-09T20:41:52.448176Z DEBUG transparent_shard_server::service: query stage revision=268f5c527d35817d37919707b04a706c850d449156baa071b5438dbf8eb53aec table="pages" seconds=6.366e-6 stage="query_runtime"
2026-09-09T20:41:52.448280Z DEBUG transparent_shard_server::service: query stage revision=268f5c527d35817d37919707b04a706c850d449156baa071b5438dbf8eb53aec table="pages" seconds=2.2678e-5 stage="query_dispatch"
2026-09-09T20:41:52.457807Z DEBUG transparent_shard_server::service: query stage revision=268f5c527d35817d37919707b04a706c850d449156baa071b5438dbf8eb53aec table="pages" seconds=0.009506844 stage="query_evaluate"
2026-09-09T20:41:52.561525Z DEBUG transparent_shard_server::service: query stage revision=268f5c527d35817d37919707b04a706c850d449156baa071b5438dbf8eb53aec table="directory" seconds=2.555e-6 stage="query_admission"
2026-09-09T20:41:52.561556Z DEBUG transparent_shard_server::service: query stage revision=268f5c527d35817d37919707b04a706c850d449156baa071b5438dbf8eb53aec table="directory" seconds=5.784e-6 stage="query_runtime"
2026-09-09T20:41:52.561662Z DEBUG transparent_shard_server::service: query stage revision=268f5c527d35817d37919707b04a706c850d449156baa071b5438dbf8eb53aec table="directory" seconds=3.1326e-5 stage="query_dispatch"
2026-09-09T20:41:52.571112Z DEBUG transparent_shard_server::service: query stage revision=268f5c527d35817d37919707b04a706c850d449156baa071b5438dbf8eb53aec table="directory" seconds=0.00941666 stage="query_evaluate"
2026-09-09T20:41:52.616349Z DEBUG transparent_shard_server::service: query stage revision=268f5c527d35817d37919707b04a706c850d449156baa071b5438dbf8eb53aec table="directory" seconds=2.458e-6 stage="query_admission"
2026-09-09T20:41:52.616383Z DEBUG transparent_shard_server::service: query stage revision=268f5c527d35817d37919707b04a706c850d449156baa071b5438dbf8eb53aec table="directory" seconds=5.709e-6 stage="query_runtime"
2026-09-09T20:41:52.616484Z DEBUG transparent_shard_server::service: query stage revision=268f5c527d35817d37919707b04a706c850d449156baa071b5438dbf8eb53aec table="directory" seconds=2.2949e-5 stage="query_dispatch"
2026-09-09T20:41:52.626333Z DEBUG transparent_shard_server::service: query stage revision=268f5c527d35817d37919707b04a706c850d449156baa071b5438dbf8eb53aec table="directory" seconds=0.009827906 stage="query_evaluate"
2026-09-09T20:41:52.724997Z DEBUG transparent_shard_server::service: query stage revision=268f5c527d35817d37919707b04a706c850d449156baa071b5438dbf8eb53aec table="pages" seconds=2.715e-6 stage="query_admission"
2026-09-09T20:41:52.725032Z DEBUG transparent_shard_server::service: query stage revision=268f5c527d35817d37919707b04a706c850d449156baa071b5438dbf8eb53aec table="pages" seconds=4.994e-6 stage="query_runtime"
2026-09-09T20:41:52.725133Z DEBUG transparent_shard_server::service: query stage revision=268f5c527d35817d37919707b04a706c850d449156baa071b5438dbf8eb53aec table="pages" seconds=2.3153e-5 stage="query_dispatch"
2026-09-09T20:41:52.734860Z DEBUG transparent_shard_server::service: query stage revision=268f5c527d35817d37919707b04a706c850d449156baa071b5438dbf8eb53aec table="pages" seconds=0.009701955 stage="query_evaluate"
2026-09-09T20:41:52.807119Z DEBUG transparent_shard_server::runtime: runtime stage key=("268f5c527d35817d37919707b04a706c850d449156baa071b5438dbf8eb53aec", Directory, 0) seconds=0.678914215 stage="disk_save"
2026-09-09T20:41:53.471380Z DEBUG transparent_shard_server::runtime: runtime stage key=("268f5c527d35817d37919707b04a706c850d449156baa071b5438dbf8eb53aec", Pages, 0) seconds=1.319716959 stage="disk_save"
test burst::publication_burst_under_exact_load ... ok

test result: ok. 1 passed; 0 failed; 0 ignored; 0 measured; 16 filtered out; finished in 70.37s

Finished with result: success
Main processes terminated with: code=exited/status=0
Service runtime: 1min 10.463s
CPU time consumed: 3min 45.409s
Memory peak: 772.0K
Memory swap peak: 0B
