Running as unit: transparent-full-burst-bb3984f16e45464d82acec41c9b1e37e.service

running 1 test
2026-09-09T20:33:14.873971Z DEBUG transparent_shard_server::runtime: runtime stage key=("5b7ee9849d47f5ee67d04eb6ca4588beacf42dce75e5a1b481dfd02607b1fb20", Directory, 0) seconds=4.214e-6 stage="restore_slot"
2026-09-09T20:33:14.873973Z DEBUG transparent_shard_server::runtime: runtime stage key=("5b7ee9849d47f5ee67d04eb6ca4588beacf42dce75e5a1b481dfd02607b1fb20", Pages, 0) seconds=2.975e-6 stage="restore_slot"
2026-09-09T20:33:14.874042Z DEBUG transparent_shard_server::runtime: runtime stage key=("1f5d7213a380745d83cc554ad16bdf9e039a0304d0de0b71376828e1838d0ea4", Pages, 0) seconds=2.894e-6 stage="restore_slot"
2026-09-09T20:33:14.874016Z DEBUG transparent_shard_server::runtime: runtime stage key=("1f5d7213a380745d83cc554ad16bdf9e039a0304d0de0b71376828e1838d0ea4", Directory, 0) seconds=2.285e-6 stage="restore_slot"
2026-09-09T20:33:14.874449Z DEBUG transparent_shard_server::runtime: runtime stage key=("1f5d7213a380745d83cc554ad16bdf9e039a0304d0de0b71376828e1838d0ea4", Pages, 0) seconds=4.9151e-5 hit=false stage="disk_restore"
2026-09-09T20:33:14.874449Z DEBUG transparent_shard_server::runtime: runtime stage key=("5b7ee9849d47f5ee67d04eb6ca4588beacf42dce75e5a1b481dfd02607b1fb20", Directory, 0) seconds=4.9381e-5 hit=false stage="disk_restore"
2026-09-09T20:33:14.874484Z DEBUG transparent_shard_server::runtime: runtime stage key=("1f5d7213a380745d83cc554ad16bdf9e039a0304d0de0b71376828e1838d0ea4", Pages, 0) seconds=6.63e-7 stage="build_slot"
2026-09-09T20:33:14.874487Z DEBUG transparent_shard_server::runtime: runtime stage key=("5b7ee9849d47f5ee67d04eb6ca4588beacf42dce75e5a1b481dfd02607b1fb20", Pages, 0) seconds=9.697e-6 hit=false stage="disk_restore"
2026-09-09T20:33:14.874484Z DEBUG transparent_shard_server::runtime: runtime stage key=("1f5d7213a380745d83cc554ad16bdf9e039a0304d0de0b71376828e1838d0ea4", Directory, 0) seconds=2.7291e-5 hit=false stage="disk_restore"
2026-09-09T20:33:14.874534Z DEBUG transparent_shard_server::memory: cold build admission wait seconds=4.5165e-5 admitted=true
2026-09-09T20:33:15.020895Z DEBUG transparent_shard_server::runtime: runtime stage key=("1f5d7213a380745d83cc554ad16bdf9e039a0304d0de0b71376828e1838d0ea4", Pages, 0) seconds=0.146343781 stage="source_load"
2026-09-09T20:33:15.321459Z DEBUG transparent_shard_server::runtime: construction stage geometry="recent-8k" table="pages" seconds=0.300507317 stage="encode_database"
2026-09-09T20:33:15.321559Z DEBUG transparent_shard_server::runtime: construction stage geometry="recent-8k" table="pages" seconds=6.015e-5 stage="public_setup"
2026-09-09T20:33:15.925085Z DEBUG transparent_shard_server::runtime: construction stage geometry="recent-8k" table="pages" seconds=0.603520382 stage="hint_columns"
2026-09-09T20:33:17.882701Z DEBUG transparent_shard_server::runtime: construction stage geometry="recent-8k" table="pages" seconds=1.957555843 stage="pack_preprocessing"
2026-09-09T20:33:17.882993Z DEBUG transparent_shard_server::runtime: construction stage geometry="recent-8k" table="pages" seconds=0.000254641 stage="publish_parameters"
2026-09-09T20:33:17.884390Z DEBUG transparent_shard_server::runtime: runtime stage key=("1f5d7213a380745d83cc554ad16bdf9e039a0304d0de0b71376828e1838d0ea4", Pages, 0) seconds=2.863439693 stage="runtime_build"
2026-09-09T20:33:17.886390Z DEBUG transparent_shard_server::runtime: runtime stage key=("5b7ee9849d47f5ee67d04eb6ca4588beacf42dce75e5a1b481dfd02607b1fb20", Directory, 0) seconds=3.011845982 stage="build_slot"
2026-09-09T20:33:17.886481Z DEBUG transparent_shard_server::memory: cold build admission wait seconds=7.3484e-5 admitted=true
2026-09-09T20:33:17.886539Z DEBUG transparent_shard_server::runtime: runtime stage key=("ca7afe810c988a8b4b561668f3456a9f38d1fdbb0776614e07ddfeb1a2132000", Directory, 0) seconds=4.64e-7 stage="restore_slot"
2026-09-09T20:33:17.886629Z DEBUG transparent_shard_server::runtime: runtime stage key=("ca7afe810c988a8b4b561668f3456a9f38d1fdbb0776614e07ddfeb1a2132000", Directory, 0) seconds=5.131e-5 hit=false stage="disk_restore"
2026-09-09T20:33:18.028818Z DEBUG transparent_shard_server::runtime: runtime stage key=("5b7ee9849d47f5ee67d04eb6ca4588beacf42dce75e5a1b481dfd02607b1fb20", Directory, 0) seconds=0.142294042 stage="source_load"
2026-09-09T20:33:18.324662Z DEBUG transparent_shard_server::runtime: construction stage geometry="recent-8k" table="directory" seconds=0.295812973 stage="encode_database"
2026-09-09T20:33:18.324755Z DEBUG transparent_shard_server::runtime: construction stage geometry="recent-8k" table="directory" seconds=6.3755e-5 stage="public_setup"
2026-09-09T20:33:18.593194Z DEBUG transparent_shard_server::runtime: runtime stage key=("1f5d7213a380745d83cc554ad16bdf9e039a0304d0de0b71376828e1838d0ea4", Pages, 0) seconds=0.70663663 stage="disk_save"
2026-09-09T20:33:18.884519Z DEBUG transparent_shard_server::runtime: construction stage geometry="recent-8k" table="directory" seconds=0.559757478 stage="hint_columns"
2026-09-09T20:33:20.798604Z DEBUG transparent_shard_server::runtime: construction stage geometry="recent-8k" table="directory" seconds=1.9140460510000001 stage="pack_preprocessing"
2026-09-09T20:33:20.798903Z DEBUG transparent_shard_server::runtime: construction stage geometry="recent-8k" table="directory" seconds=0.000256244 stage="publish_parameters"
2026-09-09T20:33:20.799535Z DEBUG transparent_shard_server::runtime: runtime stage key=("5b7ee9849d47f5ee67d04eb6ca4588beacf42dce75e5a1b481dfd02607b1fb20", Directory, 0) seconds=2.770687975 stage="runtime_build"
2026-09-09T20:33:20.799709Z DEBUG transparent_shard_server::runtime: runtime stage key=("ca7afe810c988a8b4b561668f3456a9f38d1fdbb0776614e07ddfeb1a2132000", Pages, 0) seconds=1.362e-6 stage="restore_slot"
2026-09-09T20:33:20.799871Z DEBUG transparent_shard_server::runtime: runtime stage key=("ca7afe810c988a8b4b561668f3456a9f38d1fdbb0776614e07ddfeb1a2132000", Pages, 0) seconds=3.348e-5 hit=false stage="disk_restore"
2026-09-09T20:33:20.799898Z DEBUG transparent_shard_server::runtime: runtime stage key=("5b7ee9849d47f5ee67d04eb6ca4588beacf42dce75e5a1b481dfd02607b1fb20", Pages, 0) seconds=5.925353981 stage="build_slot"
2026-09-09T20:33:20.799930Z DEBUG transparent_shard_server::memory: cold build admission wait seconds=2.7263e-5 admitted=true
2026-09-09T20:33:20.939338Z DEBUG transparent_shard_server::runtime: runtime stage key=("5b7ee9849d47f5ee67d04eb6ca4588beacf42dce75e5a1b481dfd02607b1fb20", Pages, 0) seconds=0.139384878 stage="source_load"
2026-09-09T20:33:21.238889Z DEBUG transparent_shard_server::runtime: construction stage geometry="recent-8k" table="pages" seconds=0.299521671 stage="encode_database"
2026-09-09T20:33:21.239034Z DEBUG transparent_shard_server::runtime: construction stage geometry="recent-8k" table="pages" seconds=0.000118281 stage="public_setup"
2026-09-09T20:33:21.503480Z DEBUG transparent_shard_server::runtime: runtime stage key=("5b7ee9849d47f5ee67d04eb6ca4588beacf42dce75e5a1b481dfd02607b1fb20", Directory, 0) seconds=0.703903952 stage="disk_save"
2026-09-09T20:33:21.801619Z DEBUG transparent_shard_server::runtime: construction stage geometry="recent-8k" table="pages" seconds=0.562577794 stage="hint_columns"
2026-09-09T20:33:23.758177Z DEBUG transparent_shard_server::runtime: construction stage geometry="recent-8k" table="pages" seconds=1.95649922 stage="pack_preprocessing"
2026-09-09T20:33:23.758486Z DEBUG transparent_shard_server::runtime: construction stage geometry="recent-8k" table="pages" seconds=0.000265409 stage="publish_parameters"
2026-09-09T20:33:23.759192Z DEBUG transparent_shard_server::runtime: runtime stage key=("5b7ee9849d47f5ee67d04eb6ca4588beacf42dce75e5a1b481dfd02607b1fb20", Pages, 0) seconds=2.819825692 stage="runtime_build"
2026-09-09T20:33:23.760198Z DEBUG transparent_shard_server::runtime: runtime stage key=("1f5d7213a380745d83cc554ad16bdf9e039a0304d0de0b71376828e1838d0ea4", Directory, 0) seconds=8.885653055 stage="build_slot"
2026-09-09T20:33:23.760289Z DEBUG transparent_shard_server::memory: cold build admission wait seconds=7.7096e-5 admitted=true
2026-09-09T20:33:23.760315Z DEBUG transparent_shard_server::runtime: runtime stage key=("95df7205357fe2d9c962d2b41daded841e05afa7b6fc8d06dfec46ad04e15335", Directory, 0) seconds=5.52e-7 stage="restore_slot"
2026-09-09T20:33:23.760428Z DEBUG transparent_shard_server::runtime: runtime stage key=("95df7205357fe2d9c962d2b41daded841e05afa7b6fc8d06dfec46ad04e15335", Directory, 0) seconds=2.7959e-5 hit=false stage="disk_restore"
2026-09-09T20:33:23.895201Z DEBUG transparent_shard_server::runtime: runtime stage key=("1f5d7213a380745d83cc554ad16bdf9e039a0304d0de0b71376828e1838d0ea4", Directory, 0) seconds=0.134876545 stage="source_load"
2026-09-09T20:33:24.188006Z DEBUG transparent_shard_server::runtime: construction stage geometry="recent-8k" table="directory" seconds=0.292768368 stage="encode_database"
2026-09-09T20:33:24.188109Z DEBUG transparent_shard_server::runtime: construction stage geometry="recent-8k" table="directory" seconds=7.0657e-5 stage="public_setup"
2026-09-09T20:33:24.482203Z DEBUG transparent_shard_server::runtime: runtime stage key=("5b7ee9849d47f5ee67d04eb6ca4588beacf42dce75e5a1b481dfd02607b1fb20", Pages, 0) seconds=0.722937702 stage="disk_save"
2026-09-09T20:33:24.765075Z DEBUG transparent_shard_server::runtime: construction stage geometry="recent-8k" table="directory" seconds=0.576959438 stage="hint_columns"
2026-09-09T20:33:26.693499Z DEBUG transparent_shard_server::runtime: construction stage geometry="recent-8k" table="directory" seconds=1.928374775 stage="pack_preprocessing"
2026-09-09T20:33:26.693807Z DEBUG transparent_shard_server::runtime: construction stage geometry="recent-8k" table="directory" seconds=0.000261041 stage="publish_parameters"
2026-09-09T20:33:26.694473Z DEBUG transparent_shard_server::runtime: runtime stage key=("1f5d7213a380745d83cc554ad16bdf9e039a0304d0de0b71376828e1838d0ea4", Directory, 0) seconds=2.7992368389999998 stage="runtime_build"
2026-09-09T20:33:26.694630Z DEBUG transparent_shard_server::runtime: runtime stage key=("95df7205357fe2d9c962d2b41daded841e05afa7b6fc8d06dfec46ad04e15335", Pages, 0) seconds=1.343e-6 stage="restore_slot"
2026-09-09T20:33:26.694739Z DEBUG transparent_shard_server::runtime: runtime stage key=("ca7afe810c988a8b4b561668f3456a9f38d1fdbb0776614e07ddfeb1a2132000", Directory, 0) seconds=8.808083875 stage="build_slot"
2026-09-09T20:33:26.694771Z DEBUG transparent_shard_server::memory: cold build admission wait seconds=2.5269e-5 admitted=true
2026-09-09T20:33:26.694779Z DEBUG transparent_shard_server::runtime: runtime stage key=("95df7205357fe2d9c962d2b41daded841e05afa7b6fc8d06dfec46ad04e15335", Pages, 0) seconds=3.3643e-5 hit=false stage="disk_restore"
2026-09-09T20:33:26.834035Z DEBUG transparent_shard_server::runtime: runtime stage key=("ca7afe810c988a8b4b561668f3456a9f38d1fdbb0776614e07ddfeb1a2132000", Directory, 0) seconds=0.139242591 stage="source_load"
2026-09-09T20:33:27.133503Z DEBUG transparent_shard_server::runtime: construction stage geometry="recent-8k" table="directory" seconds=0.299434678 stage="encode_database"
2026-09-09T20:33:27.133617Z DEBUG transparent_shard_server::runtime: construction stage geometry="recent-8k" table="directory" seconds=8.1612e-5 stage="public_setup"
2026-09-09T20:33:27.604202Z DEBUG transparent_shard_server::runtime: runtime stage key=("1f5d7213a380745d83cc554ad16bdf9e039a0304d0de0b71376828e1838d0ea4", Directory, 0) seconds=0.909469796 stage="disk_save"
2026-09-09T20:33:27.698089Z DEBUG transparent_shard_server::runtime: construction stage geometry="recent-8k" table="directory" seconds=0.564465291 stage="hint_columns"
2026-09-09T20:33:29.664947Z DEBUG transparent_shard_server::runtime: construction stage geometry="recent-8k" table="directory" seconds=1.966816238 stage="pack_preprocessing"
2026-09-09T20:33:29.665252Z DEBUG transparent_shard_server::runtime: construction stage geometry="recent-8k" table="directory" seconds=0.000261213 stage="publish_parameters"
2026-09-09T20:33:29.665922Z DEBUG transparent_shard_server::runtime: runtime stage key=("ca7afe810c988a8b4b561668f3456a9f38d1fdbb0776614e07ddfeb1a2132000", Directory, 0) seconds=2.831856072 stage="runtime_build"
2026-09-09T20:33:29.666098Z DEBUG transparent_shard_server::runtime: runtime stage key=("73d46a59d0d03d7616f9a47e53b50448d4c5a3504e6e296600d8884c8c4403b8", Directory, 0) seconds=1.32e-6 stage="restore_slot"
2026-09-09T20:33:29.666231Z DEBUG transparent_shard_server::runtime: runtime stage key=("ca7afe810c988a8b4b561668f3456a9f38d1fdbb0776614e07ddfeb1a2132000", Pages, 0) seconds=8.866339564 stage="build_slot"
2026-09-09T20:33:29.666269Z DEBUG transparent_shard_server::memory: cold build admission wait seconds=2.6828e-5 admitted=true
2026-09-09T20:33:29.666304Z DEBUG transparent_shard_server::runtime: runtime stage key=("73d46a59d0d03d7616f9a47e53b50448d4c5a3504e6e296600d8884c8c4403b8", Directory, 0) seconds=2.2793e-5 hit=false stage="disk_restore"
2026-09-09T20:33:29.799976Z DEBUG transparent_shard_server::runtime: runtime stage key=("ca7afe810c988a8b4b561668f3456a9f38d1fdbb0776614e07ddfeb1a2132000", Pages, 0) seconds=0.133660836 stage="source_load"
2026-09-09T20:33:30.089984Z DEBUG transparent_shard_server::runtime: construction stage geometry="recent-8k" table="pages" seconds=0.289972464 stage="encode_database"
2026-09-09T20:33:30.090093Z DEBUG transparent_shard_server::runtime: construction stage geometry="recent-8k" table="pages" seconds=7.3733e-5 stage="public_setup"
2026-09-09T20:33:30.384728Z DEBUG transparent_shard_server::runtime: runtime stage key=("ca7afe810c988a8b4b561668f3456a9f38d1fdbb0776614e07ddfeb1a2132000", Directory, 0) seconds=0.71871685 stage="disk_save"
2026-09-09T20:33:30.700326Z DEBUG transparent_shard_server::runtime: construction stage geometry="recent-8k" table="pages" seconds=0.610226383 stage="hint_columns"
2026-09-09T20:33:32.628778Z DEBUG transparent_shard_server::runtime: construction stage geometry="recent-8k" table="pages" seconds=1.928406361 stage="pack_preprocessing"
2026-09-09T20:33:32.629100Z DEBUG transparent_shard_server::runtime: construction stage geometry="recent-8k" table="pages" seconds=0.000276336 stage="publish_parameters"
2026-09-09T20:33:32.629766Z DEBUG transparent_shard_server::runtime: runtime stage key=("ca7afe810c988a8b4b561668f3456a9f38d1fdbb0776614e07ddfeb1a2132000", Pages, 0) seconds=2.829756444 stage="runtime_build"
2026-09-09T20:33:32.629850Z DEBUG transparent_shard_server::runtime: runtime stage key=("95df7205357fe2d9c962d2b41daded841e05afa7b6fc8d06dfec46ad04e15335", Directory, 0) seconds=8.86938347 stage="build_slot"
2026-09-09T20:33:32.629934Z DEBUG transparent_shard_server::memory: cold build admission wait seconds=7.6831e-5 admitted=true
2026-09-09T20:33:32.629961Z DEBUG transparent_shard_server::runtime: runtime stage key=("73d46a59d0d03d7616f9a47e53b50448d4c5a3504e6e296600d8884c8c4403b8", Pages, 0) seconds=5.14e-7 stage="restore_slot"
2026-09-09T20:33:32.630038Z DEBUG transparent_shard_server::runtime: runtime stage key=("73d46a59d0d03d7616f9a47e53b50448d4c5a3504e6e296600d8884c8c4403b8", Pages, 0) seconds=2.1395e-5 hit=false stage="disk_restore"
2026-09-09T20:33:32.776606Z DEBUG transparent_shard_server::runtime: runtime stage key=("95df7205357fe2d9c962d2b41daded841e05afa7b6fc8d06dfec46ad04e15335", Directory, 0) seconds=0.146479833 stage="source_load"
2026-09-09T20:33:33.076820Z DEBUG transparent_shard_server::runtime: construction stage geometry="recent-8k" table="directory" seconds=0.30017671 stage="encode_database"
2026-09-09T20:33:33.077009Z DEBUG transparent_shard_server::runtime: construction stage geometry="recent-8k" table="directory" seconds=0.000160169 stage="public_setup"
2026-09-09T20:33:33.426271Z DEBUG transparent_shard_server::runtime: runtime stage key=("ca7afe810c988a8b4b561668f3456a9f38d1fdbb0776614e07ddfeb1a2132000", Pages, 0) seconds=0.796313352 stage="disk_save"
2026-09-09T20:33:33.666661Z DEBUG transparent_shard_server::runtime: construction stage geometry="recent-8k" table="directory" seconds=0.589643806 stage="hint_columns"
2026-09-09T20:33:35.589998Z DEBUG transparent_shard_server::runtime: construction stage geometry="recent-8k" table="directory" seconds=1.923292633 stage="pack_preprocessing"
2026-09-09T20:33:35.590349Z DEBUG transparent_shard_server::runtime: construction stage geometry="recent-8k" table="directory" seconds=0.000308463 stage="publish_parameters"
2026-09-09T20:33:35.590962Z DEBUG transparent_shard_server::runtime: runtime stage key=("95df7205357fe2d9c962d2b41daded841e05afa7b6fc8d06dfec46ad04e15335", Directory, 0) seconds=2.81431962 stage="runtime_build"
2026-09-09T20:33:35.591194Z DEBUG transparent_shard_server::runtime: runtime stage key=("95df7205357fe2d9c962d2b41daded841e05afa7b6fc8d06dfec46ad04e15335", Pages, 0) seconds=8.896390984 stage="build_slot"
2026-09-09T20:33:35.591296Z DEBUG transparent_shard_server::memory: cold build admission wait seconds=9.1175e-5 admitted=true
2026-09-09T20:33:35.591317Z DEBUG transparent_shard_server::runtime: runtime stage key=("b16be2933ab920bc4745ea8917e5167a7a685c211e0b4febe88b4d3018f970bc", Directory, 0) seconds=5.49e-7 stage="restore_slot"
2026-09-09T20:33:35.591499Z DEBUG transparent_shard_server::runtime: runtime stage key=("b16be2933ab920bc4745ea8917e5167a7a685c211e0b4febe88b4d3018f970bc", Directory, 0) seconds=3.1677e-5 hit=false stage="disk_restore"
2026-09-09T20:33:35.724420Z DEBUG transparent_shard_server::runtime: runtime stage key=("95df7205357fe2d9c962d2b41daded841e05afa7b6fc8d06dfec46ad04e15335", Pages, 0) seconds=0.133062226 stage="source_load"
2026-09-09T20:33:36.013592Z DEBUG transparent_shard_server::runtime: construction stage geometry="recent-8k" table="pages" seconds=0.289143423 stage="encode_database"
2026-09-09T20:33:36.013687Z DEBUG transparent_shard_server::runtime: construction stage geometry="recent-8k" table="pages" seconds=6.8676e-5 stage="public_setup"
2026-09-09T20:33:36.314924Z DEBUG transparent_shard_server::runtime: runtime stage key=("95df7205357fe2d9c962d2b41daded841e05afa7b6fc8d06dfec46ad04e15335", Directory, 0) seconds=0.723817581 stage="disk_save"
2026-09-09T20:33:36.631144Z DEBUG transparent_shard_server::runtime: construction stage geometry="recent-8k" table="pages" seconds=0.617450648 stage="hint_columns"
2026-09-09T20:33:38.524780Z DEBUG transparent_shard_server::runtime: construction stage geometry="recent-8k" table="pages" seconds=1.893585271 stage="pack_preprocessing"
2026-09-09T20:33:38.525135Z DEBUG transparent_shard_server::runtime: construction stage geometry="recent-8k" table="pages" seconds=0.000312329 stage="publish_parameters"
2026-09-09T20:33:38.525840Z DEBUG transparent_shard_server::runtime: runtime stage key=("95df7205357fe2d9c962d2b41daded841e05afa7b6fc8d06dfec46ad04e15335", Pages, 0) seconds=2.801392608 stage="runtime_build"
2026-09-09T20:33:38.525906Z DEBUG transparent_shard_server::runtime: runtime stage key=("b16be2933ab920bc4745ea8917e5167a7a685c211e0b4febe88b4d3018f970bc", Pages, 0) seconds=1.352e-6 stage="restore_slot"
2026-09-09T20:33:38.525988Z DEBUG transparent_shard_server::runtime: runtime stage key=("73d46a59d0d03d7616f9a47e53b50448d4c5a3504e6e296600d8884c8c4403b8", Directory, 0) seconds=8.859626373 stage="build_slot"
2026-09-09T20:33:38.526016Z DEBUG transparent_shard_server::memory: cold build admission wait seconds=2.2374e-5 admitted=true
2026-09-09T20:33:38.529262Z DEBUG transparent_shard_server::runtime: runtime stage key=("b16be2933ab920bc4745ea8917e5167a7a685c211e0b4febe88b4d3018f970bc", Pages, 0) seconds=3.4526e-5 hit=false stage="disk_restore"
2026-09-09T20:33:38.666205Z DEBUG transparent_shard_server::runtime: runtime stage key=("73d46a59d0d03d7616f9a47e53b50448d4c5a3504e6e296600d8884c8c4403b8", Directory, 0) seconds=0.133972475 stage="source_load"
2026-09-09T20:33:38.960505Z DEBUG transparent_shard_server::runtime: construction stage geometry="recent-8k" table="directory" seconds=0.294271381 stage="encode_database"
2026-09-09T20:33:38.960610Z DEBUG transparent_shard_server::runtime: construction stage geometry="recent-8k" table="directory" seconds=7.5394e-5 stage="public_setup"
2026-09-09T20:33:39.236239Z DEBUG transparent_shard_server::runtime: runtime stage key=("95df7205357fe2d9c962d2b41daded841e05afa7b6fc8d06dfec46ad04e15335", Pages, 0) seconds=0.710210919 stage="disk_save"
2026-09-09T20:33:39.521240Z DEBUG transparent_shard_server::runtime: construction stage geometry="recent-8k" table="directory" seconds=0.560622606 stage="hint_columns"
2026-09-09T20:33:41.395622Z DEBUG transparent_shard_server::runtime: construction stage geometry="recent-8k" table="directory" seconds=1.874322976 stage="pack_preprocessing"
2026-09-09T20:33:41.396029Z DEBUG transparent_shard_server::runtime: construction stage geometry="recent-8k" table="directory" seconds=0.00036761 stage="publish_parameters"
2026-09-09T20:33:41.396739Z DEBUG transparent_shard_server::runtime: runtime stage key=("73d46a59d0d03d7616f9a47e53b50448d4c5a3504e6e296600d8884c8c4403b8", Directory, 0) seconds=2.7305062319999998 stage="runtime_build"
2026-09-09T20:33:41.396791Z DEBUG transparent_shard_server::runtime: runtime stage key=("73d46a59d0d03d7616f9a47e53b50448d4c5a3504e6e296600d8884c8c4403b8", Pages, 0) seconds=8.766739568 stage="build_slot"
2026-09-09T20:33:41.396847Z DEBUG transparent_shard_server::runtime: runtime stage key=("16b8227360ce35dd2e111156f5e31fd5eb500ff877879a212fef6cf8471de8a5", Directory, 0) seconds=1.487e-6 stage="restore_slot"
2026-09-09T20:33:41.396871Z DEBUG transparent_shard_server::memory: cold build admission wait seconds=7.5447e-5 admitted=true
2026-09-09T20:33:41.397044Z DEBUG transparent_shard_server::runtime: runtime stage key=("16b8227360ce35dd2e111156f5e31fd5eb500ff877879a212fef6cf8471de8a5", Directory, 0) seconds=1.3246e-5 hit=false stage="disk_restore"
2026-09-09T20:33:41.531208Z DEBUG transparent_shard_server::runtime: runtime stage key=("73d46a59d0d03d7616f9a47e53b50448d4c5a3504e6e296600d8884c8c4403b8", Pages, 0) seconds=0.134178935 stage="source_load"
2026-09-09T20:33:41.820223Z DEBUG transparent_shard_server::runtime: construction stage geometry="recent-8k" table="pages" seconds=0.288985727 stage="encode_database"
2026-09-09T20:33:41.820321Z DEBUG transparent_shard_server::runtime: construction stage geometry="recent-8k" table="pages" seconds=7.1727e-5 stage="public_setup"
2026-09-09T20:33:42.292191Z DEBUG transparent_shard_server::runtime: runtime stage key=("73d46a59d0d03d7616f9a47e53b50448d4c5a3504e6e296600d8884c8c4403b8", Directory, 0) seconds=0.895241615 stage="disk_save"
2026-09-09T20:33:42.420218Z DEBUG transparent_shard_server::runtime: construction stage geometry="recent-8k" table="pages" seconds=0.599890344 stage="hint_columns"
2026-09-09T20:33:44.370679Z DEBUG transparent_shard_server::runtime: construction stage geometry="recent-8k" table="pages" seconds=1.950419476 stage="pack_preprocessing"
2026-09-09T20:33:44.370985Z DEBUG transparent_shard_server::runtime: construction stage geometry="recent-8k" table="pages" seconds=0.000262339 stage="publish_parameters"
2026-09-09T20:33:44.371781Z DEBUG transparent_shard_server::runtime: runtime stage key=("73d46a59d0d03d7616f9a47e53b50448d4c5a3504e6e296600d8884c8c4403b8", Pages, 0) seconds=2.840545016 stage="runtime_build"
2026-09-09T20:33:44.371863Z DEBUG transparent_shard_server::runtime: runtime stage key=("b16be2933ab920bc4745ea8917e5167a7a685c211e0b4febe88b4d3018f970bc", Directory, 0) seconds=8.77790278 stage="build_slot"
2026-09-09T20:33:44.371923Z DEBUG transparent_shard_server::runtime: runtime stage key=("16b8227360ce35dd2e111156f5e31fd5eb500ff877879a212fef6cf8471de8a5", Pages, 0) seconds=1.181e-6 stage="restore_slot"
2026-09-09T20:33:44.371976Z DEBUG transparent_shard_server::memory: cold build admission wait seconds=8.3205e-5 admitted=true
2026-09-09T20:33:44.372048Z DEBUG transparent_shard_server::runtime: runtime stage key=("16b8227360ce35dd2e111156f5e31fd5eb500ff877879a212fef6cf8471de8a5", Pages, 0) seconds=2.6613e-5 hit=false stage="disk_restore"
2026-09-09T20:33:44.508019Z DEBUG transparent_shard_server::runtime: runtime stage key=("b16be2933ab920bc4745ea8917e5167a7a685c211e0b4febe88b4d3018f970bc", Directory, 0) seconds=0.134822575 stage="source_load"
2026-09-09T20:33:44.796088Z DEBUG transparent_shard_server::runtime: construction stage geometry="recent-8k" table="directory" seconds=0.288036369 stage="encode_database"
2026-09-09T20:33:44.796204Z DEBUG transparent_shard_server::runtime: construction stage geometry="recent-8k" table="directory" seconds=8.2587e-5 stage="public_setup"
2026-09-09T20:33:45.284547Z DEBUG transparent_shard_server::runtime: runtime stage key=("73d46a59d0d03d7616f9a47e53b50448d4c5a3504e6e296600d8884c8c4403b8", Pages, 0) seconds=0.912547484 stage="disk_save"
2026-09-09T20:33:45.369201Z DEBUG transparent_shard_server::runtime: construction stage geometry="recent-8k" table="directory" seconds=0.572975975 stage="hint_columns"
2026-09-09T20:33:47.310651Z DEBUG transparent_shard_server::runtime: construction stage geometry="recent-8k" table="directory" seconds=1.941405959 stage="pack_preprocessing"
2026-09-09T20:33:47.310927Z DEBUG transparent_shard_server::runtime: construction stage geometry="recent-8k" table="directory" seconds=0.000235958 stage="publish_parameters"
2026-09-09T20:33:47.311822Z DEBUG transparent_shard_server::runtime: runtime stage key=("b16be2933ab920bc4745ea8917e5167a7a685c211e0b4febe88b4d3018f970bc", Directory, 0) seconds=2.803771265 stage="runtime_build"
2026-09-09T20:33:47.311885Z DEBUG transparent_shard_server::runtime: runtime stage key=("b16be2933ab920bc4745ea8917e5167a7a685c211e0b4febe88b4d3018f970bc", Pages, 0) seconds=8.779687955 stage="build_slot"
2026-09-09T20:33:47.311968Z DEBUG transparent_shard_server::memory: cold build admission wait seconds=7.8256e-5 admitted=true
2026-09-09T20:33:47.311993Z DEBUG transparent_shard_server::runtime: runtime stage key=("1cd27964911287b2a127c1f8df5e6b0c19f5b4db309391c5adb2db3072bfec6e", Directory, 0) seconds=5.23e-7 stage="restore_slot"
2026-09-09T20:33:47.312087Z DEBUG transparent_shard_server::runtime: runtime stage key=("1cd27964911287b2a127c1f8df5e6b0c19f5b4db309391c5adb2db3072bfec6e", Directory, 0) seconds=3.1741e-5 hit=false stage="disk_restore"
2026-09-09T20:33:47.444900Z DEBUG transparent_shard_server::runtime: runtime stage key=("b16be2933ab920bc4745ea8917e5167a7a685c211e0b4febe88b4d3018f970bc", Pages, 0) seconds=0.132865838 stage="source_load"
2026-09-09T20:33:47.736321Z DEBUG transparent_shard_server::runtime: construction stage geometry="recent-8k" table="pages" seconds=0.291385168 stage="encode_database"
2026-09-09T20:33:47.736434Z DEBUG transparent_shard_server::runtime: construction stage geometry="recent-8k" table="pages" seconds=7.6395e-5 stage="public_setup"
2026-09-09T20:33:48.216189Z DEBUG transparent_shard_server::runtime: runtime stage key=("b16be2933ab920bc4745ea8917e5167a7a685c211e0b4febe88b4d3018f970bc", Directory, 0) seconds=0.904252784 stage="disk_save"
2026-09-09T20:33:48.340592Z DEBUG transparent_shard_server::runtime: construction stage geometry="recent-8k" table="pages" seconds=0.604151102 stage="hint_columns"
2026-09-09T20:33:50.289145Z DEBUG transparent_shard_server::runtime: construction stage geometry="recent-8k" table="pages" seconds=1.9485100530000001 stage="pack_preprocessing"
2026-09-09T20:33:50.289450Z DEBUG transparent_shard_server::runtime: construction stage geometry="recent-8k" table="pages" seconds=0.000249991 stage="publish_parameters"
2026-09-09T20:33:50.290236Z DEBUG transparent_shard_server::runtime: runtime stage key=("b16be2933ab920bc4745ea8917e5167a7a685c211e0b4febe88b4d3018f970bc", Pages, 0) seconds=2.84530223 stage="runtime_build"
2026-09-09T20:33:50.290320Z DEBUG transparent_shard_server::runtime: runtime stage key=("1cd27964911287b2a127c1f8df5e6b0c19f5b4db309391c5adb2db3072bfec6e", Pages, 0) seconds=1.334e-6 stage="restore_slot"
2026-09-09T20:33:50.290418Z DEBUG transparent_shard_server::runtime: runtime stage key=("16b8227360ce35dd2e111156f5e31fd5eb500ff877879a212fef6cf8471de8a5", Directory, 0) seconds=8.893355345 stage="build_slot"
2026-09-09T20:33:50.290445Z DEBUG transparent_shard_server::memory: cold build admission wait seconds=2.1677e-5 admitted=true
2026-09-09T20:33:50.294343Z DEBUG transparent_shard_server::runtime: runtime stage key=("1cd27964911287b2a127c1f8df5e6b0c19f5b4db309391c5adb2db3072bfec6e", Pages, 0) seconds=3.931e-5 hit=false stage="disk_restore"
2026-09-09T20:33:50.431965Z DEBUG transparent_shard_server::runtime: runtime stage key=("16b8227360ce35dd2e111156f5e31fd5eb500ff877879a212fef6cf8471de8a5", Directory, 0) seconds=0.134615601 stage="source_load"
2026-09-09T20:33:50.731421Z DEBUG transparent_shard_server::runtime: construction stage geometry="recent-8k" table="directory" seconds=0.299406021 stage="encode_database"
2026-09-09T20:33:50.731522Z DEBUG transparent_shard_server::runtime: construction stage geometry="recent-8k" table="directory" seconds=7.1167e-5 stage="public_setup"
2026-09-09T20:33:51.003689Z DEBUG transparent_shard_server::runtime: runtime stage key=("b16be2933ab920bc4745ea8917e5167a7a685c211e0b4febe88b4d3018f970bc", Pages, 0) seconds=0.713233285 stage="disk_save"
2026-09-09T20:33:51.298554Z DEBUG transparent_shard_server::runtime: construction stage geometry="recent-8k" table="directory" seconds=0.567025983 stage="hint_columns"
2026-09-09T20:33:53.229995Z DEBUG transparent_shard_server::runtime: construction stage geometry="recent-8k" table="directory" seconds=1.931396276 stage="pack_preprocessing"
2026-09-09T20:33:53.230319Z DEBUG transparent_shard_server::runtime: construction stage geometry="recent-8k" table="directory" seconds=0.000265415 stage="publish_parameters"
2026-09-09T20:33:53.231093Z DEBUG transparent_shard_server::runtime: runtime stage key=("16b8227360ce35dd2e111156f5e31fd5eb500ff877879a212fef6cf8471de8a5", Directory, 0) seconds=2.7990808659999997 stage="runtime_build"
2026-09-09T20:33:53.231176Z DEBUG transparent_shard_server::runtime: runtime stage key=("27f56c565263ecffb8c7736d4e811665d81bf4ed71c7978431fcc4f45b645ee1", Directory, 0) seconds=1.4e-6 stage="restore_slot"
2026-09-09T20:33:53.231306Z DEBUG transparent_shard_server::runtime: runtime stage key=("27f56c565263ecffb8c7736d4e811665d81bf4ed71c7978431fcc4f45b645ee1", Directory, 0) seconds=2.2829e-5 hit=false stage="disk_restore"
2026-09-09T20:33:53.231328Z DEBUG transparent_shard_server::runtime: runtime stage key=("16b8227360ce35dd2e111156f5e31fd5eb500ff877879a212fef6cf8471de8a5", Pages, 0) seconds=8.859266241 stage="build_slot"
2026-09-09T20:33:53.231357Z DEBUG transparent_shard_server::memory: cold build admission wait seconds=2.42e-5 admitted=true
2026-09-09T20:33:53.365216Z DEBUG transparent_shard_server::runtime: runtime stage key=("16b8227360ce35dd2e111156f5e31fd5eb500ff877879a212fef6cf8471de8a5", Pages, 0) seconds=0.133846492 stage="source_load"
2026-09-09T20:33:53.665921Z DEBUG transparent_shard_server::runtime: construction stage geometry="recent-8k" table="pages" seconds=0.300666716 stage="encode_database"
2026-09-09T20:33:53.666050Z DEBUG transparent_shard_server::runtime: construction stage geometry="recent-8k" table="pages" seconds=9.7829e-5 stage="public_setup"
2026-09-09T20:33:53.954243Z DEBUG transparent_shard_server::runtime: runtime stage key=("16b8227360ce35dd2e111156f5e31fd5eb500ff877879a212fef6cf8471de8a5", Directory, 0) seconds=0.723057962 stage="disk_save"
2026-09-09T20:33:54.284677Z DEBUG transparent_shard_server::runtime: construction stage geometry="recent-8k" table="pages" seconds=0.61862138 stage="hint_columns"
2026-09-09T20:33:56.202931Z DEBUG transparent_shard_server::runtime: construction stage geometry="recent-8k" table="pages" seconds=1.918205816 stage="pack_preprocessing"
2026-09-09T20:33:56.203253Z DEBUG transparent_shard_server::runtime: construction stage geometry="recent-8k" table="pages" seconds=0.000276472 stage="publish_parameters"
2026-09-09T20:33:56.204081Z DEBUG transparent_shard_server::runtime: runtime stage key=("16b8227360ce35dd2e111156f5e31fd5eb500ff877879a212fef6cf8471de8a5", Pages, 0) seconds=2.8388286000000003 stage="runtime_build"
2026-09-09T20:33:56.204129Z DEBUG transparent_shard_server::runtime: runtime stage key=("1cd27964911287b2a127c1f8df5e6b0c19f5b4db309391c5adb2db3072bfec6e", Directory, 0) seconds=8.891996618 stage="build_slot"
2026-09-09T20:33:56.204230Z DEBUG transparent_shard_server::memory: cold build admission wait seconds=9.5754e-5 admitted=true
2026-09-09T20:33:56.207216Z DEBUG transparent_shard_server::runtime: runtime stage key=("27f56c565263ecffb8c7736d4e811665d81bf4ed71c7978431fcc4f45b645ee1", Pages, 0) seconds=2.127e-6 stage="restore_slot"
2026-09-09T20:33:56.207413Z DEBUG transparent_shard_server::runtime: runtime stage key=("27f56c565263ecffb8c7736d4e811665d81bf4ed71c7978431fcc4f45b645ee1", Pages, 0) seconds=4.6493e-5 hit=false stage="disk_restore"
2026-09-09T20:33:56.341685Z DEBUG transparent_shard_server::runtime: runtime stage key=("1cd27964911287b2a127c1f8df5e6b0c19f5b4db309391c5adb2db3072bfec6e", Directory, 0) seconds=0.137411289 stage="source_load"
2026-09-09T20:33:56.645122Z DEBUG transparent_shard_server::runtime: construction stage geometry="recent-8k" table="directory" seconds=0.303400688 stage="encode_database"
2026-09-09T20:33:56.645238Z DEBUG transparent_shard_server::runtime: construction stage geometry="recent-8k" table="directory" seconds=8.2058e-5 stage="public_setup"
2026-09-09T20:33:56.939248Z DEBUG transparent_shard_server::runtime: runtime stage key=("16b8227360ce35dd2e111156f5e31fd5eb500ff877879a212fef6cf8471de8a5", Pages, 0) seconds=0.734968118 stage="disk_save"
2026-09-09T20:33:57.211937Z DEBUG transparent_shard_server::runtime: construction stage geometry="recent-8k" table="directory" seconds=0.56668955 stage="hint_columns"
2026-09-09T20:33:59.147948Z DEBUG transparent_shard_server::runtime: construction stage geometry="recent-8k" table="directory" seconds=1.9359667539999998 stage="pack_preprocessing"
2026-09-09T20:33:59.148269Z DEBUG transparent_shard_server::runtime: construction stage geometry="recent-8k" table="directory" seconds=0.000279887 stage="publish_parameters"
2026-09-09T20:33:59.149079Z DEBUG transparent_shard_server::runtime: runtime stage key=("1cd27964911287b2a127c1f8df5e6b0c19f5b4db309391c5adb2db3072bfec6e", Directory, 0) seconds=2.807359235 stage="runtime_build"
2026-09-09T20:33:59.149118Z DEBUG transparent_shard_server::runtime: runtime stage key=("1cd27964911287b2a127c1f8df5e6b0c19f5b4db309391c5adb2db3072bfec6e", Pages, 0) seconds=8.851911293 stage="build_slot"
2026-09-09T20:33:59.149213Z DEBUG transparent_shard_server::memory: cold build admission wait seconds=9.0289e-5 admitted=true
2026-09-09T20:33:59.149937Z DEBUG transparent_shard_server::runtime: runtime stage key=("ced665ae1f1140944bcd0c9aa2b83c1019df768df87fa513f9509106fc5b88c1", Directory, 0) seconds=1.62e-6 stage="restore_slot"
2026-09-09T20:33:59.150044Z DEBUG transparent_shard_server::runtime: runtime stage key=("ced665ae1f1140944bcd0c9aa2b83c1019df768df87fa513f9509106fc5b88c1", Directory, 0) seconds=2.2872e-5 hit=false stage="disk_restore"
2026-09-09T20:33:59.283331Z DEBUG transparent_shard_server::runtime: runtime stage key=("1cd27964911287b2a127c1f8df5e6b0c19f5b4db309391c5adb2db3072bfec6e", Pages, 0) seconds=0.134074663 stage="source_load"
2026-09-09T20:33:59.581972Z DEBUG transparent_shard_server::runtime: construction stage geometry="recent-8k" table="pages" seconds=0.298609499 stage="encode_database"
2026-09-09T20:33:59.582078Z DEBUG transparent_shard_server::runtime: construction stage geometry="recent-8k" table="pages" seconds=7.2646e-5 stage="public_setup"
2026-09-09T20:33:59.872194Z DEBUG transparent_shard_server::runtime: runtime stage key=("1cd27964911287b2a127c1f8df5e6b0c19f5b4db309391c5adb2db3072bfec6e", Directory, 0) seconds=0.722931707 stage="disk_save"
2026-09-09T20:34:00.192846Z DEBUG transparent_shard_server::runtime: construction stage geometry="recent-8k" table="pages" seconds=0.610761521 stage="hint_columns"
2026-09-09T20:34:02.146145Z DEBUG transparent_shard_server::runtime: construction stage geometry="recent-8k" table="pages" seconds=1.9532527549999998 stage="pack_preprocessing"
2026-09-09T20:34:02.146451Z DEBUG transparent_shard_server::runtime: construction stage geometry="recent-8k" table="pages" seconds=0.000252474 stage="publish_parameters"
2026-09-09T20:34:02.147318Z DEBUG transparent_shard_server::runtime: runtime stage key=("1cd27964911287b2a127c1f8df5e6b0c19f5b4db309391c5adb2db3072bfec6e", Pages, 0) seconds=2.86395698 stage="runtime_build"
2026-09-09T20:34:02.147386Z DEBUG transparent_shard_server::runtime: runtime stage key=("27f56c565263ecffb8c7736d4e811665d81bf4ed71c7978431fcc4f45b645ee1", Directory, 0) seconds=8.916061291 stage="build_slot"
2026-09-09T20:34:02.147502Z DEBUG transparent_shard_server::memory: cold build admission wait seconds=7.845e-5 admitted=true
2026-09-09T20:34:02.147521Z DEBUG transparent_shard_server::runtime: runtime stage key=("ced665ae1f1140944bcd0c9aa2b83c1019df768df87fa513f9509106fc5b88c1", Pages, 0) seconds=5.23e-7 stage="restore_slot"
2026-09-09T20:34:02.147754Z DEBUG transparent_shard_server::runtime: runtime stage key=("ced665ae1f1140944bcd0c9aa2b83c1019df768df87fa513f9509106fc5b88c1", Pages, 0) seconds=3.2661e-5 hit=false stage="disk_restore"
2026-09-09T20:34:02.280318Z DEBUG transparent_shard_server::runtime: runtime stage key=("27f56c565263ecffb8c7736d4e811665d81bf4ed71c7978431fcc4f45b645ee1", Directory, 0) seconds=0.132765256 stage="source_load"
2026-09-09T20:34:02.573947Z DEBUG transparent_shard_server::runtime: construction stage geometry="recent-8k" table="directory" seconds=0.293591715 stage="encode_database"
2026-09-09T20:34:02.574061Z DEBUG transparent_shard_server::runtime: construction stage geometry="recent-8k" table="directory" seconds=7.4812e-5 stage="public_setup"
2026-09-09T20:34:02.878144Z DEBUG transparent_shard_server::runtime: runtime stage key=("1cd27964911287b2a127c1f8df5e6b0c19f5b4db309391c5adb2db3072bfec6e", Pages, 0) seconds=0.730656834 stage="disk_save"
2026-09-09T20:34:03.150133Z DEBUG transparent_shard_server::runtime: construction stage geometry="recent-8k" table="directory" seconds=0.576065778 stage="hint_columns"
2026-09-09T20:34:05.062611Z DEBUG transparent_shard_server::runtime: construction stage geometry="recent-8k" table="directory" seconds=1.912423006 stage="pack_preprocessing"
2026-09-09T20:34:05.062951Z DEBUG transparent_shard_server::runtime: construction stage geometry="recent-8k" table="directory" seconds=0.00029802 stage="publish_parameters"
2026-09-09T20:34:05.063856Z DEBUG transparent_shard_server::runtime: runtime stage key=("27f56c565263ecffb8c7736d4e811665d81bf4ed71c7978431fcc4f45b645ee1", Directory, 0) seconds=2.783502809 stage="runtime_build"
2026-09-09T20:34:05.067203Z DEBUG transparent_shard_server::runtime: runtime stage key=("27f56c565263ecffb8c7736d4e811665d81bf4ed71c7978431fcc4f45b645ee1", Pages, 0) seconds=8.859745396 stage="build_slot"
2026-09-09T20:34:05.067313Z DEBUG transparent_shard_server::memory: cold build admission wait seconds=8.9218e-5 admitted=true
2026-09-09T20:34:05.067341Z DEBUG transparent_shard_server::runtime: runtime stage key=("2d4497bf9e8bafc6139ee4e57114238a7ecfa0782702939922bf2a79b1fe05bf", Directory, 0) seconds=5.59e-7 stage="restore_slot"
2026-09-09T20:34:05.068761Z DEBUG transparent_shard_server::runtime: runtime stage key=("2d4497bf9e8bafc6139ee4e57114238a7ecfa0782702939922bf2a79b1fe05bf", Directory, 0) seconds=4.5853e-5 hit=false stage="disk_restore"
2026-09-09T20:34:05.203714Z DEBUG transparent_shard_server::runtime: runtime stage key=("27f56c565263ecffb8c7736d4e811665d81bf4ed71c7978431fcc4f45b645ee1", Pages, 0) seconds=0.136285051 stage="source_load"
2026-09-09T20:34:05.504780Z DEBUG transparent_shard_server::runtime: construction stage geometry="recent-8k" table="pages" seconds=0.301027122 stage="encode_database"
2026-09-09T20:34:05.504893Z DEBUG transparent_shard_server::runtime: construction stage geometry="recent-8k" table="pages" seconds=7.9058e-5 stage="public_setup"
2026-09-09T20:34:05.789442Z DEBUG transparent_shard_server::runtime: runtime stage key=("27f56c565263ecffb8c7736d4e811665d81bf4ed71c7978431fcc4f45b645ee1", Directory, 0) seconds=0.725536214 stage="disk_save"
2026-09-09T20:34:06.110231Z DEBUG transparent_shard_server::runtime: construction stage geometry="recent-8k" table="pages" seconds=0.605331221 stage="hint_columns"
2026-09-09T20:34:08.054299Z DEBUG transparent_shard_server::runtime: construction stage geometry="recent-8k" table="pages" seconds=1.9440252139999998 stage="pack_preprocessing"
2026-09-09T20:34:08.054593Z DEBUG transparent_shard_server::runtime: construction stage geometry="recent-8k" table="pages" seconds=0.000247083 stage="publish_parameters"
2026-09-09T20:34:08.055420Z DEBUG transparent_shard_server::runtime: runtime stage key=("27f56c565263ecffb8c7736d4e811665d81bf4ed71c7978431fcc4f45b645ee1", Pages, 0) seconds=2.851668849 stage="runtime_build"
2026-09-09T20:34:08.056282Z DEBUG transparent_shard_server::runtime: runtime stage key=("ced665ae1f1140944bcd0c9aa2b83c1019df768df87fa513f9509106fc5b88c1", Directory, 0) seconds=8.906159487 stage="build_slot"
2026-09-09T20:34:08.056304Z DEBUG transparent_shard_server::runtime: runtime stage key=("2d4497bf9e8bafc6139ee4e57114238a7ecfa0782702939922bf2a79b1fe05bf", Pages, 0) seconds=1.074e-6 stage="restore_slot"
2026-09-09T20:34:08.056381Z DEBUG transparent_shard_server::memory: cold build admission wait seconds=7.5058e-5 admitted=true
2026-09-09T20:34:08.056447Z DEBUG transparent_shard_server::runtime: runtime stage key=("2d4497bf9e8bafc6139ee4e57114238a7ecfa0782702939922bf2a79b1fe05bf", Pages, 0) seconds=2.4264e-5 hit=false stage="disk_restore"
2026-09-09T20:34:08.190804Z DEBUG transparent_shard_server::runtime: runtime stage key=("ced665ae1f1140944bcd0c9aa2b83c1019df768df87fa513f9509106fc5b88c1", Directory, 0) seconds=0.134394431 stage="source_load"
2026-09-09T20:34:08.482949Z DEBUG transparent_shard_server::runtime: construction stage geometry="recent-8k" table="directory" seconds=0.292106123 stage="encode_database"
2026-09-09T20:34:08.483054Z DEBUG transparent_shard_server::runtime: construction stage geometry="recent-8k" table="directory" seconds=7.0496e-5 stage="public_setup"
2026-09-09T20:34:08.787192Z DEBUG transparent_shard_server::runtime: runtime stage key=("27f56c565263ecffb8c7736d4e811665d81bf4ed71c7978431fcc4f45b645ee1", Pages, 0) seconds=0.731606361 stage="disk_save"
2026-09-09T20:34:09.061770Z DEBUG transparent_shard_server::runtime: construction stage geometry="recent-8k" table="directory" seconds=0.578709349 stage="hint_columns"
test burst::publication_burst_under_exact_load has been running for over 60 seconds
2026-09-09T20:34:10.976389Z DEBUG transparent_shard_server::runtime: construction stage geometry="recent-8k" table="directory" seconds=1.914576057 stage="pack_preprocessing"
2026-09-09T20:34:10.976697Z DEBUG transparent_shard_server::runtime: construction stage geometry="recent-8k" table="directory" seconds=0.000271107 stage="publish_parameters"
2026-09-09T20:34:10.977477Z DEBUG transparent_shard_server::runtime: runtime stage key=("ced665ae1f1140944bcd0c9aa2b83c1019df768df87fa513f9509106fc5b88c1", Directory, 0) seconds=2.7866349660000003 stage="runtime_build"
2026-09-09T20:34:10.977532Z DEBUG transparent_shard_server::runtime: runtime stage key=("ced665ae1f1140944bcd0c9aa2b83c1019df768df87fa513f9509106fc5b88c1", Pages, 0) seconds=8.829711041 stage="build_slot"
2026-09-09T20:34:10.977610Z DEBUG transparent_shard_server::memory: cold build admission wait seconds=7.3153e-5 admitted=true
2026-09-09T20:34:10.977630Z DEBUG transparent_shard_server::runtime: runtime stage key=("a4bd72b37c0aafb265c77bb09cbc402cf69b65a87a1fabc8a0f12614b35469be", Directory, 0) seconds=5.25e-7 stage="restore_slot"
2026-09-09T20:34:10.977698Z DEBUG transparent_shard_server::runtime: runtime stage key=("a4bd72b37c0aafb265c77bb09cbc402cf69b65a87a1fabc8a0f12614b35469be", Directory, 0) seconds=2.8675e-5 hit=false stage="disk_restore"
2026-09-09T20:34:11.110684Z DEBUG transparent_shard_server::runtime: runtime stage key=("ced665ae1f1140944bcd0c9aa2b83c1019df768df87fa513f9509106fc5b88c1", Pages, 0) seconds=0.133028433 stage="source_load"
2026-09-09T20:34:11.408841Z DEBUG transparent_shard_server::runtime: construction stage geometry="recent-8k" table="pages" seconds=0.298127944 stage="encode_database"
2026-09-09T20:34:11.408995Z DEBUG transparent_shard_server::runtime: construction stage geometry="recent-8k" table="pages" seconds=0.000127107 stage="public_setup"
2026-09-09T20:34:11.852178Z DEBUG transparent_shard_server::runtime: runtime stage key=("ced665ae1f1140944bcd0c9aa2b83c1019df768df87fa513f9509106fc5b88c1", Directory, 0) seconds=0.874564176 stage="disk_save"
2026-09-09T20:34:12.003762Z DEBUG transparent_shard_server::runtime: construction stage geometry="recent-8k" table="pages" seconds=0.594761337 stage="hint_columns"
2026-09-09T20:34:13.919535Z DEBUG transparent_shard_server::runtime: construction stage geometry="recent-8k" table="pages" seconds=1.915715107 stage="pack_preprocessing"
2026-09-09T20:34:13.919863Z DEBUG transparent_shard_server::runtime: construction stage geometry="recent-8k" table="pages" seconds=0.000285683 stage="publish_parameters"
2026-09-09T20:34:13.920633Z DEBUG transparent_shard_server::runtime: runtime stage key=("ced665ae1f1140944bcd0c9aa2b83c1019df768df87fa513f9509106fc5b88c1", Pages, 0) seconds=2.809922507 stage="runtime_build"
2026-09-09T20:34:13.921195Z DEBUG transparent_shard_server::runtime: runtime stage key=("2d4497bf9e8bafc6139ee4e57114238a7ecfa0782702939922bf2a79b1fe05bf", Directory, 0) seconds=8.852392741 stage="build_slot"
2026-09-09T20:34:13.921223Z DEBUG transparent_shard_server::runtime: runtime stage key=("a4bd72b37c0aafb265c77bb09cbc402cf69b65a87a1fabc8a0f12614b35469be", Pages, 0) seconds=1.319e-6 stage="restore_slot"
2026-09-09T20:34:13.921286Z DEBUG transparent_shard_server::memory: cold build admission wait seconds=7.9731e-5 admitted=true
2026-09-09T20:34:13.924256Z DEBUG transparent_shard_server::runtime: runtime stage key=("a4bd72b37c0aafb265c77bb09cbc402cf69b65a87a1fabc8a0f12614b35469be", Pages, 0) seconds=3.6607e-5 hit=false stage="disk_restore"
2026-09-09T20:34:14.055503Z DEBUG transparent_shard_server::runtime: runtime stage key=("2d4497bf9e8bafc6139ee4e57114238a7ecfa0782702939922bf2a79b1fe05bf", Directory, 0) seconds=0.13420195 stage="source_load"
2026-09-09T20:34:14.342222Z DEBUG transparent_shard_server::runtime: construction stage geometry="recent-8k" table="directory" seconds=0.286689899 stage="encode_database"
2026-09-09T20:34:14.342321Z DEBUG transparent_shard_server::runtime: construction stage geometry="recent-8k" table="directory" seconds=6.9865e-5 stage="public_setup"
2026-09-09T20:34:14.634242Z DEBUG transparent_shard_server::runtime: runtime stage key=("ced665ae1f1140944bcd0c9aa2b83c1019df768df87fa513f9509106fc5b88c1", Pages, 0) seconds=0.713529017 stage="disk_save"
2026-09-09T20:34:14.904321Z DEBUG transparent_shard_server::runtime: construction stage geometry="recent-8k" table="directory" seconds=0.561993391 stage="hint_columns"
2026-09-09T20:34:16.822262Z DEBUG transparent_shard_server::runtime: construction stage geometry="recent-8k" table="directory" seconds=1.917898136 stage="pack_preprocessing"
2026-09-09T20:34:16.822602Z DEBUG transparent_shard_server::runtime: construction stage geometry="recent-8k" table="directory" seconds=0.000300349 stage="publish_parameters"
2026-09-09T20:34:16.823386Z DEBUG transparent_shard_server::runtime: runtime stage key=("2d4497bf9e8bafc6139ee4e57114238a7ecfa0782702939922bf2a79b1fe05bf", Directory, 0) seconds=2.767855207 stage="runtime_build"
2026-09-09T20:34:16.823435Z DEBUG transparent_shard_server::runtime: runtime stage key=("2d4497bf9e8bafc6139ee4e57114238a7ecfa0782702939922bf2a79b1fe05bf", Pages, 0) seconds=8.766958613 stage="build_slot"
2026-09-09T20:34:16.823516Z DEBUG transparent_shard_server::memory: cold build admission wait seconds=7.516e-5 admitted=true
2026-09-09T20:34:16.823555Z DEBUG transparent_shard_server::runtime: runtime stage key=("c907a0aa45b2551520863990845279fd25135889865e088c2dad6ea0d32b8fde", Directory, 0) seconds=1.006e-6 stage="restore_slot"
2026-09-09T20:34:16.823804Z DEBUG transparent_shard_server::runtime: runtime stage key=("c907a0aa45b2551520863990845279fd25135889865e088c2dad6ea0d32b8fde", Directory, 0) seconds=3.5689e-5 hit=false stage="disk_restore"
2026-09-09T20:34:16.960412Z DEBUG transparent_shard_server::runtime: runtime stage key=("2d4497bf9e8bafc6139ee4e57114238a7ecfa0782702939922bf2a79b1fe05bf", Pages, 0) seconds=0.133122117 stage="source_load"
2026-09-09T20:34:17.256643Z DEBUG transparent_shard_server::runtime: construction stage geometry="recent-8k" table="pages" seconds=0.296200489 stage="encode_database"
2026-09-09T20:34:17.256744Z DEBUG transparent_shard_server::runtime: construction stage geometry="recent-8k" table="pages" seconds=7.2767e-5 stage="public_setup"
2026-09-09T20:34:17.535087Z DEBUG transparent_shard_server::runtime: runtime stage key=("2d4497bf9e8bafc6139ee4e57114238a7ecfa0782702939922bf2a79b1fe05bf", Directory, 0) seconds=0.711551073 stage="disk_save"
2026-09-09T20:34:17.854418Z DEBUG transparent_shard_server::runtime: construction stage geometry="recent-8k" table="pages" seconds=0.597659534 stage="hint_columns"
2026-09-09T20:34:19.779260Z DEBUG transparent_shard_server::runtime: construction stage geometry="recent-8k" table="pages" seconds=1.924801891 stage="pack_preprocessing"
2026-09-09T20:34:19.779552Z DEBUG transparent_shard_server::runtime: construction stage geometry="recent-8k" table="pages" seconds=0.000248447 stage="publish_parameters"
2026-09-09T20:34:19.780387Z DEBUG transparent_shard_server::runtime: runtime stage key=("2d4497bf9e8bafc6139ee4e57114238a7ecfa0782702939922bf2a79b1fe05bf", Pages, 0) seconds=2.819946022 stage="runtime_build"
2026-09-09T20:34:19.780439Z DEBUG transparent_shard_server::runtime: runtime stage key=("a4bd72b37c0aafb265c77bb09cbc402cf69b65a87a1fabc8a0f12614b35469be", Directory, 0) seconds=8.802247351 stage="build_slot"
2026-09-09T20:34:19.780496Z DEBUG transparent_shard_server::runtime: runtime stage key=("c907a0aa45b2551520863990845279fd25135889865e088c2dad6ea0d32b8fde", Pages, 0) seconds=1.243e-6 stage="restore_slot"
2026-09-09T20:34:19.780525Z DEBUG transparent_shard_server::memory: cold build admission wait seconds=8.1021e-5 admitted=true
2026-09-09T20:34:19.780673Z DEBUG transparent_shard_server::runtime: runtime stage key=("c907a0aa45b2551520863990845279fd25135889865e088c2dad6ea0d32b8fde", Pages, 0) seconds=2.118e-5 hit=false stage="disk_restore"
2026-09-09T20:34:19.915207Z DEBUG transparent_shard_server::runtime: runtime stage key=("a4bd72b37c0aafb265c77bb09cbc402cf69b65a87a1fabc8a0f12614b35469be", Directory, 0) seconds=0.134662085 stage="source_load"
2026-09-09T20:34:20.215841Z DEBUG transparent_shard_server::runtime: construction stage geometry="recent-8k" table="directory" seconds=0.300599733 stage="encode_database"
2026-09-09T20:34:20.215948Z DEBUG transparent_shard_server::runtime: construction stage geometry="recent-8k" table="directory" seconds=7.7011e-5 stage="public_setup"
2026-09-09T20:34:20.503396Z DEBUG transparent_shard_server::runtime: runtime stage key=("2d4497bf9e8bafc6139ee4e57114238a7ecfa0782702939922bf2a79b1fe05bf", Pages, 0) seconds=0.722929812 stage="disk_save"
2026-09-09T20:34:20.779401Z DEBUG transparent_shard_server::runtime: construction stage geometry="recent-8k" table="directory" seconds=0.563446614 stage="hint_columns"
2026-09-09T20:34:22.723692Z DEBUG transparent_shard_server::runtime: construction stage geometry="recent-8k" table="directory" seconds=1.944245896 stage="pack_preprocessing"
2026-09-09T20:34:22.724016Z DEBUG transparent_shard_server::runtime: construction stage geometry="recent-8k" table="directory" seconds=0.000265384 stage="publish_parameters"
2026-09-09T20:34:22.724843Z DEBUG transparent_shard_server::runtime: runtime stage key=("a4bd72b37c0aafb265c77bb09cbc402cf69b65a87a1fabc8a0f12614b35469be", Directory, 0) seconds=2.809603473 stage="runtime_build"
2026-09-09T20:34:22.724913Z DEBUG transparent_shard_server::runtime: runtime stage key=("a4bd72b37c0aafb265c77bb09cbc402cf69b65a87a1fabc8a0f12614b35469be", Pages, 0) seconds=8.800620141 stage="build_slot"
2026-09-09T20:34:22.725008Z DEBUG transparent_shard_server::memory: cold build admission wait seconds=9.0659e-5 admitted=true
2026-09-09T20:34:22.725066Z DEBUG transparent_shard_server::runtime: runtime stage key=("67574e8d4c7f7c258f8c7488f73e80a9476f8074c3db3540325133ff25020c2b", Directory, 0) seconds=9.44e-7 stage="restore_slot"
2026-09-09T20:34:22.725349Z DEBUG transparent_shard_server::runtime: runtime stage key=("67574e8d4c7f7c258f8c7488f73e80a9476f8074c3db3540325133ff25020c2b", Directory, 0) seconds=3.7199e-5 hit=false stage="disk_restore"
2026-09-09T20:34:22.861232Z DEBUG transparent_shard_server::runtime: runtime stage key=("a4bd72b37c0aafb265c77bb09cbc402cf69b65a87a1fabc8a0f12614b35469be", Pages, 0) seconds=0.136023672 stage="source_load"
2026-09-09T20:34:23.161829Z DEBUG transparent_shard_server::runtime: construction stage geometry="recent-8k" table="pages" seconds=0.300548467 stage="encode_database"
2026-09-09T20:34:23.161932Z DEBUG transparent_shard_server::runtime: construction stage geometry="recent-8k" table="pages" seconds=7.2605e-5 stage="public_setup"
2026-09-09T20:34:23.455714Z DEBUG transparent_shard_server::runtime: runtime stage key=("a4bd72b37c0aafb265c77bb09cbc402cf69b65a87a1fabc8a0f12614b35469be", Directory, 0) seconds=0.730534204 stage="disk_save"
2026-09-09T20:34:23.772678Z DEBUG transparent_shard_server::runtime: construction stage geometry="recent-8k" table="pages" seconds=0.610740091 stage="hint_columns"
2026-09-09T20:34:25.713734Z DEBUG transparent_shard_server::runtime: construction stage geometry="recent-8k" table="pages" seconds=1.9410155150000001 stage="pack_preprocessing"
2026-09-09T20:34:25.714088Z DEBUG transparent_shard_server::runtime: construction stage geometry="recent-8k" table="pages" seconds=0.00030364 stage="publish_parameters"
2026-09-09T20:34:25.715016Z DEBUG transparent_shard_server::runtime: runtime stage key=("a4bd72b37c0aafb265c77bb09cbc402cf69b65a87a1fabc8a0f12614b35469be", Pages, 0) seconds=2.853737256 stage="runtime_build"
2026-09-09T20:34:25.715080Z DEBUG transparent_shard_server::runtime: runtime stage key=("c907a0aa45b2551520863990845279fd25135889865e088c2dad6ea0d32b8fde", Directory, 0) seconds=8.887902208 stage="build_slot"
2026-09-09T20:34:25.715146Z DEBUG transparent_shard_server::runtime: runtime stage key=("67574e8d4c7f7c258f8c7488f73e80a9476f8074c3db3540325133ff25020c2b", Pages, 0) seconds=1.336e-6 stage="restore_slot"
2026-09-09T20:34:25.715234Z DEBUG transparent_shard_server::memory: cold build admission wait seconds=0.000149194 admitted=true
2026-09-09T20:34:25.715320Z DEBUG transparent_shard_server::runtime: runtime stage key=("67574e8d4c7f7c258f8c7488f73e80a9476f8074c3db3540325133ff25020c2b", Pages, 0) seconds=3.6585e-5 hit=false stage="disk_restore"
2026-09-09T20:34:25.852281Z DEBUG transparent_shard_server::runtime: runtime stage key=("c907a0aa45b2551520863990845279fd25135889865e088c2dad6ea0d32b8fde", Directory, 0) seconds=0.134064535 stage="source_load"
2026-09-09T20:34:26.151726Z DEBUG transparent_shard_server::runtime: construction stage geometry="recent-8k" table="directory" seconds=0.299409781 stage="encode_database"
2026-09-09T20:34:26.151838Z DEBUG transparent_shard_server::runtime: construction stage geometry="recent-8k" table="directory" seconds=7.5699e-5 stage="public_setup"
2026-09-09T20:34:26.433001Z DEBUG transparent_shard_server::runtime: runtime stage key=("a4bd72b37c0aafb265c77bb09cbc402cf69b65a87a1fabc8a0f12614b35469be", Pages, 0) seconds=0.717750787 stage="disk_save"
2026-09-09T20:34:26.720062Z DEBUG transparent_shard_server::runtime: construction stage geometry="recent-8k" table="directory" seconds=0.568217066 stage="hint_columns"
2026-09-09T20:34:28.652306Z DEBUG transparent_shard_server::runtime: construction stage geometry="recent-8k" table="directory" seconds=1.932197909 stage="pack_preprocessing"
2026-09-09T20:34:28.652619Z DEBUG transparent_shard_server::runtime: construction stage geometry="recent-8k" table="directory" seconds=0.000272175 stage="publish_parameters"
2026-09-09T20:34:28.653431Z DEBUG transparent_shard_server::runtime: runtime stage key=("c907a0aa45b2551520863990845279fd25135889865e088c2dad6ea0d32b8fde", Directory, 0) seconds=2.80111657 stage="runtime_build"
2026-09-09T20:34:28.653486Z DEBUG transparent_shard_server::runtime: runtime stage key=("c907a0aa45b2551520863990845279fd25135889865e088c2dad6ea0d32b8fde", Pages, 0) seconds=8.872799255 stage="build_slot"
2026-09-09T20:34:28.653572Z DEBUG transparent_shard_server::memory: cold build admission wait seconds=8.1444e-5 admitted=true
2026-09-09T20:34:28.789949Z DEBUG transparent_shard_server::runtime: runtime stage key=("c907a0aa45b2551520863990845279fd25135889865e088c2dad6ea0d32b8fde", Pages, 0) seconds=0.136355555 stage="source_load"
2026-09-09T20:34:29.093708Z DEBUG transparent_shard_server::runtime: construction stage geometry="recent-8k" table="pages" seconds=0.303714759 stage="encode_database"
2026-09-09T20:34:29.093815Z DEBUG transparent_shard_server::runtime: construction stage geometry="recent-8k" table="pages" seconds=7.4077e-5 stage="public_setup"
2026-09-09T20:34:29.555189Z DEBUG transparent_shard_server::runtime: runtime stage key=("c907a0aa45b2551520863990845279fd25135889865e088c2dad6ea0d32b8fde", Directory, 0) seconds=0.901621668 stage="disk_save"
2026-09-09T20:34:29.713431Z DEBUG transparent_shard_server::runtime: construction stage geometry="recent-8k" table="pages" seconds=0.619608769 stage="hint_columns"
2026-09-09T20:34:31.641386Z DEBUG transparent_shard_server::runtime: construction stage geometry="recent-8k" table="pages" seconds=1.92790584 stage="pack_preprocessing"
2026-09-09T20:34:31.641680Z DEBUG transparent_shard_server::runtime: construction stage geometry="recent-8k" table="pages" seconds=0.000252728 stage="publish_parameters"
2026-09-09T20:34:31.642515Z DEBUG transparent_shard_server::runtime: runtime stage key=("c907a0aa45b2551520863990845279fd25135889865e088c2dad6ea0d32b8fde", Pages, 0) seconds=2.852522977 stage="runtime_build"
2026-09-09T20:34:31.642689Z DEBUG transparent_shard_server::runtime: runtime stage key=("67574e8d4c7f7c258f8c7488f73e80a9476f8074c3db3540325133ff25020c2b", Directory, 0) seconds=8.917305628 stage="build_slot"
2026-09-09T20:34:31.642769Z DEBUG transparent_shard_server::memory: cold build admission wait seconds=7.4056e-5 admitted=true
2026-09-09T20:34:31.775981Z DEBUG transparent_shard_server::runtime: runtime stage key=("67574e8d4c7f7c258f8c7488f73e80a9476f8074c3db3540325133ff25020c2b", Directory, 0) seconds=0.133196435 stage="source_load"
2026-09-09T20:34:32.077243Z DEBUG transparent_shard_server::runtime: construction stage geometry="recent-8k" table="directory" seconds=0.301222352 stage="encode_database"
2026-09-09T20:34:32.077363Z DEBUG transparent_shard_server::runtime: construction stage geometry="recent-8k" table="directory" seconds=8.5555e-5 stage="public_setup"
2026-09-09T20:34:32.554139Z DEBUG transparent_shard_server::runtime: runtime stage key=("c907a0aa45b2551520863990845279fd25135889865e088c2dad6ea0d32b8fde", Pages, 0) seconds=0.91148788 stage="disk_save"
2026-09-09T20:34:32.637952Z DEBUG transparent_shard_server::runtime: construction stage geometry="recent-8k" table="directory" seconds=0.5605814 stage="hint_columns"
2026-09-09T20:34:34.595963Z DEBUG transparent_shard_server::runtime: construction stage geometry="recent-8k" table="directory" seconds=1.95796431 stage="pack_preprocessing"
2026-09-09T20:34:34.596275Z DEBUG transparent_shard_server::runtime: construction stage geometry="recent-8k" table="directory" seconds=0.00027243 stage="publish_parameters"
2026-09-09T20:34:34.597067Z DEBUG transparent_shard_server::runtime: runtime stage key=("67574e8d4c7f7c258f8c7488f73e80a9476f8074c3db3540325133ff25020c2b", Directory, 0) seconds=2.821049307 stage="runtime_build"
2026-09-09T20:34:34.597212Z DEBUG transparent_shard_server::runtime: runtime stage key=("67574e8d4c7f7c258f8c7488f73e80a9476f8074c3db3540325133ff25020c2b", Pages, 0) seconds=8.879027611 stage="build_slot"
2026-09-09T20:34:34.597335Z DEBUG transparent_shard_server::memory: cold build admission wait seconds=9.8797e-5 admitted=true
2026-09-09T20:34:34.733983Z DEBUG transparent_shard_server::runtime: runtime stage key=("67574e8d4c7f7c258f8c7488f73e80a9476f8074c3db3540325133ff25020c2b", Pages, 0) seconds=0.136628136 stage="source_load"
2026-09-09T20:34:35.032897Z DEBUG transparent_shard_server::runtime: construction stage geometry="recent-8k" table="pages" seconds=0.298880096 stage="encode_database"
2026-09-09T20:34:35.033069Z DEBUG transparent_shard_server::runtime: construction stage geometry="recent-8k" table="pages" seconds=0.000128111 stage="public_setup"
2026-09-09T20:34:35.512507Z DEBUG transparent_shard_server::runtime: runtime stage key=("67574e8d4c7f7c258f8c7488f73e80a9476f8074c3db3540325133ff25020c2b", Directory, 0) seconds=0.915381375 stage="disk_save"
2026-09-09T20:34:35.631115Z DEBUG transparent_shard_server::runtime: construction stage geometry="recent-8k" table="pages" seconds=0.598039422 stage="hint_columns"
2026-09-09T20:34:37.562406Z DEBUG transparent_shard_server::runtime: construction stage geometry="recent-8k" table="pages" seconds=1.931246827 stage="pack_preprocessing"
2026-09-09T20:34:37.562736Z DEBUG transparent_shard_server::runtime: construction stage geometry="recent-8k" table="pages" seconds=0.000290193 stage="publish_parameters"
2026-09-09T20:34:37.563566Z DEBUG transparent_shard_server::runtime: runtime stage key=("67574e8d4c7f7c258f8c7488f73e80a9476f8074c3db3540325133ff25020c2b", Pages, 0) seconds=2.829550545 stage="runtime_build"
2026-09-09T20:34:37.563636Z  INFO transparent_shard_server::service: prewarm finished warm=28 target=28 failed=0 seconds=82.689732025
2026-09-09T20:34:38.250908Z DEBUG transparent_shard_server::runtime: runtime stage key=("67574e8d4c7f7c258f8c7488f73e80a9476f8074c3db3540325133ff25020c2b", Pages, 0) seconds=0.687267123 stage="disk_save"
2026-09-09T20:34:38.476959Z DEBUG transparent_shard_server::service: query stage revision=5b7ee9849d47f5ee67d04eb6ca4588beacf42dce75e5a1b481dfd02607b1fb20 table="directory" seconds=4.279e-6 stage="query_admission"
2026-09-09T20:34:38.476994Z DEBUG transparent_shard_server::service: query stage revision=5b7ee9849d47f5ee67d04eb6ca4588beacf42dce75e5a1b481dfd02607b1fb20 table="directory" seconds=6.023e-6 stage="query_runtime"
2026-09-09T20:34:38.477087Z DEBUG transparent_shard_server::service: query stage revision=5b7ee9849d47f5ee67d04eb6ca4588beacf42dce75e5a1b481dfd02607b1fb20 table="directory" seconds=4.5176e-5 stage="query_dispatch"
2026-09-09T20:34:38.483446Z DEBUG transparent_shard_server::service: query stage revision=5b7ee9849d47f5ee67d04eb6ca4588beacf42dce75e5a1b481dfd02607b1fb20 table="directory" seconds=1.455e-6 stage="query_admission"
2026-09-09T20:34:38.483468Z DEBUG transparent_shard_server::service: query stage revision=5b7ee9849d47f5ee67d04eb6ca4588beacf42dce75e5a1b481dfd02607b1fb20 table="directory" seconds=3.129e-6 stage="query_runtime"
2026-09-09T20:34:38.484213Z DEBUG transparent_shard_server::service: query stage revision=5b7ee9849d47f5ee67d04eb6ca4588beacf42dce75e5a1b481dfd02607b1fb20 table="directory" seconds=0.000699142 stage="query_dispatch"
2026-09-09T20:34:38.486927Z DEBUG transparent_shard_server::service: query stage revision=5b7ee9849d47f5ee67d04eb6ca4588beacf42dce75e5a1b481dfd02607b1fb20 table="directory" seconds=0.009818673 stage="query_evaluate"
2026-09-09T20:34:38.492146Z DEBUG transparent_shard_server::service: query stage revision=5b7ee9849d47f5ee67d04eb6ca4588beacf42dce75e5a1b481dfd02607b1fb20 table="directory" seconds=0.007911233 stage="query_evaluate"
2026-09-09T20:34:38.660921Z DEBUG transparent_shard_server::service: query stage revision=5b7ee9849d47f5ee67d04eb6ca4588beacf42dce75e5a1b481dfd02607b1fb20 table="pages" seconds=2.691e-6 stage="query_admission"
2026-09-09T20:34:38.660974Z DEBUG transparent_shard_server::service: query stage revision=5b7ee9849d47f5ee67d04eb6ca4588beacf42dce75e5a1b481dfd02607b1fb20 table="pages" seconds=2.0084e-5 stage="query_runtime"
2026-09-09T20:34:38.661066Z DEBUG transparent_shard_server::service: query stage revision=5b7ee9849d47f5ee67d04eb6ca4588beacf42dce75e5a1b481dfd02607b1fb20 table="pages" seconds=1.3108e-5 stage="query_dispatch"
2026-09-09T20:34:38.661127Z DEBUG transparent_shard_server::service: query stage revision=5b7ee9849d47f5ee67d04eb6ca4588beacf42dce75e5a1b481dfd02607b1fb20 table="pages" seconds=1.732e-6 stage="query_admission"
2026-09-09T20:34:38.661147Z DEBUG transparent_shard_server::service: query stage revision=5b7ee9849d47f5ee67d04eb6ca4588beacf42dce75e5a1b481dfd02607b1fb20 table="pages" seconds=3.993e-6 stage="query_runtime"
2026-09-09T20:34:38.661283Z DEBUG transparent_shard_server::service: query stage revision=5b7ee9849d47f5ee67d04eb6ca4588beacf42dce75e5a1b481dfd02607b1fb20 table="pages" seconds=5.1268e-5 stage="query_dispatch"
2026-09-09T20:34:38.674046Z DEBUG transparent_shard_server::service: query stage revision=5b7ee9849d47f5ee67d04eb6ca4588beacf42dce75e5a1b481dfd02607b1fb20 table="pages" seconds=0.012718455 stage="query_evaluate"
2026-09-09T20:34:38.674057Z DEBUG transparent_shard_server::service: query stage revision=5b7ee9849d47f5ee67d04eb6ca4588beacf42dce75e5a1b481dfd02607b1fb20 table="pages" seconds=0.012984847 stage="query_evaluate"
2026-09-09T20:34:38.732740Z  INFO transparent_shard_server::runtime: retired runtime memory reclaimed rss_before=4795891712 rss_after=4391354368
2026-09-09T20:34:38.827119Z DEBUG transparent_shard_server::service: query stage revision=5b7ee9849d47f5ee67d04eb6ca4588beacf42dce75e5a1b481dfd02607b1fb20 table="directory" seconds=2.191e-6 stage="query_admission"
2026-09-09T20:34:38.827155Z DEBUG transparent_shard_server::service: query stage revision=5b7ee9849d47f5ee67d04eb6ca4588beacf42dce75e5a1b481dfd02607b1fb20 table="directory" seconds=5.351e-6 stage="query_runtime"
2026-09-09T20:34:38.827277Z DEBUG transparent_shard_server::service: query stage revision=5b7ee9849d47f5ee67d04eb6ca4588beacf42dce75e5a1b481dfd02607b1fb20 table="directory" seconds=3.8665e-5 stage="query_dispatch"
2026-09-09T20:34:38.836778Z DEBUG transparent_shard_server::service: query stage revision=5b7ee9849d47f5ee67d04eb6ca4588beacf42dce75e5a1b481dfd02607b1fb20 table="directory" seconds=0.009483554 stage="query_evaluate"
2026-09-09T20:34:38.837507Z DEBUG transparent_shard_server::service: query stage revision=5b7ee9849d47f5ee67d04eb6ca4588beacf42dce75e5a1b481dfd02607b1fb20 table="directory" seconds=2.084e-6 stage="query_admission"
2026-09-09T20:34:38.837530Z DEBUG transparent_shard_server::service: query stage revision=5b7ee9849d47f5ee67d04eb6ca4588beacf42dce75e5a1b481dfd02607b1fb20 table="directory" seconds=4.339e-6 stage="query_runtime"
2026-09-09T20:34:38.837608Z DEBUG transparent_shard_server::service: query stage revision=5b7ee9849d47f5ee67d04eb6ca4588beacf42dce75e5a1b481dfd02607b1fb20 table="directory" seconds=1.567e-5 stage="query_dispatch"
2026-09-09T20:34:38.846734Z DEBUG transparent_shard_server::service: query stage revision=5b7ee9849d47f5ee67d04eb6ca4588beacf42dce75e5a1b481dfd02607b1fb20 table="directory" seconds=0.009115019 stage="query_evaluate"
2026-09-09T20:34:38.991823Z DEBUG transparent_shard_server::service: query stage revision=5b7ee9849d47f5ee67d04eb6ca4588beacf42dce75e5a1b481dfd02607b1fb20 table="pages" seconds=2.478e-6 stage="query_admission"
2026-09-09T20:34:38.991858Z DEBUG transparent_shard_server::service: query stage revision=5b7ee9849d47f5ee67d04eb6ca4588beacf42dce75e5a1b481dfd02607b1fb20 table="pages" seconds=4.907e-6 stage="query_runtime"
2026-09-09T20:34:38.991921Z DEBUG transparent_shard_server::service: query stage revision=5b7ee9849d47f5ee67d04eb6ca4588beacf42dce75e5a1b481dfd02607b1fb20 table="pages" seconds=1.3582e-5 stage="query_dispatch"
2026-09-09T20:34:39.001271Z DEBUG transparent_shard_server::service: query stage revision=5b7ee9849d47f5ee67d04eb6ca4588beacf42dce75e5a1b481dfd02607b1fb20 table="pages" seconds=2.07e-6 stage="query_admission"
2026-09-09T20:34:39.001307Z DEBUG transparent_shard_server::service: query stage revision=5b7ee9849d47f5ee67d04eb6ca4588beacf42dce75e5a1b481dfd02607b1fb20 table="pages" seconds=5.778e-6 stage="query_runtime"
2026-09-09T20:34:39.001427Z DEBUG transparent_shard_server::service: query stage revision=5b7ee9849d47f5ee67d04eb6ca4588beacf42dce75e5a1b481dfd02607b1fb20 table="pages" seconds=0.009500193 stage="query_evaluate"
2026-09-09T20:34:39.001451Z DEBUG transparent_shard_server::service: query stage revision=5b7ee9849d47f5ee67d04eb6ca4588beacf42dce75e5a1b481dfd02607b1fb20 table="pages" seconds=7.7714e-5 stage="query_dispatch"
2026-09-09T20:34:39.011354Z DEBUG transparent_shard_server::service: query stage revision=5b7ee9849d47f5ee67d04eb6ca4588beacf42dce75e5a1b481dfd02607b1fb20 table="pages" seconds=0.009897021 stage="query_evaluate"
2026-09-09T20:34:39.158753Z DEBUG transparent_shard_server::service: query stage revision=5b7ee9849d47f5ee67d04eb6ca4588beacf42dce75e5a1b481dfd02607b1fb20 table="directory" seconds=2.68e-6 stage="query_admission"
2026-09-09T20:34:39.158798Z DEBUG transparent_shard_server::service: query stage revision=5b7ee9849d47f5ee67d04eb6ca4588beacf42dce75e5a1b481dfd02607b1fb20 table="directory" seconds=4.85e-6 stage="query_runtime"
2026-09-09T20:34:39.158938Z DEBUG transparent_shard_server::service: query stage revision=5b7ee9849d47f5ee67d04eb6ca4588beacf42dce75e5a1b481dfd02607b1fb20 table="directory" seconds=6.0473e-5 stage="query_dispatch"
2026-09-09T20:34:39.165587Z DEBUG transparent_shard_server::service: query stage revision=5b7ee9849d47f5ee67d04eb6ca4588beacf42dce75e5a1b481dfd02607b1fb20 table="directory" seconds=2.521e-6 stage="query_admission"
2026-09-09T20:34:39.165621Z DEBUG transparent_shard_server::service: query stage revision=5b7ee9849d47f5ee67d04eb6ca4588beacf42dce75e5a1b481dfd02607b1fb20 table="directory" seconds=4.32e-6 stage="query_runtime"
2026-09-09T20:34:39.165714Z DEBUG transparent_shard_server::service: query stage revision=5b7ee9849d47f5ee67d04eb6ca4588beacf42dce75e5a1b481dfd02607b1fb20 table="directory" seconds=2.1962e-5 stage="query_dispatch"
2026-09-09T20:34:39.170558Z DEBUG transparent_shard_server::service: query stage revision=5b7ee9849d47f5ee67d04eb6ca4588beacf42dce75e5a1b481dfd02607b1fb20 table="directory" seconds=0.011571166 stage="query_evaluate"
2026-09-09T20:34:39.176702Z DEBUG transparent_shard_server::service: query stage revision=5b7ee9849d47f5ee67d04eb6ca4588beacf42dce75e5a1b481dfd02607b1fb20 table="directory" seconds=0.010981273 stage="query_evaluate"
2026-09-09T20:34:39.280078Z DEBUG transparent_shard_server::runtime: runtime stage key=("be059aab39ac34125e0452548d6fbcfb1e7cdb7237a597bd59ee86011ed4882b", Pages, 0) seconds=1.064e-6 stage="restore_slot"
2026-09-09T20:34:39.280072Z DEBUG transparent_shard_server::runtime: runtime stage key=("be059aab39ac34125e0452548d6fbcfb1e7cdb7237a597bd59ee86011ed4882b", Directory, 0) seconds=1.846e-6 stage="restore_slot"
2026-09-09T20:34:39.280268Z DEBUG transparent_shard_server::runtime: runtime stage key=("be059aab39ac34125e0452548d6fbcfb1e7cdb7237a597bd59ee86011ed4882b", Directory, 0) seconds=3.466e-5 hit=false stage="disk_restore"
2026-09-09T20:34:39.280273Z DEBUG transparent_shard_server::runtime: runtime stage key=("be059aab39ac34125e0452548d6fbcfb1e7cdb7237a597bd59ee86011ed4882b", Pages, 0) seconds=5.06e-5 hit=false stage="disk_restore"
2026-09-09T20:34:39.280286Z DEBUG transparent_shard_server::runtime: runtime stage key=("be059aab39ac34125e0452548d6fbcfb1e7cdb7237a597bd59ee86011ed4882b", Directory, 0) seconds=3.8e-7 stage="build_slot"
2026-09-09T20:34:39.280321Z DEBUG transparent_shard_server::memory: cold build admission wait seconds=3.2123e-5 admitted=true
2026-09-09T20:34:39.324443Z DEBUG transparent_shard_server::service: query stage revision=5b7ee9849d47f5ee67d04eb6ca4588beacf42dce75e5a1b481dfd02607b1fb20 table="pages" seconds=2.535e-6 stage="query_admission"
2026-09-09T20:34:39.324482Z DEBUG transparent_shard_server::service: query stage revision=5b7ee9849d47f5ee67d04eb6ca4588beacf42dce75e5a1b481dfd02607b1fb20 table="pages" seconds=4.889e-6 stage="query_runtime"
2026-09-09T20:34:39.324581Z DEBUG transparent_shard_server::service: query stage revision=5b7ee9849d47f5ee67d04eb6ca4588beacf42dce75e5a1b481dfd02607b1fb20 table="pages" seconds=2.2792e-5 stage="query_dispatch"
2026-09-09T20:34:39.330815Z DEBUG transparent_shard_server::service: query stage revision=5b7ee9849d47f5ee67d04eb6ca4588beacf42dce75e5a1b481dfd02607b1fb20 table="pages" seconds=1.742e-6 stage="query_admission"
2026-09-09T20:34:39.330844Z DEBUG transparent_shard_server::service: query stage revision=5b7ee9849d47f5ee67d04eb6ca4588beacf42dce75e5a1b481dfd02607b1fb20 table="pages" seconds=4.378e-6 stage="query_runtime"
2026-09-09T20:34:39.332447Z DEBUG transparent_shard_server::service: query stage revision=5b7ee9849d47f5ee67d04eb6ca4588beacf42dce75e5a1b481dfd02607b1fb20 table="pages" seconds=0.001533874 stage="query_dispatch"
2026-09-09T20:34:39.341917Z DEBUG transparent_shard_server::service: query stage revision=5b7ee9849d47f5ee67d04eb6ca4588beacf42dce75e5a1b481dfd02607b1fb20 table="pages" seconds=0.009447785 stage="query_evaluate"
2026-09-09T20:34:39.341924Z DEBUG transparent_shard_server::service: query stage revision=5b7ee9849d47f5ee67d04eb6ca4588beacf42dce75e5a1b481dfd02607b1fb20 table="pages" seconds=0.017323561 stage="query_evaluate"
2026-09-09T20:34:39.426754Z DEBUG transparent_shard_server::runtime: runtime stage key=("be059aab39ac34125e0452548d6fbcfb1e7cdb7237a597bd59ee86011ed4882b", Directory, 0) seconds=0.146411414 stage="source_load"
2026-09-09T20:34:39.495805Z DEBUG transparent_shard_server::service: query stage revision=5b7ee9849d47f5ee67d04eb6ca4588beacf42dce75e5a1b481dfd02607b1fb20 table="directory" seconds=2.839e-6 stage="query_admission"
2026-09-09T20:34:39.495845Z DEBUG transparent_shard_server::service: query stage revision=5b7ee9849d47f5ee67d04eb6ca4588beacf42dce75e5a1b481dfd02607b1fb20 table="directory" seconds=5e-6 stage="query_runtime"
2026-09-09T20:34:39.495948Z DEBUG transparent_shard_server::service: query stage revision=5b7ee9849d47f5ee67d04eb6ca4588beacf42dce75e5a1b481dfd02607b1fb20 table="directory" seconds=2.7495e-5 stage="query_dispatch"
2026-09-09T20:34:39.496188Z DEBUG transparent_shard_server::service: query stage revision=5b7ee9849d47f5ee67d04eb6ca4588beacf42dce75e5a1b481dfd02607b1fb20 table="directory" seconds=1.423e-6 stage="query_admission"
2026-09-09T20:34:39.496214Z DEBUG transparent_shard_server::service: query stage revision=5b7ee9849d47f5ee67d04eb6ca4588beacf42dce75e5a1b481dfd02607b1fb20 table="directory" seconds=3.59e-6 stage="query_runtime"
2026-09-09T20:34:39.496303Z DEBUG transparent_shard_server::service: query stage revision=5b7ee9849d47f5ee67d04eb6ca4588beacf42dce75e5a1b481dfd02607b1fb20 table="directory" seconds=2.397e-5 stage="query_dispatch"
2026-09-09T20:34:39.513385Z DEBUG transparent_shard_server::service: query stage revision=5b7ee9849d47f5ee67d04eb6ca4588beacf42dce75e5a1b481dfd02607b1fb20 table="directory" seconds=0.017064463 stage="query_evaluate"
2026-09-09T20:34:39.514053Z DEBUG transparent_shard_server::service: query stage revision=5b7ee9849d47f5ee67d04eb6ca4588beacf42dce75e5a1b481dfd02607b1fb20 table="directory" seconds=0.018098012 stage="query_evaluate"
2026-09-09T20:34:39.665359Z DEBUG transparent_shard_server::service: query stage revision=5b7ee9849d47f5ee67d04eb6ca4588beacf42dce75e5a1b481dfd02607b1fb20 table="pages" seconds=2.35e-6 stage="query_admission"
2026-09-09T20:34:39.665394Z DEBUG transparent_shard_server::service: query stage revision=5b7ee9849d47f5ee67d04eb6ca4588beacf42dce75e5a1b481dfd02607b1fb20 table="pages" seconds=4.344e-6 stage="query_runtime"
2026-09-09T20:34:39.665424Z DEBUG transparent_shard_server::service: query stage revision=5b7ee9849d47f5ee67d04eb6ca4588beacf42dce75e5a1b481dfd02607b1fb20 table="pages" seconds=1.695e-6 stage="query_admission"
2026-09-09T20:34:39.665444Z DEBUG transparent_shard_server::service: query stage revision=5b7ee9849d47f5ee67d04eb6ca4588beacf42dce75e5a1b481dfd02607b1fb20 table="pages" seconds=3.881e-6 stage="query_runtime"
2026-09-09T20:34:39.665616Z DEBUG transparent_shard_server::service: query stage revision=5b7ee9849d47f5ee67d04eb6ca4588beacf42dce75e5a1b481dfd02607b1fb20 table="pages" seconds=0.0001431 stage="query_dispatch"
2026-09-09T20:34:39.665646Z DEBUG transparent_shard_server::service: query stage revision=5b7ee9849d47f5ee67d04eb6ca4588beacf42dce75e5a1b481dfd02607b1fb20 table="pages" seconds=0.000137757 stage="query_dispatch"
2026-09-09T20:34:39.681192Z DEBUG transparent_shard_server::service: query stage revision=5b7ee9849d47f5ee67d04eb6ca4588beacf42dce75e5a1b481dfd02607b1fb20 table="pages" seconds=0.015531469 stage="query_evaluate"
2026-09-09T20:34:39.681205Z DEBUG transparent_shard_server::service: query stage revision=5b7ee9849d47f5ee67d04eb6ca4588beacf42dce75e5a1b481dfd02607b1fb20 table="pages" seconds=0.015581634 stage="query_evaluate"
2026-09-09T20:34:39.729036Z DEBUG transparent_shard_server::runtime: construction stage geometry="recent-8k" table="directory" seconds=0.302243145 stage="encode_database"
2026-09-09T20:34:39.729153Z DEBUG transparent_shard_server::runtime: construction stage geometry="recent-8k" table="directory" seconds=7.162e-5 stage="public_setup"
2026-09-09T20:34:39.839532Z DEBUG transparent_shard_server::service: query stage revision=5b7ee9849d47f5ee67d04eb6ca4588beacf42dce75e5a1b481dfd02607b1fb20 table="directory" seconds=2.276e-6 stage="query_admission"
2026-09-09T20:34:39.839587Z DEBUG transparent_shard_server::service: query stage revision=5b7ee9849d47f5ee67d04eb6ca4588beacf42dce75e5a1b481dfd02607b1fb20 table="directory" seconds=4.933e-6 stage="query_runtime"
2026-09-09T20:34:39.839783Z DEBUG transparent_shard_server::service: query stage revision=5b7ee9849d47f5ee67d04eb6ca4588beacf42dce75e5a1b481dfd02607b1fb20 table="directory" seconds=1.024e-6 stage="query_admission"
2026-09-09T20:34:39.839792Z DEBUG transparent_shard_server::service: query stage revision=5b7ee9849d47f5ee67d04eb6ca4588beacf42dce75e5a1b481dfd02607b1fb20 table="directory" seconds=2.668e-6 stage="query_runtime"
2026-09-09T20:34:39.839831Z DEBUG transparent_shard_server::service: query stage revision=5b7ee9849d47f5ee67d04eb6ca4588beacf42dce75e5a1b481dfd02607b1fb20 table="directory" seconds=0.000179171 stage="query_dispatch"
2026-09-09T20:34:39.840224Z DEBUG transparent_shard_server::service: query stage revision=5b7ee9849d47f5ee67d04eb6ca4588beacf42dce75e5a1b481dfd02607b1fb20 table="directory" seconds=0.000400101 stage="query_dispatch"
2026-09-09T20:34:40.272152Z DEBUG transparent_shard_server::service: query stage revision=5b7ee9849d47f5ee67d04eb6ca4588beacf42dce75e5a1b481dfd02607b1fb20 table="directory" seconds=0.432313504 stage="query_evaluate"
2026-09-09T20:34:40.272169Z DEBUG transparent_shard_server::service: query stage revision=5b7ee9849d47f5ee67d04eb6ca4588beacf42dce75e5a1b481dfd02607b1fb20 table="directory" seconds=0.431919589 stage="query_evaluate"
2026-09-09T20:34:40.272366Z DEBUG transparent_shard_server::runtime: construction stage geometry="recent-8k" table="directory" seconds=0.543208477 stage="hint_columns"
2026-09-09T20:34:40.428492Z DEBUG transparent_shard_server::service: query stage revision=5b7ee9849d47f5ee67d04eb6ca4588beacf42dce75e5a1b481dfd02607b1fb20 table="pages" seconds=2.142e-6 stage="query_admission"
2026-09-09T20:34:40.428530Z DEBUG transparent_shard_server::service: query stage revision=5b7ee9849d47f5ee67d04eb6ca4588beacf42dce75e5a1b481dfd02607b1fb20 table="pages" seconds=4.921e-6 stage="query_runtime"
2026-09-09T20:34:40.428659Z DEBUG transparent_shard_server::service: query stage revision=5b7ee9849d47f5ee67d04eb6ca4588beacf42dce75e5a1b481dfd02607b1fb20 table="pages" seconds=5.091e-5 stage="query_dispatch"
2026-09-09T20:34:40.435421Z DEBUG transparent_shard_server::service: query stage revision=5b7ee9849d47f5ee67d04eb6ca4588beacf42dce75e5a1b481dfd02607b1fb20 table="pages" seconds=2.381e-6 stage="query_admission"
2026-09-09T20:34:40.435455Z DEBUG transparent_shard_server::service: query stage revision=5b7ee9849d47f5ee67d04eb6ca4588beacf42dce75e5a1b481dfd02607b1fb20 table="pages" seconds=4.641e-6 stage="query_runtime"
2026-09-09T20:34:40.437162Z DEBUG transparent_shard_server::service: query stage revision=5b7ee9849d47f5ee67d04eb6ca4588beacf42dce75e5a1b481dfd02607b1fb20 table="pages" seconds=0.001630937 stage="query_dispatch"
2026-09-09T20:34:40.442576Z DEBUG transparent_shard_server::service: query stage revision=5b7ee9849d47f5ee67d04eb6ca4588beacf42dce75e5a1b481dfd02607b1fb20 table="pages" seconds=0.01389542 stage="query_evaluate"
2026-09-09T20:34:40.449592Z DEBUG transparent_shard_server::service: query stage revision=5b7ee9849d47f5ee67d04eb6ca4588beacf42dce75e5a1b481dfd02607b1fb20 table="pages" seconds=0.012392775 stage="query_evaluate"
2026-09-09T20:34:40.599795Z DEBUG transparent_shard_server::service: query stage revision=5b7ee9849d47f5ee67d04eb6ca4588beacf42dce75e5a1b481dfd02607b1fb20 table="directory" seconds=2.553e-6 stage="query_admission"
2026-09-09T20:34:40.599833Z DEBUG transparent_shard_server::service: query stage revision=5b7ee9849d47f5ee67d04eb6ca4588beacf42dce75e5a1b481dfd02607b1fb20 table="directory" seconds=5.601e-6 stage="query_runtime"
2026-09-09T20:34:40.599946Z DEBUG transparent_shard_server::service: query stage revision=5b7ee9849d47f5ee67d04eb6ca4588beacf42dce75e5a1b481dfd02607b1fb20 table="directory" seconds=2.2484e-5 stage="query_dispatch"
2026-09-09T20:34:40.608045Z DEBUG transparent_shard_server::service: query stage revision=5b7ee9849d47f5ee67d04eb6ca4588beacf42dce75e5a1b481dfd02607b1fb20 table="directory" seconds=2.28e-6 stage="query_admission"
2026-09-09T20:34:40.608083Z DEBUG transparent_shard_server::service: query stage revision=5b7ee9849d47f5ee67d04eb6ca4588beacf42dce75e5a1b481dfd02607b1fb20 table="directory" seconds=5.195e-6 stage="query_runtime"
2026-09-09T20:34:40.608853Z DEBUG transparent_shard_server::service: query stage revision=5b7ee9849d47f5ee67d04eb6ca4588beacf42dce75e5a1b481dfd02607b1fb20 table="directory" seconds=0.00067654 stage="query_dispatch"
2026-09-09T20:34:40.612171Z DEBUG transparent_shard_server::service: query stage revision=5b7ee9849d47f5ee67d04eb6ca4588beacf42dce75e5a1b481dfd02607b1fb20 table="directory" seconds=0.012203967 stage="query_evaluate"
2026-09-09T20:34:40.618291Z DEBUG transparent_shard_server::service: query stage revision=5b7ee9849d47f5ee67d04eb6ca4588beacf42dce75e5a1b481dfd02607b1fb20 table="directory" seconds=0.009413393 stage="query_evaluate"
2026-09-09T20:34:40.771030Z DEBUG transparent_shard_server::service: query stage revision=5b7ee9849d47f5ee67d04eb6ca4588beacf42dce75e5a1b481dfd02607b1fb20 table="pages" seconds=2.819e-6 stage="query_admission"
2026-09-09T20:34:40.771072Z DEBUG transparent_shard_server::service: query stage revision=5b7ee9849d47f5ee67d04eb6ca4588beacf42dce75e5a1b481dfd02607b1fb20 table="pages" seconds=6.781e-6 stage="query_runtime"
2026-09-09T20:34:40.771173Z DEBUG transparent_shard_server::service: query stage revision=5b7ee9849d47f5ee67d04eb6ca4588beacf42dce75e5a1b481dfd02607b1fb20 table="pages" seconds=1.4966e-5 stage="query_dispatch"
2026-09-09T20:34:40.774315Z DEBUG transparent_shard_server::service: query stage revision=5b7ee9849d47f5ee67d04eb6ca4588beacf42dce75e5a1b481dfd02607b1fb20 table="pages" seconds=2.415e-6 stage="query_admission"
2026-09-09T20:34:40.774352Z DEBUG transparent_shard_server::service: query stage revision=5b7ee9849d47f5ee67d04eb6ca4588beacf42dce75e5a1b481dfd02607b1fb20 table="pages" seconds=5.343e-6 stage="query_runtime"
2026-09-09T20:34:40.774476Z DEBUG transparent_shard_server::service: query stage revision=5b7ee9849d47f5ee67d04eb6ca4588beacf42dce75e5a1b481dfd02607b1fb20 table="pages" seconds=2.6354e-5 stage="query_dispatch"
2026-09-09T20:34:40.788613Z DEBUG transparent_shard_server::service: query stage revision=5b7ee9849d47f5ee67d04eb6ca4588beacf42dce75e5a1b481dfd02607b1fb20 table="pages" seconds=0.017399583 stage="query_evaluate"
2026-09-09T20:34:40.789603Z DEBUG transparent_shard_server::service: query stage revision=5b7ee9849d47f5ee67d04eb6ca4588beacf42dce75e5a1b481dfd02607b1fb20 table="pages" seconds=0.015106619 stage="query_evaluate"
2026-09-09T20:34:40.941635Z DEBUG transparent_shard_server::service: query stage revision=5b7ee9849d47f5ee67d04eb6ca4588beacf42dce75e5a1b481dfd02607b1fb20 table="directory" seconds=3.361e-6 stage="query_admission"
2026-09-09T20:34:40.941676Z DEBUG transparent_shard_server::service: query stage revision=5b7ee9849d47f5ee67d04eb6ca4588beacf42dce75e5a1b481dfd02607b1fb20 table="directory" seconds=6.374e-6 stage="query_runtime"
2026-09-09T20:34:40.941914Z DEBUG transparent_shard_server::service: query stage revision=5b7ee9849d47f5ee67d04eb6ca4588beacf42dce75e5a1b481dfd02607b1fb20 table="directory" seconds=1.029e-6 stage="query_admission"
2026-09-09T20:34:40.941924Z DEBUG transparent_shard_server::service: query stage revision=5b7ee9849d47f5ee67d04eb6ca4588beacf42dce75e5a1b481dfd02607b1fb20 table="directory" seconds=2.558e-6 stage="query_runtime"
2026-09-09T20:34:40.941976Z DEBUG transparent_shard_server::service: query stage revision=5b7ee9849d47f5ee67d04eb6ca4588beacf42dce75e5a1b481dfd02607b1fb20 table="directory" seconds=0.000225068 stage="query_dispatch"
2026-09-09T20:34:40.942371Z DEBUG transparent_shard_server::service: query stage revision=5b7ee9849d47f5ee67d04eb6ca4588beacf42dce75e5a1b481dfd02607b1fb20 table="directory" seconds=0.000410727 stage="query_dispatch"
2026-09-09T20:34:40.957642Z DEBUG transparent_shard_server::service: query stage revision=5b7ee9849d47f5ee67d04eb6ca4588beacf42dce75e5a1b481dfd02607b1fb20 table="directory" seconds=0.015242515 stage="query_evaluate"
2026-09-09T20:34:40.960453Z DEBUG transparent_shard_server::service: query stage revision=5b7ee9849d47f5ee67d04eb6ca4588beacf42dce75e5a1b481dfd02607b1fb20 table="directory" seconds=0.018459404 stage="query_evaluate"
2026-09-09T20:34:41.122121Z DEBUG transparent_shard_server::service: query stage revision=5b7ee9849d47f5ee67d04eb6ca4588beacf42dce75e5a1b481dfd02607b1fb20 table="pages" seconds=2.417e-6 stage="query_admission"
2026-09-09T20:34:41.122158Z DEBUG transparent_shard_server::service: query stage revision=5b7ee9849d47f5ee67d04eb6ca4588beacf42dce75e5a1b481dfd02607b1fb20 table="pages" seconds=4.111e-6 stage="query_runtime"
2026-09-09T20:34:41.122256Z DEBUG transparent_shard_server::service: query stage revision=5b7ee9849d47f5ee67d04eb6ca4588beacf42dce75e5a1b481dfd02607b1fb20 table="pages" seconds=1.4284e-5 stage="query_dispatch"
2026-09-09T20:34:41.154443Z DEBUG transparent_shard_server::service: query stage revision=5b7ee9849d47f5ee67d04eb6ca4588beacf42dce75e5a1b481dfd02607b1fb20 table="pages" seconds=0.032166433 stage="query_evaluate"
2026-09-09T20:34:41.164326Z DEBUG transparent_shard_server::service: query stage revision=5b7ee9849d47f5ee67d04eb6ca4588beacf42dce75e5a1b481dfd02607b1fb20 table="pages" seconds=2.717e-6 stage="query_admission"
2026-09-09T20:34:41.164362Z DEBUG transparent_shard_server::service: query stage revision=5b7ee9849d47f5ee67d04eb6ca4588beacf42dce75e5a1b481dfd02607b1fb20 table="pages" seconds=6.099e-6 stage="query_runtime"
2026-09-09T20:34:41.164459Z DEBUG transparent_shard_server::service: query stage revision=5b7ee9849d47f5ee67d04eb6ca4588beacf42dce75e5a1b481dfd02607b1fb20 table="pages" seconds=2.1503e-5 stage="query_dispatch"
2026-09-09T20:34:41.247194Z DEBUG transparent_shard_server::service: query stage revision=5b7ee9849d47f5ee67d04eb6ca4588beacf42dce75e5a1b481dfd02607b1fb20 table="pages" seconds=0.082725999 stage="query_evaluate"
2026-09-09T20:34:41.310499Z DEBUG transparent_shard_server::service: query stage revision=5b7ee9849d47f5ee67d04eb6ca4588beacf42dce75e5a1b481dfd02607b1fb20 table="directory" seconds=3.155e-6 stage="query_admission"
2026-09-09T20:34:41.310540Z DEBUG transparent_shard_server::service: query stage revision=5b7ee9849d47f5ee67d04eb6ca4588beacf42dce75e5a1b481dfd02607b1fb20 table="directory" seconds=6.407e-6 stage="query_runtime"
2026-09-09T20:34:41.310645Z DEBUG transparent_shard_server::service: query stage revision=5b7ee9849d47f5ee67d04eb6ca4588beacf42dce75e5a1b481dfd02607b1fb20 table="directory" seconds=1.9515e-5 stage="query_dispatch"
2026-09-09T20:34:41.432331Z DEBUG transparent_shard_server::service: query stage revision=5b7ee9849d47f5ee67d04eb6ca4588beacf42dce75e5a1b481dfd02607b1fb20 table="directory" seconds=2.866e-6 stage="query_admission"
2026-09-09T20:34:41.432370Z DEBUG transparent_shard_server::service: query stage revision=5b7ee9849d47f5ee67d04eb6ca4588beacf42dce75e5a1b481dfd02607b1fb20 table="directory" seconds=6.839e-6 stage="query_runtime"
2026-09-09T20:34:41.432472Z DEBUG transparent_shard_server::service: query stage revision=5b7ee9849d47f5ee67d04eb6ca4588beacf42dce75e5a1b481dfd02607b1fb20 table="directory" seconds=2.1912e-5 stage="query_dispatch"
2026-09-09T20:34:41.444743Z DEBUG transparent_shard_server::service: query stage revision=5b7ee9849d47f5ee67d04eb6ca4588beacf42dce75e5a1b481dfd02607b1fb20 table="directory" seconds=0.012251278 stage="query_evaluate"
2026-09-09T20:34:41.598086Z DEBUG transparent_shard_server::service: query stage revision=5b7ee9849d47f5ee67d04eb6ca4588beacf42dce75e5a1b481dfd02607b1fb20 table="pages" seconds=2.881e-6 stage="query_admission"
2026-09-09T20:34:41.598122Z DEBUG transparent_shard_server::service: query stage revision=5b7ee9849d47f5ee67d04eb6ca4588beacf42dce75e5a1b481dfd02607b1fb20 table="pages" seconds=6.771e-6 stage="query_runtime"
2026-09-09T20:34:41.598223Z DEBUG transparent_shard_server::service: query stage revision=5b7ee9849d47f5ee67d04eb6ca4588beacf42dce75e5a1b481dfd02607b1fb20 table="pages" seconds=1.8976e-5 stage="query_dispatch"
2026-09-09T20:34:41.610694Z DEBUG transparent_shard_server::service: query stage revision=5b7ee9849d47f5ee67d04eb6ca4588beacf42dce75e5a1b481dfd02607b1fb20 table="pages" seconds=0.012445271 stage="query_evaluate"
2026-09-09T20:34:41.766793Z DEBUG transparent_shard_server::service: query stage revision=5b7ee9849d47f5ee67d04eb6ca4588beacf42dce75e5a1b481dfd02607b1fb20 table="directory" seconds=2.733e-6 stage="query_admission"
2026-09-09T20:34:41.766839Z DEBUG transparent_shard_server::service: query stage revision=5b7ee9849d47f5ee67d04eb6ca4588beacf42dce75e5a1b481dfd02607b1fb20 table="directory" seconds=1.455e-5 stage="query_runtime"
2026-09-09T20:34:41.766946Z DEBUG transparent_shard_server::service: query stage revision=5b7ee9849d47f5ee67d04eb6ca4588beacf42dce75e5a1b481dfd02607b1fb20 table="directory" seconds=2.6442e-5 stage="query_dispatch"
2026-09-09T20:34:41.779736Z DEBUG transparent_shard_server::service: query stage revision=5b7ee9849d47f5ee67d04eb6ca4588beacf42dce75e5a1b481dfd02607b1fb20 table="directory" seconds=0.012767153 stage="query_evaluate"
2026-09-09T20:34:41.940911Z DEBUG transparent_shard_server::service: query stage revision=5b7ee9849d47f5ee67d04eb6ca4588beacf42dce75e5a1b481dfd02607b1fb20 table="pages" seconds=2.517e-6 stage="query_admission"
2026-09-09T20:34:41.940949Z DEBUG transparent_shard_server::service: query stage revision=5b7ee9849d47f5ee67d04eb6ca4588beacf42dce75e5a1b481dfd02607b1fb20 table="pages" seconds=5.247e-6 stage="query_runtime"
2026-09-09T20:34:41.941048Z DEBUG transparent_shard_server::service: query stage revision=5b7ee9849d47f5ee67d04eb6ca4588beacf42dce75e5a1b481dfd02607b1fb20 table="pages" seconds=2.3163e-5 stage="query_dispatch"
2026-09-09T20:34:41.953634Z DEBUG transparent_shard_server::service: query stage revision=5b7ee9849d47f5ee67d04eb6ca4588beacf42dce75e5a1b481dfd02607b1fb20 table="pages" seconds=0.012564812 stage="query_evaluate"
2026-09-09T20:34:42.108546Z DEBUG transparent_shard_server::service: query stage revision=5b7ee9849d47f5ee67d04eb6ca4588beacf42dce75e5a1b481dfd02607b1fb20 table="directory" seconds=2.393e-6 stage="query_admission"
2026-09-09T20:34:42.108582Z DEBUG transparent_shard_server::service: query stage revision=5b7ee9849d47f5ee67d04eb6ca4588beacf42dce75e5a1b481dfd02607b1fb20 table="directory" seconds=5.236e-6 stage="query_runtime"
2026-09-09T20:34:42.110682Z DEBUG transparent_shard_server::service: query stage revision=5b7ee9849d47f5ee67d04eb6ca4588beacf42dce75e5a1b481dfd02607b1fb20 table="directory" seconds=0.002029374 stage="query_dispatch"
2026-09-09T20:34:42.122948Z DEBUG transparent_shard_server::service: query stage revision=5b7ee9849d47f5ee67d04eb6ca4588beacf42dce75e5a1b481dfd02607b1fb20 table="directory" seconds=0.012244333 stage="query_evaluate"
2026-09-09T20:34:42.276523Z DEBUG transparent_shard_server::service: query stage revision=5b7ee9849d47f5ee67d04eb6ca4588beacf42dce75e5a1b481dfd02607b1fb20 table="pages" seconds=2.499e-6 stage="query_admission"
2026-09-09T20:34:42.276560Z DEBUG transparent_shard_server::service: query stage revision=5b7ee9849d47f5ee67d04eb6ca4588beacf42dce75e5a1b481dfd02607b1fb20 table="pages" seconds=4.531e-6 stage="query_runtime"
2026-09-09T20:34:42.276663Z DEBUG transparent_shard_server::service: query stage revision=5b7ee9849d47f5ee67d04eb6ca4588beacf42dce75e5a1b481dfd02607b1fb20 table="pages" seconds=2.2281e-5 stage="query_dispatch"
2026-09-09T20:34:42.287845Z DEBUG transparent_shard_server::service: query stage revision=5b7ee9849d47f5ee67d04eb6ca4588beacf42dce75e5a1b481dfd02607b1fb20 table="pages" seconds=0.0111606 stage="query_evaluate"
2026-09-09T20:34:42.302089Z DEBUG transparent_shard_server::service: query stage revision=5b7ee9849d47f5ee67d04eb6ca4588beacf42dce75e5a1b481dfd02607b1fb20 table="directory" seconds=0.991422445 stage="query_evaluate"
2026-09-09T20:34:42.304382Z DEBUG transparent_shard_server::runtime: construction stage geometry="recent-8k" table="directory" seconds=2.031998535 stage="pack_preprocessing"
2026-09-09T20:34:42.304676Z DEBUG transparent_shard_server::runtime: construction stage geometry="recent-8k" table="directory" seconds=0.000272031 stage="publish_parameters"
2026-09-09T20:34:42.305490Z DEBUG transparent_shard_server::runtime: runtime stage key=("be059aab39ac34125e0452548d6fbcfb1e7cdb7237a597bd59ee86011ed4882b", Directory, 0) seconds=2.878699228 stage="runtime_build"
2026-09-09T20:34:42.309187Z DEBUG transparent_shard_server::runtime: runtime stage key=("be059aab39ac34125e0452548d6fbcfb1e7cdb7237a597bd59ee86011ed4882b", Pages, 0) seconds=3.028878384 stage="build_slot"
2026-09-09T20:34:42.309275Z DEBUG transparent_shard_server::memory: cold build admission wait seconds=6.8002e-5 admitted=true
2026-09-09T20:34:42.445466Z DEBUG transparent_shard_server::service: query stage revision=5b7ee9849d47f5ee67d04eb6ca4588beacf42dce75e5a1b481dfd02607b1fb20 table="directory" seconds=2.787e-6 stage="query_admission"
2026-09-09T20:34:42.445497Z DEBUG transparent_shard_server::service: query stage revision=5b7ee9849d47f5ee67d04eb6ca4588beacf42dce75e5a1b481dfd02607b1fb20 table="directory" seconds=7.523e-6 stage="query_runtime"
2026-09-09T20:34:42.445601Z DEBUG transparent_shard_server::service: query stage revision=5b7ee9849d47f5ee67d04eb6ca4588beacf42dce75e5a1b481dfd02607b1fb20 table="directory" seconds=2.9159e-5 stage="query_dispatch"
2026-09-09T20:34:42.455197Z DEBUG transparent_shard_server::service: query stage revision=5b7ee9849d47f5ee67d04eb6ca4588beacf42dce75e5a1b481dfd02607b1fb20 table="directory" seconds=0.009573578 stage="query_evaluate"
2026-09-09T20:34:42.460753Z DEBUG transparent_shard_server::runtime: runtime stage key=("be059aab39ac34125e0452548d6fbcfb1e7cdb7237a597bd59ee86011ed4882b", Pages, 0) seconds=0.151352663 stage="source_load"
2026-09-09T20:34:42.461019Z DEBUG transparent_shard_server::service: query stage revision=5b7ee9849d47f5ee67d04eb6ca4588beacf42dce75e5a1b481dfd02607b1fb20 table="pages" seconds=2.2e-6 stage="query_admission"
2026-09-09T20:34:42.461038Z DEBUG transparent_shard_server::service: query stage revision=5b7ee9849d47f5ee67d04eb6ca4588beacf42dce75e5a1b481dfd02607b1fb20 table="pages" seconds=4.556e-6 stage="query_runtime"
2026-09-09T20:34:42.461138Z DEBUG transparent_shard_server::service: query stage revision=5b7ee9849d47f5ee67d04eb6ca4588beacf42dce75e5a1b481dfd02607b1fb20 table="pages" seconds=2.98e-5 stage="query_dispatch"
2026-09-09T20:34:42.479755Z DEBUG transparent_shard_server::service: query stage revision=5b7ee9849d47f5ee67d04eb6ca4588beacf42dce75e5a1b481dfd02607b1fb20 table="pages" seconds=0.018605871 stage="query_evaluate"
2026-09-09T20:34:42.612902Z DEBUG transparent_shard_server::service: query stage revision=5b7ee9849d47f5ee67d04eb6ca4588beacf42dce75e5a1b481dfd02607b1fb20 table="pages" seconds=2.765e-6 stage="query_admission"
2026-09-09T20:34:42.612932Z DEBUG transparent_shard_server::service: query stage revision=5b7ee9849d47f5ee67d04eb6ca4588beacf42dce75e5a1b481dfd02607b1fb20 table="pages" seconds=6.382e-6 stage="query_runtime"
2026-09-09T20:34:42.613053Z DEBUG transparent_shard_server::service: query stage revision=5b7ee9849d47f5ee67d04eb6ca4588beacf42dce75e5a1b481dfd02607b1fb20 table="pages" seconds=4.4254e-5 stage="query_dispatch"
2026-09-09T20:34:42.625716Z DEBUG transparent_shard_server::service: query stage revision=5b7ee9849d47f5ee67d04eb6ca4588beacf42dce75e5a1b481dfd02607b1fb20 table="pages" seconds=0.012641693 stage="query_evaluate"
2026-09-09T20:34:42.635131Z DEBUG transparent_shard_server::service: query stage revision=5b7ee9849d47f5ee67d04eb6ca4588beacf42dce75e5a1b481dfd02607b1fb20 table="directory" seconds=2.57e-6 stage="query_admission"
2026-09-09T20:34:42.635174Z DEBUG transparent_shard_server::service: query stage revision=5b7ee9849d47f5ee67d04eb6ca4588beacf42dce75e5a1b481dfd02607b1fb20 table="directory" seconds=5.579e-6 stage="query_runtime"
2026-09-09T20:34:42.635283Z DEBUG transparent_shard_server::service: query stage revision=5b7ee9849d47f5ee67d04eb6ca4588beacf42dce75e5a1b481dfd02607b1fb20 table="directory" seconds=2.846e-5 stage="query_dispatch"
2026-09-09T20:34:42.648198Z DEBUG transparent_shard_server::service: query stage revision=5b7ee9849d47f5ee67d04eb6ca4588beacf42dce75e5a1b481dfd02607b1fb20 table="directory" seconds=0.012894063 stage="query_evaluate"
2026-09-09T20:34:42.768494Z DEBUG transparent_shard_server::runtime: construction stage geometry="recent-8k" table="pages" seconds=0.30771349 stage="encode_database"
2026-09-09T20:34:42.768597Z DEBUG transparent_shard_server::runtime: construction stage geometry="recent-8k" table="pages" seconds=7.2181e-5 stage="public_setup"
2026-09-09T20:34:42.783489Z DEBUG transparent_shard_server::service: query stage revision=5b7ee9849d47f5ee67d04eb6ca4588beacf42dce75e5a1b481dfd02607b1fb20 table="directory" seconds=2.455e-6 stage="query_admission"
2026-09-09T20:34:42.783532Z DEBUG transparent_shard_server::service: query stage revision=5b7ee9849d47f5ee67d04eb6ca4588beacf42dce75e5a1b481dfd02607b1fb20 table="directory" seconds=5.218e-6 stage="query_runtime"
2026-09-09T20:34:42.787176Z DEBUG transparent_shard_server::service: query stage revision=5b7ee9849d47f5ee67d04eb6ca4588beacf42dce75e5a1b481dfd02607b1fb20 table="directory" seconds=0.003558316 stage="query_dispatch"
2026-09-09T20:34:42.803760Z DEBUG transparent_shard_server::service: query stage revision=5b7ee9849d47f5ee67d04eb6ca4588beacf42dce75e5a1b481dfd02607b1fb20 table="pages" seconds=3.405e-6 stage="query_admission"
2026-09-09T20:34:42.803792Z DEBUG transparent_shard_server::service: query stage revision=5b7ee9849d47f5ee67d04eb6ca4588beacf42dce75e5a1b481dfd02607b1fb20 table="pages" seconds=6.735e-6 stage="query_runtime"
2026-09-09T20:34:42.806244Z DEBUG transparent_shard_server::service: query stage revision=5b7ee9849d47f5ee67d04eb6ca4588beacf42dce75e5a1b481dfd02607b1fb20 table="pages" seconds=0.002373159 stage="query_dispatch"
2026-09-09T20:34:43.056019Z DEBUG transparent_shard_server::runtime: runtime stage key=("be059aab39ac34125e0452548d6fbcfb1e7cdb7237a597bd59ee86011ed4882b", Directory, 0) seconds=0.750486253 stage="disk_save"
2026-09-09T20:34:43.368080Z DEBUG transparent_shard_server::service: query stage revision=5b7ee9849d47f5ee67d04eb6ca4588beacf42dce75e5a1b481dfd02607b1fb20 table="pages" seconds=0.561814274 stage="query_evaluate"
2026-09-09T20:34:43.368753Z DEBUG transparent_shard_server::service: query stage revision=5b7ee9849d47f5ee67d04eb6ca4588beacf42dce75e5a1b481dfd02607b1fb20 table="directory" seconds=0.581544243 stage="query_evaluate"
2026-09-09T20:34:43.368814Z DEBUG transparent_shard_server::runtime: construction stage geometry="recent-8k" table="pages" seconds=0.600212205 stage="hint_columns"
2026-09-09T20:34:43.524546Z DEBUG transparent_shard_server::service: query stage revision=5b7ee9849d47f5ee67d04eb6ca4588beacf42dce75e5a1b481dfd02607b1fb20 table="directory" seconds=2.27e-6 stage="query_admission"
2026-09-09T20:34:43.524585Z DEBUG transparent_shard_server::service: query stage revision=5b7ee9849d47f5ee67d04eb6ca4588beacf42dce75e5a1b481dfd02607b1fb20 table="directory" seconds=5.07e-6 stage="query_runtime"
2026-09-09T20:34:43.524674Z DEBUG transparent_shard_server::service: query stage revision=5b7ee9849d47f5ee67d04eb6ca4588beacf42dce75e5a1b481dfd02607b1fb20 table="directory" seconds=1.2632e-5 stage="query_dispatch"
2026-09-09T20:34:43.526822Z DEBUG transparent_shard_server::service: query stage revision=5b7ee9849d47f5ee67d04eb6ca4588beacf42dce75e5a1b481dfd02607b1fb20 table="pages" seconds=1.669e-6 stage="query_admission"
2026-09-09T20:34:43.526845Z DEBUG transparent_shard_server::service: query stage revision=5b7ee9849d47f5ee67d04eb6ca4588beacf42dce75e5a1b481dfd02607b1fb20 table="pages" seconds=3.639e-6 stage="query_runtime"
2026-09-09T20:34:43.527436Z DEBUG transparent_shard_server::service: query stage revision=5b7ee9849d47f5ee67d04eb6ca4588beacf42dce75e5a1b481dfd02607b1fb20 table="pages" seconds=0.000530285 stage="query_dispatch"
2026-09-09T20:34:43.541978Z DEBUG transparent_shard_server::service: query stage revision=5b7ee9849d47f5ee67d04eb6ca4588beacf42dce75e5a1b481dfd02607b1fb20 table="pages" seconds=0.014504818 stage="query_evaluate"
2026-09-09T20:34:43.541983Z DEBUG transparent_shard_server::service: query stage revision=5b7ee9849d47f5ee67d04eb6ca4588beacf42dce75e5a1b481dfd02607b1fb20 table="directory" seconds=0.017302679 stage="query_evaluate"
2026-09-09T20:34:43.697745Z DEBUG transparent_shard_server::service: query stage revision=5b7ee9849d47f5ee67d04eb6ca4588beacf42dce75e5a1b481dfd02607b1fb20 table="directory" seconds=2.393e-6 stage="query_admission"
2026-09-09T20:34:43.697783Z DEBUG transparent_shard_server::service: query stage revision=5b7ee9849d47f5ee67d04eb6ca4588beacf42dce75e5a1b481dfd02607b1fb20 table="directory" seconds=6.203e-6 stage="query_runtime"
2026-09-09T20:34:43.697876Z DEBUG transparent_shard_server::service: query stage revision=5b7ee9849d47f5ee67d04eb6ca4588beacf42dce75e5a1b481dfd02607b1fb20 table="directory" seconds=1.9006e-5 stage="query_dispatch"
2026-09-09T20:34:43.701308Z DEBUG transparent_shard_server::service: query stage revision=5b7ee9849d47f5ee67d04eb6ca4588beacf42dce75e5a1b481dfd02607b1fb20 table="pages" seconds=2.495e-6 stage="query_admission"
2026-09-09T20:34:43.701350Z DEBUG transparent_shard_server::service: query stage revision=5b7ee9849d47f5ee67d04eb6ca4588beacf42dce75e5a1b481dfd02607b1fb20 table="pages" seconds=4.994e-6 stage="query_runtime"
2026-09-09T20:34:43.701456Z DEBUG transparent_shard_server::service: query stage revision=5b7ee9849d47f5ee67d04eb6ca4588beacf42dce75e5a1b481dfd02607b1fb20 table="pages" seconds=2.4364e-5 stage="query_dispatch"
2026-09-09T20:34:43.709995Z DEBUG transparent_shard_server::service: query stage revision=5b7ee9849d47f5ee67d04eb6ca4588beacf42dce75e5a1b481dfd02607b1fb20 table="directory" seconds=0.012095154 stage="query_evaluate"
2026-09-09T20:34:43.715967Z DEBUG transparent_shard_server::service: query stage revision=5b7ee9849d47f5ee67d04eb6ca4588beacf42dce75e5a1b481dfd02607b1fb20 table="pages" seconds=0.010765847 stage="query_evaluate"
2026-09-09T20:34:43.866120Z DEBUG transparent_shard_server::service: query stage revision=5b7ee9849d47f5ee67d04eb6ca4588beacf42dce75e5a1b481dfd02607b1fb20 table="pages" seconds=2.69e-6 stage="query_admission"
2026-09-09T20:34:43.866174Z DEBUG transparent_shard_server::service: query stage revision=5b7ee9849d47f5ee67d04eb6ca4588beacf42dce75e5a1b481dfd02607b1fb20 table="pages" seconds=1.9426e-5 stage="query_runtime"
2026-09-09T20:34:43.866280Z DEBUG transparent_shard_server::service: query stage revision=5b7ee9849d47f5ee67d04eb6ca4588beacf42dce75e5a1b481dfd02607b1fb20 table="pages" seconds=2.8381e-5 stage="query_dispatch"
2026-09-09T20:34:43.876324Z DEBUG transparent_shard_server::service: query stage revision=5b7ee9849d47f5ee67d04eb6ca4588beacf42dce75e5a1b481dfd02607b1fb20 table="directory" seconds=2.37e-6 stage="query_admission"
2026-09-09T20:34:43.876361Z DEBUG transparent_shard_server::service: query stage revision=5b7ee9849d47f5ee67d04eb6ca4588beacf42dce75e5a1b481dfd02607b1fb20 table="directory" seconds=5.837e-6 stage="query_runtime"
2026-09-09T20:34:43.876437Z DEBUG transparent_shard_server::service: query stage revision=5b7ee9849d47f5ee67d04eb6ca4588beacf42dce75e5a1b481dfd02607b1fb20 table="directory" seconds=1.6988e-5 stage="query_dispatch"
2026-09-09T20:34:43.880134Z DEBUG transparent_shard_server::service: query stage revision=5b7ee9849d47f5ee67d04eb6ca4588beacf42dce75e5a1b481dfd02607b1fb20 table="pages" seconds=0.013846556 stage="query_evaluate"
2026-09-09T20:34:43.886624Z DEBUG transparent_shard_server::service: query stage revision=5b7ee9849d47f5ee67d04eb6ca4588beacf42dce75e5a1b481dfd02607b1fb20 table="directory" seconds=0.010167585 stage="query_evaluate"
2026-09-09T20:34:44.035649Z DEBUG transparent_shard_server::service: query stage revision=5b7ee9849d47f5ee67d04eb6ca4588beacf42dce75e5a1b481dfd02607b1fb20 table="directory" seconds=2.43e-6 stage="query_admission"
2026-09-09T20:34:44.035715Z DEBUG transparent_shard_server::service: query stage revision=5b7ee9849d47f5ee67d04eb6ca4588beacf42dce75e5a1b481dfd02607b1fb20 table="directory" seconds=5.971e-6 stage="query_runtime"
2026-09-09T20:34:44.035837Z DEBUG transparent_shard_server::service: query stage revision=5b7ee9849d47f5ee67d04eb6ca4588beacf42dce75e5a1b481dfd02607b1fb20 table="directory" seconds=4.427e-5 stage="query_dispatch"
2026-09-09T20:34:44.046524Z DEBUG transparent_shard_server::service: query stage revision=5b7ee9849d47f5ee67d04eb6ca4588beacf42dce75e5a1b481dfd02607b1fb20 table="directory" seconds=0.010666151 stage="query_evaluate"
2026-09-09T20:34:44.047279Z DEBUG transparent_shard_server::service: query stage revision=5b7ee9849d47f5ee67d04eb6ca4588beacf42dce75e5a1b481dfd02607b1fb20 table="pages" seconds=2.008e-6 stage="query_admission"
2026-09-09T20:34:44.047306Z DEBUG transparent_shard_server::service: query stage revision=5b7ee9849d47f5ee67d04eb6ca4588beacf42dce75e5a1b481dfd02607b1fb20 table="pages" seconds=5.233e-6 stage="query_runtime"
2026-09-09T20:34:44.047390Z DEBUG transparent_shard_server::service: query stage revision=5b7ee9849d47f5ee67d04eb6ca4588beacf42dce75e5a1b481dfd02607b1fb20 table="pages" seconds=1.0913e-5 stage="query_dispatch"
2026-09-09T20:34:44.056894Z DEBUG transparent_shard_server::service: query stage revision=5b7ee9849d47f5ee67d04eb6ca4588beacf42dce75e5a1b481dfd02607b1fb20 table="pages" seconds=0.009495957 stage="query_evaluate"
2026-09-09T20:34:44.210471Z DEBUG transparent_shard_server::service: query stage revision=5b7ee9849d47f5ee67d04eb6ca4588beacf42dce75e5a1b481dfd02607b1fb20 table="pages" seconds=3.134e-6 stage="query_admission"
2026-09-09T20:34:44.210511Z DEBUG transparent_shard_server::service: query stage revision=5b7ee9849d47f5ee67d04eb6ca4588beacf42dce75e5a1b481dfd02607b1fb20 table="pages" seconds=5.718e-6 stage="query_runtime"
2026-09-09T20:34:44.213174Z DEBUG transparent_shard_server::service: query stage revision=5b7ee9849d47f5ee67d04eb6ca4588beacf42dce75e5a1b481dfd02607b1fb20 table="pages" seconds=0.002590684 stage="query_dispatch"
2026-09-09T20:34:44.217196Z DEBUG transparent_shard_server::service: query stage revision=5b7ee9849d47f5ee67d04eb6ca4588beacf42dce75e5a1b481dfd02607b1fb20 table="directory" seconds=2.667e-6 stage="query_admission"
2026-09-09T20:34:44.217225Z DEBUG transparent_shard_server::service: query stage revision=5b7ee9849d47f5ee67d04eb6ca4588beacf42dce75e5a1b481dfd02607b1fb20 table="directory" seconds=6.397e-6 stage="query_runtime"
2026-09-09T20:34:44.217313Z DEBUG transparent_shard_server::service: query stage revision=5b7ee9849d47f5ee67d04eb6ca4588beacf42dce75e5a1b481dfd02607b1fb20 table="directory" seconds=1.8201e-5 stage="query_dispatch"
2026-09-09T20:34:44.249009Z DEBUG transparent_shard_server::service: query stage revision=5b7ee9849d47f5ee67d04eb6ca4588beacf42dce75e5a1b481dfd02607b1fb20 table="directory" seconds=0.031677338 stage="query_evaluate"
2026-09-09T20:34:44.249022Z DEBUG transparent_shard_server::service: query stage revision=5b7ee9849d47f5ee67d04eb6ca4588beacf42dce75e5a1b481dfd02607b1fb20 table="pages" seconds=0.035821582 stage="query_evaluate"
2026-09-09T20:34:44.410485Z DEBUG transparent_shard_server::service: query stage revision=5b7ee9849d47f5ee67d04eb6ca4588beacf42dce75e5a1b481dfd02607b1fb20 table="directory" seconds=3.288e-6 stage="query_admission"
2026-09-09T20:34:44.410528Z DEBUG transparent_shard_server::service: query stage revision=5b7ee9849d47f5ee67d04eb6ca4588beacf42dce75e5a1b481dfd02607b1fb20 table="directory" seconds=7.05e-6 stage="query_runtime"
2026-09-09T20:34:44.410629Z DEBUG transparent_shard_server::service: query stage revision=5b7ee9849d47f5ee67d04eb6ca4588beacf42dce75e5a1b481dfd02607b1fb20 table="directory" seconds=2.4703e-5 stage="query_dispatch"
2026-09-09T20:34:44.413190Z DEBUG transparent_shard_server::service: query stage revision=5b7ee9849d47f5ee67d04eb6ca4588beacf42dce75e5a1b481dfd02607b1fb20 table="pages" seconds=1.867e-6 stage="query_admission"
2026-09-09T20:34:44.413223Z DEBUG transparent_shard_server::service: query stage revision=5b7ee9849d47f5ee67d04eb6ca4588beacf42dce75e5a1b481dfd02607b1fb20 table="pages" seconds=4.828e-6 stage="query_runtime"
2026-09-09T20:34:44.413319Z DEBUG transparent_shard_server::service: query stage revision=5b7ee9849d47f5ee67d04eb6ca4588beacf42dce75e5a1b481dfd02607b1fb20 table="pages" seconds=2.0182e-5 stage="query_dispatch"
2026-09-09T20:34:45.402096Z DEBUG transparent_shard_server::service: query stage revision=5b7ee9849d47f5ee67d04eb6ca4588beacf42dce75e5a1b481dfd02607b1fb20 table="pages" seconds=0.988753807 stage="query_evaluate"
2026-09-09T20:34:45.402816Z DEBUG transparent_shard_server::service: query stage revision=5b7ee9849d47f5ee67d04eb6ca4588beacf42dce75e5a1b481dfd02607b1fb20 table="directory" seconds=0.992180953 stage="query_evaluate"
2026-09-09T20:34:45.404375Z DEBUG transparent_shard_server::runtime: construction stage geometry="recent-8k" table="pages" seconds=2.035555638 stage="pack_preprocessing"
2026-09-09T20:34:45.404834Z DEBUG transparent_shard_server::runtime: construction stage geometry="recent-8k" table="pages" seconds=0.000434133 stage="publish_parameters"
2026-09-09T20:34:45.405967Z DEBUG transparent_shard_server::runtime: runtime stage key=("be059aab39ac34125e0452548d6fbcfb1e7cdb7237a597bd59ee86011ed4882b", Pages, 0) seconds=2.945188262 stage="runtime_build"
2026-09-09T20:34:45.406117Z  INFO transparent_shard_server::service: prewarm finished warm=28 target=28 failed=0 seconds=6.126121613
2026-09-09T20:34:45.406169Z DEBUG transparent_shard_server::live: publication preparation stages map=32426d9e9300c44558210d8540b636402af2b3c322627f9e9f26e0082b489725 loading_seconds=0.593641207 warming_seconds=6.126210668
2026-09-09T20:34:45.471433Z  INFO transparent_shard_server::runtime: retired runtime memory reclaimed rss_before=4993765376 rss_after=4511203328
2026-09-09T20:34:45.528927Z DEBUG transparent_shard_server::runtime: runtime stage key=("5b7ee9849d47f5ee67d04eb6ca4588beacf42dce75e5a1b481dfd02607b1fb20", Directory, 0) seconds=1.469e-6 stage="restore_slot"
2026-09-09T20:34:45.660803Z DEBUG transparent_shard_server::service: query stage revision=be059aab39ac34125e0452548d6fbcfb1e7cdb7237a597bd59ee86011ed4882b table="pages" seconds=2.799e-6 stage="query_admission"
2026-09-09T20:34:45.660839Z DEBUG transparent_shard_server::service: query stage revision=be059aab39ac34125e0452548d6fbcfb1e7cdb7237a597bd59ee86011ed4882b table="pages" seconds=5.76e-6 stage="query_runtime"
2026-09-09T20:34:45.660960Z DEBUG transparent_shard_server::service: query stage revision=be059aab39ac34125e0452548d6fbcfb1e7cdb7237a597bd59ee86011ed4882b table="pages" seconds=3.2502e-5 stage="query_dispatch"
2026-09-09T20:34:45.690730Z DEBUG transparent_shard_server::service: query stage revision=be059aab39ac34125e0452548d6fbcfb1e7cdb7237a597bd59ee86011ed4882b table="pages" seconds=0.029753381 stage="query_evaluate"
2026-09-09T20:34:45.862573Z DEBUG transparent_shard_server::service: query stage revision=be059aab39ac34125e0452548d6fbcfb1e7cdb7237a597bd59ee86011ed4882b table="directory" seconds=2.861e-6 stage="query_admission"
2026-09-09T20:34:45.862605Z DEBUG transparent_shard_server::service: query stage revision=be059aab39ac34125e0452548d6fbcfb1e7cdb7237a597bd59ee86011ed4882b table="directory" seconds=7.05e-6 stage="query_runtime"
2026-09-09T20:34:45.863227Z DEBUG transparent_shard_server::service: query stage revision=be059aab39ac34125e0452548d6fbcfb1e7cdb7237a597bd59ee86011ed4882b table="directory" seconds=0.000523294 stage="query_dispatch"
2026-09-09T20:34:45.892025Z DEBUG transparent_shard_server::service: query stage revision=be059aab39ac34125e0452548d6fbcfb1e7cdb7237a597bd59ee86011ed4882b table="directory" seconds=0.028774256 stage="query_evaluate"
2026-09-09T20:34:46.043703Z DEBUG transparent_shard_server::runtime: runtime stage key=("268f5c527d35817d37919707b04a706c850d449156baa071b5438dbf8eb53aec", Directory, 0) seconds=1.854e-6 stage="restore_slot"
2026-09-09T20:34:46.043711Z DEBUG transparent_shard_server::runtime: runtime stage key=("268f5c527d35817d37919707b04a706c850d449156baa071b5438dbf8eb53aec", Pages, 0) seconds=1.088e-6 stage="restore_slot"
2026-09-09T20:34:46.043858Z DEBUG transparent_shard_server::runtime: runtime stage key=("268f5c527d35817d37919707b04a706c850d449156baa071b5438dbf8eb53aec", Directory, 0) seconds=4.1919e-5 hit=false stage="disk_restore"
2026-09-09T20:34:46.043883Z DEBUG transparent_shard_server::runtime: runtime stage key=("268f5c527d35817d37919707b04a706c850d449156baa071b5438dbf8eb53aec", Directory, 0) seconds=5.7e-7 stage="build_slot"
2026-09-09T20:34:46.043899Z DEBUG transparent_shard_server::runtime: runtime stage key=("268f5c527d35817d37919707b04a706c850d449156baa071b5438dbf8eb53aec", Pages, 0) seconds=1.9444e-5 hit=false stage="disk_restore"
2026-09-09T20:34:46.043929Z DEBUG transparent_shard_server::memory: cold build admission wait seconds=3.866e-5 admitted=true
2026-09-09T20:34:46.048580Z DEBUG transparent_shard_server::service: query stage revision=be059aab39ac34125e0452548d6fbcfb1e7cdb7237a597bd59ee86011ed4882b table="pages" seconds=2.537e-6 stage="query_admission"
2026-09-09T20:34:46.048609Z DEBUG transparent_shard_server::service: query stage revision=be059aab39ac34125e0452548d6fbcfb1e7cdb7237a597bd59ee86011ed4882b table="pages" seconds=5.956e-6 stage="query_runtime"
2026-09-09T20:34:46.048713Z DEBUG transparent_shard_server::service: query stage revision=be059aab39ac34125e0452548d6fbcfb1e7cdb7237a597bd59ee86011ed4882b table="pages" seconds=3.1298e-5 stage="query_dispatch"
2026-09-09T20:34:46.087347Z DEBUG transparent_shard_server::service: query stage revision=be059aab39ac34125e0452548d6fbcfb1e7cdb7237a597bd59ee86011ed4882b table="pages" seconds=0.038621668 stage="query_evaluate"
2026-09-09T20:34:46.188757Z DEBUG transparent_shard_server::runtime: runtime stage key=("268f5c527d35817d37919707b04a706c850d449156baa071b5438dbf8eb53aec", Directory, 0) seconds=0.144811659 stage="source_load"
2026-09-09T20:34:46.229753Z DEBUG transparent_shard_server::runtime: runtime stage key=("be059aab39ac34125e0452548d6fbcfb1e7cdb7237a597bd59ee86011ed4882b", Pages, 0) seconds=0.823744138 stage="disk_save"
2026-09-09T20:34:46.242569Z DEBUG transparent_shard_server::service: query stage revision=be059aab39ac34125e0452548d6fbcfb1e7cdb7237a597bd59ee86011ed4882b table="directory" seconds=2.375e-6 stage="query_admission"
2026-09-09T20:34:46.242602Z DEBUG transparent_shard_server::service: query stage revision=be059aab39ac34125e0452548d6fbcfb1e7cdb7237a597bd59ee86011ed4882b table="directory" seconds=6.001e-6 stage="query_runtime"
2026-09-09T20:34:46.242707Z DEBUG transparent_shard_server::service: query stage revision=be059aab39ac34125e0452548d6fbcfb1e7cdb7237a597bd59ee86011ed4882b table="directory" seconds=3.1548e-5 stage="query_dispatch"
2026-09-09T20:34:46.279756Z DEBUG transparent_shard_server::service: query stage revision=be059aab39ac34125e0452548d6fbcfb1e7cdb7237a597bd59ee86011ed4882b table="directory" seconds=0.037033724 stage="query_evaluate"
2026-09-09T20:34:46.345693Z DEBUG transparent_shard_server::runtime: runtime stage key=("5b7ee9849d47f5ee67d04eb6ca4588beacf42dce75e5a1b481dfd02607b1fb20", Directory, 0) seconds=0.81662005 hit=true stage="disk_restore"
2026-09-09T20:34:46.449516Z DEBUG transparent_shard_server::service: query stage revision=be059aab39ac34125e0452548d6fbcfb1e7cdb7237a597bd59ee86011ed4882b table="pages" seconds=3.462e-6 stage="query_admission"
2026-09-09T20:34:46.449556Z DEBUG transparent_shard_server::service: query stage revision=be059aab39ac34125e0452548d6fbcfb1e7cdb7237a597bd59ee86011ed4882b table="pages" seconds=7.294e-6 stage="query_runtime"
2026-09-09T20:34:46.449668Z DEBUG transparent_shard_server::service: query stage revision=be059aab39ac34125e0452548d6fbcfb1e7cdb7237a597bd59ee86011ed4882b table="pages" seconds=3.1827e-5 stage="query_dispatch"
2026-09-09T20:34:46.463403Z DEBUG transparent_shard_server::service: query stage revision=be059aab39ac34125e0452548d6fbcfb1e7cdb7237a597bd59ee86011ed4882b table="pages" seconds=0.013713162 stage="query_evaluate"
2026-09-09T20:34:46.470566Z DEBUG transparent_shard_server::runtime: runtime stage key=("5b7ee9849d47f5ee67d04eb6ca4588beacf42dce75e5a1b481dfd02607b1fb20", Directory, 0) seconds=0.12483694 stage="source_verify"
2026-09-09T20:34:46.470600Z  INFO transparent_shard_server::runtime: restored runtime cache seconds=0.941529912
2026-09-09T20:34:46.498457Z DEBUG transparent_shard_server::runtime: construction stage geometry="recent-8k" table="directory" seconds=0.309667988 stage="encode_database"
2026-09-09T20:34:46.498581Z DEBUG transparent_shard_server::runtime: construction stage geometry="recent-8k" table="directory" seconds=8.3075e-5 stage="public_setup"
2026-09-09T20:34:46.500383Z DEBUG transparent_shard_server::service: query stage revision=5b7ee9849d47f5ee67d04eb6ca4588beacf42dce75e5a1b481dfd02607b1fb20 table="directory" seconds=2.673e-6 stage="query_admission"
2026-09-09T20:34:46.500407Z DEBUG transparent_shard_server::service: query stage revision=5b7ee9849d47f5ee67d04eb6ca4588beacf42dce75e5a1b481dfd02607b1fb20 table="directory" seconds=5.991e-6 stage="query_runtime"
2026-09-09T20:34:46.500503Z DEBUG transparent_shard_server::service: query stage revision=5b7ee9849d47f5ee67d04eb6ca4588beacf42dce75e5a1b481dfd02607b1fb20 table="directory" seconds=1.6129e-5 stage="query_dispatch"
2026-09-09T20:34:46.620929Z DEBUG transparent_shard_server::service: query stage revision=be059aab39ac34125e0452548d6fbcfb1e7cdb7237a597bd59ee86011ed4882b table="directory" seconds=3.039e-6 stage="query_admission"
2026-09-09T20:34:46.620968Z DEBUG transparent_shard_server::service: query stage revision=be059aab39ac34125e0452548d6fbcfb1e7cdb7237a597bd59ee86011ed4882b table="directory" seconds=6.779e-6 stage="query_runtime"
2026-09-09T20:34:46.622174Z DEBUG transparent_shard_server::service: query stage revision=be059aab39ac34125e0452548d6fbcfb1e7cdb7237a597bd59ee86011ed4882b table="directory" seconds=0.001127244 stage="query_dispatch"
2026-09-09T20:34:47.044740Z DEBUG transparent_shard_server::service: query stage revision=5b7ee9849d47f5ee67d04eb6ca4588beacf42dce75e5a1b481dfd02607b1fb20 table="directory" seconds=0.54421576 stage="query_evaluate"
2026-09-09T20:34:47.044784Z DEBUG transparent_shard_server::service: query stage revision=be059aab39ac34125e0452548d6fbcfb1e7cdb7237a597bd59ee86011ed4882b table="directory" seconds=0.422576867 stage="query_evaluate"
2026-09-09T20:34:47.044939Z DEBUG transparent_shard_server::runtime: construction stage geometry="recent-8k" table="directory" seconds=0.546354197 stage="hint_columns"
2026-09-09T20:34:47.197459Z DEBUG transparent_shard_server::service: query stage revision=be059aab39ac34125e0452548d6fbcfb1e7cdb7237a597bd59ee86011ed4882b table="pages" seconds=2.848e-6 stage="query_admission"
2026-09-09T20:34:47.197515Z DEBUG transparent_shard_server::service: query stage revision=be059aab39ac34125e0452548d6fbcfb1e7cdb7237a597bd59ee86011ed4882b table="pages" seconds=2.2104e-5 stage="query_runtime"
2026-09-09T20:34:47.197625Z DEBUG transparent_shard_server::service: query stage revision=be059aab39ac34125e0452548d6fbcfb1e7cdb7237a597bd59ee86011ed4882b table="pages" seconds=2.8156e-5 stage="query_dispatch"
2026-09-09T20:34:47.204372Z DEBUG transparent_shard_server::service: query stage revision=be059aab39ac34125e0452548d6fbcfb1e7cdb7237a597bd59ee86011ed4882b table="pages" seconds=1.813e-6 stage="query_admission"
2026-09-09T20:34:47.204396Z DEBUG transparent_shard_server::service: query stage revision=be059aab39ac34125e0452548d6fbcfb1e7cdb7237a597bd59ee86011ed4882b table="pages" seconds=2.966e-6 stage="query_runtime"
2026-09-09T20:34:47.204471Z DEBUG transparent_shard_server::service: query stage revision=be059aab39ac34125e0452548d6fbcfb1e7cdb7237a597bd59ee86011ed4882b table="pages" seconds=1.8152e-5 stage="query_dispatch"
2026-09-09T20:34:47.217500Z DEBUG transparent_shard_server::service: query stage revision=be059aab39ac34125e0452548d6fbcfb1e7cdb7237a597bd59ee86011ed4882b table="pages" seconds=0.019866583 stage="query_evaluate"
2026-09-09T20:34:47.217562Z DEBUG transparent_shard_server::service: query stage revision=be059aab39ac34125e0452548d6fbcfb1e7cdb7237a597bd59ee86011ed4882b table="pages" seconds=0.013071096 stage="query_evaluate"
2026-09-09T20:34:47.368886Z DEBUG transparent_shard_server::service: query stage revision=be059aab39ac34125e0452548d6fbcfb1e7cdb7237a597bd59ee86011ed4882b table="directory" seconds=2.581e-6 stage="query_admission"
2026-09-09T20:34:47.368938Z DEBUG transparent_shard_server::service: query stage revision=be059aab39ac34125e0452548d6fbcfb1e7cdb7237a597bd59ee86011ed4882b table="directory" seconds=4.698e-6 stage="query_runtime"
2026-09-09T20:34:47.369191Z DEBUG transparent_shard_server::service: query stage revision=be059aab39ac34125e0452548d6fbcfb1e7cdb7237a597bd59ee86011ed4882b table="directory" seconds=0.000172799 stage="query_dispatch"
2026-09-09T20:34:47.369542Z DEBUG transparent_shard_server::service: query stage revision=be059aab39ac34125e0452548d6fbcfb1e7cdb7237a597bd59ee86011ed4882b table="directory" seconds=1.266e-6 stage="query_admission"
2026-09-09T20:34:47.369554Z DEBUG transparent_shard_server::service: query stage revision=be059aab39ac34125e0452548d6fbcfb1e7cdb7237a597bd59ee86011ed4882b table="directory" seconds=2.413e-6 stage="query_runtime"
2026-09-09T20:34:47.372025Z DEBUG transparent_shard_server::service: query stage revision=be059aab39ac34125e0452548d6fbcfb1e7cdb7237a597bd59ee86011ed4882b table="directory" seconds=2.457e-5 stage="query_dispatch"
2026-09-09T20:34:47.386849Z DEBUG transparent_shard_server::service: query stage revision=be059aab39ac34125e0452548d6fbcfb1e7cdb7237a597bd59ee86011ed4882b table="directory" seconds=0.017632181 stage="query_evaluate"
2026-09-09T20:34:47.387551Z DEBUG transparent_shard_server::service: query stage revision=be059aab39ac34125e0452548d6fbcfb1e7cdb7237a597bd59ee86011ed4882b table="directory" seconds=0.015508289 stage="query_evaluate"
2026-09-09T20:34:47.540179Z DEBUG transparent_shard_server::service: query stage revision=be059aab39ac34125e0452548d6fbcfb1e7cdb7237a597bd59ee86011ed4882b table="pages" seconds=2.382e-6 stage="query_admission"
2026-09-09T20:34:47.540214Z DEBUG transparent_shard_server::service: query stage revision=be059aab39ac34125e0452548d6fbcfb1e7cdb7237a597bd59ee86011ed4882b table="pages" seconds=4.867e-6 stage="query_runtime"
2026-09-09T20:34:47.540279Z DEBUG transparent_shard_server::service: query stage revision=be059aab39ac34125e0452548d6fbcfb1e7cdb7237a597bd59ee86011ed4882b table="pages" seconds=1.0433e-5 stage="query_dispatch"
2026-09-09T20:34:47.540326Z DEBUG transparent_shard_server::service: query stage revision=be059aab39ac34125e0452548d6fbcfb1e7cdb7237a597bd59ee86011ed4882b table="pages" seconds=1.49e-6 stage="query_admission"
2026-09-09T20:34:47.540343Z DEBUG transparent_shard_server::service: query stage revision=be059aab39ac34125e0452548d6fbcfb1e7cdb7237a597bd59ee86011ed4882b table="pages" seconds=2.834e-6 stage="query_runtime"
2026-09-09T20:34:47.540431Z DEBUG transparent_shard_server::service: query stage revision=be059aab39ac34125e0452548d6fbcfb1e7cdb7237a597bd59ee86011ed4882b table="pages" seconds=2.7913e-5 stage="query_dispatch"
2026-09-09T20:34:47.556650Z DEBUG transparent_shard_server::service: query stage revision=be059aab39ac34125e0452548d6fbcfb1e7cdb7237a597bd59ee86011ed4882b table="pages" seconds=0.016203568 stage="query_evaluate"
2026-09-09T20:34:47.556785Z DEBUG transparent_shard_server::service: query stage revision=be059aab39ac34125e0452548d6fbcfb1e7cdb7237a597bd59ee86011ed4882b table="pages" seconds=0.016499275 stage="query_evaluate"
2026-09-09T20:34:47.707944Z DEBUG transparent_shard_server::service: query stage revision=be059aab39ac34125e0452548d6fbcfb1e7cdb7237a597bd59ee86011ed4882b table="directory" seconds=5.427e-6 stage="query_admission"
2026-09-09T20:34:47.707987Z DEBUG transparent_shard_server::service: query stage revision=be059aab39ac34125e0452548d6fbcfb1e7cdb7237a597bd59ee86011ed4882b table="directory" seconds=4.857e-6 stage="query_runtime"
2026-09-09T20:34:47.708070Z DEBUG transparent_shard_server::service: query stage revision=be059aab39ac34125e0452548d6fbcfb1e7cdb7237a597bd59ee86011ed4882b table="directory" seconds=1.2185e-5 stage="query_dispatch"
2026-09-09T20:34:47.708632Z DEBUG transparent_shard_server::service: query stage revision=be059aab39ac34125e0452548d6fbcfb1e7cdb7237a597bd59ee86011ed4882b table="directory" seconds=1.114e-6 stage="query_admission"
2026-09-09T20:34:47.708659Z DEBUG transparent_shard_server::service: query stage revision=be059aab39ac34125e0452548d6fbcfb1e7cdb7237a597bd59ee86011ed4882b table="directory" seconds=2.567e-6 stage="query_runtime"
2026-09-09T20:34:47.708741Z DEBUG transparent_shard_server::service: query stage revision=be059aab39ac34125e0452548d6fbcfb1e7cdb7237a597bd59ee86011ed4882b table="directory" seconds=3.4341e-5 stage="query_dispatch"
2026-09-09T20:34:47.725402Z DEBUG transparent_shard_server::service: query stage revision=be059aab39ac34125e0452548d6fbcfb1e7cdb7237a597bd59ee86011ed4882b table="directory" seconds=0.01732525 stage="query_evaluate"
2026-09-09T20:34:47.726085Z DEBUG transparent_shard_server::service: query stage revision=be059aab39ac34125e0452548d6fbcfb1e7cdb7237a597bd59ee86011ed4882b table="directory" seconds=0.017324143 stage="query_evaluate"
2026-09-09T20:34:47.880046Z DEBUG transparent_shard_server::service: query stage revision=be059aab39ac34125e0452548d6fbcfb1e7cdb7237a597bd59ee86011ed4882b table="pages" seconds=2.503e-6 stage="query_admission"
2026-09-09T20:34:47.880085Z DEBUG transparent_shard_server::service: query stage revision=be059aab39ac34125e0452548d6fbcfb1e7cdb7237a597bd59ee86011ed4882b table="pages" seconds=4.361e-6 stage="query_runtime"
2026-09-09T20:34:47.880190Z DEBUG transparent_shard_server::service: query stage revision=be059aab39ac34125e0452548d6fbcfb1e7cdb7237a597bd59ee86011ed4882b table="pages" seconds=1.2654e-5 stage="query_dispatch"
2026-09-09T20:34:47.917240Z DEBUG transparent_shard_server::service: query stage revision=be059aab39ac34125e0452548d6fbcfb1e7cdb7237a597bd59ee86011ed4882b table="pages" seconds=0.037038654 stage="query_evaluate"
2026-09-09T20:34:47.921458Z DEBUG transparent_shard_server::service: query stage revision=be059aab39ac34125e0452548d6fbcfb1e7cdb7237a597bd59ee86011ed4882b table="pages" seconds=1.816e-6 stage="query_admission"
2026-09-09T20:34:47.921486Z DEBUG transparent_shard_server::service: query stage revision=be059aab39ac34125e0452548d6fbcfb1e7cdb7237a597bd59ee86011ed4882b table="pages" seconds=4.622e-6 stage="query_runtime"
2026-09-09T20:34:47.921567Z DEBUG transparent_shard_server::service: query stage revision=be059aab39ac34125e0452548d6fbcfb1e7cdb7237a597bd59ee86011ed4882b table="pages" seconds=1.1869e-5 stage="query_dispatch"
2026-09-09T20:34:47.933823Z DEBUG transparent_shard_server::service: query stage revision=be059aab39ac34125e0452548d6fbcfb1e7cdb7237a597bd59ee86011ed4882b table="pages" seconds=0.012248589 stage="query_evaluate"
2026-09-09T20:34:48.073403Z DEBUG transparent_shard_server::service: query stage revision=be059aab39ac34125e0452548d6fbcfb1e7cdb7237a597bd59ee86011ed4882b table="directory" seconds=2.355e-6 stage="query_admission"
2026-09-09T20:34:48.073438Z DEBUG transparent_shard_server::service: query stage revision=be059aab39ac34125e0452548d6fbcfb1e7cdb7237a597bd59ee86011ed4882b table="directory" seconds=5.247e-6 stage="query_runtime"
2026-09-09T20:34:48.073516Z DEBUG transparent_shard_server::service: query stage revision=be059aab39ac34125e0452548d6fbcfb1e7cdb7237a597bd59ee86011ed4882b table="directory" seconds=2.0262e-5 stage="query_dispatch"
2026-09-09T20:34:48.112530Z DEBUG transparent_shard_server::service: query stage revision=be059aab39ac34125e0452548d6fbcfb1e7cdb7237a597bd59ee86011ed4882b table="directory" seconds=2.204e-6 stage="query_admission"
2026-09-09T20:34:48.112567Z DEBUG transparent_shard_server::service: query stage revision=be059aab39ac34125e0452548d6fbcfb1e7cdb7237a597bd59ee86011ed4882b table="directory" seconds=6.261e-6 stage="query_runtime"
2026-09-09T20:34:48.112652Z DEBUG transparent_shard_server::service: query stage revision=be059aab39ac34125e0452548d6fbcfb1e7cdb7237a597bd59ee86011ed4882b table="directory" seconds=1.3643e-5 stage="query_dispatch"
2026-09-09T20:34:48.144924Z DEBUG transparent_shard_server::service: query stage revision=be059aab39ac34125e0452548d6fbcfb1e7cdb7237a597bd59ee86011ed4882b table="directory" seconds=0.071387713 stage="query_evaluate"
2026-09-09T20:34:48.144962Z DEBUG transparent_shard_server::service: query stage revision=be059aab39ac34125e0452548d6fbcfb1e7cdb7237a597bd59ee86011ed4882b table="directory" seconds=0.032290056 stage="query_evaluate"
2026-09-09T20:34:48.301961Z DEBUG transparent_shard_server::service: query stage revision=be059aab39ac34125e0452548d6fbcfb1e7cdb7237a597bd59ee86011ed4882b table="pages" seconds=3.039e-6 stage="query_admission"
2026-09-09T20:34:48.301999Z DEBUG transparent_shard_server::service: query stage revision=be059aab39ac34125e0452548d6fbcfb1e7cdb7237a597bd59ee86011ed4882b table="pages" seconds=6.497e-6 stage="query_runtime"
2026-09-09T20:34:48.302085Z DEBUG transparent_shard_server::service: query stage revision=be059aab39ac34125e0452548d6fbcfb1e7cdb7237a597bd59ee86011ed4882b table="pages" seconds=2.0473e-5 stage="query_dispatch"
2026-09-09T20:34:48.302389Z DEBUG transparent_shard_server::service: query stage revision=be059aab39ac34125e0452548d6fbcfb1e7cdb7237a597bd59ee86011ed4882b table="pages" seconds=1.745e-6 stage="query_admission"
2026-09-09T20:34:48.302413Z DEBUG transparent_shard_server::service: query stage revision=be059aab39ac34125e0452548d6fbcfb1e7cdb7237a597bd59ee86011ed4882b table="pages" seconds=3.385e-6 stage="query_runtime"
2026-09-09T20:34:48.302489Z DEBUG transparent_shard_server::service: query stage revision=be059aab39ac34125e0452548d6fbcfb1e7cdb7237a597bd59ee86011ed4882b table="pages" seconds=1.5882e-5 stage="query_dispatch"
2026-09-09T20:34:48.324417Z DEBUG transparent_shard_server::service: query stage revision=be059aab39ac34125e0452548d6fbcfb1e7cdb7237a597bd59ee86011ed4882b table="pages" seconds=0.022325955 stage="query_evaluate"
2026-09-09T20:34:48.325805Z DEBUG transparent_shard_server::service: query stage revision=be059aab39ac34125e0452548d6fbcfb1e7cdb7237a597bd59ee86011ed4882b table="pages" seconds=0.023301998 stage="query_evaluate"
2026-09-09T20:34:48.479366Z DEBUG transparent_shard_server::service: query stage revision=be059aab39ac34125e0452548d6fbcfb1e7cdb7237a597bd59ee86011ed4882b table="directory" seconds=2.382e-6 stage="query_admission"
2026-09-09T20:34:48.479401Z DEBUG transparent_shard_server::service: query stage revision=be059aab39ac34125e0452548d6fbcfb1e7cdb7237a597bd59ee86011ed4882b table="directory" seconds=4.883e-6 stage="query_runtime"
2026-09-09T20:34:48.479489Z DEBUG transparent_shard_server::service: query stage revision=be059aab39ac34125e0452548d6fbcfb1e7cdb7237a597bd59ee86011ed4882b table="directory" seconds=3.1179e-5 stage="query_dispatch"
2026-09-09T20:34:48.483393Z DEBUG transparent_shard_server::service: query stage revision=be059aab39ac34125e0452548d6fbcfb1e7cdb7237a597bd59ee86011ed4882b table="directory" seconds=1.507e-6 stage="query_admission"
2026-09-09T20:34:48.483416Z DEBUG transparent_shard_server::service: query stage revision=be059aab39ac34125e0452548d6fbcfb1e7cdb7237a597bd59ee86011ed4882b table="directory" seconds=4.272e-6 stage="query_runtime"
2026-09-09T20:34:48.483494Z DEBUG transparent_shard_server::service: query stage revision=be059aab39ac34125e0452548d6fbcfb1e7cdb7237a597bd59ee86011ed4882b table="directory" seconds=1.9891e-5 stage="query_dispatch"
2026-09-09T20:34:48.496189Z DEBUG transparent_shard_server::service: query stage revision=be059aab39ac34125e0452548d6fbcfb1e7cdb7237a597bd59ee86011ed4882b table="directory" seconds=0.016681251 stage="query_evaluate"
2026-09-09T20:34:48.505705Z DEBUG transparent_shard_server::service: query stage revision=be059aab39ac34125e0452548d6fbcfb1e7cdb7237a597bd59ee86011ed4882b table="directory" seconds=0.02219407 stage="query_evaluate"
2026-09-09T20:34:48.656862Z DEBUG transparent_shard_server::service: query stage revision=be059aab39ac34125e0452548d6fbcfb1e7cdb7237a597bd59ee86011ed4882b table="pages" seconds=2.65e-6 stage="query_admission"
2026-09-09T20:34:48.656902Z DEBUG transparent_shard_server::service: query stage revision=be059aab39ac34125e0452548d6fbcfb1e7cdb7237a597bd59ee86011ed4882b table="pages" seconds=4.521e-6 stage="query_runtime"
2026-09-09T20:34:48.657042Z DEBUG transparent_shard_server::service: query stage revision=be059aab39ac34125e0452548d6fbcfb1e7cdb7237a597bd59ee86011ed4882b table="pages" seconds=2.9237e-5 stage="query_dispatch"
2026-09-09T20:34:48.665476Z DEBUG transparent_shard_server::service: query stage revision=be059aab39ac34125e0452548d6fbcfb1e7cdb7237a597bd59ee86011ed4882b table="pages" seconds=2.198e-6 stage="query_admission"
2026-09-09T20:34:48.665513Z DEBUG transparent_shard_server::service: query stage revision=be059aab39ac34125e0452548d6fbcfb1e7cdb7237a597bd59ee86011ed4882b table="pages" seconds=5.069e-6 stage="query_runtime"
2026-09-09T20:34:48.665629Z DEBUG transparent_shard_server::service: query stage revision=be059aab39ac34125e0452548d6fbcfb1e7cdb7237a597bd59ee86011ed4882b table="pages" seconds=2.4918e-5 stage="query_dispatch"
2026-09-09T20:34:48.679724Z DEBUG transparent_shard_server::service: query stage revision=be059aab39ac34125e0452548d6fbcfb1e7cdb7237a597bd59ee86011ed4882b table="pages" seconds=0.022673267 stage="query_evaluate"
2026-09-09T20:34:48.691964Z DEBUG transparent_shard_server::service: query stage revision=be059aab39ac34125e0452548d6fbcfb1e7cdb7237a597bd59ee86011ed4882b table="pages" seconds=0.026326888 stage="query_evaluate"
2026-09-09T20:34:48.835417Z DEBUG transparent_shard_server::service: query stage revision=be059aab39ac34125e0452548d6fbcfb1e7cdb7237a597bd59ee86011ed4882b table="directory" seconds=2.613e-6 stage="query_admission"
2026-09-09T20:34:48.835457Z DEBUG transparent_shard_server::service: query stage revision=be059aab39ac34125e0452548d6fbcfb1e7cdb7237a597bd59ee86011ed4882b table="directory" seconds=5.427e-6 stage="query_runtime"
2026-09-09T20:34:48.835576Z DEBUG transparent_shard_server::service: query stage revision=be059aab39ac34125e0452548d6fbcfb1e7cdb7237a597bd59ee86011ed4882b table="directory" seconds=2.8108e-5 stage="query_dispatch"
2026-09-09T20:34:48.853377Z DEBUG transparent_shard_server::service: query stage revision=be059aab39ac34125e0452548d6fbcfb1e7cdb7237a597bd59ee86011ed4882b table="directory" seconds=0.01779132 stage="query_evaluate"
2026-09-09T20:34:48.856207Z DEBUG transparent_shard_server::service: query stage revision=be059aab39ac34125e0452548d6fbcfb1e7cdb7237a597bd59ee86011ed4882b table="directory" seconds=3.061e-6 stage="query_admission"
2026-09-09T20:34:48.856246Z DEBUG transparent_shard_server::service: query stage revision=be059aab39ac34125e0452548d6fbcfb1e7cdb7237a597bd59ee86011ed4882b table="directory" seconds=7.083e-6 stage="query_runtime"
2026-09-09T20:34:48.856351Z DEBUG transparent_shard_server::service: query stage revision=be059aab39ac34125e0452548d6fbcfb1e7cdb7237a597bd59ee86011ed4882b table="directory" seconds=1.2016e-5 stage="query_dispatch"
2026-09-09T20:34:48.870697Z DEBUG transparent_shard_server::service: query stage revision=be059aab39ac34125e0452548d6fbcfb1e7cdb7237a597bd59ee86011ed4882b table="directory" seconds=0.014336881 stage="query_evaluate"
2026-09-09T20:34:49.013912Z DEBUG transparent_shard_server::service: query stage revision=be059aab39ac34125e0452548d6fbcfb1e7cdb7237a597bd59ee86011ed4882b table="pages" seconds=2.618e-6 stage="query_admission"
2026-09-09T20:34:49.013953Z DEBUG transparent_shard_server::service: query stage revision=be059aab39ac34125e0452548d6fbcfb1e7cdb7237a597bd59ee86011ed4882b table="pages" seconds=5.402e-6 stage="query_runtime"
2026-09-09T20:34:49.014047Z DEBUG transparent_shard_server::service: query stage revision=be059aab39ac34125e0452548d6fbcfb1e7cdb7237a597bd59ee86011ed4882b table="pages" seconds=1.3844e-5 stage="query_dispatch"
2026-09-09T20:34:49.028862Z DEBUG transparent_shard_server::service: query stage revision=be059aab39ac34125e0452548d6fbcfb1e7cdb7237a597bd59ee86011ed4882b table="pages" seconds=0.014809192 stage="query_evaluate"
2026-09-09T20:34:49.028862Z DEBUG transparent_shard_server::service: query stage revision=be059aab39ac34125e0452548d6fbcfb1e7cdb7237a597bd59ee86011ed4882b table="pages" seconds=3.074e-6 stage="query_admission"
2026-09-09T20:34:49.028941Z DEBUG transparent_shard_server::service: query stage revision=be059aab39ac34125e0452548d6fbcfb1e7cdb7237a597bd59ee86011ed4882b table="pages" seconds=2.3358e-5 stage="query_runtime"
2026-09-09T20:34:49.029086Z DEBUG transparent_shard_server::service: query stage revision=be059aab39ac34125e0452548d6fbcfb1e7cdb7237a597bd59ee86011ed4882b table="pages" seconds=3.6824e-5 stage="query_dispatch"
2026-09-09T20:34:49.044007Z DEBUG transparent_shard_server::service: query stage revision=be059aab39ac34125e0452548d6fbcfb1e7cdb7237a597bd59ee86011ed4882b table="pages" seconds=0.014911899 stage="query_evaluate"
2026-09-09T20:34:49.081270Z DEBUG transparent_shard_server::runtime: construction stage geometry="recent-8k" table="directory" seconds=2.036317302 stage="pack_preprocessing"
2026-09-09T20:34:49.081583Z DEBUG transparent_shard_server::runtime: construction stage geometry="recent-8k" table="directory" seconds=0.000275543 stage="publish_parameters"
2026-09-09T20:34:49.082382Z DEBUG transparent_shard_server::runtime: runtime stage key=("268f5c527d35817d37919707b04a706c850d449156baa071b5438dbf8eb53aec", Directory, 0) seconds=2.893594743 stage="runtime_build"
2026-09-09T20:34:49.086209Z DEBUG transparent_shard_server::runtime: runtime stage key=("268f5c527d35817d37919707b04a706c850d449156baa071b5438dbf8eb53aec", Pages, 0) seconds=3.042290568 stage="build_slot"
2026-09-09T20:34:49.086325Z DEBUG transparent_shard_server::memory: cold build admission wait seconds=9.9266e-5 admitted=true
2026-09-09T20:34:49.183568Z DEBUG transparent_shard_server::service: query stage revision=be059aab39ac34125e0452548d6fbcfb1e7cdb7237a597bd59ee86011ed4882b table="directory" seconds=2.311e-6 stage="query_admission"
2026-09-09T20:34:49.183594Z DEBUG transparent_shard_server::service: query stage revision=be059aab39ac34125e0452548d6fbcfb1e7cdb7237a597bd59ee86011ed4882b table="directory" seconds=4.885e-6 stage="query_runtime"
2026-09-09T20:34:49.184260Z DEBUG transparent_shard_server::service: query stage revision=be059aab39ac34125e0452548d6fbcfb1e7cdb7237a597bd59ee86011ed4882b table="directory" seconds=0.000576973 stage="query_dispatch"
2026-09-09T20:34:49.200524Z DEBUG transparent_shard_server::service: query stage revision=be059aab39ac34125e0452548d6fbcfb1e7cdb7237a597bd59ee86011ed4882b table="directory" seconds=2.602e-6 stage="query_admission"
2026-09-09T20:34:49.200569Z DEBUG transparent_shard_server::service: query stage revision=be059aab39ac34125e0452548d6fbcfb1e7cdb7237a597bd59ee86011ed4882b table="directory" seconds=7.054e-6 stage="query_runtime"
2026-09-09T20:34:49.200669Z DEBUG transparent_shard_server::service: query stage revision=be059aab39ac34125e0452548d6fbcfb1e7cdb7237a597bd59ee86011ed4882b table="directory" seconds=2.0994e-5 stage="query_dispatch"
2026-09-09T20:34:49.207535Z DEBUG transparent_shard_server::service: query stage revision=be059aab39ac34125e0452548d6fbcfb1e7cdb7237a597bd59ee86011ed4882b table="directory" seconds=0.023236872 stage="query_evaluate"
2026-09-09T20:34:49.222013Z DEBUG transparent_shard_server::service: query stage revision=be059aab39ac34125e0452548d6fbcfb1e7cdb7237a597bd59ee86011ed4882b table="directory" seconds=0.021331058 stage="query_evaluate"
2026-09-09T20:34:49.238502Z DEBUG transparent_shard_server::runtime: runtime stage key=("268f5c527d35817d37919707b04a706c850d449156baa071b5438dbf8eb53aec", Pages, 0) seconds=0.152021725 stage="source_load"
2026-09-09T20:34:49.364966Z DEBUG transparent_shard_server::service: query stage revision=be059aab39ac34125e0452548d6fbcfb1e7cdb7237a597bd59ee86011ed4882b table="pages" seconds=3.437e-6 stage="query_admission"
2026-09-09T20:34:49.364999Z DEBUG transparent_shard_server::service: query stage revision=be059aab39ac34125e0452548d6fbcfb1e7cdb7237a597bd59ee86011ed4882b table="pages" seconds=7.309e-6 stage="query_runtime"
2026-09-09T20:34:49.365101Z DEBUG transparent_shard_server::service: query stage revision=be059aab39ac34125e0452548d6fbcfb1e7cdb7237a597bd59ee86011ed4882b table="pages" seconds=2.3851e-5 stage="query_dispatch"
2026-09-09T20:34:49.381509Z DEBUG transparent_shard_server::service: query stage revision=be059aab39ac34125e0452548d6fbcfb1e7cdb7237a597bd59ee86011ed4882b table="pages" seconds=3.585e-6 stage="query_admission"
2026-09-09T20:34:49.381563Z DEBUG transparent_shard_server::service: query stage revision=be059aab39ac34125e0452548d6fbcfb1e7cdb7237a597bd59ee86011ed4882b table="pages" seconds=7.509e-6 stage="query_runtime"
2026-09-09T20:34:49.381701Z DEBUG transparent_shard_server::service: query stage revision=be059aab39ac34125e0452548d6fbcfb1e7cdb7237a597bd59ee86011ed4882b table="pages" seconds=3.909e-5 stage="query_dispatch"
2026-09-09T20:34:49.391151Z DEBUG transparent_shard_server::service: query stage revision=be059aab39ac34125e0452548d6fbcfb1e7cdb7237a597bd59ee86011ed4882b table="pages" seconds=0.026028638 stage="query_evaluate"
2026-09-09T20:34:49.404798Z DEBUG transparent_shard_server::service: query stage revision=be059aab39ac34125e0452548d6fbcfb1e7cdb7237a597bd59ee86011ed4882b table="pages" seconds=0.023079079 stage="query_evaluate"
2026-09-09T20:34:49.547307Z DEBUG transparent_shard_server::service: query stage revision=be059aab39ac34125e0452548d6fbcfb1e7cdb7237a597bd59ee86011ed4882b table="directory" seconds=2.672e-6 stage="query_admission"
2026-09-09T20:34:49.547339Z DEBUG transparent_shard_server::service: query stage revision=be059aab39ac34125e0452548d6fbcfb1e7cdb7237a597bd59ee86011ed4882b table="directory" seconds=4.447e-6 stage="query_runtime"
2026-09-09T20:34:49.547462Z DEBUG transparent_shard_server::service: query stage revision=be059aab39ac34125e0452548d6fbcfb1e7cdb7237a597bd59ee86011ed4882b table="directory" seconds=1.2737e-5 stage="query_dispatch"
2026-09-09T20:34:49.550079Z DEBUG transparent_shard_server::runtime: construction stage geometry="recent-8k" table="pages" seconds=0.311549757 stage="encode_database"
2026-09-09T20:34:49.550191Z DEBUG transparent_shard_server::runtime: construction stage geometry="recent-8k" table="pages" seconds=8.9097e-5 stage="public_setup"
2026-09-09T20:34:49.566472Z DEBUG transparent_shard_server::service: query stage revision=be059aab39ac34125e0452548d6fbcfb1e7cdb7237a597bd59ee86011ed4882b table="directory" seconds=1.968e-6 stage="query_admission"
2026-09-09T20:34:49.566504Z DEBUG transparent_shard_server::service: query stage revision=be059aab39ac34125e0452548d6fbcfb1e7cdb7237a597bd59ee86011ed4882b table="directory" seconds=4.572e-6 stage="query_runtime"
2026-09-09T20:34:49.566597Z DEBUG transparent_shard_server::service: query stage revision=be059aab39ac34125e0452548d6fbcfb1e7cdb7237a597bd59ee86011ed4882b table="directory" seconds=1.7383e-5 stage="query_dispatch"
2026-09-09T20:34:49.750848Z DEBUG transparent_shard_server::runtime: runtime stage key=("268f5c527d35817d37919707b04a706c850d449156baa071b5438dbf8eb53aec", Directory, 0) seconds=0.668426442 stage="disk_save"
2026-09-09T20:34:50.157066Z DEBUG transparent_shard_server::service: query stage revision=be059aab39ac34125e0452548d6fbcfb1e7cdb7237a597bd59ee86011ed4882b table="directory" seconds=0.609595376 stage="query_evaluate"
2026-09-09T20:34:50.157297Z DEBUG transparent_shard_server::runtime: construction stage geometry="recent-8k" table="pages" seconds=0.60709937 stage="hint_columns"
2026-09-09T20:34:50.157762Z DEBUG transparent_shard_server::service: query stage revision=be059aab39ac34125e0452548d6fbcfb1e7cdb7237a597bd59ee86011ed4882b table="directory" seconds=0.591144592 stage="query_evaluate"
2026-09-09T20:34:50.313401Z DEBUG transparent_shard_server::service: query stage revision=be059aab39ac34125e0452548d6fbcfb1e7cdb7237a597bd59ee86011ed4882b table="pages" seconds=2.183e-6 stage="query_admission"
2026-09-09T20:34:50.313439Z DEBUG transparent_shard_server::service: query stage revision=be059aab39ac34125e0452548d6fbcfb1e7cdb7237a597bd59ee86011ed4882b table="pages" seconds=4.637e-6 stage="query_runtime"
2026-09-09T20:34:50.313547Z DEBUG transparent_shard_server::service: query stage revision=be059aab39ac34125e0452548d6fbcfb1e7cdb7237a597bd59ee86011ed4882b table="pages" seconds=3.1652e-5 stage="query_dispatch"
2026-09-09T20:34:50.313973Z DEBUG transparent_shard_server::service: query stage revision=be059aab39ac34125e0452548d6fbcfb1e7cdb7237a597bd59ee86011ed4882b table="pages" seconds=1.822e-6 stage="query_admission"
2026-09-09T20:34:50.314003Z DEBUG transparent_shard_server::service: query stage revision=be059aab39ac34125e0452548d6fbcfb1e7cdb7237a597bd59ee86011ed4882b table="pages" seconds=2.988e-6 stage="query_runtime"
2026-09-09T20:34:50.316457Z DEBUG transparent_shard_server::service: query stage revision=be059aab39ac34125e0452548d6fbcfb1e7cdb7237a597bd59ee86011ed4882b table="pages" seconds=0.002386029 stage="query_dispatch"
2026-09-09T20:34:50.330643Z DEBUG transparent_shard_server::service: query stage revision=be059aab39ac34125e0452548d6fbcfb1e7cdb7237a597bd59ee86011ed4882b table="pages" seconds=0.017067825 stage="query_evaluate"
2026-09-09T20:34:50.330652Z DEBUG transparent_shard_server::service: query stage revision=be059aab39ac34125e0452548d6fbcfb1e7cdb7237a597bd59ee86011ed4882b table="pages" seconds=0.014170914 stage="query_evaluate"
2026-09-09T20:34:50.485885Z DEBUG transparent_shard_server::service: query stage revision=be059aab39ac34125e0452548d6fbcfb1e7cdb7237a597bd59ee86011ed4882b table="directory" seconds=2.547e-6 stage="query_admission"
2026-09-09T20:34:50.485922Z DEBUG transparent_shard_server::service: query stage revision=be059aab39ac34125e0452548d6fbcfb1e7cdb7237a597bd59ee86011ed4882b table="directory" seconds=5.275e-6 stage="query_runtime"
2026-09-09T20:34:50.486012Z DEBUG transparent_shard_server::service: query stage revision=be059aab39ac34125e0452548d6fbcfb1e7cdb7237a597bd59ee86011ed4882b table="directory" seconds=1.2435e-5 stage="query_dispatch"
2026-09-09T20:34:50.488758Z DEBUG transparent_shard_server::service: query stage revision=be059aab39ac34125e0452548d6fbcfb1e7cdb7237a597bd59ee86011ed4882b table="directory" seconds=2.05e-6 stage="query_admission"
2026-09-09T20:34:50.488788Z DEBUG transparent_shard_server::service: query stage revision=be059aab39ac34125e0452548d6fbcfb1e7cdb7237a597bd59ee86011ed4882b table="directory" seconds=3.891e-6 stage="query_runtime"
2026-09-09T20:34:50.488882Z DEBUG transparent_shard_server::service: query stage revision=be059aab39ac34125e0452548d6fbcfb1e7cdb7237a597bd59ee86011ed4882b table="directory" seconds=2.1589e-5 stage="query_dispatch"
2026-09-09T20:34:50.503497Z DEBUG transparent_shard_server::service: query stage revision=be059aab39ac34125e0452548d6fbcfb1e7cdb7237a597bd59ee86011ed4882b table="directory" seconds=0.017463488 stage="query_evaluate"
2026-09-09T20:34:50.504266Z DEBUG transparent_shard_server::service: query stage revision=be059aab39ac34125e0452548d6fbcfb1e7cdb7237a597bd59ee86011ed4882b table="directory" seconds=0.015362343 stage="query_evaluate"
2026-09-09T20:34:50.660008Z DEBUG transparent_shard_server::service: query stage revision=be059aab39ac34125e0452548d6fbcfb1e7cdb7237a597bd59ee86011ed4882b table="pages" seconds=2.818e-6 stage="query_admission"
2026-09-09T20:34:50.660043Z DEBUG transparent_shard_server::service: query stage revision=be059aab39ac34125e0452548d6fbcfb1e7cdb7237a597bd59ee86011ed4882b table="pages" seconds=4.891e-6 stage="query_runtime"
2026-09-09T20:34:50.660191Z DEBUG transparent_shard_server::service: query stage revision=be059aab39ac34125e0452548d6fbcfb1e7cdb7237a597bd59ee86011ed4882b table="pages" seconds=7.7559e-5 stage="query_dispatch"
2026-09-09T20:34:50.660344Z DEBUG transparent_shard_server::service: query stage revision=be059aab39ac34125e0452548d6fbcfb1e7cdb7237a597bd59ee86011ed4882b table="pages" seconds=1.394e-6 stage="query_admission"
2026-09-09T20:34:50.660357Z DEBUG transparent_shard_server::service: query stage revision=be059aab39ac34125e0452548d6fbcfb1e7cdb7237a597bd59ee86011ed4882b table="pages" seconds=2.773e-6 stage="query_runtime"
2026-09-09T20:34:50.660423Z DEBUG transparent_shard_server::service: query stage revision=be059aab39ac34125e0452548d6fbcfb1e7cdb7237a597bd59ee86011ed4882b table="pages" seconds=2.4327e-5 stage="query_dispatch"
2026-09-09T20:34:50.677124Z DEBUG transparent_shard_server::service: query stage revision=be059aab39ac34125e0452548d6fbcfb1e7cdb7237a597bd59ee86011ed4882b table="pages" seconds=0.01669392 stage="query_evaluate"
2026-09-09T20:34:50.677841Z DEBUG transparent_shard_server::service: query stage revision=be059aab39ac34125e0452548d6fbcfb1e7cdb7237a597bd59ee86011ed4882b table="pages" seconds=0.01762164 stage="query_evaluate"
2026-09-09T20:34:50.830709Z DEBUG transparent_shard_server::service: query stage revision=be059aab39ac34125e0452548d6fbcfb1e7cdb7237a597bd59ee86011ed4882b table="directory" seconds=2.727e-6 stage="query_admission"
2026-09-09T20:34:50.830748Z DEBUG transparent_shard_server::service: query stage revision=be059aab39ac34125e0452548d6fbcfb1e7cdb7237a597bd59ee86011ed4882b table="directory" seconds=4.981e-6 stage="query_runtime"
2026-09-09T20:34:50.830862Z DEBUG transparent_shard_server::service: query stage revision=be059aab39ac34125e0452548d6fbcfb1e7cdb7237a597bd59ee86011ed4882b table="directory" seconds=3.4844e-5 stage="query_dispatch"
2026-09-09T20:34:50.830990Z DEBUG transparent_shard_server::service: query stage revision=be059aab39ac34125e0452548d6fbcfb1e7cdb7237a597bd59ee86011ed4882b table="directory" seconds=9.76e-7 stage="query_admission"
2026-09-09T20:34:50.830999Z DEBUG transparent_shard_server::service: query stage revision=be059aab39ac34125e0452548d6fbcfb1e7cdb7237a597bd59ee86011ed4882b table="directory" seconds=2.21e-6 stage="query_runtime"
2026-09-09T20:34:50.831049Z DEBUG transparent_shard_server::service: query stage revision=be059aab39ac34125e0452548d6fbcfb1e7cdb7237a597bd59ee86011ed4882b table="directory" seconds=1.26e-5 stage="query_dispatch"
2026-09-09T20:34:50.846632Z DEBUG transparent_shard_server::service: query stage revision=be059aab39ac34125e0452548d6fbcfb1e7cdb7237a597bd59ee86011ed4882b table="directory" seconds=0.01574692 stage="query_evaluate"
2026-09-09T20:34:50.847578Z DEBUG transparent_shard_server::service: query stage revision=be059aab39ac34125e0452548d6fbcfb1e7cdb7237a597bd59ee86011ed4882b table="directory" seconds=0.016522766 stage="query_evaluate"
2026-09-09T20:34:51.007489Z DEBUG transparent_shard_server::service: query stage revision=be059aab39ac34125e0452548d6fbcfb1e7cdb7237a597bd59ee86011ed4882b table="pages" seconds=2.536e-6 stage="query_admission"
2026-09-09T20:34:51.007526Z DEBUG transparent_shard_server::service: query stage revision=be059aab39ac34125e0452548d6fbcfb1e7cdb7237a597bd59ee86011ed4882b table="pages" seconds=5.282e-6 stage="query_runtime"
2026-09-09T20:34:51.007700Z DEBUG transparent_shard_server::service: query stage revision=be059aab39ac34125e0452548d6fbcfb1e7cdb7237a597bd59ee86011ed4882b table="pages" seconds=8.42e-7 stage="query_admission"
2026-09-09T20:34:51.007708Z DEBUG transparent_shard_server::service: query stage revision=be059aab39ac34125e0452548d6fbcfb1e7cdb7237a597bd59ee86011ed4882b table="pages" seconds=2.316e-6 stage="query_runtime"
2026-09-09T20:34:51.007747Z DEBUG transparent_shard_server::service: query stage revision=be059aab39ac34125e0452548d6fbcfb1e7cdb7237a597bd59ee86011ed4882b table="pages" seconds=0.000149271 stage="query_dispatch"
2026-09-09T20:34:51.011200Z DEBUG transparent_shard_server::service: query stage revision=be059aab39ac34125e0452548d6fbcfb1e7cdb7237a597bd59ee86011ed4882b table="pages" seconds=0.003459912 stage="query_dispatch"
2026-09-09T20:34:51.079590Z DEBUG transparent_shard_server::service: query stage revision=be059aab39ac34125e0452548d6fbcfb1e7cdb7237a597bd59ee86011ed4882b table="pages" seconds=0.068360659 stage="query_evaluate"
2026-09-09T20:34:51.084567Z DEBUG transparent_shard_server::service: query stage revision=be059aab39ac34125e0452548d6fbcfb1e7cdb7237a597bd59ee86011ed4882b table="pages" seconds=0.076812696 stage="query_evaluate"
2026-09-09T20:34:51.240346Z DEBUG transparent_shard_server::service: query stage revision=be059aab39ac34125e0452548d6fbcfb1e7cdb7237a597bd59ee86011ed4882b table="directory" seconds=2.298e-6 stage="query_admission"
2026-09-09T20:34:51.240384Z DEBUG transparent_shard_server::service: query stage revision=be059aab39ac34125e0452548d6fbcfb1e7cdb7237a597bd59ee86011ed4882b table="directory" seconds=6.089e-6 stage="query_runtime"
2026-09-09T20:34:51.240499Z DEBUG transparent_shard_server::service: query stage revision=be059aab39ac34125e0452548d6fbcfb1e7cdb7237a597bd59ee86011ed4882b table="directory" seconds=3.4726e-5 stage="query_dispatch"
2026-09-09T20:34:51.240945Z DEBUG transparent_shard_server::service: query stage revision=be059aab39ac34125e0452548d6fbcfb1e7cdb7237a597bd59ee86011ed4882b table="directory" seconds=1.369e-6 stage="query_admission"
2026-09-09T20:34:51.240957Z DEBUG transparent_shard_server::service: query stage revision=be059aab39ac34125e0452548d6fbcfb1e7cdb7237a597bd59ee86011ed4882b table="directory" seconds=2.407e-6 stage="query_runtime"
2026-09-09T20:34:51.243172Z DEBUG transparent_shard_server::service: query stage revision=be059aab39ac34125e0452548d6fbcfb1e7cdb7237a597bd59ee86011ed4882b table="directory" seconds=0.002169939 stage="query_dispatch"
2026-09-09T20:34:51.256565Z DEBUG transparent_shard_server::service: query stage revision=be059aab39ac34125e0452548d6fbcfb1e7cdb7237a597bd59ee86011ed4882b table="directory" seconds=0.01337137 stage="query_evaluate"
2026-09-09T20:34:51.264781Z DEBUG transparent_shard_server::service: query stage revision=be059aab39ac34125e0452548d6fbcfb1e7cdb7237a597bd59ee86011ed4882b table="directory" seconds=0.024239964 stage="query_evaluate"
2026-09-09T20:34:51.414259Z DEBUG transparent_shard_server::service: query stage revision=be059aab39ac34125e0452548d6fbcfb1e7cdb7237a597bd59ee86011ed4882b table="pages" seconds=2.713e-6 stage="query_admission"
2026-09-09T20:34:51.414294Z DEBUG transparent_shard_server::service: query stage revision=be059aab39ac34125e0452548d6fbcfb1e7cdb7237a597bd59ee86011ed4882b table="pages" seconds=4.302e-6 stage="query_runtime"
2026-09-09T20:34:51.414397Z DEBUG transparent_shard_server::service: query stage revision=be059aab39ac34125e0452548d6fbcfb1e7cdb7237a597bd59ee86011ed4882b table="pages" seconds=1.2843e-5 stage="query_dispatch"
2026-09-09T20:34:51.422345Z DEBUG transparent_shard_server::service: query stage revision=be059aab39ac34125e0452548d6fbcfb1e7cdb7237a597bd59ee86011ed4882b table="pages" seconds=2.819e-6 stage="query_admission"
2026-09-09T20:34:51.422381Z DEBUG transparent_shard_server::service: query stage revision=be059aab39ac34125e0452548d6fbcfb1e7cdb7237a597bd59ee86011ed4882b table="pages" seconds=6.158e-6 stage="query_runtime"
2026-09-09T20:34:51.422468Z DEBUG transparent_shard_server::service: query stage revision=be059aab39ac34125e0452548d6fbcfb1e7cdb7237a597bd59ee86011ed4882b table="pages" seconds=1.5677e-5 stage="query_dispatch"
2026-09-09T20:34:51.431297Z DEBUG transparent_shard_server::service: query stage revision=be059aab39ac34125e0452548d6fbcfb1e7cdb7237a597bd59ee86011ed4882b table="pages" seconds=0.016891644 stage="query_evaluate"
2026-09-09T20:34:51.440277Z DEBUG transparent_shard_server::service: query stage revision=be059aab39ac34125e0452548d6fbcfb1e7cdb7237a597bd59ee86011ed4882b table="pages" seconds=0.017788431 stage="query_evaluate"
2026-09-09T20:34:51.587300Z DEBUG transparent_shard_server::service: query stage revision=be059aab39ac34125e0452548d6fbcfb1e7cdb7237a597bd59ee86011ed4882b table="directory" seconds=2.138e-6 stage="query_admission"
2026-09-09T20:34:51.587335Z DEBUG transparent_shard_server::service: query stage revision=be059aab39ac34125e0452548d6fbcfb1e7cdb7237a597bd59ee86011ed4882b table="directory" seconds=5.233e-6 stage="query_runtime"
2026-09-09T20:34:51.587404Z DEBUG transparent_shard_server::service: query stage revision=be059aab39ac34125e0452548d6fbcfb1e7cdb7237a597bd59ee86011ed4882b table="directory" seconds=1.9966e-5 stage="query_dispatch"
2026-09-09T20:34:51.595258Z DEBUG transparent_shard_server::service: query stage revision=be059aab39ac34125e0452548d6fbcfb1e7cdb7237a597bd59ee86011ed4882b table="directory" seconds=1.949e-6 stage="query_admission"
2026-09-09T20:34:51.595309Z DEBUG transparent_shard_server::service: query stage revision=be059aab39ac34125e0452548d6fbcfb1e7cdb7237a597bd59ee86011ed4882b table="directory" seconds=5.101e-6 stage="query_runtime"
2026-09-09T20:34:51.595397Z DEBUG transparent_shard_server::service: query stage revision=be059aab39ac34125e0452548d6fbcfb1e7cdb7237a597bd59ee86011ed4882b table="directory" seconds=1.5904e-5 stage="query_dispatch"
2026-09-09T20:34:51.602779Z DEBUG transparent_shard_server::service: query stage revision=be059aab39ac34125e0452548d6fbcfb1e7cdb7237a597bd59ee86011ed4882b table="directory" seconds=0.015345715 stage="query_evaluate"
2026-09-09T20:34:51.612994Z DEBUG transparent_shard_server::service: query stage revision=be059aab39ac34125e0452548d6fbcfb1e7cdb7237a597bd59ee86011ed4882b table="directory" seconds=0.017566399 stage="query_evaluate"
2026-09-09T20:34:51.758908Z DEBUG transparent_shard_server::service: query stage revision=be059aab39ac34125e0452548d6fbcfb1e7cdb7237a597bd59ee86011ed4882b table="pages" seconds=2.58e-6 stage="query_admission"
2026-09-09T20:34:51.758947Z DEBUG transparent_shard_server::service: query stage revision=be059aab39ac34125e0452548d6fbcfb1e7cdb7237a597bd59ee86011ed4882b table="pages" seconds=5.66e-6 stage="query_runtime"
2026-09-09T20:34:51.759245Z DEBUG transparent_shard_server::service: query stage revision=be059aab39ac34125e0452548d6fbcfb1e7cdb7237a597bd59ee86011ed4882b table="pages" seconds=0.000205349 stage="query_dispatch"
2026-09-09T20:34:51.770438Z DEBUG transparent_shard_server::service: query stage revision=be059aab39ac34125e0452548d6fbcfb1e7cdb7237a597bd59ee86011ed4882b table="pages" seconds=2.167e-6 stage="query_admission"
2026-09-09T20:34:51.770475Z DEBUG transparent_shard_server::service: query stage revision=be059aab39ac34125e0452548d6fbcfb1e7cdb7237a597bd59ee86011ed4882b table="pages" seconds=4.553e-6 stage="query_runtime"
2026-09-09T20:34:51.770576Z DEBUG transparent_shard_server::service: query stage revision=be059aab39ac34125e0452548d6fbcfb1e7cdb7237a597bd59ee86011ed4882b table="pages" seconds=2.2938e-5 stage="query_dispatch"
2026-09-09T20:34:51.783834Z DEBUG transparent_shard_server::service: query stage revision=be059aab39ac34125e0452548d6fbcfb1e7cdb7237a597bd59ee86011ed4882b table="pages" seconds=0.013249473 stage="query_evaluate"
2026-09-09T20:34:51.783838Z DEBUG transparent_shard_server::service: query stage revision=be059aab39ac34125e0452548d6fbcfb1e7cdb7237a597bd59ee86011ed4882b table="pages" seconds=0.024582428 stage="query_evaluate"
2026-09-09T20:34:51.938118Z DEBUG transparent_shard_server::service: query stage revision=be059aab39ac34125e0452548d6fbcfb1e7cdb7237a597bd59ee86011ed4882b table="directory" seconds=2.405e-6 stage="query_admission"
2026-09-09T20:34:51.938157Z DEBUG transparent_shard_server::service: query stage revision=be059aab39ac34125e0452548d6fbcfb1e7cdb7237a597bd59ee86011ed4882b table="directory" seconds=5.42e-6 stage="query_runtime"
2026-09-09T20:34:51.938268Z DEBUG transparent_shard_server::service: query stage revision=be059aab39ac34125e0452548d6fbcfb1e7cdb7237a597bd59ee86011ed4882b table="directory" seconds=1.629e-6 stage="query_admission"
2026-09-09T20:34:51.938282Z DEBUG transparent_shard_server::service: query stage revision=be059aab39ac34125e0452548d6fbcfb1e7cdb7237a597bd59ee86011ed4882b table="directory" seconds=2.0066e-5 stage="query_dispatch"
2026-09-09T20:34:51.938310Z DEBUG transparent_shard_server::service: query stage revision=be059aab39ac34125e0452548d6fbcfb1e7cdb7237a597bd59ee86011ed4882b table="directory" seconds=2.1028e-5 stage="query_runtime"
2026-09-09T20:34:51.938395Z DEBUG transparent_shard_server::service: query stage revision=be059aab39ac34125e0452548d6fbcfb1e7cdb7237a597bd59ee86011ed4882b table="directory" seconds=2.3106e-5 stage="query_dispatch"
2026-09-09T20:34:51.960880Z DEBUG transparent_shard_server::service: query stage revision=be059aab39ac34125e0452548d6fbcfb1e7cdb7237a597bd59ee86011ed4882b table="directory" seconds=0.022475912 stage="query_evaluate"
2026-09-09T20:34:51.960880Z DEBUG transparent_shard_server::service: query stage revision=be059aab39ac34125e0452548d6fbcfb1e7cdb7237a597bd59ee86011ed4882b table="directory" seconds=0.022565545 stage="query_evaluate"
2026-09-09T20:34:52.117380Z DEBUG transparent_shard_server::service: query stage revision=be059aab39ac34125e0452548d6fbcfb1e7cdb7237a597bd59ee86011ed4882b table="pages" seconds=2.65e-6 stage="query_admission"
2026-09-09T20:34:52.117426Z DEBUG transparent_shard_server::service: query stage revision=be059aab39ac34125e0452548d6fbcfb1e7cdb7237a597bd59ee86011ed4882b table="pages" seconds=5.032e-6 stage="query_runtime"
2026-09-09T20:34:52.117528Z DEBUG transparent_shard_server::service: query stage revision=be059aab39ac34125e0452548d6fbcfb1e7cdb7237a597bd59ee86011ed4882b table="pages" seconds=3.5963e-5 stage="query_dispatch"
2026-09-09T20:34:52.117532Z DEBUG transparent_shard_server::service: query stage revision=be059aab39ac34125e0452548d6fbcfb1e7cdb7237a597bd59ee86011ed4882b table="pages" seconds=1.641e-6 stage="query_admission"
2026-09-09T20:34:52.117552Z DEBUG transparent_shard_server::service: query stage revision=be059aab39ac34125e0452548d6fbcfb1e7cdb7237a597bd59ee86011ed4882b table="pages" seconds=3.337e-6 stage="query_runtime"
2026-09-09T20:34:52.117662Z DEBUG transparent_shard_server::service: query stage revision=be059aab39ac34125e0452548d6fbcfb1e7cdb7237a597bd59ee86011ed4882b table="pages" seconds=1.1795e-5 stage="query_dispatch"
2026-09-09T20:34:52.124898Z DEBUG transparent_shard_server::runtime: construction stage geometry="recent-8k" table="pages" seconds=1.967573871 stage="pack_preprocessing"
2026-09-09T20:34:52.125229Z DEBUG transparent_shard_server::runtime: construction stage geometry="recent-8k" table="pages" seconds=0.000293797 stage="publish_parameters"
2026-09-09T20:34:52.125991Z DEBUG transparent_shard_server::runtime: runtime stage key=("268f5c527d35817d37919707b04a706c850d449156baa071b5438dbf8eb53aec", Pages, 0) seconds=2.887462402 stage="runtime_build"
2026-09-09T20:34:52.126047Z  INFO transparent_shard_server::service: prewarm finished warm=28 target=28 failed=0 seconds=6.082385243
2026-09-09T20:34:52.126093Z DEBUG transparent_shard_server::live: publication preparation stages map=12cbb58695cd66166197842d179b61598c15effb06ad32efcd899a13e36e7b10 loading_seconds=0.635409563 warming_seconds=6.082480172
2026-09-09T20:34:52.131907Z DEBUG transparent_shard_server::service: query stage revision=be059aab39ac34125e0452548d6fbcfb1e7cdb7237a597bd59ee86011ed4882b table="pages" seconds=0.014237353 stage="query_evaluate"
2026-09-09T20:34:52.140747Z DEBUG transparent_shard_server::service: query stage revision=be059aab39ac34125e0452548d6fbcfb1e7cdb7237a597bd59ee86011ed4882b table="pages" seconds=0.023212224 stage="query_evaluate"
2026-09-09T20:34:52.312092Z DEBUG transparent_shard_server::service: query stage revision=268f5c527d35817d37919707b04a706c850d449156baa071b5438dbf8eb53aec table="directory" seconds=2.332e-6 stage="query_admission"
2026-09-09T20:34:52.312127Z DEBUG transparent_shard_server::service: query stage revision=268f5c527d35817d37919707b04a706c850d449156baa071b5438dbf8eb53aec table="directory" seconds=6.281e-6 stage="query_runtime"
2026-09-09T20:34:52.312211Z DEBUG transparent_shard_server::service: query stage revision=268f5c527d35817d37919707b04a706c850d449156baa071b5438dbf8eb53aec table="directory" seconds=2.1833e-5 stage="query_dispatch"
2026-09-09T20:34:52.315392Z DEBUG transparent_shard_server::service: query stage revision=268f5c527d35817d37919707b04a706c850d449156baa071b5438dbf8eb53aec table="directory" seconds=1.797e-6 stage="query_admission"
2026-09-09T20:34:52.315414Z DEBUG transparent_shard_server::service: query stage revision=268f5c527d35817d37919707b04a706c850d449156baa071b5438dbf8eb53aec table="directory" seconds=3.978e-6 stage="query_runtime"
2026-09-09T20:34:52.318185Z DEBUG transparent_shard_server::service: query stage revision=268f5c527d35817d37919707b04a706c850d449156baa071b5438dbf8eb53aec table="directory" seconds=0.002691138 stage="query_dispatch"
2026-09-09T20:34:52.327784Z DEBUG transparent_shard_server::service: query stage revision=268f5c527d35817d37919707b04a706c850d449156baa071b5438dbf8eb53aec table="directory" seconds=0.015549806 stage="query_evaluate"
2026-09-09T20:34:52.336527Z DEBUG transparent_shard_server::service: query stage revision=268f5c527d35817d37919707b04a706c850d449156baa071b5438dbf8eb53aec table="directory" seconds=0.018322801 stage="query_evaluate"
2026-09-09T20:34:52.500362Z DEBUG transparent_shard_server::service: query stage revision=268f5c527d35817d37919707b04a706c850d449156baa071b5438dbf8eb53aec table="pages" seconds=2.463e-6 stage="query_admission"
2026-09-09T20:34:52.500391Z DEBUG transparent_shard_server::service: query stage revision=268f5c527d35817d37919707b04a706c850d449156baa071b5438dbf8eb53aec table="pages" seconds=4.788e-6 stage="query_runtime"
2026-09-09T20:34:52.500504Z DEBUG transparent_shard_server::service: query stage revision=268f5c527d35817d37919707b04a706c850d449156baa071b5438dbf8eb53aec table="pages" seconds=3.0564e-5 stage="query_dispatch"
2026-09-09T20:34:52.500523Z DEBUG transparent_shard_server::service: query stage revision=268f5c527d35817d37919707b04a706c850d449156baa071b5438dbf8eb53aec table="pages" seconds=1.448e-6 stage="query_admission"
2026-09-09T20:34:52.500538Z DEBUG transparent_shard_server::service: query stage revision=268f5c527d35817d37919707b04a706c850d449156baa071b5438dbf8eb53aec table="pages" seconds=3.411e-6 stage="query_runtime"
2026-09-09T20:34:52.500624Z DEBUG transparent_shard_server::service: query stage revision=268f5c527d35817d37919707b04a706c850d449156baa071b5438dbf8eb53aec table="pages" seconds=2.3614e-5 stage="query_dispatch"
2026-09-09T20:34:52.523917Z DEBUG transparent_shard_server::service: query stage revision=268f5c527d35817d37919707b04a706c850d449156baa071b5438dbf8eb53aec table="pages" seconds=0.023393149 stage="query_evaluate"
2026-09-09T20:34:52.524222Z DEBUG transparent_shard_server::service: query stage revision=268f5c527d35817d37919707b04a706c850d449156baa071b5438dbf8eb53aec table="pages" seconds=0.02358889 stage="query_evaluate"
2026-09-09T20:34:52.679221Z DEBUG transparent_shard_server::service: query stage revision=268f5c527d35817d37919707b04a706c850d449156baa071b5438dbf8eb53aec table="directory" seconds=2.275e-6 stage="query_admission"
2026-09-09T20:34:52.679254Z DEBUG transparent_shard_server::service: query stage revision=268f5c527d35817d37919707b04a706c850d449156baa071b5438dbf8eb53aec table="directory" seconds=5.582e-6 stage="query_runtime"
2026-09-09T20:34:52.679349Z DEBUG transparent_shard_server::service: query stage revision=268f5c527d35817d37919707b04a706c850d449156baa071b5438dbf8eb53aec table="directory" seconds=2.2715e-5 stage="query_dispatch"
2026-09-09T20:34:52.686440Z DEBUG transparent_shard_server::service: query stage revision=268f5c527d35817d37919707b04a706c850d449156baa071b5438dbf8eb53aec table="directory" seconds=2.398e-6 stage="query_admission"
2026-09-09T20:34:52.686475Z DEBUG transparent_shard_server::service: query stage revision=268f5c527d35817d37919707b04a706c850d449156baa071b5438dbf8eb53aec table="directory" seconds=5.177e-6 stage="query_runtime"
2026-09-09T20:34:52.687405Z DEBUG transparent_shard_server::service: query stage revision=268f5c527d35817d37919707b04a706c850d449156baa071b5438dbf8eb53aec table="directory" seconds=0.000848963 stage="query_dispatch"
2026-09-09T20:34:52.697033Z DEBUG transparent_shard_server::service: query stage revision=268f5c527d35817d37919707b04a706c850d449156baa071b5438dbf8eb53aec table="directory" seconds=0.009600492 stage="query_evaluate"
2026-09-09T20:34:52.697740Z DEBUG transparent_shard_server::service: query stage revision=268f5c527d35817d37919707b04a706c850d449156baa071b5438dbf8eb53aec table="directory" seconds=0.018372903 stage="query_evaluate"
2026-09-09T20:34:52.794848Z DEBUG transparent_shard_server::runtime: runtime stage key=("268f5c527d35817d37919707b04a706c850d449156baa071b5438dbf8eb53aec", Pages, 0) seconds=0.668749569 stage="disk_save"
test burst::publication_burst_under_exact_load ... ok

test result: ok. 1 passed; 0 failed; 0 ignored; 0 measured; 16 filtered out; finished in 103.52s

Finished with result: success
Main processes terminated with: code=exited/status=0
Service runtime: 1min 43.573s
CPU time consumed: 3min 46.551s
Memory peak: 1.8M
Memory swap peak: 0B
