Running as unit: transparent-full-burst-ff158c8b4244423ca33ba015ccd58f72.service; invocation ID: 0d138326235a482eb6945f50c903d363

running 1 test
2026-09-09T20:39:04.822762Z DEBUG transparent_shard_server::runtime: runtime stage key=("5b7ee9849d47f5ee67d04eb6ca4588beacf42dce75e5a1b481dfd02607b1fb20", Pages, 0) seconds=3.231e-6 stage="restore_slot"
2026-09-09T20:39:04.822796Z DEBUG transparent_shard_server::runtime: runtime stage key=("1f5d7213a380745d83cc554ad16bdf9e039a0304d0de0b71376828e1838d0ea4", Directory, 0) seconds=2.207e-6 stage="restore_slot"
2026-09-09T20:39:04.822842Z DEBUG transparent_shard_server::runtime: runtime stage key=("1f5d7213a380745d83cc554ad16bdf9e039a0304d0de0b71376828e1838d0ea4", Pages, 0) seconds=3.24e-6 stage="restore_slot"
2026-09-09T20:39:04.822753Z DEBUG transparent_shard_server::runtime: runtime stage key=("5b7ee9849d47f5ee67d04eb6ca4588beacf42dce75e5a1b481dfd02607b1fb20", Directory, 0) seconds=3.529e-6 stage="restore_slot"
2026-09-09T20:39:04.823278Z DEBUG transparent_shard_server::runtime: runtime stage key=("1f5d7213a380745d83cc554ad16bdf9e039a0304d0de0b71376828e1838d0ea4", Directory, 0) seconds=3.5129e-5 hit=false stage="disk_restore"
2026-09-09T20:39:04.823328Z DEBUG transparent_shard_server::runtime: runtime stage key=("5b7ee9849d47f5ee67d04eb6ca4588beacf42dce75e5a1b481dfd02607b1fb20", Pages, 0) seconds=1.0077e-5 hit=false stage="disk_restore"
2026-09-09T20:39:04.823332Z DEBUG transparent_shard_server::runtime: runtime stage key=("1f5d7213a380745d83cc554ad16bdf9e039a0304d0de0b71376828e1838d0ea4", Directory, 0) seconds=1.571e-6 stage="build_slot"
2026-09-09T20:39:04.823342Z DEBUG transparent_shard_server::runtime: runtime stage key=("1f5d7213a380745d83cc554ad16bdf9e039a0304d0de0b71376828e1838d0ea4", Pages, 0) seconds=1.0161e-5 hit=false stage="disk_restore"
2026-09-09T20:39:04.823394Z DEBUG transparent_shard_server::memory: cold build admission wait seconds=5.1687e-5 admitted=true
2026-09-09T20:39:04.823625Z DEBUG transparent_shard_server::runtime: runtime stage key=("5b7ee9849d47f5ee67d04eb6ca4588beacf42dce75e5a1b481dfd02607b1fb20", Directory, 0) seconds=2.8786e-5 hit=false stage="disk_restore"
2026-09-09T20:39:04.964374Z DEBUG transparent_shard_server::runtime: runtime stage key=("1f5d7213a380745d83cc554ad16bdf9e039a0304d0de0b71376828e1838d0ea4", Directory, 0) seconds=0.140783093 stage="source_load"
2026-09-09T20:39:05.261776Z DEBUG transparent_shard_server::runtime: construction stage geometry="recent-8k" table="directory" seconds=0.297362777 stage="encode_database"
2026-09-09T20:39:05.261905Z DEBUG transparent_shard_server::runtime: construction stage geometry="recent-8k" table="directory" seconds=8.9408e-5 stage="public_setup"
2026-09-09T20:39:05.821598Z DEBUG transparent_shard_server::runtime: construction stage geometry="recent-8k" table="directory" seconds=0.55968769 stage="hint_columns"
2026-09-09T20:39:07.779365Z DEBUG transparent_shard_server::runtime: construction stage geometry="recent-8k" table="directory" seconds=1.957731938 stage="pack_preprocessing"
2026-09-09T20:39:07.779675Z DEBUG transparent_shard_server::runtime: construction stage geometry="recent-8k" table="directory" seconds=0.000275115 stage="publish_parameters"
2026-09-09T20:39:07.781115Z DEBUG transparent_shard_server::runtime: runtime stage key=("1f5d7213a380745d83cc554ad16bdf9e039a0304d0de0b71376828e1838d0ea4", Directory, 0) seconds=2.816702121 stage="runtime_build"
2026-09-09T20:39:07.783042Z DEBUG transparent_shard_server::runtime: runtime stage key=("5b7ee9849d47f5ee67d04eb6ca4588beacf42dce75e5a1b481dfd02607b1fb20", Pages, 0) seconds=2.959635291 stage="build_slot"
2026-09-09T20:39:07.783137Z DEBUG transparent_shard_server::memory: cold build admission wait seconds=7.5381e-5 admitted=true
2026-09-09T20:39:07.783191Z DEBUG transparent_shard_server::runtime: runtime stage key=("ca7afe810c988a8b4b561668f3456a9f38d1fdbb0776614e07ddfeb1a2132000", Directory, 0) seconds=1.024e-6 stage="restore_slot"
2026-09-09T20:39:07.783352Z DEBUG transparent_shard_server::runtime: runtime stage key=("ca7afe810c988a8b4b561668f3456a9f38d1fdbb0776614e07ddfeb1a2132000", Directory, 0) seconds=3.1469e-5 hit=false stage="disk_restore"
2026-09-09T20:39:07.934403Z DEBUG transparent_shard_server::runtime: runtime stage key=("5b7ee9849d47f5ee67d04eb6ca4588beacf42dce75e5a1b481dfd02607b1fb20", Pages, 0) seconds=0.149178488 stage="source_load"
2026-09-09T20:39:08.232775Z DEBUG transparent_shard_server::runtime: construction stage geometry="recent-8k" table="pages" seconds=0.298343675 stage="encode_database"
2026-09-09T20:39:08.232915Z DEBUG transparent_shard_server::runtime: construction stage geometry="recent-8k" table="pages" seconds=9.7971e-5 stage="public_setup"
2026-09-09T20:39:08.512191Z DEBUG transparent_shard_server::runtime: runtime stage key=("1f5d7213a380745d83cc554ad16bdf9e039a0304d0de0b71376828e1838d0ea4", Directory, 0) seconds=0.729034959 stage="disk_save"
2026-09-09T20:39:08.802644Z DEBUG transparent_shard_server::runtime: construction stage geometry="recent-8k" table="pages" seconds=0.569721189 stage="hint_columns"
2026-09-09T20:39:10.770208Z DEBUG transparent_shard_server::runtime: construction stage geometry="recent-8k" table="pages" seconds=1.967525938 stage="pack_preprocessing"
2026-09-09T20:39:10.770511Z DEBUG transparent_shard_server::runtime: construction stage geometry="recent-8k" table="pages" seconds=0.000262157 stage="publish_parameters"
2026-09-09T20:39:10.771131Z DEBUG transparent_shard_server::runtime: runtime stage key=("5b7ee9849d47f5ee67d04eb6ca4588beacf42dce75e5a1b481dfd02607b1fb20", Pages, 0) seconds=2.836700997 stage="runtime_build"
2026-09-09T20:39:10.771255Z DEBUG transparent_shard_server::runtime: runtime stage key=("1f5d7213a380745d83cc554ad16bdf9e039a0304d0de0b71376828e1838d0ea4", Pages, 0) seconds=5.947847321 stage="build_slot"
2026-09-09T20:39:10.771366Z DEBUG transparent_shard_server::memory: cold build admission wait seconds=8.3361e-5 admitted=true
2026-09-09T20:39:10.774248Z DEBUG transparent_shard_server::runtime: runtime stage key=("ca7afe810c988a8b4b561668f3456a9f38d1fdbb0776614e07ddfeb1a2132000", Pages, 0) seconds=1.566e-6 stage="restore_slot"
2026-09-09T20:39:10.774383Z DEBUG transparent_shard_server::runtime: runtime stage key=("ca7afe810c988a8b4b561668f3456a9f38d1fdbb0776614e07ddfeb1a2132000", Pages, 0) seconds=4.1732e-5 hit=false stage="disk_restore"
2026-09-09T20:39:10.915797Z DEBUG transparent_shard_server::runtime: runtime stage key=("1f5d7213a380745d83cc554ad16bdf9e039a0304d0de0b71376828e1838d0ea4", Pages, 0) seconds=0.144324804 stage="source_load"
2026-09-09T20:39:11.218932Z DEBUG transparent_shard_server::runtime: construction stage geometry="recent-8k" table="pages" seconds=0.303100405 stage="encode_database"
2026-09-09T20:39:11.219022Z DEBUG transparent_shard_server::runtime: construction stage geometry="recent-8k" table="pages" seconds=5.6797e-5 stage="public_setup"
2026-09-09T20:39:11.496195Z DEBUG transparent_shard_server::runtime: runtime stage key=("5b7ee9849d47f5ee67d04eb6ca4588beacf42dce75e5a1b481dfd02607b1fb20", Pages, 0) seconds=0.725021179 stage="disk_save"
2026-09-09T20:39:11.828245Z DEBUG transparent_shard_server::runtime: construction stage geometry="recent-8k" table="pages" seconds=0.609216638 stage="hint_columns"
2026-09-09T20:39:13.794625Z DEBUG transparent_shard_server::runtime: construction stage geometry="recent-8k" table="pages" seconds=1.96633506 stage="pack_preprocessing"
2026-09-09T20:39:13.794929Z DEBUG transparent_shard_server::runtime: construction stage geometry="recent-8k" table="pages" seconds=0.000263063 stage="publish_parameters"
2026-09-09T20:39:13.795677Z DEBUG transparent_shard_server::runtime: runtime stage key=("1f5d7213a380745d83cc554ad16bdf9e039a0304d0de0b71376828e1838d0ea4", Pages, 0) seconds=2.879847383 stage="runtime_build"
2026-09-09T20:39:13.795750Z DEBUG transparent_shard_server::runtime: runtime stage key=("5b7ee9849d47f5ee67d04eb6ca4588beacf42dce75e5a1b481dfd02607b1fb20", Directory, 0) seconds=8.97209658 stage="build_slot"
2026-09-09T20:39:13.795772Z DEBUG transparent_shard_server::runtime: runtime stage key=("95df7205357fe2d9c962d2b41daded841e05afa7b6fc8d06dfec46ad04e15335", Directory, 0) seconds=1.346e-6 stage="restore_slot"
2026-09-09T20:39:13.795864Z DEBUG transparent_shard_server::memory: cold build admission wait seconds=8.7307e-5 admitted=true
2026-09-09T20:39:13.795914Z DEBUG transparent_shard_server::runtime: runtime stage key=("95df7205357fe2d9c962d2b41daded841e05afa7b6fc8d06dfec46ad04e15335", Directory, 0) seconds=3.0161e-5 hit=false stage="disk_restore"
2026-09-09T20:39:13.940425Z DEBUG transparent_shard_server::runtime: runtime stage key=("5b7ee9849d47f5ee67d04eb6ca4588beacf42dce75e5a1b481dfd02607b1fb20", Directory, 0) seconds=0.144529847 stage="source_load"
2026-09-09T20:39:14.242431Z DEBUG transparent_shard_server::runtime: construction stage geometry="recent-8k" table="directory" seconds=0.30196656 stage="encode_database"
2026-09-09T20:39:14.242533Z DEBUG transparent_shard_server::runtime: construction stage geometry="recent-8k" table="directory" seconds=7.1091e-5 stage="public_setup"
2026-09-09T20:39:14.510192Z DEBUG transparent_shard_server::runtime: runtime stage key=("1f5d7213a380745d83cc554ad16bdf9e039a0304d0de0b71376828e1838d0ea4", Pages, 0) seconds=0.714449497 stage="disk_save"
2026-09-09T20:39:14.805409Z DEBUG transparent_shard_server::runtime: construction stage geometry="recent-8k" table="directory" seconds=0.562868952 stage="hint_columns"
2026-09-09T20:39:16.796512Z DEBUG transparent_shard_server::runtime: construction stage geometry="recent-8k" table="directory" seconds=1.991062618 stage="pack_preprocessing"
2026-09-09T20:39:16.796841Z DEBUG transparent_shard_server::runtime: construction stage geometry="recent-8k" table="directory" seconds=0.000292798 stage="publish_parameters"
2026-09-09T20:39:16.797588Z DEBUG transparent_shard_server::runtime: runtime stage key=("5b7ee9849d47f5ee67d04eb6ca4588beacf42dce75e5a1b481dfd02607b1fb20", Directory, 0) seconds=2.857126152 stage="runtime_build"
2026-09-09T20:39:16.797768Z DEBUG transparent_shard_server::runtime: runtime stage key=("95df7205357fe2d9c962d2b41daded841e05afa7b6fc8d06dfec46ad04e15335", Pages, 0) seconds=1.517e-6 stage="restore_slot"
2026-09-09T20:39:16.797888Z DEBUG transparent_shard_server::runtime: runtime stage key=("ca7afe810c988a8b4b561668f3456a9f38d1fdbb0776614e07ddfeb1a2132000", Directory, 0) seconds=9.014486231 stage="build_slot"
2026-09-09T20:39:16.797920Z DEBUG transparent_shard_server::memory: cold build admission wait seconds=2.5645e-5 admitted=true
2026-09-09T20:39:16.797915Z DEBUG transparent_shard_server::runtime: runtime stage key=("95df7205357fe2d9c962d2b41daded841e05afa7b6fc8d06dfec46ad04e15335", Pages, 0) seconds=3.2282e-5 hit=false stage="disk_restore"
2026-09-09T20:39:16.933822Z DEBUG transparent_shard_server::runtime: runtime stage key=("ca7afe810c988a8b4b561668f3456a9f38d1fdbb0776614e07ddfeb1a2132000", Directory, 0) seconds=0.135883417 stage="source_load"
2026-09-09T20:39:17.227447Z DEBUG transparent_shard_server::runtime: construction stage geometry="recent-8k" table="directory" seconds=0.293569755 stage="encode_database"
2026-09-09T20:39:17.227561Z DEBUG transparent_shard_server::runtime: construction stage geometry="recent-8k" table="directory" seconds=7.675e-5 stage="public_setup"
2026-09-09T20:39:17.519950Z DEBUG transparent_shard_server::runtime: runtime stage key=("5b7ee9849d47f5ee67d04eb6ca4588beacf42dce75e5a1b481dfd02607b1fb20", Directory, 0) seconds=0.722189534 stage="disk_save"
2026-09-09T20:39:17.818868Z DEBUG transparent_shard_server::runtime: construction stage geometry="recent-8k" table="directory" seconds=0.591298409 stage="hint_columns"
2026-09-09T20:39:19.753968Z DEBUG transparent_shard_server::runtime: construction stage geometry="recent-8k" table="directory" seconds=1.9350425439999999 stage="pack_preprocessing"
2026-09-09T20:39:19.754287Z DEBUG transparent_shard_server::runtime: construction stage geometry="recent-8k" table="directory" seconds=0.000279104 stage="publish_parameters"
2026-09-09T20:39:19.754995Z DEBUG transparent_shard_server::runtime: runtime stage key=("ca7afe810c988a8b4b561668f3456a9f38d1fdbb0776614e07ddfeb1a2132000", Directory, 0) seconds=2.821137315 stage="runtime_build"
2026-09-09T20:39:19.755176Z DEBUG transparent_shard_server::runtime: runtime stage key=("73d46a59d0d03d7616f9a47e53b50448d4c5a3504e6e296600d8884c8c4403b8", Directory, 0) seconds=1.955e-6 stage="restore_slot"
2026-09-09T20:39:19.755296Z DEBUG transparent_shard_server::runtime: runtime stage key=("ca7afe810c988a8b4b561668f3456a9f38d1fdbb0776614e07ddfeb1a2132000", Pages, 0) seconds=8.980885491 stage="build_slot"
2026-09-09T20:39:19.755321Z DEBUG transparent_shard_server::runtime: runtime stage key=("73d46a59d0d03d7616f9a47e53b50448d4c5a3504e6e296600d8884c8c4403b8", Directory, 0) seconds=2.6644e-5 hit=false stage="disk_restore"
2026-09-09T20:39:19.755329Z DEBUG transparent_shard_server::memory: cold build admission wait seconds=2.5702e-5 admitted=true
2026-09-09T20:39:19.888835Z DEBUG transparent_shard_server::runtime: runtime stage key=("ca7afe810c988a8b4b561668f3456a9f38d1fdbb0776614e07ddfeb1a2132000", Pages, 0) seconds=0.133396845 stage="source_load"
2026-09-09T20:39:20.184786Z DEBUG transparent_shard_server::runtime: construction stage geometry="recent-8k" table="pages" seconds=0.295918311 stage="encode_database"
2026-09-09T20:39:20.184911Z DEBUG transparent_shard_server::runtime: construction stage geometry="recent-8k" table="pages" seconds=8.3349e-5 stage="public_setup"
2026-09-09T20:39:20.658515Z DEBUG transparent_shard_server::runtime: runtime stage key=("ca7afe810c988a8b4b561668f3456a9f38d1fdbb0776614e07ddfeb1a2132000", Directory, 0) seconds=0.903351835 stage="disk_save"
2026-09-09T20:39:20.793407Z DEBUG transparent_shard_server::runtime: construction stage geometry="recent-8k" table="pages" seconds=0.608489081 stage="hint_columns"
2026-09-09T20:39:22.729421Z DEBUG transparent_shard_server::runtime: construction stage geometry="recent-8k" table="pages" seconds=1.935969421 stage="pack_preprocessing"
2026-09-09T20:39:22.729720Z DEBUG transparent_shard_server::runtime: construction stage geometry="recent-8k" table="pages" seconds=0.000258741 stage="publish_parameters"
2026-09-09T20:39:22.730489Z DEBUG transparent_shard_server::runtime: runtime stage key=("ca7afe810c988a8b4b561668f3456a9f38d1fdbb0776614e07ddfeb1a2132000", Pages, 0) seconds=2.841622407 stage="runtime_build"
2026-09-09T20:39:22.730571Z DEBUG transparent_shard_server::runtime: runtime stage key=("73d46a59d0d03d7616f9a47e53b50448d4c5a3504e6e296600d8884c8c4403b8", Pages, 0) seconds=1.715e-6 stage="restore_slot"
2026-09-09T20:39:22.730698Z DEBUG transparent_shard_server::runtime: runtime stage key=("95df7205357fe2d9c962d2b41daded841e05afa7b6fc8d06dfec46ad04e15335", Directory, 0) seconds=8.934755741 stage="build_slot"
2026-09-09T20:39:22.730731Z DEBUG transparent_shard_server::memory: cold build admission wait seconds=2.5688e-5 admitted=true
2026-09-09T20:39:22.730888Z DEBUG transparent_shard_server::runtime: runtime stage key=("73d46a59d0d03d7616f9a47e53b50448d4c5a3504e6e296600d8884c8c4403b8", Pages, 0) seconds=4.2029e-5 hit=false stage="disk_restore"
2026-09-09T20:39:22.866823Z DEBUG transparent_shard_server::runtime: runtime stage key=("95df7205357fe2d9c962d2b41daded841e05afa7b6fc8d06dfec46ad04e15335", Directory, 0) seconds=0.135917065 stage="source_load"
2026-09-09T20:39:23.156056Z DEBUG transparent_shard_server::runtime: construction stage geometry="recent-8k" table="directory" seconds=0.289195662 stage="encode_database"
2026-09-09T20:39:23.156164Z DEBUG transparent_shard_server::runtime: construction stage geometry="recent-8k" table="directory" seconds=7.3319e-5 stage="public_setup"
2026-09-09T20:39:23.464198Z DEBUG transparent_shard_server::runtime: runtime stage key=("ca7afe810c988a8b4b561668f3456a9f38d1fdbb0776614e07ddfeb1a2132000", Pages, 0) seconds=0.733568473 stage="disk_save"
2026-09-09T20:39:23.734874Z DEBUG transparent_shard_server::runtime: construction stage geometry="recent-8k" table="directory" seconds=0.578701928 stage="hint_columns"
2026-09-09T20:39:25.651933Z DEBUG transparent_shard_server::runtime: construction stage geometry="recent-8k" table="directory" seconds=1.917019306 stage="pack_preprocessing"
2026-09-09T20:39:25.652264Z DEBUG transparent_shard_server::runtime: construction stage geometry="recent-8k" table="directory" seconds=0.000281139 stage="publish_parameters"
2026-09-09T20:39:25.653053Z DEBUG transparent_shard_server::runtime: runtime stage key=("95df7205357fe2d9c962d2b41daded841e05afa7b6fc8d06dfec46ad04e15335", Directory, 0) seconds=2.786194281 stage="runtime_build"
2026-09-09T20:39:25.653140Z DEBUG transparent_shard_server::runtime: runtime stage key=("95df7205357fe2d9c962d2b41daded841e05afa7b6fc8d06dfec46ad04e15335", Pages, 0) seconds=8.855103115 stage="build_slot"
2026-09-09T20:39:25.653229Z DEBUG transparent_shard_server::runtime: runtime stage key=("b16be2933ab920bc4745ea8917e5167a7a685c211e0b4febe88b4d3018f970bc", Directory, 0) seconds=1.076e-6 stage="restore_slot"
2026-09-09T20:39:25.653271Z DEBUG transparent_shard_server::memory: cold build admission wait seconds=0.000106935 admitted=true
2026-09-09T20:39:25.653394Z DEBUG transparent_shard_server::runtime: runtime stage key=("b16be2933ab920bc4745ea8917e5167a7a685c211e0b4febe88b4d3018f970bc", Directory, 0) seconds=2.1823e-5 hit=false stage="disk_restore"
2026-09-09T20:39:25.789010Z DEBUG transparent_shard_server::runtime: runtime stage key=("95df7205357fe2d9c962d2b41daded841e05afa7b6fc8d06dfec46ad04e15335", Pages, 0) seconds=0.1356899 stage="source_load"
2026-09-09T20:39:26.078627Z DEBUG transparent_shard_server::runtime: construction stage geometry="recent-8k" table="pages" seconds=0.289584056 stage="encode_database"
2026-09-09T20:39:26.078724Z DEBUG transparent_shard_server::runtime: construction stage geometry="recent-8k" table="pages" seconds=6.9208e-5 stage="public_setup"
2026-09-09T20:39:26.572801Z DEBUG transparent_shard_server::runtime: runtime stage key=("95df7205357fe2d9c962d2b41daded841e05afa7b6fc8d06dfec46ad04e15335", Directory, 0) seconds=0.91960112 stage="disk_save"
2026-09-09T20:39:26.690198Z DEBUG transparent_shard_server::runtime: construction stage geometry="recent-8k" table="pages" seconds=0.611467232 stage="hint_columns"
2026-09-09T20:39:28.611894Z DEBUG transparent_shard_server::runtime: construction stage geometry="recent-8k" table="pages" seconds=1.921656482 stage="pack_preprocessing"
2026-09-09T20:39:28.612214Z DEBUG transparent_shard_server::runtime: construction stage geometry="recent-8k" table="pages" seconds=0.000279703 stage="publish_parameters"
2026-09-09T20:39:28.613109Z DEBUG transparent_shard_server::runtime: runtime stage key=("95df7205357fe2d9c962d2b41daded841e05afa7b6fc8d06dfec46ad04e15335", Pages, 0) seconds=2.82406836 stage="runtime_build"
2026-09-09T20:39:28.613188Z DEBUG transparent_shard_server::runtime: runtime stage key=("73d46a59d0d03d7616f9a47e53b50448d4c5a3504e6e296600d8884c8c4403b8", Directory, 0) seconds=8.857840545 stage="build_slot"
2026-09-09T20:39:28.613297Z DEBUG transparent_shard_server::memory: cold build admission wait seconds=9.8551e-5 admitted=true
2026-09-09T20:39:28.613312Z DEBUG transparent_shard_server::runtime: runtime stage key=("b16be2933ab920bc4745ea8917e5167a7a685c211e0b4febe88b4d3018f970bc", Pages, 0) seconds=1.399e-6 stage="restore_slot"
2026-09-09T20:39:28.613424Z DEBUG transparent_shard_server::runtime: runtime stage key=("b16be2933ab920bc4745ea8917e5167a7a685c211e0b4febe88b4d3018f970bc", Pages, 0) seconds=1.583e-5 hit=false stage="disk_restore"
2026-09-09T20:39:28.751365Z DEBUG transparent_shard_server::runtime: runtime stage key=("73d46a59d0d03d7616f9a47e53b50448d4c5a3504e6e296600d8884c8c4403b8", Directory, 0) seconds=0.138047352 stage="source_load"
2026-09-09T20:39:29.059297Z DEBUG transparent_shard_server::runtime: construction stage geometry="recent-8k" table="directory" seconds=0.307898517 stage="encode_database"
2026-09-09T20:39:29.059402Z DEBUG transparent_shard_server::runtime: construction stage geometry="recent-8k" table="directory" seconds=7.2317e-5 stage="public_setup"
2026-09-09T20:39:29.523190Z DEBUG transparent_shard_server::runtime: runtime stage key=("95df7205357fe2d9c962d2b41daded841e05afa7b6fc8d06dfec46ad04e15335", Pages, 0) seconds=0.90998832 stage="disk_save"
2026-09-09T20:39:29.620696Z DEBUG transparent_shard_server::runtime: construction stage geometry="recent-8k" table="directory" seconds=0.561286081 stage="hint_columns"
2026-09-09T20:39:31.567288Z DEBUG transparent_shard_server::runtime: construction stage geometry="recent-8k" table="directory" seconds=1.9465491190000002 stage="pack_preprocessing"
2026-09-09T20:39:31.567621Z DEBUG transparent_shard_server::runtime: construction stage geometry="recent-8k" table="directory" seconds=0.000283113 stage="publish_parameters"
2026-09-09T20:39:31.568422Z DEBUG transparent_shard_server::runtime: runtime stage key=("73d46a59d0d03d7616f9a47e53b50448d4c5a3504e6e296600d8884c8c4403b8", Directory, 0) seconds=2.817026035 stage="runtime_build"
2026-09-09T20:39:31.568492Z DEBUG transparent_shard_server::runtime: runtime stage key=("73d46a59d0d03d7616f9a47e53b50448d4c5a3504e6e296600d8884c8c4403b8", Pages, 0) seconds=8.837291976 stage="build_slot"
2026-09-09T20:39:31.568609Z DEBUG transparent_shard_server::memory: cold build admission wait seconds=8.8187e-5 admitted=true
2026-09-09T20:39:31.569744Z DEBUG transparent_shard_server::runtime: runtime stage key=("16b8227360ce35dd2e111156f5e31fd5eb500ff877879a212fef6cf8471de8a5", Directory, 0) seconds=6.97e-7 stage="restore_slot"
2026-09-09T20:39:31.569825Z DEBUG transparent_shard_server::runtime: runtime stage key=("16b8227360ce35dd2e111156f5e31fd5eb500ff877879a212fef6cf8471de8a5", Directory, 0) seconds=3.0899e-5 hit=false stage="disk_restore"
2026-09-09T20:39:31.703869Z DEBUG transparent_shard_server::runtime: runtime stage key=("73d46a59d0d03d7616f9a47e53b50448d4c5a3504e6e296600d8884c8c4403b8", Pages, 0) seconds=0.135215015 stage="source_load"
2026-09-09T20:39:31.992388Z DEBUG transparent_shard_server::runtime: construction stage geometry="recent-8k" table="pages" seconds=0.288487297 stage="encode_database"
2026-09-09T20:39:31.992496Z DEBUG transparent_shard_server::runtime: construction stage geometry="recent-8k" table="pages" seconds=7.1666e-5 stage="public_setup"
2026-09-09T20:39:32.300237Z DEBUG transparent_shard_server::runtime: runtime stage key=("73d46a59d0d03d7616f9a47e53b50448d4c5a3504e6e296600d8884c8c4403b8", Directory, 0) seconds=0.731768841 stage="disk_save"
2026-09-09T20:39:32.598943Z DEBUG transparent_shard_server::runtime: construction stage geometry="recent-8k" table="pages" seconds=0.606439026 stage="hint_columns"
2026-09-09T20:39:34.508116Z DEBUG transparent_shard_server::runtime: construction stage geometry="recent-8k" table="pages" seconds=1.9091300580000001 stage="pack_preprocessing"
2026-09-09T20:39:34.508429Z DEBUG transparent_shard_server::runtime: construction stage geometry="recent-8k" table="pages" seconds=0.000272835 stage="publish_parameters"
2026-09-09T20:39:34.509213Z DEBUG transparent_shard_server::runtime: runtime stage key=("73d46a59d0d03d7616f9a47e53b50448d4c5a3504e6e296600d8884c8c4403b8", Pages, 0) seconds=2.8053135190000003 stage="runtime_build"
2026-09-09T20:39:34.509359Z DEBUG transparent_shard_server::runtime: runtime stage key=("16b8227360ce35dd2e111156f5e31fd5eb500ff877879a212fef6cf8471de8a5", Pages, 0) seconds=1.545e-6 stage="restore_slot"
2026-09-09T20:39:34.509495Z DEBUG transparent_shard_server::runtime: runtime stage key=("b16be2933ab920bc4745ea8917e5167a7a685c211e0b4febe88b4d3018f970bc", Directory, 0) seconds=8.85608746 stage="build_slot"
2026-09-09T20:39:34.509514Z DEBUG transparent_shard_server::runtime: runtime stage key=("16b8227360ce35dd2e111156f5e31fd5eb500ff877879a212fef6cf8471de8a5", Pages, 0) seconds=2.0133e-5 hit=false stage="disk_restore"
2026-09-09T20:39:34.509534Z DEBUG transparent_shard_server::memory: cold build admission wait seconds=2.8122e-5 admitted=true
2026-09-09T20:39:34.642450Z DEBUG transparent_shard_server::runtime: runtime stage key=("b16be2933ab920bc4745ea8917e5167a7a685c211e0b4febe88b4d3018f970bc", Directory, 0) seconds=0.132889613 stage="source_load"
2026-09-09T20:39:34.931407Z DEBUG transparent_shard_server::runtime: construction stage geometry="recent-8k" table="directory" seconds=0.288927722 stage="encode_database"
2026-09-09T20:39:34.931522Z DEBUG transparent_shard_server::runtime: construction stage geometry="recent-8k" table="directory" seconds=7.5623e-5 stage="public_setup"
2026-09-09T20:39:35.221191Z DEBUG transparent_shard_server::runtime: runtime stage key=("73d46a59d0d03d7616f9a47e53b50448d4c5a3504e6e296600d8884c8c4403b8", Pages, 0) seconds=0.711937177 stage="disk_save"
2026-09-09T20:39:35.495623Z DEBUG transparent_shard_server::runtime: construction stage geometry="recent-8k" table="directory" seconds=0.564094338 stage="hint_columns"
2026-09-09T20:39:37.427615Z DEBUG transparent_shard_server::runtime: construction stage geometry="recent-8k" table="directory" seconds=1.931951018 stage="pack_preprocessing"
2026-09-09T20:39:37.427916Z DEBUG transparent_shard_server::runtime: construction stage geometry="recent-8k" table="directory" seconds=0.000263833 stage="publish_parameters"
2026-09-09T20:39:37.428714Z DEBUG transparent_shard_server::runtime: runtime stage key=("b16be2933ab920bc4745ea8917e5167a7a685c211e0b4febe88b4d3018f970bc", Directory, 0) seconds=2.7862364509999997 stage="runtime_build"
2026-09-09T20:39:37.428824Z DEBUG transparent_shard_server::runtime: runtime stage key=("1cd27964911287b2a127c1f8df5e6b0c19f5b4db309391c5adb2db3072bfec6e", Directory, 0) seconds=1.971e-6 stage="restore_slot"
2026-09-09T20:39:37.428946Z DEBUG transparent_shard_server::runtime: runtime stage key=("b16be2933ab920bc4745ea8917e5167a7a685c211e0b4febe88b4d3018f970bc", Pages, 0) seconds=8.815485714 stage="build_slot"
2026-09-09T20:39:37.428976Z DEBUG transparent_shard_server::memory: cold build admission wait seconds=2.3638e-5 admitted=true
2026-09-09T20:39:37.428974Z DEBUG transparent_shard_server::runtime: runtime stage key=("1cd27964911287b2a127c1f8df5e6b0c19f5b4db309391c5adb2db3072bfec6e", Directory, 0) seconds=2.9046e-5 hit=false stage="disk_restore"
2026-09-09T20:39:37.578341Z DEBUG transparent_shard_server::runtime: runtime stage key=("b16be2933ab920bc4745ea8917e5167a7a685c211e0b4febe88b4d3018f970bc", Pages, 0) seconds=0.149347875 stage="source_load"
2026-09-09T20:39:37.872748Z DEBUG transparent_shard_server::runtime: construction stage geometry="recent-8k" table="pages" seconds=0.294354881 stage="encode_database"
2026-09-09T20:39:37.872872Z DEBUG transparent_shard_server::runtime: construction stage geometry="recent-8k" table="pages" seconds=8.889e-5 stage="public_setup"
2026-09-09T20:39:38.161198Z DEBUG transparent_shard_server::runtime: runtime stage key=("b16be2933ab920bc4745ea8917e5167a7a685c211e0b4febe88b4d3018f970bc", Directory, 0) seconds=0.73242468 stage="disk_save"
2026-09-09T20:39:38.512011Z DEBUG transparent_shard_server::runtime: construction stage geometry="recent-8k" table="pages" seconds=0.639132403 stage="hint_columns"
2026-09-09T20:39:40.465106Z DEBUG transparent_shard_server::runtime: construction stage geometry="recent-8k" table="pages" seconds=1.95304885 stage="pack_preprocessing"
2026-09-09T20:39:40.465409Z DEBUG transparent_shard_server::runtime: construction stage geometry="recent-8k" table="pages" seconds=0.00026236 stage="publish_parameters"
2026-09-09T20:39:40.466221Z DEBUG transparent_shard_server::runtime: runtime stage key=("b16be2933ab920bc4745ea8917e5167a7a685c211e0b4febe88b4d3018f970bc", Pages, 0) seconds=2.887830695 stage="runtime_build"
2026-09-09T20:39:40.466298Z DEBUG transparent_shard_server::runtime: runtime stage key=("1cd27964911287b2a127c1f8df5e6b0c19f5b4db309391c5adb2db3072bfec6e", Pages, 0) seconds=1.601e-6 stage="restore_slot"
2026-09-09T20:39:40.466409Z DEBUG transparent_shard_server::runtime: runtime stage key=("16b8227360ce35dd2e111156f5e31fd5eb500ff877879a212fef6cf8471de8a5", Directory, 0) seconds=8.896546879 stage="build_slot"
2026-09-09T20:39:40.466438Z DEBUG transparent_shard_server::memory: cold build admission wait seconds=2.2397e-5 admitted=true
2026-09-09T20:39:40.466499Z DEBUG transparent_shard_server::runtime: runtime stage key=("1cd27964911287b2a127c1f8df5e6b0c19f5b4db309391c5adb2db3072bfec6e", Pages, 0) seconds=3.3272e-5 hit=false stage="disk_restore"
2026-09-09T20:39:40.600234Z DEBUG transparent_shard_server::runtime: runtime stage key=("16b8227360ce35dd2e111156f5e31fd5eb500ff877879a212fef6cf8471de8a5", Directory, 0) seconds=0.133717058 stage="source_load"
2026-09-09T20:39:40.889972Z DEBUG transparent_shard_server::runtime: construction stage geometry="recent-8k" table="directory" seconds=0.289694167 stage="encode_database"
2026-09-09T20:39:40.890080Z DEBUG transparent_shard_server::runtime: construction stage geometry="recent-8k" table="directory" seconds=7.3634e-5 stage="public_setup"
2026-09-09T20:39:41.201763Z DEBUG transparent_shard_server::runtime: runtime stage key=("b16be2933ab920bc4745ea8917e5167a7a685c211e0b4febe88b4d3018f970bc", Pages, 0) seconds=0.735496901 stage="disk_save"
2026-09-09T20:39:41.478325Z DEBUG transparent_shard_server::runtime: construction stage geometry="recent-8k" table="directory" seconds=0.588237767 stage="hint_columns"
2026-09-09T20:39:43.368913Z DEBUG transparent_shard_server::runtime: construction stage geometry="recent-8k" table="directory" seconds=1.890548194 stage="pack_preprocessing"
2026-09-09T20:39:43.369207Z DEBUG transparent_shard_server::runtime: construction stage geometry="recent-8k" table="directory" seconds=0.000257134 stage="publish_parameters"
2026-09-09T20:39:43.369960Z DEBUG transparent_shard_server::runtime: runtime stage key=("16b8227360ce35dd2e111156f5e31fd5eb500ff877879a212fef6cf8471de8a5", Directory, 0) seconds=2.769683647 stage="runtime_build"
2026-09-09T20:39:43.370103Z DEBUG transparent_shard_server::runtime: runtime stage key=("16b8227360ce35dd2e111156f5e31fd5eb500ff877879a212fef6cf8471de8a5", Pages, 0) seconds=8.860555683 stage="build_slot"
2026-09-09T20:39:43.370205Z DEBUG transparent_shard_server::memory: cold build admission wait seconds=8.2387e-5 admitted=true
2026-09-09T20:39:43.371034Z DEBUG transparent_shard_server::runtime: runtime stage key=("27f56c565263ecffb8c7736d4e811665d81bf4ed71c7978431fcc4f45b645ee1", Directory, 0) seconds=5.86e-7 stage="restore_slot"
2026-09-09T20:39:43.371123Z DEBUG transparent_shard_server::runtime: runtime stage key=("27f56c565263ecffb8c7736d4e811665d81bf4ed71c7978431fcc4f45b645ee1", Directory, 0) seconds=3.5338e-5 hit=false stage="disk_restore"
2026-09-09T20:39:43.502924Z DEBUG transparent_shard_server::runtime: runtime stage key=("16b8227360ce35dd2e111156f5e31fd5eb500ff877879a212fef6cf8471de8a5", Pages, 0) seconds=0.132687707 stage="source_load"
2026-09-09T20:39:43.801626Z DEBUG transparent_shard_server::runtime: construction stage geometry="recent-8k" table="pages" seconds=0.298672541 stage="encode_database"
2026-09-09T20:39:43.801723Z DEBUG transparent_shard_server::runtime: construction stage geometry="recent-8k" table="pages" seconds=7.1612e-5 stage="public_setup"
2026-09-09T20:39:44.092205Z DEBUG transparent_shard_server::runtime: runtime stage key=("16b8227360ce35dd2e111156f5e31fd5eb500ff877879a212fef6cf8471de8a5", Directory, 0) seconds=0.722205246 stage="disk_save"
2026-09-09T20:39:44.411508Z DEBUG transparent_shard_server::runtime: construction stage geometry="recent-8k" table="pages" seconds=0.609778641 stage="hint_columns"
2026-09-09T20:39:46.306546Z DEBUG transparent_shard_server::runtime: construction stage geometry="recent-8k" table="pages" seconds=1.894987494 stage="pack_preprocessing"
2026-09-09T20:39:46.306912Z DEBUG transparent_shard_server::runtime: construction stage geometry="recent-8k" table="pages" seconds=0.000316092 stage="publish_parameters"
2026-09-09T20:39:46.307736Z DEBUG transparent_shard_server::runtime: runtime stage key=("16b8227360ce35dd2e111156f5e31fd5eb500ff877879a212fef6cf8471de8a5", Pages, 0) seconds=2.804783791 stage="runtime_build"
2026-09-09T20:39:46.307780Z DEBUG transparent_shard_server::runtime: runtime stage key=("1cd27964911287b2a127c1f8df5e6b0c19f5b4db309391c5adb2db3072bfec6e", Directory, 0) seconds=8.878715069 stage="build_slot"
2026-09-09T20:39:46.307863Z DEBUG transparent_shard_server::memory: cold build admission wait seconds=7.8125e-5 admitted=true
2026-09-09T20:39:46.308279Z DEBUG transparent_shard_server::runtime: runtime stage key=("27f56c565263ecffb8c7736d4e811665d81bf4ed71c7978431fcc4f45b645ee1", Pages, 0) seconds=1.037e-6 stage="restore_slot"
2026-09-09T20:39:46.308417Z DEBUG transparent_shard_server::runtime: runtime stage key=("27f56c565263ecffb8c7736d4e811665d81bf4ed71c7978431fcc4f45b645ee1", Pages, 0) seconds=4.1339e-5 hit=false stage="disk_restore"
2026-09-09T20:39:46.448647Z DEBUG transparent_shard_server::runtime: runtime stage key=("1cd27964911287b2a127c1f8df5e6b0c19f5b4db309391c5adb2db3072bfec6e", Directory, 0) seconds=0.140758706 stage="source_load"
2026-09-09T20:39:46.735752Z DEBUG transparent_shard_server::runtime: construction stage geometry="recent-8k" table="directory" seconds=0.287074508 stage="encode_database"
2026-09-09T20:39:46.735854Z DEBUG transparent_shard_server::runtime: construction stage geometry="recent-8k" table="directory" seconds=7.528e-5 stage="public_setup"
2026-09-09T20:39:47.222489Z DEBUG transparent_shard_server::runtime: runtime stage key=("16b8227360ce35dd2e111156f5e31fd5eb500ff877879a212fef6cf8471de8a5", Pages, 0) seconds=0.914539454 stage="disk_save"
2026-09-09T20:39:47.301142Z DEBUG transparent_shard_server::runtime: construction stage geometry="recent-8k" table="directory" seconds=0.56528248 stage="hint_columns"
2026-09-09T20:39:49.225428Z DEBUG transparent_shard_server::runtime: construction stage geometry="recent-8k" table="directory" seconds=1.9242377739999998 stage="pack_preprocessing"
2026-09-09T20:39:49.225699Z DEBUG transparent_shard_server::runtime: construction stage geometry="recent-8k" table="directory" seconds=0.000236127 stage="publish_parameters"
2026-09-09T20:39:49.226462Z DEBUG transparent_shard_server::runtime: runtime stage key=("1cd27964911287b2a127c1f8df5e6b0c19f5b4db309391c5adb2db3072bfec6e", Directory, 0) seconds=2.777787182 stage="runtime_build"
2026-09-09T20:39:49.226591Z DEBUG transparent_shard_server::runtime: runtime stage key=("1cd27964911287b2a127c1f8df5e6b0c19f5b4db309391c5adb2db3072bfec6e", Pages, 0) seconds=8.757380367 stage="build_slot"
2026-09-09T20:39:49.226682Z DEBUG transparent_shard_server::memory: cold build admission wait seconds=7.1112e-5 admitted=true
2026-09-09T20:39:49.226705Z DEBUG transparent_shard_server::runtime: runtime stage key=("ced665ae1f1140944bcd0c9aa2b83c1019df768df87fa513f9509106fc5b88c1", Directory, 0) seconds=5.03e-7 stage="restore_slot"
2026-09-09T20:39:49.226813Z DEBUG transparent_shard_server::runtime: runtime stage key=("ced665ae1f1140944bcd0c9aa2b83c1019df768df87fa513f9509106fc5b88c1", Directory, 0) seconds=3.3451e-5 hit=false stage="disk_restore"
2026-09-09T20:39:49.361420Z DEBUG transparent_shard_server::runtime: runtime stage key=("1cd27964911287b2a127c1f8df5e6b0c19f5b4db309391c5adb2db3072bfec6e", Pages, 0) seconds=0.134671798 stage="source_load"
2026-09-09T20:39:49.655870Z DEBUG transparent_shard_server::runtime: construction stage geometry="recent-8k" table="pages" seconds=0.294422555 stage="encode_database"
2026-09-09T20:39:49.655970Z DEBUG transparent_shard_server::runtime: construction stage geometry="recent-8k" table="pages" seconds=7.3242e-5 stage="public_setup"
2026-09-09T20:39:49.936215Z DEBUG transparent_shard_server::runtime: runtime stage key=("1cd27964911287b2a127c1f8df5e6b0c19f5b4db309391c5adb2db3072bfec6e", Directory, 0) seconds=0.709711992 stage="disk_save"
2026-09-09T20:39:50.263871Z DEBUG transparent_shard_server::runtime: construction stage geometry="recent-8k" table="pages" seconds=0.607894306 stage="hint_columns"
2026-09-09T20:39:52.167696Z DEBUG transparent_shard_server::runtime: construction stage geometry="recent-8k" table="pages" seconds=1.903784855 stage="pack_preprocessing"
2026-09-09T20:39:52.168006Z DEBUG transparent_shard_server::runtime: construction stage geometry="recent-8k" table="pages" seconds=0.000274054 stage="publish_parameters"
2026-09-09T20:39:52.168829Z DEBUG transparent_shard_server::runtime: runtime stage key=("1cd27964911287b2a127c1f8df5e6b0c19f5b4db309391c5adb2db3072bfec6e", Pages, 0) seconds=2.8073824529999998 stage="runtime_build"
2026-09-09T20:39:52.168897Z DEBUG transparent_shard_server::runtime: runtime stage key=("27f56c565263ecffb8c7736d4e811665d81bf4ed71c7978431fcc4f45b645ee1", Directory, 0) seconds=8.797726487 stage="build_slot"
2026-09-09T20:39:52.169025Z DEBUG transparent_shard_server::memory: cold build admission wait seconds=0.000105234 admitted=true
2026-09-09T20:39:52.169037Z DEBUG transparent_shard_server::runtime: runtime stage key=("ced665ae1f1140944bcd0c9aa2b83c1019df768df87fa513f9509106fc5b88c1", Pages, 0) seconds=1.678e-6 stage="restore_slot"
2026-09-09T20:39:52.169209Z DEBUG transparent_shard_server::runtime: runtime stage key=("ced665ae1f1140944bcd0c9aa2b83c1019df768df87fa513f9509106fc5b88c1", Pages, 0) seconds=3.5984e-5 hit=false stage="disk_restore"
2026-09-09T20:39:52.334207Z DEBUG transparent_shard_server::runtime: runtime stage key=("27f56c565263ecffb8c7736d4e811665d81bf4ed71c7978431fcc4f45b645ee1", Directory, 0) seconds=0.165152569 stage="source_load"
2026-09-09T20:39:52.631502Z DEBUG transparent_shard_server::runtime: construction stage geometry="recent-8k" table="directory" seconds=0.297258313 stage="encode_database"
2026-09-09T20:39:52.631641Z DEBUG transparent_shard_server::runtime: construction stage geometry="recent-8k" table="directory" seconds=0.000107135 stage="public_setup"
2026-09-09T20:39:52.910536Z DEBUG transparent_shard_server::runtime: runtime stage key=("1cd27964911287b2a127c1f8df5e6b0c19f5b4db309391c5adb2db3072bfec6e", Pages, 0) seconds=0.741625051 stage="disk_save"
2026-09-09T20:39:53.198799Z DEBUG transparent_shard_server::runtime: construction stage geometry="recent-8k" table="directory" seconds=0.567148501 stage="hint_columns"
2026-09-09T20:39:55.144528Z DEBUG transparent_shard_server::runtime: construction stage geometry="recent-8k" table="directory" seconds=1.945688368 stage="pack_preprocessing"
2026-09-09T20:39:55.144851Z DEBUG transparent_shard_server::runtime: construction stage geometry="recent-8k" table="directory" seconds=0.000279323 stage="publish_parameters"
2026-09-09T20:39:55.145665Z DEBUG transparent_shard_server::runtime: runtime stage key=("27f56c565263ecffb8c7736d4e811665d81bf4ed71c7978431fcc4f45b645ee1", Directory, 0) seconds=2.811422823 stage="runtime_build"
2026-09-09T20:39:55.145768Z DEBUG transparent_shard_server::runtime: runtime stage key=("2d4497bf9e8bafc6139ee4e57114238a7ecfa0782702939922bf2a79b1fe05bf", Directory, 0) seconds=1.64e-6 stage="restore_slot"
2026-09-09T20:39:55.145879Z DEBUG transparent_shard_server::runtime: runtime stage key=("27f56c565263ecffb8c7736d4e811665d81bf4ed71c7978431fcc4f45b645ee1", Pages, 0) seconds=8.837308665 stage="build_slot"
2026-09-09T20:39:55.145908Z DEBUG transparent_shard_server::memory: cold build admission wait seconds=2.2809e-5 admitted=true
2026-09-09T20:39:55.149258Z DEBUG transparent_shard_server::runtime: runtime stage key=("2d4497bf9e8bafc6139ee4e57114238a7ecfa0782702939922bf2a79b1fe05bf", Directory, 0) seconds=5.219e-5 hit=false stage="disk_restore"
2026-09-09T20:39:55.284955Z DEBUG transparent_shard_server::runtime: runtime stage key=("27f56c565263ecffb8c7736d4e811665d81bf4ed71c7978431fcc4f45b645ee1", Pages, 0) seconds=0.135660345 stage="source_load"
2026-09-09T20:39:55.584016Z DEBUG transparent_shard_server::runtime: construction stage geometry="recent-8k" table="pages" seconds=0.299025164 stage="encode_database"
2026-09-09T20:39:55.584130Z DEBUG transparent_shard_server::runtime: construction stage geometry="recent-8k" table="pages" seconds=7.5898e-5 stage="public_setup"
2026-09-09T20:39:56.050838Z DEBUG transparent_shard_server::runtime: runtime stage key=("27f56c565263ecffb8c7736d4e811665d81bf4ed71c7978431fcc4f45b645ee1", Directory, 0) seconds=0.905118089 stage="disk_save"
2026-09-09T20:39:56.189568Z DEBUG transparent_shard_server::runtime: construction stage geometry="recent-8k" table="pages" seconds=0.605430765 stage="hint_columns"
2026-09-09T20:39:58.095199Z DEBUG transparent_shard_server::runtime: construction stage geometry="recent-8k" table="pages" seconds=1.905588921 stage="pack_preprocessing"
2026-09-09T20:39:58.095528Z DEBUG transparent_shard_server::runtime: construction stage geometry="recent-8k" table="pages" seconds=0.000292592 stage="publish_parameters"
2026-09-09T20:39:58.096323Z DEBUG transparent_shard_server::runtime: runtime stage key=("27f56c565263ecffb8c7736d4e811665d81bf4ed71c7978431fcc4f45b645ee1", Pages, 0) seconds=2.811334152 stage="runtime_build"
2026-09-09T20:39:58.096393Z DEBUG transparent_shard_server::runtime: runtime stage key=("2d4497bf9e8bafc6139ee4e57114238a7ecfa0782702939922bf2a79b1fe05bf", Pages, 0) seconds=1.2e-6 stage="restore_slot"
2026-09-09T20:39:58.096481Z DEBUG transparent_shard_server::runtime: runtime stage key=("ced665ae1f1140944bcd0c9aa2b83c1019df768df87fa513f9509106fc5b88c1", Directory, 0) seconds=8.869633717 stage="build_slot"
2026-09-09T20:39:58.096509Z DEBUG transparent_shard_server::memory: cold build admission wait seconds=2.4065e-5 admitted=true
2026-09-09T20:39:58.096563Z DEBUG transparent_shard_server::runtime: runtime stage key=("2d4497bf9e8bafc6139ee4e57114238a7ecfa0782702939922bf2a79b1fe05bf", Pages, 0) seconds=6.5146e-5 hit=false stage="disk_restore"
2026-09-09T20:39:58.228058Z DEBUG transparent_shard_server::runtime: runtime stage key=("ced665ae1f1140944bcd0c9aa2b83c1019df768df87fa513f9509106fc5b88c1", Directory, 0) seconds=0.131534443 stage="source_load"
2026-09-09T20:39:58.524774Z DEBUG transparent_shard_server::runtime: construction stage geometry="recent-8k" table="directory" seconds=0.29669004 stage="encode_database"
2026-09-09T20:39:58.524959Z DEBUG transparent_shard_server::runtime: construction stage geometry="recent-8k" table="directory" seconds=0.000144441 stage="public_setup"
2026-09-09T20:39:58.811844Z DEBUG transparent_shard_server::runtime: runtime stage key=("27f56c565263ecffb8c7736d4e811665d81bf4ed71c7978431fcc4f45b645ee1", Pages, 0) seconds=0.715458891 stage="disk_save"
2026-09-09T20:39:59.090207Z DEBUG transparent_shard_server::runtime: construction stage geometry="recent-8k" table="directory" seconds=0.565240931 stage="hint_columns"
test burst::publication_burst_under_exact_load has been running for over 60 seconds
2026-09-09T20:40:00.980003Z DEBUG transparent_shard_server::runtime: construction stage geometry="recent-8k" table="directory" seconds=1.889756197 stage="pack_preprocessing"
2026-09-09T20:40:00.980315Z DEBUG transparent_shard_server::runtime: construction stage geometry="recent-8k" table="directory" seconds=0.000274118 stage="publish_parameters"
2026-09-09T20:40:00.981084Z DEBUG transparent_shard_server::runtime: runtime stage key=("ced665ae1f1140944bcd0c9aa2b83c1019df768df87fa513f9509106fc5b88c1", Directory, 0) seconds=2.753001505 stage="runtime_build"
2026-09-09T20:40:00.981123Z DEBUG transparent_shard_server::runtime: runtime stage key=("ced665ae1f1140944bcd0c9aa2b83c1019df768df87fa513f9509106fc5b88c1", Pages, 0) seconds=8.811872807 stage="build_slot"
2026-09-09T20:40:00.981240Z DEBUG transparent_shard_server::memory: cold build admission wait seconds=0.000113026 admitted=true
2026-09-09T20:40:00.982607Z DEBUG transparent_shard_server::runtime: runtime stage key=("a4bd72b37c0aafb265c77bb09cbc402cf69b65a87a1fabc8a0f12614b35469be", Directory, 0) seconds=1.188e-6 stage="restore_slot"
2026-09-09T20:40:00.982817Z DEBUG transparent_shard_server::runtime: runtime stage key=("a4bd72b37c0aafb265c77bb09cbc402cf69b65a87a1fabc8a0f12614b35469be", Directory, 0) seconds=3.5572e-5 hit=false stage="disk_restore"
2026-09-09T20:40:01.117354Z DEBUG transparent_shard_server::runtime: runtime stage key=("ced665ae1f1140944bcd0c9aa2b83c1019df768df87fa513f9509106fc5b88c1", Pages, 0) seconds=0.136085228 stage="source_load"
2026-09-09T20:40:01.417782Z DEBUG transparent_shard_server::runtime: construction stage geometry="recent-8k" table="pages" seconds=0.300400571 stage="encode_database"
2026-09-09T20:40:01.417903Z DEBUG transparent_shard_server::runtime: construction stage geometry="recent-8k" table="pages" seconds=9.3944e-5 stage="public_setup"
2026-09-09T20:40:01.692371Z DEBUG transparent_shard_server::runtime: runtime stage key=("ced665ae1f1140944bcd0c9aa2b83c1019df768df87fa513f9509106fc5b88c1", Directory, 0) seconds=0.711095218 stage="disk_save"
2026-09-09T20:40:02.035824Z DEBUG transparent_shard_server::runtime: construction stage geometry="recent-8k" table="pages" seconds=0.617914799 stage="hint_columns"
2026-09-09T20:40:03.970035Z DEBUG transparent_shard_server::runtime: construction stage geometry="recent-8k" table="pages" seconds=1.934167683 stage="pack_preprocessing"
2026-09-09T20:40:03.970325Z DEBUG transparent_shard_server::runtime: construction stage geometry="recent-8k" table="pages" seconds=0.000254939 stage="publish_parameters"
2026-09-09T20:40:03.971084Z DEBUG transparent_shard_server::runtime: runtime stage key=("ced665ae1f1140944bcd0c9aa2b83c1019df768df87fa513f9509106fc5b88c1", Pages, 0) seconds=2.853704331 stage="runtime_build"
2026-09-09T20:40:03.971148Z DEBUG transparent_shard_server::runtime: runtime stage key=("a4bd72b37c0aafb265c77bb09cbc402cf69b65a87a1fabc8a0f12614b35469be", Pages, 0) seconds=1.318e-6 stage="restore_slot"
2026-09-09T20:40:03.971287Z DEBUG transparent_shard_server::runtime: runtime stage key=("2d4497bf9e8bafc6139ee4e57114238a7ecfa0782702939922bf2a79b1fe05bf", Directory, 0) seconds=8.821978504 stage="build_slot"
2026-09-09T20:40:03.971316Z DEBUG transparent_shard_server::memory: cold build admission wait seconds=2.4493e-5 admitted=true
2026-09-09T20:40:03.971356Z DEBUG transparent_shard_server::runtime: runtime stage key=("a4bd72b37c0aafb265c77bb09cbc402cf69b65a87a1fabc8a0f12614b35469be", Pages, 0) seconds=3.8716e-5 hit=false stage="disk_restore"
2026-09-09T20:40:04.107218Z DEBUG transparent_shard_server::runtime: runtime stage key=("2d4497bf9e8bafc6139ee4e57114238a7ecfa0782702939922bf2a79b1fe05bf", Directory, 0) seconds=0.135886917 stage="source_load"
2026-09-09T20:40:04.407507Z DEBUG transparent_shard_server::runtime: construction stage geometry="recent-8k" table="directory" seconds=0.300261709 stage="encode_database"
2026-09-09T20:40:04.407620Z DEBUG transparent_shard_server::runtime: construction stage geometry="recent-8k" table="directory" seconds=7.3908e-5 stage="public_setup"
2026-09-09T20:40:04.867048Z DEBUG transparent_shard_server::runtime: runtime stage key=("ced665ae1f1140944bcd0c9aa2b83c1019df768df87fa513f9509106fc5b88c1", Pages, 0) seconds=0.895832386 stage="disk_save"
2026-09-09T20:40:04.968255Z DEBUG transparent_shard_server::runtime: construction stage geometry="recent-8k" table="directory" seconds=0.560626154 stage="hint_columns"
2026-09-09T20:40:06.909660Z DEBUG transparent_shard_server::runtime: construction stage geometry="recent-8k" table="directory" seconds=1.941366943 stage="pack_preprocessing"
2026-09-09T20:40:06.909934Z DEBUG transparent_shard_server::runtime: construction stage geometry="recent-8k" table="directory" seconds=0.00023584 stage="publish_parameters"
2026-09-09T20:40:06.910703Z DEBUG transparent_shard_server::runtime: runtime stage key=("2d4497bf9e8bafc6139ee4e57114238a7ecfa0782702939922bf2a79b1fe05bf", Directory, 0) seconds=2.803459029 stage="runtime_build"
2026-09-09T20:40:06.910754Z DEBUG transparent_shard_server::runtime: runtime stage key=("2d4497bf9e8bafc6139ee4e57114238a7ecfa0782702939922bf2a79b1fe05bf", Pages, 0) seconds=8.813539081 stage="build_slot"
2026-09-09T20:40:06.910831Z DEBUG transparent_shard_server::memory: cold build admission wait seconds=7.1675e-5 admitted=true
2026-09-09T20:40:06.910854Z DEBUG transparent_shard_server::runtime: runtime stage key=("c907a0aa45b2551520863990845279fd25135889865e088c2dad6ea0d32b8fde", Directory, 0) seconds=4.49e-7 stage="restore_slot"
2026-09-09T20:40:06.911037Z DEBUG transparent_shard_server::runtime: runtime stage key=("c907a0aa45b2551520863990845279fd25135889865e088c2dad6ea0d32b8fde", Directory, 0) seconds=4.5787e-5 hit=false stage="disk_restore"
2026-09-09T20:40:07.159248Z DEBUG transparent_shard_server::runtime: runtime stage key=("2d4497bf9e8bafc6139ee4e57114238a7ecfa0782702939922bf2a79b1fe05bf", Pages, 0) seconds=0.248318518 stage="source_load"
2026-09-09T20:40:07.455617Z DEBUG transparent_shard_server::runtime: construction stage geometry="recent-8k" table="pages" seconds=0.296338692 stage="encode_database"
2026-09-09T20:40:07.455718Z DEBUG transparent_shard_server::runtime: construction stage geometry="recent-8k" table="pages" seconds=7.3986e-5 stage="public_setup"
2026-09-09T20:40:07.928238Z DEBUG transparent_shard_server::runtime: runtime stage key=("2d4497bf9e8bafc6139ee4e57114238a7ecfa0782702939922bf2a79b1fe05bf", Directory, 0) seconds=1.017350429 stage="disk_save"
2026-09-09T20:40:08.071417Z DEBUG transparent_shard_server::runtime: construction stage geometry="recent-8k" table="pages" seconds=0.615683112 stage="hint_columns"
2026-09-09T20:40:09.983956Z DEBUG transparent_shard_server::runtime: construction stage geometry="recent-8k" table="pages" seconds=1.912500395 stage="pack_preprocessing"
2026-09-09T20:40:09.984262Z DEBUG transparent_shard_server::runtime: construction stage geometry="recent-8k" table="pages" seconds=0.000270415 stage="publish_parameters"
2026-09-09T20:40:09.985083Z DEBUG transparent_shard_server::runtime: runtime stage key=("2d4497bf9e8bafc6139ee4e57114238a7ecfa0782702939922bf2a79b1fe05bf", Pages, 0) seconds=2.825805859 stage="runtime_build"
2026-09-09T20:40:09.988201Z DEBUG transparent_shard_server::runtime: runtime stage key=("a4bd72b37c0aafb265c77bb09cbc402cf69b65a87a1fabc8a0f12614b35469be", Directory, 0) seconds=9.005313316 stage="build_slot"
2026-09-09T20:40:09.988249Z DEBUG transparent_shard_server::runtime: runtime stage key=("c907a0aa45b2551520863990845279fd25135889865e088c2dad6ea0d32b8fde", Pages, 0) seconds=9.94e-7 stage="restore_slot"
2026-09-09T20:40:09.988303Z DEBUG transparent_shard_server::memory: cold build admission wait seconds=8.1881e-5 admitted=true
2026-09-09T20:40:09.988459Z DEBUG transparent_shard_server::runtime: runtime stage key=("c907a0aa45b2551520863990845279fd25135889865e088c2dad6ea0d32b8fde", Pages, 0) seconds=3.314e-5 hit=false stage="disk_restore"
2026-09-09T20:40:10.126400Z DEBUG transparent_shard_server::runtime: runtime stage key=("a4bd72b37c0aafb265c77bb09cbc402cf69b65a87a1fabc8a0f12614b35469be", Directory, 0) seconds=0.138064287 stage="source_load"
2026-09-09T20:40:10.413245Z DEBUG transparent_shard_server::runtime: construction stage geometry="recent-8k" table="directory" seconds=0.286816877 stage="encode_database"
2026-09-09T20:40:10.413373Z DEBUG transparent_shard_server::runtime: construction stage geometry="recent-8k" table="directory" seconds=0.000103264 stage="public_setup"
2026-09-09T20:40:10.890465Z DEBUG transparent_shard_server::runtime: runtime stage key=("2d4497bf9e8bafc6139ee4e57114238a7ecfa0782702939922bf2a79b1fe05bf", Pages, 0) seconds=0.905218687 stage="disk_save"
2026-09-09T20:40:10.970443Z DEBUG transparent_shard_server::runtime: construction stage geometry="recent-8k" table="directory" seconds=0.5570619 stage="hint_columns"
2026-09-09T20:40:12.890593Z DEBUG transparent_shard_server::runtime: construction stage geometry="recent-8k" table="directory" seconds=1.920114506 stage="pack_preprocessing"
2026-09-09T20:40:12.890865Z DEBUG transparent_shard_server::runtime: construction stage geometry="recent-8k" table="directory" seconds=0.000235353 stage="publish_parameters"
2026-09-09T20:40:12.891879Z DEBUG transparent_shard_server::runtime: runtime stage key=("a4bd72b37c0aafb265c77bb09cbc402cf69b65a87a1fabc8a0f12614b35469be", Directory, 0) seconds=2.765451878 stage="runtime_build"
2026-09-09T20:40:12.891950Z DEBUG transparent_shard_server::runtime: runtime stage key=("a4bd72b37c0aafb265c77bb09cbc402cf69b65a87a1fabc8a0f12614b35469be", Pages, 0) seconds=8.920556481 stage="build_slot"
2026-09-09T20:40:12.891976Z DEBUG transparent_shard_server::runtime: runtime stage key=("67574e8d4c7f7c258f8c7488f73e80a9476f8074c3db3540325133ff25020c2b", Directory, 0) seconds=1.06e-6 stage="restore_slot"
2026-09-09T20:40:12.892057Z DEBUG transparent_shard_server::memory: cold build admission wait seconds=7.6666e-5 admitted=true
2026-09-09T20:40:12.892090Z DEBUG transparent_shard_server::runtime: runtime stage key=("67574e8d4c7f7c258f8c7488f73e80a9476f8074c3db3540325133ff25020c2b", Directory, 0) seconds=2.2097e-5 hit=false stage="disk_restore"
2026-09-09T20:40:13.026656Z DEBUG transparent_shard_server::runtime: runtime stage key=("a4bd72b37c0aafb265c77bb09cbc402cf69b65a87a1fabc8a0f12614b35469be", Pages, 0) seconds=0.134581983 stage="source_load"
2026-09-09T20:40:13.324923Z DEBUG transparent_shard_server::runtime: construction stage geometry="recent-8k" table="pages" seconds=0.298227837 stage="encode_database"
2026-09-09T20:40:13.325024Z DEBUG transparent_shard_server::runtime: construction stage geometry="recent-8k" table="pages" seconds=7.3655e-5 stage="public_setup"
2026-09-09T20:40:13.603452Z DEBUG transparent_shard_server::runtime: runtime stage key=("a4bd72b37c0aafb265c77bb09cbc402cf69b65a87a1fabc8a0f12614b35469be", Directory, 0) seconds=0.711502579 stage="disk_save"
2026-09-09T20:40:13.931580Z DEBUG transparent_shard_server::runtime: construction stage geometry="recent-8k" table="pages" seconds=0.606550047 stage="hint_columns"
2026-09-09T20:40:15.841451Z DEBUG transparent_shard_server::runtime: construction stage geometry="recent-8k" table="pages" seconds=1.9098215710000002 stage="pack_preprocessing"
2026-09-09T20:40:15.841749Z DEBUG transparent_shard_server::runtime: construction stage geometry="recent-8k" table="pages" seconds=0.000261376 stage="publish_parameters"
2026-09-09T20:40:15.842558Z DEBUG transparent_shard_server::runtime: runtime stage key=("a4bd72b37c0aafb265c77bb09cbc402cf69b65a87a1fabc8a0f12614b35469be", Pages, 0) seconds=2.8158648250000002 stage="runtime_build"
2026-09-09T20:40:15.842607Z DEBUG transparent_shard_server::runtime: runtime stage key=("c907a0aa45b2551520863990845279fd25135889865e088c2dad6ea0d32b8fde", Directory, 0) seconds=8.931523144 stage="build_slot"
2026-09-09T20:40:15.842690Z DEBUG transparent_shard_server::memory: cold build admission wait seconds=7.8272e-5 admitted=true
2026-09-09T20:40:15.842710Z DEBUG transparent_shard_server::runtime: runtime stage key=("67574e8d4c7f7c258f8c7488f73e80a9476f8074c3db3540325133ff25020c2b", Pages, 0) seconds=4.56e-7 stage="restore_slot"
2026-09-09T20:40:15.842776Z DEBUG transparent_shard_server::runtime: runtime stage key=("67574e8d4c7f7c258f8c7488f73e80a9476f8074c3db3540325133ff25020c2b", Pages, 0) seconds=2.2139e-5 hit=false stage="disk_restore"
2026-09-09T20:40:15.977502Z DEBUG transparent_shard_server::runtime: runtime stage key=("c907a0aa45b2551520863990845279fd25135889865e088c2dad6ea0d32b8fde", Directory, 0) seconds=0.134768807 stage="source_load"
2026-09-09T20:40:16.280942Z DEBUG transparent_shard_server::runtime: construction stage geometry="recent-8k" table="directory" seconds=0.303409917 stage="encode_database"
2026-09-09T20:40:16.281046Z DEBUG transparent_shard_server::runtime: construction stage geometry="recent-8k" table="directory" seconds=7.4508e-5 stage="public_setup"
2026-09-09T20:40:16.742105Z DEBUG transparent_shard_server::runtime: runtime stage key=("a4bd72b37c0aafb265c77bb09cbc402cf69b65a87a1fabc8a0f12614b35469be", Pages, 0) seconds=0.899464724 stage="disk_save"
2026-09-09T20:40:16.846043Z DEBUG transparent_shard_server::runtime: construction stage geometry="recent-8k" table="directory" seconds=0.564990332 stage="hint_columns"
2026-09-09T20:40:18.752827Z DEBUG transparent_shard_server::runtime: construction stage geometry="recent-8k" table="directory" seconds=1.9067437379999999 stage="pack_preprocessing"
2026-09-09T20:40:18.753119Z DEBUG transparent_shard_server::runtime: construction stage geometry="recent-8k" table="directory" seconds=0.000246915 stage="publish_parameters"
2026-09-09T20:40:18.753898Z DEBUG transparent_shard_server::runtime: runtime stage key=("c907a0aa45b2551520863990845279fd25135889865e088c2dad6ea0d32b8fde", Directory, 0) seconds=2.776368521 stage="runtime_build"
2026-09-09T20:40:18.754094Z DEBUG transparent_shard_server::runtime: runtime stage key=("c907a0aa45b2551520863990845279fd25135889865e088c2dad6ea0d32b8fde", Pages, 0) seconds=8.765596258 stage="build_slot"
2026-09-09T20:40:18.754201Z DEBUG transparent_shard_server::memory: cold build admission wait seconds=8.9781e-5 admitted=true
2026-09-09T20:40:18.886463Z DEBUG transparent_shard_server::runtime: runtime stage key=("c907a0aa45b2551520863990845279fd25135889865e088c2dad6ea0d32b8fde", Pages, 0) seconds=0.132233796 stage="source_load"
2026-09-09T20:40:19.183059Z DEBUG transparent_shard_server::runtime: construction stage geometry="recent-8k" table="pages" seconds=0.296560242 stage="encode_database"
2026-09-09T20:40:19.183206Z DEBUG transparent_shard_server::runtime: construction stage geometry="recent-8k" table="pages" seconds=0.000122687 stage="public_setup"
2026-09-09T20:40:19.452251Z DEBUG transparent_shard_server::runtime: runtime stage key=("c907a0aa45b2551520863990845279fd25135889865e088c2dad6ea0d32b8fde", Directory, 0) seconds=0.698177386 stage="disk_save"
2026-09-09T20:40:19.793094Z DEBUG transparent_shard_server::runtime: construction stage geometry="recent-8k" table="pages" seconds=0.609880613 stage="hint_columns"
2026-09-09T20:40:21.702523Z DEBUG transparent_shard_server::runtime: construction stage geometry="recent-8k" table="pages" seconds=1.909391593 stage="pack_preprocessing"
2026-09-09T20:40:21.702808Z DEBUG transparent_shard_server::runtime: construction stage geometry="recent-8k" table="pages" seconds=0.000250071 stage="publish_parameters"
2026-09-09T20:40:21.703606Z DEBUG transparent_shard_server::runtime: runtime stage key=("c907a0aa45b2551520863990845279fd25135889865e088c2dad6ea0d32b8fde", Pages, 0) seconds=2.817109061 stage="runtime_build"
2026-09-09T20:40:21.703704Z DEBUG transparent_shard_server::runtime: runtime stage key=("67574e8d4c7f7c258f8c7488f73e80a9476f8074c3db3540325133ff25020c2b", Directory, 0) seconds=8.811598601 stage="build_slot"
2026-09-09T20:40:21.703782Z DEBUG transparent_shard_server::memory: cold build admission wait seconds=7.2897e-5 admitted=true
2026-09-09T20:40:21.839512Z DEBUG transparent_shard_server::runtime: runtime stage key=("67574e8d4c7f7c258f8c7488f73e80a9476f8074c3db3540325133ff25020c2b", Directory, 0) seconds=0.135714894 stage="source_load"
2026-09-09T20:40:22.140099Z DEBUG transparent_shard_server::runtime: construction stage geometry="recent-8k" table="directory" seconds=0.300551189 stage="encode_database"
2026-09-09T20:40:22.140208Z DEBUG transparent_shard_server::runtime: construction stage geometry="recent-8k" table="directory" seconds=8.3784e-5 stage="public_setup"
2026-09-09T20:40:22.447757Z DEBUG transparent_shard_server::runtime: runtime stage key=("c907a0aa45b2551520863990845279fd25135889865e088c2dad6ea0d32b8fde", Pages, 0) seconds=0.74407173 stage="disk_save"
2026-09-09T20:40:22.726779Z DEBUG transparent_shard_server::runtime: construction stage geometry="recent-8k" table="directory" seconds=0.586562908 stage="hint_columns"
2026-09-09T20:40:24.641306Z DEBUG transparent_shard_server::runtime: construction stage geometry="recent-8k" table="directory" seconds=1.914485 stage="pack_preprocessing"
2026-09-09T20:40:24.641592Z DEBUG transparent_shard_server::runtime: construction stage geometry="recent-8k" table="directory" seconds=0.000248866 stage="publish_parameters"
2026-09-09T20:40:24.642399Z DEBUG transparent_shard_server::runtime: runtime stage key=("67574e8d4c7f7c258f8c7488f73e80a9476f8074c3db3540325133ff25020c2b", Directory, 0) seconds=2.80285265 stage="runtime_build"
2026-09-09T20:40:24.642449Z DEBUG transparent_shard_server::runtime: runtime stage key=("67574e8d4c7f7c258f8c7488f73e80a9476f8074c3db3540325133ff25020c2b", Pages, 0) seconds=8.799662456 stage="build_slot"
2026-09-09T20:40:24.642535Z DEBUG transparent_shard_server::memory: cold build admission wait seconds=8.1047e-5 admitted=true
2026-09-09T20:40:24.776225Z DEBUG transparent_shard_server::runtime: runtime stage key=("67574e8d4c7f7c258f8c7488f73e80a9476f8074c3db3540325133ff25020c2b", Pages, 0) seconds=0.133666657 stage="source_load"
2026-09-09T20:40:25.074679Z DEBUG transparent_shard_server::runtime: construction stage geometry="recent-8k" table="pages" seconds=0.298420529 stage="encode_database"
2026-09-09T20:40:25.074781Z DEBUG transparent_shard_server::runtime: construction stage geometry="recent-8k" table="pages" seconds=7.161e-5 stage="public_setup"
2026-09-09T20:40:25.353992Z DEBUG transparent_shard_server::runtime: runtime stage key=("67574e8d4c7f7c258f8c7488f73e80a9476f8074c3db3540325133ff25020c2b", Directory, 0) seconds=0.711535681 stage="disk_save"
2026-09-09T20:40:25.687192Z DEBUG transparent_shard_server::runtime: construction stage geometry="recent-8k" table="pages" seconds=0.612403743 stage="hint_columns"
2026-09-09T20:40:27.607245Z DEBUG transparent_shard_server::runtime: construction stage geometry="recent-8k" table="pages" seconds=1.920007453 stage="pack_preprocessing"
2026-09-09T20:40:27.607554Z DEBUG transparent_shard_server::runtime: construction stage geometry="recent-8k" table="pages" seconds=0.000270787 stage="publish_parameters"
2026-09-09T20:40:27.608378Z DEBUG transparent_shard_server::runtime: runtime stage key=("67574e8d4c7f7c258f8c7488f73e80a9476f8074c3db3540325133ff25020c2b", Pages, 0) seconds=2.832121878 stage="runtime_build"
2026-09-09T20:40:27.612227Z  INFO transparent_shard_server::service: prewarm finished warm=28 target=28 failed=0 seconds=82.789539525
2026-09-09T20:40:28.311085Z DEBUG transparent_shard_server::runtime: runtime stage key=("67574e8d4c7f7c258f8c7488f73e80a9476f8074c3db3540325133ff25020c2b", Pages, 0) seconds=0.702671429 stage="disk_save"
2026-09-09T20:40:28.551809Z DEBUG transparent_shard_server::service: query stage revision=5b7ee9849d47f5ee67d04eb6ca4588beacf42dce75e5a1b481dfd02607b1fb20 table="directory" seconds=5.298e-6 stage="query_admission"
2026-09-09T20:40:28.551847Z DEBUG transparent_shard_server::service: query stage revision=5b7ee9849d47f5ee67d04eb6ca4588beacf42dce75e5a1b481dfd02607b1fb20 table="directory" seconds=6.731e-6 stage="query_runtime"
2026-09-09T20:40:28.551921Z DEBUG transparent_shard_server::service: query stage revision=5b7ee9849d47f5ee67d04eb6ca4588beacf42dce75e5a1b481dfd02607b1fb20 table="directory" seconds=1.4224e-5 stage="query_dispatch"
2026-09-09T20:40:28.552406Z DEBUG transparent_shard_server::service: query stage revision=5b7ee9849d47f5ee67d04eb6ca4588beacf42dce75e5a1b481dfd02607b1fb20 table="directory" seconds=1.512e-6 stage="query_admission"
2026-09-09T20:40:28.552431Z DEBUG transparent_shard_server::service: query stage revision=5b7ee9849d47f5ee67d04eb6ca4588beacf42dce75e5a1b481dfd02607b1fb20 table="directory" seconds=3.729e-6 stage="query_runtime"
2026-09-09T20:40:28.552513Z DEBUG transparent_shard_server::service: query stage revision=5b7ee9849d47f5ee67d04eb6ca4588beacf42dce75e5a1b481dfd02607b1fb20 table="directory" seconds=2.3676e-5 stage="query_dispatch"
2026-09-09T20:40:28.568989Z DEBUG transparent_shard_server::service: query stage revision=5b7ee9849d47f5ee67d04eb6ca4588beacf42dce75e5a1b481dfd02607b1fb20 table="directory" seconds=0.017061827 stage="query_evaluate"
2026-09-09T20:40:28.569546Z DEBUG transparent_shard_server::service: query stage revision=5b7ee9849d47f5ee67d04eb6ca4588beacf42dce75e5a1b481dfd02607b1fb20 table="directory" seconds=0.017025026 stage="query_evaluate"
2026-09-09T20:40:28.754779Z DEBUG transparent_shard_server::service: query stage revision=5b7ee9849d47f5ee67d04eb6ca4588beacf42dce75e5a1b481dfd02607b1fb20 table="pages" seconds=2.75e-6 stage="query_admission"
2026-09-09T20:40:28.754814Z DEBUG transparent_shard_server::service: query stage revision=5b7ee9849d47f5ee67d04eb6ca4588beacf42dce75e5a1b481dfd02607b1fb20 table="pages" seconds=5.023e-6 stage="query_runtime"
2026-09-09T20:40:28.754892Z DEBUG transparent_shard_server::service: query stage revision=5b7ee9849d47f5ee67d04eb6ca4588beacf42dce75e5a1b481dfd02607b1fb20 table="pages" seconds=2.176e-5 stage="query_dispatch"
2026-09-09T20:40:28.755229Z DEBUG transparent_shard_server::service: query stage revision=5b7ee9849d47f5ee67d04eb6ca4588beacf42dce75e5a1b481dfd02607b1fb20 table="pages" seconds=1.244e-6 stage="query_admission"
2026-09-09T20:40:28.755243Z DEBUG transparent_shard_server::service: query stage revision=5b7ee9849d47f5ee67d04eb6ca4588beacf42dce75e5a1b481dfd02607b1fb20 table="pages" seconds=2.73e-6 stage="query_runtime"
2026-09-09T20:40:28.755299Z DEBUG transparent_shard_server::service: query stage revision=5b7ee9849d47f5ee67d04eb6ca4588beacf42dce75e5a1b481dfd02607b1fb20 table="pages" seconds=1.564e-5 stage="query_dispatch"
2026-09-09T20:40:28.772860Z DEBUG transparent_shard_server::service: query stage revision=5b7ee9849d47f5ee67d04eb6ca4588beacf42dce75e5a1b481dfd02607b1fb20 table="pages" seconds=0.017961564 stage="query_evaluate"
2026-09-09T20:40:28.772875Z DEBUG transparent_shard_server::service: query stage revision=5b7ee9849d47f5ee67d04eb6ca4588beacf42dce75e5a1b481dfd02607b1fb20 table="pages" seconds=0.017560359 stage="query_evaluate"
2026-09-09T20:40:28.818561Z  INFO transparent_shard_server::runtime: retired runtime memory reclaimed rss_before=4790050816 rss_after=4404629504
2026-09-09T20:40:28.926634Z DEBUG transparent_shard_server::service: query stage revision=5b7ee9849d47f5ee67d04eb6ca4588beacf42dce75e5a1b481dfd02607b1fb20 table="directory" seconds=2.514e-6 stage="query_admission"
2026-09-09T20:40:28.926672Z DEBUG transparent_shard_server::service: query stage revision=5b7ee9849d47f5ee67d04eb6ca4588beacf42dce75e5a1b481dfd02607b1fb20 table="directory" seconds=5.213e-6 stage="query_runtime"
2026-09-09T20:40:28.926845Z DEBUG transparent_shard_server::service: query stage revision=5b7ee9849d47f5ee67d04eb6ca4588beacf42dce75e5a1b481dfd02607b1fb20 table="directory" seconds=0.000101957 stage="query_dispatch"
2026-09-09T20:40:28.926865Z DEBUG transparent_shard_server::service: query stage revision=5b7ee9849d47f5ee67d04eb6ca4588beacf42dce75e5a1b481dfd02607b1fb20 table="directory" seconds=7.53e-7 stage="query_admission"
2026-09-09T20:40:28.926874Z DEBUG transparent_shard_server::service: query stage revision=5b7ee9849d47f5ee67d04eb6ca4588beacf42dce75e5a1b481dfd02607b1fb20 table="directory" seconds=3.615e-6 stage="query_runtime"
2026-09-09T20:40:28.927047Z DEBUG transparent_shard_server::service: query stage revision=5b7ee9849d47f5ee67d04eb6ca4588beacf42dce75e5a1b481dfd02607b1fb20 table="directory" seconds=0.000137115 stage="query_dispatch"
2026-09-09T20:40:28.943491Z DEBUG transparent_shard_server::service: query stage revision=5b7ee9849d47f5ee67d04eb6ca4588beacf42dce75e5a1b481dfd02607b1fb20 table="directory" seconds=0.016428673 stage="query_evaluate"
2026-09-09T20:40:28.943522Z DEBUG transparent_shard_server::service: query stage revision=5b7ee9849d47f5ee67d04eb6ca4588beacf42dce75e5a1b481dfd02607b1fb20 table="directory" seconds=0.016655908 stage="query_evaluate"
2026-09-09T20:40:29.099565Z DEBUG transparent_shard_server::service: query stage revision=5b7ee9849d47f5ee67d04eb6ca4588beacf42dce75e5a1b481dfd02607b1fb20 table="pages" seconds=3.314e-6 stage="query_admission"
2026-09-09T20:40:29.099610Z DEBUG transparent_shard_server::service: query stage revision=5b7ee9849d47f5ee67d04eb6ca4588beacf42dce75e5a1b481dfd02607b1fb20 table="pages" seconds=6.894e-6 stage="query_runtime"
2026-09-09T20:40:29.099733Z DEBUG transparent_shard_server::service: query stage revision=5b7ee9849d47f5ee67d04eb6ca4588beacf42dce75e5a1b481dfd02607b1fb20 table="pages" seconds=3.61e-5 stage="query_dispatch"
2026-09-09T20:40:29.102920Z DEBUG transparent_shard_server::service: query stage revision=5b7ee9849d47f5ee67d04eb6ca4588beacf42dce75e5a1b481dfd02607b1fb20 table="pages" seconds=2.762e-6 stage="query_admission"
2026-09-09T20:40:29.102952Z DEBUG transparent_shard_server::service: query stage revision=5b7ee9849d47f5ee67d04eb6ca4588beacf42dce75e5a1b481dfd02607b1fb20 table="pages" seconds=4.961e-6 stage="query_runtime"
2026-09-09T20:40:29.103045Z DEBUG transparent_shard_server::service: query stage revision=5b7ee9849d47f5ee67d04eb6ca4588beacf42dce75e5a1b481dfd02607b1fb20 table="pages" seconds=3.039e-5 stage="query_dispatch"
2026-09-09T20:40:29.111591Z DEBUG transparent_shard_server::service: query stage revision=5b7ee9849d47f5ee67d04eb6ca4588beacf42dce75e5a1b481dfd02607b1fb20 table="pages" seconds=0.011835891 stage="query_evaluate"
2026-09-09T20:40:29.118418Z DEBUG transparent_shard_server::service: query stage revision=5b7ee9849d47f5ee67d04eb6ca4588beacf42dce75e5a1b481dfd02607b1fb20 table="pages" seconds=0.015353258 stage="query_evaluate"
2026-09-09T20:40:29.265014Z DEBUG transparent_shard_server::service: query stage revision=5b7ee9849d47f5ee67d04eb6ca4588beacf42dce75e5a1b481dfd02607b1fb20 table="directory" seconds=2.861e-6 stage="query_admission"
2026-09-09T20:40:29.265068Z DEBUG transparent_shard_server::service: query stage revision=5b7ee9849d47f5ee67d04eb6ca4588beacf42dce75e5a1b481dfd02607b1fb20 table="directory" seconds=4.777e-6 stage="query_runtime"
2026-09-09T20:40:29.265254Z DEBUG transparent_shard_server::service: query stage revision=5b7ee9849d47f5ee67d04eb6ca4588beacf42dce75e5a1b481dfd02607b1fb20 table="directory" seconds=0.000102298 stage="query_dispatch"
2026-09-09T20:40:29.277353Z DEBUG transparent_shard_server::service: query stage revision=5b7ee9849d47f5ee67d04eb6ca4588beacf42dce75e5a1b481dfd02607b1fb20 table="directory" seconds=2.79e-6 stage="query_admission"
2026-09-09T20:40:29.277383Z DEBUG transparent_shard_server::service: query stage revision=5b7ee9849d47f5ee67d04eb6ca4588beacf42dce75e5a1b481dfd02607b1fb20 table="directory" seconds=4.823e-6 stage="query_runtime"
2026-09-09T20:40:29.277466Z DEBUG transparent_shard_server::service: query stage revision=5b7ee9849d47f5ee67d04eb6ca4588beacf42dce75e5a1b481dfd02607b1fb20 table="directory" seconds=1.9998e-5 stage="query_dispatch"
2026-09-09T20:40:29.280987Z DEBUG transparent_shard_server::service: query stage revision=5b7ee9849d47f5ee67d04eb6ca4588beacf42dce75e5a1b481dfd02607b1fb20 table="directory" seconds=0.015682414 stage="query_evaluate"
2026-09-09T20:40:29.286945Z DEBUG transparent_shard_server::service: query stage revision=5b7ee9849d47f5ee67d04eb6ca4588beacf42dce75e5a1b481dfd02607b1fb20 table="directory" seconds=0.009457287 stage="query_evaluate"
2026-09-09T20:40:29.367109Z DEBUG transparent_shard_server::runtime: runtime stage key=("be059aab39ac34125e0452548d6fbcfb1e7cdb7237a597bd59ee86011ed4882b", Directory, 0) seconds=1.786e-6 stage="restore_slot"
2026-09-09T20:40:29.367279Z DEBUG transparent_shard_server::runtime: runtime stage key=("be059aab39ac34125e0452548d6fbcfb1e7cdb7237a597bd59ee86011ed4882b", Pages, 0) seconds=3.74e-7 stage="restore_slot"
2026-09-09T20:40:29.367368Z DEBUG transparent_shard_server::runtime: runtime stage key=("be059aab39ac34125e0452548d6fbcfb1e7cdb7237a597bd59ee86011ed4882b", Directory, 0) seconds=7.2647e-5 hit=false stage="disk_restore"
2026-09-09T20:40:29.367380Z DEBUG transparent_shard_server::runtime: runtime stage key=("be059aab39ac34125e0452548d6fbcfb1e7cdb7237a597bd59ee86011ed4882b", Pages, 0) seconds=3.5439e-5 hit=false stage="disk_restore"
2026-09-09T20:40:29.367405Z DEBUG transparent_shard_server::runtime: runtime stage key=("be059aab39ac34125e0452548d6fbcfb1e7cdb7237a597bd59ee86011ed4882b", Directory, 0) seconds=4.84e-7 stage="build_slot"
2026-09-09T20:40:29.367435Z DEBUG transparent_shard_server::memory: cold build admission wait seconds=2.4191e-5 admitted=true
2026-09-09T20:40:29.436720Z DEBUG transparent_shard_server::service: query stage revision=5b7ee9849d47f5ee67d04eb6ca4588beacf42dce75e5a1b481dfd02607b1fb20 table="pages" seconds=2.773e-6 stage="query_admission"
2026-09-09T20:40:29.436755Z DEBUG transparent_shard_server::service: query stage revision=5b7ee9849d47f5ee67d04eb6ca4588beacf42dce75e5a1b481dfd02607b1fb20 table="pages" seconds=4.801e-6 stage="query_runtime"
2026-09-09T20:40:29.436864Z DEBUG transparent_shard_server::service: query stage revision=5b7ee9849d47f5ee67d04eb6ca4588beacf42dce75e5a1b481dfd02607b1fb20 table="pages" seconds=1.9586e-5 stage="query_dispatch"
2026-09-09T20:40:29.439793Z DEBUG transparent_shard_server::service: query stage revision=5b7ee9849d47f5ee67d04eb6ca4588beacf42dce75e5a1b481dfd02607b1fb20 table="pages" seconds=1.901e-6 stage="query_admission"
2026-09-09T20:40:29.439816Z DEBUG transparent_shard_server::service: query stage revision=5b7ee9849d47f5ee67d04eb6ca4588beacf42dce75e5a1b481dfd02607b1fb20 table="pages" seconds=4.753e-6 stage="query_runtime"
2026-09-09T20:40:29.439909Z DEBUG transparent_shard_server::service: query stage revision=5b7ee9849d47f5ee67d04eb6ca4588beacf42dce75e5a1b481dfd02607b1fb20 table="pages" seconds=2.1901e-5 stage="query_dispatch"
2026-09-09T20:40:29.448444Z DEBUG transparent_shard_server::service: query stage revision=5b7ee9849d47f5ee67d04eb6ca4588beacf42dce75e5a1b481dfd02607b1fb20 table="pages" seconds=0.011560912 stage="query_evaluate"
2026-09-09T20:40:29.454911Z DEBUG transparent_shard_server::service: query stage revision=5b7ee9849d47f5ee67d04eb6ca4588beacf42dce75e5a1b481dfd02607b1fb20 table="pages" seconds=0.014986659 stage="query_evaluate"
2026-09-09T20:40:29.510965Z DEBUG transparent_shard_server::runtime: runtime stage key=("be059aab39ac34125e0452548d6fbcfb1e7cdb7237a597bd59ee86011ed4882b", Directory, 0) seconds=0.143510129 stage="source_load"
2026-09-09T20:40:29.603003Z DEBUG transparent_shard_server::service: query stage revision=5b7ee9849d47f5ee67d04eb6ca4588beacf42dce75e5a1b481dfd02607b1fb20 table="directory" seconds=2.5e-6 stage="query_admission"
2026-09-09T20:40:29.603039Z DEBUG transparent_shard_server::service: query stage revision=5b7ee9849d47f5ee67d04eb6ca4588beacf42dce75e5a1b481dfd02607b1fb20 table="directory" seconds=5.062e-6 stage="query_runtime"
2026-09-09T20:40:29.603132Z DEBUG transparent_shard_server::service: query stage revision=5b7ee9849d47f5ee67d04eb6ca4588beacf42dce75e5a1b481dfd02607b1fb20 table="directory" seconds=2.1876e-5 stage="query_dispatch"
2026-09-09T20:40:29.610337Z DEBUG transparent_shard_server::service: query stage revision=5b7ee9849d47f5ee67d04eb6ca4588beacf42dce75e5a1b481dfd02607b1fb20 table="directory" seconds=2.375e-6 stage="query_admission"
2026-09-09T20:40:29.610371Z DEBUG transparent_shard_server::service: query stage revision=5b7ee9849d47f5ee67d04eb6ca4588beacf42dce75e5a1b481dfd02607b1fb20 table="directory" seconds=5.124e-6 stage="query_runtime"
2026-09-09T20:40:29.610464Z DEBUG transparent_shard_server::service: query stage revision=5b7ee9849d47f5ee67d04eb6ca4588beacf42dce75e5a1b481dfd02607b1fb20 table="directory" seconds=2.1343e-5 stage="query_dispatch"
2026-09-09T20:40:29.620950Z DEBUG transparent_shard_server::service: query stage revision=5b7ee9849d47f5ee67d04eb6ca4588beacf42dce75e5a1b481dfd02607b1fb20 table="directory" seconds=0.017799099 stage="query_evaluate"
2026-09-09T20:40:29.620949Z DEBUG transparent_shard_server::service: query stage revision=5b7ee9849d47f5ee67d04eb6ca4588beacf42dce75e5a1b481dfd02607b1fb20 table="directory" seconds=0.010465526 stage="query_evaluate"
2026-09-09T20:40:29.773703Z DEBUG transparent_shard_server::service: query stage revision=5b7ee9849d47f5ee67d04eb6ca4588beacf42dce75e5a1b481dfd02607b1fb20 table="pages" seconds=2.63e-6 stage="query_admission"
2026-09-09T20:40:29.773738Z DEBUG transparent_shard_server::service: query stage revision=5b7ee9849d47f5ee67d04eb6ca4588beacf42dce75e5a1b481dfd02607b1fb20 table="pages" seconds=5.173e-6 stage="query_runtime"
2026-09-09T20:40:29.773918Z DEBUG transparent_shard_server::service: query stage revision=5b7ee9849d47f5ee67d04eb6ca4588beacf42dce75e5a1b481dfd02607b1fb20 table="pages" seconds=1.778e-6 stage="query_admission"
2026-09-09T20:40:29.773936Z DEBUG transparent_shard_server::service: query stage revision=5b7ee9849d47f5ee67d04eb6ca4588beacf42dce75e5a1b481dfd02607b1fb20 table="pages" seconds=2.98e-6 stage="query_runtime"
2026-09-09T20:40:29.774002Z DEBUG transparent_shard_server::service: query stage revision=5b7ee9849d47f5ee67d04eb6ca4588beacf42dce75e5a1b481dfd02607b1fb20 table="pages" seconds=0.00018844 stage="query_dispatch"
2026-09-09T20:40:29.774472Z DEBUG transparent_shard_server::service: query stage revision=5b7ee9849d47f5ee67d04eb6ca4588beacf42dce75e5a1b481dfd02607b1fb20 table="pages" seconds=0.000464854 stage="query_dispatch"
2026-09-09T20:40:29.790834Z DEBUG transparent_shard_server::service: query stage revision=5b7ee9849d47f5ee67d04eb6ca4588beacf42dce75e5a1b481dfd02607b1fb20 table="pages" seconds=0.016341253 stage="query_evaluate"
2026-09-09T20:40:29.790898Z DEBUG transparent_shard_server::service: query stage revision=5b7ee9849d47f5ee67d04eb6ca4588beacf42dce75e5a1b481dfd02607b1fb20 table="pages" seconds=0.016889074 stage="query_evaluate"
2026-09-09T20:40:29.821557Z DEBUG transparent_shard_server::runtime: construction stage geometry="recent-8k" table="directory" seconds=0.31055352 stage="encode_database"
2026-09-09T20:40:29.821662Z DEBUG transparent_shard_server::runtime: construction stage geometry="recent-8k" table="directory" seconds=7.43e-5 stage="public_setup"
2026-09-09T20:40:29.948944Z DEBUG transparent_shard_server::service: query stage revision=5b7ee9849d47f5ee67d04eb6ca4588beacf42dce75e5a1b481dfd02607b1fb20 table="directory" seconds=2.421e-6 stage="query_admission"
2026-09-09T20:40:29.948979Z DEBUG transparent_shard_server::service: query stage revision=5b7ee9849d47f5ee67d04eb6ca4588beacf42dce75e5a1b481dfd02607b1fb20 table="directory" seconds=4.256e-6 stage="query_runtime"
2026-09-09T20:40:29.949069Z DEBUG transparent_shard_server::service: query stage revision=5b7ee9849d47f5ee67d04eb6ca4588beacf42dce75e5a1b481dfd02607b1fb20 table="directory" seconds=1.7757e-5 stage="query_dispatch"
2026-09-09T20:40:29.949082Z DEBUG transparent_shard_server::service: query stage revision=5b7ee9849d47f5ee67d04eb6ca4588beacf42dce75e5a1b481dfd02607b1fb20 table="directory" seconds=1.544e-6 stage="query_admission"
2026-09-09T20:40:29.949096Z DEBUG transparent_shard_server::service: query stage revision=5b7ee9849d47f5ee67d04eb6ca4588beacf42dce75e5a1b481dfd02607b1fb20 table="directory" seconds=3.204e-6 stage="query_runtime"
2026-09-09T20:40:29.949175Z DEBUG transparent_shard_server::service: query stage revision=5b7ee9849d47f5ee67d04eb6ca4588beacf42dce75e5a1b481dfd02607b1fb20 table="directory" seconds=2.0245e-5 stage="query_dispatch"
2026-09-09T20:40:30.337247Z DEBUG transparent_shard_server::runtime: construction stage geometry="recent-8k" table="directory" seconds=0.51557752 stage="hint_columns"
2026-09-09T20:40:30.345838Z DEBUG transparent_shard_server::service: query stage revision=5b7ee9849d47f5ee67d04eb6ca4588beacf42dce75e5a1b481dfd02607b1fb20 table="directory" seconds=0.396749225 stage="query_evaluate"
2026-09-09T20:40:30.348765Z DEBUG transparent_shard_server::service: query stage revision=5b7ee9849d47f5ee67d04eb6ca4588beacf42dce75e5a1b481dfd02607b1fb20 table="directory" seconds=0.399581386 stage="query_evaluate"
2026-09-09T20:40:30.500650Z DEBUG transparent_shard_server::service: query stage revision=5b7ee9849d47f5ee67d04eb6ca4588beacf42dce75e5a1b481dfd02607b1fb20 table="pages" seconds=2.427e-6 stage="query_admission"
2026-09-09T20:40:30.500686Z DEBUG transparent_shard_server::service: query stage revision=5b7ee9849d47f5ee67d04eb6ca4588beacf42dce75e5a1b481dfd02607b1fb20 table="pages" seconds=4.941e-6 stage="query_runtime"
2026-09-09T20:40:30.500807Z DEBUG transparent_shard_server::service: query stage revision=5b7ee9849d47f5ee67d04eb6ca4588beacf42dce75e5a1b481dfd02607b1fb20 table="pages" seconds=4.5185e-5 stage="query_dispatch"
2026-09-09T20:40:30.503556Z DEBUG transparent_shard_server::service: query stage revision=5b7ee9849d47f5ee67d04eb6ca4588beacf42dce75e5a1b481dfd02607b1fb20 table="pages" seconds=2.212e-6 stage="query_admission"
2026-09-09T20:40:30.503590Z DEBUG transparent_shard_server::service: query stage revision=5b7ee9849d47f5ee67d04eb6ca4588beacf42dce75e5a1b481dfd02607b1fb20 table="pages" seconds=4.111e-6 stage="query_runtime"
2026-09-09T20:40:30.503692Z DEBUG transparent_shard_server::service: query stage revision=5b7ee9849d47f5ee67d04eb6ca4588beacf42dce75e5a1b481dfd02607b1fb20 table="pages" seconds=2.5729e-5 stage="query_dispatch"
2026-09-09T20:40:30.521299Z DEBUG transparent_shard_server::service: query stage revision=5b7ee9849d47f5ee67d04eb6ca4588beacf42dce75e5a1b481dfd02607b1fb20 table="pages" seconds=0.020457801 stage="query_evaluate"
2026-09-09T20:40:30.521299Z DEBUG transparent_shard_server::service: query stage revision=5b7ee9849d47f5ee67d04eb6ca4588beacf42dce75e5a1b481dfd02607b1fb20 table="pages" seconds=0.01759977 stage="query_evaluate"
2026-09-09T20:40:30.676436Z DEBUG transparent_shard_server::service: query stage revision=5b7ee9849d47f5ee67d04eb6ca4588beacf42dce75e5a1b481dfd02607b1fb20 table="directory" seconds=2.729e-6 stage="query_admission"
2026-09-09T20:40:30.676472Z DEBUG transparent_shard_server::service: query stage revision=5b7ee9849d47f5ee67d04eb6ca4588beacf42dce75e5a1b481dfd02607b1fb20 table="directory" seconds=5.555e-6 stage="query_runtime"
2026-09-09T20:40:30.676566Z DEBUG transparent_shard_server::service: query stage revision=5b7ee9849d47f5ee67d04eb6ca4588beacf42dce75e5a1b481dfd02607b1fb20 table="directory" seconds=2.157e-6 stage="query_admission"
2026-09-09T20:40:30.676585Z DEBUG transparent_shard_server::service: query stage revision=5b7ee9849d47f5ee67d04eb6ca4588beacf42dce75e5a1b481dfd02607b1fb20 table="directory" seconds=3.324e-6 stage="query_runtime"
2026-09-09T20:40:30.676617Z DEBUG transparent_shard_server::service: query stage revision=5b7ee9849d47f5ee67d04eb6ca4588beacf42dce75e5a1b481dfd02607b1fb20 table="directory" seconds=4.7571e-5 stage="query_dispatch"
2026-09-09T20:40:30.676677Z DEBUG transparent_shard_server::service: query stage revision=5b7ee9849d47f5ee67d04eb6ca4588beacf42dce75e5a1b481dfd02607b1fb20 table="directory" seconds=2.3354e-5 stage="query_dispatch"
2026-09-09T20:40:30.693575Z DEBUG transparent_shard_server::service: query stage revision=5b7ee9849d47f5ee67d04eb6ca4588beacf42dce75e5a1b481dfd02607b1fb20 table="directory" seconds=0.016888471 stage="query_evaluate"
2026-09-09T20:40:30.693829Z DEBUG transparent_shard_server::service: query stage revision=5b7ee9849d47f5ee67d04eb6ca4588beacf42dce75e5a1b481dfd02607b1fb20 table="directory" seconds=0.017195691 stage="query_evaluate"
2026-09-09T20:40:30.847493Z DEBUG transparent_shard_server::service: query stage revision=5b7ee9849d47f5ee67d04eb6ca4588beacf42dce75e5a1b481dfd02607b1fb20 table="pages" seconds=2.86e-6 stage="query_admission"
2026-09-09T20:40:30.847586Z DEBUG transparent_shard_server::service: query stage revision=5b7ee9849d47f5ee67d04eb6ca4588beacf42dce75e5a1b481dfd02607b1fb20 table="pages" seconds=1.7779e-5 stage="query_runtime"
2026-09-09T20:40:30.847689Z DEBUG transparent_shard_server::service: query stage revision=5b7ee9849d47f5ee67d04eb6ca4588beacf42dce75e5a1b481dfd02607b1fb20 table="pages" seconds=1.584e-5 stage="query_dispatch"
2026-09-09T20:40:30.850407Z DEBUG transparent_shard_server::service: query stage revision=5b7ee9849d47f5ee67d04eb6ca4588beacf42dce75e5a1b481dfd02607b1fb20 table="pages" seconds=4.213e-6 stage="query_admission"
2026-09-09T20:40:30.850443Z DEBUG transparent_shard_server::service: query stage revision=5b7ee9849d47f5ee67d04eb6ca4588beacf42dce75e5a1b481dfd02607b1fb20 table="pages" seconds=7.933e-6 stage="query_runtime"
2026-09-09T20:40:30.850558Z DEBUG transparent_shard_server::service: query stage revision=5b7ee9849d47f5ee67d04eb6ca4588beacf42dce75e5a1b481dfd02607b1fb20 table="pages" seconds=3.2176e-5 stage="query_dispatch"
2026-09-09T20:40:30.859742Z DEBUG transparent_shard_server::service: query stage revision=5b7ee9849d47f5ee67d04eb6ca4588beacf42dce75e5a1b481dfd02607b1fb20 table="pages" seconds=0.012034472 stage="query_evaluate"
2026-09-09T20:40:30.865815Z DEBUG transparent_shard_server::service: query stage revision=5b7ee9849d47f5ee67d04eb6ca4588beacf42dce75e5a1b481dfd02607b1fb20 table="pages" seconds=0.01523583 stage="query_evaluate"
2026-09-09T20:40:31.014583Z DEBUG transparent_shard_server::service: query stage revision=5b7ee9849d47f5ee67d04eb6ca4588beacf42dce75e5a1b481dfd02607b1fb20 table="directory" seconds=2.462e-6 stage="query_admission"
2026-09-09T20:40:31.014623Z DEBUG transparent_shard_server::service: query stage revision=5b7ee9849d47f5ee67d04eb6ca4588beacf42dce75e5a1b481dfd02607b1fb20 table="directory" seconds=6.862e-6 stage="query_runtime"
2026-09-09T20:40:31.014739Z DEBUG transparent_shard_server::service: query stage revision=5b7ee9849d47f5ee67d04eb6ca4588beacf42dce75e5a1b481dfd02607b1fb20 table="directory" seconds=3.4394e-5 stage="query_dispatch"
2026-09-09T20:40:31.021406Z DEBUG transparent_shard_server::service: query stage revision=5b7ee9849d47f5ee67d04eb6ca4588beacf42dce75e5a1b481dfd02607b1fb20 table="directory" seconds=1.98e-6 stage="query_admission"
2026-09-09T20:40:31.021461Z DEBUG transparent_shard_server::service: query stage revision=5b7ee9849d47f5ee67d04eb6ca4588beacf42dce75e5a1b481dfd02607b1fb20 table="directory" seconds=4.481e-6 stage="query_runtime"
2026-09-09T20:40:31.023238Z DEBUG transparent_shard_server::service: query stage revision=5b7ee9849d47f5ee67d04eb6ca4588beacf42dce75e5a1b481dfd02607b1fb20 table="directory" seconds=0.001687291 stage="query_dispatch"
2026-09-09T20:40:31.028947Z DEBUG transparent_shard_server::service: query stage revision=5b7ee9849d47f5ee67d04eb6ca4588beacf42dce75e5a1b481dfd02607b1fb20 table="directory" seconds=0.014187088 stage="query_evaluate"
2026-09-09T20:40:31.035222Z DEBUG transparent_shard_server::service: query stage revision=5b7ee9849d47f5ee67d04eb6ca4588beacf42dce75e5a1b481dfd02607b1fb20 table="directory" seconds=0.011951311 stage="query_evaluate"
2026-09-09T20:40:31.188962Z DEBUG transparent_shard_server::service: query stage revision=5b7ee9849d47f5ee67d04eb6ca4588beacf42dce75e5a1b481dfd02607b1fb20 table="pages" seconds=2.355e-6 stage="query_admission"
2026-09-09T20:40:31.188999Z DEBUG transparent_shard_server::service: query stage revision=5b7ee9849d47f5ee67d04eb6ca4588beacf42dce75e5a1b481dfd02607b1fb20 table="pages" seconds=3.999e-6 stage="query_runtime"
2026-09-09T20:40:31.192174Z DEBUG transparent_shard_server::service: query stage revision=5b7ee9849d47f5ee67d04eb6ca4588beacf42dce75e5a1b481dfd02607b1fb20 table="pages" seconds=0.003099412 stage="query_dispatch"
2026-09-09T20:40:31.193073Z DEBUG transparent_shard_server::service: query stage revision=5b7ee9849d47f5ee67d04eb6ca4588beacf42dce75e5a1b481dfd02607b1fb20 table="pages" seconds=1.857e-6 stage="query_admission"
2026-09-09T20:40:31.193089Z DEBUG transparent_shard_server::service: query stage revision=5b7ee9849d47f5ee67d04eb6ca4588beacf42dce75e5a1b481dfd02607b1fb20 table="pages" seconds=4.126e-6 stage="query_runtime"
2026-09-09T20:40:31.193171Z DEBUG transparent_shard_server::service: query stage revision=5b7ee9849d47f5ee67d04eb6ca4588beacf42dce75e5a1b481dfd02607b1fb20 table="pages" seconds=1.9101e-5 stage="query_dispatch"
2026-09-09T20:40:31.212562Z DEBUG transparent_shard_server::service: query stage revision=5b7ee9849d47f5ee67d04eb6ca4588beacf42dce75e5a1b481dfd02607b1fb20 table="pages" seconds=0.020359396 stage="query_evaluate"
2026-09-09T20:40:31.212589Z DEBUG transparent_shard_server::service: query stage revision=5b7ee9849d47f5ee67d04eb6ca4588beacf42dce75e5a1b481dfd02607b1fb20 table="pages" seconds=0.019391697 stage="query_evaluate"
2026-09-09T20:40:31.371129Z DEBUG transparent_shard_server::service: query stage revision=5b7ee9849d47f5ee67d04eb6ca4588beacf42dce75e5a1b481dfd02607b1fb20 table="directory" seconds=2.365e-6 stage="query_admission"
2026-09-09T20:40:31.371174Z DEBUG transparent_shard_server::service: query stage revision=5b7ee9849d47f5ee67d04eb6ca4588beacf42dce75e5a1b481dfd02607b1fb20 table="directory" seconds=5.666e-6 stage="query_runtime"
2026-09-09T20:40:31.371450Z DEBUG transparent_shard_server::service: query stage revision=5b7ee9849d47f5ee67d04eb6ca4588beacf42dce75e5a1b481dfd02607b1fb20 table="directory" seconds=1.176e-6 stage="query_admission"
2026-09-09T20:40:31.371459Z DEBUG transparent_shard_server::service: query stage revision=5b7ee9849d47f5ee67d04eb6ca4588beacf42dce75e5a1b481dfd02607b1fb20 table="directory" seconds=2.212e-6 stage="query_runtime"
2026-09-09T20:40:31.372174Z DEBUG transparent_shard_server::service: query stage revision=5b7ee9849d47f5ee67d04eb6ca4588beacf42dce75e5a1b481dfd02607b1fb20 table="directory" seconds=0.000918764 stage="query_dispatch"
2026-09-09T20:40:31.373202Z DEBUG transparent_shard_server::service: query stage revision=5b7ee9849d47f5ee67d04eb6ca4588beacf42dce75e5a1b481dfd02607b1fb20 table="directory" seconds=0.001635198 stage="query_dispatch"
2026-09-09T20:40:31.435327Z DEBUG transparent_shard_server::service: query stage revision=5b7ee9849d47f5ee67d04eb6ca4588beacf42dce75e5a1b481dfd02607b1fb20 table="directory" seconds=0.063131111 stage="query_evaluate"
2026-09-09T20:40:31.435334Z DEBUG transparent_shard_server::service: query stage revision=5b7ee9849d47f5ee67d04eb6ca4588beacf42dce75e5a1b481dfd02607b1fb20 table="directory" seconds=0.062110863 stage="query_evaluate"
2026-09-09T20:40:31.593886Z DEBUG transparent_shard_server::service: query stage revision=5b7ee9849d47f5ee67d04eb6ca4588beacf42dce75e5a1b481dfd02607b1fb20 table="pages" seconds=3.035e-6 stage="query_admission"
2026-09-09T20:40:31.593923Z DEBUG transparent_shard_server::service: query stage revision=5b7ee9849d47f5ee67d04eb6ca4588beacf42dce75e5a1b481dfd02607b1fb20 table="pages" seconds=5.102e-6 stage="query_runtime"
2026-09-09T20:40:31.594018Z DEBUG transparent_shard_server::service: query stage revision=5b7ee9849d47f5ee67d04eb6ca4588beacf42dce75e5a1b481dfd02607b1fb20 table="pages" seconds=1.3918e-5 stage="query_dispatch"
2026-09-09T20:40:31.598363Z DEBUG transparent_shard_server::service: query stage revision=5b7ee9849d47f5ee67d04eb6ca4588beacf42dce75e5a1b481dfd02607b1fb20 table="pages" seconds=2.329e-6 stage="query_admission"
2026-09-09T20:40:31.598417Z DEBUG transparent_shard_server::service: query stage revision=5b7ee9849d47f5ee67d04eb6ca4588beacf42dce75e5a1b481dfd02607b1fb20 table="pages" seconds=5.483e-6 stage="query_runtime"
2026-09-09T20:40:31.598544Z DEBUG transparent_shard_server::service: query stage revision=5b7ee9849d47f5ee67d04eb6ca4588beacf42dce75e5a1b481dfd02607b1fb20 table="pages" seconds=4.2029e-5 stage="query_dispatch"
2026-09-09T20:40:31.607278Z DEBUG transparent_shard_server::service: query stage revision=5b7ee9849d47f5ee67d04eb6ca4588beacf42dce75e5a1b481dfd02607b1fb20 table="pages" seconds=0.013240289 stage="query_evaluate"
2026-09-09T20:40:31.619426Z DEBUG transparent_shard_server::service: query stage revision=5b7ee9849d47f5ee67d04eb6ca4588beacf42dce75e5a1b481dfd02607b1fb20 table="pages" seconds=0.02085875 stage="query_evaluate"
2026-09-09T20:40:31.763545Z DEBUG transparent_shard_server::service: query stage revision=5b7ee9849d47f5ee67d04eb6ca4588beacf42dce75e5a1b481dfd02607b1fb20 table="directory" seconds=2.999e-6 stage="query_admission"
2026-09-09T20:40:31.763581Z DEBUG transparent_shard_server::service: query stage revision=5b7ee9849d47f5ee67d04eb6ca4588beacf42dce75e5a1b481dfd02607b1fb20 table="directory" seconds=5.831e-6 stage="query_runtime"
2026-09-09T20:40:31.763664Z DEBUG transparent_shard_server::service: query stage revision=5b7ee9849d47f5ee67d04eb6ca4588beacf42dce75e5a1b481dfd02607b1fb20 table="directory" seconds=2.1785e-5 stage="query_dispatch"
2026-09-09T20:40:31.776057Z DEBUG transparent_shard_server::service: query stage revision=5b7ee9849d47f5ee67d04eb6ca4588beacf42dce75e5a1b481dfd02607b1fb20 table="directory" seconds=2.237e-6 stage="query_admission"
2026-09-09T20:40:31.776090Z DEBUG transparent_shard_server::service: query stage revision=5b7ee9849d47f5ee67d04eb6ca4588beacf42dce75e5a1b481dfd02607b1fb20 table="directory" seconds=4.473e-6 stage="query_runtime"
2026-09-09T20:40:31.776190Z DEBUG transparent_shard_server::service: query stage revision=5b7ee9849d47f5ee67d04eb6ca4588beacf42dce75e5a1b481dfd02607b1fb20 table="directory" seconds=1.8804e-5 stage="query_dispatch"
2026-09-09T20:40:31.776697Z DEBUG transparent_shard_server::service: query stage revision=5b7ee9849d47f5ee67d04eb6ca4588beacf42dce75e5a1b481dfd02607b1fb20 table="directory" seconds=0.013017584 stage="query_evaluate"
2026-09-09T20:40:31.788707Z DEBUG transparent_shard_server::service: query stage revision=5b7ee9849d47f5ee67d04eb6ca4588beacf42dce75e5a1b481dfd02607b1fb20 table="directory" seconds=0.012490978 stage="query_evaluate"
2026-09-09T20:40:31.932736Z DEBUG transparent_shard_server::service: query stage revision=5b7ee9849d47f5ee67d04eb6ca4588beacf42dce75e5a1b481dfd02607b1fb20 table="pages" seconds=2.907e-6 stage="query_admission"
2026-09-09T20:40:31.932773Z DEBUG transparent_shard_server::service: query stage revision=5b7ee9849d47f5ee67d04eb6ca4588beacf42dce75e5a1b481dfd02607b1fb20 table="pages" seconds=5.942e-6 stage="query_runtime"
2026-09-09T20:40:31.932883Z DEBUG transparent_shard_server::service: query stage revision=5b7ee9849d47f5ee67d04eb6ca4588beacf42dce75e5a1b481dfd02607b1fb20 table="pages" seconds=2.2564e-5 stage="query_dispatch"
2026-09-09T20:40:31.943366Z DEBUG transparent_shard_server::service: query stage revision=5b7ee9849d47f5ee67d04eb6ca4588beacf42dce75e5a1b481dfd02607b1fb20 table="pages" seconds=2.717e-6 stage="query_admission"
2026-09-09T20:40:31.943408Z DEBUG transparent_shard_server::service: query stage revision=5b7ee9849d47f5ee67d04eb6ca4588beacf42dce75e5a1b481dfd02607b1fb20 table="pages" seconds=4.638e-6 stage="query_runtime"
2026-09-09T20:40:31.944680Z DEBUG transparent_shard_server::service: query stage revision=5b7ee9849d47f5ee67d04eb6ca4588beacf42dce75e5a1b481dfd02607b1fb20 table="pages" seconds=0.001203485 stage="query_dispatch"
2026-09-09T20:40:31.945881Z DEBUG transparent_shard_server::service: query stage revision=5b7ee9849d47f5ee67d04eb6ca4588beacf42dce75e5a1b481dfd02607b1fb20 table="pages" seconds=0.012981592 stage="query_evaluate"
2026-09-09T20:40:31.960651Z DEBUG transparent_shard_server::service: query stage revision=5b7ee9849d47f5ee67d04eb6ca4588beacf42dce75e5a1b481dfd02607b1fb20 table="pages" seconds=0.015944809 stage="query_evaluate"
2026-09-09T20:40:32.101578Z DEBUG transparent_shard_server::service: query stage revision=5b7ee9849d47f5ee67d04eb6ca4588beacf42dce75e5a1b481dfd02607b1fb20 table="directory" seconds=2.958e-6 stage="query_admission"
2026-09-09T20:40:32.101616Z DEBUG transparent_shard_server::service: query stage revision=5b7ee9849d47f5ee67d04eb6ca4588beacf42dce75e5a1b481dfd02607b1fb20 table="directory" seconds=5.771e-6 stage="query_runtime"
2026-09-09T20:40:32.101705Z DEBUG transparent_shard_server::service: query stage revision=5b7ee9849d47f5ee67d04eb6ca4588beacf42dce75e5a1b481dfd02607b1fb20 table="directory" seconds=1.3672e-5 stage="query_dispatch"
2026-09-09T20:40:32.116046Z DEBUG transparent_shard_server::service: query stage revision=5b7ee9849d47f5ee67d04eb6ca4588beacf42dce75e5a1b481dfd02607b1fb20 table="directory" seconds=3.025e-6 stage="query_admission"
2026-09-09T20:40:32.116084Z DEBUG transparent_shard_server::service: query stage revision=5b7ee9849d47f5ee67d04eb6ca4588beacf42dce75e5a1b481dfd02607b1fb20 table="directory" seconds=7.064e-6 stage="query_runtime"
2026-09-09T20:40:32.116325Z DEBUG transparent_shard_server::service: query stage revision=5b7ee9849d47f5ee67d04eb6ca4588beacf42dce75e5a1b481dfd02607b1fb20 table="directory" seconds=0.000168454 stage="query_dispatch"
2026-09-09T20:40:32.121327Z DEBUG transparent_shard_server::service: query stage revision=5b7ee9849d47f5ee67d04eb6ca4588beacf42dce75e5a1b481dfd02607b1fb20 table="directory" seconds=0.01961535 stage="query_evaluate"
2026-09-09T20:40:32.131659Z DEBUG transparent_shard_server::service: query stage revision=5b7ee9849d47f5ee67d04eb6ca4588beacf42dce75e5a1b481dfd02607b1fb20 table="directory" seconds=0.015303784 stage="query_evaluate"
2026-09-09T20:40:32.276508Z DEBUG transparent_shard_server::service: query stage revision=5b7ee9849d47f5ee67d04eb6ca4588beacf42dce75e5a1b481dfd02607b1fb20 table="pages" seconds=3.031e-6 stage="query_admission"
2026-09-09T20:40:32.276546Z DEBUG transparent_shard_server::service: query stage revision=5b7ee9849d47f5ee67d04eb6ca4588beacf42dce75e5a1b481dfd02607b1fb20 table="pages" seconds=6.629e-6 stage="query_runtime"
2026-09-09T20:40:32.276637Z DEBUG transparent_shard_server::service: query stage revision=5b7ee9849d47f5ee67d04eb6ca4588beacf42dce75e5a1b481dfd02607b1fb20 table="pages" seconds=2.4011e-5 stage="query_dispatch"
2026-09-09T20:40:32.288526Z DEBUG transparent_shard_server::service: query stage revision=5b7ee9849d47f5ee67d04eb6ca4588beacf42dce75e5a1b481dfd02607b1fb20 table="pages" seconds=3.578e-6 stage="query_admission"
2026-09-09T20:40:32.288562Z DEBUG transparent_shard_server::service: query stage revision=5b7ee9849d47f5ee67d04eb6ca4588beacf42dce75e5a1b481dfd02607b1fb20 table="pages" seconds=5.906e-6 stage="query_runtime"
2026-09-09T20:40:32.288655Z DEBUG transparent_shard_server::service: query stage revision=5b7ee9849d47f5ee67d04eb6ca4588beacf42dce75e5a1b481dfd02607b1fb20 table="pages" seconds=1.7747e-5 stage="query_dispatch"
2026-09-09T20:40:32.304829Z DEBUG transparent_shard_server::service: query stage revision=5b7ee9849d47f5ee67d04eb6ca4588beacf42dce75e5a1b481dfd02607b1fb20 table="pages" seconds=0.02817161 stage="query_evaluate"
2026-09-09T20:40:32.305062Z DEBUG transparent_shard_server::service: query stage revision=5b7ee9849d47f5ee67d04eb6ca4588beacf42dce75e5a1b481dfd02607b1fb20 table="pages" seconds=0.016385366 stage="query_evaluate"
2026-09-09T20:40:32.368030Z DEBUG transparent_shard_server::runtime: construction stage geometry="recent-8k" table="directory" seconds=2.030743917 stage="pack_preprocessing"
2026-09-09T20:40:32.368370Z DEBUG transparent_shard_server::runtime: construction stage geometry="recent-8k" table="directory" seconds=0.000298174 stage="publish_parameters"
2026-09-09T20:40:32.369212Z DEBUG transparent_shard_server::runtime: runtime stage key=("be059aab39ac34125e0452548d6fbcfb1e7cdb7237a597bd59ee86011ed4882b", Directory, 0) seconds=2.858209478 stage="runtime_build"
2026-09-09T20:40:32.369376Z DEBUG transparent_shard_server::runtime: runtime stage key=("be059aab39ac34125e0452548d6fbcfb1e7cdb7237a597bd59ee86011ed4882b", Pages, 0) seconds=3.001930175 stage="build_slot"
2026-09-09T20:40:32.369469Z DEBUG transparent_shard_server::memory: cold build admission wait seconds=7.5479e-5 admitted=true
2026-09-09T20:40:32.458211Z DEBUG transparent_shard_server::service: query stage revision=5b7ee9849d47f5ee67d04eb6ca4588beacf42dce75e5a1b481dfd02607b1fb20 table="directory" seconds=2.347e-6 stage="query_admission"
2026-09-09T20:40:32.458240Z DEBUG transparent_shard_server::service: query stage revision=5b7ee9849d47f5ee67d04eb6ca4588beacf42dce75e5a1b481dfd02607b1fb20 table="directory" seconds=4.557e-6 stage="query_runtime"
2026-09-09T20:40:32.458342Z DEBUG transparent_shard_server::service: query stage revision=5b7ee9849d47f5ee67d04eb6ca4588beacf42dce75e5a1b481dfd02607b1fb20 table="directory" seconds=3.011e-5 stage="query_dispatch"
2026-09-09T20:40:32.458571Z DEBUG transparent_shard_server::service: query stage revision=5b7ee9849d47f5ee67d04eb6ca4588beacf42dce75e5a1b481dfd02607b1fb20 table="directory" seconds=1.836e-6 stage="query_admission"
2026-09-09T20:40:32.458586Z DEBUG transparent_shard_server::service: query stage revision=5b7ee9849d47f5ee67d04eb6ca4588beacf42dce75e5a1b481dfd02607b1fb20 table="directory" seconds=3.388e-6 stage="query_runtime"
2026-09-09T20:40:32.458817Z DEBUG transparent_shard_server::service: query stage revision=5b7ee9849d47f5ee67d04eb6ca4588beacf42dce75e5a1b481dfd02607b1fb20 table="directory" seconds=0.000167986 stage="query_dispatch"
2026-09-09T20:40:32.487810Z DEBUG transparent_shard_server::service: query stage revision=5b7ee9849d47f5ee67d04eb6ca4588beacf42dce75e5a1b481dfd02607b1fb20 table="directory" seconds=0.028981193 stage="query_evaluate"
2026-09-09T20:40:32.489764Z DEBUG transparent_shard_server::service: query stage revision=5b7ee9849d47f5ee67d04eb6ca4588beacf42dce75e5a1b481dfd02607b1fb20 table="directory" seconds=0.031401371 stage="query_evaluate"
2026-09-09T20:40:32.522797Z DEBUG transparent_shard_server::runtime: runtime stage key=("be059aab39ac34125e0452548d6fbcfb1e7cdb7237a597bd59ee86011ed4882b", Pages, 0) seconds=0.153285697 stage="source_load"
2026-09-09T20:40:32.644236Z DEBUG transparent_shard_server::service: query stage revision=5b7ee9849d47f5ee67d04eb6ca4588beacf42dce75e5a1b481dfd02607b1fb20 table="pages" seconds=2.919e-6 stage="query_admission"
2026-09-09T20:40:32.644268Z DEBUG transparent_shard_server::service: query stage revision=5b7ee9849d47f5ee67d04eb6ca4588beacf42dce75e5a1b481dfd02607b1fb20 table="pages" seconds=5.399e-6 stage="query_runtime"
2026-09-09T20:40:32.644414Z DEBUG transparent_shard_server::service: query stage revision=5b7ee9849d47f5ee67d04eb6ca4588beacf42dce75e5a1b481dfd02607b1fb20 table="pages" seconds=1.929e-6 stage="query_admission"
2026-09-09T20:40:32.644434Z DEBUG transparent_shard_server::service: query stage revision=5b7ee9849d47f5ee67d04eb6ca4588beacf42dce75e5a1b481dfd02607b1fb20 table="pages" seconds=4.238e-6 stage="query_runtime"
2026-09-09T20:40:32.644415Z DEBUG transparent_shard_server::service: query stage revision=5b7ee9849d47f5ee67d04eb6ca4588beacf42dce75e5a1b481dfd02607b1fb20 table="pages" seconds=2.8558e-5 stage="query_dispatch"
2026-09-09T20:40:32.644509Z DEBUG transparent_shard_server::service: query stage revision=5b7ee9849d47f5ee67d04eb6ca4588beacf42dce75e5a1b481dfd02607b1fb20 table="pages" seconds=1.162e-5 stage="query_dispatch"
2026-09-09T20:40:32.669322Z DEBUG transparent_shard_server::service: query stage revision=5b7ee9849d47f5ee67d04eb6ca4588beacf42dce75e5a1b481dfd02607b1fb20 table="pages" seconds=0.024862112 stage="query_evaluate"
2026-09-09T20:40:32.670018Z DEBUG transparent_shard_server::service: query stage revision=5b7ee9849d47f5ee67d04eb6ca4588beacf42dce75e5a1b481dfd02607b1fb20 table="pages" seconds=0.025503506 stage="query_evaluate"
2026-09-09T20:40:32.825470Z DEBUG transparent_shard_server::service: query stage revision=5b7ee9849d47f5ee67d04eb6ca4588beacf42dce75e5a1b481dfd02607b1fb20 table="directory" seconds=2.929e-6 stage="query_admission"
2026-09-09T20:40:32.825500Z DEBUG transparent_shard_server::service: query stage revision=5b7ee9849d47f5ee67d04eb6ca4588beacf42dce75e5a1b481dfd02607b1fb20 table="directory" seconds=7.883e-6 stage="query_runtime"
2026-09-09T20:40:32.825611Z DEBUG transparent_shard_server::service: query stage revision=5b7ee9849d47f5ee67d04eb6ca4588beacf42dce75e5a1b481dfd02607b1fb20 table="directory" seconds=3.2799e-5 stage="query_dispatch"
2026-09-09T20:40:32.829449Z DEBUG transparent_shard_server::service: query stage revision=5b7ee9849d47f5ee67d04eb6ca4588beacf42dce75e5a1b481dfd02607b1fb20 table="directory" seconds=2.549e-6 stage="query_admission"
2026-09-09T20:40:32.829473Z DEBUG transparent_shard_server::service: query stage revision=5b7ee9849d47f5ee67d04eb6ca4588beacf42dce75e5a1b481dfd02607b1fb20 table="directory" seconds=6.136e-6 stage="query_runtime"
2026-09-09T20:40:32.829788Z DEBUG transparent_shard_server::service: query stage revision=5b7ee9849d47f5ee67d04eb6ca4588beacf42dce75e5a1b481dfd02607b1fb20 table="directory" seconds=0.000247639 stage="query_dispatch"
2026-09-09T20:40:32.832468Z DEBUG transparent_shard_server::runtime: construction stage geometry="recent-8k" table="pages" seconds=0.309642623 stage="encode_database"
2026-09-09T20:40:32.832594Z DEBUG transparent_shard_server::runtime: construction stage geometry="recent-8k" table="pages" seconds=0.000100711 stage="public_setup"
2026-09-09T20:40:33.109236Z DEBUG transparent_shard_server::runtime: runtime stage key=("be059aab39ac34125e0452548d6fbcfb1e7cdb7237a597bd59ee86011ed4882b", Directory, 0) seconds=0.739944735 stage="disk_save"
2026-09-09T20:40:33.425733Z DEBUG transparent_shard_server::service: query stage revision=5b7ee9849d47f5ee67d04eb6ca4588beacf42dce75e5a1b481dfd02607b1fb20 table="directory" seconds=0.600100144 stage="query_evaluate"
2026-09-09T20:40:33.425961Z DEBUG transparent_shard_server::runtime: construction stage geometry="recent-8k" table="pages" seconds=0.593360587 stage="hint_columns"
2026-09-09T20:40:33.435022Z DEBUG transparent_shard_server::service: query stage revision=5b7ee9849d47f5ee67d04eb6ca4588beacf42dce75e5a1b481dfd02607b1fb20 table="directory" seconds=0.605216101 stage="query_evaluate"
2026-09-09T20:40:33.584069Z DEBUG transparent_shard_server::service: query stage revision=5b7ee9849d47f5ee67d04eb6ca4588beacf42dce75e5a1b481dfd02607b1fb20 table="pages" seconds=2.424e-6 stage="query_admission"
2026-09-09T20:40:33.584106Z DEBUG transparent_shard_server::service: query stage revision=5b7ee9849d47f5ee67d04eb6ca4588beacf42dce75e5a1b481dfd02607b1fb20 table="pages" seconds=4.766e-6 stage="query_runtime"
2026-09-09T20:40:33.584218Z DEBUG transparent_shard_server::service: query stage revision=5b7ee9849d47f5ee67d04eb6ca4588beacf42dce75e5a1b481dfd02607b1fb20 table="pages" seconds=2.2262e-5 stage="query_dispatch"
2026-09-09T20:40:33.589525Z DEBUG transparent_shard_server::service: query stage revision=5b7ee9849d47f5ee67d04eb6ca4588beacf42dce75e5a1b481dfd02607b1fb20 table="pages" seconds=2.42e-6 stage="query_admission"
2026-09-09T20:40:33.589560Z DEBUG transparent_shard_server::service: query stage revision=5b7ee9849d47f5ee67d04eb6ca4588beacf42dce75e5a1b481dfd02607b1fb20 table="pages" seconds=6.026e-6 stage="query_runtime"
2026-09-09T20:40:33.589670Z DEBUG transparent_shard_server::service: query stage revision=5b7ee9849d47f5ee67d04eb6ca4588beacf42dce75e5a1b481dfd02607b1fb20 table="pages" seconds=1.9483e-5 stage="query_dispatch"
2026-09-09T20:40:33.602490Z DEBUG transparent_shard_server::service: query stage revision=5b7ee9849d47f5ee67d04eb6ca4588beacf42dce75e5a1b481dfd02607b1fb20 table="pages" seconds=0.012798972 stage="query_evaluate"
2026-09-09T20:40:33.602517Z DEBUG transparent_shard_server::service: query stage revision=5b7ee9849d47f5ee67d04eb6ca4588beacf42dce75e5a1b481dfd02607b1fb20 table="pages" seconds=0.018272833 stage="query_evaluate"
2026-09-09T20:40:33.760077Z DEBUG transparent_shard_server::service: query stage revision=5b7ee9849d47f5ee67d04eb6ca4588beacf42dce75e5a1b481dfd02607b1fb20 table="directory" seconds=2.576e-6 stage="query_admission"
2026-09-09T20:40:33.760115Z DEBUG transparent_shard_server::service: query stage revision=5b7ee9849d47f5ee67d04eb6ca4588beacf42dce75e5a1b481dfd02607b1fb20 table="directory" seconds=4.515e-6 stage="query_runtime"
2026-09-09T20:40:33.760228Z DEBUG transparent_shard_server::service: query stage revision=5b7ee9849d47f5ee67d04eb6ca4588beacf42dce75e5a1b481dfd02607b1fb20 table="directory" seconds=1.806e-6 stage="query_admission"
2026-09-09T20:40:33.760232Z DEBUG transparent_shard_server::service: query stage revision=5b7ee9849d47f5ee67d04eb6ca4588beacf42dce75e5a1b481dfd02607b1fb20 table="directory" seconds=2.2326e-5 stage="query_dispatch"
2026-09-09T20:40:33.760258Z DEBUG transparent_shard_server::service: query stage revision=5b7ee9849d47f5ee67d04eb6ca4588beacf42dce75e5a1b481dfd02607b1fb20 table="directory" seconds=3.478e-6 stage="query_runtime"
2026-09-09T20:40:33.760640Z DEBUG transparent_shard_server::service: query stage revision=5b7ee9849d47f5ee67d04eb6ca4588beacf42dce75e5a1b481dfd02607b1fb20 table="directory" seconds=0.000301471 stage="query_dispatch"
2026-09-09T20:40:33.777582Z DEBUG transparent_shard_server::service: query stage revision=5b7ee9849d47f5ee67d04eb6ca4588beacf42dce75e5a1b481dfd02607b1fb20 table="directory" seconds=0.017312729 stage="query_evaluate"
2026-09-09T20:40:33.778181Z DEBUG transparent_shard_server::service: query stage revision=5b7ee9849d47f5ee67d04eb6ca4588beacf42dce75e5a1b481dfd02607b1fb20 table="directory" seconds=0.017534177 stage="query_evaluate"
2026-09-09T20:40:33.932069Z DEBUG transparent_shard_server::service: query stage revision=5b7ee9849d47f5ee67d04eb6ca4588beacf42dce75e5a1b481dfd02607b1fb20 table="pages" seconds=2.554e-6 stage="query_admission"
2026-09-09T20:40:33.932105Z DEBUG transparent_shard_server::service: query stage revision=5b7ee9849d47f5ee67d04eb6ca4588beacf42dce75e5a1b481dfd02607b1fb20 table="pages" seconds=4.902e-6 stage="query_runtime"
2026-09-09T20:40:33.932106Z DEBUG transparent_shard_server::service: query stage revision=5b7ee9849d47f5ee67d04eb6ca4588beacf42dce75e5a1b481dfd02607b1fb20 table="pages" seconds=1.958e-6 stage="query_admission"
2026-09-09T20:40:33.932126Z DEBUG transparent_shard_server::service: query stage revision=5b7ee9849d47f5ee67d04eb6ca4588beacf42dce75e5a1b481dfd02607b1fb20 table="pages" seconds=3.587e-6 stage="query_runtime"
2026-09-09T20:40:33.932213Z DEBUG transparent_shard_server::service: query stage revision=5b7ee9849d47f5ee67d04eb6ca4588beacf42dce75e5a1b481dfd02607b1fb20 table="pages" seconds=1.6134e-5 stage="query_dispatch"
2026-09-09T20:40:33.934873Z DEBUG transparent_shard_server::service: query stage revision=5b7ee9849d47f5ee67d04eb6ca4588beacf42dce75e5a1b481dfd02607b1fb20 table="pages" seconds=2.194e-5 stage="query_dispatch"
2026-09-09T20:40:33.947297Z DEBUG transparent_shard_server::service: query stage revision=5b7ee9849d47f5ee67d04eb6ca4588beacf42dce75e5a1b481dfd02607b1fb20 table="pages" seconds=0.012398568 stage="query_evaluate"
2026-09-09T20:40:33.953493Z DEBUG transparent_shard_server::service: query stage revision=5b7ee9849d47f5ee67d04eb6ca4588beacf42dce75e5a1b481dfd02607b1fb20 table="pages" seconds=0.02126714 stage="query_evaluate"
2026-09-09T20:40:34.107569Z DEBUG transparent_shard_server::service: query stage revision=5b7ee9849d47f5ee67d04eb6ca4588beacf42dce75e5a1b481dfd02607b1fb20 table="directory" seconds=2.728e-6 stage="query_admission"
2026-09-09T20:40:34.107620Z DEBUG transparent_shard_server::service: query stage revision=5b7ee9849d47f5ee67d04eb6ca4588beacf42dce75e5a1b481dfd02607b1fb20 table="directory" seconds=6.195e-6 stage="query_runtime"
2026-09-09T20:40:34.107703Z DEBUG transparent_shard_server::service: query stage revision=5b7ee9849d47f5ee67d04eb6ca4588beacf42dce75e5a1b481dfd02607b1fb20 table="directory" seconds=1.751e-6 stage="query_admission"
2026-09-09T20:40:34.107727Z DEBUG transparent_shard_server::service: query stage revision=5b7ee9849d47f5ee67d04eb6ca4588beacf42dce75e5a1b481dfd02607b1fb20 table="directory" seconds=3.749e-6 stage="query_runtime"
2026-09-09T20:40:34.107743Z DEBUG transparent_shard_server::service: query stage revision=5b7ee9849d47f5ee67d04eb6ca4588beacf42dce75e5a1b481dfd02607b1fb20 table="directory" seconds=4.6687e-5 stage="query_dispatch"
2026-09-09T20:40:34.107807Z DEBUG transparent_shard_server::service: query stage revision=5b7ee9849d47f5ee67d04eb6ca4588beacf42dce75e5a1b481dfd02607b1fb20 table="directory" seconds=1.4156e-5 stage="query_dispatch"
2026-09-09T20:40:34.124924Z DEBUG transparent_shard_server::service: query stage revision=5b7ee9849d47f5ee67d04eb6ca4588beacf42dce75e5a1b481dfd02607b1fb20 table="directory" seconds=0.017110894 stage="query_evaluate"
2026-09-09T20:40:34.125517Z DEBUG transparent_shard_server::service: query stage revision=5b7ee9849d47f5ee67d04eb6ca4588beacf42dce75e5a1b481dfd02607b1fb20 table="directory" seconds=0.017759834 stage="query_evaluate"
2026-09-09T20:40:34.287773Z DEBUG transparent_shard_server::service: query stage revision=5b7ee9849d47f5ee67d04eb6ca4588beacf42dce75e5a1b481dfd02607b1fb20 table="pages" seconds=2.748e-6 stage="query_admission"
2026-09-09T20:40:34.287808Z DEBUG transparent_shard_server::service: query stage revision=5b7ee9849d47f5ee67d04eb6ca4588beacf42dce75e5a1b481dfd02607b1fb20 table="pages" seconds=4.826e-6 stage="query_runtime"
2026-09-09T20:40:34.287905Z DEBUG transparent_shard_server::service: query stage revision=5b7ee9849d47f5ee67d04eb6ca4588beacf42dce75e5a1b481dfd02607b1fb20 table="pages" seconds=2.3759e-5 stage="query_dispatch"
2026-09-09T20:40:34.289302Z DEBUG transparent_shard_server::service: query stage revision=5b7ee9849d47f5ee67d04eb6ca4588beacf42dce75e5a1b481dfd02607b1fb20 table="pages" seconds=1.755e-6 stage="query_admission"
2026-09-09T20:40:34.289322Z DEBUG transparent_shard_server::service: query stage revision=5b7ee9849d47f5ee67d04eb6ca4588beacf42dce75e5a1b481dfd02607b1fb20 table="pages" seconds=3.477e-6 stage="query_runtime"
2026-09-09T20:40:34.289391Z DEBUG transparent_shard_server::service: query stage revision=5b7ee9849d47f5ee67d04eb6ca4588beacf42dce75e5a1b481dfd02607b1fb20 table="pages" seconds=1.8015e-5 stage="query_dispatch"
2026-09-09T20:40:34.313103Z DEBUG transparent_shard_server::service: query stage revision=5b7ee9849d47f5ee67d04eb6ca4588beacf42dce75e5a1b481dfd02607b1fb20 table="pages" seconds=0.023691004 stage="query_evaluate"
2026-09-09T20:40:34.313112Z DEBUG transparent_shard_server::service: query stage revision=5b7ee9849d47f5ee67d04eb6ca4588beacf42dce75e5a1b481dfd02607b1fb20 table="pages" seconds=0.025199942 stage="query_evaluate"
2026-09-09T20:40:34.476438Z DEBUG transparent_shard_server::service: query stage revision=5b7ee9849d47f5ee67d04eb6ca4588beacf42dce75e5a1b481dfd02607b1fb20 table="directory" seconds=2.177e-6 stage="query_admission"
2026-09-09T20:40:34.476460Z DEBUG transparent_shard_server::service: query stage revision=5b7ee9849d47f5ee67d04eb6ca4588beacf42dce75e5a1b481dfd02607b1fb20 table="directory" seconds=1.92e-6 stage="query_admission"
2026-09-09T20:40:34.476483Z DEBUG transparent_shard_server::service: query stage revision=5b7ee9849d47f5ee67d04eb6ca4588beacf42dce75e5a1b481dfd02607b1fb20 table="directory" seconds=4.285e-6 stage="query_runtime"
2026-09-09T20:40:34.476472Z DEBUG transparent_shard_server::service: query stage revision=5b7ee9849d47f5ee67d04eb6ca4588beacf42dce75e5a1b481dfd02607b1fb20 table="directory" seconds=4.603e-6 stage="query_runtime"
2026-09-09T20:40:34.476588Z DEBUG transparent_shard_server::service: query stage revision=5b7ee9849d47f5ee67d04eb6ca4588beacf42dce75e5a1b481dfd02607b1fb20 table="directory" seconds=1.6282e-5 stage="query_dispatch"
2026-09-09T20:40:34.480209Z DEBUG transparent_shard_server::service: query stage revision=5b7ee9849d47f5ee67d04eb6ca4588beacf42dce75e5a1b481dfd02607b1fb20 table="directory" seconds=0.003630308 stage="query_dispatch"
2026-09-09T20:40:35.412839Z DEBUG transparent_shard_server::service: query stage revision=5b7ee9849d47f5ee67d04eb6ca4588beacf42dce75e5a1b481dfd02607b1fb20 table="directory" seconds=0.932605278 stage="query_evaluate"
2026-09-09T20:40:35.413578Z DEBUG transparent_shard_server::service: query stage revision=5b7ee9849d47f5ee67d04eb6ca4588beacf42dce75e5a1b481dfd02607b1fb20 table="directory" seconds=0.936977605 stage="query_evaluate"
2026-09-09T20:40:35.437776Z DEBUG transparent_shard_server::runtime: construction stage geometry="recent-8k" table="pages" seconds=2.011789676 stage="pack_preprocessing"
2026-09-09T20:40:35.438125Z DEBUG transparent_shard_server::runtime: construction stage geometry="recent-8k" table="pages" seconds=0.000319949 stage="publish_parameters"
2026-09-09T20:40:35.438965Z DEBUG transparent_shard_server::runtime: runtime stage key=("be059aab39ac34125e0452548d6fbcfb1e7cdb7237a597bd59ee86011ed4882b", Pages, 0) seconds=2.91614135 stage="runtime_build"
2026-09-09T20:40:35.439042Z  INFO transparent_shard_server::service: prewarm finished warm=28 target=28 failed=0 seconds=6.071988892
2026-09-09T20:40:35.439109Z DEBUG transparent_shard_server::live: publication preparation stages map=32426d9e9300c44558210d8540b636402af2b3c322627f9e9f26e0082b489725 loading_seconds=0.584669957 warming_seconds=6.072210957
2026-09-09T20:40:35.494724Z  INFO transparent_shard_server::runtime: retired runtime memory reclaimed rss_before=4942753792 rss_after=4488749056
2026-09-09T20:40:35.537593Z DEBUG transparent_shard_server::runtime: runtime stage key=("5b7ee9849d47f5ee67d04eb6ca4588beacf42dce75e5a1b481dfd02607b1fb20", Pages, 0) seconds=1.07e-6 stage="restore_slot"
2026-09-09T20:40:36.042291Z DEBUG transparent_shard_server::runtime: runtime stage key=("268f5c527d35817d37919707b04a706c850d449156baa071b5438dbf8eb53aec", Directory, 0) seconds=2.012e-6 stage="restore_slot"
2026-09-09T20:40:36.042397Z DEBUG transparent_shard_server::runtime: runtime stage key=("268f5c527d35817d37919707b04a706c850d449156baa071b5438dbf8eb53aec", Pages, 0) seconds=2.59e-7 stage="restore_slot"
2026-09-09T20:40:36.042451Z DEBUG transparent_shard_server::runtime: runtime stage key=("268f5c527d35817d37919707b04a706c850d449156baa071b5438dbf8eb53aec", Directory, 0) seconds=4.6343e-5 hit=false stage="disk_restore"
2026-09-09T20:40:36.042470Z DEBUG transparent_shard_server::runtime: runtime stage key=("268f5c527d35817d37919707b04a706c850d449156baa071b5438dbf8eb53aec", Pages, 0) seconds=3.2261e-5 hit=false stage="disk_restore"
2026-09-09T20:40:36.042484Z DEBUG transparent_shard_server::runtime: runtime stage key=("268f5c527d35817d37919707b04a706c850d449156baa071b5438dbf8eb53aec", Directory, 0) seconds=7.59e-7 stage="build_slot"
2026-09-09T20:40:36.042514Z DEBUG transparent_shard_server::memory: cold build admission wait seconds=2.5331e-5 admitted=true
2026-09-09T20:40:36.199995Z DEBUG transparent_shard_server::runtime: runtime stage key=("be059aab39ac34125e0452548d6fbcfb1e7cdb7237a597bd59ee86011ed4882b", Pages, 0) seconds=0.76089635 stage="disk_save"
2026-09-09T20:40:36.207710Z DEBUG transparent_shard_server::runtime: runtime stage key=("268f5c527d35817d37919707b04a706c850d449156baa071b5438dbf8eb53aec", Directory, 0) seconds=0.165182504 stage="source_load"
2026-09-09T20:40:36.324823Z DEBUG transparent_shard_server::runtime: runtime stage key=("5b7ee9849d47f5ee67d04eb6ca4588beacf42dce75e5a1b481dfd02607b1fb20", Pages, 0) seconds=0.787117513 hit=true stage="disk_restore"
2026-09-09T20:40:36.449390Z DEBUG transparent_shard_server::runtime: runtime stage key=("5b7ee9849d47f5ee67d04eb6ca4588beacf42dce75e5a1b481dfd02607b1fb20", Pages, 0) seconds=0.12453157 stage="source_verify"
2026-09-09T20:40:36.449435Z  INFO transparent_shard_server::runtime: restored runtime cache seconds=0.911732041
2026-09-09T20:40:36.479448Z DEBUG transparent_shard_server::service: query stage revision=5b7ee9849d47f5ee67d04eb6ca4588beacf42dce75e5a1b481dfd02607b1fb20 table="pages" seconds=4.518e-6 stage="query_admission"
2026-09-09T20:40:36.479497Z DEBUG transparent_shard_server::service: query stage revision=5b7ee9849d47f5ee67d04eb6ca4588beacf42dce75e5a1b481dfd02607b1fb20 table="pages" seconds=8.046e-6 stage="query_runtime"
2026-09-09T20:40:36.479448Z DEBUG transparent_shard_server::service: query stage revision=5b7ee9849d47f5ee67d04eb6ca4588beacf42dce75e5a1b481dfd02607b1fb20 table="pages" seconds=4.539e-6 stage="query_admission"
2026-09-09T20:40:36.479510Z DEBUG transparent_shard_server::service: query stage revision=5b7ee9849d47f5ee67d04eb6ca4588beacf42dce75e5a1b481dfd02607b1fb20 table="pages" seconds=3.387e-6 stage="query_runtime"
2026-09-09T20:40:36.482183Z DEBUG transparent_shard_server::service: query stage revision=5b7ee9849d47f5ee67d04eb6ca4588beacf42dce75e5a1b481dfd02607b1fb20 table="pages" seconds=0.002564725 stage="query_dispatch"
2026-09-09T20:40:36.482225Z DEBUG transparent_shard_server::service: query stage revision=5b7ee9849d47f5ee67d04eb6ca4588beacf42dce75e5a1b481dfd02607b1fb20 table="pages" seconds=0.002607195 stage="query_dispatch"
2026-09-09T20:40:36.505184Z DEBUG transparent_shard_server::service: query stage revision=5b7ee9849d47f5ee67d04eb6ca4588beacf42dce75e5a1b481dfd02607b1fb20 table="pages" seconds=0.022970719 stage="query_evaluate"
2026-09-09T20:40:36.505244Z DEBUG transparent_shard_server::service: query stage revision=5b7ee9849d47f5ee67d04eb6ca4588beacf42dce75e5a1b481dfd02607b1fb20 table="pages" seconds=0.022999096 stage="query_evaluate"
2026-09-09T20:40:36.526624Z DEBUG transparent_shard_server::runtime: construction stage geometry="recent-8k" table="directory" seconds=0.318886287 stage="encode_database"
2026-09-09T20:40:36.526799Z DEBUG transparent_shard_server::runtime: construction stage geometry="recent-8k" table="directory" seconds=0.000144426 stage="public_setup"
2026-09-09T20:40:36.697647Z DEBUG transparent_shard_server::service: query stage revision=be059aab39ac34125e0452548d6fbcfb1e7cdb7237a597bd59ee86011ed4882b table="directory" seconds=2.768e-6 stage="query_admission"
2026-09-09T20:40:36.697682Z DEBUG transparent_shard_server::service: query stage revision=be059aab39ac34125e0452548d6fbcfb1e7cdb7237a597bd59ee86011ed4882b table="directory" seconds=5.263e-6 stage="query_runtime"
2026-09-09T20:40:36.699175Z DEBUG transparent_shard_server::service: query stage revision=be059aab39ac34125e0452548d6fbcfb1e7cdb7237a597bd59ee86011ed4882b table="directory" seconds=0.001417808 stage="query_dispatch"
2026-09-09T20:40:36.700024Z DEBUG transparent_shard_server::service: query stage revision=be059aab39ac34125e0452548d6fbcfb1e7cdb7237a597bd59ee86011ed4882b table="directory" seconds=1.851e-6 stage="query_admission"
2026-09-09T20:40:36.700042Z DEBUG transparent_shard_server::service: query stage revision=be059aab39ac34125e0452548d6fbcfb1e7cdb7237a597bd59ee86011ed4882b table="directory" seconds=4.66e-6 stage="query_runtime"
2026-09-09T20:40:36.700116Z DEBUG transparent_shard_server::service: query stage revision=be059aab39ac34125e0452548d6fbcfb1e7cdb7237a597bd59ee86011ed4882b table="directory" seconds=1.13e-5 stage="query_dispatch"
2026-09-09T20:40:37.075978Z DEBUG transparent_shard_server::service: query stage revision=be059aab39ac34125e0452548d6fbcfb1e7cdb7237a597bd59ee86011ed4882b table="directory" seconds=0.376772898 stage="query_evaluate"
2026-09-09T20:40:37.075996Z DEBUG transparent_shard_server::service: query stage revision=be059aab39ac34125e0452548d6fbcfb1e7cdb7237a597bd59ee86011ed4882b table="directory" seconds=0.375869989 stage="query_evaluate"
2026-09-09T20:40:37.076263Z DEBUG transparent_shard_server::runtime: construction stage geometry="recent-8k" table="directory" seconds=0.549458853 stage="hint_columns"
2026-09-09T20:40:37.260861Z DEBUG transparent_shard_server::service: query stage revision=be059aab39ac34125e0452548d6fbcfb1e7cdb7237a597bd59ee86011ed4882b table="pages" seconds=3.058e-6 stage="query_admission"
2026-09-09T20:40:37.260900Z DEBUG transparent_shard_server::service: query stage revision=be059aab39ac34125e0452548d6fbcfb1e7cdb7237a597bd59ee86011ed4882b table="pages" seconds=6.685e-6 stage="query_runtime"
2026-09-09T20:40:37.261013Z DEBUG transparent_shard_server::service: query stage revision=be059aab39ac34125e0452548d6fbcfb1e7cdb7237a597bd59ee86011ed4882b table="pages" seconds=1.4646e-5 stage="query_dispatch"
2026-09-09T20:40:37.261533Z DEBUG transparent_shard_server::service: query stage revision=be059aab39ac34125e0452548d6fbcfb1e7cdb7237a597bd59ee86011ed4882b table="pages" seconds=1.865e-6 stage="query_admission"
2026-09-09T20:40:37.261555Z DEBUG transparent_shard_server::service: query stage revision=be059aab39ac34125e0452548d6fbcfb1e7cdb7237a597bd59ee86011ed4882b table="pages" seconds=5.335e-6 stage="query_runtime"
2026-09-09T20:40:37.262183Z DEBUG transparent_shard_server::service: query stage revision=be059aab39ac34125e0452548d6fbcfb1e7cdb7237a597bd59ee86011ed4882b table="pages" seconds=0.000571926 stage="query_dispatch"
2026-09-09T20:40:37.280428Z DEBUG transparent_shard_server::service: query stage revision=be059aab39ac34125e0452548d6fbcfb1e7cdb7237a597bd59ee86011ed4882b table="pages" seconds=0.018212237 stage="query_evaluate"
2026-09-09T20:40:37.280439Z DEBUG transparent_shard_server::service: query stage revision=be059aab39ac34125e0452548d6fbcfb1e7cdb7237a597bd59ee86011ed4882b table="pages" seconds=0.019418538 stage="query_evaluate"
2026-09-09T20:40:37.435282Z DEBUG transparent_shard_server::service: query stage revision=be059aab39ac34125e0452548d6fbcfb1e7cdb7237a597bd59ee86011ed4882b table="directory" seconds=2.806e-6 stage="query_admission"
2026-09-09T20:40:37.435319Z DEBUG transparent_shard_server::service: query stage revision=be059aab39ac34125e0452548d6fbcfb1e7cdb7237a597bd59ee86011ed4882b table="directory" seconds=5.959e-6 stage="query_runtime"
2026-09-09T20:40:37.435426Z DEBUG transparent_shard_server::service: query stage revision=be059aab39ac34125e0452548d6fbcfb1e7cdb7237a597bd59ee86011ed4882b table="directory" seconds=3.2012e-5 stage="query_dispatch"
2026-09-09T20:40:37.435555Z DEBUG transparent_shard_server::service: query stage revision=be059aab39ac34125e0452548d6fbcfb1e7cdb7237a597bd59ee86011ed4882b table="directory" seconds=1.69e-6 stage="query_admission"
2026-09-09T20:40:37.435570Z DEBUG transparent_shard_server::service: query stage revision=be059aab39ac34125e0452548d6fbcfb1e7cdb7237a597bd59ee86011ed4882b table="directory" seconds=3.403e-6 stage="query_runtime"
2026-09-09T20:40:37.435651Z DEBUG transparent_shard_server::service: query stage revision=be059aab39ac34125e0452548d6fbcfb1e7cdb7237a597bd59ee86011ed4882b table="directory" seconds=1.7328e-5 stage="query_dispatch"
2026-09-09T20:40:37.453859Z DEBUG transparent_shard_server::service: query stage revision=be059aab39ac34125e0452548d6fbcfb1e7cdb7237a597bd59ee86011ed4882b table="directory" seconds=0.01839137 stage="query_evaluate"
2026-09-09T20:40:37.453859Z DEBUG transparent_shard_server::service: query stage revision=be059aab39ac34125e0452548d6fbcfb1e7cdb7237a597bd59ee86011ed4882b table="directory" seconds=0.018195076 stage="query_evaluate"
2026-09-09T20:40:37.610532Z DEBUG transparent_shard_server::service: query stage revision=be059aab39ac34125e0452548d6fbcfb1e7cdb7237a597bd59ee86011ed4882b table="pages" seconds=2.462e-6 stage="query_admission"
2026-09-09T20:40:37.610569Z DEBUG transparent_shard_server::service: query stage revision=be059aab39ac34125e0452548d6fbcfb1e7cdb7237a597bd59ee86011ed4882b table="pages" seconds=5.495e-6 stage="query_runtime"
2026-09-09T20:40:37.610665Z DEBUG transparent_shard_server::service: query stage revision=be059aab39ac34125e0452548d6fbcfb1e7cdb7237a597bd59ee86011ed4882b table="pages" seconds=2.1257e-5 stage="query_dispatch"
2026-09-09T20:40:37.613649Z DEBUG transparent_shard_server::service: query stage revision=be059aab39ac34125e0452548d6fbcfb1e7cdb7237a597bd59ee86011ed4882b table="pages" seconds=1.923e-6 stage="query_admission"
2026-09-09T20:40:37.613674Z DEBUG transparent_shard_server::service: query stage revision=be059aab39ac34125e0452548d6fbcfb1e7cdb7237a597bd59ee86011ed4882b table="pages" seconds=3.558e-6 stage="query_runtime"
2026-09-09T20:40:37.613804Z DEBUG transparent_shard_server::service: query stage revision=be059aab39ac34125e0452548d6fbcfb1e7cdb7237a597bd59ee86011ed4882b table="pages" seconds=2.6619e-5 stage="query_dispatch"
2026-09-09T20:40:37.623641Z DEBUG transparent_shard_server::service: query stage revision=be059aab39ac34125e0452548d6fbcfb1e7cdb7237a597bd59ee86011ed4882b table="pages" seconds=0.012924998 stage="query_evaluate"
2026-09-09T20:40:37.630636Z DEBUG transparent_shard_server::service: query stage revision=be059aab39ac34125e0452548d6fbcfb1e7cdb7237a597bd59ee86011ed4882b table="pages" seconds=0.016810936 stage="query_evaluate"
2026-09-09T20:40:37.781899Z DEBUG transparent_shard_server::service: query stage revision=be059aab39ac34125e0452548d6fbcfb1e7cdb7237a597bd59ee86011ed4882b table="directory" seconds=4.872e-6 stage="query_admission"
2026-09-09T20:40:37.781937Z DEBUG transparent_shard_server::service: query stage revision=be059aab39ac34125e0452548d6fbcfb1e7cdb7237a597bd59ee86011ed4882b table="directory" seconds=6.125e-6 stage="query_runtime"
2026-09-09T20:40:37.782037Z DEBUG transparent_shard_server::service: query stage revision=be059aab39ac34125e0452548d6fbcfb1e7cdb7237a597bd59ee86011ed4882b table="directory" seconds=2.1335e-5 stage="query_dispatch"
2026-09-09T20:40:37.791343Z DEBUG transparent_shard_server::service: query stage revision=be059aab39ac34125e0452548d6fbcfb1e7cdb7237a597bd59ee86011ed4882b table="directory" seconds=2.392e-6 stage="query_admission"
2026-09-09T20:40:37.791374Z DEBUG transparent_shard_server::service: query stage revision=be059aab39ac34125e0452548d6fbcfb1e7cdb7237a597bd59ee86011ed4882b table="directory" seconds=4.555e-6 stage="query_runtime"
2026-09-09T20:40:37.793529Z DEBUG transparent_shard_server::service: query stage revision=be059aab39ac34125e0452548d6fbcfb1e7cdb7237a597bd59ee86011ed4882b table="directory" seconds=0.002094112 stage="query_dispatch"
2026-09-09T20:40:37.796847Z DEBUG transparent_shard_server::service: query stage revision=be059aab39ac34125e0452548d6fbcfb1e7cdb7237a597bd59ee86011ed4882b table="directory" seconds=0.01478936 stage="query_evaluate"
2026-09-09T20:40:37.803262Z DEBUG transparent_shard_server::service: query stage revision=be059aab39ac34125e0452548d6fbcfb1e7cdb7237a597bd59ee86011ed4882b table="directory" seconds=0.0097141 stage="query_evaluate"
2026-09-09T20:40:37.960912Z DEBUG transparent_shard_server::service: query stage revision=be059aab39ac34125e0452548d6fbcfb1e7cdb7237a597bd59ee86011ed4882b table="pages" seconds=2.333e-6 stage="query_admission"
2026-09-09T20:40:37.960949Z DEBUG transparent_shard_server::service: query stage revision=be059aab39ac34125e0452548d6fbcfb1e7cdb7237a597bd59ee86011ed4882b table="pages" seconds=5.525e-6 stage="query_runtime"
2026-09-09T20:40:37.961047Z DEBUG transparent_shard_server::service: query stage revision=be059aab39ac34125e0452548d6fbcfb1e7cdb7237a597bd59ee86011ed4882b table="pages" seconds=2.2069e-5 stage="query_dispatch"
2026-09-09T20:40:37.961199Z DEBUG transparent_shard_server::service: query stage revision=be059aab39ac34125e0452548d6fbcfb1e7cdb7237a597bd59ee86011ed4882b table="pages" seconds=9.38e-7 stage="query_admission"
2026-09-09T20:40:37.961214Z DEBUG transparent_shard_server::service: query stage revision=be059aab39ac34125e0452548d6fbcfb1e7cdb7237a597bd59ee86011ed4882b table="pages" seconds=2.649e-6 stage="query_runtime"
2026-09-09T20:40:37.961270Z DEBUG transparent_shard_server::service: query stage revision=be059aab39ac34125e0452548d6fbcfb1e7cdb7237a597bd59ee86011ed4882b table="pages" seconds=1.7616e-5 stage="query_dispatch"
2026-09-09T20:40:37.978260Z DEBUG transparent_shard_server::service: query stage revision=be059aab39ac34125e0452548d6fbcfb1e7cdb7237a597bd59ee86011ed4882b table="pages" seconds=0.016973485 stage="query_evaluate"
2026-09-09T20:40:37.978815Z DEBUG transparent_shard_server::service: query stage revision=be059aab39ac34125e0452548d6fbcfb1e7cdb7237a597bd59ee86011ed4882b table="pages" seconds=0.017747811 stage="query_evaluate"
2026-09-09T20:40:38.136433Z DEBUG transparent_shard_server::service: query stage revision=be059aab39ac34125e0452548d6fbcfb1e7cdb7237a597bd59ee86011ed4882b table="directory" seconds=2.395e-6 stage="query_admission"
2026-09-09T20:40:38.136470Z DEBUG transparent_shard_server::service: query stage revision=be059aab39ac34125e0452548d6fbcfb1e7cdb7237a597bd59ee86011ed4882b table="directory" seconds=5.657e-6 stage="query_runtime"
2026-09-09T20:40:38.139206Z DEBUG transparent_shard_server::service: query stage revision=be059aab39ac34125e0452548d6fbcfb1e7cdb7237a597bd59ee86011ed4882b table="directory" seconds=0.002658901 stage="query_dispatch"
2026-09-09T20:40:38.141249Z DEBUG transparent_shard_server::service: query stage revision=be059aab39ac34125e0452548d6fbcfb1e7cdb7237a597bd59ee86011ed4882b table="directory" seconds=3.137e-6 stage="query_admission"
2026-09-09T20:40:38.141280Z DEBUG transparent_shard_server::service: query stage revision=be059aab39ac34125e0452548d6fbcfb1e7cdb7237a597bd59ee86011ed4882b table="directory" seconds=7.405e-6 stage="query_runtime"
2026-09-09T20:40:38.141371Z DEBUG transparent_shard_server::service: query stage revision=be059aab39ac34125e0452548d6fbcfb1e7cdb7237a597bd59ee86011ed4882b table="directory" seconds=2.0218e-5 stage="query_dispatch"
2026-09-09T20:40:39.110102Z DEBUG transparent_shard_server::service: query stage revision=be059aab39ac34125e0452548d6fbcfb1e7cdb7237a597bd59ee86011ed4882b table="directory" seconds=0.970865442 stage="query_evaluate"
2026-09-09T20:40:39.111830Z DEBUG transparent_shard_server::runtime: construction stage geometry="recent-8k" table="directory" seconds=2.035541582 stage="pack_preprocessing"
2026-09-09T20:40:39.112121Z DEBUG transparent_shard_server::runtime: construction stage geometry="recent-8k" table="directory" seconds=0.000266197 stage="publish_parameters"
2026-09-09T20:40:39.112862Z DEBUG transparent_shard_server::runtime: runtime stage key=("268f5c527d35817d37919707b04a706c850d449156baa071b5438dbf8eb53aec", Directory, 0) seconds=2.905127323 stage="runtime_build"
2026-09-09T20:40:39.112909Z DEBUG transparent_shard_server::runtime: runtime stage key=("268f5c527d35817d37919707b04a706c850d449156baa071b5438dbf8eb53aec", Pages, 0) seconds=3.070384898 stage="build_slot"
2026-09-09T20:40:39.112996Z DEBUG transparent_shard_server::memory: cold build admission wait seconds=7.4379e-5 admitted=true
2026-09-09T20:40:39.113413Z DEBUG transparent_shard_server::service: query stage revision=be059aab39ac34125e0452548d6fbcfb1e7cdb7237a597bd59ee86011ed4882b table="directory" seconds=0.972030767 stage="query_evaluate"
2026-09-09T20:40:39.260417Z DEBUG transparent_shard_server::runtime: runtime stage key=("268f5c527d35817d37919707b04a706c850d449156baa071b5438dbf8eb53aec", Pages, 0) seconds=0.146212341 stage="source_load"
2026-09-09T20:40:39.264633Z DEBUG transparent_shard_server::service: query stage revision=be059aab39ac34125e0452548d6fbcfb1e7cdb7237a597bd59ee86011ed4882b table="pages" seconds=3.512e-6 stage="query_admission"
2026-09-09T20:40:39.264663Z DEBUG transparent_shard_server::service: query stage revision=be059aab39ac34125e0452548d6fbcfb1e7cdb7237a597bd59ee86011ed4882b table="pages" seconds=7.292e-6 stage="query_runtime"
2026-09-09T20:40:39.264751Z DEBUG transparent_shard_server::service: query stage revision=be059aab39ac34125e0452548d6fbcfb1e7cdb7237a597bd59ee86011ed4882b table="pages" seconds=1.1524e-5 stage="query_dispatch"
2026-09-09T20:40:39.268140Z DEBUG transparent_shard_server::service: query stage revision=be059aab39ac34125e0452548d6fbcfb1e7cdb7237a597bd59ee86011ed4882b table="pages" seconds=2.499e-6 stage="query_admission"
2026-09-09T20:40:39.268179Z DEBUG transparent_shard_server::service: query stage revision=be059aab39ac34125e0452548d6fbcfb1e7cdb7237a597bd59ee86011ed4882b table="pages" seconds=6.559e-6 stage="query_runtime"
2026-09-09T20:40:39.268265Z DEBUG transparent_shard_server::service: query stage revision=be059aab39ac34125e0452548d6fbcfb1e7cdb7237a597bd59ee86011ed4882b table="pages" seconds=1.0181e-5 stage="query_dispatch"
2026-09-09T20:40:39.287996Z DEBUG transparent_shard_server::service: query stage revision=be059aab39ac34125e0452548d6fbcfb1e7cdb7237a597bd59ee86011ed4882b table="pages" seconds=0.01972311 stage="query_evaluate"
2026-09-09T20:40:39.288594Z DEBUG transparent_shard_server::service: query stage revision=be059aab39ac34125e0452548d6fbcfb1e7cdb7237a597bd59ee86011ed4882b table="pages" seconds=0.023838866 stage="query_evaluate"
2026-09-09T20:40:39.442537Z DEBUG transparent_shard_server::service: query stage revision=be059aab39ac34125e0452548d6fbcfb1e7cdb7237a597bd59ee86011ed4882b table="directory" seconds=2.69e-6 stage="query_admission"
2026-09-09T20:40:39.442570Z DEBUG transparent_shard_server::service: query stage revision=be059aab39ac34125e0452548d6fbcfb1e7cdb7237a597bd59ee86011ed4882b table="directory" seconds=5.678e-6 stage="query_runtime"
2026-09-09T20:40:39.442661Z DEBUG transparent_shard_server::service: query stage revision=be059aab39ac34125e0452548d6fbcfb1e7cdb7237a597bd59ee86011ed4882b table="directory" seconds=1.3457e-5 stage="query_dispatch"
2026-09-09T20:40:39.442808Z DEBUG transparent_shard_server::service: query stage revision=be059aab39ac34125e0452548d6fbcfb1e7cdb7237a597bd59ee86011ed4882b table="directory" seconds=2.155e-6 stage="query_admission"
2026-09-09T20:40:39.442829Z DEBUG transparent_shard_server::service: query stage revision=be059aab39ac34125e0452548d6fbcfb1e7cdb7237a597bd59ee86011ed4882b table="directory" seconds=5.533e-6 stage="query_runtime"
2026-09-09T20:40:39.443029Z DEBUG transparent_shard_server::service: query stage revision=be059aab39ac34125e0452548d6fbcfb1e7cdb7237a597bd59ee86011ed4882b table="directory" seconds=0.000136013 stage="query_dispatch"
2026-09-09T20:40:39.469429Z DEBUG transparent_shard_server::service: query stage revision=be059aab39ac34125e0452548d6fbcfb1e7cdb7237a597bd59ee86011ed4882b table="directory" seconds=0.026392788 stage="query_evaluate"
2026-09-09T20:40:39.469994Z DEBUG transparent_shard_server::service: query stage revision=be059aab39ac34125e0452548d6fbcfb1e7cdb7237a597bd59ee86011ed4882b table="directory" seconds=0.027328249 stage="query_evaluate"
2026-09-09T20:40:39.574424Z DEBUG transparent_shard_server::runtime: construction stage geometry="recent-8k" table="pages" seconds=0.313973938 stage="encode_database"
2026-09-09T20:40:39.574530Z DEBUG transparent_shard_server::runtime: construction stage geometry="recent-8k" table="pages" seconds=6.976e-5 stage="public_setup"
2026-09-09T20:40:39.630430Z DEBUG transparent_shard_server::service: query stage revision=be059aab39ac34125e0452548d6fbcfb1e7cdb7237a597bd59ee86011ed4882b table="pages" seconds=2.216e-6 stage="query_admission"
2026-09-09T20:40:39.630459Z DEBUG transparent_shard_server::service: query stage revision=be059aab39ac34125e0452548d6fbcfb1e7cdb7237a597bd59ee86011ed4882b table="pages" seconds=4.803e-6 stage="query_runtime"
2026-09-09T20:40:39.630548Z DEBUG transparent_shard_server::service: query stage revision=be059aab39ac34125e0452548d6fbcfb1e7cdb7237a597bd59ee86011ed4882b table="pages" seconds=1.4809e-5 stage="query_dispatch"
2026-09-09T20:40:39.636190Z DEBUG transparent_shard_server::service: query stage revision=be059aab39ac34125e0452548d6fbcfb1e7cdb7237a597bd59ee86011ed4882b table="pages" seconds=3.035e-6 stage="query_admission"
2026-09-09T20:40:39.636214Z DEBUG transparent_shard_server::service: query stage revision=be059aab39ac34125e0452548d6fbcfb1e7cdb7237a597bd59ee86011ed4882b table="pages" seconds=6.361e-6 stage="query_runtime"
2026-09-09T20:40:39.636318Z DEBUG transparent_shard_server::service: query stage revision=be059aab39ac34125e0452548d6fbcfb1e7cdb7237a597bd59ee86011ed4882b table="pages" seconds=2.9641e-5 stage="query_dispatch"
2026-09-09T20:40:39.846193Z DEBUG transparent_shard_server::runtime: runtime stage key=("268f5c527d35817d37919707b04a706c850d449156baa071b5438dbf8eb53aec", Directory, 0) seconds=0.733176021 stage="disk_save"
2026-09-09T20:40:40.181730Z DEBUG transparent_shard_server::service: query stage revision=be059aab39ac34125e0452548d6fbcfb1e7cdb7237a597bd59ee86011ed4882b table="pages" seconds=0.551164879 stage="query_evaluate"
2026-09-09T20:40:40.182350Z DEBUG transparent_shard_server::service: query stage revision=be059aab39ac34125e0452548d6fbcfb1e7cdb7237a597bd59ee86011ed4882b table="pages" seconds=0.546027368 stage="query_evaluate"
2026-09-09T20:40:40.182474Z DEBUG transparent_shard_server::runtime: construction stage geometry="recent-8k" table="pages" seconds=0.607939474 stage="hint_columns"
2026-09-09T20:40:40.334514Z DEBUG transparent_shard_server::service: query stage revision=be059aab39ac34125e0452548d6fbcfb1e7cdb7237a597bd59ee86011ed4882b table="directory" seconds=2.651e-6 stage="query_admission"
2026-09-09T20:40:40.334552Z DEBUG transparent_shard_server::service: query stage revision=be059aab39ac34125e0452548d6fbcfb1e7cdb7237a597bd59ee86011ed4882b table="directory" seconds=4.998e-6 stage="query_runtime"
2026-09-09T20:40:40.334734Z DEBUG transparent_shard_server::service: query stage revision=be059aab39ac34125e0452548d6fbcfb1e7cdb7237a597bd59ee86011ed4882b table="directory" seconds=0.000106103 stage="query_dispatch"
2026-09-09T20:40:40.343436Z DEBUG transparent_shard_server::service: query stage revision=be059aab39ac34125e0452548d6fbcfb1e7cdb7237a597bd59ee86011ed4882b table="directory" seconds=3.196e-6 stage="query_admission"
2026-09-09T20:40:40.343472Z DEBUG transparent_shard_server::service: query stage revision=be059aab39ac34125e0452548d6fbcfb1e7cdb7237a597bd59ee86011ed4882b table="directory" seconds=6.743e-6 stage="query_runtime"
2026-09-09T20:40:40.343634Z DEBUG transparent_shard_server::service: query stage revision=be059aab39ac34125e0452548d6fbcfb1e7cdb7237a597bd59ee86011ed4882b table="directory" seconds=4.2802e-5 stage="query_dispatch"
2026-09-09T20:40:40.346792Z DEBUG transparent_shard_server::service: query stage revision=be059aab39ac34125e0452548d6fbcfb1e7cdb7237a597bd59ee86011ed4882b table="directory" seconds=0.01203725 stage="query_evaluate"
2026-09-09T20:40:40.353495Z DEBUG transparent_shard_server::service: query stage revision=be059aab39ac34125e0452548d6fbcfb1e7cdb7237a597bd59ee86011ed4882b table="directory" seconds=0.009850777 stage="query_evaluate"
2026-09-09T20:40:40.501092Z DEBUG transparent_shard_server::service: query stage revision=be059aab39ac34125e0452548d6fbcfb1e7cdb7237a597bd59ee86011ed4882b table="pages" seconds=2.81e-6 stage="query_admission"
2026-09-09T20:40:40.501127Z DEBUG transparent_shard_server::service: query stage revision=be059aab39ac34125e0452548d6fbcfb1e7cdb7237a597bd59ee86011ed4882b table="pages" seconds=4.868e-6 stage="query_runtime"
2026-09-09T20:40:40.501206Z DEBUG transparent_shard_server::service: query stage revision=be059aab39ac34125e0452548d6fbcfb1e7cdb7237a597bd59ee86011ed4882b table="pages" seconds=2.1332e-5 stage="query_dispatch"
2026-09-09T20:40:40.508459Z DEBUG transparent_shard_server::service: query stage revision=be059aab39ac34125e0452548d6fbcfb1e7cdb7237a597bd59ee86011ed4882b table="pages" seconds=2.617e-6 stage="query_admission"
2026-09-09T20:40:40.508497Z DEBUG transparent_shard_server::service: query stage revision=be059aab39ac34125e0452548d6fbcfb1e7cdb7237a597bd59ee86011ed4882b table="pages" seconds=5.014e-6 stage="query_runtime"
2026-09-09T20:40:40.508604Z DEBUG transparent_shard_server::service: query stage revision=be059aab39ac34125e0452548d6fbcfb1e7cdb7237a597bd59ee86011ed4882b table="pages" seconds=2.2659e-5 stage="query_dispatch"
2026-09-09T20:40:40.513283Z DEBUG transparent_shard_server::service: query stage revision=be059aab39ac34125e0452548d6fbcfb1e7cdb7237a597bd59ee86011ed4882b table="pages" seconds=0.012038622 stage="query_evaluate"
2026-09-09T20:40:40.519363Z DEBUG transparent_shard_server::service: query stage revision=be059aab39ac34125e0452548d6fbcfb1e7cdb7237a597bd59ee86011ed4882b table="pages" seconds=0.0107345 stage="query_evaluate"
2026-09-09T20:40:40.667268Z DEBUG transparent_shard_server::service: query stage revision=be059aab39ac34125e0452548d6fbcfb1e7cdb7237a597bd59ee86011ed4882b table="directory" seconds=2.382e-6 stage="query_admission"
2026-09-09T20:40:40.667309Z DEBUG transparent_shard_server::service: query stage revision=be059aab39ac34125e0452548d6fbcfb1e7cdb7237a597bd59ee86011ed4882b table="directory" seconds=5.832e-6 stage="query_runtime"
2026-09-09T20:40:40.667418Z DEBUG transparent_shard_server::service: query stage revision=be059aab39ac34125e0452548d6fbcfb1e7cdb7237a597bd59ee86011ed4882b table="directory" seconds=1.3987e-5 stage="query_dispatch"
2026-09-09T20:40:40.674427Z DEBUG transparent_shard_server::service: query stage revision=be059aab39ac34125e0452548d6fbcfb1e7cdb7237a597bd59ee86011ed4882b table="directory" seconds=2.322e-6 stage="query_admission"
2026-09-09T20:40:40.674461Z DEBUG transparent_shard_server::service: query stage revision=be059aab39ac34125e0452548d6fbcfb1e7cdb7237a597bd59ee86011ed4882b table="directory" seconds=5.14e-6 stage="query_runtime"
2026-09-09T20:40:40.676179Z DEBUG transparent_shard_server::service: query stage revision=be059aab39ac34125e0452548d6fbcfb1e7cdb7237a597bd59ee86011ed4882b table="directory" seconds=0.001644647 stage="query_dispatch"
2026-09-09T20:40:40.679640Z DEBUG transparent_shard_server::service: query stage revision=be059aab39ac34125e0452548d6fbcfb1e7cdb7237a597bd59ee86011ed4882b table="directory" seconds=0.012215155 stage="query_evaluate"
2026-09-09T20:40:40.686346Z DEBUG transparent_shard_server::service: query stage revision=be059aab39ac34125e0452548d6fbcfb1e7cdb7237a597bd59ee86011ed4882b table="directory" seconds=0.010141041 stage="query_evaluate"
2026-09-09T20:40:40.834107Z DEBUG transparent_shard_server::service: query stage revision=be059aab39ac34125e0452548d6fbcfb1e7cdb7237a597bd59ee86011ed4882b table="pages" seconds=2.574e-6 stage="query_admission"
2026-09-09T20:40:40.834147Z DEBUG transparent_shard_server::service: query stage revision=be059aab39ac34125e0452548d6fbcfb1e7cdb7237a597bd59ee86011ed4882b table="pages" seconds=5.036e-6 stage="query_runtime"
2026-09-09T20:40:40.834290Z DEBUG transparent_shard_server::service: query stage revision=be059aab39ac34125e0452548d6fbcfb1e7cdb7237a597bd59ee86011ed4882b table="pages" seconds=4.802e-5 stage="query_dispatch"
2026-09-09T20:40:40.843375Z DEBUG transparent_shard_server::service: query stage revision=be059aab39ac34125e0452548d6fbcfb1e7cdb7237a597bd59ee86011ed4882b table="pages" seconds=3.181e-6 stage="query_admission"
2026-09-09T20:40:40.843411Z DEBUG transparent_shard_server::service: query stage revision=be059aab39ac34125e0452548d6fbcfb1e7cdb7237a597bd59ee86011ed4882b table="pages" seconds=5.905e-6 stage="query_runtime"
2026-09-09T20:40:40.843701Z DEBUG transparent_shard_server::service: query stage revision=be059aab39ac34125e0452548d6fbcfb1e7cdb7237a597bd59ee86011ed4882b table="pages" seconds=0.000215664 stage="query_dispatch"
2026-09-09T20:40:40.844280Z DEBUG transparent_shard_server::service: query stage revision=be059aab39ac34125e0452548d6fbcfb1e7cdb7237a597bd59ee86011ed4882b table="pages" seconds=0.009963699 stage="query_evaluate"
2026-09-09T20:40:40.853862Z DEBUG transparent_shard_server::service: query stage revision=be059aab39ac34125e0452548d6fbcfb1e7cdb7237a597bd59ee86011ed4882b table="pages" seconds=0.01014175 stage="query_evaluate"
2026-09-09T20:40:41.008412Z DEBUG transparent_shard_server::service: query stage revision=be059aab39ac34125e0452548d6fbcfb1e7cdb7237a597bd59ee86011ed4882b table="directory" seconds=4.105e-6 stage="query_admission"
2026-09-09T20:40:41.008424Z DEBUG transparent_shard_server::service: query stage revision=be059aab39ac34125e0452548d6fbcfb1e7cdb7237a597bd59ee86011ed4882b table="directory" seconds=1.873e-6 stage="query_admission"
2026-09-09T20:40:41.008464Z DEBUG transparent_shard_server::service: query stage revision=be059aab39ac34125e0452548d6fbcfb1e7cdb7237a597bd59ee86011ed4882b table="directory" seconds=8.034e-6 stage="query_runtime"
2026-09-09T20:40:41.008471Z DEBUG transparent_shard_server::service: query stage revision=be059aab39ac34125e0452548d6fbcfb1e7cdb7237a597bd59ee86011ed4882b table="directory" seconds=4.26e-6 stage="query_runtime"
2026-09-09T20:40:41.008572Z DEBUG transparent_shard_server::service: query stage revision=be059aab39ac34125e0452548d6fbcfb1e7cdb7237a597bd59ee86011ed4882b table="directory" seconds=2.5935e-5 stage="query_dispatch"
2026-09-09T20:40:41.012203Z DEBUG transparent_shard_server::service: query stage revision=be059aab39ac34125e0452548d6fbcfb1e7cdb7237a597bd59ee86011ed4882b table="directory" seconds=0.003650649 stage="query_dispatch"
2026-09-09T20:40:41.048442Z DEBUG transparent_shard_server::service: query stage revision=be059aab39ac34125e0452548d6fbcfb1e7cdb7237a597bd59ee86011ed4882b table="directory" seconds=0.039862138 stage="query_evaluate"
2026-09-09T20:40:41.049115Z DEBUG transparent_shard_server::service: query stage revision=be059aab39ac34125e0452548d6fbcfb1e7cdb7237a597bd59ee86011ed4882b table="directory" seconds=0.036875941 stage="query_evaluate"
2026-09-09T20:40:41.207431Z DEBUG transparent_shard_server::service: query stage revision=be059aab39ac34125e0452548d6fbcfb1e7cdb7237a597bd59ee86011ed4882b table="pages" seconds=2.464e-6 stage="query_admission"
2026-09-09T20:40:41.207468Z DEBUG transparent_shard_server::service: query stage revision=be059aab39ac34125e0452548d6fbcfb1e7cdb7237a597bd59ee86011ed4882b table="pages" seconds=4.829e-6 stage="query_runtime"
2026-09-09T20:40:41.207766Z DEBUG transparent_shard_server::service: query stage revision=be059aab39ac34125e0452548d6fbcfb1e7cdb7237a597bd59ee86011ed4882b table="pages" seconds=1.712e-6 stage="query_admission"
2026-09-09T20:40:41.207785Z DEBUG transparent_shard_server::service: query stage revision=be059aab39ac34125e0452548d6fbcfb1e7cdb7237a597bd59ee86011ed4882b table="pages" seconds=3.803e-6 stage="query_runtime"
2026-09-09T20:40:41.207863Z DEBUG transparent_shard_server::service: query stage revision=be059aab39ac34125e0452548d6fbcfb1e7cdb7237a597bd59ee86011ed4882b table="pages" seconds=0.000297341 stage="query_dispatch"
2026-09-09T20:40:41.208263Z DEBUG transparent_shard_server::service: query stage revision=be059aab39ac34125e0452548d6fbcfb1e7cdb7237a597bd59ee86011ed4882b table="pages" seconds=0.000410629 stage="query_dispatch"
2026-09-09T20:40:41.267710Z DEBUG transparent_shard_server::service: query stage revision=be059aab39ac34125e0452548d6fbcfb1e7cdb7237a597bd59ee86011ed4882b table="pages" seconds=0.059838938 stage="query_evaluate"
2026-09-09T20:40:41.273800Z DEBUG transparent_shard_server::service: query stage revision=be059aab39ac34125e0452548d6fbcfb1e7cdb7237a597bd59ee86011ed4882b table="pages" seconds=0.065524102 stage="query_evaluate"
2026-09-09T20:40:41.423759Z DEBUG transparent_shard_server::service: query stage revision=be059aab39ac34125e0452548d6fbcfb1e7cdb7237a597bd59ee86011ed4882b table="directory" seconds=2.169e-6 stage="query_admission"
2026-09-09T20:40:41.423794Z DEBUG transparent_shard_server::service: query stage revision=be059aab39ac34125e0452548d6fbcfb1e7cdb7237a597bd59ee86011ed4882b table="directory" seconds=4.778e-6 stage="query_runtime"
2026-09-09T20:40:41.423888Z DEBUG transparent_shard_server::service: query stage revision=be059aab39ac34125e0452548d6fbcfb1e7cdb7237a597bd59ee86011ed4882b table="directory" seconds=1.9541e-5 stage="query_dispatch"
2026-09-09T20:40:41.427655Z DEBUG transparent_shard_server::service: query stage revision=be059aab39ac34125e0452548d6fbcfb1e7cdb7237a597bd59ee86011ed4882b table="directory" seconds=2.839e-6 stage="query_admission"
2026-09-09T20:40:41.427693Z DEBUG transparent_shard_server::service: query stage revision=be059aab39ac34125e0452548d6fbcfb1e7cdb7237a597bd59ee86011ed4882b table="directory" seconds=6.429e-6 stage="query_runtime"
2026-09-09T20:40:41.427790Z DEBUG transparent_shard_server::service: query stage revision=be059aab39ac34125e0452548d6fbcfb1e7cdb7237a597bd59ee86011ed4882b table="directory" seconds=1.4636e-5 stage="query_dispatch"
2026-09-09T20:40:41.449768Z DEBUG transparent_shard_server::service: query stage revision=be059aab39ac34125e0452548d6fbcfb1e7cdb7237a597bd59ee86011ed4882b table="directory" seconds=0.021970712 stage="query_evaluate"
2026-09-09T20:40:41.450353Z DEBUG transparent_shard_server::service: query stage revision=be059aab39ac34125e0452548d6fbcfb1e7cdb7237a597bd59ee86011ed4882b table="directory" seconds=0.026446076 stage="query_evaluate"
2026-09-09T20:40:41.605429Z DEBUG transparent_shard_server::service: query stage revision=be059aab39ac34125e0452548d6fbcfb1e7cdb7237a597bd59ee86011ed4882b table="pages" seconds=2.903e-6 stage="query_admission"
2026-09-09T20:40:41.605467Z DEBUG transparent_shard_server::service: query stage revision=be059aab39ac34125e0452548d6fbcfb1e7cdb7237a597bd59ee86011ed4882b table="pages" seconds=5.02e-6 stage="query_runtime"
2026-09-09T20:40:41.605604Z DEBUG transparent_shard_server::service: query stage revision=be059aab39ac34125e0452548d6fbcfb1e7cdb7237a597bd59ee86011ed4882b table="pages" seconds=1.649e-6 stage="query_admission"
2026-09-09T20:40:41.605623Z DEBUG transparent_shard_server::service: query stage revision=be059aab39ac34125e0452548d6fbcfb1e7cdb7237a597bd59ee86011ed4882b table="pages" seconds=4.225e-6 stage="query_runtime"
2026-09-09T20:40:41.605694Z DEBUG transparent_shard_server::service: query stage revision=be059aab39ac34125e0452548d6fbcfb1e7cdb7237a597bd59ee86011ed4882b table="pages" seconds=0.000146959 stage="query_dispatch"
2026-09-09T20:40:41.609210Z DEBUG transparent_shard_server::service: query stage revision=be059aab39ac34125e0452548d6fbcfb1e7cdb7237a597bd59ee86011ed4882b table="pages" seconds=0.003520482 stage="query_dispatch"
2026-09-09T20:40:41.621961Z DEBUG transparent_shard_server::service: query stage revision=be059aab39ac34125e0452548d6fbcfb1e7cdb7237a597bd59ee86011ed4882b table="pages" seconds=0.016258943 stage="query_evaluate"
2026-09-09T20:40:41.631276Z DEBUG transparent_shard_server::service: query stage revision=be059aab39ac34125e0452548d6fbcfb1e7cdb7237a597bd59ee86011ed4882b table="pages" seconds=0.022035886 stage="query_evaluate"
2026-09-09T20:40:41.780005Z DEBUG transparent_shard_server::service: query stage revision=be059aab39ac34125e0452548d6fbcfb1e7cdb7237a597bd59ee86011ed4882b table="directory" seconds=2.694e-6 stage="query_admission"
2026-09-09T20:40:41.780044Z DEBUG transparent_shard_server::service: query stage revision=be059aab39ac34125e0452548d6fbcfb1e7cdb7237a597bd59ee86011ed4882b table="directory" seconds=7.251e-6 stage="query_runtime"
2026-09-09T20:40:41.780226Z DEBUG transparent_shard_server::service: query stage revision=be059aab39ac34125e0452548d6fbcfb1e7cdb7237a597bd59ee86011ed4882b table="directory" seconds=0.000103264 stage="query_dispatch"
2026-09-09T20:40:41.790536Z DEBUG transparent_shard_server::service: query stage revision=be059aab39ac34125e0452548d6fbcfb1e7cdb7237a597bd59ee86011ed4882b table="directory" seconds=3.14e-6 stage="query_admission"
2026-09-09T20:40:41.790585Z DEBUG transparent_shard_server::service: query stage revision=be059aab39ac34125e0452548d6fbcfb1e7cdb7237a597bd59ee86011ed4882b table="directory" seconds=8.707e-6 stage="query_runtime"
2026-09-09T20:40:41.790722Z DEBUG transparent_shard_server::service: query stage revision=be059aab39ac34125e0452548d6fbcfb1e7cdb7237a597bd59ee86011ed4882b table="directory" seconds=3.5788e-5 stage="query_dispatch"
2026-09-09T20:40:41.801083Z DEBUG transparent_shard_server::service: query stage revision=be059aab39ac34125e0452548d6fbcfb1e7cdb7237a597bd59ee86011ed4882b table="directory" seconds=0.020834585 stage="query_evaluate"
2026-09-09T20:40:41.815640Z DEBUG transparent_shard_server::service: query stage revision=be059aab39ac34125e0452548d6fbcfb1e7cdb7237a597bd59ee86011ed4882b table="directory" seconds=0.024905108 stage="query_evaluate"
2026-09-09T20:40:41.955239Z DEBUG transparent_shard_server::service: query stage revision=be059aab39ac34125e0452548d6fbcfb1e7cdb7237a597bd59ee86011ed4882b table="pages" seconds=2.511e-6 stage="query_admission"
2026-09-09T20:40:41.955278Z DEBUG transparent_shard_server::service: query stage revision=be059aab39ac34125e0452548d6fbcfb1e7cdb7237a597bd59ee86011ed4882b table="pages" seconds=6.426e-6 stage="query_runtime"
2026-09-09T20:40:41.955352Z DEBUG transparent_shard_server::service: query stage revision=be059aab39ac34125e0452548d6fbcfb1e7cdb7237a597bd59ee86011ed4882b table="pages" seconds=1.248e-5 stage="query_dispatch"
2026-09-09T20:40:41.968151Z DEBUG transparent_shard_server::service: query stage revision=be059aab39ac34125e0452548d6fbcfb1e7cdb7237a597bd59ee86011ed4882b table="pages" seconds=0.012792102 stage="query_evaluate"
2026-09-09T20:40:41.969673Z DEBUG transparent_shard_server::service: query stage revision=be059aab39ac34125e0452548d6fbcfb1e7cdb7237a597bd59ee86011ed4882b table="pages" seconds=1.947e-6 stage="query_admission"
2026-09-09T20:40:41.969692Z DEBUG transparent_shard_server::service: query stage revision=be059aab39ac34125e0452548d6fbcfb1e7cdb7237a597bd59ee86011ed4882b table="pages" seconds=3.525e-6 stage="query_runtime"
2026-09-09T20:40:41.969775Z DEBUG transparent_shard_server::service: query stage revision=be059aab39ac34125e0452548d6fbcfb1e7cdb7237a597bd59ee86011ed4882b table="pages" seconds=1.1497e-5 stage="query_dispatch"
2026-09-09T20:40:41.982632Z DEBUG transparent_shard_server::service: query stage revision=be059aab39ac34125e0452548d6fbcfb1e7cdb7237a597bd59ee86011ed4882b table="pages" seconds=0.012850568 stage="query_evaluate"
2026-09-09T20:40:42.124796Z DEBUG transparent_shard_server::service: query stage revision=be059aab39ac34125e0452548d6fbcfb1e7cdb7237a597bd59ee86011ed4882b table="directory" seconds=2.622e-6 stage="query_admission"
2026-09-09T20:40:42.124832Z DEBUG transparent_shard_server::service: query stage revision=be059aab39ac34125e0452548d6fbcfb1e7cdb7237a597bd59ee86011ed4882b table="directory" seconds=5.789e-6 stage="query_runtime"
2026-09-09T20:40:42.124922Z DEBUG transparent_shard_server::service: query stage revision=be059aab39ac34125e0452548d6fbcfb1e7cdb7237a597bd59ee86011ed4882b table="directory" seconds=1.3327e-5 stage="query_dispatch"
2026-09-09T20:40:42.138020Z DEBUG transparent_shard_server::service: query stage revision=be059aab39ac34125e0452548d6fbcfb1e7cdb7237a597bd59ee86011ed4882b table="directory" seconds=0.013091543 stage="query_evaluate"
2026-09-09T20:40:42.138735Z DEBUG transparent_shard_server::service: query stage revision=be059aab39ac34125e0452548d6fbcfb1e7cdb7237a597bd59ee86011ed4882b table="directory" seconds=1.523e-6 stage="query_admission"
2026-09-09T20:40:42.138753Z DEBUG transparent_shard_server::service: query stage revision=be059aab39ac34125e0452548d6fbcfb1e7cdb7237a597bd59ee86011ed4882b table="directory" seconds=4.305e-6 stage="query_runtime"
2026-09-09T20:40:42.138834Z DEBUG transparent_shard_server::service: query stage revision=be059aab39ac34125e0452548d6fbcfb1e7cdb7237a597bd59ee86011ed4882b table="directory" seconds=1.0527e-5 stage="query_dispatch"
2026-09-09T20:40:42.151988Z DEBUG transparent_shard_server::service: query stage revision=be059aab39ac34125e0452548d6fbcfb1e7cdb7237a597bd59ee86011ed4882b table="directory" seconds=0.013147889 stage="query_evaluate"
2026-09-09T20:40:42.190717Z DEBUG transparent_shard_server::runtime: construction stage geometry="recent-8k" table="pages" seconds=2.008223939 stage="pack_preprocessing"
2026-09-09T20:40:42.191004Z DEBUG transparent_shard_server::runtime: construction stage geometry="recent-8k" table="pages" seconds=0.000251519 stage="publish_parameters"
2026-09-09T20:40:42.191801Z DEBUG transparent_shard_server::runtime: runtime stage key=("268f5c527d35817d37919707b04a706c850d449156baa071b5438dbf8eb53aec", Pages, 0) seconds=2.931352369 stage="runtime_build"
2026-09-09T20:40:42.191901Z  INFO transparent_shard_server::service: prewarm finished warm=28 target=28 failed=0 seconds=6.149650172
2026-09-09T20:40:42.195239Z DEBUG transparent_shard_server::live: publication preparation stages map=12cbb58695cd66166197842d179b61598c15effb06ad32efcd899a13e36e7b10 loading_seconds=0.601366734 warming_seconds=6.153037595
2026-09-09T20:40:42.295001Z DEBUG transparent_shard_server::service: query stage revision=be059aab39ac34125e0452548d6fbcfb1e7cdb7237a597bd59ee86011ed4882b table="pages" seconds=2.92e-6 stage="query_admission"
2026-09-09T20:40:42.295037Z DEBUG transparent_shard_server::service: query stage revision=be059aab39ac34125e0452548d6fbcfb1e7cdb7237a597bd59ee86011ed4882b table="pages" seconds=5.043e-6 stage="query_runtime"
2026-09-09T20:40:42.295125Z DEBUG transparent_shard_server::service: query stage revision=be059aab39ac34125e0452548d6fbcfb1e7cdb7237a597bd59ee86011ed4882b table="pages" seconds=1.3973e-5 stage="query_dispatch"
2026-09-09T20:40:42.309279Z DEBUG transparent_shard_server::service: query stage revision=be059aab39ac34125e0452548d6fbcfb1e7cdb7237a597bd59ee86011ed4882b table="pages" seconds=3.058e-6 stage="query_admission"
2026-09-09T20:40:42.309314Z DEBUG transparent_shard_server::service: query stage revision=be059aab39ac34125e0452548d6fbcfb1e7cdb7237a597bd59ee86011ed4882b table="pages" seconds=6.635e-6 stage="query_runtime"
2026-09-09T20:40:42.309919Z DEBUG transparent_shard_server::service: query stage revision=be059aab39ac34125e0452548d6fbcfb1e7cdb7237a597bd59ee86011ed4882b table="pages" seconds=0.014788977 stage="query_evaluate"
2026-09-09T20:40:42.309933Z DEBUG transparent_shard_server::service: query stage revision=be059aab39ac34125e0452548d6fbcfb1e7cdb7237a597bd59ee86011ed4882b table="pages" seconds=0.000542777 stage="query_dispatch"
2026-09-09T20:40:42.319835Z DEBUG transparent_shard_server::service: query stage revision=be059aab39ac34125e0452548d6fbcfb1e7cdb7237a597bd59ee86011ed4882b table="pages" seconds=0.009896567 stage="query_evaluate"
2026-09-09T20:40:42.484236Z DEBUG transparent_shard_server::service: query stage revision=268f5c527d35817d37919707b04a706c850d449156baa071b5438dbf8eb53aec table="directory" seconds=2.907e-6 stage="query_admission"
2026-09-09T20:40:42.484264Z DEBUG transparent_shard_server::service: query stage revision=268f5c527d35817d37919707b04a706c850d449156baa071b5438dbf8eb53aec table="directory" seconds=4.982e-6 stage="query_runtime"
2026-09-09T20:40:42.484367Z DEBUG transparent_shard_server::service: query stage revision=268f5c527d35817d37919707b04a706c850d449156baa071b5438dbf8eb53aec table="directory" seconds=3.2537e-5 stage="query_dispatch"
2026-09-09T20:40:42.484531Z DEBUG transparent_shard_server::service: query stage revision=268f5c527d35817d37919707b04a706c850d449156baa071b5438dbf8eb53aec table="directory" seconds=7.88e-7 stage="query_admission"
2026-09-09T20:40:42.484542Z DEBUG transparent_shard_server::service: query stage revision=268f5c527d35817d37919707b04a706c850d449156baa071b5438dbf8eb53aec table="directory" seconds=3.05e-6 stage="query_runtime"
2026-09-09T20:40:42.484618Z DEBUG transparent_shard_server::service: query stage revision=268f5c527d35817d37919707b04a706c850d449156baa071b5438dbf8eb53aec table="directory" seconds=3.5727e-5 stage="query_dispatch"
2026-09-09T20:40:42.507316Z DEBUG transparent_shard_server::service: query stage revision=268f5c527d35817d37919707b04a706c850d449156baa071b5438dbf8eb53aec table="directory" seconds=0.022928795 stage="query_evaluate"
2026-09-09T20:40:42.507971Z DEBUG transparent_shard_server::service: query stage revision=268f5c527d35817d37919707b04a706c850d449156baa071b5438dbf8eb53aec table="directory" seconds=0.023340664 stage="query_evaluate"
2026-09-09T20:40:42.689861Z DEBUG transparent_shard_server::service: query stage revision=268f5c527d35817d37919707b04a706c850d449156baa071b5438dbf8eb53aec table="pages" seconds=2.969e-6 stage="query_admission"
2026-09-09T20:40:42.689893Z DEBUG transparent_shard_server::service: query stage revision=268f5c527d35817d37919707b04a706c850d449156baa071b5438dbf8eb53aec table="pages" seconds=4.937e-6 stage="query_runtime"
2026-09-09T20:40:42.689987Z DEBUG transparent_shard_server::service: query stage revision=268f5c527d35817d37919707b04a706c850d449156baa071b5438dbf8eb53aec table="pages" seconds=1.9761e-5 stage="query_dispatch"
2026-09-09T20:40:42.693315Z DEBUG transparent_shard_server::service: query stage revision=268f5c527d35817d37919707b04a706c850d449156baa071b5438dbf8eb53aec table="pages" seconds=2.689e-6 stage="query_admission"
2026-09-09T20:40:42.693348Z DEBUG transparent_shard_server::service: query stage revision=268f5c527d35817d37919707b04a706c850d449156baa071b5438dbf8eb53aec table="pages" seconds=6.439e-6 stage="query_runtime"
2026-09-09T20:40:42.693453Z DEBUG transparent_shard_server::service: query stage revision=268f5c527d35817d37919707b04a706c850d449156baa071b5438dbf8eb53aec table="pages" seconds=2.6234e-5 stage="query_dispatch"
2026-09-09T20:40:42.702057Z DEBUG transparent_shard_server::service: query stage revision=268f5c527d35817d37919707b04a706c850d449156baa071b5438dbf8eb53aec table="pages" seconds=0.012054505 stage="query_evaluate"
2026-09-09T20:40:42.708002Z DEBUG transparent_shard_server::service: query stage revision=268f5c527d35817d37919707b04a706c850d449156baa071b5438dbf8eb53aec table="pages" seconds=0.014524432 stage="query_evaluate"
2026-09-09T20:40:42.857868Z DEBUG transparent_shard_server::service: query stage revision=268f5c527d35817d37919707b04a706c850d449156baa071b5438dbf8eb53aec table="directory" seconds=2.943e-6 stage="query_admission"
2026-09-09T20:40:42.857922Z DEBUG transparent_shard_server::service: query stage revision=268f5c527d35817d37919707b04a706c850d449156baa071b5438dbf8eb53aec table="directory" seconds=6.479e-6 stage="query_runtime"
2026-09-09T20:40:42.858127Z DEBUG transparent_shard_server::service: query stage revision=268f5c527d35817d37919707b04a706c850d449156baa071b5438dbf8eb53aec table="directory" seconds=0.000124365 stage="query_dispatch"
2026-09-09T20:40:42.867717Z DEBUG transparent_shard_server::service: query stage revision=268f5c527d35817d37919707b04a706c850d449156baa071b5438dbf8eb53aec table="directory" seconds=0.009562426 stage="query_evaluate"
2026-09-09T20:40:42.868030Z DEBUG transparent_shard_server::runtime: runtime stage key=("268f5c527d35817d37919707b04a706c850d449156baa071b5438dbf8eb53aec", Pages, 0) seconds=0.676153567 stage="disk_save"
test burst::publication_burst_under_exact_load ... ok

test result: ok. 1 passed; 0 failed; 0 ignored; 0 measured; 16 filtered out; finished in 103.64s

Finished with result: success
Main processes terminated with: code=exited/status=0
Service runtime: 1min 43.690s
CPU time consumed: 3min 46.057s
Memory peak: 520.0K
Memory swap peak: 0B
